pattern	subject	regime	expected	start	end	nmatches	method	oracle
year4	f-year-4	match	match	0	4	-	libpcre2-differential	10.46 2025-08-27
year4	f-year-3	match	nomatch	-	-	-	libpcre2-differential	10.46 2025-08-27
year4	f-year-5	match	nomatch	-	-	-	libpcre2-differential	10.46 2025-08-27
year4	f-hex-32	match	nomatch	-	-	-	libpcre2-differential	10.46 2025-08-27
year4	f-hex-31	match	nomatch	-	-	-	libpcre2-differential	10.46 2025-08-27
year4	f-hex-32g	match	nomatch	-	-	-	libpcre2-differential	10.46 2025-08-27
year4	f-pw-8	match	nomatch	-	-	-	libpcre2-differential	10.46 2025-08-27
year4	f-pw-7	match	nomatch	-	-	-	libpcre2-differential	10.46 2025-08-27
year4	f-pw-64	match	nomatch	-	-	-	libpcre2-differential	10.46 2025-08-27
year4	f-pw-65	match	nomatch	-	-	-	libpcre2-differential	10.46 2025-08-27
year4	f-quad-4	match	nomatch	-	-	-	libpcre2-differential	10.46 2025-08-27
year4	f-quad-3	match	nomatch	-	-	-	libpcre2-differential	10.46 2025-08-27
year4	f-quad-4x	match	nomatch	-	-	-	libpcre2-differential	10.46 2025-08-27
year4	f-mac-6	match	nomatch	-	-	-	libpcre2-differential	10.46 2025-08-27
year4	f-mac-5	match	nomatch	-	-	-	libpcre2-differential	10.46 2025-08-27
year4	f-csv-5	match	nomatch	-	-	-	libpcre2-differential	10.46 2025-08-27
year4	f-csv-4	match	nomatch	-	-	-	libpcre2-differential	10.46 2025-08-27
year4	l-00	match	nomatch	-	-	-	libpcre2-differential	10.46 2025-08-27
year4	l-01	match	nomatch	-	-	-	libpcre2-differential	10.46 2025-08-27
year4	l-02	match	nomatch	-	-	-	libpcre2-differential	10.46 2025-08-27
year4	l-03	match	nomatch	-	-	-	libpcre2-differential	10.46 2025-08-27
year4	l-04	match	nomatch	-	-	-	libpcre2-differential	10.46 2025-08-27
year4	l-05	match	nomatch	-	-	-	libpcre2-differential	10.46 2025-08-27
year4	l-06	match	nomatch	-	-	-	libpcre2-differential	10.46 2025-08-27
year4	l-07	match	nomatch	-	-	-	libpcre2-differential	10.46 2025-08-27
year4	l-08	match	nomatch	-	-	-	libpcre2-differential	10.46 2025-08-27
year4	l-09	match	nomatch	-	-	-	libpcre2-differential	10.46 2025-08-27
year4	l-10	match	nomatch	-	-	-	libpcre2-differential	10.46 2025-08-27
year4	l-11	match	nomatch	-	-	-	libpcre2-differential	10.46 2025-08-27
year4	r-00016	match	nomatch	-	-	-	libpcre2-differential	10.46 2025-08-27
year4	r-00017	match	nomatch	-	-	-	libpcre2-differential	10.46 2025-08-27
year4	r-00036	match	nomatch	-	-	-	libpcre2-differential	10.46 2025-08-27
year4	r-00037	match	nomatch	-	-	-	libpcre2-differential	10.46 2025-08-27
year4	r-00255	match	nomatch	-	-	-	libpcre2-differential	10.46 2025-08-27
year4	r-00256	match	nomatch	-	-	-	libpcre2-differential	10.46 2025-08-27
year4	r-00257	match	nomatch	-	-	-	libpcre2-differential	10.46 2025-08-27
year4	r-04096	match	nomatch	-	-	-	libpcre2-differential	10.46 2025-08-27
year4	r-16384	match	nomatch	-	-	-	libpcre2-differential	10.46 2025-08-27
year4	d-00016	match	nomatch	-	-	-	libpcre2-differential	10.46 2025-08-27
year4	d-00017	match	nomatch	-	-	-	libpcre2-differential	10.46 2025-08-27
year4	d-00027	match	nomatch	-	-	-	libpcre2-differential	10.46 2025-08-27
year4	d-00028	match	nomatch	-	-	-	libpcre2-differential	10.46 2025-08-27
year4	d-00256	match	nomatch	-	-	-	libpcre2-differential	10.46 2025-08-27
year4	f-year-4	search_short	match	0	4	-	libpcre2-differential	10.46 2025-08-27
year4	f-year-3	search_short	nomatch	-	-	-	libpcre2-differential	10.46 2025-08-27
year4	f-year-5	search_short	match	0	4	-	libpcre2-differential	10.46 2025-08-27
year4	f-hex-32	search_short	match	1	5	-	libpcre2-differential	10.46 2025-08-27
year4	f-hex-31	search_short	match	1	5	-	libpcre2-differential	10.46 2025-08-27
year4	f-hex-32g	search_short	match	1	5	-	libpcre2-differential	10.46 2025-08-27
year4	f-pw-8	search_short	nomatch	-	-	-	libpcre2-differential	10.46 2025-08-27
year4	f-pw-7	search_short	nomatch	-	-	-	libpcre2-differential	10.46 2025-08-27
year4	f-pw-64	search_short	nomatch	-	-	-	libpcre2-differential	10.46 2025-08-27
year4	f-pw-65	search_short	nomatch	-	-	-	libpcre2-differential	10.46 2025-08-27
year4	f-quad-4	search_short	nomatch	-	-	-	libpcre2-differential	10.46 2025-08-27
year4	f-quad-3	search_short	nomatch	-	-	-	libpcre2-differential	10.46 2025-08-27
year4	f-quad-4x	search_short	match	9	13	-	libpcre2-differential	10.46 2025-08-27
year4	f-mac-6	search_short	nomatch	-	-	-	libpcre2-differential	10.46 2025-08-27
year4	f-mac-5	search_short	nomatch	-	-	-	libpcre2-differential	10.46 2025-08-27
year4	f-csv-5	search_short	nomatch	-	-	-	libpcre2-differential	10.46 2025-08-27
year4	f-csv-4	search_short	nomatch	-	-	-	libpcre2-differential	10.46 2025-08-27
year4	l-00	search_short	nomatch	-	-	-	libpcre2-differential	10.46 2025-08-27
year4	l-01	search_short	match	30	34	-	libpcre2-differential	10.46 2025-08-27
year4	l-02	search_short	match	50	54	-	libpcre2-differential	10.46 2025-08-27
year4	l-03	search_short	match	36	40	-	libpcre2-differential	10.46 2025-08-27
year4	l-04	search_short	match	65	69	-	libpcre2-differential	10.46 2025-08-27
year4	l-05	search_short	match	80	84	-	libpcre2-differential	10.46 2025-08-27
year4	l-06	search_short	match	53	57	-	libpcre2-differential	10.46 2025-08-27
year4	l-07	search_short	nomatch	-	-	-	libpcre2-differential	10.46 2025-08-27
year4	l-08	search_short	nomatch	-	-	-	libpcre2-differential	10.46 2025-08-27
year4	l-09	search_short	match	296	300	-	libpcre2-differential	10.46 2025-08-27
year4	l-10	search_short	match	83	87	-	libpcre2-differential	10.46 2025-08-27
year4	l-11	search_short	match	47	51	-	libpcre2-differential	10.46 2025-08-27
year4	r-00016	search_short	nomatch	-	-	-	libpcre2-differential	10.46 2025-08-27
year4	r-00017	search_short	nomatch	-	-	-	libpcre2-differential	10.46 2025-08-27
year4	r-00036	search_short	nomatch	-	-	-	libpcre2-differential	10.46 2025-08-27
year4	r-00037	search_short	nomatch	-	-	-	libpcre2-differential	10.46 2025-08-27
year4	r-00255	search_short	nomatch	-	-	-	libpcre2-differential	10.46 2025-08-27
year4	r-00256	search_short	nomatch	-	-	-	libpcre2-differential	10.46 2025-08-27
year4	r-00257	search_short	nomatch	-	-	-	libpcre2-differential	10.46 2025-08-27
year4	d-00016	search_short	match	0	4	-	libpcre2-differential	10.46 2025-08-27
year4	d-00017	search_short	match	0	4	-	libpcre2-differential	10.46 2025-08-27
year4	d-00027	search_short	match	0	4	-	libpcre2-differential	10.46 2025-08-27
year4	d-00028	search_short	match	0	4	-	libpcre2-differential	10.46 2025-08-27
year4	d-00256	search_short	match	0	4	-	libpcre2-differential	10.46 2025-08-27
hex32	f-year-4	match	nomatch	-	-	-	libpcre2-differential	10.46 2025-08-27
hex32	f-year-3	match	nomatch	-	-	-	libpcre2-differential	10.46 2025-08-27
hex32	f-year-5	match	nomatch	-	-	-	libpcre2-differential	10.46 2025-08-27
hex32	f-hex-32	match	match	0	32	-	libpcre2-differential	10.46 2025-08-27
hex32	f-hex-31	match	nomatch	-	-	-	libpcre2-differential	10.46 2025-08-27
hex32	f-hex-32g	match	nomatch	-	-	-	libpcre2-differential	10.46 2025-08-27
hex32	f-pw-8	match	nomatch	-	-	-	libpcre2-differential	10.46 2025-08-27
hex32	f-pw-7	match	nomatch	-	-	-	libpcre2-differential	10.46 2025-08-27
hex32	f-pw-64	match	nomatch	-	-	-	libpcre2-differential	10.46 2025-08-27
hex32	f-pw-65	match	nomatch	-	-	-	libpcre2-differential	10.46 2025-08-27
hex32	f-quad-4	match	nomatch	-	-	-	libpcre2-differential	10.46 2025-08-27
hex32	f-quad-3	match	nomatch	-	-	-	libpcre2-differential	10.46 2025-08-27
hex32	f-quad-4x	match	nomatch	-	-	-	libpcre2-differential	10.46 2025-08-27
hex32	f-mac-6	match	nomatch	-	-	-	libpcre2-differential	10.46 2025-08-27
hex32	f-mac-5	match	nomatch	-	-	-	libpcre2-differential	10.46 2025-08-27
hex32	f-csv-5	match	nomatch	-	-	-	libpcre2-differential	10.46 2025-08-27
hex32	f-csv-4	match	nomatch	-	-	-	libpcre2-differential	10.46 2025-08-27
hex32	l-00	match	nomatch	-	-	-	libpcre2-differential	10.46 2025-08-27
hex32	l-01	match	nomatch	-	-	-	libpcre2-differential	10.46 2025-08-27
hex32	l-02	match	nomatch	-	-	-	libpcre2-differential	10.46 2025-08-27
hex32	l-03	match	nomatch	-	-	-	libpcre2-differential	10.46 2025-08-27
hex32	l-04	match	nomatch	-	-	-	libpcre2-differential	10.46 2025-08-27
hex32	l-05	match	nomatch	-	-	-	libpcre2-differential	10.46 2025-08-27
hex32	l-06	match	nomatch	-	-	-	libpcre2-differential	10.46 2025-08-27
hex32	l-07	match	nomatch	-	-	-	libpcre2-differential	10.46 2025-08-27
hex32	l-08	match	nomatch	-	-	-	libpcre2-differential	10.46 2025-08-27
hex32	l-09	match	nomatch	-	-	-	libpcre2-differential	10.46 2025-08-27
hex32	l-10	match	nomatch	-	-	-	libpcre2-differential	10.46 2025-08-27
hex32	l-11	match	nomatch	-	-	-	libpcre2-differential	10.46 2025-08-27
hex32	r-00016	match	nomatch	-	-	-	libpcre2-differential	10.46 2025-08-27
hex32	r-00017	match	nomatch	-	-	-	libpcre2-differential	10.46 2025-08-27
hex32	r-00036	match	nomatch	-	-	-	libpcre2-differential	10.46 2025-08-27
hex32	r-00037	match	nomatch	-	-	-	libpcre2-differential	10.46 2025-08-27
hex32	r-00255	match	nomatch	-	-	-	libpcre2-differential	10.46 2025-08-27
hex32	r-00256	match	nomatch	-	-	-	libpcre2-differential	10.46 2025-08-27
hex32	r-00257	match	nomatch	-	-	-	libpcre2-differential	10.46 2025-08-27
hex32	r-04096	match	nomatch	-	-	-	libpcre2-differential	10.46 2025-08-27
hex32	r-16384	match	nomatch	-	-	-	libpcre2-differential	10.46 2025-08-27
hex32	d-00016	match	nomatch	-	-	-	libpcre2-differential	10.46 2025-08-27
hex32	d-00017	match	nomatch	-	-	-	libpcre2-differential	10.46 2025-08-27
hex32	d-00027	match	nomatch	-	-	-	libpcre2-differential	10.46 2025-08-27
hex32	d-00028	match	nomatch	-	-	-	libpcre2-differential	10.46 2025-08-27
hex32	d-00256	match	nomatch	-	-	-	libpcre2-differential	10.46 2025-08-27
hex32	f-year-4	search_short	nomatch	-	-	-	libpcre2-differential	10.46 2025-08-27
hex32	f-year-3	search_short	nomatch	-	-	-	libpcre2-differential	10.46 2025-08-27
hex32	f-year-5	search_short	nomatch	-	-	-	libpcre2-differential	10.46 2025-08-27
hex32	f-hex-32	search_short	match	0	32	-	libpcre2-differential	10.46 2025-08-27
hex32	f-hex-31	search_short	nomatch	-	-	-	libpcre2-differential	10.46 2025-08-27
hex32	f-hex-32g	search_short	nomatch	-	-	-	libpcre2-differential	10.46 2025-08-27
hex32	f-pw-8	search_short	nomatch	-	-	-	libpcre2-differential	10.46 2025-08-27
hex32	f-pw-7	search_short	nomatch	-	-	-	libpcre2-differential	10.46 2025-08-27
hex32	f-pw-64	search_short	nomatch	-	-	-	libpcre2-differential	10.46 2025-08-27
hex32	f-pw-65	search_short	nomatch	-	-	-	libpcre2-differential	10.46 2025-08-27
hex32	f-quad-4	search_short	nomatch	-	-	-	libpcre2-differential	10.46 2025-08-27
hex32	f-quad-3	search_short	nomatch	-	-	-	libpcre2-differential	10.46 2025-08-27
hex32	f-quad-4x	search_short	nomatch	-	-	-	libpcre2-differential	10.46 2025-08-27
hex32	f-mac-6	search_short	nomatch	-	-	-	libpcre2-differential	10.46 2025-08-27
hex32	f-mac-5	search_short	nomatch	-	-	-	libpcre2-differential	10.46 2025-08-27
hex32	f-csv-5	search_short	nomatch	-	-	-	libpcre2-differential	10.46 2025-08-27
hex32	f-csv-4	search_short	nomatch	-	-	-	libpcre2-differential	10.46 2025-08-27
hex32	l-00	search_short	nomatch	-	-	-	libpcre2-differential	10.46 2025-08-27
hex32	l-01	search_short	nomatch	-	-	-	libpcre2-differential	10.46 2025-08-27
hex32	l-02	search_short	nomatch	-	-	-	libpcre2-differential	10.46 2025-08-27
hex32	l-03	search_short	match	36	68	-	libpcre2-differential	10.46 2025-08-27
hex32	l-04	search_short	nomatch	-	-	-	libpcre2-differential	10.46 2025-08-27
hex32	l-05	search_short	nomatch	-	-	-	libpcre2-differential	10.46 2025-08-27
hex32	l-06	search_short	nomatch	-	-	-	libpcre2-differential	10.46 2025-08-27
hex32	l-07	search_short	nomatch	-	-	-	libpcre2-differential	10.46 2025-08-27
hex32	l-08	search_short	nomatch	-	-	-	libpcre2-differential	10.46 2025-08-27
hex32	l-09	search_short	nomatch	-	-	-	libpcre2-differential	10.46 2025-08-27
hex32	l-10	search_short	nomatch	-	-	-	libpcre2-differential	10.46 2025-08-27
hex32	l-11	search_short	match	47	79	-	libpcre2-differential	10.46 2025-08-27
hex32	r-00016	search_short	nomatch	-	-	-	libpcre2-differential	10.46 2025-08-27
hex32	r-00017	search_short	nomatch	-	-	-	libpcre2-differential	10.46 2025-08-27
hex32	r-00036	search_short	nomatch	-	-	-	libpcre2-differential	10.46 2025-08-27
hex32	r-00037	search_short	nomatch	-	-	-	libpcre2-differential	10.46 2025-08-27
hex32	r-00255	search_short	nomatch	-	-	-	libpcre2-differential	10.46 2025-08-27
hex32	r-00256	search_short	nomatch	-	-	-	libpcre2-differential	10.46 2025-08-27
hex32	r-00257	search_short	nomatch	-	-	-	libpcre2-differential	10.46 2025-08-27
hex32	d-00016	search_short	nomatch	-	-	-	libpcre2-differential	10.46 2025-08-27
hex32	d-00017	search_short	nomatch	-	-	-	libpcre2-differential	10.46 2025-08-27
hex32	d-00027	search_short	nomatch	-	-	-	libpcre2-differential	10.46 2025-08-27
hex32	d-00028	search_short	nomatch	-	-	-	libpcre2-differential	10.46 2025-08-27
hex32	d-00256	search_short	match	0	32	-	libpcre2-differential	10.46 2025-08-27
pw-8-64	f-year-4	match	nomatch	-	-	-	libpcre2-differential	10.46 2025-08-27
pw-8-64	f-year-3	match	nomatch	-	-	-	libpcre2-differential	10.46 2025-08-27
pw-8-64	f-year-5	match	nomatch	-	-	-	libpcre2-differential	10.46 2025-08-27
pw-8-64	f-hex-32	match	match	0	32	-	libpcre2-differential	10.46 2025-08-27
pw-8-64	f-hex-31	match	match	0	31	-	libpcre2-differential	10.46 2025-08-27
pw-8-64	f-hex-32g	match	match	0	32	-	libpcre2-differential	10.46 2025-08-27
pw-8-64	f-pw-8	match	match	0	8	-	libpcre2-differential	10.46 2025-08-27
pw-8-64	f-pw-7	match	nomatch	-	-	-	libpcre2-differential	10.46 2025-08-27
pw-8-64	f-pw-64	match	match	0	64	-	libpcre2-differential	10.46 2025-08-27
pw-8-64	f-pw-65	match	nomatch	-	-	-	libpcre2-differential	10.46 2025-08-27
pw-8-64	f-quad-4	match	match	0	12	-	libpcre2-differential	10.46 2025-08-27
pw-8-64	f-quad-3	match	match	0	8	-	libpcre2-differential	10.46 2025-08-27
pw-8-64	f-quad-4x	match	match	0	13	-	libpcre2-differential	10.46 2025-08-27
pw-8-64	f-mac-6	match	match	0	17	-	libpcre2-differential	10.46 2025-08-27
pw-8-64	f-mac-5	match	match	0	14	-	libpcre2-differential	10.46 2025-08-27
pw-8-64	f-csv-5	match	match	0	19	-	libpcre2-differential	10.46 2025-08-27
pw-8-64	f-csv-4	match	match	0	15	-	libpcre2-differential	10.46 2025-08-27
pw-8-64	l-00	match	match	0	43	-	libpcre2-differential	10.46 2025-08-27
pw-8-64	l-01	match	nomatch	-	-	-	libpcre2-differential	10.46 2025-08-27
pw-8-64	l-02	match	nomatch	-	-	-	libpcre2-differential	10.46 2025-08-27
pw-8-64	l-03	match	nomatch	-	-	-	libpcre2-differential	10.46 2025-08-27
pw-8-64	l-04	match	nomatch	-	-	-	libpcre2-differential	10.46 2025-08-27
pw-8-64	l-05	match	nomatch	-	-	-	libpcre2-differential	10.46 2025-08-27
pw-8-64	l-06	match	nomatch	-	-	-	libpcre2-differential	10.46 2025-08-27
pw-8-64	l-07	match	nomatch	-	-	-	libpcre2-differential	10.46 2025-08-27
pw-8-64	l-08	match	nomatch	-	-	-	libpcre2-differential	10.46 2025-08-27
pw-8-64	l-09	match	nomatch	-	-	-	libpcre2-differential	10.46 2025-08-27
pw-8-64	l-10	match	nomatch	-	-	-	libpcre2-differential	10.46 2025-08-27
pw-8-64	l-11	match	nomatch	-	-	-	libpcre2-differential	10.46 2025-08-27
pw-8-64	r-00016	match	match	0	16	-	libpcre2-differential	10.46 2025-08-27
pw-8-64	r-00017	match	match	0	17	-	libpcre2-differential	10.46 2025-08-27
pw-8-64	r-00036	match	match	0	36	-	libpcre2-differential	10.46 2025-08-27
pw-8-64	r-00037	match	match	0	37	-	libpcre2-differential	10.46 2025-08-27
pw-8-64	r-00255	match	nomatch	-	-	-	libpcre2-differential	10.46 2025-08-27
pw-8-64	r-00256	match	nomatch	-	-	-	libpcre2-differential	10.46 2025-08-27
pw-8-64	r-00257	match	nomatch	-	-	-	libpcre2-differential	10.46 2025-08-27
pw-8-64	r-04096	match	nomatch	-	-	-	libpcre2-differential	10.46 2025-08-27
pw-8-64	r-16384	match	nomatch	-	-	-	libpcre2-differential	10.46 2025-08-27
pw-8-64	d-00016	match	match	0	16	-	libpcre2-differential	10.46 2025-08-27
pw-8-64	d-00017	match	match	0	17	-	libpcre2-differential	10.46 2025-08-27
pw-8-64	d-00027	match	match	0	27	-	libpcre2-differential	10.46 2025-08-27
pw-8-64	d-00028	match	match	0	28	-	libpcre2-differential	10.46 2025-08-27
pw-8-64	d-00256	match	nomatch	-	-	-	libpcre2-differential	10.46 2025-08-27
pw-8-64	f-year-4	search_short	nomatch	-	-	-	libpcre2-differential	10.46 2025-08-27
pw-8-64	f-year-3	search_short	nomatch	-	-	-	libpcre2-differential	10.46 2025-08-27
pw-8-64	f-year-5	search_short	nomatch	-	-	-	libpcre2-differential	10.46 2025-08-27
pw-8-64	f-hex-32	search_short	match	0	32	-	libpcre2-differential	10.46 2025-08-27
pw-8-64	f-hex-31	search_short	match	0	31	-	libpcre2-differential	10.46 2025-08-27
pw-8-64	f-hex-32g	search_short	match	0	32	-	libpcre2-differential	10.46 2025-08-27
pw-8-64	f-pw-8	search_short	match	0	8	-	libpcre2-differential	10.46 2025-08-27
pw-8-64	f-pw-7	search_short	nomatch	-	-	-	libpcre2-differential	10.46 2025-08-27
pw-8-64	f-pw-64	search_short	match	0	64	-	libpcre2-differential	10.46 2025-08-27
pw-8-64	f-pw-65	search_short	match	0	64	-	libpcre2-differential	10.46 2025-08-27
pw-8-64	f-quad-4	search_short	match	0	12	-	libpcre2-differential	10.46 2025-08-27
pw-8-64	f-quad-3	search_short	match	0	8	-	libpcre2-differential	10.46 2025-08-27
pw-8-64	f-quad-4x	search_short	match	0	13	-	libpcre2-differential	10.46 2025-08-27
pw-8-64	f-mac-6	search_short	match	0	17	-	libpcre2-differential	10.46 2025-08-27
pw-8-64	f-mac-5	search_short	match	0	14	-	libpcre2-differential	10.46 2025-08-27
pw-8-64	f-csv-5	search_short	match	0	19	-	libpcre2-differential	10.46 2025-08-27
pw-8-64	f-csv-4	search_short	match	0	15	-	libpcre2-differential	10.46 2025-08-27
pw-8-64	l-00	search_short	match	0	43	-	libpcre2-differential	10.46 2025-08-27
pw-8-64	l-01	search_short	match	0	64	-	libpcre2-differential	10.46 2025-08-27
pw-8-64	l-02	search_short	match	0	64	-	libpcre2-differential	10.46 2025-08-27
pw-8-64	l-03	search_short	match	0	64	-	libpcre2-differential	10.46 2025-08-27
pw-8-64	l-04	search_short	match	0	64	-	libpcre2-differential	10.46 2025-08-27
pw-8-64	l-05	search_short	match	0	64	-	libpcre2-differential	10.46 2025-08-27
pw-8-64	l-06	search_short	match	0	64	-	libpcre2-differential	10.46 2025-08-27
pw-8-64	l-07	search_short	match	0	64	-	libpcre2-differential	10.46 2025-08-27
pw-8-64	l-08	search_short	match	0	64	-	libpcre2-differential	10.46 2025-08-27
pw-8-64	l-09	search_short	match	0	64	-	libpcre2-differential	10.46 2025-08-27
pw-8-64	l-10	search_short	match	0	64	-	libpcre2-differential	10.46 2025-08-27
pw-8-64	l-11	search_short	match	0	64	-	libpcre2-differential	10.46 2025-08-27
pw-8-64	r-00016	search_short	match	0	16	-	libpcre2-differential	10.46 2025-08-27
pw-8-64	r-00017	search_short	match	0	17	-	libpcre2-differential	10.46 2025-08-27
pw-8-64	r-00036	search_short	match	0	36	-	libpcre2-differential	10.46 2025-08-27
pw-8-64	r-00037	search_short	match	0	37	-	libpcre2-differential	10.46 2025-08-27
pw-8-64	r-00255	search_short	match	0	64	-	libpcre2-differential	10.46 2025-08-27
pw-8-64	r-00256	search_short	match	0	64	-	libpcre2-differential	10.46 2025-08-27
pw-8-64	r-00257	search_short	match	0	64	-	libpcre2-differential	10.46 2025-08-27
pw-8-64	d-00016	search_short	match	0	16	-	libpcre2-differential	10.46 2025-08-27
pw-8-64	d-00017	search_short	match	0	17	-	libpcre2-differential	10.46 2025-08-27
pw-8-64	d-00027	search_short	match	0	27	-	libpcre2-differential	10.46 2025-08-27
pw-8-64	d-00028	search_short	match	0	28	-	libpcre2-differential	10.46 2025-08-27
pw-8-64	d-00256	search_short	match	0	64	-	libpcre2-differential	10.46 2025-08-27
line-80	f-year-4	match	nomatch	-	-	-	libpcre2-differential	10.46 2025-08-27
line-80	f-year-3	match	nomatch	-	-	-	libpcre2-differential	10.46 2025-08-27
line-80	f-year-5	match	nomatch	-	-	-	libpcre2-differential	10.46 2025-08-27
line-80	f-hex-32	match	nomatch	-	-	-	libpcre2-differential	10.46 2025-08-27
line-80	f-hex-31	match	nomatch	-	-	-	libpcre2-differential	10.46 2025-08-27
line-80	f-hex-32g	match	nomatch	-	-	-	libpcre2-differential	10.46 2025-08-27
line-80	f-pw-8	match	nomatch	-	-	-	libpcre2-differential	10.46 2025-08-27
line-80	f-pw-7	match	nomatch	-	-	-	libpcre2-differential	10.46 2025-08-27
line-80	f-pw-64	match	nomatch	-	-	-	libpcre2-differential	10.46 2025-08-27
line-80	f-pw-65	match	nomatch	-	-	-	libpcre2-differential	10.46 2025-08-27
line-80	f-quad-4	match	nomatch	-	-	-	libpcre2-differential	10.46 2025-08-27
line-80	f-quad-3	match	nomatch	-	-	-	libpcre2-differential	10.46 2025-08-27
line-80	f-quad-4x	match	nomatch	-	-	-	libpcre2-differential	10.46 2025-08-27
line-80	f-mac-6	match	nomatch	-	-	-	libpcre2-differential	10.46 2025-08-27
line-80	f-mac-5	match	nomatch	-	-	-	libpcre2-differential	10.46 2025-08-27
line-80	f-csv-5	match	nomatch	-	-	-	libpcre2-differential	10.46 2025-08-27
line-80	f-csv-4	match	nomatch	-	-	-	libpcre2-differential	10.46 2025-08-27
line-80	l-00	match	nomatch	-	-	-	libpcre2-differential	10.46 2025-08-27
line-80	l-01	match	match	0	147	-	libpcre2-differential	10.46 2025-08-27
line-80	l-02	match	match	0	595	-	libpcre2-differential	10.46 2025-08-27
line-80	l-03	match	match	0	971	-	libpcre2-differential	10.46 2025-08-27
line-80	l-04	match	match	0	505	-	libpcre2-differential	10.46 2025-08-27
line-80	l-05	match	match	0	998	-	libpcre2-differential	10.46 2025-08-27
line-80	l-06	match	match	0	304	-	libpcre2-differential	10.46 2025-08-27
line-80	l-07	match	match	0	151	-	libpcre2-differential	10.46 2025-08-27
line-80	l-08	match	match	0	134	-	libpcre2-differential	10.46 2025-08-27
line-80	l-09	match	match	0	402	-	libpcre2-differential	10.46 2025-08-27
line-80	l-10	match	match	0	255	-	libpcre2-differential	10.46 2025-08-27
line-80	l-11	match	match	0	883	-	libpcre2-differential	10.46 2025-08-27
line-80	r-00016	match	nomatch	-	-	-	libpcre2-differential	10.46 2025-08-27
line-80	r-00017	match	nomatch	-	-	-	libpcre2-differential	10.46 2025-08-27
line-80	r-00036	match	nomatch	-	-	-	libpcre2-differential	10.46 2025-08-27
line-80	r-00037	match	nomatch	-	-	-	libpcre2-differential	10.46 2025-08-27
line-80	r-00255	match	match	0	255	-	libpcre2-differential	10.46 2025-08-27
line-80	r-00256	match	match	0	256	-	libpcre2-differential	10.46 2025-08-27
line-80	r-00257	match	match	0	257	-	libpcre2-differential	10.46 2025-08-27
line-80	r-04096	match	match	0	4096	-	libpcre2-differential	10.46 2025-08-27
line-80	r-16384	match	match	0	16384	-	libpcre2-differential	10.46 2025-08-27
line-80	d-00016	match	nomatch	-	-	-	libpcre2-differential	10.46 2025-08-27
line-80	d-00017	match	nomatch	-	-	-	libpcre2-differential	10.46 2025-08-27
line-80	d-00027	match	nomatch	-	-	-	libpcre2-differential	10.46 2025-08-27
line-80	d-00028	match	nomatch	-	-	-	libpcre2-differential	10.46 2025-08-27
line-80	d-00256	match	match	0	256	-	libpcre2-differential	10.46 2025-08-27
line-80	f-year-4	search_short	nomatch	-	-	-	libpcre2-differential	10.46 2025-08-27
line-80	f-year-3	search_short	nomatch	-	-	-	libpcre2-differential	10.46 2025-08-27
line-80	f-year-5	search_short	nomatch	-	-	-	libpcre2-differential	10.46 2025-08-27
line-80	f-hex-32	search_short	nomatch	-	-	-	libpcre2-differential	10.46 2025-08-27
line-80	f-hex-31	search_short	nomatch	-	-	-	libpcre2-differential	10.46 2025-08-27
line-80	f-hex-32g	search_short	nomatch	-	-	-	libpcre2-differential	10.46 2025-08-27
line-80	f-pw-8	search_short	nomatch	-	-	-	libpcre2-differential	10.46 2025-08-27
line-80	f-pw-7	search_short	nomatch	-	-	-	libpcre2-differential	10.46 2025-08-27
line-80	f-pw-64	search_short	nomatch	-	-	-	libpcre2-differential	10.46 2025-08-27
line-80	f-pw-65	search_short	nomatch	-	-	-	libpcre2-differential	10.46 2025-08-27
line-80	f-quad-4	search_short	nomatch	-	-	-	libpcre2-differential	10.46 2025-08-27
line-80	f-quad-3	search_short	nomatch	-	-	-	libpcre2-differential	10.46 2025-08-27
line-80	f-quad-4x	search_short	nomatch	-	-	-	libpcre2-differential	10.46 2025-08-27
line-80	f-mac-6	search_short	nomatch	-	-	-	libpcre2-differential	10.46 2025-08-27
line-80	f-mac-5	search_short	nomatch	-	-	-	libpcre2-differential	10.46 2025-08-27
line-80	f-csv-5	search_short	nomatch	-	-	-	libpcre2-differential	10.46 2025-08-27
line-80	f-csv-4	search_short	nomatch	-	-	-	libpcre2-differential	10.46 2025-08-27
line-80	l-00	search_short	nomatch	-	-	-	libpcre2-differential	10.46 2025-08-27
line-80	l-01	search_short	match	0	147	-	libpcre2-differential	10.46 2025-08-27
line-80	l-02	search_short	match	0	595	-	libpcre2-differential	10.46 2025-08-27
line-80	l-03	search_short	match	0	971	-	libpcre2-differential	10.46 2025-08-27
line-80	l-04	search_short	match	0	505	-	libpcre2-differential	10.46 2025-08-27
line-80	l-05	search_short	match	0	998	-	libpcre2-differential	10.46 2025-08-27
line-80	l-06	search_short	match	0	304	-	libpcre2-differential	10.46 2025-08-27
line-80	l-07	search_short	match	0	151	-	libpcre2-differential	10.46 2025-08-27
line-80	l-08	search_short	match	0	134	-	libpcre2-differential	10.46 2025-08-27
line-80	l-09	search_short	match	0	402	-	libpcre2-differential	10.46 2025-08-27
line-80	l-10	search_short	match	0	255	-	libpcre2-differential	10.46 2025-08-27
line-80	l-11	search_short	match	0	883	-	libpcre2-differential	10.46 2025-08-27
line-80	r-00016	search_short	nomatch	-	-	-	libpcre2-differential	10.46 2025-08-27
line-80	r-00017	search_short	nomatch	-	-	-	libpcre2-differential	10.46 2025-08-27
line-80	r-00036	search_short	nomatch	-	-	-	libpcre2-differential	10.46 2025-08-27
line-80	r-00037	search_short	nomatch	-	-	-	libpcre2-differential	10.46 2025-08-27
line-80	r-00255	search_short	match	0	255	-	libpcre2-differential	10.46 2025-08-27
line-80	r-00256	search_short	match	0	256	-	libpcre2-differential	10.46 2025-08-27
line-80	r-00257	search_short	match	0	257	-	libpcre2-differential	10.46 2025-08-27
line-80	d-00016	search_short	nomatch	-	-	-	libpcre2-differential	10.46 2025-08-27
line-80	d-00017	search_short	nomatch	-	-	-	libpcre2-differential	10.46 2025-08-27
line-80	d-00027	search_short	nomatch	-	-	-	libpcre2-differential	10.46 2025-08-27
line-80	d-00028	search_short	nomatch	-	-	-	libpcre2-differential	10.46 2025-08-27
line-80	d-00256	search_short	match	0	256	-	libpcre2-differential	10.46 2025-08-27
dotted4	f-year-4	match	nomatch	-	-	-	libpcre2-differential	10.46 2025-08-27
dotted4	f-year-3	match	nomatch	-	-	-	libpcre2-differential	10.46 2025-08-27
dotted4	f-year-5	match	nomatch	-	-	-	libpcre2-differential	10.46 2025-08-27
dotted4	f-hex-32	match	nomatch	-	-	-	libpcre2-differential	10.46 2025-08-27
dotted4	f-hex-31	match	nomatch	-	-	-	libpcre2-differential	10.46 2025-08-27
dotted4	f-hex-32g	match	nomatch	-	-	-	libpcre2-differential	10.46 2025-08-27
dotted4	f-pw-8	match	nomatch	-	-	-	libpcre2-differential	10.46 2025-08-27
dotted4	f-pw-7	match	nomatch	-	-	-	libpcre2-differential	10.46 2025-08-27
dotted4	f-pw-64	match	nomatch	-	-	-	libpcre2-differential	10.46 2025-08-27
dotted4	f-pw-65	match	nomatch	-	-	-	libpcre2-differential	10.46 2025-08-27
dotted4	f-quad-4	match	match	0	12	-	libpcre2-differential	10.46 2025-08-27
dotted4	f-quad-3	match	nomatch	-	-	-	libpcre2-differential	10.46 2025-08-27
dotted4	f-quad-4x	match	nomatch	-	-	-	libpcre2-differential	10.46 2025-08-27
dotted4	f-mac-6	match	nomatch	-	-	-	libpcre2-differential	10.46 2025-08-27
dotted4	f-mac-5	match	nomatch	-	-	-	libpcre2-differential	10.46 2025-08-27
dotted4	f-csv-5	match	nomatch	-	-	-	libpcre2-differential	10.46 2025-08-27
dotted4	f-csv-4	match	nomatch	-	-	-	libpcre2-differential	10.46 2025-08-27
dotted4	l-00	match	nomatch	-	-	-	libpcre2-differential	10.46 2025-08-27
dotted4	l-01	match	nomatch	-	-	-	libpcre2-differential	10.46 2025-08-27
dotted4	l-02	match	nomatch	-	-	-	libpcre2-differential	10.46 2025-08-27
dotted4	l-03	match	nomatch	-	-	-	libpcre2-differential	10.46 2025-08-27
dotted4	l-04	match	nomatch	-	-	-	libpcre2-differential	10.46 2025-08-27
dotted4	l-05	match	nomatch	-	-	-	libpcre2-differential	10.46 2025-08-27
dotted4	l-06	match	nomatch	-	-	-	libpcre2-differential	10.46 2025-08-27
dotted4	l-07	match	nomatch	-	-	-	libpcre2-differential	10.46 2025-08-27
dotted4	l-08	match	nomatch	-	-	-	libpcre2-differential	10.46 2025-08-27
dotted4	l-09	match	nomatch	-	-	-	libpcre2-differential	10.46 2025-08-27
dotted4	l-10	match	nomatch	-	-	-	libpcre2-differential	10.46 2025-08-27
dotted4	l-11	match	nomatch	-	-	-	libpcre2-differential	10.46 2025-08-27
dotted4	r-00016	match	nomatch	-	-	-	libpcre2-differential	10.46 2025-08-27
dotted4	r-00017	match	nomatch	-	-	-	libpcre2-differential	10.46 2025-08-27
dotted4	r-00036	match	nomatch	-	-	-	libpcre2-differential	10.46 2025-08-27
dotted4	r-00037	match	nomatch	-	-	-	libpcre2-differential	10.46 2025-08-27
dotted4	r-00255	match	nomatch	-	-	-	libpcre2-differential	10.46 2025-08-27
dotted4	r-00256	match	nomatch	-	-	-	libpcre2-differential	10.46 2025-08-27
dotted4	r-00257	match	nomatch	-	-	-	libpcre2-differential	10.46 2025-08-27
dotted4	r-04096	match	nomatch	-	-	-	libpcre2-differential	10.46 2025-08-27
dotted4	r-16384	match	nomatch	-	-	-	libpcre2-differential	10.46 2025-08-27
dotted4	d-00016	match	nomatch	-	-	-	libpcre2-differential	10.46 2025-08-27
dotted4	d-00017	match	nomatch	-	-	-	libpcre2-differential	10.46 2025-08-27
dotted4	d-00027	match	nomatch	-	-	-	libpcre2-differential	10.46 2025-08-27
dotted4	d-00028	match	nomatch	-	-	-	libpcre2-differential	10.46 2025-08-27
dotted4	d-00256	match	nomatch	-	-	-	libpcre2-differential	10.46 2025-08-27
dotted4	f-year-4	search_short	nomatch	-	-	-	libpcre2-differential	10.46 2025-08-27
dotted4	f-year-3	search_short	nomatch	-	-	-	libpcre2-differential	10.46 2025-08-27
dotted4	f-year-5	search_short	nomatch	-	-	-	libpcre2-differential	10.46 2025-08-27
dotted4	f-hex-32	search_short	nomatch	-	-	-	libpcre2-differential	10.46 2025-08-27
dotted4	f-hex-31	search_short	nomatch	-	-	-	libpcre2-differential	10.46 2025-08-27
dotted4	f-hex-32g	search_short	nomatch	-	-	-	libpcre2-differential	10.46 2025-08-27
dotted4	f-pw-8	search_short	nomatch	-	-	-	libpcre2-differential	10.46 2025-08-27
dotted4	f-pw-7	search_short	nomatch	-	-	-	libpcre2-differential	10.46 2025-08-27
dotted4	f-pw-64	search_short	nomatch	-	-	-	libpcre2-differential	10.46 2025-08-27
dotted4	f-pw-65	search_short	nomatch	-	-	-	libpcre2-differential	10.46 2025-08-27
dotted4	f-quad-4	search_short	match	0	12	-	libpcre2-differential	10.46 2025-08-27
dotted4	f-quad-3	search_short	nomatch	-	-	-	libpcre2-differential	10.46 2025-08-27
dotted4	f-quad-4x	search_short	match	0	12	-	libpcre2-differential	10.46 2025-08-27
dotted4	f-mac-6	search_short	nomatch	-	-	-	libpcre2-differential	10.46 2025-08-27
dotted4	f-mac-5	search_short	nomatch	-	-	-	libpcre2-differential	10.46 2025-08-27
dotted4	f-csv-5	search_short	nomatch	-	-	-	libpcre2-differential	10.46 2025-08-27
dotted4	f-csv-4	search_short	nomatch	-	-	-	libpcre2-differential	10.46 2025-08-27
dotted4	l-00	search_short	nomatch	-	-	-	libpcre2-differential	10.46 2025-08-27
dotted4	l-01	search_short	nomatch	-	-	-	libpcre2-differential	10.46 2025-08-27
dotted4	l-02	search_short	nomatch	-	-	-	libpcre2-differential	10.46 2025-08-27
dotted4	l-03	search_short	nomatch	-	-	-	libpcre2-differential	10.46 2025-08-27
dotted4	l-04	search_short	nomatch	-	-	-	libpcre2-differential	10.46 2025-08-27
dotted4	l-05	search_short	nomatch	-	-	-	libpcre2-differential	10.46 2025-08-27
dotted4	l-06	search_short	nomatch	-	-	-	libpcre2-differential	10.46 2025-08-27
dotted4	l-07	search_short	match	89	101	-	libpcre2-differential	10.46 2025-08-27
dotted4	l-08	search_short	match	34	47	-	libpcre2-differential	10.46 2025-08-27
dotted4	l-09	search_short	nomatch	-	-	-	libpcre2-differential	10.46 2025-08-27
dotted4	l-10	search_short	nomatch	-	-	-	libpcre2-differential	10.46 2025-08-27
dotted4	l-11	search_short	match	34	46	-	libpcre2-differential	10.46 2025-08-27
dotted4	r-00016	search_short	nomatch	-	-	-	libpcre2-differential	10.46 2025-08-27
dotted4	r-00017	search_short	nomatch	-	-	-	libpcre2-differential	10.46 2025-08-27
dotted4	r-00036	search_short	nomatch	-	-	-	libpcre2-differential	10.46 2025-08-27
dotted4	r-00037	search_short	nomatch	-	-	-	libpcre2-differential	10.46 2025-08-27
dotted4	r-00255	search_short	nomatch	-	-	-	libpcre2-differential	10.46 2025-08-27
dotted4	r-00256	search_short	nomatch	-	-	-	libpcre2-differential	10.46 2025-08-27
dotted4	r-00257	search_short	nomatch	-	-	-	libpcre2-differential	10.46 2025-08-27
dotted4	d-00016	search_short	nomatch	-	-	-	libpcre2-differential	10.46 2025-08-27
dotted4	d-00017	search_short	nomatch	-	-	-	libpcre2-differential	10.46 2025-08-27
dotted4	d-00027	search_short	nomatch	-	-	-	libpcre2-differential	10.46 2025-08-27
dotted4	d-00028	search_short	nomatch	-	-	-	libpcre2-differential	10.46 2025-08-27
dotted4	d-00256	search_short	nomatch	-	-	-	libpcre2-differential	10.46 2025-08-27
mac6	f-year-4	match	nomatch	-	-	-	libpcre2-differential	10.46 2025-08-27
mac6	f-year-3	match	nomatch	-	-	-	libpcre2-differential	10.46 2025-08-27
mac6	f-year-5	match	nomatch	-	-	-	libpcre2-differential	10.46 2025-08-27
mac6	f-hex-32	match	nomatch	-	-	-	libpcre2-differential	10.46 2025-08-27
mac6	f-hex-31	match	nomatch	-	-	-	libpcre2-differential	10.46 2025-08-27
mac6	f-hex-32g	match	nomatch	-	-	-	libpcre2-differential	10.46 2025-08-27
mac6	f-pw-8	match	nomatch	-	-	-	libpcre2-differential	10.46 2025-08-27
mac6	f-pw-7	match	nomatch	-	-	-	libpcre2-differential	10.46 2025-08-27
mac6	f-pw-64	match	nomatch	-	-	-	libpcre2-differential	10.46 2025-08-27
mac6	f-pw-65	match	nomatch	-	-	-	libpcre2-differential	10.46 2025-08-27
mac6	f-quad-4	match	nomatch	-	-	-	libpcre2-differential	10.46 2025-08-27
mac6	f-quad-3	match	nomatch	-	-	-	libpcre2-differential	10.46 2025-08-27
mac6	f-quad-4x	match	nomatch	-	-	-	libpcre2-differential	10.46 2025-08-27
mac6	f-mac-6	match	match	0	17	-	libpcre2-differential	10.46 2025-08-27
mac6	f-mac-5	match	nomatch	-	-	-	libpcre2-differential	10.46 2025-08-27
mac6	f-csv-5	match	nomatch	-	-	-	libpcre2-differential	10.46 2025-08-27
mac6	f-csv-4	match	nomatch	-	-	-	libpcre2-differential	10.46 2025-08-27
mac6	l-00	match	nomatch	-	-	-	libpcre2-differential	10.46 2025-08-27
mac6	l-01	match	nomatch	-	-	-	libpcre2-differential	10.46 2025-08-27
mac6	l-02	match	nomatch	-	-	-	libpcre2-differential	10.46 2025-08-27
mac6	l-03	match	nomatch	-	-	-	libpcre2-differential	10.46 2025-08-27
mac6	l-04	match	nomatch	-	-	-	libpcre2-differential	10.46 2025-08-27
mac6	l-05	match	nomatch	-	-	-	libpcre2-differential	10.46 2025-08-27
mac6	l-06	match	nomatch	-	-	-	libpcre2-differential	10.46 2025-08-27
mac6	l-07	match	nomatch	-	-	-	libpcre2-differential	10.46 2025-08-27
mac6	l-08	match	nomatch	-	-	-	libpcre2-differential	10.46 2025-08-27
mac6	l-09	match	nomatch	-	-	-	libpcre2-differential	10.46 2025-08-27
mac6	l-10	match	nomatch	-	-	-	libpcre2-differential	10.46 2025-08-27
mac6	l-11	match	nomatch	-	-	-	libpcre2-differential	10.46 2025-08-27
mac6	r-00016	match	nomatch	-	-	-	libpcre2-differential	10.46 2025-08-27
mac6	r-00017	match	nomatch	-	-	-	libpcre2-differential	10.46 2025-08-27
mac6	r-00036	match	nomatch	-	-	-	libpcre2-differential	10.46 2025-08-27
mac6	r-00037	match	nomatch	-	-	-	libpcre2-differential	10.46 2025-08-27
mac6	r-00255	match	nomatch	-	-	-	libpcre2-differential	10.46 2025-08-27
mac6	r-00256	match	nomatch	-	-	-	libpcre2-differential	10.46 2025-08-27
mac6	r-00257	match	nomatch	-	-	-	libpcre2-differential	10.46 2025-08-27
mac6	r-04096	match	nomatch	-	-	-	libpcre2-differential	10.46 2025-08-27
mac6	r-16384	match	nomatch	-	-	-	libpcre2-differential	10.46 2025-08-27
mac6	d-00016	match	nomatch	-	-	-	libpcre2-differential	10.46 2025-08-27
mac6	d-00017	match	nomatch	-	-	-	libpcre2-differential	10.46 2025-08-27
mac6	d-00027	match	nomatch	-	-	-	libpcre2-differential	10.46 2025-08-27
mac6	d-00028	match	nomatch	-	-	-	libpcre2-differential	10.46 2025-08-27
mac6	d-00256	match	nomatch	-	-	-	libpcre2-differential	10.46 2025-08-27
mac6	f-year-4	search_short	nomatch	-	-	-	libpcre2-differential	10.46 2025-08-27
mac6	f-year-3	search_short	nomatch	-	-	-	libpcre2-differential	10.46 2025-08-27
mac6	f-year-5	search_short	nomatch	-	-	-	libpcre2-differential	10.46 2025-08-27
mac6	f-hex-32	search_short	nomatch	-	-	-	libpcre2-differential	10.46 2025-08-27
mac6	f-hex-31	search_short	nomatch	-	-	-	libpcre2-differential	10.46 2025-08-27
mac6	f-hex-32g	search_short	nomatch	-	-	-	libpcre2-differential	10.46 2025-08-27
mac6	f-pw-8	search_short	nomatch	-	-	-	libpcre2-differential	10.46 2025-08-27
mac6	f-pw-7	search_short	nomatch	-	-	-	libpcre2-differential	10.46 2025-08-27
mac6	f-pw-64	search_short	nomatch	-	-	-	libpcre2-differential	10.46 2025-08-27
mac6	f-pw-65	search_short	nomatch	-	-	-	libpcre2-differential	10.46 2025-08-27
mac6	f-quad-4	search_short	nomatch	-	-	-	libpcre2-differential	10.46 2025-08-27
mac6	f-quad-3	search_short	nomatch	-	-	-	libpcre2-differential	10.46 2025-08-27
mac6	f-quad-4x	search_short	nomatch	-	-	-	libpcre2-differential	10.46 2025-08-27
mac6	f-mac-6	search_short	match	0	17	-	libpcre2-differential	10.46 2025-08-27
mac6	f-mac-5	search_short	nomatch	-	-	-	libpcre2-differential	10.46 2025-08-27
mac6	f-csv-5	search_short	nomatch	-	-	-	libpcre2-differential	10.46 2025-08-27
mac6	f-csv-4	search_short	nomatch	-	-	-	libpcre2-differential	10.46 2025-08-27
mac6	l-00	search_short	nomatch	-	-	-	libpcre2-differential	10.46 2025-08-27
mac6	l-01	search_short	nomatch	-	-	-	libpcre2-differential	10.46 2025-08-27
mac6	l-02	search_short	nomatch	-	-	-	libpcre2-differential	10.46 2025-08-27
mac6	l-03	search_short	match	78	95	-	libpcre2-differential	10.46 2025-08-27
mac6	l-04	search_short	nomatch	-	-	-	libpcre2-differential	10.46 2025-08-27
mac6	l-05	search_short	nomatch	-	-	-	libpcre2-differential	10.46 2025-08-27
mac6	l-06	search_short	match	70	87	-	libpcre2-differential	10.46 2025-08-27
mac6	l-07	search_short	nomatch	-	-	-	libpcre2-differential	10.46 2025-08-27
mac6	l-08	search_short	nomatch	-	-	-	libpcre2-differential	10.46 2025-08-27
mac6	l-09	search_short	nomatch	-	-	-	libpcre2-differential	10.46 2025-08-27
mac6	l-10	search_short	nomatch	-	-	-	libpcre2-differential	10.46 2025-08-27
mac6	l-11	search_short	nomatch	-	-	-	libpcre2-differential	10.46 2025-08-27
mac6	r-00016	search_short	nomatch	-	-	-	libpcre2-differential	10.46 2025-08-27
mac6	r-00017	search_short	nomatch	-	-	-	libpcre2-differential	10.46 2025-08-27
mac6	r-00036	search_short	nomatch	-	-	-	libpcre2-differential	10.46 2025-08-27
mac6	r-00037	search_short	nomatch	-	-	-	libpcre2-differential	10.46 2025-08-27
mac6	r-00255	search_short	nomatch	-	-	-	libpcre2-differential	10.46 2025-08-27
mac6	r-00256	search_short	nomatch	-	-	-	libpcre2-differential	10.46 2025-08-27
mac6	r-00257	search_short	nomatch	-	-	-	libpcre2-differential	10.46 2025-08-27
mac6	d-00016	search_short	nomatch	-	-	-	libpcre2-differential	10.46 2025-08-27
mac6	d-00017	search_short	nomatch	-	-	-	libpcre2-differential	10.46 2025-08-27
mac6	d-00027	search_short	nomatch	-	-	-	libpcre2-differential	10.46 2025-08-27
mac6	d-00028	search_short	nomatch	-	-	-	libpcre2-differential	10.46 2025-08-27
mac6	d-00256	search_short	nomatch	-	-	-	libpcre2-differential	10.46 2025-08-27
csv5	f-year-4	match	nomatch	-	-	-	libpcre2-differential	10.46 2025-08-27
csv5	f-year-3	match	nomatch	-	-	-	libpcre2-differential	10.46 2025-08-27
csv5	f-year-5	match	nomatch	-	-	-	libpcre2-differential	10.46 2025-08-27
csv5	f-hex-32	match	nomatch	-	-	-	libpcre2-differential	10.46 2025-08-27
csv5	f-hex-31	match	nomatch	-	-	-	libpcre2-differential	10.46 2025-08-27
csv5	f-hex-32g	match	nomatch	-	-	-	libpcre2-differential	10.46 2025-08-27
csv5	f-pw-8	match	nomatch	-	-	-	libpcre2-differential	10.46 2025-08-27
csv5	f-pw-7	match	nomatch	-	-	-	libpcre2-differential	10.46 2025-08-27
csv5	f-pw-64	match	nomatch	-	-	-	libpcre2-differential	10.46 2025-08-27
csv5	f-pw-65	match	nomatch	-	-	-	libpcre2-differential	10.46 2025-08-27
csv5	f-quad-4	match	nomatch	-	-	-	libpcre2-differential	10.46 2025-08-27
csv5	f-quad-3	match	nomatch	-	-	-	libpcre2-differential	10.46 2025-08-27
csv5	f-quad-4x	match	nomatch	-	-	-	libpcre2-differential	10.46 2025-08-27
csv5	f-mac-6	match	nomatch	-	-	-	libpcre2-differential	10.46 2025-08-27
csv5	f-mac-5	match	nomatch	-	-	-	libpcre2-differential	10.46 2025-08-27
csv5	f-csv-5	match	match	0	19	-	libpcre2-differential	10.46 2025-08-27
csv5	f-csv-4	match	nomatch	-	-	-	libpcre2-differential	10.46 2025-08-27
csv5	l-00	match	nomatch	-	-	-	libpcre2-differential	10.46 2025-08-27
csv5	l-01	match	nomatch	-	-	-	libpcre2-differential	10.46 2025-08-27
csv5	l-02	match	nomatch	-	-	-	libpcre2-differential	10.46 2025-08-27
csv5	l-03	match	nomatch	-	-	-	libpcre2-differential	10.46 2025-08-27
csv5	l-04	match	nomatch	-	-	-	libpcre2-differential	10.46 2025-08-27
csv5	l-05	match	nomatch	-	-	-	libpcre2-differential	10.46 2025-08-27
csv5	l-06	match	nomatch	-	-	-	libpcre2-differential	10.46 2025-08-27
csv5	l-07	match	nomatch	-	-	-	libpcre2-differential	10.46 2025-08-27
csv5	l-08	match	nomatch	-	-	-	libpcre2-differential	10.46 2025-08-27
csv5	l-09	match	nomatch	-	-	-	libpcre2-differential	10.46 2025-08-27
csv5	l-10	match	nomatch	-	-	-	libpcre2-differential	10.46 2025-08-27
csv5	l-11	match	nomatch	-	-	-	libpcre2-differential	10.46 2025-08-27
csv5	r-00016	match	nomatch	-	-	-	libpcre2-differential	10.46 2025-08-27
csv5	r-00017	match	nomatch	-	-	-	libpcre2-differential	10.46 2025-08-27
csv5	r-00036	match	nomatch	-	-	-	libpcre2-differential	10.46 2025-08-27
csv5	r-00037	match	nomatch	-	-	-	libpcre2-differential	10.46 2025-08-27
csv5	r-00255	match	nomatch	-	-	-	libpcre2-differential	10.46 2025-08-27
csv5	r-00256	match	nomatch	-	-	-	libpcre2-differential	10.46 2025-08-27
csv5	r-00257	match	nomatch	-	-	-	libpcre2-differential	10.46 2025-08-27
csv5	r-04096	match	nomatch	-	-	-	libpcre2-differential	10.46 2025-08-27
csv5	r-16384	match	nomatch	-	-	-	libpcre2-differential	10.46 2025-08-27
csv5	d-00016	match	nomatch	-	-	-	libpcre2-differential	10.46 2025-08-27
csv5	d-00017	match	nomatch	-	-	-	libpcre2-differential	10.46 2025-08-27
csv5	d-00027	match	nomatch	-	-	-	libpcre2-differential	10.46 2025-08-27
csv5	d-00028	match	nomatch	-	-	-	libpcre2-differential	10.46 2025-08-27
csv5	d-00256	match	nomatch	-	-	-	libpcre2-differential	10.46 2025-08-27
csv5	f-year-4	search_short	nomatch	-	-	-	libpcre2-differential	10.46 2025-08-27
csv5	f-year-3	search_short	nomatch	-	-	-	libpcre2-differential	10.46 2025-08-27
csv5	f-year-5	search_short	nomatch	-	-	-	libpcre2-differential	10.46 2025-08-27
csv5	f-hex-32	search_short	nomatch	-	-	-	libpcre2-differential	10.46 2025-08-27
csv5	f-hex-31	search_short	nomatch	-	-	-	libpcre2-differential	10.46 2025-08-27
csv5	f-hex-32g	search_short	nomatch	-	-	-	libpcre2-differential	10.46 2025-08-27
csv5	f-pw-8	search_short	nomatch	-	-	-	libpcre2-differential	10.46 2025-08-27
csv5	f-pw-7	search_short	nomatch	-	-	-	libpcre2-differential	10.46 2025-08-27
csv5	f-pw-64	search_short	nomatch	-	-	-	libpcre2-differential	10.46 2025-08-27
csv5	f-pw-65	search_short	nomatch	-	-	-	libpcre2-differential	10.46 2025-08-27
csv5	f-quad-4	search_short	nomatch	-	-	-	libpcre2-differential	10.46 2025-08-27
csv5	f-quad-3	search_short	nomatch	-	-	-	libpcre2-differential	10.46 2025-08-27
csv5	f-quad-4x	search_short	nomatch	-	-	-	libpcre2-differential	10.46 2025-08-27
csv5	f-mac-6	search_short	nomatch	-	-	-	libpcre2-differential	10.46 2025-08-27
csv5	f-mac-5	search_short	nomatch	-	-	-	libpcre2-differential	10.46 2025-08-27
csv5	f-csv-5	search_short	match	0	19	-	libpcre2-differential	10.46 2025-08-27
csv5	f-csv-4	search_short	nomatch	-	-	-	libpcre2-differential	10.46 2025-08-27
csv5	l-00	search_short	nomatch	-	-	-	libpcre2-differential	10.46 2025-08-27
csv5	l-01	search_short	nomatch	-	-	-	libpcre2-differential	10.46 2025-08-27
csv5	l-02	search_short	nomatch	-	-	-	libpcre2-differential	10.46 2025-08-27
csv5	l-03	search_short	nomatch	-	-	-	libpcre2-differential	10.46 2025-08-27
csv5	l-04	search_short	nomatch	-	-	-	libpcre2-differential	10.46 2025-08-27
csv5	l-05	search_short	match	20	101	-	libpcre2-differential	10.46 2025-08-27
csv5	l-06	search_short	nomatch	-	-	-	libpcre2-differential	10.46 2025-08-27
csv5	l-07	search_short	nomatch	-	-	-	libpcre2-differential	10.46 2025-08-27
csv5	l-08	search_short	nomatch	-	-	-	libpcre2-differential	10.46 2025-08-27
csv5	l-09	search_short	nomatch	-	-	-	libpcre2-differential	10.46 2025-08-27
csv5	l-10	search_short	nomatch	-	-	-	libpcre2-differential	10.46 2025-08-27
csv5	l-11	search_short	match	250	340	-	libpcre2-differential	10.46 2025-08-27
csv5	r-00016	search_short	nomatch	-	-	-	libpcre2-differential	10.46 2025-08-27
csv5	r-00017	search_short	nomatch	-	-	-	libpcre2-differential	10.46 2025-08-27
csv5	r-00036	search_short	nomatch	-	-	-	libpcre2-differential	10.46 2025-08-27
csv5	r-00037	search_short	nomatch	-	-	-	libpcre2-differential	10.46 2025-08-27
csv5	r-00255	search_short	nomatch	-	-	-	libpcre2-differential	10.46 2025-08-27
csv5	r-00256	search_short	nomatch	-	-	-	libpcre2-differential	10.46 2025-08-27
csv5	r-00257	search_short	nomatch	-	-	-	libpcre2-differential	10.46 2025-08-27
csv5	d-00016	search_short	nomatch	-	-	-	libpcre2-differential	10.46 2025-08-27
csv5	d-00017	search_short	nomatch	-	-	-	libpcre2-differential	10.46 2025-08-27
csv5	d-00027	search_short	nomatch	-	-	-	libpcre2-differential	10.46 2025-08-27
csv5	d-00028	search_short	nomatch	-	-	-	libpcre2-differential	10.46 2025-08-27
csv5	d-00256	search_short	nomatch	-	-	-	libpcre2-differential	10.46 2025-08-27
ctx-lazy-64	f-year-4	match	nomatch	-	-	-	libpcre2-differential	10.46 2025-08-27
ctx-lazy-64	f-year-3	match	nomatch	-	-	-	libpcre2-differential	10.46 2025-08-27
ctx-lazy-64	f-year-5	match	nomatch	-	-	-	libpcre2-differential	10.46 2025-08-27
ctx-lazy-64	f-hex-32	match	nomatch	-	-	-	libpcre2-differential	10.46 2025-08-27
ctx-lazy-64	f-hex-31	match	nomatch	-	-	-	libpcre2-differential	10.46 2025-08-27
ctx-lazy-64	f-hex-32g	match	nomatch	-	-	-	libpcre2-differential	10.46 2025-08-27
ctx-lazy-64	f-pw-8	match	nomatch	-	-	-	libpcre2-differential	10.46 2025-08-27
ctx-lazy-64	f-pw-7	match	nomatch	-	-	-	libpcre2-differential	10.46 2025-08-27
ctx-lazy-64	f-pw-64	match	nomatch	-	-	-	libpcre2-differential	10.46 2025-08-27
ctx-lazy-64	f-pw-65	match	nomatch	-	-	-	libpcre2-differential	10.46 2025-08-27
ctx-lazy-64	f-quad-4	match	nomatch	-	-	-	libpcre2-differential	10.46 2025-08-27
ctx-lazy-64	f-quad-3	match	nomatch	-	-	-	libpcre2-differential	10.46 2025-08-27
ctx-lazy-64	f-quad-4x	match	nomatch	-	-	-	libpcre2-differential	10.46 2025-08-27
ctx-lazy-64	f-mac-6	match	nomatch	-	-	-	libpcre2-differential	10.46 2025-08-27
ctx-lazy-64	f-mac-5	match	nomatch	-	-	-	libpcre2-differential	10.46 2025-08-27
ctx-lazy-64	f-csv-5	match	nomatch	-	-	-	libpcre2-differential	10.46 2025-08-27
ctx-lazy-64	f-csv-4	match	nomatch	-	-	-	libpcre2-differential	10.46 2025-08-27
ctx-lazy-64	l-00	match	match	0	43	-	libpcre2-differential	10.46 2025-08-27
ctx-lazy-64	l-01	match	nomatch	-	-	-	libpcre2-differential	10.46 2025-08-27
ctx-lazy-64	l-02	match	nomatch	-	-	-	libpcre2-differential	10.46 2025-08-27
ctx-lazy-64	l-03	match	nomatch	-	-	-	libpcre2-differential	10.46 2025-08-27
ctx-lazy-64	l-04	match	nomatch	-	-	-	libpcre2-differential	10.46 2025-08-27
ctx-lazy-64	l-05	match	nomatch	-	-	-	libpcre2-differential	10.46 2025-08-27
ctx-lazy-64	l-06	match	nomatch	-	-	-	libpcre2-differential	10.46 2025-08-27
ctx-lazy-64	l-07	match	nomatch	-	-	-	libpcre2-differential	10.46 2025-08-27
ctx-lazy-64	l-08	match	nomatch	-	-	-	libpcre2-differential	10.46 2025-08-27
ctx-lazy-64	l-09	match	nomatch	-	-	-	libpcre2-differential	10.46 2025-08-27
ctx-lazy-64	l-10	match	nomatch	-	-	-	libpcre2-differential	10.46 2025-08-27
ctx-lazy-64	l-11	match	nomatch	-	-	-	libpcre2-differential	10.46 2025-08-27
ctx-lazy-64	r-00016	match	nomatch	-	-	-	libpcre2-differential	10.46 2025-08-27
ctx-lazy-64	r-00017	match	nomatch	-	-	-	libpcre2-differential	10.46 2025-08-27
ctx-lazy-64	r-00036	match	nomatch	-	-	-	libpcre2-differential	10.46 2025-08-27
ctx-lazy-64	r-00037	match	nomatch	-	-	-	libpcre2-differential	10.46 2025-08-27
ctx-lazy-64	r-00255	match	nomatch	-	-	-	libpcre2-differential	10.46 2025-08-27
ctx-lazy-64	r-00256	match	nomatch	-	-	-	libpcre2-differential	10.46 2025-08-27
ctx-lazy-64	r-00257	match	nomatch	-	-	-	libpcre2-differential	10.46 2025-08-27
ctx-lazy-64	r-04096	match	nomatch	-	-	-	libpcre2-differential	10.46 2025-08-27
ctx-lazy-64	r-16384	match	nomatch	-	-	-	libpcre2-differential	10.46 2025-08-27
ctx-lazy-64	d-00016	match	nomatch	-	-	-	libpcre2-differential	10.46 2025-08-27
ctx-lazy-64	d-00017	match	nomatch	-	-	-	libpcre2-differential	10.46 2025-08-27
ctx-lazy-64	d-00027	match	nomatch	-	-	-	libpcre2-differential	10.46 2025-08-27
ctx-lazy-64	d-00028	match	nomatch	-	-	-	libpcre2-differential	10.46 2025-08-27
ctx-lazy-64	d-00256	match	nomatch	-	-	-	libpcre2-differential	10.46 2025-08-27
ctx-lazy-64	f-year-4	search_short	nomatch	-	-	-	libpcre2-differential	10.46 2025-08-27
ctx-lazy-64	f-year-3	search_short	nomatch	-	-	-	libpcre2-differential	10.46 2025-08-27
ctx-lazy-64	f-year-5	search_short	nomatch	-	-	-	libpcre2-differential	10.46 2025-08-27
ctx-lazy-64	f-hex-32	search_short	nomatch	-	-	-	libpcre2-differential	10.46 2025-08-27
ctx-lazy-64	f-hex-31	search_short	nomatch	-	-	-	libpcre2-differential	10.46 2025-08-27
ctx-lazy-64	f-hex-32g	search_short	nomatch	-	-	-	libpcre2-differential	10.46 2025-08-27
ctx-lazy-64	f-pw-8	search_short	nomatch	-	-	-	libpcre2-differential	10.46 2025-08-27
ctx-lazy-64	f-pw-7	search_short	nomatch	-	-	-	libpcre2-differential	10.46 2025-08-27
ctx-lazy-64	f-pw-64	search_short	nomatch	-	-	-	libpcre2-differential	10.46 2025-08-27
ctx-lazy-64	f-pw-65	search_short	nomatch	-	-	-	libpcre2-differential	10.46 2025-08-27
ctx-lazy-64	f-quad-4	search_short	nomatch	-	-	-	libpcre2-differential	10.46 2025-08-27
ctx-lazy-64	f-quad-3	search_short	nomatch	-	-	-	libpcre2-differential	10.46 2025-08-27
ctx-lazy-64	f-quad-4x	search_short	nomatch	-	-	-	libpcre2-differential	10.46 2025-08-27
ctx-lazy-64	f-mac-6	search_short	nomatch	-	-	-	libpcre2-differential	10.46 2025-08-27
ctx-lazy-64	f-mac-5	search_short	nomatch	-	-	-	libpcre2-differential	10.46 2025-08-27
ctx-lazy-64	f-csv-5	search_short	nomatch	-	-	-	libpcre2-differential	10.46 2025-08-27
ctx-lazy-64	f-csv-4	search_short	nomatch	-	-	-	libpcre2-differential	10.46 2025-08-27
ctx-lazy-64	l-00	search_short	match	0	43	-	libpcre2-differential	10.46 2025-08-27
ctx-lazy-64	l-01	search_short	nomatch	-	-	-	libpcre2-differential	10.46 2025-08-27
ctx-lazy-64	l-02	search_short	nomatch	-	-	-	libpcre2-differential	10.46 2025-08-27
ctx-lazy-64	l-03	search_short	nomatch	-	-	-	libpcre2-differential	10.46 2025-08-27
ctx-lazy-64	l-04	search_short	nomatch	-	-	-	libpcre2-differential	10.46 2025-08-27
ctx-lazy-64	l-05	search_short	nomatch	-	-	-	libpcre2-differential	10.46 2025-08-27
ctx-lazy-64	l-06	search_short	nomatch	-	-	-	libpcre2-differential	10.46 2025-08-27
ctx-lazy-64	l-07	search_short	nomatch	-	-	-	libpcre2-differential	10.46 2025-08-27
ctx-lazy-64	l-08	search_short	nomatch	-	-	-	libpcre2-differential	10.46 2025-08-27
ctx-lazy-64	l-09	search_short	nomatch	-	-	-	libpcre2-differential	10.46 2025-08-27
ctx-lazy-64	l-10	search_short	nomatch	-	-	-	libpcre2-differential	10.46 2025-08-27
ctx-lazy-64	l-11	search_short	nomatch	-	-	-	libpcre2-differential	10.46 2025-08-27
ctx-lazy-64	r-00016	search_short	nomatch	-	-	-	libpcre2-differential	10.46 2025-08-27
ctx-lazy-64	r-00017	search_short	nomatch	-	-	-	libpcre2-differential	10.46 2025-08-27
ctx-lazy-64	r-00036	search_short	nomatch	-	-	-	libpcre2-differential	10.46 2025-08-27
ctx-lazy-64	r-00037	search_short	nomatch	-	-	-	libpcre2-differential	10.46 2025-08-27
ctx-lazy-64	r-00255	search_short	nomatch	-	-	-	libpcre2-differential	10.46 2025-08-27
ctx-lazy-64	r-00256	search_short	nomatch	-	-	-	libpcre2-differential	10.46 2025-08-27
ctx-lazy-64	r-00257	search_short	nomatch	-	-	-	libpcre2-differential	10.46 2025-08-27
ctx-lazy-64	d-00016	search_short	nomatch	-	-	-	libpcre2-differential	10.46 2025-08-27
ctx-lazy-64	d-00017	search_short	nomatch	-	-	-	libpcre2-differential	10.46 2025-08-27
ctx-lazy-64	d-00027	search_short	nomatch	-	-	-	libpcre2-differential	10.46 2025-08-27
ctx-lazy-64	d-00028	search_short	nomatch	-	-	-	libpcre2-differential	10.46 2025-08-27
ctx-lazy-64	d-00256	search_short	nomatch	-	-	-	libpcre2-differential	10.46 2025-08-27
ctx-lazy-256	f-year-4	match	nomatch	-	-	-	libpcre2-differential	10.46 2025-08-27
ctx-lazy-256	f-year-3	match	nomatch	-	-	-	libpcre2-differential	10.46 2025-08-27
ctx-lazy-256	f-year-5	match	nomatch	-	-	-	libpcre2-differential	10.46 2025-08-27
ctx-lazy-256	f-hex-32	match	nomatch	-	-	-	libpcre2-differential	10.46 2025-08-27
ctx-lazy-256	f-hex-31	match	nomatch	-	-	-	libpcre2-differential	10.46 2025-08-27
ctx-lazy-256	f-hex-32g	match	nomatch	-	-	-	libpcre2-differential	10.46 2025-08-27
ctx-lazy-256	f-pw-8	match	nomatch	-	-	-	libpcre2-differential	10.46 2025-08-27
ctx-lazy-256	f-pw-7	match	nomatch	-	-	-	libpcre2-differential	10.46 2025-08-27
ctx-lazy-256	f-pw-64	match	nomatch	-	-	-	libpcre2-differential	10.46 2025-08-27
ctx-lazy-256	f-pw-65	match	nomatch	-	-	-	libpcre2-differential	10.46 2025-08-27
ctx-lazy-256	f-quad-4	match	nomatch	-	-	-	libpcre2-differential	10.46 2025-08-27
ctx-lazy-256	f-quad-3	match	nomatch	-	-	-	libpcre2-differential	10.46 2025-08-27
ctx-lazy-256	f-quad-4x	match	nomatch	-	-	-	libpcre2-differential	10.46 2025-08-27
ctx-lazy-256	f-mac-6	match	nomatch	-	-	-	libpcre2-differential	10.46 2025-08-27
ctx-lazy-256	f-mac-5	match	nomatch	-	-	-	libpcre2-differential	10.46 2025-08-27
ctx-lazy-256	f-csv-5	match	nomatch	-	-	-	libpcre2-differential	10.46 2025-08-27
ctx-lazy-256	f-csv-4	match	nomatch	-	-	-	libpcre2-differential	10.46 2025-08-27
ctx-lazy-256	l-00	match	match	0	43	-	libpcre2-differential	10.46 2025-08-27
ctx-lazy-256	l-01	match	match	0	147	-	libpcre2-differential	10.46 2025-08-27
ctx-lazy-256	l-02	match	nomatch	-	-	-	libpcre2-differential	10.46 2025-08-27
ctx-lazy-256	l-03	match	nomatch	-	-	-	libpcre2-differential	10.46 2025-08-27
ctx-lazy-256	l-04	match	nomatch	-	-	-	libpcre2-differential	10.46 2025-08-27
ctx-lazy-256	l-05	match	nomatch	-	-	-	libpcre2-differential	10.46 2025-08-27
ctx-lazy-256	l-06	match	nomatch	-	-	-	libpcre2-differential	10.46 2025-08-27
ctx-lazy-256	l-07	match	nomatch	-	-	-	libpcre2-differential	10.46 2025-08-27
ctx-lazy-256	l-08	match	nomatch	-	-	-	libpcre2-differential	10.46 2025-08-27
ctx-lazy-256	l-09	match	nomatch	-	-	-	libpcre2-differential	10.46 2025-08-27
ctx-lazy-256	l-10	match	nomatch	-	-	-	libpcre2-differential	10.46 2025-08-27
ctx-lazy-256	l-11	match	nomatch	-	-	-	libpcre2-differential	10.46 2025-08-27
ctx-lazy-256	r-00016	match	nomatch	-	-	-	libpcre2-differential	10.46 2025-08-27
ctx-lazy-256	r-00017	match	nomatch	-	-	-	libpcre2-differential	10.46 2025-08-27
ctx-lazy-256	r-00036	match	nomatch	-	-	-	libpcre2-differential	10.46 2025-08-27
ctx-lazy-256	r-00037	match	nomatch	-	-	-	libpcre2-differential	10.46 2025-08-27
ctx-lazy-256	r-00255	match	nomatch	-	-	-	libpcre2-differential	10.46 2025-08-27
ctx-lazy-256	r-00256	match	nomatch	-	-	-	libpcre2-differential	10.46 2025-08-27
ctx-lazy-256	r-00257	match	nomatch	-	-	-	libpcre2-differential	10.46 2025-08-27
ctx-lazy-256	r-04096	match	nomatch	-	-	-	libpcre2-differential	10.46 2025-08-27
ctx-lazy-256	r-16384	match	nomatch	-	-	-	libpcre2-differential	10.46 2025-08-27
ctx-lazy-256	d-00016	match	nomatch	-	-	-	libpcre2-differential	10.46 2025-08-27
ctx-lazy-256	d-00017	match	nomatch	-	-	-	libpcre2-differential	10.46 2025-08-27
ctx-lazy-256	d-00027	match	nomatch	-	-	-	libpcre2-differential	10.46 2025-08-27
ctx-lazy-256	d-00028	match	nomatch	-	-	-	libpcre2-differential	10.46 2025-08-27
ctx-lazy-256	d-00256	match	nomatch	-	-	-	libpcre2-differential	10.46 2025-08-27
ctx-lazy-256	f-year-4	search_short	nomatch	-	-	-	libpcre2-differential	10.46 2025-08-27
ctx-lazy-256	f-year-3	search_short	nomatch	-	-	-	libpcre2-differential	10.46 2025-08-27
ctx-lazy-256	f-year-5	search_short	nomatch	-	-	-	libpcre2-differential	10.46 2025-08-27
ctx-lazy-256	f-hex-32	search_short	nomatch	-	-	-	libpcre2-differential	10.46 2025-08-27
ctx-lazy-256	f-hex-31	search_short	nomatch	-	-	-	libpcre2-differential	10.46 2025-08-27
ctx-lazy-256	f-hex-32g	search_short	nomatch	-	-	-	libpcre2-differential	10.46 2025-08-27
ctx-lazy-256	f-pw-8	search_short	nomatch	-	-	-	libpcre2-differential	10.46 2025-08-27
ctx-lazy-256	f-pw-7	search_short	nomatch	-	-	-	libpcre2-differential	10.46 2025-08-27
ctx-lazy-256	f-pw-64	search_short	nomatch	-	-	-	libpcre2-differential	10.46 2025-08-27
ctx-lazy-256	f-pw-65	search_short	nomatch	-	-	-	libpcre2-differential	10.46 2025-08-27
ctx-lazy-256	f-quad-4	search_short	nomatch	-	-	-	libpcre2-differential	10.46 2025-08-27
ctx-lazy-256	f-quad-3	search_short	nomatch	-	-	-	libpcre2-differential	10.46 2025-08-27
ctx-lazy-256	f-quad-4x	search_short	nomatch	-	-	-	libpcre2-differential	10.46 2025-08-27
ctx-lazy-256	f-mac-6	search_short	nomatch	-	-	-	libpcre2-differential	10.46 2025-08-27
ctx-lazy-256	f-mac-5	search_short	nomatch	-	-	-	libpcre2-differential	10.46 2025-08-27
ctx-lazy-256	f-csv-5	search_short	nomatch	-	-	-	libpcre2-differential	10.46 2025-08-27
ctx-lazy-256	f-csv-4	search_short	nomatch	-	-	-	libpcre2-differential	10.46 2025-08-27
ctx-lazy-256	l-00	search_short	match	0	43	-	libpcre2-differential	10.46 2025-08-27
ctx-lazy-256	l-01	search_short	match	0	147	-	libpcre2-differential	10.46 2025-08-27
ctx-lazy-256	l-02	search_short	nomatch	-	-	-	libpcre2-differential	10.46 2025-08-27
ctx-lazy-256	l-03	search_short	nomatch	-	-	-	libpcre2-differential	10.46 2025-08-27
ctx-lazy-256	l-04	search_short	nomatch	-	-	-	libpcre2-differential	10.46 2025-08-27
ctx-lazy-256	l-05	search_short	nomatch	-	-	-	libpcre2-differential	10.46 2025-08-27
ctx-lazy-256	l-06	search_short	nomatch	-	-	-	libpcre2-differential	10.46 2025-08-27
ctx-lazy-256	l-07	search_short	nomatch	-	-	-	libpcre2-differential	10.46 2025-08-27
ctx-lazy-256	l-08	search_short	nomatch	-	-	-	libpcre2-differential	10.46 2025-08-27
ctx-lazy-256	l-09	search_short	nomatch	-	-	-	libpcre2-differential	10.46 2025-08-27
ctx-lazy-256	l-10	search_short	nomatch	-	-	-	libpcre2-differential	10.46 2025-08-27
ctx-lazy-256	l-11	search_short	nomatch	-	-	-	libpcre2-differential	10.46 2025-08-27
ctx-lazy-256	r-00016	search_short	nomatch	-	-	-	libpcre2-differential	10.46 2025-08-27
ctx-lazy-256	r-00017	search_short	nomatch	-	-	-	libpcre2-differential	10.46 2025-08-27
ctx-lazy-256	r-00036	search_short	nomatch	-	-	-	libpcre2-differential	10.46 2025-08-27
ctx-lazy-256	r-00037	search_short	nomatch	-	-	-	libpcre2-differential	10.46 2025-08-27
ctx-lazy-256	r-00255	search_short	nomatch	-	-	-	libpcre2-differential	10.46 2025-08-27
ctx-lazy-256	r-00256	search_short	nomatch	-	-	-	libpcre2-differential	10.46 2025-08-27
ctx-lazy-256	r-00257	search_short	nomatch	-	-	-	libpcre2-differential	10.46 2025-08-27
ctx-lazy-256	d-00016	search_short	nomatch	-	-	-	libpcre2-differential	10.46 2025-08-27
ctx-lazy-256	d-00017	search_short	nomatch	-	-	-	libpcre2-differential	10.46 2025-08-27
ctx-lazy-256	d-00027	search_short	nomatch	-	-	-	libpcre2-differential	10.46 2025-08-27
ctx-lazy-256	d-00028	search_short	nomatch	-	-	-	libpcre2-differential	10.46 2025-08-27
ctx-lazy-256	d-00256	search_short	nomatch	-	-	-	libpcre2-differential	10.46 2025-08-27
ctx-lazy-1024	f-year-4	match	nomatch	-	-	-	libpcre2-differential	10.46 2025-08-27
ctx-lazy-1024	f-year-3	match	nomatch	-	-	-	libpcre2-differential	10.46 2025-08-27
ctx-lazy-1024	f-year-5	match	nomatch	-	-	-	libpcre2-differential	10.46 2025-08-27
ctx-lazy-1024	f-hex-32	match	nomatch	-	-	-	libpcre2-differential	10.46 2025-08-27
ctx-lazy-1024	f-hex-31	match	nomatch	-	-	-	libpcre2-differential	10.46 2025-08-27
ctx-lazy-1024	f-hex-32g	match	nomatch	-	-	-	libpcre2-differential	10.46 2025-08-27
ctx-lazy-1024	f-pw-8	match	nomatch	-	-	-	libpcre2-differential	10.46 2025-08-27
ctx-lazy-1024	f-pw-7	match	nomatch	-	-	-	libpcre2-differential	10.46 2025-08-27
ctx-lazy-1024	f-pw-64	match	nomatch	-	-	-	libpcre2-differential	10.46 2025-08-27
ctx-lazy-1024	f-pw-65	match	nomatch	-	-	-	libpcre2-differential	10.46 2025-08-27
ctx-lazy-1024	f-quad-4	match	nomatch	-	-	-	libpcre2-differential	10.46 2025-08-27
ctx-lazy-1024	f-quad-3	match	nomatch	-	-	-	libpcre2-differential	10.46 2025-08-27
ctx-lazy-1024	f-quad-4x	match	nomatch	-	-	-	libpcre2-differential	10.46 2025-08-27
ctx-lazy-1024	f-mac-6	match	nomatch	-	-	-	libpcre2-differential	10.46 2025-08-27
ctx-lazy-1024	f-mac-5	match	nomatch	-	-	-	libpcre2-differential	10.46 2025-08-27
ctx-lazy-1024	f-csv-5	match	nomatch	-	-	-	libpcre2-differential	10.46 2025-08-27
ctx-lazy-1024	f-csv-4	match	nomatch	-	-	-	libpcre2-differential	10.46 2025-08-27
ctx-lazy-1024	l-00	match	match	0	43	-	libpcre2-differential	10.46 2025-08-27
ctx-lazy-1024	l-01	match	match	0	147	-	libpcre2-differential	10.46 2025-08-27
ctx-lazy-1024	l-02	match	nomatch	-	-	-	libpcre2-differential	10.46 2025-08-27
ctx-lazy-1024	l-03	match	nomatch	-	-	-	libpcre2-differential	10.46 2025-08-27
ctx-lazy-1024	l-04	match	nomatch	-	-	-	libpcre2-differential	10.46 2025-08-27
ctx-lazy-1024	l-05	match	nomatch	-	-	-	libpcre2-differential	10.46 2025-08-27
ctx-lazy-1024	l-06	match	nomatch	-	-	-	libpcre2-differential	10.46 2025-08-27
ctx-lazy-1024	l-07	match	nomatch	-	-	-	libpcre2-differential	10.46 2025-08-27
ctx-lazy-1024	l-08	match	nomatch	-	-	-	libpcre2-differential	10.46 2025-08-27
ctx-lazy-1024	l-09	match	nomatch	-	-	-	libpcre2-differential	10.46 2025-08-27
ctx-lazy-1024	l-10	match	nomatch	-	-	-	libpcre2-differential	10.46 2025-08-27
ctx-lazy-1024	l-11	match	nomatch	-	-	-	libpcre2-differential	10.46 2025-08-27
ctx-lazy-1024	r-00016	match	nomatch	-	-	-	libpcre2-differential	10.46 2025-08-27
ctx-lazy-1024	r-00017	match	nomatch	-	-	-	libpcre2-differential	10.46 2025-08-27
ctx-lazy-1024	r-00036	match	nomatch	-	-	-	libpcre2-differential	10.46 2025-08-27
ctx-lazy-1024	r-00037	match	nomatch	-	-	-	libpcre2-differential	10.46 2025-08-27
ctx-lazy-1024	r-00255	match	nomatch	-	-	-	libpcre2-differential	10.46 2025-08-27
ctx-lazy-1024	r-00256	match	nomatch	-	-	-	libpcre2-differential	10.46 2025-08-27
ctx-lazy-1024	r-00257	match	nomatch	-	-	-	libpcre2-differential	10.46 2025-08-27
ctx-lazy-1024	r-04096	match	nomatch	-	-	-	libpcre2-differential	10.46 2025-08-27
ctx-lazy-1024	r-16384	match	nomatch	-	-	-	libpcre2-differential	10.46 2025-08-27
ctx-lazy-1024	d-00016	match	nomatch	-	-	-	libpcre2-differential	10.46 2025-08-27
ctx-lazy-1024	d-00017	match	nomatch	-	-	-	libpcre2-differential	10.46 2025-08-27
ctx-lazy-1024	d-00027	match	nomatch	-	-	-	libpcre2-differential	10.46 2025-08-27
ctx-lazy-1024	d-00028	match	nomatch	-	-	-	libpcre2-differential	10.46 2025-08-27
ctx-lazy-1024	d-00256	match	nomatch	-	-	-	libpcre2-differential	10.46 2025-08-27
ctx-lazy-1024	f-year-4	search_short	nomatch	-	-	-	libpcre2-differential	10.46 2025-08-27
ctx-lazy-1024	f-year-3	search_short	nomatch	-	-	-	libpcre2-differential	10.46 2025-08-27
ctx-lazy-1024	f-year-5	search_short	nomatch	-	-	-	libpcre2-differential	10.46 2025-08-27
ctx-lazy-1024	f-hex-32	search_short	nomatch	-	-	-	libpcre2-differential	10.46 2025-08-27
ctx-lazy-1024	f-hex-31	search_short	nomatch	-	-	-	libpcre2-differential	10.46 2025-08-27
ctx-lazy-1024	f-hex-32g	search_short	nomatch	-	-	-	libpcre2-differential	10.46 2025-08-27
ctx-lazy-1024	f-pw-8	search_short	nomatch	-	-	-	libpcre2-differential	10.46 2025-08-27
ctx-lazy-1024	f-pw-7	search_short	nomatch	-	-	-	libpcre2-differential	10.46 2025-08-27
ctx-lazy-1024	f-pw-64	search_short	nomatch	-	-	-	libpcre2-differential	10.46 2025-08-27
ctx-lazy-1024	f-pw-65	search_short	nomatch	-	-	-	libpcre2-differential	10.46 2025-08-27
ctx-lazy-1024	f-quad-4	search_short	nomatch	-	-	-	libpcre2-differential	10.46 2025-08-27
ctx-lazy-1024	f-quad-3	search_short	nomatch	-	-	-	libpcre2-differential	10.46 2025-08-27
ctx-lazy-1024	f-quad-4x	search_short	nomatch	-	-	-	libpcre2-differential	10.46 2025-08-27
ctx-lazy-1024	f-mac-6	search_short	nomatch	-	-	-	libpcre2-differential	10.46 2025-08-27
ctx-lazy-1024	f-mac-5	search_short	nomatch	-	-	-	libpcre2-differential	10.46 2025-08-27
ctx-lazy-1024	f-csv-5	search_short	nomatch	-	-	-	libpcre2-differential	10.46 2025-08-27
ctx-lazy-1024	f-csv-4	search_short	nomatch	-	-	-	libpcre2-differential	10.46 2025-08-27
ctx-lazy-1024	l-00	search_short	match	0	43	-	libpcre2-differential	10.46 2025-08-27
ctx-lazy-1024	l-01	search_short	match	0	147	-	libpcre2-differential	10.46 2025-08-27
ctx-lazy-1024	l-02	search_short	match	72	595	-	libpcre2-differential	10.46 2025-08-27
ctx-lazy-1024	l-03	search_short	match	113	971	-	libpcre2-differential	10.46 2025-08-27
ctx-lazy-1024	l-04	search_short	nomatch	-	-	-	libpcre2-differential	10.46 2025-08-27
ctx-lazy-1024	l-05	search_short	nomatch	-	-	-	libpcre2-differential	10.46 2025-08-27
ctx-lazy-1024	l-06	search_short	nomatch	-	-	-	libpcre2-differential	10.46 2025-08-27
ctx-lazy-1024	l-07	search_short	nomatch	-	-	-	libpcre2-differential	10.46 2025-08-27
ctx-lazy-1024	l-08	search_short	nomatch	-	-	-	libpcre2-differential	10.46 2025-08-27
ctx-lazy-1024	l-09	search_short	nomatch	-	-	-	libpcre2-differential	10.46 2025-08-27
ctx-lazy-1024	l-10	search_short	nomatch	-	-	-	libpcre2-differential	10.46 2025-08-27
ctx-lazy-1024	l-11	search_short	nomatch	-	-	-	libpcre2-differential	10.46 2025-08-27
ctx-lazy-1024	r-00016	search_short	nomatch	-	-	-	libpcre2-differential	10.46 2025-08-27
ctx-lazy-1024	r-00017	search_short	nomatch	-	-	-	libpcre2-differential	10.46 2025-08-27
ctx-lazy-1024	r-00036	search_short	nomatch	-	-	-	libpcre2-differential	10.46 2025-08-27
ctx-lazy-1024	r-00037	search_short	nomatch	-	-	-	libpcre2-differential	10.46 2025-08-27
ctx-lazy-1024	r-00255	search_short	nomatch	-	-	-	libpcre2-differential	10.46 2025-08-27
ctx-lazy-1024	r-00256	search_short	nomatch	-	-	-	libpcre2-differential	10.46 2025-08-27
ctx-lazy-1024	r-00257	search_short	nomatch	-	-	-	libpcre2-differential	10.46 2025-08-27
ctx-lazy-1024	d-00016	search_short	nomatch	-	-	-	libpcre2-differential	10.46 2025-08-27
ctx-lazy-1024	d-00017	search_short	nomatch	-	-	-	libpcre2-differential	10.46 2025-08-27
ctx-lazy-1024	d-00027	search_short	nomatch	-	-	-	libpcre2-differential	10.46 2025-08-27
ctx-lazy-1024	d-00028	search_short	nomatch	-	-	-	libpcre2-differential	10.46 2025-08-27
ctx-lazy-1024	d-00256	search_short	nomatch	-	-	-	libpcre2-differential	10.46 2025-08-27
ctx-greedy-256	f-year-4	match	nomatch	-	-	-	libpcre2-differential	10.46 2025-08-27
ctx-greedy-256	f-year-3	match	nomatch	-	-	-	libpcre2-differential	10.46 2025-08-27
ctx-greedy-256	f-year-5	match	nomatch	-	-	-	libpcre2-differential	10.46 2025-08-27
ctx-greedy-256	f-hex-32	match	nomatch	-	-	-	libpcre2-differential	10.46 2025-08-27
ctx-greedy-256	f-hex-31	match	nomatch	-	-	-	libpcre2-differential	10.46 2025-08-27
ctx-greedy-256	f-hex-32g	match	nomatch	-	-	-	libpcre2-differential	10.46 2025-08-27
ctx-greedy-256	f-pw-8	match	nomatch	-	-	-	libpcre2-differential	10.46 2025-08-27
ctx-greedy-256	f-pw-7	match	nomatch	-	-	-	libpcre2-differential	10.46 2025-08-27
ctx-greedy-256	f-pw-64	match	nomatch	-	-	-	libpcre2-differential	10.46 2025-08-27
ctx-greedy-256	f-pw-65	match	nomatch	-	-	-	libpcre2-differential	10.46 2025-08-27
ctx-greedy-256	f-quad-4	match	nomatch	-	-	-	libpcre2-differential	10.46 2025-08-27
ctx-greedy-256	f-quad-3	match	nomatch	-	-	-	libpcre2-differential	10.46 2025-08-27
ctx-greedy-256	f-quad-4x	match	nomatch	-	-	-	libpcre2-differential	10.46 2025-08-27
ctx-greedy-256	f-mac-6	match	nomatch	-	-	-	libpcre2-differential	10.46 2025-08-27
ctx-greedy-256	f-mac-5	match	nomatch	-	-	-	libpcre2-differential	10.46 2025-08-27
ctx-greedy-256	f-csv-5	match	nomatch	-	-	-	libpcre2-differential	10.46 2025-08-27
ctx-greedy-256	f-csv-4	match	nomatch	-	-	-	libpcre2-differential	10.46 2025-08-27
ctx-greedy-256	l-00	match	match	0	43	-	libpcre2-differential	10.46 2025-08-27
ctx-greedy-256	l-01	match	match	0	147	-	libpcre2-differential	10.46 2025-08-27
ctx-greedy-256	l-02	match	nomatch	-	-	-	libpcre2-differential	10.46 2025-08-27
ctx-greedy-256	l-03	match	nomatch	-	-	-	libpcre2-differential	10.46 2025-08-27
ctx-greedy-256	l-04	match	nomatch	-	-	-	libpcre2-differential	10.46 2025-08-27
ctx-greedy-256	l-05	match	nomatch	-	-	-	libpcre2-differential	10.46 2025-08-27
ctx-greedy-256	l-06	match	nomatch	-	-	-	libpcre2-differential	10.46 2025-08-27
ctx-greedy-256	l-07	match	nomatch	-	-	-	libpcre2-differential	10.46 2025-08-27
ctx-greedy-256	l-08	match	nomatch	-	-	-	libpcre2-differential	10.46 2025-08-27
ctx-greedy-256	l-09	match	nomatch	-	-	-	libpcre2-differential	10.46 2025-08-27
ctx-greedy-256	l-10	match	nomatch	-	-	-	libpcre2-differential	10.46 2025-08-27
ctx-greedy-256	l-11	match	nomatch	-	-	-	libpcre2-differential	10.46 2025-08-27
ctx-greedy-256	r-00016	match	nomatch	-	-	-	libpcre2-differential	10.46 2025-08-27
ctx-greedy-256	r-00017	match	nomatch	-	-	-	libpcre2-differential	10.46 2025-08-27
ctx-greedy-256	r-00036	match	nomatch	-	-	-	libpcre2-differential	10.46 2025-08-27
ctx-greedy-256	r-00037	match	nomatch	-	-	-	libpcre2-differential	10.46 2025-08-27
ctx-greedy-256	r-00255	match	nomatch	-	-	-	libpcre2-differential	10.46 2025-08-27
ctx-greedy-256	r-00256	match	nomatch	-	-	-	libpcre2-differential	10.46 2025-08-27
ctx-greedy-256	r-00257	match	nomatch	-	-	-	libpcre2-differential	10.46 2025-08-27
ctx-greedy-256	r-04096	match	nomatch	-	-	-	libpcre2-differential	10.46 2025-08-27
ctx-greedy-256	r-16384	match	nomatch	-	-	-	libpcre2-differential	10.46 2025-08-27
ctx-greedy-256	d-00016	match	nomatch	-	-	-	libpcre2-differential	10.46 2025-08-27
ctx-greedy-256	d-00017	match	nomatch	-	-	-	libpcre2-differential	10.46 2025-08-27
ctx-greedy-256	d-00027	match	nomatch	-	-	-	libpcre2-differential	10.46 2025-08-27
ctx-greedy-256	d-00028	match	nomatch	-	-	-	libpcre2-differential	10.46 2025-08-27
ctx-greedy-256	d-00256	match	nomatch	-	-	-	libpcre2-differential	10.46 2025-08-27
ctx-greedy-256	f-year-4	search_short	nomatch	-	-	-	libpcre2-differential	10.46 2025-08-27
ctx-greedy-256	f-year-3	search_short	nomatch	-	-	-	libpcre2-differential	10.46 2025-08-27
ctx-greedy-256	f-year-5	search_short	nomatch	-	-	-	libpcre2-differential	10.46 2025-08-27
ctx-greedy-256	f-hex-32	search_short	nomatch	-	-	-	libpcre2-differential	10.46 2025-08-27
ctx-greedy-256	f-hex-31	search_short	nomatch	-	-	-	libpcre2-differential	10.46 2025-08-27
ctx-greedy-256	f-hex-32g	search_short	nomatch	-	-	-	libpcre2-differential	10.46 2025-08-27
ctx-greedy-256	f-pw-8	search_short	nomatch	-	-	-	libpcre2-differential	10.46 2025-08-27
ctx-greedy-256	f-pw-7	search_short	nomatch	-	-	-	libpcre2-differential	10.46 2025-08-27
ctx-greedy-256	f-pw-64	search_short	nomatch	-	-	-	libpcre2-differential	10.46 2025-08-27
ctx-greedy-256	f-pw-65	search_short	nomatch	-	-	-	libpcre2-differential	10.46 2025-08-27
ctx-greedy-256	f-quad-4	search_short	nomatch	-	-	-	libpcre2-differential	10.46 2025-08-27
ctx-greedy-256	f-quad-3	search_short	nomatch	-	-	-	libpcre2-differential	10.46 2025-08-27
ctx-greedy-256	f-quad-4x	search_short	nomatch	-	-	-	libpcre2-differential	10.46 2025-08-27
ctx-greedy-256	f-mac-6	search_short	nomatch	-	-	-	libpcre2-differential	10.46 2025-08-27
ctx-greedy-256	f-mac-5	search_short	nomatch	-	-	-	libpcre2-differential	10.46 2025-08-27
ctx-greedy-256	f-csv-5	search_short	nomatch	-	-	-	libpcre2-differential	10.46 2025-08-27
ctx-greedy-256	f-csv-4	search_short	nomatch	-	-	-	libpcre2-differential	10.46 2025-08-27
ctx-greedy-256	l-00	search_short	match	0	43	-	libpcre2-differential	10.46 2025-08-27
ctx-greedy-256	l-01	search_short	match	0	147	-	libpcre2-differential	10.46 2025-08-27
ctx-greedy-256	l-02	search_short	nomatch	-	-	-	libpcre2-differential	10.46 2025-08-27
ctx-greedy-256	l-03	search_short	nomatch	-	-	-	libpcre2-differential	10.46 2025-08-27
ctx-greedy-256	l-04	search_short	nomatch	-	-	-	libpcre2-differential	10.46 2025-08-27
ctx-greedy-256	l-05	search_short	nomatch	-	-	-	libpcre2-differential	10.46 2025-08-27
ctx-greedy-256	l-06	search_short	nomatch	-	-	-	libpcre2-differential	10.46 2025-08-27
ctx-greedy-256	l-07	search_short	nomatch	-	-	-	libpcre2-differential	10.46 2025-08-27
ctx-greedy-256	l-08	search_short	nomatch	-	-	-	libpcre2-differential	10.46 2025-08-27
ctx-greedy-256	l-09	search_short	nomatch	-	-	-	libpcre2-differential	10.46 2025-08-27
ctx-greedy-256	l-10	search_short	nomatch	-	-	-	libpcre2-differential	10.46 2025-08-27
ctx-greedy-256	l-11	search_short	nomatch	-	-	-	libpcre2-differential	10.46 2025-08-27
ctx-greedy-256	r-00016	search_short	nomatch	-	-	-	libpcre2-differential	10.46 2025-08-27
ctx-greedy-256	r-00017	search_short	nomatch	-	-	-	libpcre2-differential	10.46 2025-08-27
ctx-greedy-256	r-00036	search_short	nomatch	-	-	-	libpcre2-differential	10.46 2025-08-27
ctx-greedy-256	r-00037	search_short	nomatch	-	-	-	libpcre2-differential	10.46 2025-08-27
ctx-greedy-256	r-00255	search_short	nomatch	-	-	-	libpcre2-differential	10.46 2025-08-27
ctx-greedy-256	r-00256	search_short	nomatch	-	-	-	libpcre2-differential	10.46 2025-08-27
ctx-greedy-256	r-00257	search_short	nomatch	-	-	-	libpcre2-differential	10.46 2025-08-27
ctx-greedy-256	d-00016	search_short	nomatch	-	-	-	libpcre2-differential	10.46 2025-08-27
ctx-greedy-256	d-00017	search_short	nomatch	-	-	-	libpcre2-differential	10.46 2025-08-27
ctx-greedy-256	d-00027	search_short	nomatch	-	-	-	libpcre2-differential	10.46 2025-08-27
ctx-greedy-256	d-00028	search_short	nomatch	-	-	-	libpcre2-differential	10.46 2025-08-27
ctx-greedy-256	d-00256	search_short	nomatch	-	-	-	libpcre2-differential	10.46 2025-08-27
cls-upto-16	f-year-4	match	nomatch	-	-	-	libpcre2-differential	10.46 2025-08-27
cls-upto-16	f-year-3	match	nomatch	-	-	-	libpcre2-differential	10.46 2025-08-27
cls-upto-16	f-year-5	match	nomatch	-	-	-	libpcre2-differential	10.46 2025-08-27
cls-upto-16	f-hex-32	match	nomatch	-	-	-	libpcre2-differential	10.46 2025-08-27
cls-upto-16	f-hex-31	match	nomatch	-	-	-	libpcre2-differential	10.46 2025-08-27
cls-upto-16	f-hex-32g	match	nomatch	-	-	-	libpcre2-differential	10.46 2025-08-27
cls-upto-16	f-pw-8	match	nomatch	-	-	-	libpcre2-differential	10.46 2025-08-27
cls-upto-16	f-pw-7	match	nomatch	-	-	-	libpcre2-differential	10.46 2025-08-27
cls-upto-16	f-pw-64	match	nomatch	-	-	-	libpcre2-differential	10.46 2025-08-27
cls-upto-16	f-pw-65	match	nomatch	-	-	-	libpcre2-differential	10.46 2025-08-27
cls-upto-16	f-quad-4	match	nomatch	-	-	-	libpcre2-differential	10.46 2025-08-27
cls-upto-16	f-quad-3	match	nomatch	-	-	-	libpcre2-differential	10.46 2025-08-27
cls-upto-16	f-quad-4x	match	nomatch	-	-	-	libpcre2-differential	10.46 2025-08-27
cls-upto-16	f-mac-6	match	nomatch	-	-	-	libpcre2-differential	10.46 2025-08-27
cls-upto-16	f-mac-5	match	nomatch	-	-	-	libpcre2-differential	10.46 2025-08-27
cls-upto-16	f-csv-5	match	nomatch	-	-	-	libpcre2-differential	10.46 2025-08-27
cls-upto-16	f-csv-4	match	nomatch	-	-	-	libpcre2-differential	10.46 2025-08-27
cls-upto-16	l-00	match	nomatch	-	-	-	libpcre2-differential	10.46 2025-08-27
cls-upto-16	l-01	match	nomatch	-	-	-	libpcre2-differential	10.46 2025-08-27
cls-upto-16	l-02	match	nomatch	-	-	-	libpcre2-differential	10.46 2025-08-27
cls-upto-16	l-03	match	nomatch	-	-	-	libpcre2-differential	10.46 2025-08-27
cls-upto-16	l-04	match	nomatch	-	-	-	libpcre2-differential	10.46 2025-08-27
cls-upto-16	l-05	match	nomatch	-	-	-	libpcre2-differential	10.46 2025-08-27
cls-upto-16	l-06	match	nomatch	-	-	-	libpcre2-differential	10.46 2025-08-27
cls-upto-16	l-07	match	nomatch	-	-	-	libpcre2-differential	10.46 2025-08-27
cls-upto-16	l-08	match	nomatch	-	-	-	libpcre2-differential	10.46 2025-08-27
cls-upto-16	l-09	match	nomatch	-	-	-	libpcre2-differential	10.46 2025-08-27
cls-upto-16	l-10	match	nomatch	-	-	-	libpcre2-differential	10.46 2025-08-27
cls-upto-16	l-11	match	nomatch	-	-	-	libpcre2-differential	10.46 2025-08-27
cls-upto-16	r-00016	match	match	0	16	-	libpcre2-differential	10.46 2025-08-27
cls-upto-16	r-00017	match	nomatch	-	-	-	libpcre2-differential	10.46 2025-08-27
cls-upto-16	r-00036	match	nomatch	-	-	-	libpcre2-differential	10.46 2025-08-27
cls-upto-16	r-00037	match	nomatch	-	-	-	libpcre2-differential	10.46 2025-08-27
cls-upto-16	r-00255	match	nomatch	-	-	-	libpcre2-differential	10.46 2025-08-27
cls-upto-16	r-00256	match	nomatch	-	-	-	libpcre2-differential	10.46 2025-08-27
cls-upto-16	r-00257	match	nomatch	-	-	-	libpcre2-differential	10.46 2025-08-27
cls-upto-16	r-04096	match	nomatch	-	-	-	libpcre2-differential	10.46 2025-08-27
cls-upto-16	r-16384	match	nomatch	-	-	-	libpcre2-differential	10.46 2025-08-27
cls-upto-16	d-00016	match	nomatch	-	-	-	libpcre2-differential	10.46 2025-08-27
cls-upto-16	d-00017	match	nomatch	-	-	-	libpcre2-differential	10.46 2025-08-27
cls-upto-16	d-00027	match	nomatch	-	-	-	libpcre2-differential	10.46 2025-08-27
cls-upto-16	d-00028	match	nomatch	-	-	-	libpcre2-differential	10.46 2025-08-27
cls-upto-16	d-00256	match	nomatch	-	-	-	libpcre2-differential	10.46 2025-08-27
cls-upto-16	f-year-4	search_short	match	0	0	-	libpcre2-differential	10.46 2025-08-27
cls-upto-16	f-year-3	search_short	match	0	0	-	libpcre2-differential	10.46 2025-08-27
cls-upto-16	f-year-5	search_short	match	0	0	-	libpcre2-differential	10.46 2025-08-27
cls-upto-16	f-hex-32	search_short	match	0	1	-	libpcre2-differential	10.46 2025-08-27
cls-upto-16	f-hex-31	search_short	match	0	1	-	libpcre2-differential	10.46 2025-08-27
cls-upto-16	f-hex-32g	search_short	match	0	1	-	libpcre2-differential	10.46 2025-08-27
cls-upto-16	f-pw-8	search_short	match	0	0	-	libpcre2-differential	10.46 2025-08-27
cls-upto-16	f-pw-7	search_short	match	0	1	-	libpcre2-differential	10.46 2025-08-27
cls-upto-16	f-pw-64	search_short	match	0	0	-	libpcre2-differential	10.46 2025-08-27
cls-upto-16	f-pw-65	search_short	match	0	1	-	libpcre2-differential	10.46 2025-08-27
cls-upto-16	f-quad-4	search_short	match	0	0	-	libpcre2-differential	10.46 2025-08-27
cls-upto-16	f-quad-3	search_short	match	0	0	-	libpcre2-differential	10.46 2025-08-27
cls-upto-16	f-quad-4x	search_short	match	0	0	-	libpcre2-differential	10.46 2025-08-27
cls-upto-16	f-mac-6	search_short	match	0	0	-	libpcre2-differential	10.46 2025-08-27
cls-upto-16	f-mac-5	search_short	match	0	0	-	libpcre2-differential	10.46 2025-08-27
cls-upto-16	f-csv-5	search_short	match	0	0	-	libpcre2-differential	10.46 2025-08-27
cls-upto-16	f-csv-4	search_short	match	0	0	-	libpcre2-differential	10.46 2025-08-27
cls-upto-16	l-00	search_short	match	0	4	-	libpcre2-differential	10.46 2025-08-27
cls-upto-16	l-01	search_short	match	0	5	-	libpcre2-differential	10.46 2025-08-27
cls-upto-16	l-02	search_short	match	0	0	-	libpcre2-differential	10.46 2025-08-27
cls-upto-16	l-03	search_short	match	0	0	-	libpcre2-differential	10.46 2025-08-27
cls-upto-16	l-04	search_short	match	0	0	-	libpcre2-differential	10.46 2025-08-27
cls-upto-16	l-05	search_short	match	0	0	-	libpcre2-differential	10.46 2025-08-27
cls-upto-16	l-06	search_short	match	0	0	-	libpcre2-differential	10.46 2025-08-27
cls-upto-16	l-07	search_short	match	0	0	-	libpcre2-differential	10.46 2025-08-27
cls-upto-16	l-08	search_short	match	0	0	-	libpcre2-differential	10.46 2025-08-27
cls-upto-16	l-09	search_short	match	0	0	-	libpcre2-differential	10.46 2025-08-27
cls-upto-16	l-10	search_short	match	0	0	-	libpcre2-differential	10.46 2025-08-27
cls-upto-16	l-11	search_short	match	0	0	-	libpcre2-differential	10.46 2025-08-27
cls-upto-16	r-00016	search_short	match	0	16	-	libpcre2-differential	10.46 2025-08-27
cls-upto-16	r-00017	search_short	match	0	16	-	libpcre2-differential	10.46 2025-08-27
cls-upto-16	r-00036	search_short	match	0	16	-	libpcre2-differential	10.46 2025-08-27
cls-upto-16	r-00037	search_short	match	0	16	-	libpcre2-differential	10.46 2025-08-27
cls-upto-16	r-00255	search_short	match	0	16	-	libpcre2-differential	10.46 2025-08-27
cls-upto-16	r-00256	search_short	match	0	16	-	libpcre2-differential	10.46 2025-08-27
cls-upto-16	r-00257	search_short	match	0	16	-	libpcre2-differential	10.46 2025-08-27
cls-upto-16	d-00016	search_short	match	0	0	-	libpcre2-differential	10.46 2025-08-27
cls-upto-16	d-00017	search_short	match	0	0	-	libpcre2-differential	10.46 2025-08-27
cls-upto-16	d-00027	search_short	match	0	0	-	libpcre2-differential	10.46 2025-08-27
cls-upto-16	d-00028	search_short	match	0	0	-	libpcre2-differential	10.46 2025-08-27
cls-upto-16	d-00256	search_short	match	0	0	-	libpcre2-differential	10.46 2025-08-27
cls-upto-256	f-year-4	match	nomatch	-	-	-	libpcre2-differential	10.46 2025-08-27
cls-upto-256	f-year-3	match	nomatch	-	-	-	libpcre2-differential	10.46 2025-08-27
cls-upto-256	f-year-5	match	nomatch	-	-	-	libpcre2-differential	10.46 2025-08-27
cls-upto-256	f-hex-32	match	nomatch	-	-	-	libpcre2-differential	10.46 2025-08-27
cls-upto-256	f-hex-31	match	nomatch	-	-	-	libpcre2-differential	10.46 2025-08-27
cls-upto-256	f-hex-32g	match	nomatch	-	-	-	libpcre2-differential	10.46 2025-08-27
cls-upto-256	f-pw-8	match	nomatch	-	-	-	libpcre2-differential	10.46 2025-08-27
cls-upto-256	f-pw-7	match	nomatch	-	-	-	libpcre2-differential	10.46 2025-08-27
cls-upto-256	f-pw-64	match	nomatch	-	-	-	libpcre2-differential	10.46 2025-08-27
cls-upto-256	f-pw-65	match	nomatch	-	-	-	libpcre2-differential	10.46 2025-08-27
cls-upto-256	f-quad-4	match	nomatch	-	-	-	libpcre2-differential	10.46 2025-08-27
cls-upto-256	f-quad-3	match	nomatch	-	-	-	libpcre2-differential	10.46 2025-08-27
cls-upto-256	f-quad-4x	match	nomatch	-	-	-	libpcre2-differential	10.46 2025-08-27
cls-upto-256	f-mac-6	match	nomatch	-	-	-	libpcre2-differential	10.46 2025-08-27
cls-upto-256	f-mac-5	match	nomatch	-	-	-	libpcre2-differential	10.46 2025-08-27
cls-upto-256	f-csv-5	match	nomatch	-	-	-	libpcre2-differential	10.46 2025-08-27
cls-upto-256	f-csv-4	match	nomatch	-	-	-	libpcre2-differential	10.46 2025-08-27
cls-upto-256	l-00	match	nomatch	-	-	-	libpcre2-differential	10.46 2025-08-27
cls-upto-256	l-01	match	nomatch	-	-	-	libpcre2-differential	10.46 2025-08-27
cls-upto-256	l-02	match	nomatch	-	-	-	libpcre2-differential	10.46 2025-08-27
cls-upto-256	l-03	match	nomatch	-	-	-	libpcre2-differential	10.46 2025-08-27
cls-upto-256	l-04	match	nomatch	-	-	-	libpcre2-differential	10.46 2025-08-27
cls-upto-256	l-05	match	nomatch	-	-	-	libpcre2-differential	10.46 2025-08-27
cls-upto-256	l-06	match	nomatch	-	-	-	libpcre2-differential	10.46 2025-08-27
cls-upto-256	l-07	match	nomatch	-	-	-	libpcre2-differential	10.46 2025-08-27
cls-upto-256	l-08	match	nomatch	-	-	-	libpcre2-differential	10.46 2025-08-27
cls-upto-256	l-09	match	nomatch	-	-	-	libpcre2-differential	10.46 2025-08-27
cls-upto-256	l-10	match	nomatch	-	-	-	libpcre2-differential	10.46 2025-08-27
cls-upto-256	l-11	match	nomatch	-	-	-	libpcre2-differential	10.46 2025-08-27
cls-upto-256	r-00016	match	match	0	16	-	libpcre2-differential	10.46 2025-08-27
cls-upto-256	r-00017	match	match	0	17	-	libpcre2-differential	10.46 2025-08-27
cls-upto-256	r-00036	match	match	0	36	-	libpcre2-differential	10.46 2025-08-27
cls-upto-256	r-00037	match	match	0	37	-	libpcre2-differential	10.46 2025-08-27
cls-upto-256	r-00255	match	match	0	255	-	libpcre2-differential	10.46 2025-08-27
cls-upto-256	r-00256	match	match	0	256	-	libpcre2-differential	10.46 2025-08-27
cls-upto-256	r-00257	match	nomatch	-	-	-	libpcre2-differential	10.46 2025-08-27
cls-upto-256	r-04096	match	nomatch	-	-	-	libpcre2-differential	10.46 2025-08-27
cls-upto-256	r-16384	match	nomatch	-	-	-	libpcre2-differential	10.46 2025-08-27
cls-upto-256	d-00016	match	nomatch	-	-	-	libpcre2-differential	10.46 2025-08-27
cls-upto-256	d-00017	match	nomatch	-	-	-	libpcre2-differential	10.46 2025-08-27
cls-upto-256	d-00027	match	nomatch	-	-	-	libpcre2-differential	10.46 2025-08-27
cls-upto-256	d-00028	match	nomatch	-	-	-	libpcre2-differential	10.46 2025-08-27
cls-upto-256	d-00256	match	nomatch	-	-	-	libpcre2-differential	10.46 2025-08-27
cls-upto-256	f-year-4	search_short	match	0	0	-	libpcre2-differential	10.46 2025-08-27
cls-upto-256	f-year-3	search_short	match	0	0	-	libpcre2-differential	10.46 2025-08-27
cls-upto-256	f-year-5	search_short	match	0	0	-	libpcre2-differential	10.46 2025-08-27
cls-upto-256	f-hex-32	search_short	match	0	1	-	libpcre2-differential	10.46 2025-08-27
cls-upto-256	f-hex-31	search_short	match	0	1	-	libpcre2-differential	10.46 2025-08-27
cls-upto-256	f-hex-32g	search_short	match	0	1	-	libpcre2-differential	10.46 2025-08-27
cls-upto-256	f-pw-8	search_short	match	0	0	-	libpcre2-differential	10.46 2025-08-27
cls-upto-256	f-pw-7	search_short	match	0	1	-	libpcre2-differential	10.46 2025-08-27
cls-upto-256	f-pw-64	search_short	match	0	0	-	libpcre2-differential	10.46 2025-08-27
cls-upto-256	f-pw-65	search_short	match	0	1	-	libpcre2-differential	10.46 2025-08-27
cls-upto-256	f-quad-4	search_short	match	0	0	-	libpcre2-differential	10.46 2025-08-27
cls-upto-256	f-quad-3	search_short	match	0	0	-	libpcre2-differential	10.46 2025-08-27
cls-upto-256	f-quad-4x	search_short	match	0	0	-	libpcre2-differential	10.46 2025-08-27
cls-upto-256	f-mac-6	search_short	match	0	0	-	libpcre2-differential	10.46 2025-08-27
cls-upto-256	f-mac-5	search_short	match	0	0	-	libpcre2-differential	10.46 2025-08-27
cls-upto-256	f-csv-5	search_short	match	0	0	-	libpcre2-differential	10.46 2025-08-27
cls-upto-256	f-csv-4	search_short	match	0	0	-	libpcre2-differential	10.46 2025-08-27
cls-upto-256	l-00	search_short	match	0	4	-	libpcre2-differential	10.46 2025-08-27
cls-upto-256	l-01	search_short	match	0	5	-	libpcre2-differential	10.46 2025-08-27
cls-upto-256	l-02	search_short	match	0	0	-	libpcre2-differential	10.46 2025-08-27
cls-upto-256	l-03	search_short	match	0	0	-	libpcre2-differential	10.46 2025-08-27
cls-upto-256	l-04	search_short	match	0	0	-	libpcre2-differential	10.46 2025-08-27
cls-upto-256	l-05	search_short	match	0	0	-	libpcre2-differential	10.46 2025-08-27
cls-upto-256	l-06	search_short	match	0	0	-	libpcre2-differential	10.46 2025-08-27
cls-upto-256	l-07	search_short	match	0	0	-	libpcre2-differential	10.46 2025-08-27
cls-upto-256	l-08	search_short	match	0	0	-	libpcre2-differential	10.46 2025-08-27
cls-upto-256	l-09	search_short	match	0	0	-	libpcre2-differential	10.46 2025-08-27
cls-upto-256	l-10	search_short	match	0	0	-	libpcre2-differential	10.46 2025-08-27
cls-upto-256	l-11	search_short	match	0	0	-	libpcre2-differential	10.46 2025-08-27
cls-upto-256	r-00016	search_short	match	0	16	-	libpcre2-differential	10.46 2025-08-27
cls-upto-256	r-00017	search_short	match	0	17	-	libpcre2-differential	10.46 2025-08-27
cls-upto-256	r-00036	search_short	match	0	36	-	libpcre2-differential	10.46 2025-08-27
cls-upto-256	r-00037	search_short	match	0	37	-	libpcre2-differential	10.46 2025-08-27
cls-upto-256	r-00255	search_short	match	0	255	-	libpcre2-differential	10.46 2025-08-27
cls-upto-256	r-00256	search_short	match	0	256	-	libpcre2-differential	10.46 2025-08-27
cls-upto-256	r-00257	search_short	match	0	256	-	libpcre2-differential	10.46 2025-08-27
cls-upto-256	d-00016	search_short	match	0	0	-	libpcre2-differential	10.46 2025-08-27
cls-upto-256	d-00017	search_short	match	0	0	-	libpcre2-differential	10.46 2025-08-27
cls-upto-256	d-00027	search_short	match	0	0	-	libpcre2-differential	10.46 2025-08-27
cls-upto-256	d-00028	search_short	match	0	0	-	libpcre2-differential	10.46 2025-08-27
cls-upto-256	d-00256	search_short	match	0	0	-	libpcre2-differential	10.46 2025-08-27
cls-upto-4096	f-year-4	match	nomatch	-	-	-	libpcre2-differential	10.46 2025-08-27
cls-upto-4096	f-year-3	match	nomatch	-	-	-	libpcre2-differential	10.46 2025-08-27
cls-upto-4096	f-year-5	match	nomatch	-	-	-	libpcre2-differential	10.46 2025-08-27
cls-upto-4096	f-hex-32	match	nomatch	-	-	-	libpcre2-differential	10.46 2025-08-27
cls-upto-4096	f-hex-31	match	nomatch	-	-	-	libpcre2-differential	10.46 2025-08-27
cls-upto-4096	f-hex-32g	match	nomatch	-	-	-	libpcre2-differential	10.46 2025-08-27
cls-upto-4096	f-pw-8	match	nomatch	-	-	-	libpcre2-differential	10.46 2025-08-27
cls-upto-4096	f-pw-7	match	nomatch	-	-	-	libpcre2-differential	10.46 2025-08-27
cls-upto-4096	f-pw-64	match	nomatch	-	-	-	libpcre2-differential	10.46 2025-08-27
cls-upto-4096	f-pw-65	match	nomatch	-	-	-	libpcre2-differential	10.46 2025-08-27
cls-upto-4096	f-quad-4	match	nomatch	-	-	-	libpcre2-differential	10.46 2025-08-27
cls-upto-4096	f-quad-3	match	nomatch	-	-	-	libpcre2-differential	10.46 2025-08-27
cls-upto-4096	f-quad-4x	match	nomatch	-	-	-	libpcre2-differential	10.46 2025-08-27
cls-upto-4096	f-mac-6	match	nomatch	-	-	-	libpcre2-differential	10.46 2025-08-27
cls-upto-4096	f-mac-5	match	nomatch	-	-	-	libpcre2-differential	10.46 2025-08-27
cls-upto-4096	f-csv-5	match	nomatch	-	-	-	libpcre2-differential	10.46 2025-08-27
cls-upto-4096	f-csv-4	match	nomatch	-	-	-	libpcre2-differential	10.46 2025-08-27
cls-upto-4096	l-00	match	nomatch	-	-	-	libpcre2-differential	10.46 2025-08-27
cls-upto-4096	l-01	match	nomatch	-	-	-	libpcre2-differential	10.46 2025-08-27
cls-upto-4096	l-02	match	nomatch	-	-	-	libpcre2-differential	10.46 2025-08-27
cls-upto-4096	l-03	match	nomatch	-	-	-	libpcre2-differential	10.46 2025-08-27
cls-upto-4096	l-04	match	nomatch	-	-	-	libpcre2-differential	10.46 2025-08-27
cls-upto-4096	l-05	match	nomatch	-	-	-	libpcre2-differential	10.46 2025-08-27
cls-upto-4096	l-06	match	nomatch	-	-	-	libpcre2-differential	10.46 2025-08-27
cls-upto-4096	l-07	match	nomatch	-	-	-	libpcre2-differential	10.46 2025-08-27
cls-upto-4096	l-08	match	nomatch	-	-	-	libpcre2-differential	10.46 2025-08-27
cls-upto-4096	l-09	match	nomatch	-	-	-	libpcre2-differential	10.46 2025-08-27
cls-upto-4096	l-10	match	nomatch	-	-	-	libpcre2-differential	10.46 2025-08-27
cls-upto-4096	l-11	match	nomatch	-	-	-	libpcre2-differential	10.46 2025-08-27
cls-upto-4096	r-00016	match	match	0	16	-	libpcre2-differential	10.46 2025-08-27
cls-upto-4096	r-00017	match	match	0	17	-	libpcre2-differential	10.46 2025-08-27
cls-upto-4096	r-00036	match	match	0	36	-	libpcre2-differential	10.46 2025-08-27
cls-upto-4096	r-00037	match	match	0	37	-	libpcre2-differential	10.46 2025-08-27
cls-upto-4096	r-00255	match	match	0	255	-	libpcre2-differential	10.46 2025-08-27
cls-upto-4096	r-00256	match	match	0	256	-	libpcre2-differential	10.46 2025-08-27
cls-upto-4096	r-00257	match	match	0	257	-	libpcre2-differential	10.46 2025-08-27
cls-upto-4096	r-04096	match	match	0	4096	-	libpcre2-differential	10.46 2025-08-27
cls-upto-4096	r-16384	match	nomatch	-	-	-	libpcre2-differential	10.46 2025-08-27
cls-upto-4096	d-00016	match	nomatch	-	-	-	libpcre2-differential	10.46 2025-08-27
cls-upto-4096	d-00017	match	nomatch	-	-	-	libpcre2-differential	10.46 2025-08-27
cls-upto-4096	d-00027	match	nomatch	-	-	-	libpcre2-differential	10.46 2025-08-27
cls-upto-4096	d-00028	match	nomatch	-	-	-	libpcre2-differential	10.46 2025-08-27
cls-upto-4096	d-00256	match	nomatch	-	-	-	libpcre2-differential	10.46 2025-08-27
cls-upto-4096	f-year-4	search_short	match	0	0	-	libpcre2-differential	10.46 2025-08-27
cls-upto-4096	f-year-3	search_short	match	0	0	-	libpcre2-differential	10.46 2025-08-27
cls-upto-4096	f-year-5	search_short	match	0	0	-	libpcre2-differential	10.46 2025-08-27
cls-upto-4096	f-hex-32	search_short	match	0	1	-	libpcre2-differential	10.46 2025-08-27
cls-upto-4096	f-hex-31	search_short	match	0	1	-	libpcre2-differential	10.46 2025-08-27
cls-upto-4096	f-hex-32g	search_short	match	0	1	-	libpcre2-differential	10.46 2025-08-27
cls-upto-4096	f-pw-8	search_short	match	0	0	-	libpcre2-differential	10.46 2025-08-27
cls-upto-4096	f-pw-7	search_short	match	0	1	-	libpcre2-differential	10.46 2025-08-27
cls-upto-4096	f-pw-64	search_short	match	0	0	-	libpcre2-differential	10.46 2025-08-27
cls-upto-4096	f-pw-65	search_short	match	0	1	-	libpcre2-differential	10.46 2025-08-27
cls-upto-4096	f-quad-4	search_short	match	0	0	-	libpcre2-differential	10.46 2025-08-27
cls-upto-4096	f-quad-3	search_short	match	0	0	-	libpcre2-differential	10.46 2025-08-27
cls-upto-4096	f-quad-4x	search_short	match	0	0	-	libpcre2-differential	10.46 2025-08-27
cls-upto-4096	f-mac-6	search_short	match	0	0	-	libpcre2-differential	10.46 2025-08-27
cls-upto-4096	f-mac-5	search_short	match	0	0	-	libpcre2-differential	10.46 2025-08-27
cls-upto-4096	f-csv-5	search_short	match	0	0	-	libpcre2-differential	10.46 2025-08-27
cls-upto-4096	f-csv-4	search_short	match	0	0	-	libpcre2-differential	10.46 2025-08-27
cls-upto-4096	l-00	search_short	match	0	4	-	libpcre2-differential	10.46 2025-08-27
cls-upto-4096	l-01	search_short	match	0	5	-	libpcre2-differential	10.46 2025-08-27
cls-upto-4096	l-02	search_short	match	0	0	-	libpcre2-differential	10.46 2025-08-27
cls-upto-4096	l-03	search_short	match	0	0	-	libpcre2-differential	10.46 2025-08-27
cls-upto-4096	l-04	search_short	match	0	0	-	libpcre2-differential	10.46 2025-08-27
cls-upto-4096	l-05	search_short	match	0	0	-	libpcre2-differential	10.46 2025-08-27
cls-upto-4096	l-06	search_short	match	0	0	-	libpcre2-differential	10.46 2025-08-27
cls-upto-4096	l-07	search_short	match	0	0	-	libpcre2-differential	10.46 2025-08-27
cls-upto-4096	l-08	search_short	match	0	0	-	libpcre2-differential	10.46 2025-08-27
cls-upto-4096	l-09	search_short	match	0	0	-	libpcre2-differential	10.46 2025-08-27
cls-upto-4096	l-10	search_short	match	0	0	-	libpcre2-differential	10.46 2025-08-27
cls-upto-4096	l-11	search_short	match	0	0	-	libpcre2-differential	10.46 2025-08-27
cls-upto-4096	r-00016	search_short	match	0	16	-	libpcre2-differential	10.46 2025-08-27
cls-upto-4096	r-00017	search_short	match	0	17	-	libpcre2-differential	10.46 2025-08-27
cls-upto-4096	r-00036	search_short	match	0	36	-	libpcre2-differential	10.46 2025-08-27
cls-upto-4096	r-00037	search_short	match	0	37	-	libpcre2-differential	10.46 2025-08-27
cls-upto-4096	r-00255	search_short	match	0	255	-	libpcre2-differential	10.46 2025-08-27
cls-upto-4096	r-00256	search_short	match	0	256	-	libpcre2-differential	10.46 2025-08-27
cls-upto-4096	r-00257	search_short	match	0	257	-	libpcre2-differential	10.46 2025-08-27
cls-upto-4096	d-00016	search_short	match	0	0	-	libpcre2-differential	10.46 2025-08-27
cls-upto-4096	d-00017	search_short	match	0	0	-	libpcre2-differential	10.46 2025-08-27
cls-upto-4096	d-00027	search_short	match	0	0	-	libpcre2-differential	10.46 2025-08-27
cls-upto-4096	d-00028	search_short	match	0	0	-	libpcre2-differential	10.46 2025-08-27
cls-upto-4096	d-00256	search_short	match	0	0	-	libpcre2-differential	10.46 2025-08-27
cls-upto-16384	f-year-4	match	nomatch	-	-	-	libpcre2-differential	10.46 2025-08-27
cls-upto-16384	f-year-3	match	nomatch	-	-	-	libpcre2-differential	10.46 2025-08-27
cls-upto-16384	f-year-5	match	nomatch	-	-	-	libpcre2-differential	10.46 2025-08-27
cls-upto-16384	f-hex-32	match	nomatch	-	-	-	libpcre2-differential	10.46 2025-08-27
cls-upto-16384	f-hex-31	match	nomatch	-	-	-	libpcre2-differential	10.46 2025-08-27
cls-upto-16384	f-hex-32g	match	nomatch	-	-	-	libpcre2-differential	10.46 2025-08-27
cls-upto-16384	f-pw-8	match	nomatch	-	-	-	libpcre2-differential	10.46 2025-08-27
cls-upto-16384	f-pw-7	match	nomatch	-	-	-	libpcre2-differential	10.46 2025-08-27
cls-upto-16384	f-pw-64	match	nomatch	-	-	-	libpcre2-differential	10.46 2025-08-27
cls-upto-16384	f-pw-65	match	nomatch	-	-	-	libpcre2-differential	10.46 2025-08-27
cls-upto-16384	f-quad-4	match	nomatch	-	-	-	libpcre2-differential	10.46 2025-08-27
cls-upto-16384	f-quad-3	match	nomatch	-	-	-	libpcre2-differential	10.46 2025-08-27
cls-upto-16384	f-quad-4x	match	nomatch	-	-	-	libpcre2-differential	10.46 2025-08-27
cls-upto-16384	f-mac-6	match	nomatch	-	-	-	libpcre2-differential	10.46 2025-08-27
cls-upto-16384	f-mac-5	match	nomatch	-	-	-	libpcre2-differential	10.46 2025-08-27
cls-upto-16384	f-csv-5	match	nomatch	-	-	-	libpcre2-differential	10.46 2025-08-27
cls-upto-16384	f-csv-4	match	nomatch	-	-	-	libpcre2-differential	10.46 2025-08-27
cls-upto-16384	l-00	match	nomatch	-	-	-	libpcre2-differential	10.46 2025-08-27
cls-upto-16384	l-01	match	nomatch	-	-	-	libpcre2-differential	10.46 2025-08-27
cls-upto-16384	l-02	match	nomatch	-	-	-	libpcre2-differential	10.46 2025-08-27
cls-upto-16384	l-03	match	nomatch	-	-	-	libpcre2-differential	10.46 2025-08-27
cls-upto-16384	l-04	match	nomatch	-	-	-	libpcre2-differential	10.46 2025-08-27
cls-upto-16384	l-05	match	nomatch	-	-	-	libpcre2-differential	10.46 2025-08-27
cls-upto-16384	l-06	match	nomatch	-	-	-	libpcre2-differential	10.46 2025-08-27
cls-upto-16384	l-07	match	nomatch	-	-	-	libpcre2-differential	10.46 2025-08-27
cls-upto-16384	l-08	match	nomatch	-	-	-	libpcre2-differential	10.46 2025-08-27
cls-upto-16384	l-09	match	nomatch	-	-	-	libpcre2-differential	10.46 2025-08-27
cls-upto-16384	l-10	match	nomatch	-	-	-	libpcre2-differential	10.46 2025-08-27
cls-upto-16384	l-11	match	nomatch	-	-	-	libpcre2-differential	10.46 2025-08-27
cls-upto-16384	r-00016	match	match	0	16	-	libpcre2-differential	10.46 2025-08-27
cls-upto-16384	r-00017	match	match	0	17	-	libpcre2-differential	10.46 2025-08-27
cls-upto-16384	r-00036	match	match	0	36	-	libpcre2-differential	10.46 2025-08-27
cls-upto-16384	r-00037	match	match	0	37	-	libpcre2-differential	10.46 2025-08-27
cls-upto-16384	r-00255	match	match	0	255	-	libpcre2-differential	10.46 2025-08-27
cls-upto-16384	r-00256	match	match	0	256	-	libpcre2-differential	10.46 2025-08-27
cls-upto-16384	r-00257	match	match	0	257	-	libpcre2-differential	10.46 2025-08-27
cls-upto-16384	r-04096	match	match	0	4096	-	libpcre2-differential	10.46 2025-08-27
cls-upto-16384	r-16384	match	match	0	16384	-	libpcre2-differential	10.46 2025-08-27
cls-upto-16384	d-00016	match	nomatch	-	-	-	libpcre2-differential	10.46 2025-08-27
cls-upto-16384	d-00017	match	nomatch	-	-	-	libpcre2-differential	10.46 2025-08-27
cls-upto-16384	d-00027	match	nomatch	-	-	-	libpcre2-differential	10.46 2025-08-27
cls-upto-16384	d-00028	match	nomatch	-	-	-	libpcre2-differential	10.46 2025-08-27
cls-upto-16384	d-00256	match	nomatch	-	-	-	libpcre2-differential	10.46 2025-08-27
cls-upto-16384	f-year-4	search_short	match	0	0	-	libpcre2-differential	10.46 2025-08-27
cls-upto-16384	f-year-3	search_short	match	0	0	-	libpcre2-differential	10.46 2025-08-27
cls-upto-16384	f-year-5	search_short	match	0	0	-	libpcre2-differential	10.46 2025-08-27
cls-upto-16384	f-hex-32	search_short	match	0	1	-	libpcre2-differential	10.46 2025-08-27
cls-upto-16384	f-hex-31	search_short	match	0	1	-	libpcre2-differential	10.46 2025-08-27
cls-upto-16384	f-hex-32g	search_short	match	0	1	-	libpcre2-differential	10.46 2025-08-27
cls-upto-16384	f-pw-8	search_short	match	0	0	-	libpcre2-differential	10.46 2025-08-27
cls-upto-16384	f-pw-7	search_short	match	0	1	-	libpcre2-differential	10.46 2025-08-27
cls-upto-16384	f-pw-64	search_short	match	0	0	-	libpcre2-differential	10.46 2025-08-27
cls-upto-16384	f-pw-65	search_short	match	0	1	-	libpcre2-differential	10.46 2025-08-27
cls-upto-16384	f-quad-4	search_short	match	0	0	-	libpcre2-differential	10.46 2025-08-27
cls-upto-16384	f-quad-3	search_short	match	0	0	-	libpcre2-differential	10.46 2025-08-27
cls-upto-16384	f-quad-4x	search_short	match	0	0	-	libpcre2-differential	10.46 2025-08-27
cls-upto-16384	f-mac-6	search_short	match	0	0	-	libpcre2-differential	10.46 2025-08-27
cls-upto-16384	f-mac-5	search_short	match	0	0	-	libpcre2-differential	10.46 2025-08-27
cls-upto-16384	f-csv-5	search_short	match	0	0	-	libpcre2-differential	10.46 2025-08-27
cls-upto-16384	f-csv-4	search_short	match	0	0	-	libpcre2-differential	10.46 2025-08-27
cls-upto-16384	l-00	search_short	match	0	4	-	libpcre2-differential	10.46 2025-08-27
cls-upto-16384	l-01	search_short	match	0	5	-	libpcre2-differential	10.46 2025-08-27
cls-upto-16384	l-02	search_short	match	0	0	-	libpcre2-differential	10.46 2025-08-27
cls-upto-16384	l-03	search_short	match	0	0	-	libpcre2-differential	10.46 2025-08-27
cls-upto-16384	l-04	search_short	match	0	0	-	libpcre2-differential	10.46 2025-08-27
cls-upto-16384	l-05	search_short	match	0	0	-	libpcre2-differential	10.46 2025-08-27
cls-upto-16384	l-06	search_short	match	0	0	-	libpcre2-differential	10.46 2025-08-27
cls-upto-16384	l-07	search_short	match	0	0	-	libpcre2-differential	10.46 2025-08-27
cls-upto-16384	l-08	search_short	match	0	0	-	libpcre2-differential	10.46 2025-08-27
cls-upto-16384	l-09	search_short	match	0	0	-	libpcre2-differential	10.46 2025-08-27
cls-upto-16384	l-10	search_short	match	0	0	-	libpcre2-differential	10.46 2025-08-27
cls-upto-16384	l-11	search_short	match	0	0	-	libpcre2-differential	10.46 2025-08-27
cls-upto-16384	r-00016	search_short	match	0	16	-	libpcre2-differential	10.46 2025-08-27
cls-upto-16384	r-00017	search_short	match	0	17	-	libpcre2-differential	10.46 2025-08-27
cls-upto-16384	r-00036	search_short	match	0	36	-	libpcre2-differential	10.46 2025-08-27
cls-upto-16384	r-00037	search_short	match	0	37	-	libpcre2-differential	10.46 2025-08-27
cls-upto-16384	r-00255	search_short	match	0	255	-	libpcre2-differential	10.46 2025-08-27
cls-upto-16384	r-00256	search_short	match	0	256	-	libpcre2-differential	10.46 2025-08-27
cls-upto-16384	r-00257	search_short	match	0	257	-	libpcre2-differential	10.46 2025-08-27
cls-upto-16384	d-00016	search_short	match	0	0	-	libpcre2-differential	10.46 2025-08-27
cls-upto-16384	d-00017	search_short	match	0	0	-	libpcre2-differential	10.46 2025-08-27
cls-upto-16384	d-00027	search_short	match	0	0	-	libpcre2-differential	10.46 2025-08-27
cls-upto-16384	d-00028	search_short	match	0	0	-	libpcre2-differential	10.46 2025-08-27
cls-upto-16384	d-00256	search_short	match	0	0	-	libpcre2-differential	10.46 2025-08-27
cls-upto-32768	f-year-4	match	nomatch	-	-	-	libpcre2-differential	10.46 2025-08-27
cls-upto-32768	f-year-3	match	nomatch	-	-	-	libpcre2-differential	10.46 2025-08-27
cls-upto-32768	f-year-5	match	nomatch	-	-	-	libpcre2-differential	10.46 2025-08-27
cls-upto-32768	f-hex-32	match	nomatch	-	-	-	libpcre2-differential	10.46 2025-08-27
cls-upto-32768	f-hex-31	match	nomatch	-	-	-	libpcre2-differential	10.46 2025-08-27
cls-upto-32768	f-hex-32g	match	nomatch	-	-	-	libpcre2-differential	10.46 2025-08-27
cls-upto-32768	f-pw-8	match	nomatch	-	-	-	libpcre2-differential	10.46 2025-08-27
cls-upto-32768	f-pw-7	match	nomatch	-	-	-	libpcre2-differential	10.46 2025-08-27
cls-upto-32768	f-pw-64	match	nomatch	-	-	-	libpcre2-differential	10.46 2025-08-27
cls-upto-32768	f-pw-65	match	nomatch	-	-	-	libpcre2-differential	10.46 2025-08-27
cls-upto-32768	f-quad-4	match	nomatch	-	-	-	libpcre2-differential	10.46 2025-08-27
cls-upto-32768	f-quad-3	match	nomatch	-	-	-	libpcre2-differential	10.46 2025-08-27
cls-upto-32768	f-quad-4x	match	nomatch	-	-	-	libpcre2-differential	10.46 2025-08-27
cls-upto-32768	f-mac-6	match	nomatch	-	-	-	libpcre2-differential	10.46 2025-08-27
cls-upto-32768	f-mac-5	match	nomatch	-	-	-	libpcre2-differential	10.46 2025-08-27
cls-upto-32768	f-csv-5	match	nomatch	-	-	-	libpcre2-differential	10.46 2025-08-27
cls-upto-32768	f-csv-4	match	nomatch	-	-	-	libpcre2-differential	10.46 2025-08-27
cls-upto-32768	l-00	match	nomatch	-	-	-	libpcre2-differential	10.46 2025-08-27
cls-upto-32768	l-01	match	nomatch	-	-	-	libpcre2-differential	10.46 2025-08-27
cls-upto-32768	l-02	match	nomatch	-	-	-	libpcre2-differential	10.46 2025-08-27
cls-upto-32768	l-03	match	nomatch	-	-	-	libpcre2-differential	10.46 2025-08-27
cls-upto-32768	l-04	match	nomatch	-	-	-	libpcre2-differential	10.46 2025-08-27
cls-upto-32768	l-05	match	nomatch	-	-	-	libpcre2-differential	10.46 2025-08-27
cls-upto-32768	l-06	match	nomatch	-	-	-	libpcre2-differential	10.46 2025-08-27
cls-upto-32768	l-07	match	nomatch	-	-	-	libpcre2-differential	10.46 2025-08-27
cls-upto-32768	l-08	match	nomatch	-	-	-	libpcre2-differential	10.46 2025-08-27
cls-upto-32768	l-09	match	nomatch	-	-	-	libpcre2-differential	10.46 2025-08-27
cls-upto-32768	l-10	match	nomatch	-	-	-	libpcre2-differential	10.46 2025-08-27
cls-upto-32768	l-11	match	nomatch	-	-	-	libpcre2-differential	10.46 2025-08-27
cls-upto-32768	r-00016	match	match	0	16	-	libpcre2-differential	10.46 2025-08-27
cls-upto-32768	r-00017	match	match	0	17	-	libpcre2-differential	10.46 2025-08-27
cls-upto-32768	r-00036	match	match	0	36	-	libpcre2-differential	10.46 2025-08-27
cls-upto-32768	r-00037	match	match	0	37	-	libpcre2-differential	10.46 2025-08-27
cls-upto-32768	r-00255	match	match	0	255	-	libpcre2-differential	10.46 2025-08-27
cls-upto-32768	r-00256	match	match	0	256	-	libpcre2-differential	10.46 2025-08-27
cls-upto-32768	r-00257	match	match	0	257	-	libpcre2-differential	10.46 2025-08-27
cls-upto-32768	r-04096	match	match	0	4096	-	libpcre2-differential	10.46 2025-08-27
cls-upto-32768	r-16384	match	match	0	16384	-	libpcre2-differential	10.46 2025-08-27
cls-upto-32768	d-00016	match	nomatch	-	-	-	libpcre2-differential	10.46 2025-08-27
cls-upto-32768	d-00017	match	nomatch	-	-	-	libpcre2-differential	10.46 2025-08-27
cls-upto-32768	d-00027	match	nomatch	-	-	-	libpcre2-differential	10.46 2025-08-27
cls-upto-32768	d-00028	match	nomatch	-	-	-	libpcre2-differential	10.46 2025-08-27
cls-upto-32768	d-00256	match	nomatch	-	-	-	libpcre2-differential	10.46 2025-08-27
cls-upto-32768	f-year-4	search_short	match	0	0	-	libpcre2-differential	10.46 2025-08-27
cls-upto-32768	f-year-3	search_short	match	0	0	-	libpcre2-differential	10.46 2025-08-27
cls-upto-32768	f-year-5	search_short	match	0	0	-	libpcre2-differential	10.46 2025-08-27
cls-upto-32768	f-hex-32	search_short	match	0	1	-	libpcre2-differential	10.46 2025-08-27
cls-upto-32768	f-hex-31	search_short	match	0	1	-	libpcre2-differential	10.46 2025-08-27
cls-upto-32768	f-hex-32g	search_short	match	0	1	-	libpcre2-differential	10.46 2025-08-27
cls-upto-32768	f-pw-8	search_short	match	0	0	-	libpcre2-differential	10.46 2025-08-27
cls-upto-32768	f-pw-7	search_short	match	0	1	-	libpcre2-differential	10.46 2025-08-27
cls-upto-32768	f-pw-64	search_short	match	0	0	-	libpcre2-differential	10.46 2025-08-27
cls-upto-32768	f-pw-65	search_short	match	0	1	-	libpcre2-differential	10.46 2025-08-27
cls-upto-32768	f-quad-4	search_short	match	0	0	-	libpcre2-differential	10.46 2025-08-27
cls-upto-32768	f-quad-3	search_short	match	0	0	-	libpcre2-differential	10.46 2025-08-27
cls-upto-32768	f-quad-4x	search_short	match	0	0	-	libpcre2-differential	10.46 2025-08-27
cls-upto-32768	f-mac-6	search_short	match	0	0	-	libpcre2-differential	10.46 2025-08-27
cls-upto-32768	f-mac-5	search_short	match	0	0	-	libpcre2-differential	10.46 2025-08-27
cls-upto-32768	f-csv-5	search_short	match	0	0	-	libpcre2-differential	10.46 2025-08-27
cls-upto-32768	f-csv-4	search_short	match	0	0	-	libpcre2-differential	10.46 2025-08-27
cls-upto-32768	l-00	search_short	match	0	4	-	libpcre2-differential	10.46 2025-08-27
cls-upto-32768	l-01	search_short	match	0	5	-	libpcre2-differential	10.46 2025-08-27
cls-upto-32768	l-02	search_short	match	0	0	-	libpcre2-differential	10.46 2025-08-27
cls-upto-32768	l-03	search_short	match	0	0	-	libpcre2-differential	10.46 2025-08-27
cls-upto-32768	l-04	search_short	match	0	0	-	libpcre2-differential	10.46 2025-08-27
cls-upto-32768	l-05	search_short	match	0	0	-	libpcre2-differential	10.46 2025-08-27
cls-upto-32768	l-06	search_short	match	0	0	-	libpcre2-differential	10.46 2025-08-27
cls-upto-32768	l-07	search_short	match	0	0	-	libpcre2-differential	10.46 2025-08-27
cls-upto-32768	l-08	search_short	match	0	0	-	libpcre2-differential	10.46 2025-08-27
cls-upto-32768	l-09	search_short	match	0	0	-	libpcre2-differential	10.46 2025-08-27
cls-upto-32768	l-10	search_short	match	0	0	-	libpcre2-differential	10.46 2025-08-27
cls-upto-32768	l-11	search_short	match	0	0	-	libpcre2-differential	10.46 2025-08-27
cls-upto-32768	r-00016	search_short	match	0	16	-	libpcre2-differential	10.46 2025-08-27
cls-upto-32768	r-00017	search_short	match	0	17	-	libpcre2-differential	10.46 2025-08-27
cls-upto-32768	r-00036	search_short	match	0	36	-	libpcre2-differential	10.46 2025-08-27
cls-upto-32768	r-00037	search_short	match	0	37	-	libpcre2-differential	10.46 2025-08-27
cls-upto-32768	r-00255	search_short	match	0	255	-	libpcre2-differential	10.46 2025-08-27
cls-upto-32768	r-00256	search_short	match	0	256	-	libpcre2-differential	10.46 2025-08-27
cls-upto-32768	r-00257	search_short	match	0	257	-	libpcre2-differential	10.46 2025-08-27
cls-upto-32768	d-00016	search_short	match	0	0	-	libpcre2-differential	10.46 2025-08-27
cls-upto-32768	d-00017	search_short	match	0	0	-	libpcre2-differential	10.46 2025-08-27
cls-upto-32768	d-00027	search_short	match	0	0	-	libpcre2-differential	10.46 2025-08-27
cls-upto-32768	d-00028	search_short	match	0	0	-	libpcre2-differential	10.46 2025-08-27
cls-upto-32768	d-00256	search_short	match	0	0	-	libpcre2-differential	10.46 2025-08-27
cls-upto-65535	f-year-4	match	nomatch	-	-	-	libpcre2-differential	10.46 2025-08-27
cls-upto-65535	f-year-3	match	nomatch	-	-	-	libpcre2-differential	10.46 2025-08-27
cls-upto-65535	f-year-5	match	nomatch	-	-	-	libpcre2-differential	10.46 2025-08-27
cls-upto-65535	f-hex-32	match	nomatch	-	-	-	libpcre2-differential	10.46 2025-08-27
cls-upto-65535	f-hex-31	match	nomatch	-	-	-	libpcre2-differential	10.46 2025-08-27
cls-upto-65535	f-hex-32g	match	nomatch	-	-	-	libpcre2-differential	10.46 2025-08-27
cls-upto-65535	f-pw-8	match	nomatch	-	-	-	libpcre2-differential	10.46 2025-08-27
cls-upto-65535	f-pw-7	match	nomatch	-	-	-	libpcre2-differential	10.46 2025-08-27
cls-upto-65535	f-pw-64	match	nomatch	-	-	-	libpcre2-differential	10.46 2025-08-27
cls-upto-65535	f-pw-65	match	nomatch	-	-	-	libpcre2-differential	10.46 2025-08-27
cls-upto-65535	f-quad-4	match	nomatch	-	-	-	libpcre2-differential	10.46 2025-08-27
cls-upto-65535	f-quad-3	match	nomatch	-	-	-	libpcre2-differential	10.46 2025-08-27
cls-upto-65535	f-quad-4x	match	nomatch	-	-	-	libpcre2-differential	10.46 2025-08-27
cls-upto-65535	f-mac-6	match	nomatch	-	-	-	libpcre2-differential	10.46 2025-08-27
cls-upto-65535	f-mac-5	match	nomatch	-	-	-	libpcre2-differential	10.46 2025-08-27
cls-upto-65535	f-csv-5	match	nomatch	-	-	-	libpcre2-differential	10.46 2025-08-27
cls-upto-65535	f-csv-4	match	nomatch	-	-	-	libpcre2-differential	10.46 2025-08-27
cls-upto-65535	l-00	match	nomatch	-	-	-	libpcre2-differential	10.46 2025-08-27
cls-upto-65535	l-01	match	nomatch	-	-	-	libpcre2-differential	10.46 2025-08-27
cls-upto-65535	l-02	match	nomatch	-	-	-	libpcre2-differential	10.46 2025-08-27
cls-upto-65535	l-03	match	nomatch	-	-	-	libpcre2-differential	10.46 2025-08-27
cls-upto-65535	l-04	match	nomatch	-	-	-	libpcre2-differential	10.46 2025-08-27
cls-upto-65535	l-05	match	nomatch	-	-	-	libpcre2-differential	10.46 2025-08-27
cls-upto-65535	l-06	match	nomatch	-	-	-	libpcre2-differential	10.46 2025-08-27
cls-upto-65535	l-07	match	nomatch	-	-	-	libpcre2-differential	10.46 2025-08-27
cls-upto-65535	l-08	match	nomatch	-	-	-	libpcre2-differential	10.46 2025-08-27
cls-upto-65535	l-09	match	nomatch	-	-	-	libpcre2-differential	10.46 2025-08-27
cls-upto-65535	l-10	match	nomatch	-	-	-	libpcre2-differential	10.46 2025-08-27
cls-upto-65535	l-11	match	nomatch	-	-	-	libpcre2-differential	10.46 2025-08-27
cls-upto-65535	r-00016	match	match	0	16	-	libpcre2-differential	10.46 2025-08-27
cls-upto-65535	r-00017	match	match	0	17	-	libpcre2-differential	10.46 2025-08-27
cls-upto-65535	r-00036	match	match	0	36	-	libpcre2-differential	10.46 2025-08-27
cls-upto-65535	r-00037	match	match	0	37	-	libpcre2-differential	10.46 2025-08-27
cls-upto-65535	r-00255	match	match	0	255	-	libpcre2-differential	10.46 2025-08-27
cls-upto-65535	r-00256	match	match	0	256	-	libpcre2-differential	10.46 2025-08-27
cls-upto-65535	r-00257	match	match	0	257	-	libpcre2-differential	10.46 2025-08-27
cls-upto-65535	r-04096	match	match	0	4096	-	libpcre2-differential	10.46 2025-08-27
cls-upto-65535	r-16384	match	match	0	16384	-	libpcre2-differential	10.46 2025-08-27
cls-upto-65535	d-00016	match	nomatch	-	-	-	libpcre2-differential	10.46 2025-08-27
cls-upto-65535	d-00017	match	nomatch	-	-	-	libpcre2-differential	10.46 2025-08-27
cls-upto-65535	d-00027	match	nomatch	-	-	-	libpcre2-differential	10.46 2025-08-27
cls-upto-65535	d-00028	match	nomatch	-	-	-	libpcre2-differential	10.46 2025-08-27
cls-upto-65535	d-00256	match	nomatch	-	-	-	libpcre2-differential	10.46 2025-08-27
cls-upto-65535	f-year-4	search_short	match	0	0	-	libpcre2-differential	10.46 2025-08-27
cls-upto-65535	f-year-3	search_short	match	0	0	-	libpcre2-differential	10.46 2025-08-27
cls-upto-65535	f-year-5	search_short	match	0	0	-	libpcre2-differential	10.46 2025-08-27
cls-upto-65535	f-hex-32	search_short	match	0	1	-	libpcre2-differential	10.46 2025-08-27
cls-upto-65535	f-hex-31	search_short	match	0	1	-	libpcre2-differential	10.46 2025-08-27
cls-upto-65535	f-hex-32g	search_short	match	0	1	-	libpcre2-differential	10.46 2025-08-27
cls-upto-65535	f-pw-8	search_short	match	0	0	-	libpcre2-differential	10.46 2025-08-27
cls-upto-65535	f-pw-7	search_short	match	0	1	-	libpcre2-differential	10.46 2025-08-27
cls-upto-65535	f-pw-64	search_short	match	0	0	-	libpcre2-differential	10.46 2025-08-27
cls-upto-65535	f-pw-65	search_short	match	0	1	-	libpcre2-differential	10.46 2025-08-27
cls-upto-65535	f-quad-4	search_short	match	0	0	-	libpcre2-differential	10.46 2025-08-27
cls-upto-65535	f-quad-3	search_short	match	0	0	-	libpcre2-differential	10.46 2025-08-27
cls-upto-65535	f-quad-4x	search_short	match	0	0	-	libpcre2-differential	10.46 2025-08-27
cls-upto-65535	f-mac-6	search_short	match	0	0	-	libpcre2-differential	10.46 2025-08-27
cls-upto-65535	f-mac-5	search_short	match	0	0	-	libpcre2-differential	10.46 2025-08-27
cls-upto-65535	f-csv-5	search_short	match	0	0	-	libpcre2-differential	10.46 2025-08-27
cls-upto-65535	f-csv-4	search_short	match	0	0	-	libpcre2-differential	10.46 2025-08-27
cls-upto-65535	l-00	search_short	match	0	4	-	libpcre2-differential	10.46 2025-08-27
cls-upto-65535	l-01	search_short	match	0	5	-	libpcre2-differential	10.46 2025-08-27
cls-upto-65535	l-02	search_short	match	0	0	-	libpcre2-differential	10.46 2025-08-27
cls-upto-65535	l-03	search_short	match	0	0	-	libpcre2-differential	10.46 2025-08-27
cls-upto-65535	l-04	search_short	match	0	0	-	libpcre2-differential	10.46 2025-08-27
cls-upto-65535	l-05	search_short	match	0	0	-	libpcre2-differential	10.46 2025-08-27
cls-upto-65535	l-06	search_short	match	0	0	-	libpcre2-differential	10.46 2025-08-27
cls-upto-65535	l-07	search_short	match	0	0	-	libpcre2-differential	10.46 2025-08-27
cls-upto-65535	l-08	search_short	match	0	0	-	libpcre2-differential	10.46 2025-08-27
cls-upto-65535	l-09	search_short	match	0	0	-	libpcre2-differential	10.46 2025-08-27
cls-upto-65535	l-10	search_short	match	0	0	-	libpcre2-differential	10.46 2025-08-27
cls-upto-65535	l-11	search_short	match	0	0	-	libpcre2-differential	10.46 2025-08-27
cls-upto-65535	r-00016	search_short	match	0	16	-	libpcre2-differential	10.46 2025-08-27
cls-upto-65535	r-00017	search_short	match	0	17	-	libpcre2-differential	10.46 2025-08-27
cls-upto-65535	r-00036	search_short	match	0	36	-	libpcre2-differential	10.46 2025-08-27
cls-upto-65535	r-00037	search_short	match	0	37	-	libpcre2-differential	10.46 2025-08-27
cls-upto-65535	r-00255	search_short	match	0	255	-	libpcre2-differential	10.46 2025-08-27
cls-upto-65535	r-00256	search_short	match	0	256	-	libpcre2-differential	10.46 2025-08-27
cls-upto-65535	r-00257	search_short	match	0	257	-	libpcre2-differential	10.46 2025-08-27
cls-upto-65535	d-00016	search_short	match	0	0	-	libpcre2-differential	10.46 2025-08-27
cls-upto-65535	d-00017	search_short	match	0	0	-	libpcre2-differential	10.46 2025-08-27
cls-upto-65535	d-00027	search_short	match	0	0	-	libpcre2-differential	10.46 2025-08-27
cls-upto-65535	d-00028	search_short	match	0	0	-	libpcre2-differential	10.46 2025-08-27
cls-upto-65535	d-00256	search_short	match	0	0	-	libpcre2-differential	10.46 2025-08-27
cls-exact-256	f-year-4	match	nomatch	-	-	-	libpcre2-differential	10.46 2025-08-27
cls-exact-256	f-year-3	match	nomatch	-	-	-	libpcre2-differential	10.46 2025-08-27
cls-exact-256	f-year-5	match	nomatch	-	-	-	libpcre2-differential	10.46 2025-08-27
cls-exact-256	f-hex-32	match	nomatch	-	-	-	libpcre2-differential	10.46 2025-08-27
cls-exact-256	f-hex-31	match	nomatch	-	-	-	libpcre2-differential	10.46 2025-08-27
cls-exact-256	f-hex-32g	match	nomatch	-	-	-	libpcre2-differential	10.46 2025-08-27
cls-exact-256	f-pw-8	match	nomatch	-	-	-	libpcre2-differential	10.46 2025-08-27
cls-exact-256	f-pw-7	match	nomatch	-	-	-	libpcre2-differential	10.46 2025-08-27
cls-exact-256	f-pw-64	match	nomatch	-	-	-	libpcre2-differential	10.46 2025-08-27
cls-exact-256	f-pw-65	match	nomatch	-	-	-	libpcre2-differential	10.46 2025-08-27
cls-exact-256	f-quad-4	match	nomatch	-	-	-	libpcre2-differential	10.46 2025-08-27
cls-exact-256	f-quad-3	match	nomatch	-	-	-	libpcre2-differential	10.46 2025-08-27
cls-exact-256	f-quad-4x	match	nomatch	-	-	-	libpcre2-differential	10.46 2025-08-27
cls-exact-256	f-mac-6	match	nomatch	-	-	-	libpcre2-differential	10.46 2025-08-27
cls-exact-256	f-mac-5	match	nomatch	-	-	-	libpcre2-differential	10.46 2025-08-27
cls-exact-256	f-csv-5	match	nomatch	-	-	-	libpcre2-differential	10.46 2025-08-27
cls-exact-256	f-csv-4	match	nomatch	-	-	-	libpcre2-differential	10.46 2025-08-27
cls-exact-256	l-00	match	nomatch	-	-	-	libpcre2-differential	10.46 2025-08-27
cls-exact-256	l-01	match	nomatch	-	-	-	libpcre2-differential	10.46 2025-08-27
cls-exact-256	l-02	match	nomatch	-	-	-	libpcre2-differential	10.46 2025-08-27
cls-exact-256	l-03	match	nomatch	-	-	-	libpcre2-differential	10.46 2025-08-27
cls-exact-256	l-04	match	nomatch	-	-	-	libpcre2-differential	10.46 2025-08-27
cls-exact-256	l-05	match	nomatch	-	-	-	libpcre2-differential	10.46 2025-08-27
cls-exact-256	l-06	match	nomatch	-	-	-	libpcre2-differential	10.46 2025-08-27
cls-exact-256	l-07	match	nomatch	-	-	-	libpcre2-differential	10.46 2025-08-27
cls-exact-256	l-08	match	nomatch	-	-	-	libpcre2-differential	10.46 2025-08-27
cls-exact-256	l-09	match	nomatch	-	-	-	libpcre2-differential	10.46 2025-08-27
cls-exact-256	l-10	match	nomatch	-	-	-	libpcre2-differential	10.46 2025-08-27
cls-exact-256	l-11	match	nomatch	-	-	-	libpcre2-differential	10.46 2025-08-27
cls-exact-256	r-00016	match	nomatch	-	-	-	libpcre2-differential	10.46 2025-08-27
cls-exact-256	r-00017	match	nomatch	-	-	-	libpcre2-differential	10.46 2025-08-27
cls-exact-256	r-00036	match	nomatch	-	-	-	libpcre2-differential	10.46 2025-08-27
cls-exact-256	r-00037	match	nomatch	-	-	-	libpcre2-differential	10.46 2025-08-27
cls-exact-256	r-00255	match	nomatch	-	-	-	libpcre2-differential	10.46 2025-08-27
cls-exact-256	r-00256	match	match	0	256	-	libpcre2-differential	10.46 2025-08-27
cls-exact-256	r-00257	match	nomatch	-	-	-	libpcre2-differential	10.46 2025-08-27
cls-exact-256	r-04096	match	nomatch	-	-	-	libpcre2-differential	10.46 2025-08-27
cls-exact-256	r-16384	match	nomatch	-	-	-	libpcre2-differential	10.46 2025-08-27
cls-exact-256	d-00016	match	nomatch	-	-	-	libpcre2-differential	10.46 2025-08-27
cls-exact-256	d-00017	match	nomatch	-	-	-	libpcre2-differential	10.46 2025-08-27
cls-exact-256	d-00027	match	nomatch	-	-	-	libpcre2-differential	10.46 2025-08-27
cls-exact-256	d-00028	match	nomatch	-	-	-	libpcre2-differential	10.46 2025-08-27
cls-exact-256	d-00256	match	nomatch	-	-	-	libpcre2-differential	10.46 2025-08-27
cls-exact-256	f-year-4	search_short	nomatch	-	-	-	libpcre2-differential	10.46 2025-08-27
cls-exact-256	f-year-3	search_short	nomatch	-	-	-	libpcre2-differential	10.46 2025-08-27
cls-exact-256	f-year-5	search_short	nomatch	-	-	-	libpcre2-differential	10.46 2025-08-27
cls-exact-256	f-hex-32	search_short	nomatch	-	-	-	libpcre2-differential	10.46 2025-08-27
cls-exact-256	f-hex-31	search_short	nomatch	-	-	-	libpcre2-differential	10.46 2025-08-27
cls-exact-256	f-hex-32g	search_short	nomatch	-	-	-	libpcre2-differential	10.46 2025-08-27
cls-exact-256	f-pw-8	search_short	nomatch	-	-	-	libpcre2-differential	10.46 2025-08-27
cls-exact-256	f-pw-7	search_short	nomatch	-	-	-	libpcre2-differential	10.46 2025-08-27
cls-exact-256	f-pw-64	search_short	nomatch	-	-	-	libpcre2-differential	10.46 2025-08-27
cls-exact-256	f-pw-65	search_short	nomatch	-	-	-	libpcre2-differential	10.46 2025-08-27
cls-exact-256	f-quad-4	search_short	nomatch	-	-	-	libpcre2-differential	10.46 2025-08-27
cls-exact-256	f-quad-3	search_short	nomatch	-	-	-	libpcre2-differential	10.46 2025-08-27
cls-exact-256	f-quad-4x	search_short	nomatch	-	-	-	libpcre2-differential	10.46 2025-08-27
cls-exact-256	f-mac-6	search_short	nomatch	-	-	-	libpcre2-differential	10.46 2025-08-27
cls-exact-256	f-mac-5	search_short	nomatch	-	-	-	libpcre2-differential	10.46 2025-08-27
cls-exact-256	f-csv-5	search_short	nomatch	-	-	-	libpcre2-differential	10.46 2025-08-27
cls-exact-256	f-csv-4	search_short	nomatch	-	-	-	libpcre2-differential	10.46 2025-08-27
cls-exact-256	l-00	search_short	nomatch	-	-	-	libpcre2-differential	10.46 2025-08-27
cls-exact-256	l-01	search_short	nomatch	-	-	-	libpcre2-differential	10.46 2025-08-27
cls-exact-256	l-02	search_short	nomatch	-	-	-	libpcre2-differential	10.46 2025-08-27
cls-exact-256	l-03	search_short	nomatch	-	-	-	libpcre2-differential	10.46 2025-08-27
cls-exact-256	l-04	search_short	nomatch	-	-	-	libpcre2-differential	10.46 2025-08-27
cls-exact-256	l-05	search_short	nomatch	-	-	-	libpcre2-differential	10.46 2025-08-27
cls-exact-256	l-06	search_short	nomatch	-	-	-	libpcre2-differential	10.46 2025-08-27
cls-exact-256	l-07	search_short	nomatch	-	-	-	libpcre2-differential	10.46 2025-08-27
cls-exact-256	l-08	search_short	nomatch	-	-	-	libpcre2-differential	10.46 2025-08-27
cls-exact-256	l-09	search_short	nomatch	-	-	-	libpcre2-differential	10.46 2025-08-27
cls-exact-256	l-10	search_short	nomatch	-	-	-	libpcre2-differential	10.46 2025-08-27
cls-exact-256	l-11	search_short	nomatch	-	-	-	libpcre2-differential	10.46 2025-08-27
cls-exact-256	r-00016	search_short	nomatch	-	-	-	libpcre2-differential	10.46 2025-08-27
cls-exact-256	r-00017	search_short	nomatch	-	-	-	libpcre2-differential	10.46 2025-08-27
cls-exact-256	r-00036	search_short	nomatch	-	-	-	libpcre2-differential	10.46 2025-08-27
cls-exact-256	r-00037	search_short	nomatch	-	-	-	libpcre2-differential	10.46 2025-08-27
cls-exact-256	r-00255	search_short	nomatch	-	-	-	libpcre2-differential	10.46 2025-08-27
cls-exact-256	r-00256	search_short	match	0	256	-	libpcre2-differential	10.46 2025-08-27
cls-exact-256	r-00257	search_short	match	0	256	-	libpcre2-differential	10.46 2025-08-27
cls-exact-256	d-00016	search_short	nomatch	-	-	-	libpcre2-differential	10.46 2025-08-27
cls-exact-256	d-00017	search_short	nomatch	-	-	-	libpcre2-differential	10.46 2025-08-27
cls-exact-256	d-00027	search_short	nomatch	-	-	-	libpcre2-differential	10.46 2025-08-27
cls-exact-256	d-00028	search_short	nomatch	-	-	-	libpcre2-differential	10.46 2025-08-27
cls-exact-256	d-00256	search_short	nomatch	-	-	-	libpcre2-differential	10.46 2025-08-27
cls-exact-16384	f-year-4	match	nomatch	-	-	-	libpcre2-differential	10.46 2025-08-27
cls-exact-16384	f-year-3	match	nomatch	-	-	-	libpcre2-differential	10.46 2025-08-27
cls-exact-16384	f-year-5	match	nomatch	-	-	-	libpcre2-differential	10.46 2025-08-27
cls-exact-16384	f-hex-32	match	nomatch	-	-	-	libpcre2-differential	10.46 2025-08-27
cls-exact-16384	f-hex-31	match	nomatch	-	-	-	libpcre2-differential	10.46 2025-08-27
cls-exact-16384	f-hex-32g	match	nomatch	-	-	-	libpcre2-differential	10.46 2025-08-27
cls-exact-16384	f-pw-8	match	nomatch	-	-	-	libpcre2-differential	10.46 2025-08-27
cls-exact-16384	f-pw-7	match	nomatch	-	-	-	libpcre2-differential	10.46 2025-08-27
cls-exact-16384	f-pw-64	match	nomatch	-	-	-	libpcre2-differential	10.46 2025-08-27
cls-exact-16384	f-pw-65	match	nomatch	-	-	-	libpcre2-differential	10.46 2025-08-27
cls-exact-16384	f-quad-4	match	nomatch	-	-	-	libpcre2-differential	10.46 2025-08-27
cls-exact-16384	f-quad-3	match	nomatch	-	-	-	libpcre2-differential	10.46 2025-08-27
cls-exact-16384	f-quad-4x	match	nomatch	-	-	-	libpcre2-differential	10.46 2025-08-27
cls-exact-16384	f-mac-6	match	nomatch	-	-	-	libpcre2-differential	10.46 2025-08-27
cls-exact-16384	f-mac-5	match	nomatch	-	-	-	libpcre2-differential	10.46 2025-08-27
cls-exact-16384	f-csv-5	match	nomatch	-	-	-	libpcre2-differential	10.46 2025-08-27
cls-exact-16384	f-csv-4	match	nomatch	-	-	-	libpcre2-differential	10.46 2025-08-27
cls-exact-16384	l-00	match	nomatch	-	-	-	libpcre2-differential	10.46 2025-08-27
cls-exact-16384	l-01	match	nomatch	-	-	-	libpcre2-differential	10.46 2025-08-27
cls-exact-16384	l-02	match	nomatch	-	-	-	libpcre2-differential	10.46 2025-08-27
cls-exact-16384	l-03	match	nomatch	-	-	-	libpcre2-differential	10.46 2025-08-27
cls-exact-16384	l-04	match	nomatch	-	-	-	libpcre2-differential	10.46 2025-08-27
cls-exact-16384	l-05	match	nomatch	-	-	-	libpcre2-differential	10.46 2025-08-27
cls-exact-16384	l-06	match	nomatch	-	-	-	libpcre2-differential	10.46 2025-08-27
cls-exact-16384	l-07	match	nomatch	-	-	-	libpcre2-differential	10.46 2025-08-27
cls-exact-16384	l-08	match	nomatch	-	-	-	libpcre2-differential	10.46 2025-08-27
cls-exact-16384	l-09	match	nomatch	-	-	-	libpcre2-differential	10.46 2025-08-27
cls-exact-16384	l-10	match	nomatch	-	-	-	libpcre2-differential	10.46 2025-08-27
cls-exact-16384	l-11	match	nomatch	-	-	-	libpcre2-differential	10.46 2025-08-27
cls-exact-16384	r-00016	match	nomatch	-	-	-	libpcre2-differential	10.46 2025-08-27
cls-exact-16384	r-00017	match	nomatch	-	-	-	libpcre2-differential	10.46 2025-08-27
cls-exact-16384	r-00036	match	nomatch	-	-	-	libpcre2-differential	10.46 2025-08-27
cls-exact-16384	r-00037	match	nomatch	-	-	-	libpcre2-differential	10.46 2025-08-27
cls-exact-16384	r-00255	match	nomatch	-	-	-	libpcre2-differential	10.46 2025-08-27
cls-exact-16384	r-00256	match	nomatch	-	-	-	libpcre2-differential	10.46 2025-08-27
cls-exact-16384	r-00257	match	nomatch	-	-	-	libpcre2-differential	10.46 2025-08-27
cls-exact-16384	r-04096	match	nomatch	-	-	-	libpcre2-differential	10.46 2025-08-27
cls-exact-16384	r-16384	match	match	0	16384	-	libpcre2-differential	10.46 2025-08-27
cls-exact-16384	d-00016	match	nomatch	-	-	-	libpcre2-differential	10.46 2025-08-27
cls-exact-16384	d-00017	match	nomatch	-	-	-	libpcre2-differential	10.46 2025-08-27
cls-exact-16384	d-00027	match	nomatch	-	-	-	libpcre2-differential	10.46 2025-08-27
cls-exact-16384	d-00028	match	nomatch	-	-	-	libpcre2-differential	10.46 2025-08-27
cls-exact-16384	d-00256	match	nomatch	-	-	-	libpcre2-differential	10.46 2025-08-27
cls-exact-16384	f-year-4	search_short	nomatch	-	-	-	libpcre2-differential	10.46 2025-08-27
cls-exact-16384	f-year-3	search_short	nomatch	-	-	-	libpcre2-differential	10.46 2025-08-27
cls-exact-16384	f-year-5	search_short	nomatch	-	-	-	libpcre2-differential	10.46 2025-08-27
cls-exact-16384	f-hex-32	search_short	nomatch	-	-	-	libpcre2-differential	10.46 2025-08-27
cls-exact-16384	f-hex-31	search_short	nomatch	-	-	-	libpcre2-differential	10.46 2025-08-27
cls-exact-16384	f-hex-32g	search_short	nomatch	-	-	-	libpcre2-differential	10.46 2025-08-27
cls-exact-16384	f-pw-8	search_short	nomatch	-	-	-	libpcre2-differential	10.46 2025-08-27
cls-exact-16384	f-pw-7	search_short	nomatch	-	-	-	libpcre2-differential	10.46 2025-08-27
cls-exact-16384	f-pw-64	search_short	nomatch	-	-	-	libpcre2-differential	10.46 2025-08-27
cls-exact-16384	f-pw-65	search_short	nomatch	-	-	-	libpcre2-differential	10.46 2025-08-27
cls-exact-16384	f-quad-4	search_short	nomatch	-	-	-	libpcre2-differential	10.46 2025-08-27
cls-exact-16384	f-quad-3	search_short	nomatch	-	-	-	libpcre2-differential	10.46 2025-08-27
cls-exact-16384	f-quad-4x	search_short	nomatch	-	-	-	libpcre2-differential	10.46 2025-08-27
cls-exact-16384	f-mac-6	search_short	nomatch	-	-	-	libpcre2-differential	10.46 2025-08-27
cls-exact-16384	f-mac-5	search_short	nomatch	-	-	-	libpcre2-differential	10.46 2025-08-27
cls-exact-16384	f-csv-5	search_short	nomatch	-	-	-	libpcre2-differential	10.46 2025-08-27
cls-exact-16384	f-csv-4	search_short	nomatch	-	-	-	libpcre2-differential	10.46 2025-08-27
cls-exact-16384	l-00	search_short	nomatch	-	-	-	libpcre2-differential	10.46 2025-08-27
cls-exact-16384	l-01	search_short	nomatch	-	-	-	libpcre2-differential	10.46 2025-08-27
cls-exact-16384	l-02	search_short	nomatch	-	-	-	libpcre2-differential	10.46 2025-08-27
cls-exact-16384	l-03	search_short	nomatch	-	-	-	libpcre2-differential	10.46 2025-08-27
cls-exact-16384	l-04	search_short	nomatch	-	-	-	libpcre2-differential	10.46 2025-08-27
cls-exact-16384	l-05	search_short	nomatch	-	-	-	libpcre2-differential	10.46 2025-08-27
cls-exact-16384	l-06	search_short	nomatch	-	-	-	libpcre2-differential	10.46 2025-08-27
cls-exact-16384	l-07	search_short	nomatch	-	-	-	libpcre2-differential	10.46 2025-08-27
cls-exact-16384	l-08	search_short	nomatch	-	-	-	libpcre2-differential	10.46 2025-08-27
cls-exact-16384	l-09	search_short	nomatch	-	-	-	libpcre2-differential	10.46 2025-08-27
cls-exact-16384	l-10	search_short	nomatch	-	-	-	libpcre2-differential	10.46 2025-08-27
cls-exact-16384	l-11	search_short	nomatch	-	-	-	libpcre2-differential	10.46 2025-08-27
cls-exact-16384	r-00016	search_short	nomatch	-	-	-	libpcre2-differential	10.46 2025-08-27
cls-exact-16384	r-00017	search_short	nomatch	-	-	-	libpcre2-differential	10.46 2025-08-27
cls-exact-16384	r-00036	search_short	nomatch	-	-	-	libpcre2-differential	10.46 2025-08-27
cls-exact-16384	r-00037	search_short	nomatch	-	-	-	libpcre2-differential	10.46 2025-08-27
cls-exact-16384	r-00255	search_short	nomatch	-	-	-	libpcre2-differential	10.46 2025-08-27
cls-exact-16384	r-00256	search_short	nomatch	-	-	-	libpcre2-differential	10.46 2025-08-27
cls-exact-16384	r-00257	search_short	nomatch	-	-	-	libpcre2-differential	10.46 2025-08-27
cls-exact-16384	d-00016	search_short	nomatch	-	-	-	libpcre2-differential	10.46 2025-08-27
cls-exact-16384	d-00017	search_short	nomatch	-	-	-	libpcre2-differential	10.46 2025-08-27
cls-exact-16384	d-00027	search_short	nomatch	-	-	-	libpcre2-differential	10.46 2025-08-27
cls-exact-16384	d-00028	search_short	nomatch	-	-	-	libpcre2-differential	10.46 2025-08-27
cls-exact-16384	d-00256	search_short	nomatch	-	-	-	libpcre2-differential	10.46 2025-08-27
cls-atleast-4096	f-year-4	match	nomatch	-	-	-	libpcre2-differential	10.46 2025-08-27
cls-atleast-4096	f-year-3	match	nomatch	-	-	-	libpcre2-differential	10.46 2025-08-27
cls-atleast-4096	f-year-5	match	nomatch	-	-	-	libpcre2-differential	10.46 2025-08-27
cls-atleast-4096	f-hex-32	match	nomatch	-	-	-	libpcre2-differential	10.46 2025-08-27
cls-atleast-4096	f-hex-31	match	nomatch	-	-	-	libpcre2-differential	10.46 2025-08-27
cls-atleast-4096	f-hex-32g	match	nomatch	-	-	-	libpcre2-differential	10.46 2025-08-27
cls-atleast-4096	f-pw-8	match	nomatch	-	-	-	libpcre2-differential	10.46 2025-08-27
cls-atleast-4096	f-pw-7	match	nomatch	-	-	-	libpcre2-differential	10.46 2025-08-27
cls-atleast-4096	f-pw-64	match	nomatch	-	-	-	libpcre2-differential	10.46 2025-08-27
cls-atleast-4096	f-pw-65	match	nomatch	-	-	-	libpcre2-differential	10.46 2025-08-27
cls-atleast-4096	f-quad-4	match	nomatch	-	-	-	libpcre2-differential	10.46 2025-08-27
cls-atleast-4096	f-quad-3	match	nomatch	-	-	-	libpcre2-differential	10.46 2025-08-27
cls-atleast-4096	f-quad-4x	match	nomatch	-	-	-	libpcre2-differential	10.46 2025-08-27
cls-atleast-4096	f-mac-6	match	nomatch	-	-	-	libpcre2-differential	10.46 2025-08-27
cls-atleast-4096	f-mac-5	match	nomatch	-	-	-	libpcre2-differential	10.46 2025-08-27
cls-atleast-4096	f-csv-5	match	nomatch	-	-	-	libpcre2-differential	10.46 2025-08-27
cls-atleast-4096	f-csv-4	match	nomatch	-	-	-	libpcre2-differential	10.46 2025-08-27
cls-atleast-4096	l-00	match	nomatch	-	-	-	libpcre2-differential	10.46 2025-08-27
cls-atleast-4096	l-01	match	nomatch	-	-	-	libpcre2-differential	10.46 2025-08-27
cls-atleast-4096	l-02	match	nomatch	-	-	-	libpcre2-differential	10.46 2025-08-27
cls-atleast-4096	l-03	match	nomatch	-	-	-	libpcre2-differential	10.46 2025-08-27
cls-atleast-4096	l-04	match	nomatch	-	-	-	libpcre2-differential	10.46 2025-08-27
cls-atleast-4096	l-05	match	nomatch	-	-	-	libpcre2-differential	10.46 2025-08-27
cls-atleast-4096	l-06	match	nomatch	-	-	-	libpcre2-differential	10.46 2025-08-27
cls-atleast-4096	l-07	match	nomatch	-	-	-	libpcre2-differential	10.46 2025-08-27
cls-atleast-4096	l-08	match	nomatch	-	-	-	libpcre2-differential	10.46 2025-08-27
cls-atleast-4096	l-09	match	nomatch	-	-	-	libpcre2-differential	10.46 2025-08-27
cls-atleast-4096	l-10	match	nomatch	-	-	-	libpcre2-differential	10.46 2025-08-27
cls-atleast-4096	l-11	match	nomatch	-	-	-	libpcre2-differential	10.46 2025-08-27
cls-atleast-4096	r-00016	match	nomatch	-	-	-	libpcre2-differential	10.46 2025-08-27
cls-atleast-4096	r-00017	match	nomatch	-	-	-	libpcre2-differential	10.46 2025-08-27
cls-atleast-4096	r-00036	match	nomatch	-	-	-	libpcre2-differential	10.46 2025-08-27
cls-atleast-4096	r-00037	match	nomatch	-	-	-	libpcre2-differential	10.46 2025-08-27
cls-atleast-4096	r-00255	match	nomatch	-	-	-	libpcre2-differential	10.46 2025-08-27
cls-atleast-4096	r-00256	match	nomatch	-	-	-	libpcre2-differential	10.46 2025-08-27
cls-atleast-4096	r-00257	match	nomatch	-	-	-	libpcre2-differential	10.46 2025-08-27
cls-atleast-4096	r-04096	match	match	0	4096	-	libpcre2-differential	10.46 2025-08-27
cls-atleast-4096	r-16384	match	match	0	16384	-	libpcre2-differential	10.46 2025-08-27
cls-atleast-4096	d-00016	match	nomatch	-	-	-	libpcre2-differential	10.46 2025-08-27
cls-atleast-4096	d-00017	match	nomatch	-	-	-	libpcre2-differential	10.46 2025-08-27
cls-atleast-4096	d-00027	match	nomatch	-	-	-	libpcre2-differential	10.46 2025-08-27
cls-atleast-4096	d-00028	match	nomatch	-	-	-	libpcre2-differential	10.46 2025-08-27
cls-atleast-4096	d-00256	match	nomatch	-	-	-	libpcre2-differential	10.46 2025-08-27
cls-atleast-4096	f-year-4	search_short	nomatch	-	-	-	libpcre2-differential	10.46 2025-08-27
cls-atleast-4096	f-year-3	search_short	nomatch	-	-	-	libpcre2-differential	10.46 2025-08-27
cls-atleast-4096	f-year-5	search_short	nomatch	-	-	-	libpcre2-differential	10.46 2025-08-27
cls-atleast-4096	f-hex-32	search_short	nomatch	-	-	-	libpcre2-differential	10.46 2025-08-27
cls-atleast-4096	f-hex-31	search_short	nomatch	-	-	-	libpcre2-differential	10.46 2025-08-27
cls-atleast-4096	f-hex-32g	search_short	nomatch	-	-	-	libpcre2-differential	10.46 2025-08-27
cls-atleast-4096	f-pw-8	search_short	nomatch	-	-	-	libpcre2-differential	10.46 2025-08-27
cls-atleast-4096	f-pw-7	search_short	nomatch	-	-	-	libpcre2-differential	10.46 2025-08-27
cls-atleast-4096	f-pw-64	search_short	nomatch	-	-	-	libpcre2-differential	10.46 2025-08-27
cls-atleast-4096	f-pw-65	search_short	nomatch	-	-	-	libpcre2-differential	10.46 2025-08-27
cls-atleast-4096	f-quad-4	search_short	nomatch	-	-	-	libpcre2-differential	10.46 2025-08-27
cls-atleast-4096	f-quad-3	search_short	nomatch	-	-	-	libpcre2-differential	10.46 2025-08-27
cls-atleast-4096	f-quad-4x	search_short	nomatch	-	-	-	libpcre2-differential	10.46 2025-08-27
cls-atleast-4096	f-mac-6	search_short	nomatch	-	-	-	libpcre2-differential	10.46 2025-08-27
cls-atleast-4096	f-mac-5	search_short	nomatch	-	-	-	libpcre2-differential	10.46 2025-08-27
cls-atleast-4096	f-csv-5	search_short	nomatch	-	-	-	libpcre2-differential	10.46 2025-08-27
cls-atleast-4096	f-csv-4	search_short	nomatch	-	-	-	libpcre2-differential	10.46 2025-08-27
cls-atleast-4096	l-00	search_short	nomatch	-	-	-	libpcre2-differential	10.46 2025-08-27
cls-atleast-4096	l-01	search_short	nomatch	-	-	-	libpcre2-differential	10.46 2025-08-27
cls-atleast-4096	l-02	search_short	nomatch	-	-	-	libpcre2-differential	10.46 2025-08-27
cls-atleast-4096	l-03	search_short	nomatch	-	-	-	libpcre2-differential	10.46 2025-08-27
cls-atleast-4096	l-04	search_short	nomatch	-	-	-	libpcre2-differential	10.46 2025-08-27
cls-atleast-4096	l-05	search_short	nomatch	-	-	-	libpcre2-differential	10.46 2025-08-27
cls-atleast-4096	l-06	search_short	nomatch	-	-	-	libpcre2-differential	10.46 2025-08-27
cls-atleast-4096	l-07	search_short	nomatch	-	-	-	libpcre2-differential	10.46 2025-08-27
cls-atleast-4096	l-08	search_short	nomatch	-	-	-	libpcre2-differential	10.46 2025-08-27
cls-atleast-4096	l-09	search_short	nomatch	-	-	-	libpcre2-differential	10.46 2025-08-27
cls-atleast-4096	l-10	search_short	nomatch	-	-	-	libpcre2-differential	10.46 2025-08-27
cls-atleast-4096	l-11	search_short	nomatch	-	-	-	libpcre2-differential	10.46 2025-08-27
cls-atleast-4096	r-00016	search_short	nomatch	-	-	-	libpcre2-differential	10.46 2025-08-27
cls-atleast-4096	r-00017	search_short	nomatch	-	-	-	libpcre2-differential	10.46 2025-08-27
cls-atleast-4096	r-00036	search_short	nomatch	-	-	-	libpcre2-differential	10.46 2025-08-27
cls-atleast-4096	r-00037	search_short	nomatch	-	-	-	libpcre2-differential	10.46 2025-08-27
cls-atleast-4096	r-00255	search_short	nomatch	-	-	-	libpcre2-differential	10.46 2025-08-27
cls-atleast-4096	r-00256	search_short	nomatch	-	-	-	libpcre2-differential	10.46 2025-08-27
cls-atleast-4096	r-00257	search_short	nomatch	-	-	-	libpcre2-differential	10.46 2025-08-27
cls-atleast-4096	d-00016	search_short	nomatch	-	-	-	libpcre2-differential	10.46 2025-08-27
cls-atleast-4096	d-00017	search_short	nomatch	-	-	-	libpcre2-differential	10.46 2025-08-27
cls-atleast-4096	d-00027	search_short	nomatch	-	-	-	libpcre2-differential	10.46 2025-08-27
cls-atleast-4096	d-00028	search_short	nomatch	-	-	-	libpcre2-differential	10.46 2025-08-27
cls-atleast-4096	d-00256	search_short	nomatch	-	-	-	libpcre2-differential	10.46 2025-08-27
cls-lazy-16384	f-year-4	match	nomatch	-	-	-	libpcre2-differential	10.46 2025-08-27
cls-lazy-16384	f-year-3	match	nomatch	-	-	-	libpcre2-differential	10.46 2025-08-27
cls-lazy-16384	f-year-5	match	nomatch	-	-	-	libpcre2-differential	10.46 2025-08-27
cls-lazy-16384	f-hex-32	match	nomatch	-	-	-	libpcre2-differential	10.46 2025-08-27
cls-lazy-16384	f-hex-31	match	nomatch	-	-	-	libpcre2-differential	10.46 2025-08-27
cls-lazy-16384	f-hex-32g	match	nomatch	-	-	-	libpcre2-differential	10.46 2025-08-27
cls-lazy-16384	f-pw-8	match	nomatch	-	-	-	libpcre2-differential	10.46 2025-08-27
cls-lazy-16384	f-pw-7	match	nomatch	-	-	-	libpcre2-differential	10.46 2025-08-27
cls-lazy-16384	f-pw-64	match	nomatch	-	-	-	libpcre2-differential	10.46 2025-08-27
cls-lazy-16384	f-pw-65	match	nomatch	-	-	-	libpcre2-differential	10.46 2025-08-27
cls-lazy-16384	f-quad-4	match	nomatch	-	-	-	libpcre2-differential	10.46 2025-08-27
cls-lazy-16384	f-quad-3	match	nomatch	-	-	-	libpcre2-differential	10.46 2025-08-27
cls-lazy-16384	f-quad-4x	match	nomatch	-	-	-	libpcre2-differential	10.46 2025-08-27
cls-lazy-16384	f-mac-6	match	nomatch	-	-	-	libpcre2-differential	10.46 2025-08-27
cls-lazy-16384	f-mac-5	match	nomatch	-	-	-	libpcre2-differential	10.46 2025-08-27
cls-lazy-16384	f-csv-5	match	nomatch	-	-	-	libpcre2-differential	10.46 2025-08-27
cls-lazy-16384	f-csv-4	match	nomatch	-	-	-	libpcre2-differential	10.46 2025-08-27
cls-lazy-16384	l-00	match	nomatch	-	-	-	libpcre2-differential	10.46 2025-08-27
cls-lazy-16384	l-01	match	nomatch	-	-	-	libpcre2-differential	10.46 2025-08-27
cls-lazy-16384	l-02	match	nomatch	-	-	-	libpcre2-differential	10.46 2025-08-27
cls-lazy-16384	l-03	match	nomatch	-	-	-	libpcre2-differential	10.46 2025-08-27
cls-lazy-16384	l-04	match	nomatch	-	-	-	libpcre2-differential	10.46 2025-08-27
cls-lazy-16384	l-05	match	nomatch	-	-	-	libpcre2-differential	10.46 2025-08-27
cls-lazy-16384	l-06	match	nomatch	-	-	-	libpcre2-differential	10.46 2025-08-27
cls-lazy-16384	l-07	match	nomatch	-	-	-	libpcre2-differential	10.46 2025-08-27
cls-lazy-16384	l-08	match	nomatch	-	-	-	libpcre2-differential	10.46 2025-08-27
cls-lazy-16384	l-09	match	nomatch	-	-	-	libpcre2-differential	10.46 2025-08-27
cls-lazy-16384	l-10	match	nomatch	-	-	-	libpcre2-differential	10.46 2025-08-27
cls-lazy-16384	l-11	match	nomatch	-	-	-	libpcre2-differential	10.46 2025-08-27
cls-lazy-16384	r-00016	match	match	0	16	-	libpcre2-differential	10.46 2025-08-27
cls-lazy-16384	r-00017	match	match	0	17	-	libpcre2-differential	10.46 2025-08-27
cls-lazy-16384	r-00036	match	match	0	36	-	libpcre2-differential	10.46 2025-08-27
cls-lazy-16384	r-00037	match	match	0	37	-	libpcre2-differential	10.46 2025-08-27
cls-lazy-16384	r-00255	match	match	0	255	-	libpcre2-differential	10.46 2025-08-27
cls-lazy-16384	r-00256	match	match	0	256	-	libpcre2-differential	10.46 2025-08-27
cls-lazy-16384	r-00257	match	match	0	257	-	libpcre2-differential	10.46 2025-08-27
cls-lazy-16384	r-04096	match	match	0	4096	-	libpcre2-differential	10.46 2025-08-27
cls-lazy-16384	r-16384	match	match	0	16384	-	libpcre2-differential	10.46 2025-08-27
cls-lazy-16384	d-00016	match	nomatch	-	-	-	libpcre2-differential	10.46 2025-08-27
cls-lazy-16384	d-00017	match	nomatch	-	-	-	libpcre2-differential	10.46 2025-08-27
cls-lazy-16384	d-00027	match	nomatch	-	-	-	libpcre2-differential	10.46 2025-08-27
cls-lazy-16384	d-00028	match	nomatch	-	-	-	libpcre2-differential	10.46 2025-08-27
cls-lazy-16384	d-00256	match	nomatch	-	-	-	libpcre2-differential	10.46 2025-08-27
cls-lazy-16384	f-year-4	search_short	match	0	0	-	libpcre2-differential	10.46 2025-08-27
cls-lazy-16384	f-year-3	search_short	match	0	0	-	libpcre2-differential	10.46 2025-08-27
cls-lazy-16384	f-year-5	search_short	match	0	0	-	libpcre2-differential	10.46 2025-08-27
cls-lazy-16384	f-hex-32	search_short	match	0	0	-	libpcre2-differential	10.46 2025-08-27
cls-lazy-16384	f-hex-31	search_short	match	0	0	-	libpcre2-differential	10.46 2025-08-27
cls-lazy-16384	f-hex-32g	search_short	match	0	0	-	libpcre2-differential	10.46 2025-08-27
cls-lazy-16384	f-pw-8	search_short	match	0	0	-	libpcre2-differential	10.46 2025-08-27
cls-lazy-16384	f-pw-7	search_short	match	0	0	-	libpcre2-differential	10.46 2025-08-27
cls-lazy-16384	f-pw-64	search_short	match	0	0	-	libpcre2-differential	10.46 2025-08-27
cls-lazy-16384	f-pw-65	search_short	match	0	0	-	libpcre2-differential	10.46 2025-08-27
cls-lazy-16384	f-quad-4	search_short	match	0	0	-	libpcre2-differential	10.46 2025-08-27
cls-lazy-16384	f-quad-3	search_short	match	0	0	-	libpcre2-differential	10.46 2025-08-27
cls-lazy-16384	f-quad-4x	search_short	match	0	0	-	libpcre2-differential	10.46 2025-08-27
cls-lazy-16384	f-mac-6	search_short	match	0	0	-	libpcre2-differential	10.46 2025-08-27
cls-lazy-16384	f-mac-5	search_short	match	0	0	-	libpcre2-differential	10.46 2025-08-27
cls-lazy-16384	f-csv-5	search_short	match	0	0	-	libpcre2-differential	10.46 2025-08-27
cls-lazy-16384	f-csv-4	search_short	match	0	0	-	libpcre2-differential	10.46 2025-08-27
cls-lazy-16384	l-00	search_short	match	0	0	-	libpcre2-differential	10.46 2025-08-27
cls-lazy-16384	l-01	search_short	match	0	0	-	libpcre2-differential	10.46 2025-08-27
cls-lazy-16384	l-02	search_short	match	0	0	-	libpcre2-differential	10.46 2025-08-27
cls-lazy-16384	l-03	search_short	match	0	0	-	libpcre2-differential	10.46 2025-08-27
cls-lazy-16384	l-04	search_short	match	0	0	-	libpcre2-differential	10.46 2025-08-27
cls-lazy-16384	l-05	search_short	match	0	0	-	libpcre2-differential	10.46 2025-08-27
cls-lazy-16384	l-06	search_short	match	0	0	-	libpcre2-differential	10.46 2025-08-27
cls-lazy-16384	l-07	search_short	match	0	0	-	libpcre2-differential	10.46 2025-08-27
cls-lazy-16384	l-08	search_short	match	0	0	-	libpcre2-differential	10.46 2025-08-27
cls-lazy-16384	l-09	search_short	match	0	0	-	libpcre2-differential	10.46 2025-08-27
cls-lazy-16384	l-10	search_short	match	0	0	-	libpcre2-differential	10.46 2025-08-27
cls-lazy-16384	l-11	search_short	match	0	0	-	libpcre2-differential	10.46 2025-08-27
cls-lazy-16384	r-00016	search_short	match	0	0	-	libpcre2-differential	10.46 2025-08-27
cls-lazy-16384	r-00017	search_short	match	0	0	-	libpcre2-differential	10.46 2025-08-27
cls-lazy-16384	r-00036	search_short	match	0	0	-	libpcre2-differential	10.46 2025-08-27
cls-lazy-16384	r-00037	search_short	match	0	0	-	libpcre2-differential	10.46 2025-08-27
cls-lazy-16384	r-00255	search_short	match	0	0	-	libpcre2-differential	10.46 2025-08-27
cls-lazy-16384	r-00256	search_short	match	0	0	-	libpcre2-differential	10.46 2025-08-27
cls-lazy-16384	r-00257	search_short	match	0	0	-	libpcre2-differential	10.46 2025-08-27
cls-lazy-16384	d-00016	search_short	match	0	0	-	libpcre2-differential	10.46 2025-08-27
cls-lazy-16384	d-00017	search_short	match	0	0	-	libpcre2-differential	10.46 2025-08-27
cls-lazy-16384	d-00027	search_short	match	0	0	-	libpcre2-differential	10.46 2025-08-27
cls-lazy-16384	d-00028	search_short	match	0	0	-	libpcre2-differential	10.46 2025-08-27
cls-lazy-16384	d-00256	search_short	match	0	0	-	libpcre2-differential	10.46 2025-08-27
grp-upto-256	f-year-4	match	nomatch	-	-	-	libpcre2-differential	10.46 2025-08-27
grp-upto-256	f-year-3	match	nomatch	-	-	-	libpcre2-differential	10.46 2025-08-27
grp-upto-256	f-year-5	match	nomatch	-	-	-	libpcre2-differential	10.46 2025-08-27
grp-upto-256	f-hex-32	match	nomatch	-	-	-	libpcre2-differential	10.46 2025-08-27
grp-upto-256	f-hex-31	match	nomatch	-	-	-	libpcre2-differential	10.46 2025-08-27
grp-upto-256	f-hex-32g	match	nomatch	-	-	-	libpcre2-differential	10.46 2025-08-27
grp-upto-256	f-pw-8	match	nomatch	-	-	-	libpcre2-differential	10.46 2025-08-27
grp-upto-256	f-pw-7	match	nomatch	-	-	-	libpcre2-differential	10.46 2025-08-27
grp-upto-256	f-pw-64	match	nomatch	-	-	-	libpcre2-differential	10.46 2025-08-27
grp-upto-256	f-pw-65	match	nomatch	-	-	-	libpcre2-differential	10.46 2025-08-27
grp-upto-256	f-quad-4	match	nomatch	-	-	-	libpcre2-differential	10.46 2025-08-27
grp-upto-256	f-quad-3	match	nomatch	-	-	-	libpcre2-differential	10.46 2025-08-27
grp-upto-256	f-quad-4x	match	nomatch	-	-	-	libpcre2-differential	10.46 2025-08-27
grp-upto-256	f-mac-6	match	nomatch	-	-	-	libpcre2-differential	10.46 2025-08-27
grp-upto-256	f-mac-5	match	nomatch	-	-	-	libpcre2-differential	10.46 2025-08-27
grp-upto-256	f-csv-5	match	nomatch	-	-	-	libpcre2-differential	10.46 2025-08-27
grp-upto-256	f-csv-4	match	nomatch	-	-	-	libpcre2-differential	10.46 2025-08-27
grp-upto-256	l-00	match	nomatch	-	-	-	libpcre2-differential	10.46 2025-08-27
grp-upto-256	l-01	match	nomatch	-	-	-	libpcre2-differential	10.46 2025-08-27
grp-upto-256	l-02	match	nomatch	-	-	-	libpcre2-differential	10.46 2025-08-27
grp-upto-256	l-03	match	nomatch	-	-	-	libpcre2-differential	10.46 2025-08-27
grp-upto-256	l-04	match	nomatch	-	-	-	libpcre2-differential	10.46 2025-08-27
grp-upto-256	l-05	match	nomatch	-	-	-	libpcre2-differential	10.46 2025-08-27
grp-upto-256	l-06	match	nomatch	-	-	-	libpcre2-differential	10.46 2025-08-27
grp-upto-256	l-07	match	nomatch	-	-	-	libpcre2-differential	10.46 2025-08-27
grp-upto-256	l-08	match	nomatch	-	-	-	libpcre2-differential	10.46 2025-08-27
grp-upto-256	l-09	match	nomatch	-	-	-	libpcre2-differential	10.46 2025-08-27
grp-upto-256	l-10	match	nomatch	-	-	-	libpcre2-differential	10.46 2025-08-27
grp-upto-256	l-11	match	nomatch	-	-	-	libpcre2-differential	10.46 2025-08-27
grp-upto-256	r-00016	match	match	0	16	-	libpcre2-differential	10.46 2025-08-27
grp-upto-256	r-00017	match	match	0	17	-	libpcre2-differential	10.46 2025-08-27
grp-upto-256	r-00036	match	match	0	36	-	libpcre2-differential	10.46 2025-08-27
grp-upto-256	r-00037	match	match	0	37	-	libpcre2-differential	10.46 2025-08-27
grp-upto-256	r-00255	match	match	0	255	-	libpcre2-differential	10.46 2025-08-27
grp-upto-256	r-00256	match	match	0	256	-	libpcre2-differential	10.46 2025-08-27
grp-upto-256	r-00257	match	nomatch	-	-	-	libpcre2-differential	10.46 2025-08-27
grp-upto-256	r-04096	match	nomatch	-	-	-	libpcre2-differential	10.46 2025-08-27
grp-upto-256	r-16384	match	nomatch	-	-	-	libpcre2-differential	10.46 2025-08-27
grp-upto-256	d-00016	match	nomatch	-	-	-	libpcre2-differential	10.46 2025-08-27
grp-upto-256	d-00017	match	nomatch	-	-	-	libpcre2-differential	10.46 2025-08-27
grp-upto-256	d-00027	match	nomatch	-	-	-	libpcre2-differential	10.46 2025-08-27
grp-upto-256	d-00028	match	nomatch	-	-	-	libpcre2-differential	10.46 2025-08-27
grp-upto-256	d-00256	match	nomatch	-	-	-	libpcre2-differential	10.46 2025-08-27
grp-upto-256	f-year-4	search_short	match	0	0	-	libpcre2-differential	10.46 2025-08-27
grp-upto-256	f-year-3	search_short	match	0	0	-	libpcre2-differential	10.46 2025-08-27
grp-upto-256	f-year-5	search_short	match	0	0	-	libpcre2-differential	10.46 2025-08-27
grp-upto-256	f-hex-32	search_short	match	0	1	-	libpcre2-differential	10.46 2025-08-27
grp-upto-256	f-hex-31	search_short	match	0	1	-	libpcre2-differential	10.46 2025-08-27
grp-upto-256	f-hex-32g	search_short	match	0	1	-	libpcre2-differential	10.46 2025-08-27
grp-upto-256	f-pw-8	search_short	match	0	0	-	libpcre2-differential	10.46 2025-08-27
grp-upto-256	f-pw-7	search_short	match	0	1	-	libpcre2-differential	10.46 2025-08-27
grp-upto-256	f-pw-64	search_short	match	0	0	-	libpcre2-differential	10.46 2025-08-27
grp-upto-256	f-pw-65	search_short	match	0	1	-	libpcre2-differential	10.46 2025-08-27
grp-upto-256	f-quad-4	search_short	match	0	0	-	libpcre2-differential	10.46 2025-08-27
grp-upto-256	f-quad-3	search_short	match	0	0	-	libpcre2-differential	10.46 2025-08-27
grp-upto-256	f-quad-4x	search_short	match	0	0	-	libpcre2-differential	10.46 2025-08-27
grp-upto-256	f-mac-6	search_short	match	0	0	-	libpcre2-differential	10.46 2025-08-27
grp-upto-256	f-mac-5	search_short	match	0	0	-	libpcre2-differential	10.46 2025-08-27
grp-upto-256	f-csv-5	search_short	match	0	0	-	libpcre2-differential	10.46 2025-08-27
grp-upto-256	f-csv-4	search_short	match	0	0	-	libpcre2-differential	10.46 2025-08-27
grp-upto-256	l-00	search_short	match	0	4	-	libpcre2-differential	10.46 2025-08-27
grp-upto-256	l-01	search_short	match	0	5	-	libpcre2-differential	10.46 2025-08-27
grp-upto-256	l-02	search_short	match	0	0	-	libpcre2-differential	10.46 2025-08-27
grp-upto-256	l-03	search_short	match	0	0	-	libpcre2-differential	10.46 2025-08-27
grp-upto-256	l-04	search_short	match	0	0	-	libpcre2-differential	10.46 2025-08-27
grp-upto-256	l-05	search_short	match	0	0	-	libpcre2-differential	10.46 2025-08-27
grp-upto-256	l-06	search_short	match	0	0	-	libpcre2-differential	10.46 2025-08-27
grp-upto-256	l-07	search_short	match	0	0	-	libpcre2-differential	10.46 2025-08-27
grp-upto-256	l-08	search_short	match	0	0	-	libpcre2-differential	10.46 2025-08-27
grp-upto-256	l-09	search_short	match	0	0	-	libpcre2-differential	10.46 2025-08-27
grp-upto-256	l-10	search_short	match	0	0	-	libpcre2-differential	10.46 2025-08-27
grp-upto-256	l-11	search_short	match	0	0	-	libpcre2-differential	10.46 2025-08-27
grp-upto-256	r-00016	search_short	match	0	16	-	libpcre2-differential	10.46 2025-08-27
grp-upto-256	r-00017	search_short	match	0	17	-	libpcre2-differential	10.46 2025-08-27
grp-upto-256	r-00036	search_short	match	0	36	-	libpcre2-differential	10.46 2025-08-27
grp-upto-256	r-00037	search_short	match	0	37	-	libpcre2-differential	10.46 2025-08-27
grp-upto-256	r-00255	search_short	match	0	255	-	libpcre2-differential	10.46 2025-08-27
grp-upto-256	r-00256	search_short	match	0	256	-	libpcre2-differential	10.46 2025-08-27
grp-upto-256	r-00257	search_short	match	0	256	-	libpcre2-differential	10.46 2025-08-27
grp-upto-256	d-00016	search_short	match	0	0	-	libpcre2-differential	10.46 2025-08-27
grp-upto-256	d-00017	search_short	match	0	0	-	libpcre2-differential	10.46 2025-08-27
grp-upto-256	d-00027	search_short	match	0	0	-	libpcre2-differential	10.46 2025-08-27
grp-upto-256	d-00028	search_short	match	0	0	-	libpcre2-differential	10.46 2025-08-27
grp-upto-256	d-00256	search_short	match	0	0	-	libpcre2-differential	10.46 2025-08-27
grp-upto-1024	f-year-4	match	nomatch	-	-	-	libpcre2-differential	10.46 2025-08-27
grp-upto-1024	f-year-3	match	nomatch	-	-	-	libpcre2-differential	10.46 2025-08-27
grp-upto-1024	f-year-5	match	nomatch	-	-	-	libpcre2-differential	10.46 2025-08-27
grp-upto-1024	f-hex-32	match	nomatch	-	-	-	libpcre2-differential	10.46 2025-08-27
grp-upto-1024	f-hex-31	match	nomatch	-	-	-	libpcre2-differential	10.46 2025-08-27
grp-upto-1024	f-hex-32g	match	nomatch	-	-	-	libpcre2-differential	10.46 2025-08-27
grp-upto-1024	f-pw-8	match	nomatch	-	-	-	libpcre2-differential	10.46 2025-08-27
grp-upto-1024	f-pw-7	match	nomatch	-	-	-	libpcre2-differential	10.46 2025-08-27
grp-upto-1024	f-pw-64	match	nomatch	-	-	-	libpcre2-differential	10.46 2025-08-27
grp-upto-1024	f-pw-65	match	nomatch	-	-	-	libpcre2-differential	10.46 2025-08-27
grp-upto-1024	f-quad-4	match	nomatch	-	-	-	libpcre2-differential	10.46 2025-08-27
grp-upto-1024	f-quad-3	match	nomatch	-	-	-	libpcre2-differential	10.46 2025-08-27
grp-upto-1024	f-quad-4x	match	nomatch	-	-	-	libpcre2-differential	10.46 2025-08-27
grp-upto-1024	f-mac-6	match	nomatch	-	-	-	libpcre2-differential	10.46 2025-08-27
grp-upto-1024	f-mac-5	match	nomatch	-	-	-	libpcre2-differential	10.46 2025-08-27
grp-upto-1024	f-csv-5	match	nomatch	-	-	-	libpcre2-differential	10.46 2025-08-27
grp-upto-1024	f-csv-4	match	nomatch	-	-	-	libpcre2-differential	10.46 2025-08-27
grp-upto-1024	l-00	match	nomatch	-	-	-	libpcre2-differential	10.46 2025-08-27
grp-upto-1024	l-01	match	nomatch	-	-	-	libpcre2-differential	10.46 2025-08-27
grp-upto-1024	l-02	match	nomatch	-	-	-	libpcre2-differential	10.46 2025-08-27
grp-upto-1024	l-03	match	nomatch	-	-	-	libpcre2-differential	10.46 2025-08-27
grp-upto-1024	l-04	match	nomatch	-	-	-	libpcre2-differential	10.46 2025-08-27
grp-upto-1024	l-05	match	nomatch	-	-	-	libpcre2-differential	10.46 2025-08-27
grp-upto-1024	l-06	match	nomatch	-	-	-	libpcre2-differential	10.46 2025-08-27
grp-upto-1024	l-07	match	nomatch	-	-	-	libpcre2-differential	10.46 2025-08-27
grp-upto-1024	l-08	match	nomatch	-	-	-	libpcre2-differential	10.46 2025-08-27
grp-upto-1024	l-09	match	nomatch	-	-	-	libpcre2-differential	10.46 2025-08-27
grp-upto-1024	l-10	match	nomatch	-	-	-	libpcre2-differential	10.46 2025-08-27
grp-upto-1024	l-11	match	nomatch	-	-	-	libpcre2-differential	10.46 2025-08-27
grp-upto-1024	r-00016	match	match	0	16	-	libpcre2-differential	10.46 2025-08-27
grp-upto-1024	r-00017	match	match	0	17	-	libpcre2-differential	10.46 2025-08-27
grp-upto-1024	r-00036	match	match	0	36	-	libpcre2-differential	10.46 2025-08-27
grp-upto-1024	r-00037	match	match	0	37	-	libpcre2-differential	10.46 2025-08-27
grp-upto-1024	r-00255	match	match	0	255	-	libpcre2-differential	10.46 2025-08-27
grp-upto-1024	r-00256	match	match	0	256	-	libpcre2-differential	10.46 2025-08-27
grp-upto-1024	r-00257	match	match	0	257	-	libpcre2-differential	10.46 2025-08-27
grp-upto-1024	r-04096	match	nomatch	-	-	-	libpcre2-differential	10.46 2025-08-27
grp-upto-1024	r-16384	match	nomatch	-	-	-	libpcre2-differential	10.46 2025-08-27
grp-upto-1024	d-00016	match	nomatch	-	-	-	libpcre2-differential	10.46 2025-08-27
grp-upto-1024	d-00017	match	nomatch	-	-	-	libpcre2-differential	10.46 2025-08-27
grp-upto-1024	d-00027	match	nomatch	-	-	-	libpcre2-differential	10.46 2025-08-27
grp-upto-1024	d-00028	match	nomatch	-	-	-	libpcre2-differential	10.46 2025-08-27
grp-upto-1024	d-00256	match	nomatch	-	-	-	libpcre2-differential	10.46 2025-08-27
grp-upto-1024	f-year-4	search_short	match	0	0	-	libpcre2-differential	10.46 2025-08-27
grp-upto-1024	f-year-3	search_short	match	0	0	-	libpcre2-differential	10.46 2025-08-27
grp-upto-1024	f-year-5	search_short	match	0	0	-	libpcre2-differential	10.46 2025-08-27
grp-upto-1024	f-hex-32	search_short	match	0	1	-	libpcre2-differential	10.46 2025-08-27
grp-upto-1024	f-hex-31	search_short	match	0	1	-	libpcre2-differential	10.46 2025-08-27
grp-upto-1024	f-hex-32g	search_short	match	0	1	-	libpcre2-differential	10.46 2025-08-27
grp-upto-1024	f-pw-8	search_short	match	0	0	-	libpcre2-differential	10.46 2025-08-27
grp-upto-1024	f-pw-7	search_short	match	0	1	-	libpcre2-differential	10.46 2025-08-27
grp-upto-1024	f-pw-64	search_short	match	0	0	-	libpcre2-differential	10.46 2025-08-27
grp-upto-1024	f-pw-65	search_short	match	0	1	-	libpcre2-differential	10.46 2025-08-27
grp-upto-1024	f-quad-4	search_short	match	0	0	-	libpcre2-differential	10.46 2025-08-27
grp-upto-1024	f-quad-3	search_short	match	0	0	-	libpcre2-differential	10.46 2025-08-27
grp-upto-1024	f-quad-4x	search_short	match	0	0	-	libpcre2-differential	10.46 2025-08-27
grp-upto-1024	f-mac-6	search_short	match	0	0	-	libpcre2-differential	10.46 2025-08-27
grp-upto-1024	f-mac-5	search_short	match	0	0	-	libpcre2-differential	10.46 2025-08-27
grp-upto-1024	f-csv-5	search_short	match	0	0	-	libpcre2-differential	10.46 2025-08-27
grp-upto-1024	f-csv-4	search_short	match	0	0	-	libpcre2-differential	10.46 2025-08-27
grp-upto-1024	l-00	search_short	match	0	4	-	libpcre2-differential	10.46 2025-08-27
grp-upto-1024	l-01	search_short	match	0	5	-	libpcre2-differential	10.46 2025-08-27
grp-upto-1024	l-02	search_short	match	0	0	-	libpcre2-differential	10.46 2025-08-27
grp-upto-1024	l-03	search_short	match	0	0	-	libpcre2-differential	10.46 2025-08-27
grp-upto-1024	l-04	search_short	match	0	0	-	libpcre2-differential	10.46 2025-08-27
grp-upto-1024	l-05	search_short	match	0	0	-	libpcre2-differential	10.46 2025-08-27
grp-upto-1024	l-06	search_short	match	0	0	-	libpcre2-differential	10.46 2025-08-27
grp-upto-1024	l-07	search_short	match	0	0	-	libpcre2-differential	10.46 2025-08-27
grp-upto-1024	l-08	search_short	match	0	0	-	libpcre2-differential	10.46 2025-08-27
grp-upto-1024	l-09	search_short	match	0	0	-	libpcre2-differential	10.46 2025-08-27
grp-upto-1024	l-10	search_short	match	0	0	-	libpcre2-differential	10.46 2025-08-27
grp-upto-1024	l-11	search_short	match	0	0	-	libpcre2-differential	10.46 2025-08-27
grp-upto-1024	r-00016	search_short	match	0	16	-	libpcre2-differential	10.46 2025-08-27
grp-upto-1024	r-00017	search_short	match	0	17	-	libpcre2-differential	10.46 2025-08-27
grp-upto-1024	r-00036	search_short	match	0	36	-	libpcre2-differential	10.46 2025-08-27
grp-upto-1024	r-00037	search_short	match	0	37	-	libpcre2-differential	10.46 2025-08-27
grp-upto-1024	r-00255	search_short	match	0	255	-	libpcre2-differential	10.46 2025-08-27
grp-upto-1024	r-00256	search_short	match	0	256	-	libpcre2-differential	10.46 2025-08-27
grp-upto-1024	r-00257	search_short	match	0	257	-	libpcre2-differential	10.46 2025-08-27
grp-upto-1024	d-00016	search_short	match	0	0	-	libpcre2-differential	10.46 2025-08-27
grp-upto-1024	d-00017	search_short	match	0	0	-	libpcre2-differential	10.46 2025-08-27
grp-upto-1024	d-00027	search_short	match	0	0	-	libpcre2-differential	10.46 2025-08-27
grp-upto-1024	d-00028	search_short	match	0	0	-	libpcre2-differential	10.46 2025-08-27
grp-upto-1024	d-00256	search_short	match	0	0	-	libpcre2-differential	10.46 2025-08-27
nest2-4	f-year-4	match	match	0	4	-	libpcre2-differential	10.46 2025-08-27
nest2-4	f-year-3	match	match	0	3	-	libpcre2-differential	10.46 2025-08-27
nest2-4	f-year-5	match	match	0	5	-	libpcre2-differential	10.46 2025-08-27
nest2-4	f-hex-32	match	nomatch	-	-	-	libpcre2-differential	10.46 2025-08-27
nest2-4	f-hex-31	match	nomatch	-	-	-	libpcre2-differential	10.46 2025-08-27
nest2-4	f-hex-32g	match	nomatch	-	-	-	libpcre2-differential	10.46 2025-08-27
nest2-4	f-pw-8	match	nomatch	-	-	-	libpcre2-differential	10.46 2025-08-27
nest2-4	f-pw-7	match	nomatch	-	-	-	libpcre2-differential	10.46 2025-08-27
nest2-4	f-pw-64	match	nomatch	-	-	-	libpcre2-differential	10.46 2025-08-27
nest2-4	f-pw-65	match	nomatch	-	-	-	libpcre2-differential	10.46 2025-08-27
nest2-4	f-quad-4	match	nomatch	-	-	-	libpcre2-differential	10.46 2025-08-27
nest2-4	f-quad-3	match	nomatch	-	-	-	libpcre2-differential	10.46 2025-08-27
nest2-4	f-quad-4x	match	nomatch	-	-	-	libpcre2-differential	10.46 2025-08-27
nest2-4	f-mac-6	match	nomatch	-	-	-	libpcre2-differential	10.46 2025-08-27
nest2-4	f-mac-5	match	nomatch	-	-	-	libpcre2-differential	10.46 2025-08-27
nest2-4	f-csv-5	match	nomatch	-	-	-	libpcre2-differential	10.46 2025-08-27
nest2-4	f-csv-4	match	nomatch	-	-	-	libpcre2-differential	10.46 2025-08-27
nest2-4	l-00	match	nomatch	-	-	-	libpcre2-differential	10.46 2025-08-27
nest2-4	l-01	match	nomatch	-	-	-	libpcre2-differential	10.46 2025-08-27
nest2-4	l-02	match	nomatch	-	-	-	libpcre2-differential	10.46 2025-08-27
nest2-4	l-03	match	nomatch	-	-	-	libpcre2-differential	10.46 2025-08-27
nest2-4	l-04	match	nomatch	-	-	-	libpcre2-differential	10.46 2025-08-27
nest2-4	l-05	match	nomatch	-	-	-	libpcre2-differential	10.46 2025-08-27
nest2-4	l-06	match	nomatch	-	-	-	libpcre2-differential	10.46 2025-08-27
nest2-4	l-07	match	nomatch	-	-	-	libpcre2-differential	10.46 2025-08-27
nest2-4	l-08	match	nomatch	-	-	-	libpcre2-differential	10.46 2025-08-27
nest2-4	l-09	match	nomatch	-	-	-	libpcre2-differential	10.46 2025-08-27
nest2-4	l-10	match	nomatch	-	-	-	libpcre2-differential	10.46 2025-08-27
nest2-4	l-11	match	nomatch	-	-	-	libpcre2-differential	10.46 2025-08-27
nest2-4	r-00016	match	nomatch	-	-	-	libpcre2-differential	10.46 2025-08-27
nest2-4	r-00017	match	nomatch	-	-	-	libpcre2-differential	10.46 2025-08-27
nest2-4	r-00036	match	nomatch	-	-	-	libpcre2-differential	10.46 2025-08-27
nest2-4	r-00037	match	nomatch	-	-	-	libpcre2-differential	10.46 2025-08-27
nest2-4	r-00255	match	nomatch	-	-	-	libpcre2-differential	10.46 2025-08-27
nest2-4	r-00256	match	nomatch	-	-	-	libpcre2-differential	10.46 2025-08-27
nest2-4	r-00257	match	nomatch	-	-	-	libpcre2-differential	10.46 2025-08-27
nest2-4	r-04096	match	nomatch	-	-	-	libpcre2-differential	10.46 2025-08-27
nest2-4	r-16384	match	nomatch	-	-	-	libpcre2-differential	10.46 2025-08-27
nest2-4	d-00016	match	match	0	16	-	libpcre2-differential	10.46 2025-08-27
nest2-4	d-00017	match	nomatch	-	-	-	libpcre2-differential	10.46 2025-08-27
nest2-4	d-00027	match	nomatch	-	-	-	libpcre2-differential	10.46 2025-08-27
nest2-4	d-00028	match	nomatch	-	-	-	libpcre2-differential	10.46 2025-08-27
nest2-4	d-00256	match	nomatch	-	-	-	libpcre2-differential	10.46 2025-08-27
nest2-4	f-year-4	search_short	match	0	4	-	libpcre2-differential	10.46 2025-08-27
nest2-4	f-year-3	search_short	match	0	3	-	libpcre2-differential	10.46 2025-08-27
nest2-4	f-year-5	search_short	match	0	5	-	libpcre2-differential	10.46 2025-08-27
nest2-4	f-hex-32	search_short	match	1	6	-	libpcre2-differential	10.46 2025-08-27
nest2-4	f-hex-31	search_short	match	1	6	-	libpcre2-differential	10.46 2025-08-27
nest2-4	f-hex-32g	search_short	match	1	6	-	libpcre2-differential	10.46 2025-08-27
nest2-4	f-pw-8	search_short	nomatch	-	-	-	libpcre2-differential	10.46 2025-08-27
nest2-4	f-pw-7	search_short	nomatch	-	-	-	libpcre2-differential	10.46 2025-08-27
nest2-4	f-pw-64	search_short	match	10	11	-	libpcre2-differential	10.46 2025-08-27
nest2-4	f-pw-65	search_short	match	5	6	-	libpcre2-differential	10.46 2025-08-27
nest2-4	f-quad-4	search_short	match	0	2	-	libpcre2-differential	10.46 2025-08-27
nest2-4	f-quad-3	search_short	match	0	2	-	libpcre2-differential	10.46 2025-08-27
nest2-4	f-quad-4x	search_short	match	0	2	-	libpcre2-differential	10.46 2025-08-27
nest2-4	f-mac-6	search_short	match	0	1	-	libpcre2-differential	10.46 2025-08-27
nest2-4	f-mac-5	search_short	match	0	1	-	libpcre2-differential	10.46 2025-08-27
nest2-4	f-csv-5	search_short	match	0	1	-	libpcre2-differential	10.46 2025-08-27
nest2-4	f-csv-4	search_short	match	0	1	-	libpcre2-differential	10.46 2025-08-27
nest2-4	l-00	search_short	match	5	7	-	libpcre2-differential	10.46 2025-08-27
nest2-4	l-01	search_short	match	6	8	-	libpcre2-differential	10.46 2025-08-27
nest2-4	l-02	search_short	match	4	6	-	libpcre2-differential	10.46 2025-08-27
nest2-4	l-03	search_short	match	4	6	-	libpcre2-differential	10.46 2025-08-27
nest2-4	l-04	search_short	match	4	6	-	libpcre2-differential	10.46 2025-08-27
nest2-4	l-05	search_short	match	4	6	-	libpcre2-differential	10.46 2025-08-27
nest2-4	l-06	search_short	match	4	6	-	libpcre2-differential	10.46 2025-08-27
nest2-4	l-07	search_short	match	4	6	-	libpcre2-differential	10.46 2025-08-27
nest2-4	l-08	search_short	match	4	6	-	libpcre2-differential	10.46 2025-08-27
nest2-4	l-09	search_short	match	4	6	-	libpcre2-differential	10.46 2025-08-27
nest2-4	l-10	search_short	match	4	6	-	libpcre2-differential	10.46 2025-08-27
nest2-4	l-11	search_short	match	4	6	-	libpcre2-differential	10.46 2025-08-27
nest2-4	r-00016	search_short	nomatch	-	-	-	libpcre2-differential	10.46 2025-08-27
nest2-4	r-00017	search_short	nomatch	-	-	-	libpcre2-differential	10.46 2025-08-27
nest2-4	r-00036	search_short	nomatch	-	-	-	libpcre2-differential	10.46 2025-08-27
nest2-4	r-00037	search_short	nomatch	-	-	-	libpcre2-differential	10.46 2025-08-27
nest2-4	r-00255	search_short	nomatch	-	-	-	libpcre2-differential	10.46 2025-08-27
nest2-4	r-00256	search_short	nomatch	-	-	-	libpcre2-differential	10.46 2025-08-27
nest2-4	r-00257	search_short	nomatch	-	-	-	libpcre2-differential	10.46 2025-08-27
nest2-4	d-00016	search_short	match	0	16	-	libpcre2-differential	10.46 2025-08-27
nest2-4	d-00017	search_short	match	0	16	-	libpcre2-differential	10.46 2025-08-27
nest2-4	d-00027	search_short	match	0	16	-	libpcre2-differential	10.46 2025-08-27
nest2-4	d-00028	search_short	match	0	16	-	libpcre2-differential	10.46 2025-08-27
nest2-4	d-00256	search_short	match	0	16	-	libpcre2-differential	10.46 2025-08-27
nest2-16	f-year-4	match	match	0	4	-	libpcre2-differential	10.46 2025-08-27
nest2-16	f-year-3	match	match	0	3	-	libpcre2-differential	10.46 2025-08-27
nest2-16	f-year-5	match	match	0	5	-	libpcre2-differential	10.46 2025-08-27
nest2-16	f-hex-32	match	nomatch	-	-	-	libpcre2-differential	10.46 2025-08-27
nest2-16	f-hex-31	match	nomatch	-	-	-	libpcre2-differential	10.46 2025-08-27
nest2-16	f-hex-32g	match	nomatch	-	-	-	libpcre2-differential	10.46 2025-08-27
nest2-16	f-pw-8	match	nomatch	-	-	-	libpcre2-differential	10.46 2025-08-27
nest2-16	f-pw-7	match	nomatch	-	-	-	libpcre2-differential	10.46 2025-08-27
nest2-16	f-pw-64	match	nomatch	-	-	-	libpcre2-differential	10.46 2025-08-27
nest2-16	f-pw-65	match	nomatch	-	-	-	libpcre2-differential	10.46 2025-08-27
nest2-16	f-quad-4	match	nomatch	-	-	-	libpcre2-differential	10.46 2025-08-27
nest2-16	f-quad-3	match	nomatch	-	-	-	libpcre2-differential	10.46 2025-08-27
nest2-16	f-quad-4x	match	nomatch	-	-	-	libpcre2-differential	10.46 2025-08-27
nest2-16	f-mac-6	match	nomatch	-	-	-	libpcre2-differential	10.46 2025-08-27
nest2-16	f-mac-5	match	nomatch	-	-	-	libpcre2-differential	10.46 2025-08-27
nest2-16	f-csv-5	match	nomatch	-	-	-	libpcre2-differential	10.46 2025-08-27
nest2-16	f-csv-4	match	nomatch	-	-	-	libpcre2-differential	10.46 2025-08-27
nest2-16	l-00	match	nomatch	-	-	-	libpcre2-differential	10.46 2025-08-27
nest2-16	l-01	match	nomatch	-	-	-	libpcre2-differential	10.46 2025-08-27
nest2-16	l-02	match	nomatch	-	-	-	libpcre2-differential	10.46 2025-08-27
nest2-16	l-03	match	nomatch	-	-	-	libpcre2-differential	10.46 2025-08-27
nest2-16	l-04	match	nomatch	-	-	-	libpcre2-differential	10.46 2025-08-27
nest2-16	l-05	match	nomatch	-	-	-	libpcre2-differential	10.46 2025-08-27
nest2-16	l-06	match	nomatch	-	-	-	libpcre2-differential	10.46 2025-08-27
nest2-16	l-07	match	nomatch	-	-	-	libpcre2-differential	10.46 2025-08-27
nest2-16	l-08	match	nomatch	-	-	-	libpcre2-differential	10.46 2025-08-27
nest2-16	l-09	match	nomatch	-	-	-	libpcre2-differential	10.46 2025-08-27
nest2-16	l-10	match	nomatch	-	-	-	libpcre2-differential	10.46 2025-08-27
nest2-16	l-11	match	nomatch	-	-	-	libpcre2-differential	10.46 2025-08-27
nest2-16	r-00016	match	nomatch	-	-	-	libpcre2-differential	10.46 2025-08-27
nest2-16	r-00017	match	nomatch	-	-	-	libpcre2-differential	10.46 2025-08-27
nest2-16	r-00036	match	nomatch	-	-	-	libpcre2-differential	10.46 2025-08-27
nest2-16	r-00037	match	nomatch	-	-	-	libpcre2-differential	10.46 2025-08-27
nest2-16	r-00255	match	nomatch	-	-	-	libpcre2-differential	10.46 2025-08-27
nest2-16	r-00256	match	nomatch	-	-	-	libpcre2-differential	10.46 2025-08-27
nest2-16	r-00257	match	nomatch	-	-	-	libpcre2-differential	10.46 2025-08-27
nest2-16	r-04096	match	nomatch	-	-	-	libpcre2-differential	10.46 2025-08-27
nest2-16	r-16384	match	nomatch	-	-	-	libpcre2-differential	10.46 2025-08-27
nest2-16	d-00016	match	match	0	16	-	libpcre2-differential	10.46 2025-08-27
nest2-16	d-00017	match	match	0	17	-	libpcre2-differential	10.46 2025-08-27
nest2-16	d-00027	match	match	0	27	-	libpcre2-differential	10.46 2025-08-27
nest2-16	d-00028	match	match	0	28	-	libpcre2-differential	10.46 2025-08-27
nest2-16	d-00256	match	match	0	256	-	libpcre2-differential	10.46 2025-08-27
nest2-16	f-year-4	search_short	match	0	4	-	libpcre2-differential	10.46 2025-08-27
nest2-16	f-year-3	search_short	match	0	3	-	libpcre2-differential	10.46 2025-08-27
nest2-16	f-year-5	search_short	match	0	5	-	libpcre2-differential	10.46 2025-08-27
nest2-16	f-hex-32	search_short	match	1	6	-	libpcre2-differential	10.46 2025-08-27
nest2-16	f-hex-31	search_short	match	1	6	-	libpcre2-differential	10.46 2025-08-27
nest2-16	f-hex-32g	search_short	match	1	6	-	libpcre2-differential	10.46 2025-08-27
nest2-16	f-pw-8	search_short	nomatch	-	-	-	libpcre2-differential	10.46 2025-08-27
nest2-16	f-pw-7	search_short	nomatch	-	-	-	libpcre2-differential	10.46 2025-08-27
nest2-16	f-pw-64	search_short	match	10	11	-	libpcre2-differential	10.46 2025-08-27
nest2-16	f-pw-65	search_short	match	5	6	-	libpcre2-differential	10.46 2025-08-27
nest2-16	f-quad-4	search_short	match	0	2	-	libpcre2-differential	10.46 2025-08-27
nest2-16	f-quad-3	search_short	match	0	2	-	libpcre2-differential	10.46 2025-08-27
nest2-16	f-quad-4x	search_short	match	0	2	-	libpcre2-differential	10.46 2025-08-27
nest2-16	f-mac-6	search_short	match	0	1	-	libpcre2-differential	10.46 2025-08-27
nest2-16	f-mac-5	search_short	match	0	1	-	libpcre2-differential	10.46 2025-08-27
nest2-16	f-csv-5	search_short	match	0	1	-	libpcre2-differential	10.46 2025-08-27
nest2-16	f-csv-4	search_short	match	0	1	-	libpcre2-differential	10.46 2025-08-27
nest2-16	l-00	search_short	match	5	7	-	libpcre2-differential	10.46 2025-08-27
nest2-16	l-01	search_short	match	6	8	-	libpcre2-differential	10.46 2025-08-27
nest2-16	l-02	search_short	match	4	6	-	libpcre2-differential	10.46 2025-08-27
nest2-16	l-03	search_short	match	4	6	-	libpcre2-differential	10.46 2025-08-27
nest2-16	l-04	search_short	match	4	6	-	libpcre2-differential	10.46 2025-08-27
nest2-16	l-05	search_short	match	4	6	-	libpcre2-differential	10.46 2025-08-27
nest2-16	l-06	search_short	match	4	6	-	libpcre2-differential	10.46 2025-08-27
nest2-16	l-07	search_short	match	4	6	-	libpcre2-differential	10.46 2025-08-27
nest2-16	l-08	search_short	match	4	6	-	libpcre2-differential	10.46 2025-08-27
nest2-16	l-09	search_short	match	4	6	-	libpcre2-differential	10.46 2025-08-27
nest2-16	l-10	search_short	match	4	6	-	libpcre2-differential	10.46 2025-08-27
nest2-16	l-11	search_short	match	4	6	-	libpcre2-differential	10.46 2025-08-27
nest2-16	r-00016	search_short	nomatch	-	-	-	libpcre2-differential	10.46 2025-08-27
nest2-16	r-00017	search_short	nomatch	-	-	-	libpcre2-differential	10.46 2025-08-27
nest2-16	r-00036	search_short	nomatch	-	-	-	libpcre2-differential	10.46 2025-08-27
nest2-16	r-00037	search_short	nomatch	-	-	-	libpcre2-differential	10.46 2025-08-27
nest2-16	r-00255	search_short	nomatch	-	-	-	libpcre2-differential	10.46 2025-08-27
nest2-16	r-00256	search_short	nomatch	-	-	-	libpcre2-differential	10.46 2025-08-27
nest2-16	r-00257	search_short	nomatch	-	-	-	libpcre2-differential	10.46 2025-08-27
nest2-16	d-00016	search_short	match	0	16	-	libpcre2-differential	10.46 2025-08-27
nest2-16	d-00017	search_short	match	0	17	-	libpcre2-differential	10.46 2025-08-27
nest2-16	d-00027	search_short	match	0	27	-	libpcre2-differential	10.46 2025-08-27
nest2-16	d-00028	search_short	match	0	28	-	libpcre2-differential	10.46 2025-08-27
nest2-16	d-00256	search_short	match	0	256	-	libpcre2-differential	10.46 2025-08-27
nest2-64	f-year-4	match	match	0	4	-	libpcre2-differential	10.46 2025-08-27
nest2-64	f-year-3	match	match	0	3	-	libpcre2-differential	10.46 2025-08-27
nest2-64	f-year-5	match	match	0	5	-	libpcre2-differential	10.46 2025-08-27
nest2-64	f-hex-32	match	nomatch	-	-	-	libpcre2-differential	10.46 2025-08-27
nest2-64	f-hex-31	match	nomatch	-	-	-	libpcre2-differential	10.46 2025-08-27
nest2-64	f-hex-32g	match	nomatch	-	-	-	libpcre2-differential	10.46 2025-08-27
nest2-64	f-pw-8	match	nomatch	-	-	-	libpcre2-differential	10.46 2025-08-27
nest2-64	f-pw-7	match	nomatch	-	-	-	libpcre2-differential	10.46 2025-08-27
nest2-64	f-pw-64	match	nomatch	-	-	-	libpcre2-differential	10.46 2025-08-27
nest2-64	f-pw-65	match	nomatch	-	-	-	libpcre2-differential	10.46 2025-08-27
nest2-64	f-quad-4	match	nomatch	-	-	-	libpcre2-differential	10.46 2025-08-27
nest2-64	f-quad-3	match	nomatch	-	-	-	libpcre2-differential	10.46 2025-08-27
nest2-64	f-quad-4x	match	nomatch	-	-	-	libpcre2-differential	10.46 2025-08-27
nest2-64	f-mac-6	match	nomatch	-	-	-	libpcre2-differential	10.46 2025-08-27
nest2-64	f-mac-5	match	nomatch	-	-	-	libpcre2-differential	10.46 2025-08-27
nest2-64	f-csv-5	match	nomatch	-	-	-	libpcre2-differential	10.46 2025-08-27
nest2-64	f-csv-4	match	nomatch	-	-	-	libpcre2-differential	10.46 2025-08-27
nest2-64	l-00	match	nomatch	-	-	-	libpcre2-differential	10.46 2025-08-27
nest2-64	l-01	match	nomatch	-	-	-	libpcre2-differential	10.46 2025-08-27
nest2-64	l-02	match	nomatch	-	-	-	libpcre2-differential	10.46 2025-08-27
nest2-64	l-03	match	nomatch	-	-	-	libpcre2-differential	10.46 2025-08-27
nest2-64	l-04	match	nomatch	-	-	-	libpcre2-differential	10.46 2025-08-27
nest2-64	l-05	match	nomatch	-	-	-	libpcre2-differential	10.46 2025-08-27
nest2-64	l-06	match	nomatch	-	-	-	libpcre2-differential	10.46 2025-08-27
nest2-64	l-07	match	nomatch	-	-	-	libpcre2-differential	10.46 2025-08-27
nest2-64	l-08	match	nomatch	-	-	-	libpcre2-differential	10.46 2025-08-27
nest2-64	l-09	match	nomatch	-	-	-	libpcre2-differential	10.46 2025-08-27
nest2-64	l-10	match	nomatch	-	-	-	libpcre2-differential	10.46 2025-08-27
nest2-64	l-11	match	nomatch	-	-	-	libpcre2-differential	10.46 2025-08-27
nest2-64	r-00016	match	nomatch	-	-	-	libpcre2-differential	10.46 2025-08-27
nest2-64	r-00017	match	nomatch	-	-	-	libpcre2-differential	10.46 2025-08-27
nest2-64	r-00036	match	nomatch	-	-	-	libpcre2-differential	10.46 2025-08-27
nest2-64	r-00037	match	nomatch	-	-	-	libpcre2-differential	10.46 2025-08-27
nest2-64	r-00255	match	nomatch	-	-	-	libpcre2-differential	10.46 2025-08-27
nest2-64	r-00256	match	nomatch	-	-	-	libpcre2-differential	10.46 2025-08-27
nest2-64	r-00257	match	nomatch	-	-	-	libpcre2-differential	10.46 2025-08-27
nest2-64	r-04096	match	nomatch	-	-	-	libpcre2-differential	10.46 2025-08-27
nest2-64	r-16384	match	nomatch	-	-	-	libpcre2-differential	10.46 2025-08-27
nest2-64	d-00016	match	match	0	16	-	libpcre2-differential	10.46 2025-08-27
nest2-64	d-00017	match	match	0	17	-	libpcre2-differential	10.46 2025-08-27
nest2-64	d-00027	match	match	0	27	-	libpcre2-differential	10.46 2025-08-27
nest2-64	d-00028	match	match	0	28	-	libpcre2-differential	10.46 2025-08-27
nest2-64	d-00256	match	match	0	256	-	libpcre2-differential	10.46 2025-08-27
nest2-64	f-year-4	search_short	match	0	4	-	libpcre2-differential	10.46 2025-08-27
nest2-64	f-year-3	search_short	match	0	3	-	libpcre2-differential	10.46 2025-08-27
nest2-64	f-year-5	search_short	match	0	5	-	libpcre2-differential	10.46 2025-08-27
nest2-64	f-hex-32	search_short	match	1	6	-	libpcre2-differential	10.46 2025-08-27
nest2-64	f-hex-31	search_short	match	1	6	-	libpcre2-differential	10.46 2025-08-27
nest2-64	f-hex-32g	search_short	match	1	6	-	libpcre2-differential	10.46 2025-08-27
nest2-64	f-pw-8	search_short	nomatch	-	-	-	libpcre2-differential	10.46 2025-08-27
nest2-64	f-pw-7	search_short	nomatch	-	-	-	libpcre2-differential	10.46 2025-08-27
nest2-64	f-pw-64	search_short	match	10	11	-	libpcre2-differential	10.46 2025-08-27
nest2-64	f-pw-65	search_short	match	5	6	-	libpcre2-differential	10.46 2025-08-27
nest2-64	f-quad-4	search_short	match	0	2	-	libpcre2-differential	10.46 2025-08-27
nest2-64	f-quad-3	search_short	match	0	2	-	libpcre2-differential	10.46 2025-08-27
nest2-64	f-quad-4x	search_short	match	0	2	-	libpcre2-differential	10.46 2025-08-27
nest2-64	f-mac-6	search_short	match	0	1	-	libpcre2-differential	10.46 2025-08-27
nest2-64	f-mac-5	search_short	match	0	1	-	libpcre2-differential	10.46 2025-08-27
nest2-64	f-csv-5	search_short	match	0	1	-	libpcre2-differential	10.46 2025-08-27
nest2-64	f-csv-4	search_short	match	0	1	-	libpcre2-differential	10.46 2025-08-27
nest2-64	l-00	search_short	match	5	7	-	libpcre2-differential	10.46 2025-08-27
nest2-64	l-01	search_short	match	6	8	-	libpcre2-differential	10.46 2025-08-27
nest2-64	l-02	search_short	match	4	6	-	libpcre2-differential	10.46 2025-08-27
nest2-64	l-03	search_short	match	4	6	-	libpcre2-differential	10.46 2025-08-27
nest2-64	l-04	search_short	match	4	6	-	libpcre2-differential	10.46 2025-08-27
nest2-64	l-05	search_short	match	4	6	-	libpcre2-differential	10.46 2025-08-27
nest2-64	l-06	search_short	match	4	6	-	libpcre2-differential	10.46 2025-08-27
nest2-64	l-07	search_short	match	4	6	-	libpcre2-differential	10.46 2025-08-27
nest2-64	l-08	search_short	match	4	6	-	libpcre2-differential	10.46 2025-08-27
nest2-64	l-09	search_short	match	4	6	-	libpcre2-differential	10.46 2025-08-27
nest2-64	l-10	search_short	match	4	6	-	libpcre2-differential	10.46 2025-08-27
nest2-64	l-11	search_short	match	4	6	-	libpcre2-differential	10.46 2025-08-27
nest2-64	r-00016	search_short	nomatch	-	-	-	libpcre2-differential	10.46 2025-08-27
nest2-64	r-00017	search_short	nomatch	-	-	-	libpcre2-differential	10.46 2025-08-27
nest2-64	r-00036	search_short	nomatch	-	-	-	libpcre2-differential	10.46 2025-08-27
nest2-64	r-00037	search_short	nomatch	-	-	-	libpcre2-differential	10.46 2025-08-27
nest2-64	r-00255	search_short	nomatch	-	-	-	libpcre2-differential	10.46 2025-08-27
nest2-64	r-00256	search_short	nomatch	-	-	-	libpcre2-differential	10.46 2025-08-27
nest2-64	r-00257	search_short	nomatch	-	-	-	libpcre2-differential	10.46 2025-08-27
nest2-64	d-00016	search_short	match	0	16	-	libpcre2-differential	10.46 2025-08-27
nest2-64	d-00017	search_short	match	0	17	-	libpcre2-differential	10.46 2025-08-27
nest2-64	d-00027	search_short	match	0	27	-	libpcre2-differential	10.46 2025-08-27
nest2-64	d-00028	search_short	match	0	28	-	libpcre2-differential	10.46 2025-08-27
nest2-64	d-00256	search_short	match	0	256	-	libpcre2-differential	10.46 2025-08-27
nest3-3	f-year-4	match	match	0	4	-	libpcre2-differential	10.46 2025-08-27
nest3-3	f-year-3	match	match	0	3	-	libpcre2-differential	10.46 2025-08-27
nest3-3	f-year-5	match	match	0	5	-	libpcre2-differential	10.46 2025-08-27
nest3-3	f-hex-32	match	nomatch	-	-	-	libpcre2-differential	10.46 2025-08-27
nest3-3	f-hex-31	match	nomatch	-	-	-	libpcre2-differential	10.46 2025-08-27
nest3-3	f-hex-32g	match	nomatch	-	-	-	libpcre2-differential	10.46 2025-08-27
nest3-3	f-pw-8	match	nomatch	-	-	-	libpcre2-differential	10.46 2025-08-27
nest3-3	f-pw-7	match	nomatch	-	-	-	libpcre2-differential	10.46 2025-08-27
nest3-3	f-pw-64	match	nomatch	-	-	-	libpcre2-differential	10.46 2025-08-27
nest3-3	f-pw-65	match	nomatch	-	-	-	libpcre2-differential	10.46 2025-08-27
nest3-3	f-quad-4	match	nomatch	-	-	-	libpcre2-differential	10.46 2025-08-27
nest3-3	f-quad-3	match	nomatch	-	-	-	libpcre2-differential	10.46 2025-08-27
nest3-3	f-quad-4x	match	nomatch	-	-	-	libpcre2-differential	10.46 2025-08-27
nest3-3	f-mac-6	match	nomatch	-	-	-	libpcre2-differential	10.46 2025-08-27
nest3-3	f-mac-5	match	nomatch	-	-	-	libpcre2-differential	10.46 2025-08-27
nest3-3	f-csv-5	match	nomatch	-	-	-	libpcre2-differential	10.46 2025-08-27
nest3-3	f-csv-4	match	nomatch	-	-	-	libpcre2-differential	10.46 2025-08-27
nest3-3	l-00	match	nomatch	-	-	-	libpcre2-differential	10.46 2025-08-27
nest3-3	l-01	match	nomatch	-	-	-	libpcre2-differential	10.46 2025-08-27
nest3-3	l-02	match	nomatch	-	-	-	libpcre2-differential	10.46 2025-08-27
nest3-3	l-03	match	nomatch	-	-	-	libpcre2-differential	10.46 2025-08-27
nest3-3	l-04	match	nomatch	-	-	-	libpcre2-differential	10.46 2025-08-27
nest3-3	l-05	match	nomatch	-	-	-	libpcre2-differential	10.46 2025-08-27
nest3-3	l-06	match	nomatch	-	-	-	libpcre2-differential	10.46 2025-08-27
nest3-3	l-07	match	nomatch	-	-	-	libpcre2-differential	10.46 2025-08-27
nest3-3	l-08	match	nomatch	-	-	-	libpcre2-differential	10.46 2025-08-27
nest3-3	l-09	match	nomatch	-	-	-	libpcre2-differential	10.46 2025-08-27
nest3-3	l-10	match	nomatch	-	-	-	libpcre2-differential	10.46 2025-08-27
nest3-3	l-11	match	nomatch	-	-	-	libpcre2-differential	10.46 2025-08-27
nest3-3	r-00016	match	nomatch	-	-	-	libpcre2-differential	10.46 2025-08-27
nest3-3	r-00017	match	nomatch	-	-	-	libpcre2-differential	10.46 2025-08-27
nest3-3	r-00036	match	nomatch	-	-	-	libpcre2-differential	10.46 2025-08-27
nest3-3	r-00037	match	nomatch	-	-	-	libpcre2-differential	10.46 2025-08-27
nest3-3	r-00255	match	nomatch	-	-	-	libpcre2-differential	10.46 2025-08-27
nest3-3	r-00256	match	nomatch	-	-	-	libpcre2-differential	10.46 2025-08-27
nest3-3	r-00257	match	nomatch	-	-	-	libpcre2-differential	10.46 2025-08-27
nest3-3	r-04096	match	nomatch	-	-	-	libpcre2-differential	10.46 2025-08-27
nest3-3	r-16384	match	nomatch	-	-	-	libpcre2-differential	10.46 2025-08-27
nest3-3	d-00016	match	match	0	16	-	libpcre2-differential	10.46 2025-08-27
nest3-3	d-00017	match	match	0	17	-	libpcre2-differential	10.46 2025-08-27
nest3-3	d-00027	match	match	0	27	-	libpcre2-differential	10.46 2025-08-27
nest3-3	d-00028	match	nomatch	-	-	-	libpcre2-differential	10.46 2025-08-27
nest3-3	d-00256	match	nomatch	-	-	-	libpcre2-differential	10.46 2025-08-27
nest3-3	f-year-4	search_short	match	0	4	-	libpcre2-differential	10.46 2025-08-27
nest3-3	f-year-3	search_short	match	0	3	-	libpcre2-differential	10.46 2025-08-27
nest3-3	f-year-5	search_short	match	0	5	-	libpcre2-differential	10.46 2025-08-27
nest3-3	f-hex-32	search_short	match	1	6	-	libpcre2-differential	10.46 2025-08-27
nest3-3	f-hex-31	search_short	match	1	6	-	libpcre2-differential	10.46 2025-08-27
nest3-3	f-hex-32g	search_short	match	1	6	-	libpcre2-differential	10.46 2025-08-27
nest3-3	f-pw-8	search_short	nomatch	-	-	-	libpcre2-differential	10.46 2025-08-27
nest3-3	f-pw-7	search_short	nomatch	-	-	-	libpcre2-differential	10.46 2025-08-27
nest3-3	f-pw-64	search_short	match	10	11	-	libpcre2-differential	10.46 2025-08-27
nest3-3	f-pw-65	search_short	match	5	6	-	libpcre2-differential	10.46 2025-08-27
nest3-3	f-quad-4	search_short	match	0	2	-	libpcre2-differential	10.46 2025-08-27
nest3-3	f-quad-3	search_short	match	0	2	-	libpcre2-differential	10.46 2025-08-27
nest3-3	f-quad-4x	search_short	match	0	2	-	libpcre2-differential	10.46 2025-08-27
nest3-3	f-mac-6	search_short	match	0	1	-	libpcre2-differential	10.46 2025-08-27
nest3-3	f-mac-5	search_short	match	0	1	-	libpcre2-differential	10.46 2025-08-27
nest3-3	f-csv-5	search_short	match	0	1	-	libpcre2-differential	10.46 2025-08-27
nest3-3	f-csv-4	search_short	match	0	1	-	libpcre2-differential	10.46 2025-08-27
nest3-3	l-00	search_short	match	5	7	-	libpcre2-differential	10.46 2025-08-27
nest3-3	l-01	search_short	match	6	8	-	libpcre2-differential	10.46 2025-08-27
nest3-3	l-02	search_short	match	4	6	-	libpcre2-differential	10.46 2025-08-27
nest3-3	l-03	search_short	match	4	6	-	libpcre2-differential	10.46 2025-08-27
nest3-3	l-04	search_short	match	4	6	-	libpcre2-differential	10.46 2025-08-27
nest3-3	l-05	search_short	match	4	6	-	libpcre2-differential	10.46 2025-08-27
nest3-3	l-06	search_short	match	4	6	-	libpcre2-differential	10.46 2025-08-27
nest3-3	l-07	search_short	match	4	6	-	libpcre2-differential	10.46 2025-08-27
nest3-3	l-08	search_short	match	4	6	-	libpcre2-differential	10.46 2025-08-27
nest3-3	l-09	search_short	match	4	6	-	libpcre2-differential	10.46 2025-08-27
nest3-3	l-10	search_short	match	4	6	-	libpcre2-differential	10.46 2025-08-27
nest3-3	l-11	search_short	match	4	6	-	libpcre2-differential	10.46 2025-08-27
nest3-3	r-00016	search_short	nomatch	-	-	-	libpcre2-differential	10.46 2025-08-27
nest3-3	r-00017	search_short	nomatch	-	-	-	libpcre2-differential	10.46 2025-08-27
nest3-3	r-00036	search_short	nomatch	-	-	-	libpcre2-differential	10.46 2025-08-27
nest3-3	r-00037	search_short	nomatch	-	-	-	libpcre2-differential	10.46 2025-08-27
nest3-3	r-00255	search_short	nomatch	-	-	-	libpcre2-differential	10.46 2025-08-27
nest3-3	r-00256	search_short	nomatch	-	-	-	libpcre2-differential	10.46 2025-08-27
nest3-3	r-00257	search_short	nomatch	-	-	-	libpcre2-differential	10.46 2025-08-27
nest3-3	d-00016	search_short	match	0	16	-	libpcre2-differential	10.46 2025-08-27
nest3-3	d-00017	search_short	match	0	17	-	libpcre2-differential	10.46 2025-08-27
nest3-3	d-00027	search_short	match	0	27	-	libpcre2-differential	10.46 2025-08-27
nest3-3	d-00028	search_short	match	0	27	-	libpcre2-differential	10.46 2025-08-27
nest3-3	d-00256	search_short	match	0	27	-	libpcre2-differential	10.46 2025-08-27
nest3-16	f-year-4	match	match	0	4	-	libpcre2-differential	10.46 2025-08-27
nest3-16	f-year-3	match	match	0	3	-	libpcre2-differential	10.46 2025-08-27
nest3-16	f-year-5	match	match	0	5	-	libpcre2-differential	10.46 2025-08-27
nest3-16	f-hex-32	match	nomatch	-	-	-	libpcre2-differential	10.46 2025-08-27
nest3-16	f-hex-31	match	nomatch	-	-	-	libpcre2-differential	10.46 2025-08-27
nest3-16	f-hex-32g	match	nomatch	-	-	-	libpcre2-differential	10.46 2025-08-27
nest3-16	f-pw-8	match	nomatch	-	-	-	libpcre2-differential	10.46 2025-08-27
nest3-16	f-pw-7	match	nomatch	-	-	-	libpcre2-differential	10.46 2025-08-27
nest3-16	f-pw-64	match	nomatch	-	-	-	libpcre2-differential	10.46 2025-08-27
nest3-16	f-pw-65	match	nomatch	-	-	-	libpcre2-differential	10.46 2025-08-27
nest3-16	f-quad-4	match	nomatch	-	-	-	libpcre2-differential	10.46 2025-08-27
nest3-16	f-quad-3	match	nomatch	-	-	-	libpcre2-differential	10.46 2025-08-27
nest3-16	f-quad-4x	match	nomatch	-	-	-	libpcre2-differential	10.46 2025-08-27
nest3-16	f-mac-6	match	nomatch	-	-	-	libpcre2-differential	10.46 2025-08-27
nest3-16	f-mac-5	match	nomatch	-	-	-	libpcre2-differential	10.46 2025-08-27
nest3-16	f-csv-5	match	nomatch	-	-	-	libpcre2-differential	10.46 2025-08-27
nest3-16	f-csv-4	match	nomatch	-	-	-	libpcre2-differential	10.46 2025-08-27
nest3-16	l-00	match	nomatch	-	-	-	libpcre2-differential	10.46 2025-08-27
nest3-16	l-01	match	nomatch	-	-	-	libpcre2-differential	10.46 2025-08-27
nest3-16	l-02	match	nomatch	-	-	-	libpcre2-differential	10.46 2025-08-27
nest3-16	l-03	match	nomatch	-	-	-	libpcre2-differential	10.46 2025-08-27
nest3-16	l-04	match	nomatch	-	-	-	libpcre2-differential	10.46 2025-08-27
nest3-16	l-05	match	nomatch	-	-	-	libpcre2-differential	10.46 2025-08-27
nest3-16	l-06	match	nomatch	-	-	-	libpcre2-differential	10.46 2025-08-27
nest3-16	l-07	match	nomatch	-	-	-	libpcre2-differential	10.46 2025-08-27
nest3-16	l-08	match	nomatch	-	-	-	libpcre2-differential	10.46 2025-08-27
nest3-16	l-09	match	nomatch	-	-	-	libpcre2-differential	10.46 2025-08-27
nest3-16	l-10	match	nomatch	-	-	-	libpcre2-differential	10.46 2025-08-27
nest3-16	l-11	match	nomatch	-	-	-	libpcre2-differential	10.46 2025-08-27
nest3-16	r-00016	match	nomatch	-	-	-	libpcre2-differential	10.46 2025-08-27
nest3-16	r-00017	match	nomatch	-	-	-	libpcre2-differential	10.46 2025-08-27
nest3-16	r-00036	match	nomatch	-	-	-	libpcre2-differential	10.46 2025-08-27
nest3-16	r-00037	match	nomatch	-	-	-	libpcre2-differential	10.46 2025-08-27
nest3-16	r-00255	match	nomatch	-	-	-	libpcre2-differential	10.46 2025-08-27
nest3-16	r-00256	match	nomatch	-	-	-	libpcre2-differential	10.46 2025-08-27
nest3-16	r-00257	match	nomatch	-	-	-	libpcre2-differential	10.46 2025-08-27
nest3-16	r-04096	match	nomatch	-	-	-	libpcre2-differential	10.46 2025-08-27
nest3-16	r-16384	match	nomatch	-	-	-	libpcre2-differential	10.46 2025-08-27
nest3-16	d-00016	match	match	0	16	-	libpcre2-differential	10.46 2025-08-27
nest3-16	d-00017	match	match	0	17	-	libpcre2-differential	10.46 2025-08-27
nest3-16	d-00027	match	match	0	27	-	libpcre2-differential	10.46 2025-08-27
nest3-16	d-00028	match	match	0	28	-	libpcre2-differential	10.46 2025-08-27
nest3-16	d-00256	match	match	0	256	-	libpcre2-differential	10.46 2025-08-27
nest3-16	f-year-4	search_short	match	0	4	-	libpcre2-differential	10.46 2025-08-27
nest3-16	f-year-3	search_short	match	0	3	-	libpcre2-differential	10.46 2025-08-27
nest3-16	f-year-5	search_short	match	0	5	-	libpcre2-differential	10.46 2025-08-27
nest3-16	f-hex-32	search_short	match	1	6	-	libpcre2-differential	10.46 2025-08-27
nest3-16	f-hex-31	search_short	match	1	6	-	libpcre2-differential	10.46 2025-08-27
nest3-16	f-hex-32g	search_short	match	1	6	-	libpcre2-differential	10.46 2025-08-27
nest3-16	f-pw-8	search_short	nomatch	-	-	-	libpcre2-differential	10.46 2025-08-27
nest3-16	f-pw-7	search_short	nomatch	-	-	-	libpcre2-differential	10.46 2025-08-27
nest3-16	f-pw-64	search_short	match	10	11	-	libpcre2-differential	10.46 2025-08-27
nest3-16	f-pw-65	search_short	match	5	6	-	libpcre2-differential	10.46 2025-08-27
nest3-16	f-quad-4	search_short	match	0	2	-	libpcre2-differential	10.46 2025-08-27
nest3-16	f-quad-3	search_short	match	0	2	-	libpcre2-differential	10.46 2025-08-27
nest3-16	f-quad-4x	search_short	match	0	2	-	libpcre2-differential	10.46 2025-08-27
nest3-16	f-mac-6	search_short	match	0	1	-	libpcre2-differential	10.46 2025-08-27
nest3-16	f-mac-5	search_short	match	0	1	-	libpcre2-differential	10.46 2025-08-27
nest3-16	f-csv-5	search_short	match	0	1	-	libpcre2-differential	10.46 2025-08-27
nest3-16	f-csv-4	search_short	match	0	1	-	libpcre2-differential	10.46 2025-08-27
nest3-16	l-00	search_short	match	5	7	-	libpcre2-differential	10.46 2025-08-27
nest3-16	l-01	search_short	match	6	8	-	libpcre2-differential	10.46 2025-08-27
nest3-16	l-02	search_short	match	4	6	-	libpcre2-differential	10.46 2025-08-27
nest3-16	l-03	search_short	match	4	6	-	libpcre2-differential	10.46 2025-08-27
nest3-16	l-04	search_short	match	4	6	-	libpcre2-differential	10.46 2025-08-27
nest3-16	l-05	search_short	match	4	6	-	libpcre2-differential	10.46 2025-08-27
nest3-16	l-06	search_short	match	4	6	-	libpcre2-differential	10.46 2025-08-27
nest3-16	l-07	search_short	match	4	6	-	libpcre2-differential	10.46 2025-08-27
nest3-16	l-08	search_short	match	4	6	-	libpcre2-differential	10.46 2025-08-27
nest3-16	l-09	search_short	match	4	6	-	libpcre2-differential	10.46 2025-08-27
nest3-16	l-10	search_short	match	4	6	-	libpcre2-differential	10.46 2025-08-27
nest3-16	l-11	search_short	match	4	6	-	libpcre2-differential	10.46 2025-08-27
nest3-16	r-00016	search_short	nomatch	-	-	-	libpcre2-differential	10.46 2025-08-27
nest3-16	r-00017	search_short	nomatch	-	-	-	libpcre2-differential	10.46 2025-08-27
nest3-16	r-00036	search_short	nomatch	-	-	-	libpcre2-differential	10.46 2025-08-27
nest3-16	r-00037	search_short	nomatch	-	-	-	libpcre2-differential	10.46 2025-08-27
nest3-16	r-00255	search_short	nomatch	-	-	-	libpcre2-differential	10.46 2025-08-27
nest3-16	r-00256	search_short	nomatch	-	-	-	libpcre2-differential	10.46 2025-08-27
nest3-16	r-00257	search_short	nomatch	-	-	-	libpcre2-differential	10.46 2025-08-27
nest3-16	d-00016	search_short	match	0	16	-	libpcre2-differential	10.46 2025-08-27
nest3-16	d-00017	search_short	match	0	17	-	libpcre2-differential	10.46 2025-08-27
nest3-16	d-00027	search_short	match	0	27	-	libpcre2-differential	10.46 2025-08-27
nest3-16	d-00028	search_short	match	0	28	-	libpcre2-differential	10.46 2025-08-27
nest3-16	d-00256	search_short	match	0	256	-	libpcre2-differential	10.46 2025-08-27
nest2-letters-6	f-year-4	match	nomatch	-	-	-	libpcre2-differential	10.46 2025-08-27
nest2-letters-6	f-year-3	match	nomatch	-	-	-	libpcre2-differential	10.46 2025-08-27
nest2-letters-6	f-year-5	match	nomatch	-	-	-	libpcre2-differential	10.46 2025-08-27
nest2-letters-6	f-hex-32	match	nomatch	-	-	-	libpcre2-differential	10.46 2025-08-27
nest2-letters-6	f-hex-31	match	nomatch	-	-	-	libpcre2-differential	10.46 2025-08-27
nest2-letters-6	f-hex-32g	match	nomatch	-	-	-	libpcre2-differential	10.46 2025-08-27
nest2-letters-6	f-pw-8	match	nomatch	-	-	-	libpcre2-differential	10.46 2025-08-27
nest2-letters-6	f-pw-7	match	nomatch	-	-	-	libpcre2-differential	10.46 2025-08-27
nest2-letters-6	f-pw-64	match	nomatch	-	-	-	libpcre2-differential	10.46 2025-08-27
nest2-letters-6	f-pw-65	match	nomatch	-	-	-	libpcre2-differential	10.46 2025-08-27
nest2-letters-6	f-quad-4	match	nomatch	-	-	-	libpcre2-differential	10.46 2025-08-27
nest2-letters-6	f-quad-3	match	nomatch	-	-	-	libpcre2-differential	10.46 2025-08-27
nest2-letters-6	f-quad-4x	match	nomatch	-	-	-	libpcre2-differential	10.46 2025-08-27
nest2-letters-6	f-mac-6	match	nomatch	-	-	-	libpcre2-differential	10.46 2025-08-27
nest2-letters-6	f-mac-5	match	nomatch	-	-	-	libpcre2-differential	10.46 2025-08-27
nest2-letters-6	f-csv-5	match	nomatch	-	-	-	libpcre2-differential	10.46 2025-08-27
nest2-letters-6	f-csv-4	match	nomatch	-	-	-	libpcre2-differential	10.46 2025-08-27
nest2-letters-6	l-00	match	nomatch	-	-	-	libpcre2-differential	10.46 2025-08-27
nest2-letters-6	l-01	match	nomatch	-	-	-	libpcre2-differential	10.46 2025-08-27
nest2-letters-6	l-02	match	nomatch	-	-	-	libpcre2-differential	10.46 2025-08-27
nest2-letters-6	l-03	match	nomatch	-	-	-	libpcre2-differential	10.46 2025-08-27
nest2-letters-6	l-04	match	nomatch	-	-	-	libpcre2-differential	10.46 2025-08-27
nest2-letters-6	l-05	match	nomatch	-	-	-	libpcre2-differential	10.46 2025-08-27
nest2-letters-6	l-06	match	nomatch	-	-	-	libpcre2-differential	10.46 2025-08-27
nest2-letters-6	l-07	match	nomatch	-	-	-	libpcre2-differential	10.46 2025-08-27
nest2-letters-6	l-08	match	nomatch	-	-	-	libpcre2-differential	10.46 2025-08-27
nest2-letters-6	l-09	match	nomatch	-	-	-	libpcre2-differential	10.46 2025-08-27
nest2-letters-6	l-10	match	nomatch	-	-	-	libpcre2-differential	10.46 2025-08-27
nest2-letters-6	l-11	match	nomatch	-	-	-	libpcre2-differential	10.46 2025-08-27
nest2-letters-6	r-00016	match	match	0	16	-	libpcre2-differential	10.46 2025-08-27
nest2-letters-6	r-00017	match	match	0	17	-	libpcre2-differential	10.46 2025-08-27
nest2-letters-6	r-00036	match	match	0	36	-	libpcre2-differential	10.46 2025-08-27
nest2-letters-6	r-00037	match	nomatch	-	-	-	libpcre2-differential	10.46 2025-08-27
nest2-letters-6	r-00255	match	nomatch	-	-	-	libpcre2-differential	10.46 2025-08-27
nest2-letters-6	r-00256	match	nomatch	-	-	-	libpcre2-differential	10.46 2025-08-27
nest2-letters-6	r-00257	match	nomatch	-	-	-	libpcre2-differential	10.46 2025-08-27
nest2-letters-6	r-04096	match	nomatch	-	-	-	libpcre2-differential	10.46 2025-08-27
nest2-letters-6	r-16384	match	nomatch	-	-	-	libpcre2-differential	10.46 2025-08-27
nest2-letters-6	d-00016	match	nomatch	-	-	-	libpcre2-differential	10.46 2025-08-27
nest2-letters-6	d-00017	match	nomatch	-	-	-	libpcre2-differential	10.46 2025-08-27
nest2-letters-6	d-00027	match	nomatch	-	-	-	libpcre2-differential	10.46 2025-08-27
nest2-letters-6	d-00028	match	nomatch	-	-	-	libpcre2-differential	10.46 2025-08-27
nest2-letters-6	d-00256	match	nomatch	-	-	-	libpcre2-differential	10.46 2025-08-27
nest2-letters-6	f-year-4	search_short	nomatch	-	-	-	libpcre2-differential	10.46 2025-08-27
nest2-letters-6	f-year-3	search_short	nomatch	-	-	-	libpcre2-differential	10.46 2025-08-27
nest2-letters-6	f-year-5	search_short	nomatch	-	-	-	libpcre2-differential	10.46 2025-08-27
nest2-letters-6	f-hex-32	search_short	match	0	1	-	libpcre2-differential	10.46 2025-08-27
nest2-letters-6	f-hex-31	search_short	match	0	1	-	libpcre2-differential	10.46 2025-08-27
nest2-letters-6	f-hex-32g	search_short	match	0	1	-	libpcre2-differential	10.46 2025-08-27
nest2-letters-6	f-pw-8	search_short	match	2	4	-	libpcre2-differential	10.46 2025-08-27
nest2-letters-6	f-pw-7	search_short	match	0	1	-	libpcre2-differential	10.46 2025-08-27
nest2-letters-6	f-pw-64	search_short	match	3	10	-	libpcre2-differential	10.46 2025-08-27
nest2-letters-6	f-pw-65	search_short	match	0	1	-	libpcre2-differential	10.46 2025-08-27
nest2-letters-6	f-quad-4	search_short	nomatch	-	-	-	libpcre2-differential	10.46 2025-08-27
nest2-letters-6	f-quad-3	search_short	nomatch	-	-	-	libpcre2-differential	10.46 2025-08-27
nest2-letters-6	f-quad-4x	search_short	nomatch	-	-	-	libpcre2-differential	10.46 2025-08-27
nest2-letters-6	f-mac-6	search_short	match	1	2	-	libpcre2-differential	10.46 2025-08-27
nest2-letters-6	f-mac-5	search_short	match	1	2	-	libpcre2-differential	10.46 2025-08-27
nest2-letters-6	f-csv-5	search_short	match	4	12	-	libpcre2-differential	10.46 2025-08-27
nest2-letters-6	f-csv-4	search_short	match	4	12	-	libpcre2-differential	10.46 2025-08-27
nest2-letters-6	l-00	search_short	match	0	4	-	libpcre2-differential	10.46 2025-08-27
nest2-letters-6	l-01	search_short	match	0	5	-	libpcre2-differential	10.46 2025-08-27
nest2-letters-6	l-02	search_short	match	1	3	-	libpcre2-differential	10.46 2025-08-27
nest2-letters-6	l-03	search_short	match	1	3	-	libpcre2-differential	10.46 2025-08-27
nest2-letters-6	l-04	search_short	match	1	3	-	libpcre2-differential	10.46 2025-08-27
nest2-letters-6	l-05	search_short	match	1	3	-	libpcre2-differential	10.46 2025-08-27
nest2-letters-6	l-06	search_short	match	1	3	-	libpcre2-differential	10.46 2025-08-27
nest2-letters-6	l-07	search_short	match	1	3	-	libpcre2-differential	10.46 2025-08-27
nest2-letters-6	l-08	search_short	match	1	3	-	libpcre2-differential	10.46 2025-08-27
nest2-letters-6	l-09	search_short	match	1	3	-	libpcre2-differential	10.46 2025-08-27
nest2-letters-6	l-10	search_short	match	1	3	-	libpcre2-differential	10.46 2025-08-27
nest2-letters-6	l-11	search_short	match	1	3	-	libpcre2-differential	10.46 2025-08-27
nest2-letters-6	r-00016	search_short	match	0	16	-	libpcre2-differential	10.46 2025-08-27
nest2-letters-6	r-00017	search_short	match	0	17	-	libpcre2-differential	10.46 2025-08-27
nest2-letters-6	r-00036	search_short	match	0	36	-	libpcre2-differential	10.46 2025-08-27
nest2-letters-6	r-00037	search_short	match	0	36	-	libpcre2-differential	10.46 2025-08-27
nest2-letters-6	r-00255	search_short	match	0	36	-	libpcre2-differential	10.46 2025-08-27
nest2-letters-6	r-00256	search_short	match	0	36	-	libpcre2-differential	10.46 2025-08-27
nest2-letters-6	r-00257	search_short	match	0	36	-	libpcre2-differential	10.46 2025-08-27
nest2-letters-6	d-00016	search_short	nomatch	-	-	-	libpcre2-differential	10.46 2025-08-27
nest2-letters-6	d-00017	search_short	nomatch	-	-	-	libpcre2-differential	10.46 2025-08-27
nest2-letters-6	d-00027	search_short	nomatch	-	-	-	libpcre2-differential	10.46 2025-08-27
nest2-letters-6	d-00028	search_short	nomatch	-	-	-	libpcre2-differential	10.46 2025-08-27
nest2-letters-6	d-00256	search_short	nomatch	-	-	-	libpcre2-differential	10.46 2025-08-27
floor	f-year-4	match	nomatch	-	-	-	libpcre2-differential	10.46 2025-08-27
floor	f-year-3	match	nomatch	-	-	-	libpcre2-differential	10.46 2025-08-27
floor	f-year-5	match	nomatch	-	-	-	libpcre2-differential	10.46 2025-08-27
floor	f-hex-32	match	nomatch	-	-	-	libpcre2-differential	10.46 2025-08-27
floor	f-hex-31	match	nomatch	-	-	-	libpcre2-differential	10.46 2025-08-27
floor	f-hex-32g	match	nomatch	-	-	-	libpcre2-differential	10.46 2025-08-27
floor	f-pw-8	match	nomatch	-	-	-	libpcre2-differential	10.46 2025-08-27
floor	f-pw-7	match	nomatch	-	-	-	libpcre2-differential	10.46 2025-08-27
floor	f-pw-64	match	nomatch	-	-	-	libpcre2-differential	10.46 2025-08-27
floor	f-pw-65	match	nomatch	-	-	-	libpcre2-differential	10.46 2025-08-27
floor	f-quad-4	match	nomatch	-	-	-	libpcre2-differential	10.46 2025-08-27
floor	f-quad-3	match	nomatch	-	-	-	libpcre2-differential	10.46 2025-08-27
floor	f-quad-4x	match	nomatch	-	-	-	libpcre2-differential	10.46 2025-08-27
floor	f-mac-6	match	nomatch	-	-	-	libpcre2-differential	10.46 2025-08-27
floor	f-mac-5	match	nomatch	-	-	-	libpcre2-differential	10.46 2025-08-27
floor	f-csv-5	match	nomatch	-	-	-	libpcre2-differential	10.46 2025-08-27
floor	f-csv-4	match	nomatch	-	-	-	libpcre2-differential	10.46 2025-08-27
floor	l-00	match	nomatch	-	-	-	libpcre2-differential	10.46 2025-08-27
floor	l-01	match	nomatch	-	-	-	libpcre2-differential	10.46 2025-08-27
floor	l-02	match	nomatch	-	-	-	libpcre2-differential	10.46 2025-08-27
floor	l-03	match	nomatch	-	-	-	libpcre2-differential	10.46 2025-08-27
floor	l-04	match	nomatch	-	-	-	libpcre2-differential	10.46 2025-08-27
floor	l-05	match	nomatch	-	-	-	libpcre2-differential	10.46 2025-08-27
floor	l-06	match	nomatch	-	-	-	libpcre2-differential	10.46 2025-08-27
floor	l-07	match	nomatch	-	-	-	libpcre2-differential	10.46 2025-08-27
floor	l-08	match	nomatch	-	-	-	libpcre2-differential	10.46 2025-08-27
floor	l-09	match	nomatch	-	-	-	libpcre2-differential	10.46 2025-08-27
floor	l-10	match	nomatch	-	-	-	libpcre2-differential	10.46 2025-08-27
floor	l-11	match	nomatch	-	-	-	libpcre2-differential	10.46 2025-08-27
floor	r-00016	match	nomatch	-	-	-	libpcre2-differential	10.46 2025-08-27
floor	r-00017	match	nomatch	-	-	-	libpcre2-differential	10.46 2025-08-27
floor	r-00036	match	nomatch	-	-	-	libpcre2-differential	10.46 2025-08-27
floor	r-00037	match	nomatch	-	-	-	libpcre2-differential	10.46 2025-08-27
floor	r-00255	match	nomatch	-	-	-	libpcre2-differential	10.46 2025-08-27
floor	r-00256	match	nomatch	-	-	-	libpcre2-differential	10.46 2025-08-27
floor	r-00257	match	nomatch	-	-	-	libpcre2-differential	10.46 2025-08-27
floor	r-04096	match	nomatch	-	-	-	libpcre2-differential	10.46 2025-08-27
floor	r-16384	match	nomatch	-	-	-	libpcre2-differential	10.46 2025-08-27
floor	d-00016	match	nomatch	-	-	-	libpcre2-differential	10.46 2025-08-27
floor	d-00017	match	nomatch	-	-	-	libpcre2-differential	10.46 2025-08-27
floor	d-00027	match	nomatch	-	-	-	libpcre2-differential	10.46 2025-08-27
floor	d-00028	match	nomatch	-	-	-	libpcre2-differential	10.46 2025-08-27
floor	d-00256	match	nomatch	-	-	-	libpcre2-differential	10.46 2025-08-27
floor	f-year-4	search_short	nomatch	-	-	-	libpcre2-differential	10.46 2025-08-27
floor	f-year-3	search_short	nomatch	-	-	-	libpcre2-differential	10.46 2025-08-27
floor	f-year-5	search_short	nomatch	-	-	-	libpcre2-differential	10.46 2025-08-27
floor	f-hex-32	search_short	nomatch	-	-	-	libpcre2-differential	10.46 2025-08-27
floor	f-hex-31	search_short	nomatch	-	-	-	libpcre2-differential	10.46 2025-08-27
floor	f-hex-32g	search_short	nomatch	-	-	-	libpcre2-differential	10.46 2025-08-27
floor	f-pw-8	search_short	nomatch	-	-	-	libpcre2-differential	10.46 2025-08-27
floor	f-pw-7	search_short	nomatch	-	-	-	libpcre2-differential	10.46 2025-08-27
floor	f-pw-64	search_short	nomatch	-	-	-	libpcre2-differential	10.46 2025-08-27
floor	f-pw-65	search_short	nomatch	-	-	-	libpcre2-differential	10.46 2025-08-27
floor	f-quad-4	search_short	nomatch	-	-	-	libpcre2-differential	10.46 2025-08-27
floor	f-quad-3	search_short	nomatch	-	-	-	libpcre2-differential	10.46 2025-08-27
floor	f-quad-4x	search_short	nomatch	-	-	-	libpcre2-differential	10.46 2025-08-27
floor	f-mac-6	search_short	match	2	3	-	libpcre2-differential	10.46 2025-08-27
floor	f-mac-5	search_short	match	2	3	-	libpcre2-differential	10.46 2025-08-27
floor	f-csv-5	search_short	nomatch	-	-	-	libpcre2-differential	10.46 2025-08-27
floor	f-csv-4	search_short	nomatch	-	-	-	libpcre2-differential	10.46 2025-08-27
floor	l-00	search_short	match	22	23	-	libpcre2-differential	10.46 2025-08-27
floor	l-01	search_short	nomatch	-	-	-	libpcre2-differential	10.46 2025-08-27
floor	l-02	search_short	match	9	10	-	libpcre2-differential	10.46 2025-08-27
floor	l-03	search_short	match	9	10	-	libpcre2-differential	10.46 2025-08-27
floor	l-04	search_short	match	9	10	-	libpcre2-differential	10.46 2025-08-27
floor	l-05	search_short	match	9	10	-	libpcre2-differential	10.46 2025-08-27
floor	l-06	search_short	match	9	10	-	libpcre2-differential	10.46 2025-08-27
floor	l-07	search_short	match	9	10	-	libpcre2-differential	10.46 2025-08-27
floor	l-08	search_short	match	9	10	-	libpcre2-differential	10.46 2025-08-27
floor	l-09	search_short	match	9	10	-	libpcre2-differential	10.46 2025-08-27
floor	l-10	search_short	match	9	10	-	libpcre2-differential	10.46 2025-08-27
floor	l-11	search_short	match	9	10	-	libpcre2-differential	10.46 2025-08-27
floor	r-00016	search_short	nomatch	-	-	-	libpcre2-differential	10.46 2025-08-27
floor	r-00017	search_short	nomatch	-	-	-	libpcre2-differential	10.46 2025-08-27
floor	r-00036	search_short	nomatch	-	-	-	libpcre2-differential	10.46 2025-08-27
floor	r-00037	search_short	nomatch	-	-	-	libpcre2-differential	10.46 2025-08-27
floor	r-00255	search_short	nomatch	-	-	-	libpcre2-differential	10.46 2025-08-27
floor	r-00256	search_short	nomatch	-	-	-	libpcre2-differential	10.46 2025-08-27
floor	r-00257	search_short	nomatch	-	-	-	libpcre2-differential	10.46 2025-08-27
floor	d-00016	search_short	nomatch	-	-	-	libpcre2-differential	10.46 2025-08-27
floor	d-00017	search_short	nomatch	-	-	-	libpcre2-differential	10.46 2025-08-27
floor	d-00027	search_short	nomatch	-	-	-	libpcre2-differential	10.46 2025-08-27
floor	d-00028	search_short	nomatch	-	-	-	libpcre2-differential	10.46 2025-08-27
floor	d-00256	search_short	nomatch	-	-	-	libpcre2-differential	10.46 2025-08-27
