# reporter: v25 (2026-09-26); filters: subbench=altwide, version=0.3, machine=budu-ryzen1600, testee=pcrec_c4c70f2c_auto-caps-simdna, testee=pcrec_c4c70f2c_vm-caps-simdna, testee=libpcre2_10.46_jit-caps-simdna, testee=rust_1.13.1_default-caps-simdna; source: store/index.tsv (4 record(s) matching this query); records: 4; excluded_invalid: 0; superseded: 0; newer_not_measured: 0; subbench_versions: altwide@0.3; machines: budu-ryzen1600; schema_versions: 1.7; grain: set; single_subject_regimes: ; include_unmeasured: False; include_scratch: False; all_records: False; x13_rules: v1.4 X13 (pre-flight + trial agreement) on 4; mixed_x13: False; include_provenance: False; worst_other_core_busy: 18.97% (libpcre2_10.46_jit-caps-simdna / ci-256 / short-subject-search); floor_pattern: floor
section	pattern	subject_or_na	regime_or_na	form	fact	testee	status	tier	rank_or_na	metric	value	n	pass_rate	n_gave_up	n_wrong	gave_up_summary	delta_verdict
record						altwide@0.3__libpcre2_10.46_jit-caps-simdna__budu-ryzen1600__20261002T065352Z				agreement	agree (0 of 105 groups; 0 of 3228 rows; 48 unjudged; k=1.5, 2/3; 5 trials)						
record						altwide@0.3__pcrec_c4c70f2c_auto-caps-simdna__budu-ryzen1600__20261005T103658Z				agreement	agree (0 of 101 groups; 2 of 2816 rows; 0 unjudged; k=1.5, 2/3; 5 trials)						
record						altwide@0.3__pcrec_c4c70f2c_vm-caps-simdna__budu-ryzen1600__20261005T105457Z				agreement	agree (0 of 96 groups; 0 of 2760 rows; 12 unjudged; k=1.5, 2/3; 5 trials)						
record						altwide@0.3__rust_1.13.1_default-caps-simdna__budu-ryzen1600__20261002T075924Z				agreement	agree (0 of 114 groups; 2 of 3264 rows; 12 unjudged; k=1.5, 2/3; 5 trials)						
baseline_yes	ci-256	(set)	large-subject-throughput			pcrec_c4c70f2c_auto-caps-simdna				baseline_identity	row-best-fallback					pcrec_c4c70f2c_auto-caps-simdna (row-best fallback -- interp absent from this group)	
rank_yes	ci-256	(set)	large-subject-throughput	plain	same program	pcrec_c4c70f2c_auto-caps-simdna	measured	pinned	1	median_ns	2896530.798246	4	1.0000	0	0		
rank_yes	ci-256	(set)	large-subject-throughput	plain	same program	pcrec_c4c70f2c_auto-caps-simdna	measured	pinned	1	min_ns	2896152.885965	4	1.0000	0	0		
rank_yes	ci-256	(set)	large-subject-throughput	plain	same program	pcrec_c4c70f2c_auto-caps-simdna	measured	pinned	1	max_ns	2897441.666667	4	1.0000	0	0		
rank_yes	ci-256	(set)	large-subject-throughput	plain	same program	pcrec_c4c70f2c_auto-caps-simdna	measured	pinned	1	stddev_ns	456.334812	4	1.0000	0	0		
rank_yes	ci-256	(set)	large-subject-throughput	plain	same program	pcrec_c4c70f2c_auto-caps-simdna	measured	pinned	1	ratio_vs_baseline	1.000000	4	1.0000	0	0		
rank_yes	ci-256	(set)	large-subject-throughput	plain	same program	pcrec_c4c70f2c_auto-caps-simdna	measured	pinned	1	ratio_vs_best	1.000000	4	1.0000	0	0		
rank_yes	ci-256	(set)	large-subject-throughput	plain	same program	libpcre2_10.46_jit-caps-simdna	measured	pinned	2	median_ns	255043136.000000	4	1.0000	0	0		
rank_yes	ci-256	(set)	large-subject-throughput	plain	same program	libpcre2_10.46_jit-caps-simdna	measured	pinned	2	min_ns	251655353.000000	4	1.0000	0	0		
rank_yes	ci-256	(set)	large-subject-throughput	plain	same program	libpcre2_10.46_jit-caps-simdna	measured	pinned	2	max_ns	256640933.500000	4	1.0000	0	0		
rank_yes	ci-256	(set)	large-subject-throughput	plain	same program	libpcre2_10.46_jit-caps-simdna	measured	pinned	2	stddev_ns	1749587.254731	4	1.0000	0	0		
rank_yes	ci-256	(set)	large-subject-throughput	plain	same program	libpcre2_10.46_jit-caps-simdna	measured	pinned	2	ratio_vs_baseline	88.051243	4	1.0000	0	0		
rank_yes	ci-256	(set)	large-subject-throughput	plain	same program	libpcre2_10.46_jit-caps-simdna	measured	pinned	2	ratio_vs_best	88.051243	4	1.0000	0	0		
rank_yes	ci-256	(set)	large-subject-throughput	plain	same program	pcrec_c4c70f2c_vm-caps-simdna	measured	pinned	3	median_ns	2096142047.000000	4	1.0000	0	0		
rank_yes	ci-256	(set)	large-subject-throughput	plain	same program	pcrec_c4c70f2c_vm-caps-simdna	measured	pinned	3	min_ns	2092498664.000000	4	1.0000	0	0		
rank_yes	ci-256	(set)	large-subject-throughput	plain	same program	pcrec_c4c70f2c_vm-caps-simdna	measured	pinned	3	max_ns	2183715097.000000	4	1.0000	0	0		
rank_yes	ci-256	(set)	large-subject-throughput	plain	same program	pcrec_c4c70f2c_vm-caps-simdna	measured	pinned	3	stddev_ns	35563362.387149	4	1.0000	0	0		
rank_yes	ci-256	(set)	large-subject-throughput	plain	same program	pcrec_c4c70f2c_vm-caps-simdna	measured	pinned	3	ratio_vs_baseline	723.673316	4	1.0000	0	0		
rank_yes	ci-256	(set)	large-subject-throughput	plain	same program	pcrec_c4c70f2c_vm-caps-simdna	measured	pinned	3	ratio_vs_best	723.673316	4	1.0000	0	0		
baseline_yes	ci-256	(set)	match-compliance			pcrec_c4c70f2c_auto-caps-simdna				baseline_identity	row-best-fallback					pcrec_c4c70f2c_auto-caps-simdna (row-best fallback -- interp absent from this group)	
rank_yes	ci-256	(set)	match-compliance	whole-subject	separate artifact	pcrec_c4c70f2c_auto-caps-simdna	measured	pinned	1	median_ns	1077.300870	40	1.0000	0	0		
rank_yes	ci-256	(set)	match-compliance	whole-subject	separate artifact	pcrec_c4c70f2c_auto-caps-simdna	measured	pinned	1	min_ns	1075.438786	40	1.0000	0	0		
rank_yes	ci-256	(set)	match-compliance	whole-subject	separate artifact	pcrec_c4c70f2c_auto-caps-simdna	measured	pinned	1	max_ns	1079.790348	40	1.0000	0	0		
rank_yes	ci-256	(set)	match-compliance	whole-subject	separate artifact	pcrec_c4c70f2c_auto-caps-simdna	measured	pinned	1	stddev_ns	1.647825	40	1.0000	0	0		
rank_yes	ci-256	(set)	match-compliance	whole-subject	separate artifact	pcrec_c4c70f2c_auto-caps-simdna	measured	pinned	1	ratio_vs_baseline	1.000000	40	1.0000	0	0		
rank_yes	ci-256	(set)	match-compliance	whole-subject	separate artifact	pcrec_c4c70f2c_auto-caps-simdna	measured	pinned	1	ratio_vs_best	1.000000	40	1.0000	0	0		
rank_yes	ci-256	(set)	match-compliance	plain	same program	libpcre2_10.46_jit-caps-simdna	measured	pinned	2	median_ns	77677.922753	40	1.0000	0	0		
rank_yes	ci-256	(set)	match-compliance	plain	same program	libpcre2_10.46_jit-caps-simdna	measured	pinned	2	min_ns	76177.522983	40	1.0000	0	0		
rank_yes	ci-256	(set)	match-compliance	plain	same program	libpcre2_10.46_jit-caps-simdna	measured	pinned	2	max_ns	78537.430838	40	1.0000	0	0		
rank_yes	ci-256	(set)	match-compliance	plain	same program	libpcre2_10.46_jit-caps-simdna	measured	pinned	2	stddev_ns	1000.324705	40	1.0000	0	0		
rank_yes	ci-256	(set)	match-compliance	plain	same program	libpcre2_10.46_jit-caps-simdna	measured	pinned	2	ratio_vs_baseline	72.104205	40	1.0000	0	0		
rank_yes	ci-256	(set)	match-compliance	plain	same program	libpcre2_10.46_jit-caps-simdna	measured	pinned	2	ratio_vs_best	72.104205	40	1.0000	0	0		
rank_yes	ci-256	(set)	match-compliance	whole-subject	separate artifact	pcrec_c4c70f2c_vm-caps-simdna	measured	pinned	3	median_ns	110284.174800	40	1.0000	0	0		
rank_yes	ci-256	(set)	match-compliance	whole-subject	separate artifact	pcrec_c4c70f2c_vm-caps-simdna	measured	pinned	3	min_ns	109846.968394	40	1.0000	0	0		
rank_yes	ci-256	(set)	match-compliance	whole-subject	separate artifact	pcrec_c4c70f2c_vm-caps-simdna	measured	pinned	3	max_ns	110567.104444	40	1.0000	0	0		
rank_yes	ci-256	(set)	match-compliance	whole-subject	separate artifact	pcrec_c4c70f2c_vm-caps-simdna	measured	pinned	3	stddev_ns	236.308465	40	1.0000	0	0		
rank_yes	ci-256	(set)	match-compliance	whole-subject	separate artifact	pcrec_c4c70f2c_vm-caps-simdna	measured	pinned	3	ratio_vs_baseline	102.370821	40	1.0000	0	0		
rank_yes	ci-256	(set)	match-compliance	whole-subject	separate artifact	pcrec_c4c70f2c_vm-caps-simdna	measured	pinned	3	ratio_vs_best	102.370821	40	1.0000	0	0		
baseline_yes	ci-256	(set)	short-subject-search			pcrec_c4c70f2c_auto-caps-simdna				baseline_identity	row-best-fallback					pcrec_c4c70f2c_auto-caps-simdna (row-best fallback -- interp absent from this group)	
rank_yes	ci-256	(set)	short-subject-search	plain	same program	pcrec_c4c70f2c_auto-caps-simdna	measured	pinned	1	median_ns	7373.765526	40	1.0000	0	0		
rank_yes	ci-256	(set)	short-subject-search	plain	same program	pcrec_c4c70f2c_auto-caps-simdna	measured	pinned	1	min_ns	7352.111678	40	1.0000	0	0		
rank_yes	ci-256	(set)	short-subject-search	plain	same program	pcrec_c4c70f2c_auto-caps-simdna	measured	pinned	1	max_ns	7389.569191	40	1.0000	0	0		
rank_yes	ci-256	(set)	short-subject-search	plain	same program	pcrec_c4c70f2c_auto-caps-simdna	measured	pinned	1	stddev_ns	12.699186	40	1.0000	0	0		
rank_yes	ci-256	(set)	short-subject-search	plain	same program	pcrec_c4c70f2c_auto-caps-simdna	measured	pinned	1	ratio_vs_baseline	1.000000	40	1.0000	0	0		
rank_yes	ci-256	(set)	short-subject-search	plain	same program	pcrec_c4c70f2c_auto-caps-simdna	measured	pinned	1	ratio_vs_best	1.000000	40	1.0000	0	0		
rank_yes	ci-256	(set)	short-subject-search	plain	same program	libpcre2_10.46_jit-caps-simdna	measured	pinned	2	median_ns	1137035.352880	40	1.0000	0	0		
rank_yes	ci-256	(set)	short-subject-search	plain	same program	libpcre2_10.46_jit-caps-simdna	measured	pinned	2	min_ns	1132524.405293	40	1.0000	0	0		
rank_yes	ci-256	(set)	short-subject-search	plain	same program	libpcre2_10.46_jit-caps-simdna	measured	pinned	2	max_ns	1179342.624286	40	1.0000	0	0		
rank_yes	ci-256	(set)	short-subject-search	plain	same program	libpcre2_10.46_jit-caps-simdna	measured	pinned	2	stddev_ns	19764.333236	40	1.0000	0	0		
rank_yes	ci-256	(set)	short-subject-search	plain	same program	libpcre2_10.46_jit-caps-simdna	measured	pinned	2	ratio_vs_baseline	154.200096	40	1.0000	0	0		
rank_yes	ci-256	(set)	short-subject-search	plain	same program	libpcre2_10.46_jit-caps-simdna	measured	pinned	2	ratio_vs_best	154.200096	40	1.0000	0	0		
rank_yes	ci-256	(set)	short-subject-search	plain	same program	pcrec_c4c70f2c_vm-caps-simdna	measured	pinned	3	median_ns	10012046.905405	40	1.0000	0	0		
rank_yes	ci-256	(set)	short-subject-search	plain	same program	pcrec_c4c70f2c_vm-caps-simdna	measured	pinned	3	min_ns	9982419.427928	40	1.0000	0	0		
rank_yes	ci-256	(set)	short-subject-search	plain	same program	pcrec_c4c70f2c_vm-caps-simdna	measured	pinned	3	max_ns	10097020.914414	40	1.0000	0	0		
rank_yes	ci-256	(set)	short-subject-search	plain	same program	pcrec_c4c70f2c_vm-caps-simdna	measured	pinned	3	stddev_ns	38690.476116	40	1.0000	0	0		
rank_yes	ci-256	(set)	short-subject-search	plain	same program	pcrec_c4c70f2c_vm-caps-simdna	measured	pinned	3	ratio_vs_baseline	1357.792958	40	1.0000	0	0		
rank_yes	ci-256	(set)	short-subject-search	plain	same program	pcrec_c4c70f2c_vm-caps-simdna	measured	pinned	3	ratio_vs_best	1357.792958	40	1.0000	0	0		
baseline_yes	ci-512	(set)	large-subject-throughput			pcrec_c4c70f2c_auto-caps-simdna				baseline_identity	row-best-fallback					pcrec_c4c70f2c_auto-caps-simdna (row-best fallback -- interp absent from this group)	
rank_yes	ci-512	(set)	large-subject-throughput	plain	same program	pcrec_c4c70f2c_auto-caps-simdna	measured	pinned	1	median_ns	4103849.037037	4	1.0000	0	0		
rank_yes	ci-512	(set)	large-subject-throughput	plain	same program	pcrec_c4c70f2c_auto-caps-simdna	measured	pinned	1	min_ns	4103073.950617	4	1.0000	0	0		
rank_yes	ci-512	(set)	large-subject-throughput	plain	same program	pcrec_c4c70f2c_auto-caps-simdna	measured	pinned	1	max_ns	4105988.419753	4	1.0000	0	0		
rank_yes	ci-512	(set)	large-subject-throughput	plain	same program	pcrec_c4c70f2c_auto-caps-simdna	measured	pinned	1	stddev_ns	1222.240414	4	1.0000	0	0		
rank_yes	ci-512	(set)	large-subject-throughput	plain	same program	pcrec_c4c70f2c_auto-caps-simdna	measured	pinned	1	ratio_vs_baseline	1.000000	4	1.0000	0	0		
rank_yes	ci-512	(set)	large-subject-throughput	plain	same program	pcrec_c4c70f2c_auto-caps-simdna	measured	pinned	1	ratio_vs_best	1.000000	4	1.0000	0	0		
rank_yes	ci-512	(set)	large-subject-throughput	plain	same program	libpcre2_10.46_jit-caps-simdna	measured	pinned	2	median_ns	597435702.000000	4	1.0000	0	0		
rank_yes	ci-512	(set)	large-subject-throughput	plain	same program	libpcre2_10.46_jit-caps-simdna	measured	pinned	2	min_ns	595138699.000000	4	1.0000	0	0		
rank_yes	ci-512	(set)	large-subject-throughput	plain	same program	libpcre2_10.46_jit-caps-simdna	measured	pinned	2	max_ns	598988549.000000	4	1.0000	0	0		
rank_yes	ci-512	(set)	large-subject-throughput	plain	same program	libpcre2_10.46_jit-caps-simdna	measured	pinned	2	stddev_ns	1397980.725724	4	1.0000	0	0		
rank_yes	ci-512	(set)	large-subject-throughput	plain	same program	libpcre2_10.46_jit-caps-simdna	measured	pinned	2	ratio_vs_baseline	145.579357	4	1.0000	0	0		
rank_yes	ci-512	(set)	large-subject-throughput	plain	same program	libpcre2_10.46_jit-caps-simdna	measured	pinned	2	ratio_vs_best	145.579357	4	1.0000	0	0		
baseline_yes	ci-512	(set)	match-compliance			pcrec_c4c70f2c_auto-caps-simdna				baseline_identity	row-best-fallback					pcrec_c4c70f2c_auto-caps-simdna (row-best fallback -- interp absent from this group)	
rank_yes	ci-512	(set)	match-compliance	whole-subject	separate artifact	pcrec_c4c70f2c_auto-caps-simdna	measured	pinned	1	median_ns	1537.811253	40	1.0000	0	0		
rank_yes	ci-512	(set)	match-compliance	whole-subject	separate artifact	pcrec_c4c70f2c_auto-caps-simdna	measured	pinned	1	min_ns	1535.285516	40	1.0000	0	0		
rank_yes	ci-512	(set)	match-compliance	whole-subject	separate artifact	pcrec_c4c70f2c_auto-caps-simdna	measured	pinned	1	max_ns	1539.430656	40	1.0000	0	0		
rank_yes	ci-512	(set)	match-compliance	whole-subject	separate artifact	pcrec_c4c70f2c_auto-caps-simdna	measured	pinned	1	stddev_ns	1.427610	40	1.0000	0	0		
rank_yes	ci-512	(set)	match-compliance	whole-subject	separate artifact	pcrec_c4c70f2c_auto-caps-simdna	measured	pinned	1	ratio_vs_baseline	1.000000	40	1.0000	0	0		
rank_yes	ci-512	(set)	match-compliance	whole-subject	separate artifact	pcrec_c4c70f2c_auto-caps-simdna	measured	pinned	1	ratio_vs_best	1.000000	40	1.0000	0	0		
rank_yes	ci-512	(set)	match-compliance	plain	same program	libpcre2_10.46_jit-caps-simdna	measured	pinned	2	median_ns	147110.823166	40	1.0000	0	0		
rank_yes	ci-512	(set)	match-compliance	plain	same program	libpcre2_10.46_jit-caps-simdna	measured	pinned	2	min_ns	144196.879346	40	1.0000	0	0		
rank_yes	ci-512	(set)	match-compliance	plain	same program	libpcre2_10.46_jit-caps-simdna	measured	pinned	2	max_ns	149978.757585	40	1.0000	0	0		
rank_yes	ci-512	(set)	match-compliance	plain	same program	libpcre2_10.46_jit-caps-simdna	measured	pinned	2	stddev_ns	1980.740395	40	1.0000	0	0		
rank_yes	ci-512	(set)	match-compliance	plain	same program	libpcre2_10.46_jit-caps-simdna	measured	pinned	2	ratio_vs_baseline	95.662470	40	1.0000	0	0		
rank_yes	ci-512	(set)	match-compliance	plain	same program	libpcre2_10.46_jit-caps-simdna	measured	pinned	2	ratio_vs_best	95.662470	40	1.0000	0	0		
baseline_yes	ci-512	(set)	short-subject-search			pcrec_c4c70f2c_auto-caps-simdna				baseline_identity	row-best-fallback					pcrec_c4c70f2c_auto-caps-simdna (row-best fallback -- interp absent from this group)	
rank_yes	ci-512	(set)	short-subject-search	plain	same program	pcrec_c4c70f2c_auto-caps-simdna	measured	pinned	1	median_ns	13466.328751	40	1.0000	0	0		
rank_yes	ci-512	(set)	short-subject-search	plain	same program	pcrec_c4c70f2c_auto-caps-simdna	measured	pinned	1	min_ns	13461.692036	40	1.0000	0	0		
rank_yes	ci-512	(set)	short-subject-search	plain	same program	pcrec_c4c70f2c_auto-caps-simdna	measured	pinned	1	max_ns	13480.219517	40	1.0000	0	0		
rank_yes	ci-512	(set)	short-subject-search	plain	same program	pcrec_c4c70f2c_auto-caps-simdna	measured	pinned	1	stddev_ns	6.683371	40	1.0000	0	0		
rank_yes	ci-512	(set)	short-subject-search	plain	same program	pcrec_c4c70f2c_auto-caps-simdna	measured	pinned	1	ratio_vs_baseline	1.000000	40	1.0000	0	0		
rank_yes	ci-512	(set)	short-subject-search	plain	same program	pcrec_c4c70f2c_auto-caps-simdna	measured	pinned	1	ratio_vs_best	1.000000	40	1.0000	0	0		
rank_yes	ci-512	(set)	short-subject-search	plain	same program	libpcre2_10.46_jit-caps-simdna	measured	pinned	2	median_ns	2633654.800977	40	1.0000	0	0		
rank_yes	ci-512	(set)	short-subject-search	plain	same program	libpcre2_10.46_jit-caps-simdna	measured	pinned	2	min_ns	2626253.588523	40	1.0000	0	0		
rank_yes	ci-512	(set)	short-subject-search	plain	same program	libpcre2_10.46_jit-caps-simdna	measured	pinned	2	max_ns	2635493.529915	40	1.0000	0	0		
rank_yes	ci-512	(set)	short-subject-search	plain	same program	libpcre2_10.46_jit-caps-simdna	measured	pinned	2	stddev_ns	3657.431892	40	1.0000	0	0		
rank_yes	ci-512	(set)	short-subject-search	plain	same program	libpcre2_10.46_jit-caps-simdna	measured	pinned	2	ratio_vs_baseline	195.573333	40	1.0000	0	0		
rank_yes	ci-512	(set)	short-subject-search	plain	same program	libpcre2_10.46_jit-caps-simdna	measured	pinned	2	ratio_vs_best	195.573333	40	1.0000	0	0		
baseline_yes	clsa-1024	(set)	large-subject-throughput			libpcre2_10.46_jit-caps-simdna				baseline_identity	row-best-fallback					libpcre2_10.46_jit-caps-simdna (row-best fallback -- interp absent from this group)	
rank_yes	clsa-1024	(set)	large-subject-throughput	plain	same program	libpcre2_10.46_jit-caps-simdna	measured	pinned	1	median_ns	1221849773.000000	4	1.0000	0	0		
rank_yes	clsa-1024	(set)	large-subject-throughput	plain	same program	libpcre2_10.46_jit-caps-simdna	measured	pinned	1	min_ns	1216733697.000000	4	1.0000	0	0		
rank_yes	clsa-1024	(set)	large-subject-throughput	plain	same program	libpcre2_10.46_jit-caps-simdna	measured	pinned	1	max_ns	1295589260.000000	4	1.0000	0	0		
rank_yes	clsa-1024	(set)	large-subject-throughput	plain	same program	libpcre2_10.46_jit-caps-simdna	measured	pinned	1	stddev_ns	30071114.806674	4	1.0000	0	0		
rank_yes	clsa-1024	(set)	large-subject-throughput	plain	same program	libpcre2_10.46_jit-caps-simdna	measured	pinned	1	ratio_vs_baseline	1.000000	4	1.0000	0	0		
rank_yes	clsa-1024	(set)	large-subject-throughput	plain	same program	libpcre2_10.46_jit-caps-simdna	measured	pinned	1	ratio_vs_best	1.000000	4	1.0000	0	0		
baseline_yes	clsa-1024	(set)	match-compliance			libpcre2_10.46_jit-caps-simdna				baseline_identity	row-best-fallback					libpcre2_10.46_jit-caps-simdna (row-best fallback -- interp absent from this group)	
rank_yes	clsa-1024	(set)	match-compliance	plain	same program	libpcre2_10.46_jit-caps-simdna	measured	pinned	1	median_ns	235632.388026	40	1.0000	0	0		
rank_yes	clsa-1024	(set)	match-compliance	plain	same program	libpcre2_10.46_jit-caps-simdna	measured	pinned	1	min_ns	229533.638680	40	1.0000	0	0		
rank_yes	clsa-1024	(set)	match-compliance	plain	same program	libpcre2_10.46_jit-caps-simdna	measured	pinned	1	max_ns	271176.339044	40	1.0000	0	0		
rank_yes	clsa-1024	(set)	match-compliance	plain	same program	libpcre2_10.46_jit-caps-simdna	measured	pinned	1	stddev_ns	15240.148292	40	1.0000	0	0		
rank_yes	clsa-1024	(set)	match-compliance	plain	same program	libpcre2_10.46_jit-caps-simdna	measured	pinned	1	ratio_vs_baseline	1.000000	40	1.0000	0	0		
rank_yes	clsa-1024	(set)	match-compliance	plain	same program	libpcre2_10.46_jit-caps-simdna	measured	pinned	1	ratio_vs_best	1.000000	40	1.0000	0	0		
baseline_yes	clsa-1024	(set)	short-subject-search			libpcre2_10.46_jit-caps-simdna				baseline_identity	row-best-fallback					libpcre2_10.46_jit-caps-simdna (row-best fallback -- interp absent from this group)	
rank_yes	clsa-1024	(set)	short-subject-search	plain	same program	libpcre2_10.46_jit-caps-simdna	measured	pinned	1	median_ns	5946326.090047	40	1.0000	0	0		
rank_yes	clsa-1024	(set)	short-subject-search	plain	same program	libpcre2_10.46_jit-caps-simdna	measured	pinned	1	min_ns	5911608.383886	40	1.0000	0	0		
rank_yes	clsa-1024	(set)	short-subject-search	plain	same program	libpcre2_10.46_jit-caps-simdna	measured	pinned	1	max_ns	5985568.644550	40	1.0000	0	0		
rank_yes	clsa-1024	(set)	short-subject-search	plain	same program	libpcre2_10.46_jit-caps-simdna	measured	pinned	1	stddev_ns	28373.373495	40	1.0000	0	0		
rank_yes	clsa-1024	(set)	short-subject-search	plain	same program	libpcre2_10.46_jit-caps-simdna	measured	pinned	1	ratio_vs_baseline	1.000000	40	1.0000	0	0		
rank_yes	clsa-1024	(set)	short-subject-search	plain	same program	libpcre2_10.46_jit-caps-simdna	measured	pinned	1	ratio_vs_best	1.000000	40	1.0000	0	0		
baseline_yes	clsa-256	(set)	large-subject-throughput			pcrec_c4c70f2c_auto-caps-simdna				baseline_identity	row-best-fallback					pcrec_c4c70f2c_auto-caps-simdna (row-best fallback -- interp absent from this group)	
rank_yes	clsa-256	(set)	large-subject-throughput	plain	same program	pcrec_c4c70f2c_auto-caps-simdna	measured	pinned	1	median_ns	2886542.810345	4	1.0000	0	0		
rank_yes	clsa-256	(set)	large-subject-throughput	plain	same program	pcrec_c4c70f2c_auto-caps-simdna	measured	pinned	1	min_ns	2879892.241379	4	1.0000	0	0		
rank_yes	clsa-256	(set)	large-subject-throughput	plain	same program	pcrec_c4c70f2c_auto-caps-simdna	measured	pinned	1	max_ns	2896504.043103	4	1.0000	0	0		
rank_yes	clsa-256	(set)	large-subject-throughput	plain	same program	pcrec_c4c70f2c_auto-caps-simdna	measured	pinned	1	stddev_ns	5852.497955	4	1.0000	0	0		
rank_yes	clsa-256	(set)	large-subject-throughput	plain	same program	pcrec_c4c70f2c_auto-caps-simdna	measured	pinned	1	ratio_vs_baseline	1.000000	4	1.0000	0	0		
rank_yes	clsa-256	(set)	large-subject-throughput	plain	same program	pcrec_c4c70f2c_auto-caps-simdna	measured	pinned	1	ratio_vs_best	1.000000	4	1.0000	0	0		
rank_yes	clsa-256	(set)	large-subject-throughput	plain	same program	libpcre2_10.46_jit-caps-simdna	measured	pinned	2	median_ns	229649366.500000	4	1.0000	0	0		
rank_yes	clsa-256	(set)	large-subject-throughput	plain	same program	libpcre2_10.46_jit-caps-simdna	measured	pinned	2	min_ns	226842482.000000	4	1.0000	0	0		
rank_yes	clsa-256	(set)	large-subject-throughput	plain	same program	libpcre2_10.46_jit-caps-simdna	measured	pinned	2	max_ns	238027501.500000	4	1.0000	0	0		
rank_yes	clsa-256	(set)	large-subject-throughput	plain	same program	libpcre2_10.46_jit-caps-simdna	measured	pinned	2	stddev_ns	4308958.951100	4	1.0000	0	0		
rank_yes	clsa-256	(set)	large-subject-throughput	plain	same program	libpcre2_10.46_jit-caps-simdna	measured	pinned	2	ratio_vs_baseline	79.558621	4	1.0000	0	0		
rank_yes	clsa-256	(set)	large-subject-throughput	plain	same program	libpcre2_10.46_jit-caps-simdna	measured	pinned	2	ratio_vs_best	79.558621	4	1.0000	0	0		
rank_yes	clsa-256	(set)	large-subject-throughput	plain	same program	pcrec_c4c70f2c_vm-caps-simdna	measured	pinned	3	median_ns	1618144858.000000	4	1.0000	0	0		
rank_yes	clsa-256	(set)	large-subject-throughput	plain	same program	pcrec_c4c70f2c_vm-caps-simdna	measured	pinned	3	min_ns	1616020607.000000	4	1.0000	0	0		
rank_yes	clsa-256	(set)	large-subject-throughput	plain	same program	pcrec_c4c70f2c_vm-caps-simdna	measured	pinned	3	max_ns	1620550621.000000	4	1.0000	0	0		
rank_yes	clsa-256	(set)	large-subject-throughput	plain	same program	pcrec_c4c70f2c_vm-caps-simdna	measured	pinned	3	stddev_ns	1598690.538440	4	1.0000	0	0		
rank_yes	clsa-256	(set)	large-subject-throughput	plain	same program	pcrec_c4c70f2c_vm-caps-simdna	measured	pinned	3	ratio_vs_baseline	560.582317	4	1.0000	0	0		
rank_yes	clsa-256	(set)	large-subject-throughput	plain	same program	pcrec_c4c70f2c_vm-caps-simdna	measured	pinned	3	ratio_vs_best	560.582317	4	1.0000	0	0		
baseline_yes	clsa-256	(set)	match-compliance			pcrec_c4c70f2c_auto-caps-simdna				baseline_identity	row-best-fallback					pcrec_c4c70f2c_auto-caps-simdna (row-best fallback -- interp absent from this group)	
rank_yes	clsa-256	(set)	match-compliance	whole-subject	separate artifact	pcrec_c4c70f2c_auto-caps-simdna	measured	pinned	1	median_ns	987.434784	40	1.0000	0	0		
rank_yes	clsa-256	(set)	match-compliance	whole-subject	separate artifact	pcrec_c4c70f2c_auto-caps-simdna	measured	pinned	1	min_ns	986.668615	40	1.0000	0	0		
rank_yes	clsa-256	(set)	match-compliance	whole-subject	separate artifact	pcrec_c4c70f2c_auto-caps-simdna	measured	pinned	1	max_ns	991.050968	40	1.0000	0	0		
rank_yes	clsa-256	(set)	match-compliance	whole-subject	separate artifact	pcrec_c4c70f2c_auto-caps-simdna	measured	pinned	1	stddev_ns	1.563280	40	1.0000	0	0		
rank_yes	clsa-256	(set)	match-compliance	whole-subject	separate artifact	pcrec_c4c70f2c_auto-caps-simdna	measured	pinned	1	ratio_vs_baseline	1.000000	40	1.0000	0	0		
rank_yes	clsa-256	(set)	match-compliance	whole-subject	separate artifact	pcrec_c4c70f2c_auto-caps-simdna	measured	pinned	1	ratio_vs_best	1.000000	40	1.0000	0	0		
rank_yes	clsa-256	(set)	match-compliance	plain	same program	libpcre2_10.46_jit-caps-simdna	measured	pinned	2	median_ns	61248.221723	40	1.0000	0	0		
rank_yes	clsa-256	(set)	match-compliance	plain	same program	libpcre2_10.46_jit-caps-simdna	measured	pinned	2	min_ns	58893.072659	40	1.0000	0	0		
rank_yes	clsa-256	(set)	match-compliance	plain	same program	libpcre2_10.46_jit-caps-simdna	measured	pinned	2	max_ns	67936.003295	40	1.0000	0	0		
rank_yes	clsa-256	(set)	match-compliance	plain	same program	libpcre2_10.46_jit-caps-simdna	measured	pinned	2	stddev_ns	3149.754669	40	1.0000	0	0		
rank_yes	clsa-256	(set)	match-compliance	plain	same program	libpcre2_10.46_jit-caps-simdna	measured	pinned	2	ratio_vs_baseline	62.027612	40	1.0000	0	0		
rank_yes	clsa-256	(set)	match-compliance	plain	same program	libpcre2_10.46_jit-caps-simdna	measured	pinned	2	ratio_vs_best	62.027612	40	1.0000	0	0		
rank_yes	clsa-256	(set)	match-compliance	whole-subject	separate artifact	pcrec_c4c70f2c_vm-caps-simdna	measured	pinned	3	median_ns	69900.977551	40	1.0000	0	0		
rank_yes	clsa-256	(set)	match-compliance	whole-subject	separate artifact	pcrec_c4c70f2c_vm-caps-simdna	measured	pinned	3	min_ns	69878.980783	40	1.0000	0	0		
rank_yes	clsa-256	(set)	match-compliance	whole-subject	separate artifact	pcrec_c4c70f2c_vm-caps-simdna	measured	pinned	3	max_ns	69969.805551	40	1.0000	0	0		
rank_yes	clsa-256	(set)	match-compliance	whole-subject	separate artifact	pcrec_c4c70f2c_vm-caps-simdna	measured	pinned	3	stddev_ns	32.959981	40	1.0000	0	0		
rank_yes	clsa-256	(set)	match-compliance	whole-subject	separate artifact	pcrec_c4c70f2c_vm-caps-simdna	measured	pinned	3	ratio_vs_baseline	70.790475	40	1.0000	0	0		
rank_yes	clsa-256	(set)	match-compliance	whole-subject	separate artifact	pcrec_c4c70f2c_vm-caps-simdna	measured	pinned	3	ratio_vs_best	70.790475	40	1.0000	0	0		
baseline_yes	clsa-256	(set)	short-subject-search			pcrec_c4c70f2c_auto-caps-simdna				baseline_identity	row-best-fallback					pcrec_c4c70f2c_auto-caps-simdna (row-best fallback -- interp absent from this group)	
rank_yes	clsa-256	(set)	short-subject-search	plain	same program	pcrec_c4c70f2c_auto-caps-simdna	measured	pinned	1	median_ns	8166.624652	40	1.0000	0	0		
rank_yes	clsa-256	(set)	short-subject-search	plain	same program	pcrec_c4c70f2c_auto-caps-simdna	measured	pinned	1	min_ns	8154.841888	40	1.0000	0	0		
rank_yes	clsa-256	(set)	short-subject-search	plain	same program	pcrec_c4c70f2c_auto-caps-simdna	measured	pinned	1	max_ns	8186.169938	40	1.0000	0	0		
rank_yes	clsa-256	(set)	short-subject-search	plain	same program	pcrec_c4c70f2c_auto-caps-simdna	measured	pinned	1	stddev_ns	10.760284	40	1.0000	0	0		
rank_yes	clsa-256	(set)	short-subject-search	plain	same program	pcrec_c4c70f2c_auto-caps-simdna	measured	pinned	1	ratio_vs_baseline	1.000000	40	1.0000	0	0		
rank_yes	clsa-256	(set)	short-subject-search	plain	same program	pcrec_c4c70f2c_auto-caps-simdna	measured	pinned	1	ratio_vs_best	1.000000	40	1.0000	0	0		
rank_yes	clsa-256	(set)	short-subject-search	plain	same program	libpcre2_10.46_jit-caps-simdna	measured	pinned	2	median_ns	1206717.774224	40	1.0000	0	0		
rank_yes	clsa-256	(set)	short-subject-search	plain	same program	libpcre2_10.46_jit-caps-simdna	measured	pinned	2	min_ns	1154874.333020	40	1.0000	0	0		
rank_yes	clsa-256	(set)	short-subject-search	plain	same program	libpcre2_10.46_jit-caps-simdna	measured	pinned	2	max_ns	1240661.834431	40	1.0000	0	0		
rank_yes	clsa-256	(set)	short-subject-search	plain	same program	libpcre2_10.46_jit-caps-simdna	measured	pinned	2	stddev_ns	35224.241548	40	1.0000	0	0		
rank_yes	clsa-256	(set)	short-subject-search	plain	same program	libpcre2_10.46_jit-caps-simdna	measured	pinned	2	ratio_vs_baseline	147.762120	40	1.0000	0	0		
rank_yes	clsa-256	(set)	short-subject-search	plain	same program	libpcre2_10.46_jit-caps-simdna	measured	pinned	2	ratio_vs_best	147.762120	40	1.0000	0	0		
rank_yes	clsa-256	(set)	short-subject-search	plain	same program	pcrec_c4c70f2c_vm-caps-simdna	measured	pinned	3	median_ns	8824307.372093	40	1.0000	0	0		
rank_yes	clsa-256	(set)	short-subject-search	plain	same program	pcrec_c4c70f2c_vm-caps-simdna	measured	pinned	3	min_ns	8803115.674419	40	1.0000	0	0		
rank_yes	clsa-256	(set)	short-subject-search	plain	same program	pcrec_c4c70f2c_vm-caps-simdna	measured	pinned	3	max_ns	8878713.000000	40	1.0000	0	0		
rank_yes	clsa-256	(set)	short-subject-search	plain	same program	pcrec_c4c70f2c_vm-caps-simdna	measured	pinned	3	stddev_ns	25598.043792	40	1.0000	0	0		
rank_yes	clsa-256	(set)	short-subject-search	plain	same program	pcrec_c4c70f2c_vm-caps-simdna	measured	pinned	3	ratio_vs_baseline	1080.532992	40	1.0000	0	0		
rank_yes	clsa-256	(set)	short-subject-search	plain	same program	pcrec_c4c70f2c_vm-caps-simdna	measured	pinned	3	ratio_vs_best	1080.532992	40	1.0000	0	0		
baseline_yes	clsa-64	(set)	large-subject-throughput			pcrec_c4c70f2c_auto-caps-simdna				baseline_identity	row-best-fallback					pcrec_c4c70f2c_auto-caps-simdna (row-best fallback -- interp absent from this group)	
rank_yes	clsa-64	(set)	large-subject-throughput	plain	same program	pcrec_c4c70f2c_auto-caps-simdna	measured	pinned	1	median_ns	3398941.656250	4	1.0000	0	0		
rank_yes	clsa-64	(set)	large-subject-throughput	plain	same program	pcrec_c4c70f2c_auto-caps-simdna	measured	pinned	1	min_ns	3390773.385417	4	1.0000	0	0		
rank_yes	clsa-64	(set)	large-subject-throughput	plain	same program	pcrec_c4c70f2c_auto-caps-simdna	measured	pinned	1	max_ns	3405900.333333	4	1.0000	0	0		
rank_yes	clsa-64	(set)	large-subject-throughput	plain	same program	pcrec_c4c70f2c_auto-caps-simdna	measured	pinned	1	stddev_ns	5353.481722	4	1.0000	0	0		
rank_yes	clsa-64	(set)	large-subject-throughput	plain	same program	pcrec_c4c70f2c_auto-caps-simdna	measured	pinned	1	ratio_vs_baseline	1.000000	4	1.0000	0	0		
rank_yes	clsa-64	(set)	large-subject-throughput	plain	same program	pcrec_c4c70f2c_auto-caps-simdna	measured	pinned	1	ratio_vs_best	1.000000	4	1.0000	0	0		
rank_yes	clsa-64	(set)	large-subject-throughput	plain	same program	libpcre2_10.46_jit-caps-simdna	measured	pinned	2	median_ns	33011806.700000	4	1.0000	0	0		
rank_yes	clsa-64	(set)	large-subject-throughput	plain	same program	libpcre2_10.46_jit-caps-simdna	measured	pinned	2	min_ns	32951653.200000	4	1.0000	0	0		
rank_yes	clsa-64	(set)	large-subject-throughput	plain	same program	libpcre2_10.46_jit-caps-simdna	measured	pinned	2	max_ns	33179701.300000	4	1.0000	0	0		
rank_yes	clsa-64	(set)	large-subject-throughput	plain	same program	libpcre2_10.46_jit-caps-simdna	measured	pinned	2	stddev_ns	85262.298336	4	1.0000	0	0		
rank_yes	clsa-64	(set)	large-subject-throughput	plain	same program	libpcre2_10.46_jit-caps-simdna	measured	pinned	2	ratio_vs_baseline	9.712378	4	1.0000	0	0		
rank_yes	clsa-64	(set)	large-subject-throughput	plain	same program	libpcre2_10.46_jit-caps-simdna	measured	pinned	2	ratio_vs_best	9.712378	4	1.0000	0	0		
rank_yes	clsa-64	(set)	large-subject-throughput	plain	same program	pcrec_c4c70f2c_vm-caps-simdna	measured	pinned	3	median_ns	247841480.000000	4	1.0000	0	0		
rank_yes	clsa-64	(set)	large-subject-throughput	plain	same program	pcrec_c4c70f2c_vm-caps-simdna	measured	pinned	3	min_ns	247055466.000000	4	1.0000	0	0		
rank_yes	clsa-64	(set)	large-subject-throughput	plain	same program	pcrec_c4c70f2c_vm-caps-simdna	measured	pinned	3	max_ns	248890130.500000	4	1.0000	0	0		
rank_yes	clsa-64	(set)	large-subject-throughput	plain	same program	pcrec_c4c70f2c_vm-caps-simdna	measured	pinned	3	stddev_ns	694325.809838	4	1.0000	0	0		
rank_yes	clsa-64	(set)	large-subject-throughput	plain	same program	pcrec_c4c70f2c_vm-caps-simdna	measured	pinned	3	ratio_vs_baseline	72.917250	4	1.0000	0	0		
rank_yes	clsa-64	(set)	large-subject-throughput	plain	same program	pcrec_c4c70f2c_vm-caps-simdna	measured	pinned	3	ratio_vs_best	72.917250	4	1.0000	0	0		
baseline_yes	clsa-64	(set)	match-compliance			pcrec_c4c70f2c_auto-caps-simdna				baseline_identity	row-best-fallback					pcrec_c4c70f2c_auto-caps-simdna (row-best fallback -- interp absent from this group)	
rank_yes	clsa-64	(set)	match-compliance	whole-subject	separate artifact	pcrec_c4c70f2c_auto-caps-simdna	measured	pinned	1	median_ns	496.436958	40	1.0000	0	0		
rank_yes	clsa-64	(set)	match-compliance	whole-subject	separate artifact	pcrec_c4c70f2c_auto-caps-simdna	measured	pinned	1	min_ns	495.706061	40	1.0000	0	0		
rank_yes	clsa-64	(set)	match-compliance	whole-subject	separate artifact	pcrec_c4c70f2c_auto-caps-simdna	measured	pinned	1	max_ns	498.241703	40	1.0000	0	0		
rank_yes	clsa-64	(set)	match-compliance	whole-subject	separate artifact	pcrec_c4c70f2c_auto-caps-simdna	measured	pinned	1	stddev_ns	0.881849	40	1.0000	0	0		
rank_yes	clsa-64	(set)	match-compliance	whole-subject	separate artifact	pcrec_c4c70f2c_auto-caps-simdna	measured	pinned	1	ratio_vs_baseline	1.000000	40	1.0000	0	0		
rank_yes	clsa-64	(set)	match-compliance	whole-subject	separate artifact	pcrec_c4c70f2c_auto-caps-simdna	measured	pinned	1	ratio_vs_best	1.000000	40	1.0000	0	0		
rank_yes	clsa-64	(set)	match-compliance	whole-subject	separate artifact	pcrec_c4c70f2c_vm-caps-simdna	measured	pinned	2	median_ns	10791.122501	40	1.0000	0	0		
rank_yes	clsa-64	(set)	match-compliance	whole-subject	separate artifact	pcrec_c4c70f2c_vm-caps-simdna	measured	pinned	2	min_ns	10750.889098	40	1.0000	0	0		
rank_yes	clsa-64	(set)	match-compliance	whole-subject	separate artifact	pcrec_c4c70f2c_vm-caps-simdna	measured	pinned	2	max_ns	10851.972478	40	1.0000	0	0		
rank_yes	clsa-64	(set)	match-compliance	whole-subject	separate artifact	pcrec_c4c70f2c_vm-caps-simdna	measured	pinned	2	stddev_ns	34.268092	40	1.0000	0	0		
rank_yes	clsa-64	(set)	match-compliance	whole-subject	separate artifact	pcrec_c4c70f2c_vm-caps-simdna	measured	pinned	2	ratio_vs_baseline	21.737146	40	1.0000	0	0		
rank_yes	clsa-64	(set)	match-compliance	whole-subject	separate artifact	pcrec_c4c70f2c_vm-caps-simdna	measured	pinned	2	ratio_vs_best	21.737146	40	1.0000	0	0		
rank_yes	clsa-64	(set)	match-compliance	plain	same program	libpcre2_10.46_jit-caps-simdna	measured	pinned	3	median_ns	17312.318467	40	1.0000	0	0		
rank_yes	clsa-64	(set)	match-compliance	plain	same program	libpcre2_10.46_jit-caps-simdna	measured	pinned	3	min_ns	16797.545413	40	1.0000	0	0		
rank_yes	clsa-64	(set)	match-compliance	plain	same program	libpcre2_10.46_jit-caps-simdna	measured	pinned	3	max_ns	17431.820854	40	1.0000	0	0		
rank_yes	clsa-64	(set)	match-compliance	plain	same program	libpcre2_10.46_jit-caps-simdna	measured	pinned	3	stddev_ns	237.008397	40	1.0000	0	0		
rank_yes	clsa-64	(set)	match-compliance	plain	same program	libpcre2_10.46_jit-caps-simdna	measured	pinned	3	ratio_vs_baseline	34.873146	40	1.0000	0	0		
rank_yes	clsa-64	(set)	match-compliance	plain	same program	libpcre2_10.46_jit-caps-simdna	measured	pinned	3	ratio_vs_best	34.873146	40	1.0000	0	0		
baseline_yes	clsa-64	(set)	short-subject-search			pcrec_c4c70f2c_auto-caps-simdna				baseline_identity	row-best-fallback					pcrec_c4c70f2c_auto-caps-simdna (row-best fallback -- interp absent from this group)	
rank_yes	clsa-64	(set)	short-subject-search	plain	same program	pcrec_c4c70f2c_auto-caps-simdna	measured	pinned	1	median_ns	7823.210634	40	1.0000	0	0		
rank_yes	clsa-64	(set)	short-subject-search	plain	same program	pcrec_c4c70f2c_auto-caps-simdna	measured	pinned	1	min_ns	7810.057604	40	1.0000	0	0		
rank_yes	clsa-64	(set)	short-subject-search	plain	same program	pcrec_c4c70f2c_auto-caps-simdna	measured	pinned	1	max_ns	7826.605940	40	1.0000	0	0		
rank_yes	clsa-64	(set)	short-subject-search	plain	same program	pcrec_c4c70f2c_auto-caps-simdna	measured	pinned	1	stddev_ns	7.146695	40	1.0000	0	0		
rank_yes	clsa-64	(set)	short-subject-search	plain	same program	pcrec_c4c70f2c_auto-caps-simdna	measured	pinned	1	ratio_vs_baseline	1.000000	40	1.0000	0	0		
rank_yes	clsa-64	(set)	short-subject-search	plain	same program	pcrec_c4c70f2c_auto-caps-simdna	measured	pinned	1	ratio_vs_best	1.000000	40	1.0000	0	0		
rank_yes	clsa-64	(set)	short-subject-search	plain	same program	libpcre2_10.46_jit-caps-simdna	measured	pinned	2	median_ns	166278.972892	40	1.0000	0	0		
rank_yes	clsa-64	(set)	short-subject-search	plain	same program	libpcre2_10.46_jit-caps-simdna	measured	pinned	2	min_ns	166248.335186	40	1.0000	0	0		
rank_yes	clsa-64	(set)	short-subject-search	plain	same program	libpcre2_10.46_jit-caps-simdna	measured	pinned	2	max_ns	190384.075359	40	1.0000	0	0		
rank_yes	clsa-64	(set)	short-subject-search	plain	same program	libpcre2_10.46_jit-caps-simdna	measured	pinned	2	stddev_ns	9621.970736	40	1.0000	0	0		
rank_yes	clsa-64	(set)	short-subject-search	plain	same program	libpcre2_10.46_jit-caps-simdna	measured	pinned	2	ratio_vs_baseline	21.254569	40	1.0000	0	0		
rank_yes	clsa-64	(set)	short-subject-search	plain	same program	libpcre2_10.46_jit-caps-simdna	measured	pinned	2	ratio_vs_best	21.254569	40	1.0000	0	0		
rank_yes	clsa-64	(set)	short-subject-search	plain	same program	pcrec_c4c70f2c_vm-caps-simdna	measured	pinned	3	median_ns	1370692.317440	40	1.0000	0	0		
rank_yes	clsa-64	(set)	short-subject-search	plain	same program	pcrec_c4c70f2c_vm-caps-simdna	measured	pinned	3	min_ns	1363650.141782	40	1.0000	0	0		
rank_yes	clsa-64	(set)	short-subject-search	plain	same program	pcrec_c4c70f2c_vm-caps-simdna	measured	pinned	3	max_ns	1390064.823087	40	1.0000	0	0		
rank_yes	clsa-64	(set)	short-subject-search	plain	same program	pcrec_c4c70f2c_vm-caps-simdna	measured	pinned	3	stddev_ns	9298.611051	40	1.0000	0	0		
rank_yes	clsa-64	(set)	short-subject-search	plain	same program	pcrec_c4c70f2c_vm-caps-simdna	measured	pinned	3	ratio_vs_baseline	175.208413	40	1.0000	0	0		
rank_yes	clsa-64	(set)	short-subject-search	plain	same program	pcrec_c4c70f2c_vm-caps-simdna	measured	pinned	3	ratio_vs_best	175.208413	40	1.0000	0	0		
baseline_yes	clsd-1024	(set)	large-subject-throughput			libpcre2_10.46_jit-caps-simdna				baseline_identity	row-best-fallback					libpcre2_10.46_jit-caps-simdna (row-best fallback -- interp absent from this group)	
rank_yes	clsd-1024	(set)	large-subject-throughput	plain	same program	libpcre2_10.46_jit-caps-simdna	measured	pinned	1	median_ns	1227691854.000000	4	1.0000	0	0		
rank_yes	clsd-1024	(set)	large-subject-throughput	plain	same program	libpcre2_10.46_jit-caps-simdna	measured	pinned	1	min_ns	1211856031.000000	4	1.0000	0	0		
rank_yes	clsd-1024	(set)	large-subject-throughput	plain	same program	libpcre2_10.46_jit-caps-simdna	measured	pinned	1	max_ns	1322386341.000000	4	1.0000	0	0		
rank_yes	clsd-1024	(set)	large-subject-throughput	plain	same program	libpcre2_10.46_jit-caps-simdna	measured	pinned	1	stddev_ns	40195521.116725	4	1.0000	0	0		
rank_yes	clsd-1024	(set)	large-subject-throughput	plain	same program	libpcre2_10.46_jit-caps-simdna	measured	pinned	1	ratio_vs_baseline	1.000000	4	1.0000	0	0		
rank_yes	clsd-1024	(set)	large-subject-throughput	plain	same program	libpcre2_10.46_jit-caps-simdna	measured	pinned	1	ratio_vs_best	1.000000	4	1.0000	0	0		
baseline_yes	clsd-1024	(set)	match-compliance			libpcre2_10.46_jit-caps-simdna				baseline_identity	row-best-fallback					libpcre2_10.46_jit-caps-simdna (row-best fallback -- interp absent from this group)	
rank_yes	clsd-1024	(set)	match-compliance	plain	same program	libpcre2_10.46_jit-caps-simdna	measured	pinned	1	median_ns	237799.120371	40	1.0000	0	0		
rank_yes	clsd-1024	(set)	match-compliance	plain	same program	libpcre2_10.46_jit-caps-simdna	measured	pinned	1	min_ns	230226.808135	40	1.0000	0	0		
rank_yes	clsd-1024	(set)	match-compliance	plain	same program	libpcre2_10.46_jit-caps-simdna	measured	pinned	1	max_ns	320108.194501	40	1.0000	0	0		
rank_yes	clsd-1024	(set)	match-compliance	plain	same program	libpcre2_10.46_jit-caps-simdna	measured	pinned	1	stddev_ns	34578.258549	40	1.0000	0	0		
rank_yes	clsd-1024	(set)	match-compliance	plain	same program	libpcre2_10.46_jit-caps-simdna	measured	pinned	1	ratio_vs_baseline	1.000000	40	1.0000	0	0		
rank_yes	clsd-1024	(set)	match-compliance	plain	same program	libpcre2_10.46_jit-caps-simdna	measured	pinned	1	ratio_vs_best	1.000000	40	1.0000	0	0		
baseline_yes	clsd-1024	(set)	short-subject-search			libpcre2_10.46_jit-caps-simdna				baseline_identity	row-best-fallback					libpcre2_10.46_jit-caps-simdna (row-best fallback -- interp absent from this group)	
rank_yes	clsd-1024	(set)	short-subject-search	plain	same program	libpcre2_10.46_jit-caps-simdna	measured	pinned	1	median_ns	6241667.229167	40	1.0000	0	0		
rank_yes	clsd-1024	(set)	short-subject-search	plain	same program	libpcre2_10.46_jit-caps-simdna	measured	pinned	1	min_ns	6234421.302083	40	1.0000	0	0		
rank_yes	clsd-1024	(set)	short-subject-search	plain	same program	libpcre2_10.46_jit-caps-simdna	measured	pinned	1	max_ns	6365172.250000	40	1.0000	0	0		
rank_yes	clsd-1024	(set)	short-subject-search	plain	same program	libpcre2_10.46_jit-caps-simdna	measured	pinned	1	stddev_ns	50237.217208	40	1.0000	0	0		
rank_yes	clsd-1024	(set)	short-subject-search	plain	same program	libpcre2_10.46_jit-caps-simdna	measured	pinned	1	ratio_vs_baseline	1.000000	40	1.0000	0	0		
rank_yes	clsd-1024	(set)	short-subject-search	plain	same program	libpcre2_10.46_jit-caps-simdna	measured	pinned	1	ratio_vs_best	1.000000	40	1.0000	0	0		
baseline_yes	clsd-256	(set)	large-subject-throughput			pcrec_c4c70f2c_auto-caps-simdna				baseline_identity	row-best-fallback					pcrec_c4c70f2c_auto-caps-simdna (row-best fallback -- interp absent from this group)	
rank_yes	clsd-256	(set)	large-subject-throughput	plain	same program	pcrec_c4c70f2c_auto-caps-simdna	measured	pinned	1	median_ns	2895638.130435	4	1.0000	0	0		
rank_yes	clsd-256	(set)	large-subject-throughput	plain	same program	pcrec_c4c70f2c_auto-caps-simdna	measured	pinned	1	min_ns	2888308.165217	4	1.0000	0	0		
rank_yes	clsd-256	(set)	large-subject-throughput	plain	same program	pcrec_c4c70f2c_auto-caps-simdna	measured	pinned	1	max_ns	2900482.756522	4	1.0000	0	0		
rank_yes	clsd-256	(set)	large-subject-throughput	plain	same program	pcrec_c4c70f2c_auto-caps-simdna	measured	pinned	1	stddev_ns	4301.607831	4	1.0000	0	0		
rank_yes	clsd-256	(set)	large-subject-throughput	plain	same program	pcrec_c4c70f2c_auto-caps-simdna	measured	pinned	1	ratio_vs_baseline	1.000000	4	1.0000	0	0		
rank_yes	clsd-256	(set)	large-subject-throughput	plain	same program	pcrec_c4c70f2c_auto-caps-simdna	measured	pinned	1	ratio_vs_best	1.000000	4	1.0000	0	0		
rank_yes	clsd-256	(set)	large-subject-throughput	plain	same program	libpcre2_10.46_jit-caps-simdna	measured	pinned	2	median_ns	231196109.500000	4	1.0000	0	0		
rank_yes	clsd-256	(set)	large-subject-throughput	plain	same program	libpcre2_10.46_jit-caps-simdna	measured	pinned	2	min_ns	229294625.500000	4	1.0000	0	0		
rank_yes	clsd-256	(set)	large-subject-throughput	plain	same program	libpcre2_10.46_jit-caps-simdna	measured	pinned	2	max_ns	237344742.500000	4	1.0000	0	0		
rank_yes	clsd-256	(set)	large-subject-throughput	plain	same program	libpcre2_10.46_jit-caps-simdna	measured	pinned	2	stddev_ns	2735606.525073	4	1.0000	0	0		
rank_yes	clsd-256	(set)	large-subject-throughput	plain	same program	libpcre2_10.46_jit-caps-simdna	measured	pinned	2	ratio_vs_baseline	79.842888	4	1.0000	0	0		
rank_yes	clsd-256	(set)	large-subject-throughput	plain	same program	libpcre2_10.46_jit-caps-simdna	measured	pinned	2	ratio_vs_best	79.842888	4	1.0000	0	0		
rank_yes	clsd-256	(set)	large-subject-throughput	plain	same program	pcrec_c4c70f2c_vm-caps-simdna	measured	pinned	3	median_ns	1621327595.000000	4	1.0000	0	0		
rank_yes	clsd-256	(set)	large-subject-throughput	plain	same program	pcrec_c4c70f2c_vm-caps-simdna	measured	pinned	3	min_ns	1619465925.000000	4	1.0000	0	0		
rank_yes	clsd-256	(set)	large-subject-throughput	plain	same program	pcrec_c4c70f2c_vm-caps-simdna	measured	pinned	3	max_ns	1622623823.000000	4	1.0000	0	0		
rank_yes	clsd-256	(set)	large-subject-throughput	plain	same program	pcrec_c4c70f2c_vm-caps-simdna	measured	pinned	3	stddev_ns	1138130.932950	4	1.0000	0	0		
rank_yes	clsd-256	(set)	large-subject-throughput	plain	same program	pcrec_c4c70f2c_vm-caps-simdna	measured	pinned	3	ratio_vs_baseline	559.920654	4	1.0000	0	0		
rank_yes	clsd-256	(set)	large-subject-throughput	plain	same program	pcrec_c4c70f2c_vm-caps-simdna	measured	pinned	3	ratio_vs_best	559.920654	4	1.0000	0	0		
baseline_yes	clsd-256	(set)	match-compliance			pcrec_c4c70f2c_auto-caps-simdna				baseline_identity	row-best-fallback					pcrec_c4c70f2c_auto-caps-simdna (row-best fallback -- interp absent from this group)	
rank_yes	clsd-256	(set)	match-compliance	whole-subject	separate artifact	pcrec_c4c70f2c_auto-caps-simdna	measured	pinned	1	median_ns	978.217565	40	1.0000	0	0		
rank_yes	clsd-256	(set)	match-compliance	whole-subject	separate artifact	pcrec_c4c70f2c_auto-caps-simdna	measured	pinned	1	min_ns	976.044535	40	1.0000	0	0		
rank_yes	clsd-256	(set)	match-compliance	whole-subject	separate artifact	pcrec_c4c70f2c_auto-caps-simdna	measured	pinned	1	max_ns	998.906992	40	1.0000	0	0		
rank_yes	clsd-256	(set)	match-compliance	whole-subject	separate artifact	pcrec_c4c70f2c_auto-caps-simdna	measured	pinned	1	stddev_ns	8.690902	40	1.0000	0	0		
rank_yes	clsd-256	(set)	match-compliance	whole-subject	separate artifact	pcrec_c4c70f2c_auto-caps-simdna	measured	pinned	1	ratio_vs_baseline	1.000000	40	1.0000	0	0		
rank_yes	clsd-256	(set)	match-compliance	whole-subject	separate artifact	pcrec_c4c70f2c_auto-caps-simdna	measured	pinned	1	ratio_vs_best	1.000000	40	1.0000	0	0		
rank_yes	clsd-256	(set)	match-compliance	plain	same program	libpcre2_10.46_jit-caps-simdna	measured	pinned	2	median_ns	59097.417993	40	1.0000	0	0		
rank_yes	clsd-256	(set)	match-compliance	plain	same program	libpcre2_10.46_jit-caps-simdna	measured	pinned	2	min_ns	58751.723799	40	1.0000	0	0		
rank_yes	clsd-256	(set)	match-compliance	plain	same program	libpcre2_10.46_jit-caps-simdna	measured	pinned	2	max_ns	60598.043641	40	1.0000	0	0		
rank_yes	clsd-256	(set)	match-compliance	plain	same program	libpcre2_10.46_jit-caps-simdna	measured	pinned	2	stddev_ns	655.150384	40	1.0000	0	0		
rank_yes	clsd-256	(set)	match-compliance	plain	same program	libpcre2_10.46_jit-caps-simdna	measured	pinned	2	ratio_vs_baseline	60.413368	40	1.0000	0	0		
rank_yes	clsd-256	(set)	match-compliance	plain	same program	libpcre2_10.46_jit-caps-simdna	measured	pinned	2	ratio_vs_best	60.413368	40	1.0000	0	0		
rank_yes	clsd-256	(set)	match-compliance	whole-subject	separate artifact	pcrec_c4c70f2c_vm-caps-simdna	measured	pinned	3	median_ns	70077.385230	40	1.0000	0	0		
rank_yes	clsd-256	(set)	match-compliance	whole-subject	separate artifact	pcrec_c4c70f2c_vm-caps-simdna	measured	pinned	3	min_ns	69891.880902	40	1.0000	0	0		
rank_yes	clsd-256	(set)	match-compliance	whole-subject	separate artifact	pcrec_c4c70f2c_vm-caps-simdna	measured	pinned	3	max_ns	82888.075294	40	1.0000	0	0		
rank_yes	clsd-256	(set)	match-compliance	whole-subject	separate artifact	pcrec_c4c70f2c_vm-caps-simdna	measured	pinned	3	stddev_ns	5124.008402	40	1.0000	0	0		
rank_yes	clsd-256	(set)	match-compliance	whole-subject	separate artifact	pcrec_c4c70f2c_vm-caps-simdna	measured	pinned	3	ratio_vs_baseline	71.637832	40	1.0000	0	0		
rank_yes	clsd-256	(set)	match-compliance	whole-subject	separate artifact	pcrec_c4c70f2c_vm-caps-simdna	measured	pinned	3	ratio_vs_best	71.637832	40	1.0000	0	0		
baseline_yes	clsd-256	(set)	short-subject-search			pcrec_c4c70f2c_auto-caps-simdna				baseline_identity	row-best-fallback					pcrec_c4c70f2c_auto-caps-simdna (row-best fallback -- interp absent from this group)	
rank_yes	clsd-256	(set)	short-subject-search	plain	same program	pcrec_c4c70f2c_auto-caps-simdna	measured	pinned	1	median_ns	8372.641932	40	1.0000	0	0		
rank_yes	clsd-256	(set)	short-subject-search	plain	same program	pcrec_c4c70f2c_auto-caps-simdna	measured	pinned	1	min_ns	8358.995281	40	1.0000	0	0		
rank_yes	clsd-256	(set)	short-subject-search	plain	same program	pcrec_c4c70f2c_auto-caps-simdna	measured	pinned	1	max_ns	8443.281217	40	1.0000	0	0		
rank_yes	clsd-256	(set)	short-subject-search	plain	same program	pcrec_c4c70f2c_auto-caps-simdna	measured	pinned	1	stddev_ns	30.836791	40	1.0000	0	0		
rank_yes	clsd-256	(set)	short-subject-search	plain	same program	pcrec_c4c70f2c_auto-caps-simdna	measured	pinned	1	ratio_vs_baseline	1.000000	40	1.0000	0	0		
rank_yes	clsd-256	(set)	short-subject-search	plain	same program	pcrec_c4c70f2c_auto-caps-simdna	measured	pinned	1	ratio_vs_best	1.000000	40	1.0000	0	0		
rank_yes	clsd-256	(set)	short-subject-search	plain	same program	libpcre2_10.46_jit-caps-simdna	measured	pinned	2	median_ns	1296833.982218	40	1.0000	0	0		
rank_yes	clsd-256	(set)	short-subject-search	plain	same program	libpcre2_10.46_jit-caps-simdna	measured	pinned	2	min_ns	1255463.242678	40	1.0000	0	0		
rank_yes	clsd-256	(set)	short-subject-search	plain	same program	libpcre2_10.46_jit-caps-simdna	measured	pinned	2	max_ns	2025912.430962	40	1.0000	0	0		
rank_yes	clsd-256	(set)	short-subject-search	plain	same program	libpcre2_10.46_jit-caps-simdna	measured	pinned	2	stddev_ns	299610.180772	40	1.0000	0	0		
rank_yes	clsd-256	(set)	short-subject-search	plain	same program	libpcre2_10.46_jit-caps-simdna	measured	pinned	2	ratio_vs_baseline	154.889459	40	1.0000	0	0		
rank_yes	clsd-256	(set)	short-subject-search	plain	same program	libpcre2_10.46_jit-caps-simdna	measured	pinned	2	ratio_vs_best	154.889459	40	1.0000	0	0		
rank_yes	clsd-256	(set)	short-subject-search	plain	same program	pcrec_c4c70f2c_vm-caps-simdna	measured	pinned	3	median_ns	9326364.188976	40	1.0000	0	0		
rank_yes	clsd-256	(set)	short-subject-search	plain	same program	pcrec_c4c70f2c_vm-caps-simdna	measured	pinned	3	min_ns	9301819.834646	40	1.0000	0	0		
rank_yes	clsd-256	(set)	short-subject-search	plain	same program	pcrec_c4c70f2c_vm-caps-simdna	measured	pinned	3	max_ns	9356765.062992	40	1.0000	0	0		
rank_yes	clsd-256	(set)	short-subject-search	plain	same program	pcrec_c4c70f2c_vm-caps-simdna	measured	pinned	3	stddev_ns	20175.496657	40	1.0000	0	0		
rank_yes	clsd-256	(set)	short-subject-search	plain	same program	pcrec_c4c70f2c_vm-caps-simdna	measured	pinned	3	ratio_vs_baseline	1113.909357	40	1.0000	0	0		
rank_yes	clsd-256	(set)	short-subject-search	plain	same program	pcrec_c4c70f2c_vm-caps-simdna	measured	pinned	3	ratio_vs_best	1113.909357	40	1.0000	0	0		
baseline_yes	clsd-64	(set)	large-subject-throughput			pcrec_c4c70f2c_auto-caps-simdna				baseline_identity	row-best-fallback					pcrec_c4c70f2c_auto-caps-simdna (row-best fallback -- interp absent from this group)	
rank_yes	clsd-64	(set)	large-subject-throughput	plain	same program	pcrec_c4c70f2c_auto-caps-simdna	measured	pinned	1	median_ns	3402517.711340	4	1.0000	0	0		
rank_yes	clsd-64	(set)	large-subject-throughput	plain	same program	pcrec_c4c70f2c_auto-caps-simdna	measured	pinned	1	min_ns	3396541.278351	4	1.0000	0	0		
rank_yes	clsd-64	(set)	large-subject-throughput	plain	same program	pcrec_c4c70f2c_auto-caps-simdna	measured	pinned	1	max_ns	3406758.773196	4	1.0000	0	0		
rank_yes	clsd-64	(set)	large-subject-throughput	plain	same program	pcrec_c4c70f2c_auto-caps-simdna	measured	pinned	1	stddev_ns	3812.368364	4	1.0000	0	0		
rank_yes	clsd-64	(set)	large-subject-throughput	plain	same program	pcrec_c4c70f2c_auto-caps-simdna	measured	pinned	1	ratio_vs_baseline	1.000000	4	1.0000	0	0		
rank_yes	clsd-64	(set)	large-subject-throughput	plain	same program	pcrec_c4c70f2c_auto-caps-simdna	measured	pinned	1	ratio_vs_best	1.000000	4	1.0000	0	0		
rank_yes	clsd-64	(set)	large-subject-throughput	plain	same program	libpcre2_10.46_jit-caps-simdna	measured	pinned	2	median_ns	33006674.300000	4	1.0000	0	0		
rank_yes	clsd-64	(set)	large-subject-throughput	plain	same program	libpcre2_10.46_jit-caps-simdna	measured	pinned	2	min_ns	32945506.200000	4	1.0000	0	0		
rank_yes	clsd-64	(set)	large-subject-throughput	plain	same program	libpcre2_10.46_jit-caps-simdna	measured	pinned	2	max_ns	38646293.900000	4	1.0000	0	0		
rank_yes	clsd-64	(set)	large-subject-throughput	plain	same program	libpcre2_10.46_jit-caps-simdna	measured	pinned	2	stddev_ns	2763566.244544	4	1.0000	0	0		
rank_yes	clsd-64	(set)	large-subject-throughput	plain	same program	libpcre2_10.46_jit-caps-simdna	measured	pinned	2	ratio_vs_baseline	9.700662	4	1.0000	0	0		
rank_yes	clsd-64	(set)	large-subject-throughput	plain	same program	libpcre2_10.46_jit-caps-simdna	measured	pinned	2	ratio_vs_best	9.700662	4	1.0000	0	0		
rank_yes	clsd-64	(set)	large-subject-throughput	plain	same program	pcrec_c4c70f2c_vm-caps-simdna	measured	pinned	3	median_ns	246717105.000000	4	1.0000	0	0		
rank_yes	clsd-64	(set)	large-subject-throughput	plain	same program	pcrec_c4c70f2c_vm-caps-simdna	measured	pinned	3	min_ns	245462298.500000	4	1.0000	0	0		
rank_yes	clsd-64	(set)	large-subject-throughput	plain	same program	pcrec_c4c70f2c_vm-caps-simdna	measured	pinned	3	max_ns	249900776.000000	4	1.0000	0	0		
rank_yes	clsd-64	(set)	large-subject-throughput	plain	same program	pcrec_c4c70f2c_vm-caps-simdna	measured	pinned	3	stddev_ns	1665552.838020	4	1.0000	0	0		
rank_yes	clsd-64	(set)	large-subject-throughput	plain	same program	pcrec_c4c70f2c_vm-caps-simdna	measured	pinned	3	ratio_vs_baseline	72.510160	4	1.0000	0	0		
rank_yes	clsd-64	(set)	large-subject-throughput	plain	same program	pcrec_c4c70f2c_vm-caps-simdna	measured	pinned	3	ratio_vs_best	72.510160	4	1.0000	0	0		
baseline_yes	clsd-64	(set)	match-compliance			pcrec_c4c70f2c_auto-caps-simdna				baseline_identity	row-best-fallback					pcrec_c4c70f2c_auto-caps-simdna (row-best fallback -- interp absent from this group)	
rank_yes	clsd-64	(set)	match-compliance	whole-subject	separate artifact	pcrec_c4c70f2c_auto-caps-simdna	measured	pinned	1	median_ns	504.676601	40	1.0000	0	0		
rank_yes	clsd-64	(set)	match-compliance	whole-subject	separate artifact	pcrec_c4c70f2c_auto-caps-simdna	measured	pinned	1	min_ns	497.404943	40	1.0000	0	0		
rank_yes	clsd-64	(set)	match-compliance	whole-subject	separate artifact	pcrec_c4c70f2c_auto-caps-simdna	measured	pinned	1	max_ns	505.538046	40	1.0000	0	0		
rank_yes	clsd-64	(set)	match-compliance	whole-subject	separate artifact	pcrec_c4c70f2c_auto-caps-simdna	measured	pinned	1	stddev_ns	2.976386	40	1.0000	0	0		
rank_yes	clsd-64	(set)	match-compliance	whole-subject	separate artifact	pcrec_c4c70f2c_auto-caps-simdna	measured	pinned	1	ratio_vs_baseline	1.000000	40	1.0000	0	0		
rank_yes	clsd-64	(set)	match-compliance	whole-subject	separate artifact	pcrec_c4c70f2c_auto-caps-simdna	measured	pinned	1	ratio_vs_best	1.000000	40	1.0000	0	0		
rank_yes	clsd-64	(set)	match-compliance	whole-subject	separate artifact	pcrec_c4c70f2c_vm-caps-simdna	measured	pinned	2	median_ns	10786.119088	40	1.0000	0	0		
rank_yes	clsd-64	(set)	match-compliance	whole-subject	separate artifact	pcrec_c4c70f2c_vm-caps-simdna	measured	pinned	2	min_ns	10765.363827	40	1.0000	0	0		
rank_yes	clsd-64	(set)	match-compliance	whole-subject	separate artifact	pcrec_c4c70f2c_vm-caps-simdna	measured	pinned	2	max_ns	10834.278849	40	1.0000	0	0		
rank_yes	clsd-64	(set)	match-compliance	whole-subject	separate artifact	pcrec_c4c70f2c_vm-caps-simdna	measured	pinned	2	stddev_ns	24.649847	40	1.0000	0	0		
rank_yes	clsd-64	(set)	match-compliance	whole-subject	separate artifact	pcrec_c4c70f2c_vm-caps-simdna	measured	pinned	2	ratio_vs_baseline	21.372338	40	1.0000	0	0		
rank_yes	clsd-64	(set)	match-compliance	whole-subject	separate artifact	pcrec_c4c70f2c_vm-caps-simdna	measured	pinned	2	ratio_vs_best	21.372338	40	1.0000	0	0		
rank_yes	clsd-64	(set)	match-compliance	plain	same program	libpcre2_10.46_jit-caps-simdna	measured	pinned	3	median_ns	16923.256462	40	1.0000	0	0		
rank_yes	clsd-64	(set)	match-compliance	plain	same program	libpcre2_10.46_jit-caps-simdna	measured	pinned	3	min_ns	16541.629397	40	1.0000	0	0		
rank_yes	clsd-64	(set)	match-compliance	plain	same program	libpcre2_10.46_jit-caps-simdna	measured	pinned	3	max_ns	21099.923156	40	1.0000	0	0		
rank_yes	clsd-64	(set)	match-compliance	plain	same program	libpcre2_10.46_jit-caps-simdna	measured	pinned	3	stddev_ns	1726.952255	40	1.0000	0	0		
rank_yes	clsd-64	(set)	match-compliance	plain	same program	libpcre2_10.46_jit-caps-simdna	measured	pinned	3	ratio_vs_baseline	33.532873	40	1.0000	0	0		
rank_yes	clsd-64	(set)	match-compliance	plain	same program	libpcre2_10.46_jit-caps-simdna	measured	pinned	3	ratio_vs_best	33.532873	40	1.0000	0	0		
baseline_yes	clsd-64	(set)	short-subject-search			pcrec_c4c70f2c_auto-caps-simdna				baseline_identity	row-best-fallback					pcrec_c4c70f2c_auto-caps-simdna (row-best fallback -- interp absent from this group)	
rank_yes	clsd-64	(set)	short-subject-search	plain	same program	pcrec_c4c70f2c_auto-caps-simdna	measured	pinned	1	median_ns	8036.195112	40	1.0000	0	0		
rank_yes	clsd-64	(set)	short-subject-search	plain	same program	pcrec_c4c70f2c_auto-caps-simdna	measured	pinned	1	min_ns	8031.983112	40	1.0000	0	0		
rank_yes	clsd-64	(set)	short-subject-search	plain	same program	pcrec_c4c70f2c_auto-caps-simdna	measured	pinned	1	max_ns	8039.686061	40	1.0000	0	0		
rank_yes	clsd-64	(set)	short-subject-search	plain	same program	pcrec_c4c70f2c_auto-caps-simdna	measured	pinned	1	stddev_ns	2.882041	40	1.0000	0	0		
rank_yes	clsd-64	(set)	short-subject-search	plain	same program	pcrec_c4c70f2c_auto-caps-simdna	measured	pinned	1	ratio_vs_baseline	1.000000	40	1.0000	0	0		
rank_yes	clsd-64	(set)	short-subject-search	plain	same program	pcrec_c4c70f2c_auto-caps-simdna	measured	pinned	1	ratio_vs_best	1.000000	40	1.0000	0	0		
rank_yes	clsd-64	(set)	short-subject-search	plain	same program	libpcre2_10.46_jit-caps-simdna	measured	pinned	2	median_ns	175819.961403	40	1.0000	0	0		
rank_yes	clsd-64	(set)	short-subject-search	plain	same program	libpcre2_10.46_jit-caps-simdna	measured	pinned	2	min_ns	175233.077336	40	1.0000	0	0		
rank_yes	clsd-64	(set)	short-subject-search	plain	same program	libpcre2_10.46_jit-caps-simdna	measured	pinned	2	max_ns	200691.451576	40	1.0000	0	0		
rank_yes	clsd-64	(set)	short-subject-search	plain	same program	libpcre2_10.46_jit-caps-simdna	measured	pinned	2	stddev_ns	10055.709847	40	1.0000	0	0		
rank_yes	clsd-64	(set)	short-subject-search	plain	same program	libpcre2_10.46_jit-caps-simdna	measured	pinned	2	ratio_vs_baseline	21.878508	40	1.0000	0	0		
rank_yes	clsd-64	(set)	short-subject-search	plain	same program	libpcre2_10.46_jit-caps-simdna	measured	pinned	2	ratio_vs_best	21.878508	40	1.0000	0	0		
rank_yes	clsd-64	(set)	short-subject-search	plain	same program	pcrec_c4c70f2c_vm-caps-simdna	measured	pinned	3	median_ns	1435052.659756	40	1.0000	0	0		
rank_yes	clsd-64	(set)	short-subject-search	plain	same program	pcrec_c4c70f2c_vm-caps-simdna	measured	pinned	3	min_ns	1429391.345122	40	1.0000	0	0		
rank_yes	clsd-64	(set)	short-subject-search	plain	same program	pcrec_c4c70f2c_vm-caps-simdna	measured	pinned	3	max_ns	1450637.962195	40	1.0000	0	0		
rank_yes	clsd-64	(set)	short-subject-search	plain	same program	pcrec_c4c70f2c_vm-caps-simdna	measured	pinned	3	stddev_ns	7481.162118	40	1.0000	0	0		
rank_yes	clsd-64	(set)	short-subject-search	plain	same program	pcrec_c4c70f2c_vm-caps-simdna	measured	pinned	3	ratio_vs_baseline	178.573646	40	1.0000	0	0		
rank_yes	clsd-64	(set)	short-subject-search	plain	same program	pcrec_c4c70f2c_vm-caps-simdna	measured	pinned	3	ratio_vs_best	178.573646	40	1.0000	0	0		
baseline_yes	cnt-64	(set)	large-subject-throughput			pcrec_c4c70f2c_auto-caps-simdna				baseline_identity	row-best-fallback					pcrec_c4c70f2c_auto-caps-simdna (row-best fallback -- interp absent from this group)	
rank_yes	cnt-64	(set)	large-subject-throughput	plain	same program	pcrec_c4c70f2c_auto-caps-simdna	measured	pinned	1	median_ns	3488511.959184	4	1.0000	0	0		
rank_yes	cnt-64	(set)	large-subject-throughput	plain	same program	pcrec_c4c70f2c_auto-caps-simdna	measured	pinned	1	min_ns	3486925.806122	4	1.0000	0	0		
rank_yes	cnt-64	(set)	large-subject-throughput	plain	same program	pcrec_c4c70f2c_auto-caps-simdna	measured	pinned	1	max_ns	3488836.255102	4	1.0000	0	0		
rank_yes	cnt-64	(set)	large-subject-throughput	plain	same program	pcrec_c4c70f2c_auto-caps-simdna	measured	pinned	1	stddev_ns	678.976048	4	1.0000	0	0		
rank_yes	cnt-64	(set)	large-subject-throughput	plain	same program	pcrec_c4c70f2c_auto-caps-simdna	measured	pinned	1	ratio_vs_baseline	1.000000	4	1.0000	0	0		
rank_yes	cnt-64	(set)	large-subject-throughput	plain	same program	pcrec_c4c70f2c_auto-caps-simdna	measured	pinned	1	ratio_vs_best	1.000000	4	1.0000	0	0		
rank_yes	cnt-64	(set)	large-subject-throughput	plain	same program	pcrec_c4c70f2c_vm-caps-simdna	measured	pinned	2	median_ns	13833962.615385	4	1.0000	0	0		
rank_yes	cnt-64	(set)	large-subject-throughput	plain	same program	pcrec_c4c70f2c_vm-caps-simdna	measured	pinned	2	min_ns	13829854.884615	4	1.0000	0	0		
rank_yes	cnt-64	(set)	large-subject-throughput	plain	same program	pcrec_c4c70f2c_vm-caps-simdna	measured	pinned	2	max_ns	14024582.423077	4	1.0000	0	0		
rank_yes	cnt-64	(set)	large-subject-throughput	plain	same program	pcrec_c4c70f2c_vm-caps-simdna	measured	pinned	2	stddev_ns	75967.073290	4	1.0000	0	0		
rank_yes	cnt-64	(set)	large-subject-throughput	plain	same program	pcrec_c4c70f2c_vm-caps-simdna	measured	pinned	2	ratio_vs_baseline	3.965577	4	1.0000	0	0		
rank_yes	cnt-64	(set)	large-subject-throughput	plain	same program	pcrec_c4c70f2c_vm-caps-simdna	measured	pinned	2	ratio_vs_best	3.965577	4	1.0000	0	0		
rank_yes	cnt-64	(set)	large-subject-throughput	plain	same program	libpcre2_10.46_jit-caps-simdna	measured	pinned	3	median_ns	43219247.125000	4	1.0000	0	0		
rank_yes	cnt-64	(set)	large-subject-throughput	plain	same program	libpcre2_10.46_jit-caps-simdna	measured	pinned	3	min_ns	38405209.500000	4	1.0000	0	0		
rank_yes	cnt-64	(set)	large-subject-throughput	plain	same program	libpcre2_10.46_jit-caps-simdna	measured	pinned	3	max_ns	43774591.500000	4	1.0000	0	0		
rank_yes	cnt-64	(set)	large-subject-throughput	plain	same program	libpcre2_10.46_jit-caps-simdna	measured	pinned	3	stddev_ns	2462059.863235	4	1.0000	0	0		
rank_yes	cnt-64	(set)	large-subject-throughput	plain	same program	libpcre2_10.46_jit-caps-simdna	measured	pinned	3	ratio_vs_baseline	12.389021	4	1.0000	0	0		
rank_yes	cnt-64	(set)	large-subject-throughput	plain	same program	libpcre2_10.46_jit-caps-simdna	measured	pinned	3	ratio_vs_best	12.389021	4	1.0000	0	0		
baseline_yes	cnt-64	(set)	match-compliance			pcrec_c4c70f2c_vm-caps-simdna				baseline_identity	row-best-fallback					pcrec_c4c70f2c_vm-caps-simdna (row-best fallback -- interp absent from this group)	
rank_yes	cnt-64	(set)	match-compliance	whole-subject	separate artifact	pcrec_c4c70f2c_vm-caps-simdna	measured	pinned	1	median_ns	419.987059	40	1.0000	0	0		
rank_yes	cnt-64	(set)	match-compliance	whole-subject	separate artifact	pcrec_c4c70f2c_vm-caps-simdna	measured	pinned	1	min_ns	417.603041	40	1.0000	0	0		
rank_yes	cnt-64	(set)	match-compliance	whole-subject	separate artifact	pcrec_c4c70f2c_vm-caps-simdna	measured	pinned	1	max_ns	670.146594	40	1.0000	0	0		
rank_yes	cnt-64	(set)	match-compliance	whole-subject	separate artifact	pcrec_c4c70f2c_vm-caps-simdna	measured	pinned	1	stddev_ns	99.920822	40	1.0000	0	0		
rank_yes	cnt-64	(set)	match-compliance	whole-subject	separate artifact	pcrec_c4c70f2c_vm-caps-simdna	measured	pinned	1	ratio_vs_baseline	1.000000	40	1.0000	0	0		
rank_yes	cnt-64	(set)	match-compliance	whole-subject	separate artifact	pcrec_c4c70f2c_vm-caps-simdna	measured	pinned	1	ratio_vs_best	1.000000	40	1.0000	0	0		
rank_yes	cnt-64	(set)	match-compliance	whole-subject	separate artifact	pcrec_c4c70f2c_auto-caps-simdna	measured	pinned	2	median_ns	1849.406602	40	1.0000	0	0		
rank_yes	cnt-64	(set)	match-compliance	whole-subject	separate artifact	pcrec_c4c70f2c_auto-caps-simdna	measured	pinned	2	min_ns	1846.807013	40	1.0000	0	0		
rank_yes	cnt-64	(set)	match-compliance	whole-subject	separate artifact	pcrec_c4c70f2c_auto-caps-simdna	measured	pinned	2	max_ns	1855.349170	40	1.0000	0	0		
rank_yes	cnt-64	(set)	match-compliance	whole-subject	separate artifact	pcrec_c4c70f2c_auto-caps-simdna	measured	pinned	2	stddev_ns	2.955106	40	1.0000	0	0		
rank_yes	cnt-64	(set)	match-compliance	whole-subject	separate artifact	pcrec_c4c70f2c_auto-caps-simdna	measured	pinned	2	ratio_vs_baseline	4.403485	40	1.0000	0	0		
rank_yes	cnt-64	(set)	match-compliance	whole-subject	separate artifact	pcrec_c4c70f2c_auto-caps-simdna	measured	pinned	2	ratio_vs_best	4.403485	40	1.0000	0	0		
rank_yes	cnt-64	(set)	match-compliance	plain	same program	libpcre2_10.46_jit-caps-simdna	measured	pinned	3	median_ns	18573.494714	40	1.0000	0	0		
rank_yes	cnt-64	(set)	match-compliance	plain	same program	libpcre2_10.46_jit-caps-simdna	measured	pinned	3	min_ns	17937.396046	40	1.0000	0	0		
rank_yes	cnt-64	(set)	match-compliance	plain	same program	libpcre2_10.46_jit-caps-simdna	measured	pinned	3	max_ns	18654.244606	40	1.0000	0	0		
rank_yes	cnt-64	(set)	match-compliance	plain	same program	libpcre2_10.46_jit-caps-simdna	measured	pinned	3	stddev_ns	277.721103	40	1.0000	0	0		
rank_yes	cnt-64	(set)	match-compliance	plain	same program	libpcre2_10.46_jit-caps-simdna	measured	pinned	3	ratio_vs_baseline	44.223969	40	1.0000	0	0		
rank_yes	cnt-64	(set)	match-compliance	plain	same program	libpcre2_10.46_jit-caps-simdna	measured	pinned	3	ratio_vs_best	44.223969	40	1.0000	0	0		
baseline_yes	cnt-64	(set)	short-subject-search			pcrec_c4c70f2c_auto-caps-simdna				baseline_identity	row-best-fallback					pcrec_c4c70f2c_auto-caps-simdna (row-best fallback -- interp absent from this group)	
rank_yes	cnt-64	(set)	short-subject-search	plain	same program	pcrec_c4c70f2c_auto-caps-simdna	measured	pinned	1	median_ns	11723.447888	40	1.0000	0	0		
rank_yes	cnt-64	(set)	short-subject-search	plain	same program	pcrec_c4c70f2c_auto-caps-simdna	measured	pinned	1	min_ns	11700.074673	40	1.0000	0	0		
rank_yes	cnt-64	(set)	short-subject-search	plain	same program	pcrec_c4c70f2c_auto-caps-simdna	measured	pinned	1	max_ns	11800.095515	40	1.0000	0	0		
rank_yes	cnt-64	(set)	short-subject-search	plain	same program	pcrec_c4c70f2c_auto-caps-simdna	measured	pinned	1	stddev_ns	35.220179	40	1.0000	0	0		
rank_yes	cnt-64	(set)	short-subject-search	plain	same program	pcrec_c4c70f2c_auto-caps-simdna	measured	pinned	1	ratio_vs_baseline	1.000000	40	1.0000	0	0		
rank_yes	cnt-64	(set)	short-subject-search	plain	same program	pcrec_c4c70f2c_auto-caps-simdna	measured	pinned	1	ratio_vs_best	1.000000	40	1.0000	0	0		
rank_yes	cnt-64	(set)	short-subject-search	plain	same program	pcrec_c4c70f2c_vm-caps-simdna	measured	pinned	2	median_ns	57886.605520	40	1.0000	0	0		
rank_yes	cnt-64	(set)	short-subject-search	plain	same program	pcrec_c4c70f2c_vm-caps-simdna	measured	pinned	2	min_ns	57796.235934	40	1.0000	0	0		
rank_yes	cnt-64	(set)	short-subject-search	plain	same program	pcrec_c4c70f2c_vm-caps-simdna	measured	pinned	2	max_ns	57948.074682	40	1.0000	0	0		
rank_yes	cnt-64	(set)	short-subject-search	plain	same program	pcrec_c4c70f2c_vm-caps-simdna	measured	pinned	2	stddev_ns	54.014089	40	1.0000	0	0		
rank_yes	cnt-64	(set)	short-subject-search	plain	same program	pcrec_c4c70f2c_vm-caps-simdna	measured	pinned	2	ratio_vs_baseline	4.937678	40	1.0000	0	0		
rank_yes	cnt-64	(set)	short-subject-search	plain	same program	pcrec_c4c70f2c_vm-caps-simdna	measured	pinned	2	ratio_vs_best	4.937678	40	1.0000	0	0		
rank_yes	cnt-64	(set)	short-subject-search	plain	same program	libpcre2_10.46_jit-caps-simdna	measured	pinned	3	median_ns	203209.478416	40	1.0000	0	0		
rank_yes	cnt-64	(set)	short-subject-search	plain	same program	libpcre2_10.46_jit-caps-simdna	measured	pinned	3	min_ns	202414.218048	40	1.0000	0	0		
rank_yes	cnt-64	(set)	short-subject-search	plain	same program	libpcre2_10.46_jit-caps-simdna	measured	pinned	3	max_ns	203877.154525	40	1.0000	0	0		
rank_yes	cnt-64	(set)	short-subject-search	plain	same program	libpcre2_10.46_jit-caps-simdna	measured	pinned	3	stddev_ns	532.322557	40	1.0000	0	0		
rank_yes	cnt-64	(set)	short-subject-search	plain	same program	libpcre2_10.46_jit-caps-simdna	measured	pinned	3	ratio_vs_baseline	17.333593	40	1.0000	0	0		
rank_yes	cnt-64	(set)	short-subject-search	plain	same program	libpcre2_10.46_jit-caps-simdna	measured	pinned	3	ratio_vs_best	17.333593	40	1.0000	0	0		
baseline_yes	floor	(set)	large-subject-throughput			pcrec_c4c70f2c_vm-caps-simdna				baseline_identity	row-best-fallback					pcrec_c4c70f2c_vm-caps-simdna (row-best fallback -- interp absent from this group)	
rank_yes	floor	(set)	large-subject-throughput	plain	same program	pcrec_c4c70f2c_vm-caps-simdna	measured	pinned	1	median_ns	15314.581473	4	1.0000	0	0		
rank_yes	floor	(set)	large-subject-throughput	plain	same program	pcrec_c4c70f2c_vm-caps-simdna	measured	pinned	1	min_ns	15310.352112	4	1.0000	0	0		
rank_yes	floor	(set)	large-subject-throughput	plain	same program	pcrec_c4c70f2c_vm-caps-simdna	measured	pinned	1	max_ns	15356.133278	4	1.0000	0	0		
rank_yes	floor	(set)	large-subject-throughput	plain	same program	pcrec_c4c70f2c_vm-caps-simdna	measured	pinned	1	stddev_ns	18.457295	4	1.0000	0	0		
rank_yes	floor	(set)	large-subject-throughput	plain	same program	pcrec_c4c70f2c_vm-caps-simdna	measured	pinned	1	ratio_vs_baseline	1.000000	4	1.0000	0	0		
rank_yes	floor	(set)	large-subject-throughput	plain	same program	pcrec_c4c70f2c_vm-caps-simdna	measured	pinned	1	ratio_vs_best	1.000000	4	1.0000	0	0		
rank_yes	floor	(set)	large-subject-throughput	plain	same program	pcrec_c4c70f2c_auto-caps-simdna	measured	pinned	2	median_ns	15384.768033	4	1.0000	0	0		
rank_yes	floor	(set)	large-subject-throughput	plain	same program	pcrec_c4c70f2c_auto-caps-simdna	measured	pinned	2	min_ns	15368.162252	4	1.0000	0	0		
rank_yes	floor	(set)	large-subject-throughput	plain	same program	pcrec_c4c70f2c_auto-caps-simdna	measured	pinned	2	max_ns	15390.937872	4	1.0000	0	0		
rank_yes	floor	(set)	large-subject-throughput	plain	same program	pcrec_c4c70f2c_auto-caps-simdna	measured	pinned	2	stddev_ns	8.699845	4	1.0000	0	0		
rank_yes	floor	(set)	large-subject-throughput	plain	same program	pcrec_c4c70f2c_auto-caps-simdna	measured	pinned	2	ratio_vs_baseline	1.004583	4	1.0000	0	0		
rank_yes	floor	(set)	large-subject-throughput	plain	same program	pcrec_c4c70f2c_auto-caps-simdna	measured	pinned	2	ratio_vs_best	1.004583	4	1.0000	0	0		
rank_yes	floor	(set)	large-subject-throughput	plain	same program	libpcre2_10.46_jit-caps-simdna	measured	pinned	3	median_ns	34397.120074	4	1.0000	0	0		
rank_yes	floor	(set)	large-subject-throughput	plain	same program	libpcre2_10.46_jit-caps-simdna	measured	pinned	3	min_ns	34328.864457	4	1.0000	0	0		
rank_yes	floor	(set)	large-subject-throughput	plain	same program	libpcre2_10.46_jit-caps-simdna	measured	pinned	3	max_ns	34496.947330	4	1.0000	0	0		
rank_yes	floor	(set)	large-subject-throughput	plain	same program	libpcre2_10.46_jit-caps-simdna	measured	pinned	3	stddev_ns	60.416609	4	1.0000	0	0		
rank_yes	floor	(set)	large-subject-throughput	plain	same program	libpcre2_10.46_jit-caps-simdna	measured	pinned	3	ratio_vs_baseline	2.246037	4	1.0000	0	0		
rank_yes	floor	(set)	large-subject-throughput	plain	same program	libpcre2_10.46_jit-caps-simdna	measured	pinned	3	ratio_vs_best	2.246037	4	1.0000	0	0		
baseline_yes	floor	(set)	match-compliance			pcrec_c4c70f2c_vm-caps-simdna				baseline_identity	row-best-fallback					pcrec_c4c70f2c_vm-caps-simdna (row-best fallback -- interp absent from this group)	
rank_yes	floor	(set)	match-compliance	whole-subject	separate artifact	pcrec_c4c70f2c_vm-caps-simdna	measured	pinned	1	median_ns	261.051376	40	1.0000	0	0		
rank_yes	floor	(set)	match-compliance	whole-subject	separate artifact	pcrec_c4c70f2c_vm-caps-simdna	measured	pinned	1	min_ns	261.034684	40	1.0000	0	0		
rank_yes	floor	(set)	match-compliance	whole-subject	separate artifact	pcrec_c4c70f2c_vm-caps-simdna	measured	pinned	1	max_ns	261.162251	40	1.0000	0	0		
rank_yes	floor	(set)	match-compliance	whole-subject	separate artifact	pcrec_c4c70f2c_vm-caps-simdna	measured	pinned	1	stddev_ns	0.046666	40	1.0000	0	0		
rank_yes	floor	(set)	match-compliance	whole-subject	separate artifact	pcrec_c4c70f2c_vm-caps-simdna	measured	pinned	1	ratio_vs_baseline	1.000000	40	1.0000	0	0		
rank_yes	floor	(set)	match-compliance	whole-subject	separate artifact	pcrec_c4c70f2c_vm-caps-simdna	measured	pinned	1	ratio_vs_best	1.000000	40	1.0000	0	0		
rank_yes	floor	(set)	match-compliance	whole-subject	separate artifact	pcrec_c4c70f2c_auto-caps-simdna	measured	pinned	2	median_ns	432.589941	40	1.0000	0	0		
rank_yes	floor	(set)	match-compliance	whole-subject	separate artifact	pcrec_c4c70f2c_auto-caps-simdna	measured	pinned	2	min_ns	431.908878	40	1.0000	0	0		
rank_yes	floor	(set)	match-compliance	whole-subject	separate artifact	pcrec_c4c70f2c_auto-caps-simdna	measured	pinned	2	max_ns	440.661869	40	1.0000	0	0		
rank_yes	floor	(set)	match-compliance	whole-subject	separate artifact	pcrec_c4c70f2c_auto-caps-simdna	measured	pinned	2	stddev_ns	3.924338	40	1.0000	0	0		
rank_yes	floor	(set)	match-compliance	whole-subject	separate artifact	pcrec_c4c70f2c_auto-caps-simdna	measured	pinned	2	ratio_vs_baseline	1.657107	40	1.0000	0	0		
rank_yes	floor	(set)	match-compliance	whole-subject	separate artifact	pcrec_c4c70f2c_auto-caps-simdna	measured	pinned	2	ratio_vs_best	1.657107	40	1.0000	0	0		
rank_yes	floor	(set)	match-compliance	plain	same program	libpcre2_10.46_jit-caps-simdna	measured	pinned	3	median_ns	2473.496012	40	1.0000	0	0		
rank_yes	floor	(set)	match-compliance	plain	same program	libpcre2_10.46_jit-caps-simdna	measured	pinned	3	min_ns	2456.286864	40	1.0000	0	0		
rank_yes	floor	(set)	match-compliance	plain	same program	libpcre2_10.46_jit-caps-simdna	measured	pinned	3	max_ns	2497.813369	40	1.0000	0	0		
rank_yes	floor	(set)	match-compliance	plain	same program	libpcre2_10.46_jit-caps-simdna	measured	pinned	3	stddev_ns	16.348378	40	1.0000	0	0		
rank_yes	floor	(set)	match-compliance	plain	same program	libpcre2_10.46_jit-caps-simdna	measured	pinned	3	ratio_vs_baseline	9.475131	40	1.0000	0	0		
rank_yes	floor	(set)	match-compliance	plain	same program	libpcre2_10.46_jit-caps-simdna	measured	pinned	3	ratio_vs_best	9.475131	40	1.0000	0	0		
baseline_yes	floor	(set)	short-subject-search			pcrec_c4c70f2c_vm-caps-simdna				baseline_identity	row-best-fallback					pcrec_c4c70f2c_vm-caps-simdna (row-best fallback -- interp absent from this group)	
rank_yes	floor	(set)	short-subject-search	plain	same program	pcrec_c4c70f2c_vm-caps-simdna	measured	pinned	1	median_ns	403.464904	40	1.0000	0	0		
rank_yes	floor	(set)	short-subject-search	plain	same program	pcrec_c4c70f2c_vm-caps-simdna	measured	pinned	1	min_ns	400.197088	40	1.0000	0	0		
rank_yes	floor	(set)	short-subject-search	plain	same program	pcrec_c4c70f2c_vm-caps-simdna	measured	pinned	1	max_ns	403.590843	40	1.0000	0	0		
rank_yes	floor	(set)	short-subject-search	plain	same program	pcrec_c4c70f2c_vm-caps-simdna	measured	pinned	1	stddev_ns	1.330637	40	1.0000	0	0		
rank_yes	floor	(set)	short-subject-search	plain	same program	pcrec_c4c70f2c_vm-caps-simdna	measured	pinned	1	ratio_vs_baseline	1.000000	40	1.0000	0	0		
rank_yes	floor	(set)	short-subject-search	plain	same program	pcrec_c4c70f2c_vm-caps-simdna	measured	pinned	1	ratio_vs_best	1.000000	40	1.0000	0	0		
rank_yes	floor	(set)	short-subject-search	plain	same program	pcrec_c4c70f2c_auto-caps-simdna	measured	pinned	2	median_ns	542.566891	40	1.0000	0	0		
rank_yes	floor	(set)	short-subject-search	plain	same program	pcrec_c4c70f2c_auto-caps-simdna	measured	pinned	2	min_ns	541.830912	40	1.0000	0	0		
rank_yes	floor	(set)	short-subject-search	plain	same program	pcrec_c4c70f2c_auto-caps-simdna	measured	pinned	2	max_ns	546.037782	40	1.0000	0	0		
rank_yes	floor	(set)	short-subject-search	plain	same program	pcrec_c4c70f2c_auto-caps-simdna	measured	pinned	2	stddev_ns	1.637890	40	1.0000	0	0		
rank_yes	floor	(set)	short-subject-search	plain	same program	pcrec_c4c70f2c_auto-caps-simdna	measured	pinned	2	ratio_vs_baseline	1.344768	40	1.0000	0	0		
rank_yes	floor	(set)	short-subject-search	plain	same program	pcrec_c4c70f2c_auto-caps-simdna	measured	pinned	2	ratio_vs_best	1.344768	40	1.0000	0	0		
rank_yes	floor	(set)	short-subject-search	plain	same program	libpcre2_10.46_jit-caps-simdna	measured	pinned	3	median_ns	1761.889485	40	1.0000	0	0		
rank_yes	floor	(set)	short-subject-search	plain	same program	libpcre2_10.46_jit-caps-simdna	measured	pinned	3	min_ns	1645.249655	40	1.0000	0	0		
rank_yes	floor	(set)	short-subject-search	plain	same program	libpcre2_10.46_jit-caps-simdna	measured	pinned	3	max_ns	1851.676775	40	1.0000	0	0		
rank_yes	floor	(set)	short-subject-search	plain	same program	libpcre2_10.46_jit-caps-simdna	measured	pinned	3	stddev_ns	73.477146	40	1.0000	0	0		
rank_yes	floor	(set)	short-subject-search	plain	same program	libpcre2_10.46_jit-caps-simdna	measured	pinned	3	ratio_vs_baseline	4.366897	40	1.0000	0	0		
rank_yes	floor	(set)	short-subject-search	plain	same program	libpcre2_10.46_jit-caps-simdna	measured	pinned	3	ratio_vs_best	4.366897	40	1.0000	0	0		
baseline_yes	nar4-256	(set)	large-subject-throughput			pcrec_c4c70f2c_auto-caps-simdna				baseline_identity	row-best-fallback					pcrec_c4c70f2c_auto-caps-simdna (row-best fallback -- interp absent from this group)	
rank_yes	nar4-256	(set)	large-subject-throughput	plain	same program	pcrec_c4c70f2c_auto-caps-simdna	measured	pinned	1	median_ns	1793636.677966	4	1.0000	0	0		
rank_yes	nar4-256	(set)	large-subject-throughput	plain	same program	pcrec_c4c70f2c_auto-caps-simdna	measured	pinned	1	min_ns	1793209.621469	4	1.0000	0	0		
rank_yes	nar4-256	(set)	large-subject-throughput	plain	same program	pcrec_c4c70f2c_auto-caps-simdna	measured	pinned	1	max_ns	1794877.090395	4	1.0000	0	0		
rank_yes	nar4-256	(set)	large-subject-throughput	plain	same program	pcrec_c4c70f2c_auto-caps-simdna	measured	pinned	1	stddev_ns	655.634093	4	1.0000	0	0		
rank_yes	nar4-256	(set)	large-subject-throughput	plain	same program	pcrec_c4c70f2c_auto-caps-simdna	measured	pinned	1	ratio_vs_baseline	1.000000	4	1.0000	0	0		
rank_yes	nar4-256	(set)	large-subject-throughput	plain	same program	pcrec_c4c70f2c_auto-caps-simdna	measured	pinned	1	ratio_vs_best	1.000000	4	1.0000	0	0		
rank_yes	nar4-256	(set)	large-subject-throughput	plain	same program	pcrec_c4c70f2c_vm-caps-simdna	measured	pinned	2	median_ns	8108277.906977	4	1.0000	0	0		
rank_yes	nar4-256	(set)	large-subject-throughput	plain	same program	pcrec_c4c70f2c_vm-caps-simdna	measured	pinned	2	min_ns	8105927.883721	4	1.0000	0	0		
rank_yes	nar4-256	(set)	large-subject-throughput	plain	same program	pcrec_c4c70f2c_vm-caps-simdna	measured	pinned	2	max_ns	8124402.674419	4	1.0000	0	0		
rank_yes	nar4-256	(set)	large-subject-throughput	plain	same program	pcrec_c4c70f2c_vm-caps-simdna	measured	pinned	2	stddev_ns	6855.727188	4	1.0000	0	0		
rank_yes	nar4-256	(set)	large-subject-throughput	plain	same program	pcrec_c4c70f2c_vm-caps-simdna	measured	pinned	2	ratio_vs_baseline	4.520580	4	1.0000	0	0		
rank_yes	nar4-256	(set)	large-subject-throughput	plain	same program	pcrec_c4c70f2c_vm-caps-simdna	measured	pinned	2	ratio_vs_best	4.520580	4	1.0000	0	0		
rank_yes	nar4-256	(set)	large-subject-throughput	plain	same program	libpcre2_10.46_jit-caps-simdna	measured	pinned	3	median_ns	41037797.777778	4	1.0000	0	0		
rank_yes	nar4-256	(set)	large-subject-throughput	plain	same program	libpcre2_10.46_jit-caps-simdna	measured	pinned	3	min_ns	38312368.888889	4	1.0000	0	0		
rank_yes	nar4-256	(set)	large-subject-throughput	plain	same program	libpcre2_10.46_jit-caps-simdna	measured	pinned	3	max_ns	42221329.333333	4	1.0000	0	0		
rank_yes	nar4-256	(set)	large-subject-throughput	plain	same program	libpcre2_10.46_jit-caps-simdna	measured	pinned	3	stddev_ns	1304183.373946	4	1.0000	0	0		
rank_yes	nar4-256	(set)	large-subject-throughput	plain	same program	libpcre2_10.46_jit-caps-simdna	measured	pinned	3	ratio_vs_baseline	22.879660	4	1.0000	0	0		
rank_yes	nar4-256	(set)	large-subject-throughput	plain	same program	libpcre2_10.46_jit-caps-simdna	measured	pinned	3	ratio_vs_best	22.879660	4	1.0000	0	0		
baseline_yes	nar4-256	(set)	match-compliance			pcrec_c4c70f2c_vm-caps-simdna				baseline_identity	row-best-fallback					pcrec_c4c70f2c_vm-caps-simdna (row-best fallback -- interp absent from this group)	
rank_yes	nar4-256	(set)	match-compliance	whole-subject	separate artifact	pcrec_c4c70f2c_vm-caps-simdna	measured	pinned	1	median_ns	419.190087	40	1.0000	0	0		
rank_yes	nar4-256	(set)	match-compliance	whole-subject	separate artifact	pcrec_c4c70f2c_vm-caps-simdna	measured	pinned	1	min_ns	417.939952	40	1.0000	0	0		
rank_yes	nar4-256	(set)	match-compliance	whole-subject	separate artifact	pcrec_c4c70f2c_vm-caps-simdna	measured	pinned	1	max_ns	421.242101	40	1.0000	0	0		
rank_yes	nar4-256	(set)	match-compliance	whole-subject	separate artifact	pcrec_c4c70f2c_vm-caps-simdna	measured	pinned	1	stddev_ns	1.082886	40	1.0000	0	0		
rank_yes	nar4-256	(set)	match-compliance	whole-subject	separate artifact	pcrec_c4c70f2c_vm-caps-simdna	measured	pinned	1	ratio_vs_baseline	1.000000	40	1.0000	0	0		
rank_yes	nar4-256	(set)	match-compliance	whole-subject	separate artifact	pcrec_c4c70f2c_vm-caps-simdna	measured	pinned	1	ratio_vs_best	1.000000	40	1.0000	0	0		
rank_yes	nar4-256	(set)	match-compliance	whole-subject	separate artifact	pcrec_c4c70f2c_auto-caps-simdna	measured	pinned	2	median_ns	453.245902	40	1.0000	0	0		
rank_yes	nar4-256	(set)	match-compliance	whole-subject	separate artifact	pcrec_c4c70f2c_auto-caps-simdna	measured	pinned	2	min_ns	451.552779	40	1.0000	0	0		
rank_yes	nar4-256	(set)	match-compliance	whole-subject	separate artifact	pcrec_c4c70f2c_auto-caps-simdna	measured	pinned	2	max_ns	461.626505	40	1.0000	0	0		
rank_yes	nar4-256	(set)	match-compliance	whole-subject	separate artifact	pcrec_c4c70f2c_auto-caps-simdna	measured	pinned	2	stddev_ns	4.417973	40	1.0000	0	0		
rank_yes	nar4-256	(set)	match-compliance	whole-subject	separate artifact	pcrec_c4c70f2c_auto-caps-simdna	measured	pinned	2	ratio_vs_baseline	1.081242	40	1.0000	0	0		
rank_yes	nar4-256	(set)	match-compliance	whole-subject	separate artifact	pcrec_c4c70f2c_auto-caps-simdna	measured	pinned	2	ratio_vs_best	1.081242	40	1.0000	0	0		
rank_yes	nar4-256	(set)	match-compliance	plain	same program	libpcre2_10.46_jit-caps-simdna	measured	pinned	3	median_ns	1893.107210	40	1.0000	0	0		
rank_yes	nar4-256	(set)	match-compliance	plain	same program	libpcre2_10.46_jit-caps-simdna	measured	pinned	3	min_ns	1890.961640	40	1.0000	0	0		
rank_yes	nar4-256	(set)	match-compliance	plain	same program	libpcre2_10.46_jit-caps-simdna	measured	pinned	3	max_ns	2024.777811	40	1.0000	0	0		
rank_yes	nar4-256	(set)	match-compliance	plain	same program	libpcre2_10.46_jit-caps-simdna	measured	pinned	3	stddev_ns	52.983709	40	1.0000	0	0		
rank_yes	nar4-256	(set)	match-compliance	plain	same program	libpcre2_10.46_jit-caps-simdna	measured	pinned	3	ratio_vs_baseline	4.516107	40	1.0000	0	0		
rank_yes	nar4-256	(set)	match-compliance	plain	same program	libpcre2_10.46_jit-caps-simdna	measured	pinned	3	ratio_vs_best	4.516107	40	1.0000	0	0		
baseline_yes	nar4-256	(set)	short-subject-search			pcrec_c4c70f2c_auto-caps-simdna				baseline_identity	row-best-fallback					pcrec_c4c70f2c_auto-caps-simdna (row-best fallback -- interp absent from this group)	
rank_yes	nar4-256	(set)	short-subject-search	plain	same program	pcrec_c4c70f2c_auto-caps-simdna	measured	pinned	1	median_ns	4364.197763	40	1.0000	0	0		
rank_yes	nar4-256	(set)	short-subject-search	plain	same program	pcrec_c4c70f2c_auto-caps-simdna	measured	pinned	1	min_ns	4342.829016	40	1.0000	0	0		
rank_yes	nar4-256	(set)	short-subject-search	plain	same program	pcrec_c4c70f2c_auto-caps-simdna	measured	pinned	1	max_ns	4392.264240	40	1.0000	0	0		
rank_yes	nar4-256	(set)	short-subject-search	plain	same program	pcrec_c4c70f2c_auto-caps-simdna	measured	pinned	1	stddev_ns	15.721844	40	1.0000	0	0		
rank_yes	nar4-256	(set)	short-subject-search	plain	same program	pcrec_c4c70f2c_auto-caps-simdna	measured	pinned	1	ratio_vs_baseline	1.000000	40	1.0000	0	0		
rank_yes	nar4-256	(set)	short-subject-search	plain	same program	pcrec_c4c70f2c_auto-caps-simdna	measured	pinned	1	ratio_vs_best	1.000000	40	1.0000	0	0		
rank_yes	nar4-256	(set)	short-subject-search	plain	same program	pcrec_c4c70f2c_vm-caps-simdna	measured	pinned	2	median_ns	26215.364827	40	1.0000	0	0		
rank_yes	nar4-256	(set)	short-subject-search	plain	same program	pcrec_c4c70f2c_vm-caps-simdna	measured	pinned	2	min_ns	26180.101423	40	1.0000	0	0		
rank_yes	nar4-256	(set)	short-subject-search	plain	same program	pcrec_c4c70f2c_vm-caps-simdna	measured	pinned	2	max_ns	26238.879341	40	1.0000	0	0		
rank_yes	nar4-256	(set)	short-subject-search	plain	same program	pcrec_c4c70f2c_vm-caps-simdna	measured	pinned	2	stddev_ns	22.429066	40	1.0000	0	0		
rank_yes	nar4-256	(set)	short-subject-search	plain	same program	pcrec_c4c70f2c_vm-caps-simdna	measured	pinned	2	ratio_vs_baseline	6.006915	40	1.0000	0	0		
rank_yes	nar4-256	(set)	short-subject-search	plain	same program	pcrec_c4c70f2c_vm-caps-simdna	measured	pinned	2	ratio_vs_best	6.006915	40	1.0000	0	0		
rank_yes	nar4-256	(set)	short-subject-search	plain	same program	libpcre2_10.46_jit-caps-simdna	measured	pinned	3	median_ns	187551.073518	40	1.0000	0	0		
rank_yes	nar4-256	(set)	short-subject-search	plain	same program	libpcre2_10.46_jit-caps-simdna	measured	pinned	3	min_ns	181799.253287	40	1.0000	0	0		
rank_yes	nar4-256	(set)	short-subject-search	plain	same program	libpcre2_10.46_jit-caps-simdna	measured	pinned	3	max_ns	197393.402871	40	1.0000	0	0		
rank_yes	nar4-256	(set)	short-subject-search	plain	same program	libpcre2_10.46_jit-caps-simdna	measured	pinned	3	stddev_ns	5585.350524	40	1.0000	0	0		
rank_yes	nar4-256	(set)	short-subject-search	plain	same program	libpcre2_10.46_jit-caps-simdna	measured	pinned	3	ratio_vs_baseline	42.974925	40	1.0000	0	0		
rank_yes	nar4-256	(set)	short-subject-search	plain	same program	libpcre2_10.46_jit-caps-simdna	measured	pinned	3	ratio_vs_best	42.974925	40	1.0000	0	0		
baseline_yes	nar4-512	(set)	large-subject-throughput			pcrec_c4c70f2c_auto-caps-simdna				baseline_identity	row-best-fallback					pcrec_c4c70f2c_auto-caps-simdna (row-best fallback -- interp absent from this group)	
rank_yes	nar4-512	(set)	large-subject-throughput	plain	same program	pcrec_c4c70f2c_auto-caps-simdna	measured	pinned	1	median_ns	2034368.288462	4	1.0000	0	0		
rank_yes	nar4-512	(set)	large-subject-throughput	plain	same program	pcrec_c4c70f2c_auto-caps-simdna	measured	pinned	1	min_ns	2026935.993590	4	1.0000	0	0		
rank_yes	nar4-512	(set)	large-subject-throughput	plain	same program	pcrec_c4c70f2c_auto-caps-simdna	measured	pinned	1	max_ns	2042096.076923	4	1.0000	0	0		
rank_yes	nar4-512	(set)	large-subject-throughput	plain	same program	pcrec_c4c70f2c_auto-caps-simdna	measured	pinned	1	stddev_ns	5492.700416	4	1.0000	0	0		
rank_yes	nar4-512	(set)	large-subject-throughput	plain	same program	pcrec_c4c70f2c_auto-caps-simdna	measured	pinned	1	ratio_vs_baseline	1.000000	4	1.0000	0	0		
rank_yes	nar4-512	(set)	large-subject-throughput	plain	same program	pcrec_c4c70f2c_auto-caps-simdna	measured	pinned	1	ratio_vs_best	1.000000	4	1.0000	0	0		
rank_yes	nar4-512	(set)	large-subject-throughput	plain	same program	pcrec_c4c70f2c_vm-caps-simdna	measured	pinned	2	median_ns	8876891.717949	4	1.0000	0	0		
rank_yes	nar4-512	(set)	large-subject-throughput	plain	same program	pcrec_c4c70f2c_vm-caps-simdna	measured	pinned	2	min_ns	8856262.333333	4	1.0000	0	0		
rank_yes	nar4-512	(set)	large-subject-throughput	plain	same program	pcrec_c4c70f2c_vm-caps-simdna	measured	pinned	2	max_ns	8905216.717949	4	1.0000	0	0		
rank_yes	nar4-512	(set)	large-subject-throughput	plain	same program	pcrec_c4c70f2c_vm-caps-simdna	measured	pinned	2	stddev_ns	16858.735688	4	1.0000	0	0		
rank_yes	nar4-512	(set)	large-subject-throughput	plain	same program	pcrec_c4c70f2c_vm-caps-simdna	measured	pinned	2	ratio_vs_baseline	4.363463	4	1.0000	0	0		
rank_yes	nar4-512	(set)	large-subject-throughput	plain	same program	pcrec_c4c70f2c_vm-caps-simdna	measured	pinned	2	ratio_vs_best	4.363463	4	1.0000	0	0		
rank_yes	nar4-512	(set)	large-subject-throughput	plain	same program	libpcre2_10.46_jit-caps-simdna	measured	pinned	3	median_ns	92914250.250000	4	1.0000	0	0		
rank_yes	nar4-512	(set)	large-subject-throughput	plain	same program	libpcre2_10.46_jit-caps-simdna	measured	pinned	3	min_ns	92332150.250000	4	1.0000	0	0		
rank_yes	nar4-512	(set)	large-subject-throughput	plain	same program	libpcre2_10.46_jit-caps-simdna	measured	pinned	3	max_ns	126732820.500000	4	1.0000	0	0		
rank_yes	nar4-512	(set)	large-subject-throughput	plain	same program	libpcre2_10.46_jit-caps-simdna	measured	pinned	3	stddev_ns	13618747.968076	4	1.0000	0	0		
rank_yes	nar4-512	(set)	large-subject-throughput	plain	same program	libpcre2_10.46_jit-caps-simdna	measured	pinned	3	ratio_vs_baseline	45.672286	4	1.0000	0	0		
rank_yes	nar4-512	(set)	large-subject-throughput	plain	same program	libpcre2_10.46_jit-caps-simdna	measured	pinned	3	ratio_vs_best	45.672286	4	1.0000	0	0		
baseline_yes	nar4-512	(set)	match-compliance			pcrec_c4c70f2c_vm-caps-simdna				baseline_identity	row-best-fallback					pcrec_c4c70f2c_vm-caps-simdna (row-best fallback -- interp absent from this group)	
rank_yes	nar4-512	(set)	match-compliance	whole-subject	separate artifact	pcrec_c4c70f2c_vm-caps-simdna	measured	pinned	1	median_ns	336.499609	40	1.0000	0	0		
rank_yes	nar4-512	(set)	match-compliance	whole-subject	separate artifact	pcrec_c4c70f2c_vm-caps-simdna	measured	pinned	1	min_ns	335.903800	40	1.0000	0	0		
rank_yes	nar4-512	(set)	match-compliance	whole-subject	separate artifact	pcrec_c4c70f2c_vm-caps-simdna	measured	pinned	1	max_ns	336.734572	40	1.0000	0	0		
rank_yes	nar4-512	(set)	match-compliance	whole-subject	separate artifact	pcrec_c4c70f2c_vm-caps-simdna	measured	pinned	1	stddev_ns	0.281757	40	1.0000	0	0		
rank_yes	nar4-512	(set)	match-compliance	whole-subject	separate artifact	pcrec_c4c70f2c_vm-caps-simdna	measured	pinned	1	ratio_vs_baseline	1.000000	40	1.0000	0	0		
rank_yes	nar4-512	(set)	match-compliance	whole-subject	separate artifact	pcrec_c4c70f2c_vm-caps-simdna	measured	pinned	1	ratio_vs_best	1.000000	40	1.0000	0	0		
rank_yes	nar4-512	(set)	match-compliance	whole-subject	separate artifact	pcrec_c4c70f2c_auto-caps-simdna	measured	pinned	2	median_ns	840.061903	40	1.0000	0	0		
rank_yes	nar4-512	(set)	match-compliance	whole-subject	separate artifact	pcrec_c4c70f2c_auto-caps-simdna	measured	pinned	2	min_ns	837.223397	40	1.0000	0	0		
rank_yes	nar4-512	(set)	match-compliance	whole-subject	separate artifact	pcrec_c4c70f2c_auto-caps-simdna	measured	pinned	2	max_ns	841.726916	40	1.0000	0	0		
rank_yes	nar4-512	(set)	match-compliance	whole-subject	separate artifact	pcrec_c4c70f2c_auto-caps-simdna	measured	pinned	2	stddev_ns	1.454743	40	1.0000	0	0		
rank_yes	nar4-512	(set)	match-compliance	whole-subject	separate artifact	pcrec_c4c70f2c_auto-caps-simdna	measured	pinned	2	ratio_vs_baseline	2.496472	40	1.0000	0	0		
rank_yes	nar4-512	(set)	match-compliance	whole-subject	separate artifact	pcrec_c4c70f2c_auto-caps-simdna	measured	pinned	2	ratio_vs_best	2.496472	40	1.0000	0	0		
rank_yes	nar4-512	(set)	match-compliance	plain	same program	libpcre2_10.46_jit-caps-simdna	measured	pinned	3	median_ns	2428.210756	40	1.0000	0	0		
rank_yes	nar4-512	(set)	match-compliance	plain	same program	libpcre2_10.46_jit-caps-simdna	measured	pinned	3	min_ns	2425.490608	40	1.0000	0	0		
rank_yes	nar4-512	(set)	match-compliance	plain	same program	libpcre2_10.46_jit-caps-simdna	measured	pinned	3	max_ns	2431.512287	40	1.0000	0	0		
rank_yes	nar4-512	(set)	match-compliance	plain	same program	libpcre2_10.46_jit-caps-simdna	measured	pinned	3	stddev_ns	2.092963	40	1.0000	0	0		
rank_yes	nar4-512	(set)	match-compliance	plain	same program	libpcre2_10.46_jit-caps-simdna	measured	pinned	3	ratio_vs_baseline	7.216088	40	1.0000	0	0		
rank_yes	nar4-512	(set)	match-compliance	plain	same program	libpcre2_10.46_jit-caps-simdna	measured	pinned	3	ratio_vs_best	7.216088	40	1.0000	0	0		
baseline_yes	nar4-512	(set)	short-subject-search			pcrec_c4c70f2c_auto-caps-simdna				baseline_identity	row-best-fallback					pcrec_c4c70f2c_auto-caps-simdna (row-best fallback -- interp absent from this group)	
rank_yes	nar4-512	(set)	short-subject-search	plain	same program	pcrec_c4c70f2c_auto-caps-simdna	measured	pinned	1	median_ns	5724.776976	40	1.0000	0	0		
rank_yes	nar4-512	(set)	short-subject-search	plain	same program	pcrec_c4c70f2c_auto-caps-simdna	measured	pinned	1	min_ns	5718.154009	40	1.0000	0	0		
rank_yes	nar4-512	(set)	short-subject-search	plain	same program	pcrec_c4c70f2c_auto-caps-simdna	measured	pinned	1	max_ns	5734.204953	40	1.0000	0	0		
rank_yes	nar4-512	(set)	short-subject-search	plain	same program	pcrec_c4c70f2c_auto-caps-simdna	measured	pinned	1	stddev_ns	5.143915	40	1.0000	0	0		
rank_yes	nar4-512	(set)	short-subject-search	plain	same program	pcrec_c4c70f2c_auto-caps-simdna	measured	pinned	1	ratio_vs_baseline	1.000000	40	1.0000	0	0		
rank_yes	nar4-512	(set)	short-subject-search	plain	same program	pcrec_c4c70f2c_auto-caps-simdna	measured	pinned	1	ratio_vs_best	1.000000	40	1.0000	0	0		
rank_yes	nar4-512	(set)	short-subject-search	plain	same program	pcrec_c4c70f2c_vm-caps-simdna	measured	pinned	2	median_ns	26112.451394	40	1.0000	0	0		
rank_yes	nar4-512	(set)	short-subject-search	plain	same program	pcrec_c4c70f2c_vm-caps-simdna	measured	pinned	2	min_ns	25669.939623	40	1.0000	0	0		
rank_yes	nar4-512	(set)	short-subject-search	plain	same program	pcrec_c4c70f2c_vm-caps-simdna	measured	pinned	2	max_ns	27013.331139	40	1.0000	0	0		
rank_yes	nar4-512	(set)	short-subject-search	plain	same program	pcrec_c4c70f2c_vm-caps-simdna	measured	pinned	2	stddev_ns	526.850870	40	1.0000	0	0		
rank_yes	nar4-512	(set)	short-subject-search	plain	same program	pcrec_c4c70f2c_vm-caps-simdna	measured	pinned	2	ratio_vs_baseline	4.561305	40	1.0000	0	0		
rank_yes	nar4-512	(set)	short-subject-search	plain	same program	pcrec_c4c70f2c_vm-caps-simdna	measured	pinned	2	ratio_vs_best	4.561305	40	1.0000	0	0		
rank_yes	nar4-512	(set)	short-subject-search	plain	same program	libpcre2_10.46_jit-caps-simdna	measured	pinned	3	median_ns	439439.581136	40	1.0000	0	0		
rank_yes	nar4-512	(set)	short-subject-search	plain	same program	libpcre2_10.46_jit-caps-simdna	measured	pinned	3	min_ns	438220.563140	40	1.0000	0	0		
rank_yes	nar4-512	(set)	short-subject-search	plain	same program	libpcre2_10.46_jit-caps-simdna	measured	pinned	3	max_ns	440396.152653	40	1.0000	0	0		
rank_yes	nar4-512	(set)	short-subject-search	plain	same program	libpcre2_10.46_jit-caps-simdna	measured	pinned	3	stddev_ns	697.604769	40	1.0000	0	0		
rank_yes	nar4-512	(set)	short-subject-search	plain	same program	libpcre2_10.46_jit-caps-simdna	measured	pinned	3	ratio_vs_baseline	76.760996	40	1.0000	0	0		
rank_yes	nar4-512	(set)	short-subject-search	plain	same program	libpcre2_10.46_jit-caps-simdna	measured	pinned	3	ratio_vs_best	76.760996	40	1.0000	0	0		
baseline_yes	nar4-64	(set)	large-subject-throughput			pcrec_c4c70f2c_auto-caps-simdna				baseline_identity	row-best-fallback					pcrec_c4c70f2c_auto-caps-simdna (row-best fallback -- interp absent from this group)	
rank_yes	nar4-64	(set)	large-subject-throughput	plain	same program	pcrec_c4c70f2c_auto-caps-simdna	measured	pinned	1	median_ns	1910195.150289	4	1.0000	0	0		
rank_yes	nar4-64	(set)	large-subject-throughput	plain	same program	pcrec_c4c70f2c_auto-caps-simdna	measured	pinned	1	min_ns	1908071.150289	4	1.0000	0	0		
rank_yes	nar4-64	(set)	large-subject-throughput	plain	same program	pcrec_c4c70f2c_auto-caps-simdna	measured	pinned	1	max_ns	1932179.994220	4	1.0000	0	0		
rank_yes	nar4-64	(set)	large-subject-throughput	plain	same program	pcrec_c4c70f2c_auto-caps-simdna	measured	pinned	1	stddev_ns	8979.905979	4	1.0000	0	0		
rank_yes	nar4-64	(set)	large-subject-throughput	plain	same program	pcrec_c4c70f2c_auto-caps-simdna	measured	pinned	1	ratio_vs_baseline	1.000000	4	1.0000	0	0		
rank_yes	nar4-64	(set)	large-subject-throughput	plain	same program	pcrec_c4c70f2c_auto-caps-simdna	measured	pinned	1	ratio_vs_best	1.000000	4	1.0000	0	0		
rank_yes	nar4-64	(set)	large-subject-throughput	plain	same program	libpcre2_10.46_jit-caps-simdna	measured	pinned	2	median_ns	7635112.555556	4	1.0000	0	0		
rank_yes	nar4-64	(set)	large-subject-throughput	plain	same program	libpcre2_10.46_jit-caps-simdna	measured	pinned	2	min_ns	7123771.155556	4	1.0000	0	0		
rank_yes	nar4-64	(set)	large-subject-throughput	plain	same program	libpcre2_10.46_jit-caps-simdna	measured	pinned	2	max_ns	7771037.755556	4	1.0000	0	0		
rank_yes	nar4-64	(set)	large-subject-throughput	plain	same program	libpcre2_10.46_jit-caps-simdna	measured	pinned	2	stddev_ns	231270.084210	4	1.0000	0	0		
rank_yes	nar4-64	(set)	large-subject-throughput	plain	same program	libpcre2_10.46_jit-caps-simdna	measured	pinned	2	ratio_vs_baseline	3.997033	4	1.0000	0	0		
rank_yes	nar4-64	(set)	large-subject-throughput	plain	same program	libpcre2_10.46_jit-caps-simdna	measured	pinned	2	ratio_vs_best	3.997033	4	1.0000	0	0		
rank_yes	nar4-64	(set)	large-subject-throughput	plain	same program	pcrec_c4c70f2c_vm-caps-simdna	measured	pinned	3	median_ns	8343665.928571	4	1.0000	0	0		
rank_yes	nar4-64	(set)	large-subject-throughput	plain	same program	pcrec_c4c70f2c_vm-caps-simdna	measured	pinned	3	min_ns	8251419.214286	4	1.0000	0	0		
rank_yes	nar4-64	(set)	large-subject-throughput	plain	same program	pcrec_c4c70f2c_vm-caps-simdna	measured	pinned	3	max_ns	8375375.833333	4	1.0000	0	0		
rank_yes	nar4-64	(set)	large-subject-throughput	plain	same program	pcrec_c4c70f2c_vm-caps-simdna	measured	pinned	3	stddev_ns	42072.300115	4	1.0000	0	0		
rank_yes	nar4-64	(set)	large-subject-throughput	plain	same program	pcrec_c4c70f2c_vm-caps-simdna	measured	pinned	3	ratio_vs_baseline	4.367965	4	1.0000	0	0		
rank_yes	nar4-64	(set)	large-subject-throughput	plain	same program	pcrec_c4c70f2c_vm-caps-simdna	measured	pinned	3	ratio_vs_best	4.367965	4	1.0000	0	0		
baseline_yes	nar4-64	(set)	match-compliance			pcrec_c4c70f2c_vm-caps-simdna				baseline_identity	row-best-fallback					pcrec_c4c70f2c_vm-caps-simdna (row-best fallback -- interp absent from this group)	
rank_yes	nar4-64	(set)	match-compliance	whole-subject	separate artifact	pcrec_c4c70f2c_vm-caps-simdna	measured	pinned	1	median_ns	355.545875	40	1.0000	0	0		
rank_yes	nar4-64	(set)	match-compliance	whole-subject	separate artifact	pcrec_c4c70f2c_vm-caps-simdna	measured	pinned	1	min_ns	354.509706	40	1.0000	0	0		
rank_yes	nar4-64	(set)	match-compliance	whole-subject	separate artifact	pcrec_c4c70f2c_vm-caps-simdna	measured	pinned	1	max_ns	355.804144	40	1.0000	0	0		
rank_yes	nar4-64	(set)	match-compliance	whole-subject	separate artifact	pcrec_c4c70f2c_vm-caps-simdna	measured	pinned	1	stddev_ns	0.464314	40	1.0000	0	0		
rank_yes	nar4-64	(set)	match-compliance	whole-subject	separate artifact	pcrec_c4c70f2c_vm-caps-simdna	measured	pinned	1	ratio_vs_baseline	1.000000	40	1.0000	0	0		
rank_yes	nar4-64	(set)	match-compliance	whole-subject	separate artifact	pcrec_c4c70f2c_vm-caps-simdna	measured	pinned	1	ratio_vs_best	1.000000	40	1.0000	0	0		
rank_yes	nar4-64	(set)	match-compliance	whole-subject	separate artifact	pcrec_c4c70f2c_auto-caps-simdna	measured	pinned	2	median_ns	457.348207	40	1.0000	0	0		
rank_yes	nar4-64	(set)	match-compliance	whole-subject	separate artifact	pcrec_c4c70f2c_auto-caps-simdna	measured	pinned	2	min_ns	450.760039	40	1.0000	0	0		
rank_yes	nar4-64	(set)	match-compliance	whole-subject	separate artifact	pcrec_c4c70f2c_auto-caps-simdna	measured	pinned	2	max_ns	470.874849	40	1.0000	0	0		
rank_yes	nar4-64	(set)	match-compliance	whole-subject	separate artifact	pcrec_c4c70f2c_auto-caps-simdna	measured	pinned	2	stddev_ns	6.852275	40	1.0000	0	0		
rank_yes	nar4-64	(set)	match-compliance	whole-subject	separate artifact	pcrec_c4c70f2c_auto-caps-simdna	measured	pinned	2	ratio_vs_baseline	1.286327	40	1.0000	0	0		
rank_yes	nar4-64	(set)	match-compliance	whole-subject	separate artifact	pcrec_c4c70f2c_auto-caps-simdna	measured	pinned	2	ratio_vs_best	1.286327	40	1.0000	0	0		
rank_yes	nar4-64	(set)	match-compliance	plain	same program	libpcre2_10.46_jit-caps-simdna	measured	pinned	3	median_ns	1481.903847	40	1.0000	0	0		
rank_yes	nar4-64	(set)	match-compliance	plain	same program	libpcre2_10.46_jit-caps-simdna	measured	pinned	3	min_ns	1480.450642	40	1.0000	0	0		
rank_yes	nar4-64	(set)	match-compliance	plain	same program	libpcre2_10.46_jit-caps-simdna	measured	pinned	3	max_ns	1485.485283	40	1.0000	0	0		
rank_yes	nar4-64	(set)	match-compliance	plain	same program	libpcre2_10.46_jit-caps-simdna	measured	pinned	3	stddev_ns	1.725948	40	1.0000	0	0		
rank_yes	nar4-64	(set)	match-compliance	plain	same program	libpcre2_10.46_jit-caps-simdna	measured	pinned	3	ratio_vs_baseline	4.167968	40	1.0000	0	0		
rank_yes	nar4-64	(set)	match-compliance	plain	same program	libpcre2_10.46_jit-caps-simdna	measured	pinned	3	ratio_vs_best	4.167968	40	1.0000	0	0		
baseline_yes	nar4-64	(set)	short-subject-search			pcrec_c4c70f2c_auto-caps-simdna				baseline_identity	row-best-fallback					pcrec_c4c70f2c_auto-caps-simdna (row-best fallback -- interp absent from this group)	
rank_yes	nar4-64	(set)	short-subject-search	plain	same program	pcrec_c4c70f2c_auto-caps-simdna	measured	pinned	1	median_ns	4510.432019	40	1.0000	0	0		
rank_yes	nar4-64	(set)	short-subject-search	plain	same program	pcrec_c4c70f2c_auto-caps-simdna	measured	pinned	1	min_ns	4502.708131	40	1.0000	0	0		
rank_yes	nar4-64	(set)	short-subject-search	plain	same program	pcrec_c4c70f2c_auto-caps-simdna	measured	pinned	1	max_ns	4525.578621	40	1.0000	0	0		
rank_yes	nar4-64	(set)	short-subject-search	plain	same program	pcrec_c4c70f2c_auto-caps-simdna	measured	pinned	1	stddev_ns	7.668781	40	1.0000	0	0		
rank_yes	nar4-64	(set)	short-subject-search	plain	same program	pcrec_c4c70f2c_auto-caps-simdna	measured	pinned	1	ratio_vs_baseline	1.000000	40	1.0000	0	0		
rank_yes	nar4-64	(set)	short-subject-search	plain	same program	pcrec_c4c70f2c_auto-caps-simdna	measured	pinned	1	ratio_vs_best	1.000000	40	1.0000	0	0		
rank_yes	nar4-64	(set)	short-subject-search	plain	same program	pcrec_c4c70f2c_vm-caps-simdna	measured	pinned	2	median_ns	24513.039783	40	1.0000	0	0		
rank_yes	nar4-64	(set)	short-subject-search	plain	same program	pcrec_c4c70f2c_vm-caps-simdna	measured	pinned	2	min_ns	24415.272903	40	1.0000	0	0		
rank_yes	nar4-64	(set)	short-subject-search	plain	same program	pcrec_c4c70f2c_vm-caps-simdna	measured	pinned	2	max_ns	25452.763114	40	1.0000	0	0		
rank_yes	nar4-64	(set)	short-subject-search	plain	same program	pcrec_c4c70f2c_vm-caps-simdna	measured	pinned	2	stddev_ns	382.082783	40	1.0000	0	0		
rank_yes	nar4-64	(set)	short-subject-search	plain	same program	pcrec_c4c70f2c_vm-caps-simdna	measured	pinned	2	ratio_vs_baseline	5.434743	40	1.0000	0	0		
rank_yes	nar4-64	(set)	short-subject-search	plain	same program	pcrec_c4c70f2c_vm-caps-simdna	measured	pinned	2	ratio_vs_best	5.434743	40	1.0000	0	0		
rank_yes	nar4-64	(set)	short-subject-search	plain	same program	libpcre2_10.46_jit-caps-simdna	measured	pinned	3	median_ns	37767.020715	40	1.0000	0	0		
rank_yes	nar4-64	(set)	short-subject-search	plain	same program	libpcre2_10.46_jit-caps-simdna	measured	pinned	3	min_ns	37515.321816	40	1.0000	0	0		
rank_yes	nar4-64	(set)	short-subject-search	plain	same program	libpcre2_10.46_jit-caps-simdna	measured	pinned	3	max_ns	38263.569009	40	1.0000	0	0		
rank_yes	nar4-64	(set)	short-subject-search	plain	same program	libpcre2_10.46_jit-caps-simdna	measured	pinned	3	stddev_ns	310.741134	40	1.0000	0	0		
rank_yes	nar4-64	(set)	short-subject-search	plain	same program	libpcre2_10.46_jit-caps-simdna	measured	pinned	3	ratio_vs_baseline	8.373260	40	1.0000	0	0		
rank_yes	nar4-64	(set)	short-subject-search	plain	same program	libpcre2_10.46_jit-caps-simdna	measured	pinned	3	ratio_vs_best	8.373260	40	1.0000	0	0		
baseline_yes	pfx3-256	(set)	large-subject-throughput			pcrec_c4c70f2c_auto-caps-simdna				baseline_identity	row-best-fallback					pcrec_c4c70f2c_auto-caps-simdna (row-best fallback -- interp absent from this group)	
rank_yes	pfx3-256	(set)	large-subject-throughput	plain	same program	pcrec_c4c70f2c_auto-caps-simdna	measured	pinned	1	median_ns	306618.198661	4	1.0000	0	0		
rank_yes	pfx3-256	(set)	large-subject-throughput	plain	same program	pcrec_c4c70f2c_auto-caps-simdna	measured	pinned	1	min_ns	306155.418527	4	1.0000	0	0		
rank_yes	pfx3-256	(set)	large-subject-throughput	plain	same program	pcrec_c4c70f2c_auto-caps-simdna	measured	pinned	1	max_ns	306750.199777	4	1.0000	0	0		
rank_yes	pfx3-256	(set)	large-subject-throughput	plain	same program	pcrec_c4c70f2c_auto-caps-simdna	measured	pinned	1	stddev_ns	211.923915	4	1.0000	0	0		
rank_yes	pfx3-256	(set)	large-subject-throughput	plain	same program	pcrec_c4c70f2c_auto-caps-simdna	measured	pinned	1	ratio_vs_baseline	1.000000	4	1.0000	0	0		
rank_yes	pfx3-256	(set)	large-subject-throughput	plain	same program	pcrec_c4c70f2c_auto-caps-simdna	measured	pinned	1	ratio_vs_best	1.000000	4	1.0000	0	0		
rank_yes	pfx3-256	(set)	large-subject-throughput	plain	same program	libpcre2_10.46_jit-caps-simdna	measured	pinned	2	median_ns	366444.861689	4	1.0000	0	0		
rank_yes	pfx3-256	(set)	large-subject-throughput	plain	same program	libpcre2_10.46_jit-caps-simdna	measured	pinned	2	min_ns	364233.809058	4	1.0000	0	0		
rank_yes	pfx3-256	(set)	large-subject-throughput	plain	same program	libpcre2_10.46_jit-caps-simdna	measured	pinned	2	max_ns	379254.807834	4	1.0000	0	0		
rank_yes	pfx3-256	(set)	large-subject-throughput	plain	same program	libpcre2_10.46_jit-caps-simdna	measured	pinned	2	stddev_ns	6281.946182	4	1.0000	0	0		
rank_yes	pfx3-256	(set)	large-subject-throughput	plain	same program	libpcre2_10.46_jit-caps-simdna	measured	pinned	2	ratio_vs_baseline	1.195118	4	1.0000	0	0		
rank_yes	pfx3-256	(set)	large-subject-throughput	plain	same program	libpcre2_10.46_jit-caps-simdna	measured	pinned	2	ratio_vs_best	1.195118	4	1.0000	0	0		
rank_yes	pfx3-256	(set)	large-subject-throughput	plain	same program	pcrec_c4c70f2c_vm-caps-simdna	measured	pinned	3	median_ns	2030090.922078	4	1.0000	0	0		
rank_yes	pfx3-256	(set)	large-subject-throughput	plain	same program	pcrec_c4c70f2c_vm-caps-simdna	measured	pinned	3	min_ns	2029390.831169	4	1.0000	0	0		
rank_yes	pfx3-256	(set)	large-subject-throughput	plain	same program	pcrec_c4c70f2c_vm-caps-simdna	measured	pinned	3	max_ns	2030864.941558	4	1.0000	0	0		
rank_yes	pfx3-256	(set)	large-subject-throughput	plain	same program	pcrec_c4c70f2c_vm-caps-simdna	measured	pinned	3	stddev_ns	552.905879	4	1.0000	0	0		
rank_yes	pfx3-256	(set)	large-subject-throughput	plain	same program	pcrec_c4c70f2c_vm-caps-simdna	measured	pinned	3	ratio_vs_baseline	6.620908	4	1.0000	0	0		
rank_yes	pfx3-256	(set)	large-subject-throughput	plain	same program	pcrec_c4c70f2c_vm-caps-simdna	measured	pinned	3	ratio_vs_best	6.620908	4	1.0000	0	0		
baseline_yes	pfx3-256	(set)	match-compliance			pcrec_c4c70f2c_vm-caps-simdna				baseline_identity	row-best-fallback					pcrec_c4c70f2c_vm-caps-simdna (row-best fallback -- interp absent from this group)	
rank_yes	pfx3-256	(set)	match-compliance	whole-subject	separate artifact	pcrec_c4c70f2c_vm-caps-simdna	measured	pinned	1	median_ns	336.916557	40	1.0000	0	0		
rank_yes	pfx3-256	(set)	match-compliance	whole-subject	separate artifact	pcrec_c4c70f2c_vm-caps-simdna	measured	pinned	1	min_ns	336.738546	40	1.0000	0	0		
rank_yes	pfx3-256	(set)	match-compliance	whole-subject	separate artifact	pcrec_c4c70f2c_vm-caps-simdna	measured	pinned	1	max_ns	348.127545	40	1.0000	0	0		
rank_yes	pfx3-256	(set)	match-compliance	whole-subject	separate artifact	pcrec_c4c70f2c_vm-caps-simdna	measured	pinned	1	stddev_ns	4.500570	40	1.0000	0	0		
rank_yes	pfx3-256	(set)	match-compliance	whole-subject	separate artifact	pcrec_c4c70f2c_vm-caps-simdna	measured	pinned	1	ratio_vs_baseline	1.000000	40	1.0000	0	0		
rank_yes	pfx3-256	(set)	match-compliance	whole-subject	separate artifact	pcrec_c4c70f2c_vm-caps-simdna	measured	pinned	1	ratio_vs_best	1.000000	40	1.0000	0	0		
rank_yes	pfx3-256	(set)	match-compliance	whole-subject	separate artifact	pcrec_c4c70f2c_auto-caps-simdna	measured	pinned	2	median_ns	450.638805	40	1.0000	0	0		
rank_yes	pfx3-256	(set)	match-compliance	whole-subject	separate artifact	pcrec_c4c70f2c_auto-caps-simdna	measured	pinned	2	min_ns	444.790631	40	1.0000	0	0		
rank_yes	pfx3-256	(set)	match-compliance	whole-subject	separate artifact	pcrec_c4c70f2c_auto-caps-simdna	measured	pinned	2	max_ns	464.280269	40	1.0000	0	0		
rank_yes	pfx3-256	(set)	match-compliance	whole-subject	separate artifact	pcrec_c4c70f2c_auto-caps-simdna	measured	pinned	2	stddev_ns	6.519600	40	1.0000	0	0		
rank_yes	pfx3-256	(set)	match-compliance	whole-subject	separate artifact	pcrec_c4c70f2c_auto-caps-simdna	measured	pinned	2	ratio_vs_baseline	1.337538	40	1.0000	0	0		
rank_yes	pfx3-256	(set)	match-compliance	whole-subject	separate artifact	pcrec_c4c70f2c_auto-caps-simdna	measured	pinned	2	ratio_vs_best	1.337538	40	1.0000	0	0		
rank_yes	pfx3-256	(set)	match-compliance	plain	same program	libpcre2_10.46_jit-caps-simdna	measured	pinned	3	median_ns	6534.233153	40	1.0000	0	0		
rank_yes	pfx3-256	(set)	match-compliance	plain	same program	libpcre2_10.46_jit-caps-simdna	measured	pinned	3	min_ns	6254.118620	40	1.0000	0	0		
rank_yes	pfx3-256	(set)	match-compliance	plain	same program	libpcre2_10.46_jit-caps-simdna	measured	pinned	3	max_ns	6590.440394	40	1.0000	0	0		
rank_yes	pfx3-256	(set)	match-compliance	plain	same program	libpcre2_10.46_jit-caps-simdna	measured	pinned	3	stddev_ns	119.746530	40	1.0000	0	0		
rank_yes	pfx3-256	(set)	match-compliance	plain	same program	libpcre2_10.46_jit-caps-simdna	measured	pinned	3	ratio_vs_baseline	19.394218	40	1.0000	0	0		
rank_yes	pfx3-256	(set)	match-compliance	plain	same program	libpcre2_10.46_jit-caps-simdna	measured	pinned	3	ratio_vs_best	19.394218	40	1.0000	0	0		
baseline_yes	pfx3-256	(set)	short-subject-search			pcrec_c4c70f2c_auto-caps-simdna				baseline_identity	row-best-fallback					pcrec_c4c70f2c_auto-caps-simdna (row-best fallback -- interp absent from this group)	
rank_yes	pfx3-256	(set)	short-subject-search	plain	same program	pcrec_c4c70f2c_auto-caps-simdna	measured	pinned	1	median_ns	1013.343965	40	1.0000	0	0		
rank_yes	pfx3-256	(set)	short-subject-search	plain	same program	pcrec_c4c70f2c_auto-caps-simdna	measured	pinned	1	min_ns	1012.948601	40	1.0000	0	0		
rank_yes	pfx3-256	(set)	short-subject-search	plain	same program	pcrec_c4c70f2c_auto-caps-simdna	measured	pinned	1	max_ns	1047.902396	40	1.0000	0	0		
rank_yes	pfx3-256	(set)	short-subject-search	plain	same program	pcrec_c4c70f2c_auto-caps-simdna	measured	pinned	1	stddev_ns	13.705830	40	1.0000	0	0		
rank_yes	pfx3-256	(set)	short-subject-search	plain	same program	pcrec_c4c70f2c_auto-caps-simdna	measured	pinned	1	ratio_vs_baseline	1.000000	40	1.0000	0	0		
rank_yes	pfx3-256	(set)	short-subject-search	plain	same program	pcrec_c4c70f2c_auto-caps-simdna	measured	pinned	1	ratio_vs_best	1.000000	40	1.0000	0	0		
rank_yes	pfx3-256	(set)	short-subject-search	plain	same program	pcrec_c4c70f2c_vm-caps-simdna	measured	pinned	2	median_ns	1272.045395	40	1.0000	0	0		
rank_yes	pfx3-256	(set)	short-subject-search	plain	same program	pcrec_c4c70f2c_vm-caps-simdna	measured	pinned	2	min_ns	1270.068076	40	1.0000	0	0		
rank_yes	pfx3-256	(set)	short-subject-search	plain	same program	pcrec_c4c70f2c_vm-caps-simdna	measured	pinned	2	max_ns	1275.388483	40	1.0000	0	0		
rank_yes	pfx3-256	(set)	short-subject-search	plain	same program	pcrec_c4c70f2c_vm-caps-simdna	measured	pinned	2	stddev_ns	1.903537	40	1.0000	0	0		
rank_yes	pfx3-256	(set)	short-subject-search	plain	same program	pcrec_c4c70f2c_vm-caps-simdna	measured	pinned	2	ratio_vs_baseline	1.255295	40	1.0000	0	0		
rank_yes	pfx3-256	(set)	short-subject-search	plain	same program	pcrec_c4c70f2c_vm-caps-simdna	measured	pinned	2	ratio_vs_best	1.255295	40	1.0000	0	0		
rank_yes	pfx3-256	(set)	short-subject-search	plain	same program	libpcre2_10.46_jit-caps-simdna	measured	pinned	3	median_ns	4301.189090	40	1.0000	0	0		
rank_yes	pfx3-256	(set)	short-subject-search	plain	same program	libpcre2_10.46_jit-caps-simdna	measured	pinned	3	min_ns	4054.026797	40	1.0000	0	0		
rank_yes	pfx3-256	(set)	short-subject-search	plain	same program	libpcre2_10.46_jit-caps-simdna	measured	pinned	3	max_ns	4462.906168	40	1.0000	0	0		
rank_yes	pfx3-256	(set)	short-subject-search	plain	same program	libpcre2_10.46_jit-caps-simdna	measured	pinned	3	stddev_ns	136.509390	40	1.0000	0	0		
rank_yes	pfx3-256	(set)	short-subject-search	plain	same program	libpcre2_10.46_jit-caps-simdna	measured	pinned	3	ratio_vs_baseline	4.244550	40	1.0000	0	0		
rank_yes	pfx3-256	(set)	short-subject-search	plain	same program	libpcre2_10.46_jit-caps-simdna	measured	pinned	3	ratio_vs_best	4.244550	40	1.0000	0	0		
baseline_yes	pfx3-512	(set)	large-subject-throughput			pcrec_c4c70f2c_auto-caps-simdna				baseline_identity	row-best-fallback					pcrec_c4c70f2c_auto-caps-simdna (row-best fallback -- interp absent from this group)	
rank_yes	pfx3-512	(set)	large-subject-throughput	plain	same program	pcrec_c4c70f2c_auto-caps-simdna	measured	pinned	1	median_ns	306914.274839	4	1.0000	0	0		
rank_yes	pfx3-512	(set)	large-subject-throughput	plain	same program	pcrec_c4c70f2c_auto-caps-simdna	measured	pinned	1	min_ns	306231.007742	4	1.0000	0	0		
rank_yes	pfx3-512	(set)	large-subject-throughput	plain	same program	pcrec_c4c70f2c_auto-caps-simdna	measured	pinned	1	max_ns	306949.203871	4	1.0000	0	0		
rank_yes	pfx3-512	(set)	large-subject-throughput	plain	same program	pcrec_c4c70f2c_auto-caps-simdna	measured	pinned	1	stddev_ns	273.043655	4	1.0000	0	0		
rank_yes	pfx3-512	(set)	large-subject-throughput	plain	same program	pcrec_c4c70f2c_auto-caps-simdna	measured	pinned	1	ratio_vs_baseline	1.000000	4	1.0000	0	0		
rank_yes	pfx3-512	(set)	large-subject-throughput	plain	same program	pcrec_c4c70f2c_auto-caps-simdna	measured	pinned	1	ratio_vs_best	1.000000	4	1.0000	0	0		
rank_yes	pfx3-512	(set)	large-subject-throughput	plain	same program	libpcre2_10.46_jit-caps-simdna	measured	pinned	2	median_ns	812979.551020	4	1.0000	0	0		
rank_yes	pfx3-512	(set)	large-subject-throughput	plain	same program	libpcre2_10.46_jit-caps-simdna	measured	pinned	2	min_ns	809282.489796	4	1.0000	0	0		
rank_yes	pfx3-512	(set)	large-subject-throughput	plain	same program	libpcre2_10.46_jit-caps-simdna	measured	pinned	2	max_ns	822318.349490	4	1.0000	0	0		
rank_yes	pfx3-512	(set)	large-subject-throughput	plain	same program	libpcre2_10.46_jit-caps-simdna	measured	pinned	2	stddev_ns	4892.354015	4	1.0000	0	0		
rank_yes	pfx3-512	(set)	large-subject-throughput	plain	same program	libpcre2_10.46_jit-caps-simdna	measured	pinned	2	ratio_vs_baseline	2.648882	4	1.0000	0	0		
rank_yes	pfx3-512	(set)	large-subject-throughput	plain	same program	libpcre2_10.46_jit-caps-simdna	measured	pinned	2	ratio_vs_best	2.648882	4	1.0000	0	0		
rank_yes	pfx3-512	(set)	large-subject-throughput	plain	same program	pcrec_c4c70f2c_vm-caps-simdna	measured	pinned	3	median_ns	2031333.896104	4	1.0000	0	0		
rank_yes	pfx3-512	(set)	large-subject-throughput	plain	same program	pcrec_c4c70f2c_vm-caps-simdna	measured	pinned	3	min_ns	2031009.883117	4	1.0000	0	0		
rank_yes	pfx3-512	(set)	large-subject-throughput	plain	same program	pcrec_c4c70f2c_vm-caps-simdna	measured	pinned	3	max_ns	2573525.629870	4	1.0000	0	0		
rank_yes	pfx3-512	(set)	large-subject-throughput	plain	same program	pcrec_c4c70f2c_vm-caps-simdna	measured	pinned	3	stddev_ns	216878.762323	4	1.0000	0	0		
rank_yes	pfx3-512	(set)	large-subject-throughput	plain	same program	pcrec_c4c70f2c_vm-caps-simdna	measured	pinned	3	ratio_vs_baseline	6.618571	4	1.0000	0	0		
rank_yes	pfx3-512	(set)	large-subject-throughput	plain	same program	pcrec_c4c70f2c_vm-caps-simdna	measured	pinned	3	ratio_vs_best	6.618571	4	1.0000	0	0		
baseline_yes	pfx3-512	(set)	match-compliance			pcrec_c4c70f2c_vm-caps-simdna				baseline_identity	row-best-fallback					pcrec_c4c70f2c_vm-caps-simdna (row-best fallback -- interp absent from this group)	
rank_yes	pfx3-512	(set)	match-compliance	whole-subject	separate artifact	pcrec_c4c70f2c_vm-caps-simdna	measured	pinned	1	median_ns	371.107795	40	1.0000	0	0		
rank_yes	pfx3-512	(set)	match-compliance	whole-subject	separate artifact	pcrec_c4c70f2c_vm-caps-simdna	measured	pinned	1	min_ns	371.031558	40	1.0000	0	0		
rank_yes	pfx3-512	(set)	match-compliance	whole-subject	separate artifact	pcrec_c4c70f2c_vm-caps-simdna	measured	pinned	1	max_ns	382.390347	40	1.0000	0	0		
rank_yes	pfx3-512	(set)	match-compliance	whole-subject	separate artifact	pcrec_c4c70f2c_vm-caps-simdna	measured	pinned	1	stddev_ns	4.486333	40	1.0000	0	0		
rank_yes	pfx3-512	(set)	match-compliance	whole-subject	separate artifact	pcrec_c4c70f2c_vm-caps-simdna	measured	pinned	1	ratio_vs_baseline	1.000000	40	1.0000	0	0		
rank_yes	pfx3-512	(set)	match-compliance	whole-subject	separate artifact	pcrec_c4c70f2c_vm-caps-simdna	measured	pinned	1	ratio_vs_best	1.000000	40	1.0000	0	0		
rank_yes	pfx3-512	(set)	match-compliance	whole-subject	separate artifact	pcrec_c4c70f2c_auto-caps-simdna	measured	pinned	2	median_ns	779.871144	40	1.0000	0	0		
rank_yes	pfx3-512	(set)	match-compliance	whole-subject	separate artifact	pcrec_c4c70f2c_auto-caps-simdna	measured	pinned	2	min_ns	772.800406	40	1.0000	0	0		
rank_yes	pfx3-512	(set)	match-compliance	whole-subject	separate artifact	pcrec_c4c70f2c_auto-caps-simdna	measured	pinned	2	max_ns	793.899345	40	1.0000	0	0		
rank_yes	pfx3-512	(set)	match-compliance	whole-subject	separate artifact	pcrec_c4c70f2c_auto-caps-simdna	measured	pinned	2	stddev_ns	6.984289	40	1.0000	0	0		
rank_yes	pfx3-512	(set)	match-compliance	whole-subject	separate artifact	pcrec_c4c70f2c_auto-caps-simdna	measured	pinned	2	ratio_vs_baseline	2.101468	40	1.0000	0	0		
rank_yes	pfx3-512	(set)	match-compliance	whole-subject	separate artifact	pcrec_c4c70f2c_auto-caps-simdna	measured	pinned	2	ratio_vs_best	2.101468	40	1.0000	0	0		
rank_yes	pfx3-512	(set)	match-compliance	plain	same program	libpcre2_10.46_jit-caps-simdna	measured	pinned	3	median_ns	11385.422636	40	1.0000	0	0		
rank_yes	pfx3-512	(set)	match-compliance	plain	same program	libpcre2_10.46_jit-caps-simdna	measured	pinned	3	min_ns	10494.550236	40	1.0000	0	0		
rank_yes	pfx3-512	(set)	match-compliance	plain	same program	libpcre2_10.46_jit-caps-simdna	measured	pinned	3	max_ns	11672.929510	40	1.0000	0	0		
rank_yes	pfx3-512	(set)	match-compliance	plain	same program	libpcre2_10.46_jit-caps-simdna	measured	pinned	3	stddev_ns	407.532163	40	1.0000	0	0		
rank_yes	pfx3-512	(set)	match-compliance	plain	same program	libpcre2_10.46_jit-caps-simdna	measured	pinned	3	ratio_vs_baseline	30.679557	40	1.0000	0	0		
rank_yes	pfx3-512	(set)	match-compliance	plain	same program	libpcre2_10.46_jit-caps-simdna	measured	pinned	3	ratio_vs_best	30.679557	40	1.0000	0	0		
baseline_yes	pfx3-512	(set)	short-subject-search			pcrec_c4c70f2c_auto-caps-simdna				baseline_identity	row-best-fallback					pcrec_c4c70f2c_auto-caps-simdna (row-best fallback -- interp absent from this group)	
rank_yes	pfx3-512	(set)	short-subject-search	plain	same program	pcrec_c4c70f2c_auto-caps-simdna	measured	pinned	1	median_ns	1011.473628	40	1.0000	0	0		
rank_yes	pfx3-512	(set)	short-subject-search	plain	same program	pcrec_c4c70f2c_auto-caps-simdna	measured	pinned	1	min_ns	1007.462962	40	1.0000	0	0		
rank_yes	pfx3-512	(set)	short-subject-search	plain	same program	pcrec_c4c70f2c_auto-caps-simdna	measured	pinned	1	max_ns	1012.791344	40	1.0000	0	0		
rank_yes	pfx3-512	(set)	short-subject-search	plain	same program	pcrec_c4c70f2c_auto-caps-simdna	measured	pinned	1	stddev_ns	1.999468	40	1.0000	0	0		
rank_yes	pfx3-512	(set)	short-subject-search	plain	same program	pcrec_c4c70f2c_auto-caps-simdna	measured	pinned	1	ratio_vs_baseline	1.000000	40	1.0000	0	0		
rank_yes	pfx3-512	(set)	short-subject-search	plain	same program	pcrec_c4c70f2c_auto-caps-simdna	measured	pinned	1	ratio_vs_best	1.000000	40	1.0000	0	0		
rank_yes	pfx3-512	(set)	short-subject-search	plain	same program	pcrec_c4c70f2c_vm-caps-simdna	measured	pinned	2	median_ns	1290.054382	40	1.0000	0	0		
rank_yes	pfx3-512	(set)	short-subject-search	plain	same program	pcrec_c4c70f2c_vm-caps-simdna	measured	pinned	2	min_ns	1273.046342	40	1.0000	0	0		
rank_yes	pfx3-512	(set)	short-subject-search	plain	same program	pcrec_c4c70f2c_vm-caps-simdna	measured	pinned	2	max_ns	1299.198858	40	1.0000	0	0		
rank_yes	pfx3-512	(set)	short-subject-search	plain	same program	pcrec_c4c70f2c_vm-caps-simdna	measured	pinned	2	stddev_ns	10.441040	40	1.0000	0	0		
rank_yes	pfx3-512	(set)	short-subject-search	plain	same program	pcrec_c4c70f2c_vm-caps-simdna	measured	pinned	2	ratio_vs_baseline	1.275421	40	1.0000	0	0		
rank_yes	pfx3-512	(set)	short-subject-search	plain	same program	pcrec_c4c70f2c_vm-caps-simdna	measured	pinned	2	ratio_vs_best	1.275421	40	1.0000	0	0		
rank_yes	pfx3-512	(set)	short-subject-search	plain	same program	libpcre2_10.46_jit-caps-simdna	measured	pinned	3	median_ns	7652.601565	40	1.0000	0	0		
rank_yes	pfx3-512	(set)	short-subject-search	plain	same program	libpcre2_10.46_jit-caps-simdna	measured	pinned	3	min_ns	7411.740920	40	1.0000	0	0		
rank_yes	pfx3-512	(set)	short-subject-search	plain	same program	libpcre2_10.46_jit-caps-simdna	measured	pinned	3	max_ns	8785.737672	40	1.0000	0	0		
rank_yes	pfx3-512	(set)	short-subject-search	plain	same program	libpcre2_10.46_jit-caps-simdna	measured	pinned	3	stddev_ns	496.466063	40	1.0000	0	0		
rank_yes	pfx3-512	(set)	short-subject-search	plain	same program	libpcre2_10.46_jit-caps-simdna	measured	pinned	3	ratio_vs_baseline	7.565794	40	1.0000	0	0		
rank_yes	pfx3-512	(set)	short-subject-search	plain	same program	libpcre2_10.46_jit-caps-simdna	measured	pinned	3	ratio_vs_best	7.565794	40	1.0000	0	0		
baseline_yes	s-2048	(set)	large-subject-throughput			pcrec_c4c70f2c_auto-caps-simdna				baseline_identity	row-best-fallback					pcrec_c4c70f2c_auto-caps-simdna (row-best fallback -- interp absent from this group)	
rank_yes	s-2048	(set)	large-subject-throughput	plain	same program	pcrec_c4c70f2c_auto-caps-simdna	measured	pinned	1	median_ns	4861426.230769	4	1.0000	0	0		
rank_yes	s-2048	(set)	large-subject-throughput	plain	same program	pcrec_c4c70f2c_auto-caps-simdna	measured	pinned	1	min_ns	4856673.276923	4	1.0000	0	0		
rank_yes	s-2048	(set)	large-subject-throughput	plain	same program	pcrec_c4c70f2c_auto-caps-simdna	measured	pinned	1	max_ns	4877098.492308	4	1.0000	0	0		
rank_yes	s-2048	(set)	large-subject-throughput	plain	same program	pcrec_c4c70f2c_auto-caps-simdna	measured	pinned	1	stddev_ns	7036.392886	4	1.0000	0	0		
rank_yes	s-2048	(set)	large-subject-throughput	plain	same program	pcrec_c4c70f2c_auto-caps-simdna	measured	pinned	1	ratio_vs_baseline	1.000000	4	1.0000	0	0		
rank_yes	s-2048	(set)	large-subject-throughput	plain	same program	pcrec_c4c70f2c_auto-caps-simdna	measured	pinned	1	ratio_vs_best	1.000000	4	1.0000	0	0		
rank_yes	s-2048	(set)	large-subject-throughput	plain	same program	libpcre2_10.46_jit-caps-simdna	measured	pinned	2	median_ns	2520259961.000000	4	1.0000	0	0		
rank_yes	s-2048	(set)	large-subject-throughput	plain	same program	libpcre2_10.46_jit-caps-simdna	measured	pinned	2	min_ns	2502053797.000000	4	1.0000	0	0		
rank_yes	s-2048	(set)	large-subject-throughput	plain	same program	libpcre2_10.46_jit-caps-simdna	measured	pinned	2	max_ns	2677525819.000000	4	1.0000	0	0		
rank_yes	s-2048	(set)	large-subject-throughput	plain	same program	libpcre2_10.46_jit-caps-simdna	measured	pinned	2	stddev_ns	72413004.198431	4	1.0000	0	0		
rank_yes	s-2048	(set)	large-subject-throughput	plain	same program	libpcre2_10.46_jit-caps-simdna	measured	pinned	2	ratio_vs_baseline	518.419871	4	1.0000	0	0		
rank_yes	s-2048	(set)	large-subject-throughput	plain	same program	libpcre2_10.46_jit-caps-simdna	measured	pinned	2	ratio_vs_best	518.419871	4	1.0000	0	0		
baseline_yes	s-2048	(set)	match-compliance			libpcre2_10.46_jit-caps-simdna				baseline_identity	row-best-fallback					libpcre2_10.46_jit-caps-simdna (row-best fallback -- interp absent from this group)	
rank_yes	s-2048	(set)	match-compliance	plain	same program	libpcre2_10.46_jit-caps-simdna	measured	pinned	1	median_ns	417219.834007	40	1.0000	0	0		
rank_yes	s-2048	(set)	match-compliance	plain	same program	libpcre2_10.46_jit-caps-simdna	measured	pinned	1	min_ns	403235.567433	40	1.0000	0	0		
rank_yes	s-2048	(set)	match-compliance	plain	same program	libpcre2_10.46_jit-caps-simdna	measured	pinned	1	max_ns	418056.478890	40	1.0000	0	0		
rank_yes	s-2048	(set)	match-compliance	plain	same program	libpcre2_10.46_jit-caps-simdna	measured	pinned	1	stddev_ns	6824.224291	40	1.0000	0	0		
rank_yes	s-2048	(set)	match-compliance	plain	same program	libpcre2_10.46_jit-caps-simdna	measured	pinned	1	ratio_vs_baseline	1.000000	40	1.0000	0	0		
rank_yes	s-2048	(set)	match-compliance	plain	same program	libpcre2_10.46_jit-caps-simdna	measured	pinned	1	ratio_vs_best	1.000000	40	1.0000	0	0		
baseline_yes	s-2048	(set)	short-subject-search			pcrec_c4c70f2c_auto-caps-simdna				baseline_identity	row-best-fallback					pcrec_c4c70f2c_auto-caps-simdna (row-best fallback -- interp absent from this group)	
rank_yes	s-2048	(set)	short-subject-search	plain	same program	pcrec_c4c70f2c_auto-caps-simdna	measured	pinned	1	median_ns	15099.516247	40	1.0000	0	0		
rank_yes	s-2048	(set)	short-subject-search	plain	same program	pcrec_c4c70f2c_auto-caps-simdna	measured	pinned	1	min_ns	15064.499717	40	1.0000	0	0		
rank_yes	s-2048	(set)	short-subject-search	plain	same program	pcrec_c4c70f2c_auto-caps-simdna	measured	pinned	1	max_ns	15207.328982	40	1.0000	0	0		
rank_yes	s-2048	(set)	short-subject-search	plain	same program	pcrec_c4c70f2c_auto-caps-simdna	measured	pinned	1	stddev_ns	48.416888	40	1.0000	0	0		
rank_yes	s-2048	(set)	short-subject-search	plain	same program	pcrec_c4c70f2c_auto-caps-simdna	measured	pinned	1	ratio_vs_baseline	1.000000	40	1.0000	0	0		
rank_yes	s-2048	(set)	short-subject-search	plain	same program	pcrec_c4c70f2c_auto-caps-simdna	measured	pinned	1	ratio_vs_best	1.000000	40	1.0000	0	0		
rank_yes	s-2048	(set)	short-subject-search	plain	same program	libpcre2_10.46_jit-caps-simdna	measured	pinned	2	median_ns	13675780.460674	40	1.0000	0	0		
rank_yes	s-2048	(set)	short-subject-search	plain	same program	libpcre2_10.46_jit-caps-simdna	measured	pinned	2	min_ns	13254774.707865	40	1.0000	0	0		
rank_yes	s-2048	(set)	short-subject-search	plain	same program	libpcre2_10.46_jit-caps-simdna	measured	pinned	2	max_ns	14108497.685393	40	1.0000	0	0		
rank_yes	s-2048	(set)	short-subject-search	plain	same program	libpcre2_10.46_jit-caps-simdna	measured	pinned	2	stddev_ns	353143.463485	40	1.0000	0	0		
rank_yes	s-2048	(set)	short-subject-search	plain	same program	libpcre2_10.46_jit-caps-simdna	measured	pinned	2	ratio_vs_baseline	905.709841	40	1.0000	0	0		
rank_yes	s-2048	(set)	short-subject-search	plain	same program	libpcre2_10.46_jit-caps-simdna	measured	pinned	2	ratio_vs_best	905.709841	40	1.0000	0	0		
baseline_yes	s-256	(set)	large-subject-throughput			pcrec_c4c70f2c_auto-caps-simdna				baseline_identity	row-best-fallback					pcrec_c4c70f2c_auto-caps-simdna (row-best fallback -- interp absent from this group)	
rank_yes	s-256	(set)	large-subject-throughput	plain	same program	pcrec_c4c70f2c_auto-caps-simdna	measured	pinned	1	median_ns	2894134.982143	4	1.0000	0	0		
rank_yes	s-256	(set)	large-subject-throughput	plain	same program	pcrec_c4c70f2c_auto-caps-simdna	measured	pinned	1	min_ns	2885862.982143	4	1.0000	0	0		
rank_yes	s-256	(set)	large-subject-throughput	plain	same program	pcrec_c4c70f2c_auto-caps-simdna	measured	pinned	1	max_ns	2913417.937500	4	1.0000	0	0		
rank_yes	s-256	(set)	large-subject-throughput	plain	same program	pcrec_c4c70f2c_auto-caps-simdna	measured	pinned	1	stddev_ns	9308.228672	4	1.0000	0	0		
rank_yes	s-256	(set)	large-subject-throughput	plain	same program	pcrec_c4c70f2c_auto-caps-simdna	measured	pinned	1	ratio_vs_baseline	1.000000	4	1.0000	0	0		
rank_yes	s-256	(set)	large-subject-throughput	plain	same program	pcrec_c4c70f2c_auto-caps-simdna	measured	pinned	1	ratio_vs_best	1.000000	4	1.0000	0	0		
rank_yes	s-256	(set)	large-subject-throughput	plain	same program	pcrec_c4c70f2c_vm-caps-simdna	measured	pinned	2	median_ns	16189467.636364	4	1.0000	0	0		
rank_yes	s-256	(set)	large-subject-throughput	plain	same program	pcrec_c4c70f2c_vm-caps-simdna	measured	pinned	2	min_ns	16153019.727273	4	1.0000	0	0		
rank_yes	s-256	(set)	large-subject-throughput	plain	same program	pcrec_c4c70f2c_vm-caps-simdna	measured	pinned	2	max_ns	16202345.409091	4	1.0000	0	0		
rank_yes	s-256	(set)	large-subject-throughput	plain	same program	pcrec_c4c70f2c_vm-caps-simdna	measured	pinned	2	stddev_ns	18636.253792	4	1.0000	0	0		
rank_yes	s-256	(set)	large-subject-throughput	plain	same program	pcrec_c4c70f2c_vm-caps-simdna	measured	pinned	2	ratio_vs_baseline	5.593888	4	1.0000	0	0		
rank_yes	s-256	(set)	large-subject-throughput	plain	same program	pcrec_c4c70f2c_vm-caps-simdna	measured	pinned	2	ratio_vs_best	5.593888	4	1.0000	0	0		
rank_yes	s-256	(set)	large-subject-throughput	plain	same program	libpcre2_10.46_jit-caps-simdna	measured	pinned	3	median_ns	275535140.500000	4	1.0000	0	0		
rank_yes	s-256	(set)	large-subject-throughput	plain	same program	libpcre2_10.46_jit-caps-simdna	measured	pinned	3	min_ns	268658824.000000	4	1.0000	0	0		
rank_yes	s-256	(set)	large-subject-throughput	plain	same program	libpcre2_10.46_jit-caps-simdna	measured	pinned	3	max_ns	279025992.500000	4	1.0000	0	0		
rank_yes	s-256	(set)	large-subject-throughput	plain	same program	libpcre2_10.46_jit-caps-simdna	measured	pinned	3	stddev_ns	4207171.500563	4	1.0000	0	0		
rank_yes	s-256	(set)	large-subject-throughput	plain	same program	libpcre2_10.46_jit-caps-simdna	measured	pinned	3	ratio_vs_baseline	95.204661	4	1.0000	0	0		
rank_yes	s-256	(set)	large-subject-throughput	plain	same program	libpcre2_10.46_jit-caps-simdna	measured	pinned	3	ratio_vs_best	95.204661	4	1.0000	0	0		
baseline_yes	s-256	(set)	match-compliance			pcrec_c4c70f2c_vm-caps-simdna				baseline_identity	row-best-fallback					pcrec_c4c70f2c_vm-caps-simdna (row-best fallback -- interp absent from this group)	
rank_yes	s-256	(set)	match-compliance	whole-subject	separate artifact	pcrec_c4c70f2c_vm-caps-simdna	measured	pinned	1	median_ns	377.622749	40	1.0000	0	0		
rank_yes	s-256	(set)	match-compliance	whole-subject	separate artifact	pcrec_c4c70f2c_vm-caps-simdna	measured	pinned	1	min_ns	376.213332	40	1.0000	0	0		
rank_yes	s-256	(set)	match-compliance	whole-subject	separate artifact	pcrec_c4c70f2c_vm-caps-simdna	measured	pinned	1	max_ns	379.405961	40	1.0000	0	0		
rank_yes	s-256	(set)	match-compliance	whole-subject	separate artifact	pcrec_c4c70f2c_vm-caps-simdna	measured	pinned	1	stddev_ns	1.107887	40	1.0000	0	0		
rank_yes	s-256	(set)	match-compliance	whole-subject	separate artifact	pcrec_c4c70f2c_vm-caps-simdna	measured	pinned	1	ratio_vs_baseline	1.000000	40	1.0000	0	0		
rank_yes	s-256	(set)	match-compliance	whole-subject	separate artifact	pcrec_c4c70f2c_vm-caps-simdna	measured	pinned	1	ratio_vs_best	1.000000	40	1.0000	0	0		
rank_yes	s-256	(set)	match-compliance	whole-subject	separate artifact	pcrec_c4c70f2c_auto-caps-simdna	measured	pinned	2	median_ns	469.121393	40	1.0000	0	0		
rank_yes	s-256	(set)	match-compliance	whole-subject	separate artifact	pcrec_c4c70f2c_auto-caps-simdna	measured	pinned	2	min_ns	461.142938	40	1.0000	0	0		
rank_yes	s-256	(set)	match-compliance	whole-subject	separate artifact	pcrec_c4c70f2c_auto-caps-simdna	measured	pinned	2	max_ns	479.590641	40	1.0000	0	0		
rank_yes	s-256	(set)	match-compliance	whole-subject	separate artifact	pcrec_c4c70f2c_auto-caps-simdna	measured	pinned	2	stddev_ns	6.475396	40	1.0000	0	0		
rank_yes	s-256	(set)	match-compliance	whole-subject	separate artifact	pcrec_c4c70f2c_auto-caps-simdna	measured	pinned	2	ratio_vs_baseline	1.242302	40	1.0000	0	0		
rank_yes	s-256	(set)	match-compliance	whole-subject	separate artifact	pcrec_c4c70f2c_auto-caps-simdna	measured	pinned	2	ratio_vs_best	1.242302	40	1.0000	0	0		
rank_yes	s-256	(set)	match-compliance	plain	same program	libpcre2_10.46_jit-caps-simdna	measured	pinned	3	median_ns	56283.551362	40	1.0000	0	0		
rank_yes	s-256	(set)	match-compliance	plain	same program	libpcre2_10.46_jit-caps-simdna	measured	pinned	3	min_ns	55797.989235	40	1.0000	0	0		
rank_yes	s-256	(set)	match-compliance	plain	same program	libpcre2_10.46_jit-caps-simdna	measured	pinned	3	max_ns	65039.651554	40	1.0000	0	0		
rank_yes	s-256	(set)	match-compliance	plain	same program	libpcre2_10.46_jit-caps-simdna	measured	pinned	3	stddev_ns	3510.061879	40	1.0000	0	0		
rank_yes	s-256	(set)	match-compliance	plain	same program	libpcre2_10.46_jit-caps-simdna	measured	pinned	3	ratio_vs_baseline	149.047036	40	1.0000	0	0		
rank_yes	s-256	(set)	match-compliance	plain	same program	libpcre2_10.46_jit-caps-simdna	measured	pinned	3	ratio_vs_best	149.047036	40	1.0000	0	0		
baseline_yes	s-256	(set)	short-subject-search			pcrec_c4c70f2c_auto-caps-simdna				baseline_identity	row-best-fallback					pcrec_c4c70f2c_auto-caps-simdna (row-best fallback -- interp absent from this group)	
rank_yes	s-256	(set)	short-subject-search	plain	same program	pcrec_c4c70f2c_auto-caps-simdna	measured	pinned	1	median_ns	8239.168010	40	1.0000	0	0		
rank_yes	s-256	(set)	short-subject-search	plain	same program	pcrec_c4c70f2c_auto-caps-simdna	measured	pinned	1	min_ns	8225.351112	40	1.0000	0	0		
rank_yes	s-256	(set)	short-subject-search	plain	same program	pcrec_c4c70f2c_auto-caps-simdna	measured	pinned	1	max_ns	8242.913362	40	1.0000	0	0		
rank_yes	s-256	(set)	short-subject-search	plain	same program	pcrec_c4c70f2c_auto-caps-simdna	measured	pinned	1	stddev_ns	7.286828	40	1.0000	0	0		
rank_yes	s-256	(set)	short-subject-search	plain	same program	pcrec_c4c70f2c_auto-caps-simdna	measured	pinned	1	ratio_vs_baseline	1.000000	40	1.0000	0	0		
rank_yes	s-256	(set)	short-subject-search	plain	same program	pcrec_c4c70f2c_auto-caps-simdna	measured	pinned	1	ratio_vs_best	1.000000	40	1.0000	0	0		
rank_yes	s-256	(set)	short-subject-search	plain	same program	pcrec_c4c70f2c_vm-caps-simdna	measured	pinned	2	median_ns	58612.384479	40	1.0000	0	0		
rank_yes	s-256	(set)	short-subject-search	plain	same program	pcrec_c4c70f2c_vm-caps-simdna	measured	pinned	2	min_ns	58359.619572	40	1.0000	0	0		
rank_yes	s-256	(set)	short-subject-search	plain	same program	pcrec_c4c70f2c_vm-caps-simdna	measured	pinned	2	max_ns	58860.680383	40	1.0000	0	0		
rank_yes	s-256	(set)	short-subject-search	plain	same program	pcrec_c4c70f2c_vm-caps-simdna	measured	pinned	2	stddev_ns	161.062488	40	1.0000	0	0		
rank_yes	s-256	(set)	short-subject-search	plain	same program	pcrec_c4c70f2c_vm-caps-simdna	measured	pinned	2	ratio_vs_baseline	7.113872	40	1.0000	0	0		
rank_yes	s-256	(set)	short-subject-search	plain	same program	pcrec_c4c70f2c_vm-caps-simdna	measured	pinned	2	ratio_vs_best	7.113872	40	1.0000	0	0		
rank_yes	s-256	(set)	short-subject-search	plain	same program	libpcre2_10.46_jit-caps-simdna	measured	pinned	3	median_ns	1420123.269412	40	1.0000	0	0		
rank_yes	s-256	(set)	short-subject-search	plain	same program	libpcre2_10.46_jit-caps-simdna	measured	pinned	3	min_ns	1403054.329412	40	1.0000	0	0		
rank_yes	s-256	(set)	short-subject-search	plain	same program	libpcre2_10.46_jit-caps-simdna	measured	pinned	3	max_ns	1450933.680000	40	1.0000	0	0		
rank_yes	s-256	(set)	short-subject-search	plain	same program	libpcre2_10.46_jit-caps-simdna	measured	pinned	3	stddev_ns	18878.412984	40	1.0000	0	0		
rank_yes	s-256	(set)	short-subject-search	plain	same program	libpcre2_10.46_jit-caps-simdna	measured	pinned	3	ratio_vs_baseline	172.362460	40	1.0000	0	0		
rank_yes	s-256	(set)	short-subject-search	plain	same program	libpcre2_10.46_jit-caps-simdna	measured	pinned	3	ratio_vs_best	172.362460	40	1.0000	0	0		
baseline_yes	s-4096	(set)	large-subject-throughput			libpcre2_10.46_jit-caps-simdna				baseline_identity	row-best-fallback					libpcre2_10.46_jit-caps-simdna (row-best fallback -- interp absent from this group)	
rank_yes	s-4096	(set)	large-subject-throughput	plain	same program	libpcre2_10.46_jit-caps-simdna	measured	pinned	1	median_ns	19457049538.000000	4	1.0000	0	0		
rank_yes	s-4096	(set)	large-subject-throughput	plain	same program	libpcre2_10.46_jit-caps-simdna	measured	pinned	1	min_ns	19010414653.000000	4	1.0000	0	0		
rank_yes	s-4096	(set)	large-subject-throughput	plain	same program	libpcre2_10.46_jit-caps-simdna	measured	pinned	1	max_ns	19592567334.000000	4	1.0000	0	0		
rank_yes	s-4096	(set)	large-subject-throughput	plain	same program	libpcre2_10.46_jit-caps-simdna	measured	pinned	1	stddev_ns	212147025.441641	4	1.0000	0	0		
rank_yes	s-4096	(set)	large-subject-throughput	plain	same program	libpcre2_10.46_jit-caps-simdna	measured	pinned	1	ratio_vs_baseline	1.000000	4	1.0000	0	0		
rank_yes	s-4096	(set)	large-subject-throughput	plain	same program	libpcre2_10.46_jit-caps-simdna	measured	pinned	1	ratio_vs_best	1.000000	4	1.0000	0	0		
baseline_yes	s-4096	(set)	match-compliance			libpcre2_10.46_jit-caps-simdna				baseline_identity	row-best-fallback					libpcre2_10.46_jit-caps-simdna (row-best fallback -- interp absent from this group)	
rank_yes	s-4096	(set)	match-compliance	plain	same program	libpcre2_10.46_jit-caps-simdna	measured	pinned	1	median_ns	823372.049816	40	1.0000	0	0		
rank_yes	s-4096	(set)	match-compliance	plain	same program	libpcre2_10.46_jit-caps-simdna	measured	pinned	1	min_ns	816977.543969	40	1.0000	0	0		
rank_yes	s-4096	(set)	match-compliance	plain	same program	libpcre2_10.46_jit-caps-simdna	measured	pinned	1	max_ns	840812.161777	40	1.0000	0	0		
rank_yes	s-4096	(set)	match-compliance	plain	same program	libpcre2_10.46_jit-caps-simdna	measured	pinned	1	stddev_ns	9651.926347	40	1.0000	0	0		
rank_yes	s-4096	(set)	match-compliance	plain	same program	libpcre2_10.46_jit-caps-simdna	measured	pinned	1	ratio_vs_baseline	1.000000	40	1.0000	0	0		
rank_yes	s-4096	(set)	match-compliance	plain	same program	libpcre2_10.46_jit-caps-simdna	measured	pinned	1	ratio_vs_best	1.000000	40	1.0000	0	0		
baseline_yes	s-4096	(set)	short-subject-search			libpcre2_10.46_jit-caps-simdna				baseline_identity	row-best-fallback					libpcre2_10.46_jit-caps-simdna (row-best fallback -- interp absent from this group)	
rank_yes	s-4096	(set)	short-subject-search	plain	same program	libpcre2_10.46_jit-caps-simdna	measured	pinned	1	median_ns	99687258.461538	40	1.0000	0	0		
rank_yes	s-4096	(set)	short-subject-search	plain	same program	libpcre2_10.46_jit-caps-simdna	measured	pinned	1	min_ns	97568266.000000	40	1.0000	0	0		
rank_yes	s-4096	(set)	short-subject-search	plain	same program	libpcre2_10.46_jit-caps-simdna	measured	pinned	1	max_ns	101104436.000000	40	1.0000	0	0		
rank_yes	s-4096	(set)	short-subject-search	plain	same program	libpcre2_10.46_jit-caps-simdna	measured	pinned	1	stddev_ns	1335341.041936	40	1.0000	0	0		
rank_yes	s-4096	(set)	short-subject-search	plain	same program	libpcre2_10.46_jit-caps-simdna	measured	pinned	1	ratio_vs_baseline	1.000000	40	1.0000	0	0		
rank_yes	s-4096	(set)	short-subject-search	plain	same program	libpcre2_10.46_jit-caps-simdna	measured	pinned	1	ratio_vs_best	1.000000	40	1.0000	0	0		
baseline_yes	s-512	(set)	large-subject-throughput			pcrec_c4c70f2c_auto-caps-simdna				baseline_identity	row-best-fallback					pcrec_c4c70f2c_auto-caps-simdna (row-best fallback -- interp absent from this group)	
rank_yes	s-512	(set)	large-subject-throughput	plain	same program	pcrec_c4c70f2c_auto-caps-simdna	measured	pinned	1	median_ns	3182931.274510	4	1.0000	0	0		
rank_yes	s-512	(set)	large-subject-throughput	plain	same program	pcrec_c4c70f2c_auto-caps-simdna	measured	pinned	1	min_ns	3172240.539216	4	1.0000	0	0		
rank_yes	s-512	(set)	large-subject-throughput	plain	same program	pcrec_c4c70f2c_auto-caps-simdna	measured	pinned	1	max_ns	3185543.166667	4	1.0000	0	0		
rank_yes	s-512	(set)	large-subject-throughput	plain	same program	pcrec_c4c70f2c_auto-caps-simdna	measured	pinned	1	stddev_ns	5787.333869	4	1.0000	0	0		
rank_yes	s-512	(set)	large-subject-throughput	plain	same program	pcrec_c4c70f2c_auto-caps-simdna	measured	pinned	1	ratio_vs_baseline	1.000000	4	1.0000	0	0		
rank_yes	s-512	(set)	large-subject-throughput	plain	same program	pcrec_c4c70f2c_auto-caps-simdna	measured	pinned	1	ratio_vs_best	1.000000	4	1.0000	0	0		
rank_yes	s-512	(set)	large-subject-throughput	plain	same program	pcrec_c4c70f2c_vm-caps-simdna	measured	pinned	2	median_ns	17319744.250000	4	1.0000	0	0		
rank_yes	s-512	(set)	large-subject-throughput	plain	same program	pcrec_c4c70f2c_vm-caps-simdna	measured	pinned	2	min_ns	17206543.200000	4	1.0000	0	0		
rank_yes	s-512	(set)	large-subject-throughput	plain	same program	pcrec_c4c70f2c_vm-caps-simdna	measured	pinned	2	max_ns	18692855.550000	4	1.0000	0	0		
rank_yes	s-512	(set)	large-subject-throughput	plain	same program	pcrec_c4c70f2c_vm-caps-simdna	measured	pinned	2	stddev_ns	551113.337982	4	1.0000	0	0		
rank_yes	s-512	(set)	large-subject-throughput	plain	same program	pcrec_c4c70f2c_vm-caps-simdna	measured	pinned	2	ratio_vs_baseline	5.441445	4	1.0000	0	0		
rank_yes	s-512	(set)	large-subject-throughput	plain	same program	pcrec_c4c70f2c_vm-caps-simdna	measured	pinned	2	ratio_vs_best	5.441445	4	1.0000	0	0		
rank_yes	s-512	(set)	large-subject-throughput	plain	same program	libpcre2_10.46_jit-caps-simdna	measured	pinned	3	median_ns	597459307.000000	4	1.0000	0	0		
rank_yes	s-512	(set)	large-subject-throughput	plain	same program	libpcre2_10.46_jit-caps-simdna	measured	pinned	3	min_ns	593782778.000000	4	1.0000	0	0		
rank_yes	s-512	(set)	large-subject-throughput	plain	same program	libpcre2_10.46_jit-caps-simdna	measured	pinned	3	max_ns	601693958.000000	4	1.0000	0	0		
rank_yes	s-512	(set)	large-subject-throughput	plain	same program	libpcre2_10.46_jit-caps-simdna	measured	pinned	3	stddev_ns	2536789.233675	4	1.0000	0	0		
rank_yes	s-512	(set)	large-subject-throughput	plain	same program	libpcre2_10.46_jit-caps-simdna	measured	pinned	3	ratio_vs_baseline	187.707260	4	1.0000	0	0		
rank_yes	s-512	(set)	large-subject-throughput	plain	same program	libpcre2_10.46_jit-caps-simdna	measured	pinned	3	ratio_vs_best	187.707260	4	1.0000	0	0		
baseline_yes	s-512	(set)	match-compliance			pcrec_c4c70f2c_vm-caps-simdna				baseline_identity	row-best-fallback					pcrec_c4c70f2c_vm-caps-simdna (row-best fallback -- interp absent from this group)	
rank_yes	s-512	(set)	match-compliance	whole-subject	separate artifact	pcrec_c4c70f2c_vm-caps-simdna	measured	pinned	1	median_ns	373.728311	40	1.0000	0	0		
rank_yes	s-512	(set)	match-compliance	whole-subject	separate artifact	pcrec_c4c70f2c_vm-caps-simdna	measured	pinned	1	min_ns	370.006695	40	1.0000	0	0		
rank_yes	s-512	(set)	match-compliance	whole-subject	separate artifact	pcrec_c4c70f2c_vm-caps-simdna	measured	pinned	1	max_ns	380.195061	40	1.0000	0	0		
rank_yes	s-512	(set)	match-compliance	whole-subject	separate artifact	pcrec_c4c70f2c_vm-caps-simdna	measured	pinned	1	stddev_ns	3.415692	40	1.0000	0	0		
rank_yes	s-512	(set)	match-compliance	whole-subject	separate artifact	pcrec_c4c70f2c_vm-caps-simdna	measured	pinned	1	ratio_vs_baseline	1.000000	40	1.0000	0	0		
rank_yes	s-512	(set)	match-compliance	whole-subject	separate artifact	pcrec_c4c70f2c_vm-caps-simdna	measured	pinned	1	ratio_vs_best	1.000000	40	1.0000	0	0		
rank_yes	s-512	(set)	match-compliance	whole-subject	separate artifact	pcrec_c4c70f2c_auto-caps-simdna	measured	pinned	2	median_ns	453.921383	40	1.0000	0	0		
rank_yes	s-512	(set)	match-compliance	whole-subject	separate artifact	pcrec_c4c70f2c_auto-caps-simdna	measured	pinned	2	min_ns	449.929468	40	1.0000	0	0		
rank_yes	s-512	(set)	match-compliance	whole-subject	separate artifact	pcrec_c4c70f2c_auto-caps-simdna	measured	pinned	2	max_ns	473.497869	40	1.0000	0	0		
rank_yes	s-512	(set)	match-compliance	whole-subject	separate artifact	pcrec_c4c70f2c_auto-caps-simdna	measured	pinned	2	stddev_ns	8.415650	40	1.0000	0	0		
rank_yes	s-512	(set)	match-compliance	whole-subject	separate artifact	pcrec_c4c70f2c_auto-caps-simdna	measured	pinned	2	ratio_vs_baseline	1.214576	40	1.0000	0	0		
rank_yes	s-512	(set)	match-compliance	whole-subject	separate artifact	pcrec_c4c70f2c_auto-caps-simdna	measured	pinned	2	ratio_vs_best	1.214576	40	1.0000	0	0		
rank_yes	s-512	(set)	match-compliance	plain	same program	libpcre2_10.46_jit-caps-simdna	measured	pinned	3	median_ns	108824.593468	40	1.0000	0	0		
rank_yes	s-512	(set)	match-compliance	plain	same program	libpcre2_10.46_jit-caps-simdna	measured	pinned	3	min_ns	106893.167579	40	1.0000	0	0		
rank_yes	s-512	(set)	match-compliance	plain	same program	libpcre2_10.46_jit-caps-simdna	measured	pinned	3	max_ns	109897.209475	40	1.0000	0	0		
rank_yes	s-512	(set)	match-compliance	plain	same program	libpcre2_10.46_jit-caps-simdna	measured	pinned	3	stddev_ns	1074.054380	40	1.0000	0	0		
rank_yes	s-512	(set)	match-compliance	plain	same program	libpcre2_10.46_jit-caps-simdna	measured	pinned	3	ratio_vs_baseline	291.186378	40	1.0000	0	0		
rank_yes	s-512	(set)	match-compliance	plain	same program	libpcre2_10.46_jit-caps-simdna	measured	pinned	3	ratio_vs_best	291.186378	40	1.0000	0	0		
baseline_yes	s-512	(set)	short-subject-search			pcrec_c4c70f2c_auto-caps-simdna				baseline_identity	row-best-fallback					pcrec_c4c70f2c_auto-caps-simdna (row-best fallback -- interp absent from this group)	
rank_yes	s-512	(set)	short-subject-search	plain	same program	pcrec_c4c70f2c_auto-caps-simdna	measured	pinned	1	median_ns	8244.973700	40	1.0000	0	0		
rank_yes	s-512	(set)	short-subject-search	plain	same program	pcrec_c4c70f2c_auto-caps-simdna	measured	pinned	1	min_ns	8239.406886	40	1.0000	0	0		
rank_yes	s-512	(set)	short-subject-search	plain	same program	pcrec_c4c70f2c_auto-caps-simdna	measured	pinned	1	max_ns	8384.607868	40	1.0000	0	0		
rank_yes	s-512	(set)	short-subject-search	plain	same program	pcrec_c4c70f2c_auto-caps-simdna	measured	pinned	1	stddev_ns	55.614561	40	1.0000	0	0		
rank_yes	s-512	(set)	short-subject-search	plain	same program	pcrec_c4c70f2c_auto-caps-simdna	measured	pinned	1	ratio_vs_baseline	1.000000	40	1.0000	0	0		
rank_yes	s-512	(set)	short-subject-search	plain	same program	pcrec_c4c70f2c_auto-caps-simdna	measured	pinned	1	ratio_vs_best	1.000000	40	1.0000	0	0		
rank_yes	s-512	(set)	short-subject-search	plain	same program	pcrec_c4c70f2c_vm-caps-simdna	measured	pinned	2	median_ns	61849.029297	40	1.0000	0	0		
rank_yes	s-512	(set)	short-subject-search	plain	same program	pcrec_c4c70f2c_vm-caps-simdna	measured	pinned	2	min_ns	59286.129020	40	1.0000	0	0		
rank_yes	s-512	(set)	short-subject-search	plain	same program	pcrec_c4c70f2c_vm-caps-simdna	measured	pinned	2	max_ns	62291.199291	40	1.0000	0	0		
rank_yes	s-512	(set)	short-subject-search	plain	same program	pcrec_c4c70f2c_vm-caps-simdna	measured	pinned	2	stddev_ns	1083.939733	40	1.0000	0	0		
rank_yes	s-512	(set)	short-subject-search	plain	same program	pcrec_c4c70f2c_vm-caps-simdna	measured	pinned	2	ratio_vs_baseline	7.501422	40	1.0000	0	0		
rank_yes	s-512	(set)	short-subject-search	plain	same program	pcrec_c4c70f2c_vm-caps-simdna	measured	pinned	2	ratio_vs_best	7.501422	40	1.0000	0	0		
rank_yes	s-512	(set)	short-subject-search	plain	same program	libpcre2_10.46_jit-caps-simdna	measured	pinned	3	median_ns	3079819.732468	40	1.0000	0	0		
rank_yes	s-512	(set)	short-subject-search	plain	same program	libpcre2_10.46_jit-caps-simdna	measured	pinned	3	min_ns	3077898.779221	40	1.0000	0	0		
rank_yes	s-512	(set)	short-subject-search	plain	same program	libpcre2_10.46_jit-caps-simdna	measured	pinned	3	max_ns	3087266.706494	40	1.0000	0	0		
rank_yes	s-512	(set)	short-subject-search	plain	same program	libpcre2_10.46_jit-caps-simdna	measured	pinned	3	stddev_ns	4001.904078	40	1.0000	0	0		
rank_yes	s-512	(set)	short-subject-search	plain	same program	libpcre2_10.46_jit-caps-simdna	measured	pinned	3	ratio_vs_baseline	373.539061	40	1.0000	0	0		
rank_yes	s-512	(set)	short-subject-search	plain	same program	libpcre2_10.46_jit-caps-simdna	measured	pinned	3	ratio_vs_best	373.539061	40	1.0000	0	0		
baseline_yes	sfx-256	(set)	large-subject-throughput			pcrec_c4c70f2c_auto-caps-simdna				baseline_identity	row-best-fallback					pcrec_c4c70f2c_auto-caps-simdna (row-best fallback -- interp absent from this group)	
rank_yes	sfx-256	(set)	large-subject-throughput	plain	same program	pcrec_c4c70f2c_auto-caps-simdna	measured	pinned	1	median_ns	2957770.127273	4	1.0000	0	0		
rank_yes	sfx-256	(set)	large-subject-throughput	plain	same program	pcrec_c4c70f2c_auto-caps-simdna	measured	pinned	1	min_ns	2949265.336364	4	1.0000	0	0		
rank_yes	sfx-256	(set)	large-subject-throughput	plain	same program	pcrec_c4c70f2c_auto-caps-simdna	measured	pinned	1	max_ns	2969123.200000	4	1.0000	0	0		
rank_yes	sfx-256	(set)	large-subject-throughput	plain	same program	pcrec_c4c70f2c_auto-caps-simdna	measured	pinned	1	stddev_ns	7383.100407	4	1.0000	0	0		
rank_yes	sfx-256	(set)	large-subject-throughput	plain	same program	pcrec_c4c70f2c_auto-caps-simdna	measured	pinned	1	ratio_vs_baseline	1.000000	4	1.0000	0	0		
rank_yes	sfx-256	(set)	large-subject-throughput	plain	same program	pcrec_c4c70f2c_auto-caps-simdna	measured	pinned	1	ratio_vs_best	1.000000	4	1.0000	0	0		
rank_yes	sfx-256	(set)	large-subject-throughput	plain	same program	pcrec_c4c70f2c_vm-caps-simdna	measured	pinned	2	median_ns	16721849.571429	4	1.0000	0	0		
rank_yes	sfx-256	(set)	large-subject-throughput	plain	same program	pcrec_c4c70f2c_vm-caps-simdna	measured	pinned	2	min_ns	16706451.952381	4	1.0000	0	0		
rank_yes	sfx-256	(set)	large-subject-throughput	plain	same program	pcrec_c4c70f2c_vm-caps-simdna	measured	pinned	2	max_ns	17090807.714286	4	1.0000	0	0		
rank_yes	sfx-256	(set)	large-subject-throughput	plain	same program	pcrec_c4c70f2c_vm-caps-simdna	measured	pinned	2	stddev_ns	149339.251450	4	1.0000	0	0		
rank_yes	sfx-256	(set)	large-subject-throughput	plain	same program	pcrec_c4c70f2c_vm-caps-simdna	measured	pinned	2	ratio_vs_baseline	5.653533	4	1.0000	0	0		
rank_yes	sfx-256	(set)	large-subject-throughput	plain	same program	pcrec_c4c70f2c_vm-caps-simdna	measured	pinned	2	ratio_vs_best	5.653533	4	1.0000	0	0		
rank_yes	sfx-256	(set)	large-subject-throughput	plain	same program	libpcre2_10.46_jit-caps-simdna	measured	pinned	3	median_ns	246466244.500000	4	1.0000	0	0		
rank_yes	sfx-256	(set)	large-subject-throughput	plain	same program	libpcre2_10.46_jit-caps-simdna	measured	pinned	3	min_ns	233936733.500000	4	1.0000	0	0		
rank_yes	sfx-256	(set)	large-subject-throughput	plain	same program	libpcre2_10.46_jit-caps-simdna	measured	pinned	3	max_ns	256779153.000000	4	1.0000	0	0		
rank_yes	sfx-256	(set)	large-subject-throughput	plain	same program	libpcre2_10.46_jit-caps-simdna	measured	pinned	3	stddev_ns	7457110.370883	4	1.0000	0	0		
rank_yes	sfx-256	(set)	large-subject-throughput	plain	same program	libpcre2_10.46_jit-caps-simdna	measured	pinned	3	ratio_vs_baseline	83.328397	4	1.0000	0	0		
rank_yes	sfx-256	(set)	large-subject-throughput	plain	same program	libpcre2_10.46_jit-caps-simdna	measured	pinned	3	ratio_vs_best	83.328397	4	1.0000	0	0		
baseline_yes	sfx-256	(set)	match-compliance			pcrec_c4c70f2c_vm-caps-simdna				baseline_identity	row-best-fallback					pcrec_c4c70f2c_vm-caps-simdna (row-best fallback -- interp absent from this group)	
rank_yes	sfx-256	(set)	match-compliance	whole-subject	separate artifact	pcrec_c4c70f2c_vm-caps-simdna	measured	pinned	1	median_ns	371.408283	40	1.0000	0	0		
rank_yes	sfx-256	(set)	match-compliance	whole-subject	separate artifact	pcrec_c4c70f2c_vm-caps-simdna	measured	pinned	1	min_ns	370.249524	40	1.0000	0	0		
rank_yes	sfx-256	(set)	match-compliance	whole-subject	separate artifact	pcrec_c4c70f2c_vm-caps-simdna	measured	pinned	1	max_ns	374.804074	40	1.0000	0	0		
rank_yes	sfx-256	(set)	match-compliance	whole-subject	separate artifact	pcrec_c4c70f2c_vm-caps-simdna	measured	pinned	1	stddev_ns	1.579595	40	1.0000	0	0		
rank_yes	sfx-256	(set)	match-compliance	whole-subject	separate artifact	pcrec_c4c70f2c_vm-caps-simdna	measured	pinned	1	ratio_vs_baseline	1.000000	40	1.0000	0	0		
rank_yes	sfx-256	(set)	match-compliance	whole-subject	separate artifact	pcrec_c4c70f2c_vm-caps-simdna	measured	pinned	1	ratio_vs_best	1.000000	40	1.0000	0	0		
rank_yes	sfx-256	(set)	match-compliance	whole-subject	separate artifact	pcrec_c4c70f2c_auto-caps-simdna	measured	pinned	2	median_ns	470.831681	40	1.0000	0	0		
rank_yes	sfx-256	(set)	match-compliance	whole-subject	separate artifact	pcrec_c4c70f2c_auto-caps-simdna	measured	pinned	2	min_ns	463.021168	40	1.0000	0	0		
rank_yes	sfx-256	(set)	match-compliance	whole-subject	separate artifact	pcrec_c4c70f2c_auto-caps-simdna	measured	pinned	2	max_ns	481.515176	40	1.0000	0	0		
rank_yes	sfx-256	(set)	match-compliance	whole-subject	separate artifact	pcrec_c4c70f2c_auto-caps-simdna	measured	pinned	2	stddev_ns	7.591157	40	1.0000	0	0		
rank_yes	sfx-256	(set)	match-compliance	whole-subject	separate artifact	pcrec_c4c70f2c_auto-caps-simdna	measured	pinned	2	ratio_vs_baseline	1.267693	40	1.0000	0	0		
rank_yes	sfx-256	(set)	match-compliance	whole-subject	separate artifact	pcrec_c4c70f2c_auto-caps-simdna	measured	pinned	2	ratio_vs_best	1.267693	40	1.0000	0	0		
rank_yes	sfx-256	(set)	match-compliance	plain	same program	libpcre2_10.46_jit-caps-simdna	measured	pinned	3	median_ns	8487.799743	40	1.0000	0	0		
rank_yes	sfx-256	(set)	match-compliance	plain	same program	libpcre2_10.46_jit-caps-simdna	measured	pinned	3	min_ns	8419.274498	40	1.0000	0	0		
rank_yes	sfx-256	(set)	match-compliance	plain	same program	libpcre2_10.46_jit-caps-simdna	measured	pinned	3	max_ns	8514.139965	40	1.0000	0	0		
rank_yes	sfx-256	(set)	match-compliance	plain	same program	libpcre2_10.46_jit-caps-simdna	measured	pinned	3	stddev_ns	31.987806	40	1.0000	0	0		
rank_yes	sfx-256	(set)	match-compliance	plain	same program	libpcre2_10.46_jit-caps-simdna	measured	pinned	3	ratio_vs_baseline	22.853017	40	1.0000	0	0		
rank_yes	sfx-256	(set)	match-compliance	plain	same program	libpcre2_10.46_jit-caps-simdna	measured	pinned	3	ratio_vs_best	22.853017	40	1.0000	0	0		
baseline_yes	sfx-256	(set)	short-subject-search			pcrec_c4c70f2c_auto-caps-simdna				baseline_identity	row-best-fallback					pcrec_c4c70f2c_auto-caps-simdna (row-best fallback -- interp absent from this group)	
rank_yes	sfx-256	(set)	short-subject-search	plain	same program	pcrec_c4c70f2c_auto-caps-simdna	measured	pinned	1	median_ns	1191.525377	40	1.0000	0	0		
rank_yes	sfx-256	(set)	short-subject-search	plain	same program	pcrec_c4c70f2c_auto-caps-simdna	measured	pinned	1	min_ns	1188.421842	40	1.0000	0	0		
rank_yes	sfx-256	(set)	short-subject-search	plain	same program	pcrec_c4c70f2c_auto-caps-simdna	measured	pinned	1	max_ns	1195.009831	40	1.0000	0	0		
rank_yes	sfx-256	(set)	short-subject-search	plain	same program	pcrec_c4c70f2c_auto-caps-simdna	measured	pinned	1	stddev_ns	2.092161	40	1.0000	0	0		
rank_yes	sfx-256	(set)	short-subject-search	plain	same program	pcrec_c4c70f2c_auto-caps-simdna	measured	pinned	1	ratio_vs_baseline	1.000000	40	1.0000	0	0		
rank_yes	sfx-256	(set)	short-subject-search	plain	same program	pcrec_c4c70f2c_auto-caps-simdna	measured	pinned	1	ratio_vs_best	1.000000	40	1.0000	0	0		
rank_yes	sfx-256	(set)	short-subject-search	plain	same program	pcrec_c4c70f2c_vm-caps-simdna	measured	pinned	2	median_ns	2144.256905	40	1.0000	0	0		
rank_yes	sfx-256	(set)	short-subject-search	plain	same program	pcrec_c4c70f2c_vm-caps-simdna	measured	pinned	2	min_ns	2142.581082	40	1.0000	0	0		
rank_yes	sfx-256	(set)	short-subject-search	plain	same program	pcrec_c4c70f2c_vm-caps-simdna	measured	pinned	2	max_ns	2148.302085	40	1.0000	0	0		
rank_yes	sfx-256	(set)	short-subject-search	plain	same program	pcrec_c4c70f2c_vm-caps-simdna	measured	pinned	2	stddev_ns	2.193516	40	1.0000	0	0		
rank_yes	sfx-256	(set)	short-subject-search	plain	same program	pcrec_c4c70f2c_vm-caps-simdna	measured	pinned	2	ratio_vs_baseline	1.799590	40	1.0000	0	0		
rank_yes	sfx-256	(set)	short-subject-search	plain	same program	pcrec_c4c70f2c_vm-caps-simdna	measured	pinned	2	ratio_vs_best	1.799590	40	1.0000	0	0		
rank_yes	sfx-256	(set)	short-subject-search	plain	same program	libpcre2_10.46_jit-caps-simdna	measured	pinned	3	median_ns	1049806.400545	40	1.0000	0	0		
rank_yes	sfx-256	(set)	short-subject-search	plain	same program	libpcre2_10.46_jit-caps-simdna	measured	pinned	3	min_ns	973117.650136	40	1.0000	0	0		
rank_yes	sfx-256	(set)	short-subject-search	plain	same program	libpcre2_10.46_jit-caps-simdna	measured	pinned	3	max_ns	1075714.823978	40	1.0000	0	0		
rank_yes	sfx-256	(set)	short-subject-search	plain	same program	libpcre2_10.46_jit-caps-simdna	measured	pinned	3	stddev_ns	43445.178833	40	1.0000	0	0		
rank_yes	sfx-256	(set)	short-subject-search	plain	same program	libpcre2_10.46_jit-caps-simdna	measured	pinned	3	ratio_vs_baseline	881.060883	40	1.0000	0	0		
rank_yes	sfx-256	(set)	short-subject-search	plain	same program	libpcre2_10.46_jit-caps-simdna	measured	pinned	3	ratio_vs_best	881.060883	40	1.0000	0	0		
baseline_yes	sfx-512	(set)	large-subject-throughput			pcrec_c4c70f2c_auto-caps-simdna				baseline_identity	row-best-fallback					pcrec_c4c70f2c_auto-caps-simdna (row-best fallback -- interp absent from this group)	
rank_yes	sfx-512	(set)	large-subject-throughput	plain	same program	pcrec_c4c70f2c_auto-caps-simdna	measured	pinned	1	median_ns	3245055.257732	4	1.0000	0	0		
rank_yes	sfx-512	(set)	large-subject-throughput	plain	same program	pcrec_c4c70f2c_auto-caps-simdna	measured	pinned	1	min_ns	3240749.649485	4	1.0000	0	0		
rank_yes	sfx-512	(set)	large-subject-throughput	plain	same program	pcrec_c4c70f2c_auto-caps-simdna	measured	pinned	1	max_ns	3253037.865979	4	1.0000	0	0		
rank_yes	sfx-512	(set)	large-subject-throughput	plain	same program	pcrec_c4c70f2c_auto-caps-simdna	measured	pinned	1	stddev_ns	4450.161500	4	1.0000	0	0		
rank_yes	sfx-512	(set)	large-subject-throughput	plain	same program	pcrec_c4c70f2c_auto-caps-simdna	measured	pinned	1	ratio_vs_baseline	1.000000	4	1.0000	0	0		
rank_yes	sfx-512	(set)	large-subject-throughput	plain	same program	pcrec_c4c70f2c_auto-caps-simdna	measured	pinned	1	ratio_vs_best	1.000000	4	1.0000	0	0		
rank_yes	sfx-512	(set)	large-subject-throughput	plain	same program	pcrec_c4c70f2c_vm-caps-simdna	measured	pinned	2	median_ns	16589122.238095	4	1.0000	0	0		
rank_yes	sfx-512	(set)	large-subject-throughput	plain	same program	pcrec_c4c70f2c_vm-caps-simdna	measured	pinned	2	min_ns	16550301.047619	4	1.0000	0	0		
rank_yes	sfx-512	(set)	large-subject-throughput	plain	same program	pcrec_c4c70f2c_vm-caps-simdna	measured	pinned	2	max_ns	16641122.523810	4	1.0000	0	0		
rank_yes	sfx-512	(set)	large-subject-throughput	plain	same program	pcrec_c4c70f2c_vm-caps-simdna	measured	pinned	2	stddev_ns	29372.328041	4	1.0000	0	0		
rank_yes	sfx-512	(set)	large-subject-throughput	plain	same program	pcrec_c4c70f2c_vm-caps-simdna	measured	pinned	2	ratio_vs_baseline	5.112123	4	1.0000	0	0		
rank_yes	sfx-512	(set)	large-subject-throughput	plain	same program	pcrec_c4c70f2c_vm-caps-simdna	measured	pinned	2	ratio_vs_best	5.112123	4	1.0000	0	0		
rank_yes	sfx-512	(set)	large-subject-throughput	plain	same program	libpcre2_10.46_jit-caps-simdna	measured	pinned	3	median_ns	586199668.000000	4	1.0000	0	0		
rank_yes	sfx-512	(set)	large-subject-throughput	plain	same program	libpcre2_10.46_jit-caps-simdna	measured	pinned	3	min_ns	585990868.000000	4	1.0000	0	0		
rank_yes	sfx-512	(set)	large-subject-throughput	plain	same program	libpcre2_10.46_jit-caps-simdna	measured	pinned	3	max_ns	588403330.000000	4	1.0000	0	0		
rank_yes	sfx-512	(set)	large-subject-throughput	plain	same program	libpcre2_10.46_jit-caps-simdna	measured	pinned	3	stddev_ns	898055.936788	4	1.0000	0	0		
rank_yes	sfx-512	(set)	large-subject-throughput	plain	same program	libpcre2_10.46_jit-caps-simdna	measured	pinned	3	ratio_vs_baseline	180.643971	4	1.0000	0	0		
rank_yes	sfx-512	(set)	large-subject-throughput	plain	same program	libpcre2_10.46_jit-caps-simdna	measured	pinned	3	ratio_vs_best	180.643971	4	1.0000	0	0		
baseline_yes	sfx-512	(set)	match-compliance			pcrec_c4c70f2c_vm-caps-simdna				baseline_identity	row-best-fallback					pcrec_c4c70f2c_vm-caps-simdna (row-best fallback -- interp absent from this group)	
rank_yes	sfx-512	(set)	match-compliance	whole-subject	separate artifact	pcrec_c4c70f2c_vm-caps-simdna	measured	pinned	1	median_ns	363.401540	40	1.0000	0	0		
rank_yes	sfx-512	(set)	match-compliance	whole-subject	separate artifact	pcrec_c4c70f2c_vm-caps-simdna	measured	pinned	1	min_ns	361.940256	40	1.0000	0	0		
rank_yes	sfx-512	(set)	match-compliance	whole-subject	separate artifact	pcrec_c4c70f2c_vm-caps-simdna	measured	pinned	1	max_ns	364.050327	40	1.0000	0	0		
rank_yes	sfx-512	(set)	match-compliance	whole-subject	separate artifact	pcrec_c4c70f2c_vm-caps-simdna	measured	pinned	1	stddev_ns	0.703533	40	1.0000	0	0		
rank_yes	sfx-512	(set)	match-compliance	whole-subject	separate artifact	pcrec_c4c70f2c_vm-caps-simdna	measured	pinned	1	ratio_vs_baseline	1.000000	40	1.0000	0	0		
rank_yes	sfx-512	(set)	match-compliance	whole-subject	separate artifact	pcrec_c4c70f2c_vm-caps-simdna	measured	pinned	1	ratio_vs_best	1.000000	40	1.0000	0	0		
rank_yes	sfx-512	(set)	match-compliance	whole-subject	separate artifact	pcrec_c4c70f2c_auto-caps-simdna	measured	pinned	2	median_ns	605.763056	40	1.0000	0	0		
rank_yes	sfx-512	(set)	match-compliance	whole-subject	separate artifact	pcrec_c4c70f2c_auto-caps-simdna	measured	pinned	2	min_ns	601.760025	40	1.0000	0	0		
rank_yes	sfx-512	(set)	match-compliance	whole-subject	separate artifact	pcrec_c4c70f2c_auto-caps-simdna	measured	pinned	2	max_ns	652.503793	40	1.0000	0	0		
rank_yes	sfx-512	(set)	match-compliance	whole-subject	separate artifact	pcrec_c4c70f2c_auto-caps-simdna	measured	pinned	2	stddev_ns	19.296129	40	1.0000	0	0		
rank_yes	sfx-512	(set)	match-compliance	whole-subject	separate artifact	pcrec_c4c70f2c_auto-caps-simdna	measured	pinned	2	ratio_vs_baseline	1.666925	40	1.0000	0	0		
rank_yes	sfx-512	(set)	match-compliance	whole-subject	separate artifact	pcrec_c4c70f2c_auto-caps-simdna	measured	pinned	2	ratio_vs_best	1.666925	40	1.0000	0	0		
rank_yes	sfx-512	(set)	match-compliance	plain	same program	libpcre2_10.46_jit-caps-simdna	measured	pinned	3	median_ns	15476.176537	40	1.0000	0	0		
rank_yes	sfx-512	(set)	match-compliance	plain	same program	libpcre2_10.46_jit-caps-simdna	measured	pinned	3	min_ns	15456.492954	40	1.0000	0	0		
rank_yes	sfx-512	(set)	match-compliance	plain	same program	libpcre2_10.46_jit-caps-simdna	measured	pinned	3	max_ns	15664.103012	40	1.0000	0	0		
rank_yes	sfx-512	(set)	match-compliance	plain	same program	libpcre2_10.46_jit-caps-simdna	measured	pinned	3	stddev_ns	77.916787	40	1.0000	0	0		
rank_yes	sfx-512	(set)	match-compliance	plain	same program	libpcre2_10.46_jit-caps-simdna	measured	pinned	3	ratio_vs_baseline	42.586987	40	1.0000	0	0		
rank_yes	sfx-512	(set)	match-compliance	plain	same program	libpcre2_10.46_jit-caps-simdna	measured	pinned	3	ratio_vs_best	42.586987	40	1.0000	0	0		
baseline_yes	sfx-512	(set)	short-subject-search			pcrec_c4c70f2c_auto-caps-simdna				baseline_identity	row-best-fallback					pcrec_c4c70f2c_auto-caps-simdna (row-best fallback -- interp absent from this group)	
rank_yes	sfx-512	(set)	short-subject-search	plain	same program	pcrec_c4c70f2c_auto-caps-simdna	measured	pinned	1	median_ns	1188.752567	40	1.0000	0	0		
rank_yes	sfx-512	(set)	short-subject-search	plain	same program	pcrec_c4c70f2c_auto-caps-simdna	measured	pinned	1	min_ns	1186.526305	40	1.0000	0	0		
rank_yes	sfx-512	(set)	short-subject-search	plain	same program	pcrec_c4c70f2c_auto-caps-simdna	measured	pinned	1	max_ns	1190.963633	40	1.0000	0	0		
rank_yes	sfx-512	(set)	short-subject-search	plain	same program	pcrec_c4c70f2c_auto-caps-simdna	measured	pinned	1	stddev_ns	1.569324	40	1.0000	0	0		
rank_yes	sfx-512	(set)	short-subject-search	plain	same program	pcrec_c4c70f2c_auto-caps-simdna	measured	pinned	1	ratio_vs_baseline	1.000000	40	1.0000	0	0		
rank_yes	sfx-512	(set)	short-subject-search	plain	same program	pcrec_c4c70f2c_auto-caps-simdna	measured	pinned	1	ratio_vs_best	1.000000	40	1.0000	0	0		
rank_yes	sfx-512	(set)	short-subject-search	plain	same program	pcrec_c4c70f2c_vm-caps-simdna	measured	pinned	2	median_ns	1956.288996	40	1.0000	0	0		
rank_yes	sfx-512	(set)	short-subject-search	plain	same program	pcrec_c4c70f2c_vm-caps-simdna	measured	pinned	2	min_ns	1946.607994	40	1.0000	0	0		
rank_yes	sfx-512	(set)	short-subject-search	plain	same program	pcrec_c4c70f2c_vm-caps-simdna	measured	pinned	2	max_ns	1957.900119	40	1.0000	0	0		
rank_yes	sfx-512	(set)	short-subject-search	plain	same program	pcrec_c4c70f2c_vm-caps-simdna	measured	pinned	2	stddev_ns	4.010741	40	1.0000	0	0		
rank_yes	sfx-512	(set)	short-subject-search	plain	same program	pcrec_c4c70f2c_vm-caps-simdna	measured	pinned	2	ratio_vs_baseline	1.645665	40	1.0000	0	0		
rank_yes	sfx-512	(set)	short-subject-search	plain	same program	pcrec_c4c70f2c_vm-caps-simdna	measured	pinned	2	ratio_vs_best	1.645665	40	1.0000	0	0		
rank_yes	sfx-512	(set)	short-subject-search	plain	same program	libpcre2_10.46_jit-caps-simdna	measured	pinned	3	median_ns	2485059.774933	40	1.0000	0	0		
rank_yes	sfx-512	(set)	short-subject-search	plain	same program	libpcre2_10.46_jit-caps-simdna	measured	pinned	3	min_ns	2471609.354447	40	1.0000	0	0		
rank_yes	sfx-512	(set)	short-subject-search	plain	same program	libpcre2_10.46_jit-caps-simdna	measured	pinned	3	max_ns	2502231.874663	40	1.0000	0	0		
rank_yes	sfx-512	(set)	short-subject-search	plain	same program	libpcre2_10.46_jit-caps-simdna	measured	pinned	3	stddev_ns	11217.849267	40	1.0000	0	0		
rank_yes	sfx-512	(set)	short-subject-search	plain	same program	libpcre2_10.46_jit-caps-simdna	measured	pinned	3	ratio_vs_baseline	2090.476895	40	1.0000	0	0		
rank_yes	sfx-512	(set)	short-subject-search	plain	same program	libpcre2_10.46_jit-caps-simdna	measured	pinned	3	ratio_vs_best	2090.476895	40	1.0000	0	0		
baseline_yes	sfx-64	(set)	large-subject-throughput			pcrec_c4c70f2c_auto-caps-simdna				baseline_identity	row-best-fallback					pcrec_c4c70f2c_auto-caps-simdna (row-best fallback -- interp absent from this group)	
rank_yes	sfx-64	(set)	large-subject-throughput	plain	same program	pcrec_c4c70f2c_auto-caps-simdna	measured	pinned	1	median_ns	3220787.247619	4	1.0000	0	0		
rank_yes	sfx-64	(set)	large-subject-throughput	plain	same program	pcrec_c4c70f2c_auto-caps-simdna	measured	pinned	1	min_ns	3212849.485714	4	1.0000	0	0		
rank_yes	sfx-64	(set)	large-subject-throughput	plain	same program	pcrec_c4c70f2c_auto-caps-simdna	measured	pinned	1	max_ns	3228705.123810	4	1.0000	0	0		
rank_yes	sfx-64	(set)	large-subject-throughput	plain	same program	pcrec_c4c70f2c_auto-caps-simdna	measured	pinned	1	stddev_ns	5381.745496	4	1.0000	0	0		
rank_yes	sfx-64	(set)	large-subject-throughput	plain	same program	pcrec_c4c70f2c_auto-caps-simdna	measured	pinned	1	ratio_vs_baseline	1.000000	4	1.0000	0	0		
rank_yes	sfx-64	(set)	large-subject-throughput	plain	same program	pcrec_c4c70f2c_auto-caps-simdna	measured	pinned	1	ratio_vs_best	1.000000	4	1.0000	0	0		
rank_yes	sfx-64	(set)	large-subject-throughput	plain	same program	pcrec_c4c70f2c_vm-caps-simdna	measured	pinned	2	median_ns	13421250.840000	4	1.0000	0	0		
rank_yes	sfx-64	(set)	large-subject-throughput	plain	same program	pcrec_c4c70f2c_vm-caps-simdna	measured	pinned	2	min_ns	13408296.720000	4	1.0000	0	0		
rank_yes	sfx-64	(set)	large-subject-throughput	plain	same program	pcrec_c4c70f2c_vm-caps-simdna	measured	pinned	2	max_ns	13435128.080000	4	1.0000	0	0		
rank_yes	sfx-64	(set)	large-subject-throughput	plain	same program	pcrec_c4c70f2c_vm-caps-simdna	measured	pinned	2	stddev_ns	9941.269735	4	1.0000	0	0		
rank_yes	sfx-64	(set)	large-subject-throughput	plain	same program	pcrec_c4c70f2c_vm-caps-simdna	measured	pinned	2	ratio_vs_baseline	4.167072	4	1.0000	0	0		
rank_yes	sfx-64	(set)	large-subject-throughput	plain	same program	pcrec_c4c70f2c_vm-caps-simdna	measured	pinned	2	ratio_vs_best	4.167072	4	1.0000	0	0		
rank_yes	sfx-64	(set)	large-subject-throughput	plain	same program	libpcre2_10.46_jit-caps-simdna	measured	pinned	3	median_ns	33808827.727273	4	1.0000	0	0		
rank_yes	sfx-64	(set)	large-subject-throughput	plain	same program	libpcre2_10.46_jit-caps-simdna	measured	pinned	3	min_ns	33778387.272727	4	1.0000	0	0		
rank_yes	sfx-64	(set)	large-subject-throughput	plain	same program	libpcre2_10.46_jit-caps-simdna	measured	pinned	3	max_ns	33983879.454545	4	1.0000	0	0		
rank_yes	sfx-64	(set)	large-subject-throughput	plain	same program	libpcre2_10.46_jit-caps-simdna	measured	pinned	3	stddev_ns	81952.433291	4	1.0000	0	0		
rank_yes	sfx-64	(set)	large-subject-throughput	plain	same program	libpcre2_10.46_jit-caps-simdna	measured	pinned	3	ratio_vs_baseline	10.497070	4	1.0000	0	0		
rank_yes	sfx-64	(set)	large-subject-throughput	plain	same program	libpcre2_10.46_jit-caps-simdna	measured	pinned	3	ratio_vs_best	10.497070	4	1.0000	0	0		
baseline_yes	sfx-64	(set)	match-compliance			pcrec_c4c70f2c_vm-caps-simdna				baseline_identity	row-best-fallback					pcrec_c4c70f2c_vm-caps-simdna (row-best fallback -- interp absent from this group)	
rank_yes	sfx-64	(set)	match-compliance	whole-subject	separate artifact	pcrec_c4c70f2c_vm-caps-simdna	measured	pinned	1	median_ns	358.157315	40	1.0000	0	0		
rank_yes	sfx-64	(set)	match-compliance	whole-subject	separate artifact	pcrec_c4c70f2c_vm-caps-simdna	measured	pinned	1	min_ns	357.901562	40	1.0000	0	0		
rank_yes	sfx-64	(set)	match-compliance	whole-subject	separate artifact	pcrec_c4c70f2c_vm-caps-simdna	measured	pinned	1	max_ns	358.428203	40	1.0000	0	0		
rank_yes	sfx-64	(set)	match-compliance	whole-subject	separate artifact	pcrec_c4c70f2c_vm-caps-simdna	measured	pinned	1	stddev_ns	0.218820	40	1.0000	0	0		
rank_yes	sfx-64	(set)	match-compliance	whole-subject	separate artifact	pcrec_c4c70f2c_vm-caps-simdna	measured	pinned	1	ratio_vs_baseline	1.000000	40	1.0000	0	0		
rank_yes	sfx-64	(set)	match-compliance	whole-subject	separate artifact	pcrec_c4c70f2c_vm-caps-simdna	measured	pinned	1	ratio_vs_best	1.000000	40	1.0000	0	0		
rank_yes	sfx-64	(set)	match-compliance	whole-subject	separate artifact	pcrec_c4c70f2c_auto-caps-simdna	measured	pinned	2	median_ns	462.110444	40	1.0000	0	0		
rank_yes	sfx-64	(set)	match-compliance	whole-subject	separate artifact	pcrec_c4c70f2c_auto-caps-simdna	measured	pinned	2	min_ns	460.672280	40	1.0000	0	0		
rank_yes	sfx-64	(set)	match-compliance	whole-subject	separate artifact	pcrec_c4c70f2c_auto-caps-simdna	measured	pinned	2	max_ns	473.478054	40	1.0000	0	0		
rank_yes	sfx-64	(set)	match-compliance	whole-subject	separate artifact	pcrec_c4c70f2c_auto-caps-simdna	measured	pinned	2	stddev_ns	4.847055	40	1.0000	0	0		
rank_yes	sfx-64	(set)	match-compliance	whole-subject	separate artifact	pcrec_c4c70f2c_auto-caps-simdna	measured	pinned	2	ratio_vs_baseline	1.290244	40	1.0000	0	0		
rank_yes	sfx-64	(set)	match-compliance	whole-subject	separate artifact	pcrec_c4c70f2c_auto-caps-simdna	measured	pinned	2	ratio_vs_best	1.290244	40	1.0000	0	0		
rank_yes	sfx-64	(set)	match-compliance	plain	same program	libpcre2_10.46_jit-caps-simdna	measured	pinned	3	median_ns	2442.977727	40	1.0000	0	0		
rank_yes	sfx-64	(set)	match-compliance	plain	same program	libpcre2_10.46_jit-caps-simdna	measured	pinned	3	min_ns	2382.645164	40	1.0000	0	0		
rank_yes	sfx-64	(set)	match-compliance	plain	same program	libpcre2_10.46_jit-caps-simdna	measured	pinned	3	max_ns	2484.635483	40	1.0000	0	0		
rank_yes	sfx-64	(set)	match-compliance	plain	same program	libpcre2_10.46_jit-caps-simdna	measured	pinned	3	stddev_ns	36.482048	40	1.0000	0	0		
rank_yes	sfx-64	(set)	match-compliance	plain	same program	libpcre2_10.46_jit-caps-simdna	measured	pinned	3	ratio_vs_baseline	6.820963	40	1.0000	0	0		
rank_yes	sfx-64	(set)	match-compliance	plain	same program	libpcre2_10.46_jit-caps-simdna	measured	pinned	3	ratio_vs_best	6.820963	40	1.0000	0	0		
baseline_yes	sfx-64	(set)	short-subject-search			pcrec_c4c70f2c_auto-caps-simdna				baseline_identity	row-best-fallback					pcrec_c4c70f2c_auto-caps-simdna (row-best fallback -- interp absent from this group)	
rank_yes	sfx-64	(set)	short-subject-search	plain	same program	pcrec_c4c70f2c_auto-caps-simdna	measured	pinned	1	median_ns	1188.020076	40	1.0000	0	0		
rank_yes	sfx-64	(set)	short-subject-search	plain	same program	pcrec_c4c70f2c_auto-caps-simdna	measured	pinned	1	min_ns	1184.468679	40	1.0000	0	0		
rank_yes	sfx-64	(set)	short-subject-search	plain	same program	pcrec_c4c70f2c_auto-caps-simdna	measured	pinned	1	max_ns	1191.470876	40	1.0000	0	0		
rank_yes	sfx-64	(set)	short-subject-search	plain	same program	pcrec_c4c70f2c_auto-caps-simdna	measured	pinned	1	stddev_ns	2.699625	40	1.0000	0	0		
rank_yes	sfx-64	(set)	short-subject-search	plain	same program	pcrec_c4c70f2c_auto-caps-simdna	measured	pinned	1	ratio_vs_baseline	1.000000	40	1.0000	0	0		
rank_yes	sfx-64	(set)	short-subject-search	plain	same program	pcrec_c4c70f2c_auto-caps-simdna	measured	pinned	1	ratio_vs_best	1.000000	40	1.0000	0	0		
rank_yes	sfx-64	(set)	short-subject-search	plain	same program	pcrec_c4c70f2c_vm-caps-simdna	measured	pinned	2	median_ns	2208.043205	40	1.0000	0	0		
rank_yes	sfx-64	(set)	short-subject-search	plain	same program	pcrec_c4c70f2c_vm-caps-simdna	measured	pinned	2	min_ns	2201.896516	40	1.0000	0	0		
rank_yes	sfx-64	(set)	short-subject-search	plain	same program	pcrec_c4c70f2c_vm-caps-simdna	measured	pinned	2	max_ns	2222.718146	40	1.0000	0	0		
rank_yes	sfx-64	(set)	short-subject-search	plain	same program	pcrec_c4c70f2c_vm-caps-simdna	measured	pinned	2	stddev_ns	6.961898	40	1.0000	0	0		
rank_yes	sfx-64	(set)	short-subject-search	plain	same program	pcrec_c4c70f2c_vm-caps-simdna	measured	pinned	2	ratio_vs_baseline	1.858591	40	1.0000	0	0		
rank_yes	sfx-64	(set)	short-subject-search	plain	same program	pcrec_c4c70f2c_vm-caps-simdna	measured	pinned	2	ratio_vs_best	1.858591	40	1.0000	0	0		
rank_yes	sfx-64	(set)	short-subject-search	plain	same program	libpcre2_10.46_jit-caps-simdna	measured	pinned	3	median_ns	144422.252053	40	1.0000	0	0		
rank_yes	sfx-64	(set)	short-subject-search	plain	same program	libpcre2_10.46_jit-caps-simdna	measured	pinned	3	min_ns	144271.290890	40	1.0000	0	0		
rank_yes	sfx-64	(set)	short-subject-search	plain	same program	libpcre2_10.46_jit-caps-simdna	measured	pinned	3	max_ns	145046.756642	40	1.0000	0	0		
rank_yes	sfx-64	(set)	short-subject-search	plain	same program	libpcre2_10.46_jit-caps-simdna	measured	pinned	3	stddev_ns	273.263371	40	1.0000	0	0		
rank_yes	sfx-64	(set)	short-subject-search	plain	same program	libpcre2_10.46_jit-caps-simdna	measured	pinned	3	ratio_vs_baseline	121.565498	40	1.0000	0	0		
rank_yes	sfx-64	(set)	short-subject-search	plain	same program	libpcre2_10.46_jit-caps-simdna	measured	pinned	3	ratio_vs_best	121.565498	40	1.0000	0	0		
baseline_yes	sh1-256	(set)	large-subject-throughput			pcrec_c4c70f2c_auto-caps-simdna				baseline_identity	row-best-fallback					pcrec_c4c70f2c_auto-caps-simdna (row-best fallback -- interp absent from this group)	
rank_yes	sh1-256	(set)	large-subject-throughput	plain	same program	pcrec_c4c70f2c_auto-caps-simdna	measured	pinned	1	median_ns	498191.224678	4	1.0000	0	0		
rank_yes	sh1-256	(set)	large-subject-throughput	plain	same program	pcrec_c4c70f2c_auto-caps-simdna	measured	pinned	1	min_ns	497735.182320	4	1.0000	0	0		
rank_yes	sh1-256	(set)	large-subject-throughput	plain	same program	pcrec_c4c70f2c_auto-caps-simdna	measured	pinned	1	max_ns	499022.977901	4	1.0000	0	0		
rank_yes	sh1-256	(set)	large-subject-throughput	plain	same program	pcrec_c4c70f2c_auto-caps-simdna	measured	pinned	1	stddev_ns	494.888315	4	1.0000	0	0		
rank_yes	sh1-256	(set)	large-subject-throughput	plain	same program	pcrec_c4c70f2c_auto-caps-simdna	measured	pinned	1	ratio_vs_baseline	1.000000	4	1.0000	0	0		
rank_yes	sh1-256	(set)	large-subject-throughput	plain	same program	pcrec_c4c70f2c_auto-caps-simdna	measured	pinned	1	ratio_vs_best	1.000000	4	1.0000	0	0		
rank_yes	sh1-256	(set)	large-subject-throughput	plain	same program	pcrec_c4c70f2c_vm-caps-simdna	measured	pinned	2	median_ns	3075903.925926	4	1.0000	0	0		
rank_yes	sh1-256	(set)	large-subject-throughput	plain	same program	pcrec_c4c70f2c_vm-caps-simdna	measured	pinned	2	min_ns	3022850.944444	4	1.0000	0	0		
rank_yes	sh1-256	(set)	large-subject-throughput	plain	same program	pcrec_c4c70f2c_vm-caps-simdna	measured	pinned	2	max_ns	3119477.009259	4	1.0000	0	0		
rank_yes	sh1-256	(set)	large-subject-throughput	plain	same program	pcrec_c4c70f2c_vm-caps-simdna	measured	pinned	2	stddev_ns	34302.394891	4	1.0000	0	0		
rank_yes	sh1-256	(set)	large-subject-throughput	plain	same program	pcrec_c4c70f2c_vm-caps-simdna	measured	pinned	2	ratio_vs_baseline	6.174143	4	1.0000	0	0		
rank_yes	sh1-256	(set)	large-subject-throughput	plain	same program	pcrec_c4c70f2c_vm-caps-simdna	measured	pinned	2	ratio_vs_best	6.174143	4	1.0000	0	0		
rank_yes	sh1-256	(set)	large-subject-throughput	plain	same program	libpcre2_10.46_jit-caps-simdna	measured	pinned	3	median_ns	9410444.575758	4	1.0000	0	0		
rank_yes	sh1-256	(set)	large-subject-throughput	plain	same program	libpcre2_10.46_jit-caps-simdna	measured	pinned	3	min_ns	9180761.575758	4	1.0000	0	0		
rank_yes	sh1-256	(set)	large-subject-throughput	plain	same program	libpcre2_10.46_jit-caps-simdna	measured	pinned	3	max_ns	9959622.909091	4	1.0000	0	0		
rank_yes	sh1-256	(set)	large-subject-throughput	plain	same program	libpcre2_10.46_jit-caps-simdna	measured	pinned	3	stddev_ns	317519.873993	4	1.0000	0	0		
rank_yes	sh1-256	(set)	large-subject-throughput	plain	same program	libpcre2_10.46_jit-caps-simdna	measured	pinned	3	ratio_vs_baseline	18.889222	4	1.0000	0	0		
rank_yes	sh1-256	(set)	large-subject-throughput	plain	same program	libpcre2_10.46_jit-caps-simdna	measured	pinned	3	ratio_vs_best	18.889222	4	1.0000	0	0		
baseline_yes	sh1-256	(set)	match-compliance			pcrec_c4c70f2c_vm-caps-simdna				baseline_identity	row-best-fallback					pcrec_c4c70f2c_vm-caps-simdna (row-best fallback -- interp absent from this group)	
rank_yes	sh1-256	(set)	match-compliance	whole-subject	separate artifact	pcrec_c4c70f2c_vm-caps-simdna	measured	pinned	1	median_ns	366.690232	40	1.0000	0	0		
rank_yes	sh1-256	(set)	match-compliance	whole-subject	separate artifact	pcrec_c4c70f2c_vm-caps-simdna	measured	pinned	1	min_ns	366.615797	40	1.0000	0	0		
rank_yes	sh1-256	(set)	match-compliance	whole-subject	separate artifact	pcrec_c4c70f2c_vm-caps-simdna	measured	pinned	1	max_ns	367.379911	40	1.0000	0	0		
rank_yes	sh1-256	(set)	match-compliance	whole-subject	separate artifact	pcrec_c4c70f2c_vm-caps-simdna	measured	pinned	1	stddev_ns	0.324917	40	1.0000	0	0		
rank_yes	sh1-256	(set)	match-compliance	whole-subject	separate artifact	pcrec_c4c70f2c_vm-caps-simdna	measured	pinned	1	ratio_vs_baseline	1.000000	40	1.0000	0	0		
rank_yes	sh1-256	(set)	match-compliance	whole-subject	separate artifact	pcrec_c4c70f2c_vm-caps-simdna	measured	pinned	1	ratio_vs_best	1.000000	40	1.0000	0	0		
rank_yes	sh1-256	(set)	match-compliance	whole-subject	separate artifact	pcrec_c4c70f2c_auto-caps-simdna	measured	pinned	2	median_ns	459.619104	40	1.0000	0	0		
rank_yes	sh1-256	(set)	match-compliance	whole-subject	separate artifact	pcrec_c4c70f2c_auto-caps-simdna	measured	pinned	2	min_ns	454.913854	40	1.0000	0	0		
rank_yes	sh1-256	(set)	match-compliance	whole-subject	separate artifact	pcrec_c4c70f2c_auto-caps-simdna	measured	pinned	2	max_ns	464.786963	40	1.0000	0	0		
rank_yes	sh1-256	(set)	match-compliance	whole-subject	separate artifact	pcrec_c4c70f2c_auto-caps-simdna	measured	pinned	2	stddev_ns	4.151953	40	1.0000	0	0		
rank_yes	sh1-256	(set)	match-compliance	whole-subject	separate artifact	pcrec_c4c70f2c_auto-caps-simdna	measured	pinned	2	ratio_vs_baseline	1.253426	40	1.0000	0	0		
rank_yes	sh1-256	(set)	match-compliance	whole-subject	separate artifact	pcrec_c4c70f2c_auto-caps-simdna	measured	pinned	2	ratio_vs_best	1.253426	40	1.0000	0	0		
rank_yes	sh1-256	(set)	match-compliance	plain	same program	libpcre2_10.46_jit-caps-simdna	measured	pinned	3	median_ns	6346.110484	40	1.0000	0	0		
rank_yes	sh1-256	(set)	match-compliance	plain	same program	libpcre2_10.46_jit-caps-simdna	measured	pinned	3	min_ns	6192.403703	40	1.0000	0	0		
rank_yes	sh1-256	(set)	match-compliance	plain	same program	libpcre2_10.46_jit-caps-simdna	measured	pinned	3	max_ns	6587.974756	40	1.0000	0	0		
rank_yes	sh1-256	(set)	match-compliance	plain	same program	libpcre2_10.46_jit-caps-simdna	measured	pinned	3	stddev_ns	147.620207	40	1.0000	0	0		
rank_yes	sh1-256	(set)	match-compliance	plain	same program	libpcre2_10.46_jit-caps-simdna	measured	pinned	3	ratio_vs_baseline	17.306462	40	1.0000	0	0		
rank_yes	sh1-256	(set)	match-compliance	plain	same program	libpcre2_10.46_jit-caps-simdna	measured	pinned	3	ratio_vs_best	17.306462	40	1.0000	0	0		
baseline_yes	sh1-256	(set)	short-subject-search			pcrec_c4c70f2c_auto-caps-simdna				baseline_identity	row-best-fallback					pcrec_c4c70f2c_auto-caps-simdna (row-best fallback -- interp absent from this group)	
rank_yes	sh1-256	(set)	short-subject-search	plain	same program	pcrec_c4c70f2c_auto-caps-simdna	measured	pinned	1	median_ns	1500.444444	40	1.0000	0	0		
rank_yes	sh1-256	(set)	short-subject-search	plain	same program	pcrec_c4c70f2c_auto-caps-simdna	measured	pinned	1	min_ns	1491.754967	40	1.0000	0	0		
rank_yes	sh1-256	(set)	short-subject-search	plain	same program	pcrec_c4c70f2c_auto-caps-simdna	measured	pinned	1	max_ns	1503.248517	40	1.0000	0	0		
rank_yes	sh1-256	(set)	short-subject-search	plain	same program	pcrec_c4c70f2c_auto-caps-simdna	measured	pinned	1	stddev_ns	4.543639	40	1.0000	0	0		
rank_yes	sh1-256	(set)	short-subject-search	plain	same program	pcrec_c4c70f2c_auto-caps-simdna	measured	pinned	1	ratio_vs_baseline	1.000000	40	1.0000	0	0		
rank_yes	sh1-256	(set)	short-subject-search	plain	same program	pcrec_c4c70f2c_auto-caps-simdna	measured	pinned	1	ratio_vs_best	1.000000	40	1.0000	0	0		
rank_yes	sh1-256	(set)	short-subject-search	plain	same program	pcrec_c4c70f2c_vm-caps-simdna	measured	pinned	2	median_ns	14224.654676	40	1.0000	0	0		
rank_yes	sh1-256	(set)	short-subject-search	plain	same program	pcrec_c4c70f2c_vm-caps-simdna	measured	pinned	2	min_ns	14128.574519	40	1.0000	0	0		
rank_yes	sh1-256	(set)	short-subject-search	plain	same program	pcrec_c4c70f2c_vm-caps-simdna	measured	pinned	2	max_ns	14816.164121	40	1.0000	0	0		
rank_yes	sh1-256	(set)	short-subject-search	plain	same program	pcrec_c4c70f2c_vm-caps-simdna	measured	pinned	2	stddev_ns	302.314733	40	1.0000	0	0		
rank_yes	sh1-256	(set)	short-subject-search	plain	same program	pcrec_c4c70f2c_vm-caps-simdna	measured	pinned	2	ratio_vs_baseline	9.480294	40	1.0000	0	0		
rank_yes	sh1-256	(set)	short-subject-search	plain	same program	pcrec_c4c70f2c_vm-caps-simdna	measured	pinned	2	ratio_vs_best	9.480294	40	1.0000	0	0		
rank_yes	sh1-256	(set)	short-subject-search	plain	same program	libpcre2_10.46_jit-caps-simdna	measured	pinned	3	median_ns	56182.679150	40	1.0000	0	0		
rank_yes	sh1-256	(set)	short-subject-search	plain	same program	libpcre2_10.46_jit-caps-simdna	measured	pinned	3	min_ns	53720.616811	40	1.0000	0	0		
rank_yes	sh1-256	(set)	short-subject-search	plain	same program	libpcre2_10.46_jit-caps-simdna	measured	pinned	3	max_ns	56431.507933	40	1.0000	0	0		
rank_yes	sh1-256	(set)	short-subject-search	plain	same program	libpcre2_10.46_jit-caps-simdna	measured	pinned	3	stddev_ns	1031.737637	40	1.0000	0	0		
rank_yes	sh1-256	(set)	short-subject-search	plain	same program	libpcre2_10.46_jit-caps-simdna	measured	pinned	3	ratio_vs_baseline	37.444025	40	1.0000	0	0		
rank_yes	sh1-256	(set)	short-subject-search	plain	same program	libpcre2_10.46_jit-caps-simdna	measured	pinned	3	ratio_vs_best	37.444025	40	1.0000	0	0		
baseline_yes	sh1-512	(set)	large-subject-throughput			pcrec_c4c70f2c_auto-caps-simdna				baseline_identity	row-best-fallback					pcrec_c4c70f2c_auto-caps-simdna (row-best fallback -- interp absent from this group)	
rank_yes	sh1-512	(set)	large-subject-throughput	plain	same program	pcrec_c4c70f2c_auto-caps-simdna	measured	pinned	1	median_ns	555129.942094	4	1.0000	0	0		
rank_yes	sh1-512	(set)	large-subject-throughput	plain	same program	pcrec_c4c70f2c_auto-caps-simdna	measured	pinned	1	min_ns	553896.213808	4	1.0000	0	0		
rank_yes	sh1-512	(set)	large-subject-throughput	plain	same program	pcrec_c4c70f2c_auto-caps-simdna	measured	pinned	1	max_ns	555592.146993	4	1.0000	0	0		
rank_yes	sh1-512	(set)	large-subject-throughput	plain	same program	pcrec_c4c70f2c_auto-caps-simdna	measured	pinned	1	stddev_ns	617.681847	4	1.0000	0	0		
rank_yes	sh1-512	(set)	large-subject-throughput	plain	same program	pcrec_c4c70f2c_auto-caps-simdna	measured	pinned	1	ratio_vs_baseline	1.000000	4	1.0000	0	0		
rank_yes	sh1-512	(set)	large-subject-throughput	plain	same program	pcrec_c4c70f2c_auto-caps-simdna	measured	pinned	1	ratio_vs_best	1.000000	4	1.0000	0	0		
rank_yes	sh1-512	(set)	large-subject-throughput	plain	same program	pcrec_c4c70f2c_vm-caps-simdna	measured	pinned	2	median_ns	2396517.467153	4	1.0000	0	0		
rank_yes	sh1-512	(set)	large-subject-throughput	plain	same program	pcrec_c4c70f2c_vm-caps-simdna	measured	pinned	2	min_ns	2394710.744526	4	1.0000	0	0		
rank_yes	sh1-512	(set)	large-subject-throughput	plain	same program	pcrec_c4c70f2c_vm-caps-simdna	measured	pinned	2	max_ns	2397517.547445	4	1.0000	0	0		
rank_yes	sh1-512	(set)	large-subject-throughput	plain	same program	pcrec_c4c70f2c_vm-caps-simdna	measured	pinned	2	stddev_ns	928.146660	4	1.0000	0	0		
rank_yes	sh1-512	(set)	large-subject-throughput	plain	same program	pcrec_c4c70f2c_vm-caps-simdna	measured	pinned	2	ratio_vs_baseline	4.317039	4	1.0000	0	0		
rank_yes	sh1-512	(set)	large-subject-throughput	plain	same program	pcrec_c4c70f2c_vm-caps-simdna	measured	pinned	2	ratio_vs_best	4.317039	4	1.0000	0	0		
rank_yes	sh1-512	(set)	large-subject-throughput	plain	same program	libpcre2_10.46_jit-caps-simdna	measured	pinned	3	median_ns	22923924.400000	4	1.0000	0	0		
rank_yes	sh1-512	(set)	large-subject-throughput	plain	same program	libpcre2_10.46_jit-caps-simdna	measured	pinned	3	min_ns	22910936.266667	4	1.0000	0	0		
rank_yes	sh1-512	(set)	large-subject-throughput	plain	same program	libpcre2_10.46_jit-caps-simdna	measured	pinned	3	max_ns	22981995.333333	4	1.0000	0	0		
rank_yes	sh1-512	(set)	large-subject-throughput	plain	same program	libpcre2_10.46_jit-caps-simdna	measured	pinned	3	stddev_ns	26252.652891	4	1.0000	0	0		
rank_yes	sh1-512	(set)	large-subject-throughput	plain	same program	libpcre2_10.46_jit-caps-simdna	measured	pinned	3	ratio_vs_baseline	41.294700	4	1.0000	0	0		
rank_yes	sh1-512	(set)	large-subject-throughput	plain	same program	libpcre2_10.46_jit-caps-simdna	measured	pinned	3	ratio_vs_best	41.294700	4	1.0000	0	0		
baseline_yes	sh1-512	(set)	match-compliance			pcrec_c4c70f2c_vm-caps-simdna				baseline_identity	row-best-fallback					pcrec_c4c70f2c_vm-caps-simdna (row-best fallback -- interp absent from this group)	
rank_yes	sh1-512	(set)	match-compliance	whole-subject	separate artifact	pcrec_c4c70f2c_vm-caps-simdna	measured	pinned	1	median_ns	351.843448	40	1.0000	0	0		
rank_yes	sh1-512	(set)	match-compliance	whole-subject	separate artifact	pcrec_c4c70f2c_vm-caps-simdna	measured	pinned	1	min_ns	351.243969	40	1.0000	0	0		
rank_yes	sh1-512	(set)	match-compliance	whole-subject	separate artifact	pcrec_c4c70f2c_vm-caps-simdna	measured	pinned	1	max_ns	351.882314	40	1.0000	0	0		
rank_yes	sh1-512	(set)	match-compliance	whole-subject	separate artifact	pcrec_c4c70f2c_vm-caps-simdna	measured	pinned	1	stddev_ns	0.300706	40	1.0000	0	0		
rank_yes	sh1-512	(set)	match-compliance	whole-subject	separate artifact	pcrec_c4c70f2c_vm-caps-simdna	measured	pinned	1	ratio_vs_baseline	1.000000	40	1.0000	0	0		
rank_yes	sh1-512	(set)	match-compliance	whole-subject	separate artifact	pcrec_c4c70f2c_vm-caps-simdna	measured	pinned	1	ratio_vs_best	1.000000	40	1.0000	0	0		
rank_yes	sh1-512	(set)	match-compliance	whole-subject	separate artifact	pcrec_c4c70f2c_auto-caps-simdna	measured	pinned	2	median_ns	771.565299	40	1.0000	0	0		
rank_yes	sh1-512	(set)	match-compliance	whole-subject	separate artifact	pcrec_c4c70f2c_auto-caps-simdna	measured	pinned	2	min_ns	769.962760	40	1.0000	0	0		
rank_yes	sh1-512	(set)	match-compliance	whole-subject	separate artifact	pcrec_c4c70f2c_auto-caps-simdna	measured	pinned	2	max_ns	773.542020	40	1.0000	0	0		
rank_yes	sh1-512	(set)	match-compliance	whole-subject	separate artifact	pcrec_c4c70f2c_auto-caps-simdna	measured	pinned	2	stddev_ns	1.255432	40	1.0000	0	0		
rank_yes	sh1-512	(set)	match-compliance	whole-subject	separate artifact	pcrec_c4c70f2c_auto-caps-simdna	measured	pinned	2	ratio_vs_baseline	2.192922	40	1.0000	0	0		
rank_yes	sh1-512	(set)	match-compliance	whole-subject	separate artifact	pcrec_c4c70f2c_auto-caps-simdna	measured	pinned	2	ratio_vs_best	2.192922	40	1.0000	0	0		
rank_yes	sh1-512	(set)	match-compliance	plain	same program	libpcre2_10.46_jit-caps-simdna	measured	pinned	3	median_ns	11200.032998	40	1.0000	0	0		
rank_yes	sh1-512	(set)	match-compliance	plain	same program	libpcre2_10.46_jit-caps-simdna	measured	pinned	3	min_ns	11101.104281	40	1.0000	0	0		
rank_yes	sh1-512	(set)	match-compliance	plain	same program	libpcre2_10.46_jit-caps-simdna	measured	pinned	3	max_ns	11326.024876	40	1.0000	0	0		
rank_yes	sh1-512	(set)	match-compliance	plain	same program	libpcre2_10.46_jit-caps-simdna	measured	pinned	3	stddev_ns	87.002531	40	1.0000	0	0		
rank_yes	sh1-512	(set)	match-compliance	plain	same program	libpcre2_10.46_jit-caps-simdna	measured	pinned	3	ratio_vs_baseline	31.832433	40	1.0000	0	0		
rank_yes	sh1-512	(set)	match-compliance	plain	same program	libpcre2_10.46_jit-caps-simdna	measured	pinned	3	ratio_vs_best	31.832433	40	1.0000	0	0		
baseline_yes	sh1-512	(set)	short-subject-search			pcrec_c4c70f2c_auto-caps-simdna				baseline_identity	row-best-fallback					pcrec_c4c70f2c_auto-caps-simdna (row-best fallback -- interp absent from this group)	
rank_yes	sh1-512	(set)	short-subject-search	plain	same program	pcrec_c4c70f2c_auto-caps-simdna	measured	pinned	1	median_ns	1513.444793	40	1.0000	0	0		
rank_yes	sh1-512	(set)	short-subject-search	plain	same program	pcrec_c4c70f2c_auto-caps-simdna	measured	pinned	1	min_ns	1511.343862	40	1.0000	0	0		
rank_yes	sh1-512	(set)	short-subject-search	plain	same program	pcrec_c4c70f2c_auto-caps-simdna	measured	pinned	1	max_ns	1515.335721	40	1.0000	0	0		
rank_yes	sh1-512	(set)	short-subject-search	plain	same program	pcrec_c4c70f2c_auto-caps-simdna	measured	pinned	1	stddev_ns	1.553438	40	1.0000	0	0		
rank_yes	sh1-512	(set)	short-subject-search	plain	same program	pcrec_c4c70f2c_auto-caps-simdna	measured	pinned	1	ratio_vs_baseline	1.000000	40	1.0000	0	0		
rank_yes	sh1-512	(set)	short-subject-search	plain	same program	pcrec_c4c70f2c_auto-caps-simdna	measured	pinned	1	ratio_vs_best	1.000000	40	1.0000	0	0		
rank_yes	sh1-512	(set)	short-subject-search	plain	same program	pcrec_c4c70f2c_vm-caps-simdna	measured	pinned	2	median_ns	12412.357026	40	1.0000	0	0		
rank_yes	sh1-512	(set)	short-subject-search	plain	same program	pcrec_c4c70f2c_vm-caps-simdna	measured	pinned	2	min_ns	12408.693253	40	1.0000	0	0		
rank_yes	sh1-512	(set)	short-subject-search	plain	same program	pcrec_c4c70f2c_vm-caps-simdna	measured	pinned	2	max_ns	12432.915519	40	1.0000	0	0		
rank_yes	sh1-512	(set)	short-subject-search	plain	same program	pcrec_c4c70f2c_vm-caps-simdna	measured	pinned	2	stddev_ns	8.862006	40	1.0000	0	0		
rank_yes	sh1-512	(set)	short-subject-search	plain	same program	pcrec_c4c70f2c_vm-caps-simdna	measured	pinned	2	ratio_vs_baseline	8.201394	40	1.0000	0	0		
rank_yes	sh1-512	(set)	short-subject-search	plain	same program	pcrec_c4c70f2c_vm-caps-simdna	measured	pinned	2	ratio_vs_best	8.201394	40	1.0000	0	0		
rank_yes	sh1-512	(set)	short-subject-search	plain	same program	libpcre2_10.46_jit-caps-simdna	measured	pinned	3	median_ns	127990.070441	40	1.0000	0	0		
rank_yes	sh1-512	(set)	short-subject-search	plain	same program	libpcre2_10.46_jit-caps-simdna	measured	pinned	3	min_ns	127389.141089	40	1.0000	0	0		
rank_yes	sh1-512	(set)	short-subject-search	plain	same program	libpcre2_10.46_jit-caps-simdna	measured	pinned	3	max_ns	128386.208952	40	1.0000	0	0		
rank_yes	sh1-512	(set)	short-subject-search	plain	same program	libpcre2_10.46_jit-caps-simdna	measured	pinned	3	stddev_ns	350.587114	40	1.0000	0	0		
rank_yes	sh1-512	(set)	short-subject-search	plain	same program	libpcre2_10.46_jit-caps-simdna	measured	pinned	3	ratio_vs_baseline	84.568708	40	1.0000	0	0		
rank_yes	sh1-512	(set)	short-subject-search	plain	same program	libpcre2_10.46_jit-caps-simdna	measured	pinned	3	ratio_vs_best	84.568708	40	1.0000	0	0		
baseline_yes	sh1-64	(set)	large-subject-throughput			pcrec_c4c70f2c_auto-caps-simdna				baseline_identity	row-best-fallback					pcrec_c4c70f2c_auto-caps-simdna (row-best fallback -- interp absent from this group)	
rank_yes	sh1-64	(set)	large-subject-throughput	plain	same program	pcrec_c4c70f2c_auto-caps-simdna	measured	pinned	1	median_ns	452374.882530	4	1.0000	0	0		
rank_yes	sh1-64	(set)	large-subject-throughput	plain	same program	pcrec_c4c70f2c_auto-caps-simdna	measured	pinned	1	min_ns	450964.227410	4	1.0000	0	0		
rank_yes	sh1-64	(set)	large-subject-throughput	plain	same program	pcrec_c4c70f2c_auto-caps-simdna	measured	pinned	1	max_ns	452456.149096	4	1.0000	0	0		
rank_yes	sh1-64	(set)	large-subject-throughput	plain	same program	pcrec_c4c70f2c_auto-caps-simdna	measured	pinned	1	stddev_ns	664.364360	4	1.0000	0	0		
rank_yes	sh1-64	(set)	large-subject-throughput	plain	same program	pcrec_c4c70f2c_auto-caps-simdna	measured	pinned	1	ratio_vs_baseline	1.000000	4	1.0000	0	0		
rank_yes	sh1-64	(set)	large-subject-throughput	plain	same program	pcrec_c4c70f2c_auto-caps-simdna	measured	pinned	1	ratio_vs_best	1.000000	4	1.0000	0	0		
rank_yes	sh1-64	(set)	large-subject-throughput	plain	same program	libpcre2_10.46_jit-caps-simdna	measured	pinned	2	median_ns	1794083.832487	4	1.0000	0	0		
rank_yes	sh1-64	(set)	large-subject-throughput	plain	same program	libpcre2_10.46_jit-caps-simdna	measured	pinned	2	min_ns	1648584.989848	4	1.0000	0	0		
rank_yes	sh1-64	(set)	large-subject-throughput	plain	same program	libpcre2_10.46_jit-caps-simdna	measured	pinned	2	max_ns	1805009.329949	4	1.0000	0	0		
rank_yes	sh1-64	(set)	large-subject-throughput	plain	same program	libpcre2_10.46_jit-caps-simdna	measured	pinned	2	stddev_ns	73172.288316	4	1.0000	0	0		
rank_yes	sh1-64	(set)	large-subject-throughput	plain	same program	libpcre2_10.46_jit-caps-simdna	measured	pinned	2	ratio_vs_baseline	3.965923	4	1.0000	0	0		
rank_yes	sh1-64	(set)	large-subject-throughput	plain	same program	libpcre2_10.46_jit-caps-simdna	measured	pinned	2	ratio_vs_best	3.965923	4	1.0000	0	0		
rank_yes	sh1-64	(set)	large-subject-throughput	plain	same program	pcrec_c4c70f2c_vm-caps-simdna	measured	pinned	3	median_ns	2669934.169355	4	1.0000	0	0		
rank_yes	sh1-64	(set)	large-subject-throughput	plain	same program	pcrec_c4c70f2c_vm-caps-simdna	measured	pinned	3	min_ns	2669335.209677	4	1.0000	0	0		
rank_yes	sh1-64	(set)	large-subject-throughput	plain	same program	pcrec_c4c70f2c_vm-caps-simdna	measured	pinned	3	max_ns	2721319.758065	4	1.0000	0	0		
rank_yes	sh1-64	(set)	large-subject-throughput	plain	same program	pcrec_c4c70f2c_vm-caps-simdna	measured	pinned	3	stddev_ns	20579.703294	4	1.0000	0	0		
rank_yes	sh1-64	(set)	large-subject-throughput	plain	same program	pcrec_c4c70f2c_vm-caps-simdna	measured	pinned	3	ratio_vs_baseline	5.902039	4	1.0000	0	0		
rank_yes	sh1-64	(set)	large-subject-throughput	plain	same program	pcrec_c4c70f2c_vm-caps-simdna	measured	pinned	3	ratio_vs_best	5.902039	4	1.0000	0	0		
baseline_yes	sh1-64	(set)	match-compliance			pcrec_c4c70f2c_vm-caps-simdna				baseline_identity	row-best-fallback					pcrec_c4c70f2c_vm-caps-simdna (row-best fallback -- interp absent from this group)	
rank_yes	sh1-64	(set)	match-compliance	whole-subject	separate artifact	pcrec_c4c70f2c_vm-caps-simdna	measured	pinned	1	median_ns	326.680066	40	1.0000	0	0		
rank_yes	sh1-64	(set)	match-compliance	whole-subject	separate artifact	pcrec_c4c70f2c_vm-caps-simdna	measured	pinned	1	min_ns	326.196972	40	1.0000	0	0		
rank_yes	sh1-64	(set)	match-compliance	whole-subject	separate artifact	pcrec_c4c70f2c_vm-caps-simdna	measured	pinned	1	max_ns	327.062748	40	1.0000	0	0		
rank_yes	sh1-64	(set)	match-compliance	whole-subject	separate artifact	pcrec_c4c70f2c_vm-caps-simdna	measured	pinned	1	stddev_ns	0.297428	40	1.0000	0	0		
rank_yes	sh1-64	(set)	match-compliance	whole-subject	separate artifact	pcrec_c4c70f2c_vm-caps-simdna	measured	pinned	1	ratio_vs_baseline	1.000000	40	1.0000	0	0		
rank_yes	sh1-64	(set)	match-compliance	whole-subject	separate artifact	pcrec_c4c70f2c_vm-caps-simdna	measured	pinned	1	ratio_vs_best	1.000000	40	1.0000	0	0		
rank_yes	sh1-64	(set)	match-compliance	whole-subject	separate artifact	pcrec_c4c70f2c_auto-caps-simdna	measured	pinned	2	median_ns	423.848295	40	1.0000	0	0		
rank_yes	sh1-64	(set)	match-compliance	whole-subject	separate artifact	pcrec_c4c70f2c_auto-caps-simdna	measured	pinned	2	min_ns	421.740244	40	1.0000	0	0		
rank_yes	sh1-64	(set)	match-compliance	whole-subject	separate artifact	pcrec_c4c70f2c_auto-caps-simdna	measured	pinned	2	max_ns	424.594586	40	1.0000	0	0		
rank_yes	sh1-64	(set)	match-compliance	whole-subject	separate artifact	pcrec_c4c70f2c_auto-caps-simdna	measured	pinned	2	stddev_ns	1.183281	40	1.0000	0	0		
rank_yes	sh1-64	(set)	match-compliance	whole-subject	separate artifact	pcrec_c4c70f2c_auto-caps-simdna	measured	pinned	2	ratio_vs_baseline	1.297442	40	1.0000	0	0		
rank_yes	sh1-64	(set)	match-compliance	whole-subject	separate artifact	pcrec_c4c70f2c_auto-caps-simdna	measured	pinned	2	ratio_vs_best	1.297442	40	1.0000	0	0		
rank_yes	sh1-64	(set)	match-compliance	plain	same program	libpcre2_10.46_jit-caps-simdna	measured	pinned	3	median_ns	2615.470883	40	1.0000	0	0		
rank_yes	sh1-64	(set)	match-compliance	plain	same program	libpcre2_10.46_jit-caps-simdna	measured	pinned	3	min_ns	2594.193142	40	1.0000	0	0		
rank_yes	sh1-64	(set)	match-compliance	plain	same program	libpcre2_10.46_jit-caps-simdna	measured	pinned	3	max_ns	2780.700083	40	1.0000	0	0		
rank_yes	sh1-64	(set)	match-compliance	plain	same program	libpcre2_10.46_jit-caps-simdna	measured	pinned	3	stddev_ns	70.827652	40	1.0000	0	0		
rank_yes	sh1-64	(set)	match-compliance	plain	same program	libpcre2_10.46_jit-caps-simdna	measured	pinned	3	ratio_vs_baseline	8.006215	40	1.0000	0	0		
rank_yes	sh1-64	(set)	match-compliance	plain	same program	libpcre2_10.46_jit-caps-simdna	measured	pinned	3	ratio_vs_best	8.006215	40	1.0000	0	0		
baseline_yes	sh1-64	(set)	short-subject-search			pcrec_c4c70f2c_auto-caps-simdna				baseline_identity	row-best-fallback					pcrec_c4c70f2c_auto-caps-simdna (row-best fallback -- interp absent from this group)	
rank_yes	sh1-64	(set)	short-subject-search	plain	same program	pcrec_c4c70f2c_auto-caps-simdna	measured	pinned	1	median_ns	1469.733342	40	1.0000	0	0		
rank_yes	sh1-64	(set)	short-subject-search	plain	same program	pcrec_c4c70f2c_auto-caps-simdna	measured	pinned	1	min_ns	1468.427877	40	1.0000	0	0		
rank_yes	sh1-64	(set)	short-subject-search	plain	same program	pcrec_c4c70f2c_auto-caps-simdna	measured	pinned	1	max_ns	1474.540274	40	1.0000	0	0		
rank_yes	sh1-64	(set)	short-subject-search	plain	same program	pcrec_c4c70f2c_auto-caps-simdna	measured	pinned	1	stddev_ns	2.177217	40	1.0000	0	0		
rank_yes	sh1-64	(set)	short-subject-search	plain	same program	pcrec_c4c70f2c_auto-caps-simdna	measured	pinned	1	ratio_vs_baseline	1.000000	40	1.0000	0	0		
rank_yes	sh1-64	(set)	short-subject-search	plain	same program	pcrec_c4c70f2c_auto-caps-simdna	measured	pinned	1	ratio_vs_best	1.000000	40	1.0000	0	0		
rank_yes	sh1-64	(set)	short-subject-search	plain	same program	libpcre2_10.46_jit-caps-simdna	measured	pinned	2	median_ns	10971.932612	40	1.0000	0	0		
rank_yes	sh1-64	(set)	short-subject-search	plain	same program	libpcre2_10.46_jit-caps-simdna	measured	pinned	2	min_ns	10875.904341	40	1.0000	0	0		
rank_yes	sh1-64	(set)	short-subject-search	plain	same program	libpcre2_10.46_jit-caps-simdna	measured	pinned	2	max_ns	11047.326626	40	1.0000	0	0		
rank_yes	sh1-64	(set)	short-subject-search	plain	same program	libpcre2_10.46_jit-caps-simdna	measured	pinned	2	stddev_ns	55.230994	40	1.0000	0	0		
rank_yes	sh1-64	(set)	short-subject-search	plain	same program	libpcre2_10.46_jit-caps-simdna	measured	pinned	2	ratio_vs_baseline	7.465254	40	1.0000	0	0		
rank_yes	sh1-64	(set)	short-subject-search	plain	same program	libpcre2_10.46_jit-caps-simdna	measured	pinned	2	ratio_vs_best	7.465254	40	1.0000	0	0		
rank_yes	sh1-64	(set)	short-subject-search	plain	same program	pcrec_c4c70f2c_vm-caps-simdna	measured	pinned	3	median_ns	14895.861875	40	1.0000	0	0		
rank_yes	sh1-64	(set)	short-subject-search	plain	same program	pcrec_c4c70f2c_vm-caps-simdna	measured	pinned	3	min_ns	13303.834993	40	1.0000	0	0		
rank_yes	sh1-64	(set)	short-subject-search	plain	same program	pcrec_c4c70f2c_vm-caps-simdna	measured	pinned	3	max_ns	15048.014052	40	1.0000	0	0		
rank_yes	sh1-64	(set)	short-subject-search	plain	same program	pcrec_c4c70f2c_vm-caps-simdna	measured	pinned	3	stddev_ns	756.508266	40	1.0000	0	0		
rank_yes	sh1-64	(set)	short-subject-search	plain	same program	pcrec_c4c70f2c_vm-caps-simdna	measured	pinned	3	ratio_vs_baseline	10.135078	40	1.0000	0	0		
rank_yes	sh1-64	(set)	short-subject-search	plain	same program	pcrec_c4c70f2c_vm-caps-simdna	measured	pinned	3	ratio_vs_best	10.135078	40	1.0000	0	0		
baseline_yes	srt-256	(set)	large-subject-throughput			pcrec_c4c70f2c_auto-caps-simdna				baseline_identity	row-best-fallback					pcrec_c4c70f2c_auto-caps-simdna (row-best fallback -- interp absent from this group)	
rank_yes	srt-256	(set)	large-subject-throughput	plain	same program	pcrec_c4c70f2c_auto-caps-simdna	measured	pinned	1	median_ns	2907081.424779	4	1.0000	0	0		
rank_yes	srt-256	(set)	large-subject-throughput	plain	same program	pcrec_c4c70f2c_auto-caps-simdna	measured	pinned	1	min_ns	2903805.469027	4	1.0000	0	0		
rank_yes	srt-256	(set)	large-subject-throughput	plain	same program	pcrec_c4c70f2c_auto-caps-simdna	measured	pinned	1	max_ns	2920849.548673	4	1.0000	0	0		
rank_yes	srt-256	(set)	large-subject-throughput	plain	same program	pcrec_c4c70f2c_auto-caps-simdna	measured	pinned	1	stddev_ns	6155.855512	4	1.0000	0	0		
rank_yes	srt-256	(set)	large-subject-throughput	plain	same program	pcrec_c4c70f2c_auto-caps-simdna	measured	pinned	1	ratio_vs_baseline	1.000000	4	1.0000	0	0		
rank_yes	srt-256	(set)	large-subject-throughput	plain	same program	pcrec_c4c70f2c_auto-caps-simdna	measured	pinned	1	ratio_vs_best	1.000000	4	1.0000	0	0		
rank_yes	srt-256	(set)	large-subject-throughput	plain	same program	pcrec_c4c70f2c_vm-caps-simdna	measured	pinned	2	median_ns	16192640.863636	4	1.0000	0	0		
rank_yes	srt-256	(set)	large-subject-throughput	plain	same program	pcrec_c4c70f2c_vm-caps-simdna	measured	pinned	2	min_ns	16171131.636364	4	1.0000	0	0		
rank_yes	srt-256	(set)	large-subject-throughput	plain	same program	pcrec_c4c70f2c_vm-caps-simdna	measured	pinned	2	max_ns	16205010.000000	4	1.0000	0	0		
rank_yes	srt-256	(set)	large-subject-throughput	plain	same program	pcrec_c4c70f2c_vm-caps-simdna	measured	pinned	2	stddev_ns	12571.152276	4	1.0000	0	0		
rank_yes	srt-256	(set)	large-subject-throughput	plain	same program	pcrec_c4c70f2c_vm-caps-simdna	measured	pinned	2	ratio_vs_baseline	5.570068	4	1.0000	0	0		
rank_yes	srt-256	(set)	large-subject-throughput	plain	same program	pcrec_c4c70f2c_vm-caps-simdna	measured	pinned	2	ratio_vs_best	5.570068	4	1.0000	0	0		
rank_yes	srt-256	(set)	large-subject-throughput	plain	same program	libpcre2_10.46_jit-caps-simdna	measured	pinned	3	median_ns	264637259.500000	4	1.0000	0	0		
rank_yes	srt-256	(set)	large-subject-throughput	plain	same program	libpcre2_10.46_jit-caps-simdna	measured	pinned	3	min_ns	264411134.500000	4	1.0000	0	0		
rank_yes	srt-256	(set)	large-subject-throughput	plain	same program	libpcre2_10.46_jit-caps-simdna	measured	pinned	3	max_ns	365198139.000000	4	1.0000	0	0		
rank_yes	srt-256	(set)	large-subject-throughput	plain	same program	libpcre2_10.46_jit-caps-simdna	measured	pinned	3	stddev_ns	40173027.598361	4	1.0000	0	0		
rank_yes	srt-256	(set)	large-subject-throughput	plain	same program	libpcre2_10.46_jit-caps-simdna	measured	pinned	3	ratio_vs_baseline	91.031939	4	1.0000	0	0		
rank_yes	srt-256	(set)	large-subject-throughput	plain	same program	libpcre2_10.46_jit-caps-simdna	measured	pinned	3	ratio_vs_best	91.031939	4	1.0000	0	0		
baseline_yes	srt-256	(set)	match-compliance			pcrec_c4c70f2c_vm-caps-simdna				baseline_identity	row-best-fallback					pcrec_c4c70f2c_vm-caps-simdna (row-best fallback -- interp absent from this group)	
rank_yes	srt-256	(set)	match-compliance	whole-subject	separate artifact	pcrec_c4c70f2c_vm-caps-simdna	measured	pinned	1	median_ns	383.197422	40	1.0000	0	0		
rank_yes	srt-256	(set)	match-compliance	whole-subject	separate artifact	pcrec_c4c70f2c_vm-caps-simdna	measured	pinned	1	min_ns	381.356280	40	1.0000	0	0		
rank_yes	srt-256	(set)	match-compliance	whole-subject	separate artifact	pcrec_c4c70f2c_vm-caps-simdna	measured	pinned	1	max_ns	393.894960	40	1.0000	0	0		
rank_yes	srt-256	(set)	match-compliance	whole-subject	separate artifact	pcrec_c4c70f2c_vm-caps-simdna	measured	pinned	1	stddev_ns	4.534645	40	1.0000	0	0		
rank_yes	srt-256	(set)	match-compliance	whole-subject	separate artifact	pcrec_c4c70f2c_vm-caps-simdna	measured	pinned	1	ratio_vs_baseline	1.000000	40	1.0000	0	0		
rank_yes	srt-256	(set)	match-compliance	whole-subject	separate artifact	pcrec_c4c70f2c_vm-caps-simdna	measured	pinned	1	ratio_vs_best	1.000000	40	1.0000	0	0		
rank_yes	srt-256	(set)	match-compliance	whole-subject	separate artifact	pcrec_c4c70f2c_auto-caps-simdna	measured	pinned	2	median_ns	1061.995923	40	1.0000	0	0		
rank_yes	srt-256	(set)	match-compliance	whole-subject	separate artifact	pcrec_c4c70f2c_auto-caps-simdna	measured	pinned	2	min_ns	1060.330540	40	1.0000	0	0		
rank_yes	srt-256	(set)	match-compliance	whole-subject	separate artifact	pcrec_c4c70f2c_auto-caps-simdna	measured	pinned	2	max_ns	1071.300470	40	1.0000	0	0		
rank_yes	srt-256	(set)	match-compliance	whole-subject	separate artifact	pcrec_c4c70f2c_auto-caps-simdna	measured	pinned	2	stddev_ns	3.992234	40	1.0000	0	0		
rank_yes	srt-256	(set)	match-compliance	whole-subject	separate artifact	pcrec_c4c70f2c_auto-caps-simdna	measured	pinned	2	ratio_vs_baseline	2.771407	40	1.0000	0	0		
rank_yes	srt-256	(set)	match-compliance	whole-subject	separate artifact	pcrec_c4c70f2c_auto-caps-simdna	measured	pinned	2	ratio_vs_best	2.771407	40	1.0000	0	0		
rank_yes	srt-256	(set)	match-compliance	plain	same program	libpcre2_10.46_jit-caps-simdna	measured	pinned	3	median_ns	57945.878538	40	1.0000	0	0		
rank_yes	srt-256	(set)	match-compliance	plain	same program	libpcre2_10.46_jit-caps-simdna	measured	pinned	3	min_ns	57301.365662	40	1.0000	0	0		
rank_yes	srt-256	(set)	match-compliance	plain	same program	libpcre2_10.46_jit-caps-simdna	measured	pinned	3	max_ns	74181.938387	40	1.0000	0	0		
rank_yes	srt-256	(set)	match-compliance	plain	same program	libpcre2_10.46_jit-caps-simdna	measured	pinned	3	stddev_ns	6810.666778	40	1.0000	0	0		
rank_yes	srt-256	(set)	match-compliance	plain	same program	libpcre2_10.46_jit-caps-simdna	measured	pinned	3	ratio_vs_baseline	151.216776	40	1.0000	0	0		
rank_yes	srt-256	(set)	match-compliance	plain	same program	libpcre2_10.46_jit-caps-simdna	measured	pinned	3	ratio_vs_best	151.216776	40	1.0000	0	0		
baseline_yes	srt-256	(set)	short-subject-search			pcrec_c4c70f2c_auto-caps-simdna				baseline_identity	row-best-fallback					pcrec_c4c70f2c_auto-caps-simdna (row-best fallback -- interp absent from this group)	
rank_yes	srt-256	(set)	short-subject-search	plain	same program	pcrec_c4c70f2c_auto-caps-simdna	measured	pinned	1	median_ns	7613.713835	40	1.0000	0	0		
rank_yes	srt-256	(set)	short-subject-search	plain	same program	pcrec_c4c70f2c_auto-caps-simdna	measured	pinned	1	min_ns	7604.866796	40	1.0000	0	0		
rank_yes	srt-256	(set)	short-subject-search	plain	same program	pcrec_c4c70f2c_auto-caps-simdna	measured	pinned	1	max_ns	7625.200050	40	1.0000	0	0		
rank_yes	srt-256	(set)	short-subject-search	plain	same program	pcrec_c4c70f2c_auto-caps-simdna	measured	pinned	1	stddev_ns	6.955951	40	1.0000	0	0		
rank_yes	srt-256	(set)	short-subject-search	plain	same program	pcrec_c4c70f2c_auto-caps-simdna	measured	pinned	1	ratio_vs_baseline	1.000000	40	1.0000	0	0		
rank_yes	srt-256	(set)	short-subject-search	plain	same program	pcrec_c4c70f2c_auto-caps-simdna	measured	pinned	1	ratio_vs_best	1.000000	40	1.0000	0	0		
rank_yes	srt-256	(set)	short-subject-search	plain	same program	pcrec_c4c70f2c_vm-caps-simdna	measured	pinned	2	median_ns	52019.312036	40	1.0000	0	0		
rank_yes	srt-256	(set)	short-subject-search	plain	same program	pcrec_c4c70f2c_vm-caps-simdna	measured	pinned	2	min_ns	50535.882308	40	1.0000	0	0		
rank_yes	srt-256	(set)	short-subject-search	plain	same program	pcrec_c4c70f2c_vm-caps-simdna	measured	pinned	2	max_ns	52524.893433	40	1.0000	0	0		
rank_yes	srt-256	(set)	short-subject-search	plain	same program	pcrec_c4c70f2c_vm-caps-simdna	measured	pinned	2	stddev_ns	779.916462	40	1.0000	0	0		
rank_yes	srt-256	(set)	short-subject-search	plain	same program	pcrec_c4c70f2c_vm-caps-simdna	measured	pinned	2	ratio_vs_baseline	6.832318	40	1.0000	0	0		
rank_yes	srt-256	(set)	short-subject-search	plain	same program	pcrec_c4c70f2c_vm-caps-simdna	measured	pinned	2	ratio_vs_best	6.832318	40	1.0000	0	0		
rank_yes	srt-256	(set)	short-subject-search	plain	same program	libpcre2_10.46_jit-caps-simdna	measured	pinned	3	median_ns	1171553.153445	40	1.0000	0	0		
rank_yes	srt-256	(set)	short-subject-search	plain	same program	libpcre2_10.46_jit-caps-simdna	measured	pinned	3	min_ns	1123441.595831	40	1.0000	0	0		
rank_yes	srt-256	(set)	short-subject-search	plain	same program	libpcre2_10.46_jit-caps-simdna	measured	pinned	3	max_ns	1200878.515345	40	1.0000	0	0		
rank_yes	srt-256	(set)	short-subject-search	plain	same program	libpcre2_10.46_jit-caps-simdna	measured	pinned	3	stddev_ns	30224.541843	40	1.0000	0	0		
rank_yes	srt-256	(set)	short-subject-search	plain	same program	libpcre2_10.46_jit-caps-simdna	measured	pinned	3	ratio_vs_baseline	153.874072	40	1.0000	0	0		
rank_yes	srt-256	(set)	short-subject-search	plain	same program	libpcre2_10.46_jit-caps-simdna	measured	pinned	3	ratio_vs_best	153.874072	40	1.0000	0	0		
baseline_yes	srt-512	(set)	large-subject-throughput			pcrec_c4c70f2c_auto-caps-simdna				baseline_identity	row-best-fallback					pcrec_c4c70f2c_auto-caps-simdna (row-best fallback -- interp absent from this group)	
rank_yes	srt-512	(set)	large-subject-throughput	plain	same program	pcrec_c4c70f2c_auto-caps-simdna	measured	pinned	1	median_ns	4095460.086420	4	1.0000	0	0		
rank_yes	srt-512	(set)	large-subject-throughput	plain	same program	pcrec_c4c70f2c_auto-caps-simdna	measured	pinned	1	min_ns	4094889.493827	4	1.0000	0	0		
rank_yes	srt-512	(set)	large-subject-throughput	plain	same program	pcrec_c4c70f2c_auto-caps-simdna	measured	pinned	1	max_ns	4108897.814815	4	1.0000	0	0		
rank_yes	srt-512	(set)	large-subject-throughput	plain	same program	pcrec_c4c70f2c_auto-caps-simdna	measured	pinned	1	stddev_ns	5327.066248	4	1.0000	0	0		
rank_yes	srt-512	(set)	large-subject-throughput	plain	same program	pcrec_c4c70f2c_auto-caps-simdna	measured	pinned	1	ratio_vs_baseline	1.000000	4	1.0000	0	0		
rank_yes	srt-512	(set)	large-subject-throughput	plain	same program	pcrec_c4c70f2c_auto-caps-simdna	measured	pinned	1	ratio_vs_best	1.000000	4	1.0000	0	0		
rank_yes	srt-512	(set)	large-subject-throughput	plain	same program	pcrec_c4c70f2c_vm-caps-simdna	measured	pinned	2	median_ns	16974524.857143	4	1.0000	0	0		
rank_yes	srt-512	(set)	large-subject-throughput	plain	same program	pcrec_c4c70f2c_vm-caps-simdna	measured	pinned	2	min_ns	16691246.142857	4	1.0000	0	0		
rank_yes	srt-512	(set)	large-subject-throughput	plain	same program	pcrec_c4c70f2c_vm-caps-simdna	measured	pinned	2	max_ns	17011840.238095	4	1.0000	0	0		
rank_yes	srt-512	(set)	large-subject-throughput	plain	same program	pcrec_c4c70f2c_vm-caps-simdna	measured	pinned	2	stddev_ns	120160.482155	4	1.0000	0	0		
rank_yes	srt-512	(set)	large-subject-throughput	plain	same program	pcrec_c4c70f2c_vm-caps-simdna	measured	pinned	2	ratio_vs_baseline	4.144717	4	1.0000	0	0		
rank_yes	srt-512	(set)	large-subject-throughput	plain	same program	pcrec_c4c70f2c_vm-caps-simdna	measured	pinned	2	ratio_vs_best	4.144717	4	1.0000	0	0		
rank_yes	srt-512	(set)	large-subject-throughput	plain	same program	libpcre2_10.46_jit-caps-simdna	measured	pinned	3	median_ns	588894532.000000	4	1.0000	0	0		
rank_yes	srt-512	(set)	large-subject-throughput	plain	same program	libpcre2_10.46_jit-caps-simdna	measured	pinned	3	min_ns	580549667.000000	4	1.0000	0	0		
rank_yes	srt-512	(set)	large-subject-throughput	plain	same program	libpcre2_10.46_jit-caps-simdna	measured	pinned	3	max_ns	589561306.000000	4	1.0000	0	0		
rank_yes	srt-512	(set)	large-subject-throughput	plain	same program	libpcre2_10.46_jit-caps-simdna	measured	pinned	3	stddev_ns	3367644.539133	4	1.0000	0	0		
rank_yes	srt-512	(set)	large-subject-throughput	plain	same program	libpcre2_10.46_jit-caps-simdna	measured	pinned	3	ratio_vs_baseline	143.792033	4	1.0000	0	0		
rank_yes	srt-512	(set)	large-subject-throughput	plain	same program	libpcre2_10.46_jit-caps-simdna	measured	pinned	3	ratio_vs_best	143.792033	4	1.0000	0	0		
baseline_yes	srt-512	(set)	match-compliance			pcrec_c4c70f2c_vm-caps-simdna				baseline_identity	row-best-fallback					pcrec_c4c70f2c_vm-caps-simdna (row-best fallback -- interp absent from this group)	
rank_yes	srt-512	(set)	match-compliance	whole-subject	separate artifact	pcrec_c4c70f2c_vm-caps-simdna	measured	pinned	1	median_ns	398.403975	40	1.0000	0	0		
rank_yes	srt-512	(set)	match-compliance	whole-subject	separate artifact	pcrec_c4c70f2c_vm-caps-simdna	measured	pinned	1	min_ns	397.492785	40	1.0000	0	0		
rank_yes	srt-512	(set)	match-compliance	whole-subject	separate artifact	pcrec_c4c70f2c_vm-caps-simdna	measured	pinned	1	max_ns	402.060032	40	1.0000	0	0		
rank_yes	srt-512	(set)	match-compliance	whole-subject	separate artifact	pcrec_c4c70f2c_vm-caps-simdna	measured	pinned	1	stddev_ns	1.668116	40	1.0000	0	0		
rank_yes	srt-512	(set)	match-compliance	whole-subject	separate artifact	pcrec_c4c70f2c_vm-caps-simdna	measured	pinned	1	ratio_vs_baseline	1.000000	40	1.0000	0	0		
rank_yes	srt-512	(set)	match-compliance	whole-subject	separate artifact	pcrec_c4c70f2c_vm-caps-simdna	measured	pinned	1	ratio_vs_best	1.000000	40	1.0000	0	0		
rank_yes	srt-512	(set)	match-compliance	whole-subject	separate artifact	pcrec_c4c70f2c_auto-caps-simdna	measured	pinned	2	median_ns	1490.155622	40	1.0000	0	0		
rank_yes	srt-512	(set)	match-compliance	whole-subject	separate artifact	pcrec_c4c70f2c_auto-caps-simdna	measured	pinned	2	min_ns	1486.422097	40	1.0000	0	0		
rank_yes	srt-512	(set)	match-compliance	whole-subject	separate artifact	pcrec_c4c70f2c_auto-caps-simdna	measured	pinned	2	max_ns	1494.324772	40	1.0000	0	0		
rank_yes	srt-512	(set)	match-compliance	whole-subject	separate artifact	pcrec_c4c70f2c_auto-caps-simdna	measured	pinned	2	stddev_ns	2.673165	40	1.0000	0	0		
rank_yes	srt-512	(set)	match-compliance	whole-subject	separate artifact	pcrec_c4c70f2c_auto-caps-simdna	measured	pinned	2	ratio_vs_baseline	3.740313	40	1.0000	0	0		
rank_yes	srt-512	(set)	match-compliance	whole-subject	separate artifact	pcrec_c4c70f2c_auto-caps-simdna	measured	pinned	2	ratio_vs_best	3.740313	40	1.0000	0	0		
rank_yes	srt-512	(set)	match-compliance	plain	same program	libpcre2_10.46_jit-caps-simdna	measured	pinned	3	median_ns	116002.824183	40	1.0000	0	0		
rank_yes	srt-512	(set)	match-compliance	plain	same program	libpcre2_10.46_jit-caps-simdna	measured	pinned	3	min_ns	112312.876012	40	1.0000	0	0		
rank_yes	srt-512	(set)	match-compliance	plain	same program	libpcre2_10.46_jit-caps-simdna	measured	pinned	3	max_ns	151045.304185	40	1.0000	0	0		
rank_yes	srt-512	(set)	match-compliance	plain	same program	libpcre2_10.46_jit-caps-simdna	measured	pinned	3	stddev_ns	14673.444030	40	1.0000	0	0		
rank_yes	srt-512	(set)	match-compliance	plain	same program	libpcre2_10.46_jit-caps-simdna	measured	pinned	3	ratio_vs_baseline	291.168842	40	1.0000	0	0		
rank_yes	srt-512	(set)	match-compliance	plain	same program	libpcre2_10.46_jit-caps-simdna	measured	pinned	3	ratio_vs_best	291.168842	40	1.0000	0	0		
baseline_yes	srt-512	(set)	short-subject-search			pcrec_c4c70f2c_auto-caps-simdna				baseline_identity	row-best-fallback					pcrec_c4c70f2c_auto-caps-simdna (row-best fallback -- interp absent from this group)	
rank_yes	srt-512	(set)	short-subject-search	plain	same program	pcrec_c4c70f2c_auto-caps-simdna	measured	pinned	1	median_ns	13685.782047	40	1.0000	0	0		
rank_yes	srt-512	(set)	short-subject-search	plain	same program	pcrec_c4c70f2c_auto-caps-simdna	measured	pinned	1	min_ns	13677.263965	40	1.0000	0	0		
rank_yes	srt-512	(set)	short-subject-search	plain	same program	pcrec_c4c70f2c_auto-caps-simdna	measured	pinned	1	max_ns	13730.928853	40	1.0000	0	0		
rank_yes	srt-512	(set)	short-subject-search	plain	same program	pcrec_c4c70f2c_auto-caps-simdna	measured	pinned	1	stddev_ns	19.244811	40	1.0000	0	0		
rank_yes	srt-512	(set)	short-subject-search	plain	same program	pcrec_c4c70f2c_auto-caps-simdna	measured	pinned	1	ratio_vs_baseline	1.000000	40	1.0000	0	0		
rank_yes	srt-512	(set)	short-subject-search	plain	same program	pcrec_c4c70f2c_auto-caps-simdna	measured	pinned	1	ratio_vs_best	1.000000	40	1.0000	0	0		
rank_yes	srt-512	(set)	short-subject-search	plain	same program	pcrec_c4c70f2c_vm-caps-simdna	measured	pinned	2	median_ns	54098.595315	40	1.0000	0	0		
rank_yes	srt-512	(set)	short-subject-search	plain	same program	pcrec_c4c70f2c_vm-caps-simdna	measured	pinned	2	min_ns	52893.218275	40	1.0000	0	0		
rank_yes	srt-512	(set)	short-subject-search	plain	same program	pcrec_c4c70f2c_vm-caps-simdna	measured	pinned	2	max_ns	54454.942233	40	1.0000	0	0		
rank_yes	srt-512	(set)	short-subject-search	plain	same program	pcrec_c4c70f2c_vm-caps-simdna	measured	pinned	2	stddev_ns	549.262889	40	1.0000	0	0		
rank_yes	srt-512	(set)	short-subject-search	plain	same program	pcrec_c4c70f2c_vm-caps-simdna	measured	pinned	2	ratio_vs_baseline	3.952905	40	1.0000	0	0		
rank_yes	srt-512	(set)	short-subject-search	plain	same program	pcrec_c4c70f2c_vm-caps-simdna	measured	pinned	2	ratio_vs_best	3.952905	40	1.0000	0	0		
rank_yes	srt-512	(set)	short-subject-search	plain	same program	libpcre2_10.46_jit-caps-simdna	measured	pinned	3	median_ns	2674199.053777	40	1.0000	0	0		
rank_yes	srt-512	(set)	short-subject-search	plain	same program	libpcre2_10.46_jit-caps-simdna	measured	pinned	3	min_ns	2668415.165173	40	1.0000	0	0		
rank_yes	srt-512	(set)	short-subject-search	plain	same program	libpcre2_10.46_jit-caps-simdna	measured	pinned	3	max_ns	2684680.306018	40	1.0000	0	0		
rank_yes	srt-512	(set)	short-subject-search	plain	same program	libpcre2_10.46_jit-caps-simdna	measured	pinned	3	stddev_ns	6379.795226	40	1.0000	0	0		
rank_yes	srt-512	(set)	short-subject-search	plain	same program	libpcre2_10.46_jit-caps-simdna	measured	pinned	3	ratio_vs_baseline	195.399798	40	1.0000	0	0		
rank_yes	srt-512	(set)	short-subject-search	plain	same program	libpcre2_10.46_jit-caps-simdna	measured	pinned	3	ratio_vs_best	195.399798	40	1.0000	0	0		
baseline_yes	w-1024	(set)	large-subject-throughput			pcrec_c4c70f2c_vm-caps-simdna				baseline_identity	row-best-fallback					pcrec_c4c70f2c_vm-caps-simdna (row-best fallback -- interp absent from this group)	
rank_yes	w-1024	(set)	large-subject-throughput	plain	same program	pcrec_c4c70f2c_vm-caps-simdna	measured	pinned	1	median_ns	18487947.000000	4	1.0000	0	0		
rank_yes	w-1024	(set)	large-subject-throughput	plain	same program	pcrec_c4c70f2c_vm-caps-simdna	measured	pinned	1	min_ns	18479120.684211	4	1.0000	0	0		
rank_yes	w-1024	(set)	large-subject-throughput	plain	same program	pcrec_c4c70f2c_vm-caps-simdna	measured	pinned	1	max_ns	18515737.157895	4	1.0000	0	0		
rank_yes	w-1024	(set)	large-subject-throughput	plain	same program	pcrec_c4c70f2c_vm-caps-simdna	measured	pinned	1	stddev_ns	13917.123405	4	1.0000	0	0		
rank_yes	w-1024	(set)	large-subject-throughput	plain	same program	pcrec_c4c70f2c_vm-caps-simdna	measured	pinned	1	ratio_vs_baseline	1.000000	4	1.0000	0	0		
rank_yes	w-1024	(set)	large-subject-throughput	plain	same program	pcrec_c4c70f2c_vm-caps-simdna	measured	pinned	1	ratio_vs_best	1.000000	4	1.0000	0	0		
rank_yes	w-1024	(set)	large-subject-throughput	plain	same program	libpcre2_10.46_jit-caps-simdna	measured	pinned	2	median_ns	1192701225.000000	4	1.0000	0	0		
rank_yes	w-1024	(set)	large-subject-throughput	plain	same program	libpcre2_10.46_jit-caps-simdna	measured	pinned	2	min_ns	1189003865.000000	4	1.0000	0	0		
rank_yes	w-1024	(set)	large-subject-throughput	plain	same program	libpcre2_10.46_jit-caps-simdna	measured	pinned	2	max_ns	1194099131.000000	4	1.0000	0	0		
rank_yes	w-1024	(set)	large-subject-throughput	plain	same program	libpcre2_10.46_jit-caps-simdna	measured	pinned	2	stddev_ns	1766489.942021	4	1.0000	0	0		
rank_yes	w-1024	(set)	large-subject-throughput	plain	same program	libpcre2_10.46_jit-caps-simdna	measured	pinned	2	ratio_vs_baseline	64.512367	4	1.0000	0	0		
rank_yes	w-1024	(set)	large-subject-throughput	plain	same program	libpcre2_10.46_jit-caps-simdna	measured	pinned	2	ratio_vs_best	64.512367	4	1.0000	0	0		
baseline_yes	w-1024	(set)	match-compliance			pcrec_c4c70f2c_vm-caps-simdna				baseline_identity	row-best-fallback					pcrec_c4c70f2c_vm-caps-simdna (row-best fallback -- interp absent from this group)	
rank_yes	w-1024	(set)	match-compliance	whole-subject	separate artifact	pcrec_c4c70f2c_vm-caps-simdna	measured	pinned	1	median_ns	409.960119	40	1.0000	0	0		
rank_yes	w-1024	(set)	match-compliance	whole-subject	separate artifact	pcrec_c4c70f2c_vm-caps-simdna	measured	pinned	1	min_ns	408.840063	40	1.0000	0	0		
rank_yes	w-1024	(set)	match-compliance	whole-subject	separate artifact	pcrec_c4c70f2c_vm-caps-simdna	measured	pinned	1	max_ns	411.233721	40	1.0000	0	0		
rank_yes	w-1024	(set)	match-compliance	whole-subject	separate artifact	pcrec_c4c70f2c_vm-caps-simdna	measured	pinned	1	stddev_ns	0.861784	40	1.0000	0	0		
rank_yes	w-1024	(set)	match-compliance	whole-subject	separate artifact	pcrec_c4c70f2c_vm-caps-simdna	measured	pinned	1	ratio_vs_baseline	1.000000	40	1.0000	0	0		
rank_yes	w-1024	(set)	match-compliance	whole-subject	separate artifact	pcrec_c4c70f2c_vm-caps-simdna	measured	pinned	1	ratio_vs_best	1.000000	40	1.0000	0	0		
rank_yes	w-1024	(set)	match-compliance	plain	same program	libpcre2_10.46_jit-caps-simdna	measured	pinned	2	median_ns	195743.426832	40	1.0000	0	0		
rank_yes	w-1024	(set)	match-compliance	plain	same program	libpcre2_10.46_jit-caps-simdna	measured	pinned	2	min_ns	194748.393848	40	1.0000	0	0		
rank_yes	w-1024	(set)	match-compliance	plain	same program	libpcre2_10.46_jit-caps-simdna	measured	pinned	2	max_ns	199859.450169	40	1.0000	0	0		
rank_yes	w-1024	(set)	match-compliance	plain	same program	libpcre2_10.46_jit-caps-simdna	measured	pinned	2	stddev_ns	1838.092456	40	1.0000	0	0		
rank_yes	w-1024	(set)	match-compliance	plain	same program	libpcre2_10.46_jit-caps-simdna	measured	pinned	2	ratio_vs_baseline	477.469436	40	1.0000	0	0		
rank_yes	w-1024	(set)	match-compliance	plain	same program	libpcre2_10.46_jit-caps-simdna	measured	pinned	2	ratio_vs_best	477.469436	40	1.0000	0	0		
baseline_yes	w-1024	(set)	short-subject-search			pcrec_c4c70f2c_vm-caps-simdna				baseline_identity	row-best-fallback					pcrec_c4c70f2c_vm-caps-simdna (row-best fallback -- interp absent from this group)	
rank_yes	w-1024	(set)	short-subject-search	plain	same program	pcrec_c4c70f2c_vm-caps-simdna	measured	pinned	1	median_ns	49089.466727	40	1.0000	0	0		
rank_yes	w-1024	(set)	short-subject-search	plain	same program	pcrec_c4c70f2c_vm-caps-simdna	measured	pinned	1	min_ns	49008.380506	40	1.0000	0	0		
rank_yes	w-1024	(set)	short-subject-search	plain	same program	pcrec_c4c70f2c_vm-caps-simdna	measured	pinned	1	max_ns	49206.754526	40	1.0000	0	0		
rank_yes	w-1024	(set)	short-subject-search	plain	same program	pcrec_c4c70f2c_vm-caps-simdna	measured	pinned	1	stddev_ns	68.318435	40	1.0000	0	0		
rank_yes	w-1024	(set)	short-subject-search	plain	same program	pcrec_c4c70f2c_vm-caps-simdna	measured	pinned	1	ratio_vs_baseline	1.000000	40	1.0000	0	0		
rank_yes	w-1024	(set)	short-subject-search	plain	same program	pcrec_c4c70f2c_vm-caps-simdna	measured	pinned	1	ratio_vs_best	1.000000	40	1.0000	0	0		
rank_yes	w-1024	(set)	short-subject-search	plain	same program	libpcre2_10.46_jit-caps-simdna	measured	pinned	2	median_ns	5079166.697778	40	1.0000	0	0		
rank_yes	w-1024	(set)	short-subject-search	plain	same program	libpcre2_10.46_jit-caps-simdna	measured	pinned	2	min_ns	5059460.820000	40	1.0000	0	0		
rank_yes	w-1024	(set)	short-subject-search	plain	same program	libpcre2_10.46_jit-caps-simdna	measured	pinned	2	max_ns	5088775.460000	40	1.0000	0	0		
rank_yes	w-1024	(set)	short-subject-search	plain	same program	libpcre2_10.46_jit-caps-simdna	measured	pinned	2	stddev_ns	10518.484497	40	1.0000	0	0		
rank_yes	w-1024	(set)	short-subject-search	plain	same program	libpcre2_10.46_jit-caps-simdna	measured	pinned	2	ratio_vs_baseline	103.467547	40	1.0000	0	0		
rank_yes	w-1024	(set)	short-subject-search	plain	same program	libpcre2_10.46_jit-caps-simdna	measured	pinned	2	ratio_vs_best	103.467547	40	1.0000	0	0		
baseline_yes	w-128	(set)	large-subject-throughput			pcrec_c4c70f2c_auto-caps-simdna				baseline_identity	row-best-fallback					pcrec_c4c70f2c_auto-caps-simdna (row-best fallback -- interp absent from this group)	
rank_yes	w-128	(set)	large-subject-throughput	plain	same program	pcrec_c4c70f2c_auto-caps-simdna	measured	pinned	1	median_ns	3114253.477064	4	1.0000	0	0		
rank_yes	w-128	(set)	large-subject-throughput	plain	same program	pcrec_c4c70f2c_auto-caps-simdna	measured	pinned	1	min_ns	3102732.220183	4	1.0000	0	0		
rank_yes	w-128	(set)	large-subject-throughput	plain	same program	pcrec_c4c70f2c_auto-caps-simdna	measured	pinned	1	max_ns	3136176.541284	4	1.0000	0	0		
rank_yes	w-128	(set)	large-subject-throughput	plain	same program	pcrec_c4c70f2c_auto-caps-simdna	measured	pinned	1	stddev_ns	12097.273258	4	1.0000	0	0		
rank_yes	w-128	(set)	large-subject-throughput	plain	same program	pcrec_c4c70f2c_auto-caps-simdna	measured	pinned	1	ratio_vs_baseline	1.000000	4	1.0000	0	0		
rank_yes	w-128	(set)	large-subject-throughput	plain	same program	pcrec_c4c70f2c_auto-caps-simdna	measured	pinned	1	ratio_vs_best	1.000000	4	1.0000	0	0		
rank_yes	w-128	(set)	large-subject-throughput	plain	same program	pcrec_c4c70f2c_vm-caps-simdna	measured	pinned	2	median_ns	15115916.000000	4	1.0000	0	0		
rank_yes	w-128	(set)	large-subject-throughput	plain	same program	pcrec_c4c70f2c_vm-caps-simdna	measured	pinned	2	min_ns	14949963.500000	4	1.0000	0	0		
rank_yes	w-128	(set)	large-subject-throughput	plain	same program	pcrec_c4c70f2c_vm-caps-simdna	measured	pinned	2	max_ns	15122028.125000	4	1.0000	0	0		
rank_yes	w-128	(set)	large-subject-throughput	plain	same program	pcrec_c4c70f2c_vm-caps-simdna	measured	pinned	2	stddev_ns	75452.070632	4	1.0000	0	0		
rank_yes	w-128	(set)	large-subject-throughput	plain	same program	pcrec_c4c70f2c_vm-caps-simdna	measured	pinned	2	ratio_vs_baseline	4.853785	4	1.0000	0	0		
rank_yes	w-128	(set)	large-subject-throughput	plain	same program	pcrec_c4c70f2c_vm-caps-simdna	measured	pinned	2	ratio_vs_best	4.853785	4	1.0000	0	0		
rank_yes	w-128	(set)	large-subject-throughput	plain	same program	libpcre2_10.46_jit-caps-simdna	measured	pinned	3	median_ns	102055603.250000	4	1.0000	0	0		
rank_yes	w-128	(set)	large-subject-throughput	plain	same program	libpcre2_10.46_jit-caps-simdna	measured	pinned	3	min_ns	86945443.000000	4	1.0000	0	0		
rank_yes	w-128	(set)	large-subject-throughput	plain	same program	libpcre2_10.46_jit-caps-simdna	measured	pinned	3	max_ns	102622123.750000	4	1.0000	0	0		
rank_yes	w-128	(set)	large-subject-throughput	plain	same program	libpcre2_10.46_jit-caps-simdna	measured	pinned	3	stddev_ns	6088636.900188	4	1.0000	0	0		
rank_yes	w-128	(set)	large-subject-throughput	plain	same program	libpcre2_10.46_jit-caps-simdna	measured	pinned	3	ratio_vs_baseline	32.770487	4	1.0000	0	0		
rank_yes	w-128	(set)	large-subject-throughput	plain	same program	libpcre2_10.46_jit-caps-simdna	measured	pinned	3	ratio_vs_best	32.770487	4	1.0000	0	0		
baseline_yes	w-128	(set)	match-compliance			pcrec_c4c70f2c_vm-caps-simdna				baseline_identity	row-best-fallback					pcrec_c4c70f2c_vm-caps-simdna (row-best fallback -- interp absent from this group)	
rank_yes	w-128	(set)	match-compliance	whole-subject	separate artifact	pcrec_c4c70f2c_vm-caps-simdna	measured	pinned	1	median_ns	360.998104	40	1.0000	0	0		
rank_yes	w-128	(set)	match-compliance	whole-subject	separate artifact	pcrec_c4c70f2c_vm-caps-simdna	measured	pinned	1	min_ns	360.738826	40	1.0000	0	0		
rank_yes	w-128	(set)	match-compliance	whole-subject	separate artifact	pcrec_c4c70f2c_vm-caps-simdna	measured	pinned	1	max_ns	362.067555	40	1.0000	0	0		
rank_yes	w-128	(set)	match-compliance	whole-subject	separate artifact	pcrec_c4c70f2c_vm-caps-simdna	measured	pinned	1	stddev_ns	0.589058	40	1.0000	0	0		
rank_yes	w-128	(set)	match-compliance	whole-subject	separate artifact	pcrec_c4c70f2c_vm-caps-simdna	measured	pinned	1	ratio_vs_baseline	1.000000	40	1.0000	0	0		
rank_yes	w-128	(set)	match-compliance	whole-subject	separate artifact	pcrec_c4c70f2c_vm-caps-simdna	measured	pinned	1	ratio_vs_best	1.000000	40	1.0000	0	0		
rank_yes	w-128	(set)	match-compliance	whole-subject	separate artifact	pcrec_c4c70f2c_auto-caps-simdna	measured	pinned	2	median_ns	482.884787	40	1.0000	0	0		
rank_yes	w-128	(set)	match-compliance	whole-subject	separate artifact	pcrec_c4c70f2c_auto-caps-simdna	measured	pinned	2	min_ns	477.366749	40	1.0000	0	0		
rank_yes	w-128	(set)	match-compliance	whole-subject	separate artifact	pcrec_c4c70f2c_auto-caps-simdna	measured	pinned	2	max_ns	498.248523	40	1.0000	0	0		
rank_yes	w-128	(set)	match-compliance	whole-subject	separate artifact	pcrec_c4c70f2c_auto-caps-simdna	measured	pinned	2	stddev_ns	7.513803	40	1.0000	0	0		
rank_yes	w-128	(set)	match-compliance	whole-subject	separate artifact	pcrec_c4c70f2c_auto-caps-simdna	measured	pinned	2	ratio_vs_baseline	1.337638	40	1.0000	0	0		
rank_yes	w-128	(set)	match-compliance	whole-subject	separate artifact	pcrec_c4c70f2c_auto-caps-simdna	measured	pinned	2	ratio_vs_best	1.337638	40	1.0000	0	0		
rank_yes	w-128	(set)	match-compliance	plain	same program	libpcre2_10.46_jit-caps-simdna	measured	pinned	3	median_ns	29198.894181	40	1.0000	0	0		
rank_yes	w-128	(set)	match-compliance	plain	same program	libpcre2_10.46_jit-caps-simdna	measured	pinned	3	min_ns	27891.957824	40	1.0000	0	0		
rank_yes	w-128	(set)	match-compliance	plain	same program	libpcre2_10.46_jit-caps-simdna	measured	pinned	3	max_ns	32711.004528	40	1.0000	0	0		
rank_yes	w-128	(set)	match-compliance	plain	same program	libpcre2_10.46_jit-caps-simdna	measured	pinned	3	stddev_ns	1814.462102	40	1.0000	0	0		
rank_yes	w-128	(set)	match-compliance	plain	same program	libpcre2_10.46_jit-caps-simdna	measured	pinned	3	ratio_vs_baseline	80.883788	40	1.0000	0	0		
rank_yes	w-128	(set)	match-compliance	plain	same program	libpcre2_10.46_jit-caps-simdna	measured	pinned	3	ratio_vs_best	80.883788	40	1.0000	0	0		
baseline_yes	w-128	(set)	short-subject-search			pcrec_c4c70f2c_auto-caps-simdna				baseline_identity	row-best-fallback					pcrec_c4c70f2c_auto-caps-simdna (row-best fallback -- interp absent from this group)	
rank_yes	w-128	(set)	short-subject-search	plain	same program	pcrec_c4c70f2c_auto-caps-simdna	measured	pinned	1	median_ns	7586.142158	40	1.0000	0	0		
rank_yes	w-128	(set)	short-subject-search	plain	same program	pcrec_c4c70f2c_auto-caps-simdna	measured	pinned	1	min_ns	7575.634735	40	1.0000	0	0		
rank_yes	w-128	(set)	short-subject-search	plain	same program	pcrec_c4c70f2c_auto-caps-simdna	measured	pinned	1	max_ns	7588.255241	40	1.0000	0	0		
rank_yes	w-128	(set)	short-subject-search	plain	same program	pcrec_c4c70f2c_auto-caps-simdna	measured	pinned	1	stddev_ns	4.588316	40	1.0000	0	0		
rank_yes	w-128	(set)	short-subject-search	plain	same program	pcrec_c4c70f2c_auto-caps-simdna	measured	pinned	1	ratio_vs_baseline	1.000000	40	1.0000	0	0		
rank_yes	w-128	(set)	short-subject-search	plain	same program	pcrec_c4c70f2c_auto-caps-simdna	measured	pinned	1	ratio_vs_best	1.000000	40	1.0000	0	0		
rank_yes	w-128	(set)	short-subject-search	plain	same program	pcrec_c4c70f2c_vm-caps-simdna	measured	pinned	2	median_ns	51346.368532	40	1.0000	0	0		
rank_yes	w-128	(set)	short-subject-search	plain	same program	pcrec_c4c70f2c_vm-caps-simdna	measured	pinned	2	min_ns	49220.530398	40	1.0000	0	0		
rank_yes	w-128	(set)	short-subject-search	plain	same program	pcrec_c4c70f2c_vm-caps-simdna	measured	pinned	2	max_ns	51579.804722	40	1.0000	0	0		
rank_yes	w-128	(set)	short-subject-search	plain	same program	pcrec_c4c70f2c_vm-caps-simdna	measured	pinned	2	stddev_ns	892.301955	40	1.0000	0	0		
rank_yes	w-128	(set)	short-subject-search	plain	same program	pcrec_c4c70f2c_vm-caps-simdna	measured	pinned	2	ratio_vs_baseline	6.768443	40	1.0000	0	0		
rank_yes	w-128	(set)	short-subject-search	plain	same program	pcrec_c4c70f2c_vm-caps-simdna	measured	pinned	2	ratio_vs_best	6.768443	40	1.0000	0	0		
rank_yes	w-128	(set)	short-subject-search	plain	same program	libpcre2_10.46_jit-caps-simdna	measured	pinned	3	median_ns	473138.792329	40	1.0000	0	0		
rank_yes	w-128	(set)	short-subject-search	plain	same program	libpcre2_10.46_jit-caps-simdna	measured	pinned	3	min_ns	397588.864006	40	1.0000	0	0		
rank_yes	w-128	(set)	short-subject-search	plain	same program	libpcre2_10.46_jit-caps-simdna	measured	pinned	3	max_ns	496832.616621	40	1.0000	0	0		
rank_yes	w-128	(set)	short-subject-search	plain	same program	libpcre2_10.46_jit-caps-simdna	measured	pinned	3	stddev_ns	42073.007251	40	1.0000	0	0		
rank_yes	w-128	(set)	short-subject-search	plain	same program	libpcre2_10.46_jit-caps-simdna	measured	pinned	3	ratio_vs_baseline	62.368828	40	1.0000	0	0		
rank_yes	w-128	(set)	short-subject-search	plain	same program	libpcre2_10.46_jit-caps-simdna	measured	pinned	3	ratio_vs_best	62.368828	40	1.0000	0	0		
baseline_yes	w-192	(set)	large-subject-throughput			pcrec_c4c70f2c_auto-caps-simdna				baseline_identity	row-best-fallback					pcrec_c4c70f2c_auto-caps-simdna (row-best fallback -- interp absent from this group)	
rank_yes	w-192	(set)	large-subject-throughput	plain	same program	pcrec_c4c70f2c_auto-caps-simdna	measured	pinned	1	median_ns	3115150.357798	4	1.0000	0	0		
rank_yes	w-192	(set)	large-subject-throughput	plain	same program	pcrec_c4c70f2c_auto-caps-simdna	measured	pinned	1	min_ns	3100994.779817	4	1.0000	0	0		
rank_yes	w-192	(set)	large-subject-throughput	plain	same program	pcrec_c4c70f2c_auto-caps-simdna	measured	pinned	1	max_ns	3146632.174312	4	1.0000	0	0		
rank_yes	w-192	(set)	large-subject-throughput	plain	same program	pcrec_c4c70f2c_auto-caps-simdna	measured	pinned	1	stddev_ns	15626.383784	4	1.0000	0	0		
rank_yes	w-192	(set)	large-subject-throughput	plain	same program	pcrec_c4c70f2c_auto-caps-simdna	measured	pinned	1	ratio_vs_baseline	1.000000	4	1.0000	0	0		
rank_yes	w-192	(set)	large-subject-throughput	plain	same program	pcrec_c4c70f2c_auto-caps-simdna	measured	pinned	1	ratio_vs_best	1.000000	4	1.0000	0	0		
rank_yes	w-192	(set)	large-subject-throughput	plain	same program	pcrec_c4c70f2c_vm-caps-simdna	measured	pinned	2	median_ns	15887813.727273	4	1.0000	0	0		
rank_yes	w-192	(set)	large-subject-throughput	plain	same program	pcrec_c4c70f2c_vm-caps-simdna	measured	pinned	2	min_ns	15875976.909091	4	1.0000	0	0		
rank_yes	w-192	(set)	large-subject-throughput	plain	same program	pcrec_c4c70f2c_vm-caps-simdna	measured	pinned	2	max_ns	15919072.181818	4	1.0000	0	0		
rank_yes	w-192	(set)	large-subject-throughput	plain	same program	pcrec_c4c70f2c_vm-caps-simdna	measured	pinned	2	stddev_ns	16344.260911	4	1.0000	0	0		
rank_yes	w-192	(set)	large-subject-throughput	plain	same program	pcrec_c4c70f2c_vm-caps-simdna	measured	pinned	2	ratio_vs_baseline	5.100176	4	1.0000	0	0		
rank_yes	w-192	(set)	large-subject-throughput	plain	same program	pcrec_c4c70f2c_vm-caps-simdna	measured	pinned	2	ratio_vs_best	5.100176	4	1.0000	0	0		
rank_yes	w-192	(set)	large-subject-throughput	plain	same program	libpcre2_10.46_jit-caps-simdna	measured	pinned	3	median_ns	165726259.666667	4	1.0000	0	0		
rank_yes	w-192	(set)	large-subject-throughput	plain	same program	libpcre2_10.46_jit-caps-simdna	measured	pinned	3	min_ns	138309112.000000	4	1.0000	0	0		
rank_yes	w-192	(set)	large-subject-throughput	plain	same program	libpcre2_10.46_jit-caps-simdna	measured	pinned	3	max_ns	166061264.666667	4	1.0000	0	0		
rank_yes	w-192	(set)	large-subject-throughput	plain	same program	libpcre2_10.46_jit-caps-simdna	measured	pinned	3	stddev_ns	11007616.502648	4	1.0000	0	0		
rank_yes	w-192	(set)	large-subject-throughput	plain	same program	libpcre2_10.46_jit-caps-simdna	measured	pinned	3	ratio_vs_baseline	53.200084	4	1.0000	0	0		
rank_yes	w-192	(set)	large-subject-throughput	plain	same program	libpcre2_10.46_jit-caps-simdna	measured	pinned	3	ratio_vs_best	53.200084	4	1.0000	0	0		
baseline_yes	w-192	(set)	match-compliance			pcrec_c4c70f2c_vm-caps-simdna				baseline_identity	row-best-fallback					pcrec_c4c70f2c_vm-caps-simdna (row-best fallback -- interp absent from this group)	
rank_yes	w-192	(set)	match-compliance	whole-subject	separate artifact	pcrec_c4c70f2c_vm-caps-simdna	measured	pinned	1	median_ns	375.121115	40	1.0000	0	0		
rank_yes	w-192	(set)	match-compliance	whole-subject	separate artifact	pcrec_c4c70f2c_vm-caps-simdna	measured	pinned	1	min_ns	374.970390	40	1.0000	0	0		
rank_yes	w-192	(set)	match-compliance	whole-subject	separate artifact	pcrec_c4c70f2c_vm-caps-simdna	measured	pinned	1	max_ns	375.796580	40	1.0000	0	0		
rank_yes	w-192	(set)	match-compliance	whole-subject	separate artifact	pcrec_c4c70f2c_vm-caps-simdna	measured	pinned	1	stddev_ns	0.311612	40	1.0000	0	0		
rank_yes	w-192	(set)	match-compliance	whole-subject	separate artifact	pcrec_c4c70f2c_vm-caps-simdna	measured	pinned	1	ratio_vs_baseline	1.000000	40	1.0000	0	0		
rank_yes	w-192	(set)	match-compliance	whole-subject	separate artifact	pcrec_c4c70f2c_vm-caps-simdna	measured	pinned	1	ratio_vs_best	1.000000	40	1.0000	0	0		
rank_yes	w-192	(set)	match-compliance	whole-subject	separate artifact	pcrec_c4c70f2c_auto-caps-simdna	measured	pinned	2	median_ns	492.936218	40	1.0000	0	0		
rank_yes	w-192	(set)	match-compliance	whole-subject	separate artifact	pcrec_c4c70f2c_auto-caps-simdna	measured	pinned	2	min_ns	478.937852	40	1.0000	0	0		
rank_yes	w-192	(set)	match-compliance	whole-subject	separate artifact	pcrec_c4c70f2c_auto-caps-simdna	measured	pinned	2	max_ns	497.930328	40	1.0000	0	0		
rank_yes	w-192	(set)	match-compliance	whole-subject	separate artifact	pcrec_c4c70f2c_auto-caps-simdna	measured	pinned	2	stddev_ns	8.031092	40	1.0000	0	0		
rank_yes	w-192	(set)	match-compliance	whole-subject	separate artifact	pcrec_c4c70f2c_auto-caps-simdna	measured	pinned	2	ratio_vs_baseline	1.314072	40	1.0000	0	0		
rank_yes	w-192	(set)	match-compliance	whole-subject	separate artifact	pcrec_c4c70f2c_auto-caps-simdna	measured	pinned	2	ratio_vs_best	1.314072	40	1.0000	0	0		
rank_yes	w-192	(set)	match-compliance	plain	same program	libpcre2_10.46_jit-caps-simdna	measured	pinned	3	median_ns	41009.703758	40	1.0000	0	0		
rank_yes	w-192	(set)	match-compliance	plain	same program	libpcre2_10.46_jit-caps-simdna	measured	pinned	3	min_ns	40140.830693	40	1.0000	0	0		
rank_yes	w-192	(set)	match-compliance	plain	same program	libpcre2_10.46_jit-caps-simdna	measured	pinned	3	max_ns	41920.693937	40	1.0000	0	0		
rank_yes	w-192	(set)	match-compliance	plain	same program	libpcre2_10.46_jit-caps-simdna	measured	pinned	3	stddev_ns	689.310695	40	1.0000	0	0		
rank_yes	w-192	(set)	match-compliance	plain	same program	libpcre2_10.46_jit-caps-simdna	measured	pinned	3	ratio_vs_baseline	109.323901	40	1.0000	0	0		
rank_yes	w-192	(set)	match-compliance	plain	same program	libpcre2_10.46_jit-caps-simdna	measured	pinned	3	ratio_vs_best	109.323901	40	1.0000	0	0		
baseline_yes	w-192	(set)	short-subject-search			pcrec_c4c70f2c_auto-caps-simdna				baseline_identity	row-best-fallback					pcrec_c4c70f2c_auto-caps-simdna (row-best fallback -- interp absent from this group)	
rank_yes	w-192	(set)	short-subject-search	plain	same program	pcrec_c4c70f2c_auto-caps-simdna	measured	pinned	1	median_ns	7584.564148	40	1.0000	0	0		
rank_yes	w-192	(set)	short-subject-search	plain	same program	pcrec_c4c70f2c_auto-caps-simdna	measured	pinned	1	min_ns	7579.659646	40	1.0000	0	0		
rank_yes	w-192	(set)	short-subject-search	plain	same program	pcrec_c4c70f2c_auto-caps-simdna	measured	pinned	1	max_ns	7588.356693	40	1.0000	0	0		
rank_yes	w-192	(set)	short-subject-search	plain	same program	pcrec_c4c70f2c_auto-caps-simdna	measured	pinned	1	stddev_ns	2.955480	40	1.0000	0	0		
rank_yes	w-192	(set)	short-subject-search	plain	same program	pcrec_c4c70f2c_auto-caps-simdna	measured	pinned	1	ratio_vs_baseline	1.000000	40	1.0000	0	0		
rank_yes	w-192	(set)	short-subject-search	plain	same program	pcrec_c4c70f2c_auto-caps-simdna	measured	pinned	1	ratio_vs_best	1.000000	40	1.0000	0	0		
rank_yes	w-192	(set)	short-subject-search	plain	same program	pcrec_c4c70f2c_vm-caps-simdna	measured	pinned	2	median_ns	52575.030586	40	1.0000	0	0		
rank_yes	w-192	(set)	short-subject-search	plain	same program	pcrec_c4c70f2c_vm-caps-simdna	measured	pinned	2	min_ns	51783.096765	40	1.0000	0	0		
rank_yes	w-192	(set)	short-subject-search	plain	same program	pcrec_c4c70f2c_vm-caps-simdna	measured	pinned	2	max_ns	53349.797907	40	1.0000	0	0		
rank_yes	w-192	(set)	short-subject-search	plain	same program	pcrec_c4c70f2c_vm-caps-simdna	measured	pinned	2	stddev_ns	566.822641	40	1.0000	0	0		
rank_yes	w-192	(set)	short-subject-search	plain	same program	pcrec_c4c70f2c_vm-caps-simdna	measured	pinned	2	ratio_vs_baseline	6.931846	40	1.0000	0	0		
rank_yes	w-192	(set)	short-subject-search	plain	same program	pcrec_c4c70f2c_vm-caps-simdna	measured	pinned	2	ratio_vs_best	6.931846	40	1.0000	0	0		
rank_yes	w-192	(set)	short-subject-search	plain	same program	libpcre2_10.46_jit-caps-simdna	measured	pinned	3	median_ns	652688.539212	40	1.0000	0	0		
rank_yes	w-192	(set)	short-subject-search	plain	same program	libpcre2_10.46_jit-caps-simdna	measured	pinned	3	min_ns	649696.038649	40	1.0000	0	0		
rank_yes	w-192	(set)	short-subject-search	plain	same program	libpcre2_10.46_jit-caps-simdna	measured	pinned	3	max_ns	808620.875047	40	1.0000	0	0		
rank_yes	w-192	(set)	short-subject-search	plain	same program	libpcre2_10.46_jit-caps-simdna	measured	pinned	3	stddev_ns	69599.479352	40	1.0000	0	0		
rank_yes	w-192	(set)	short-subject-search	plain	same program	libpcre2_10.46_jit-caps-simdna	measured	pinned	3	ratio_vs_baseline	86.054851	40	1.0000	0	0		
rank_yes	w-192	(set)	short-subject-search	plain	same program	libpcre2_10.46_jit-caps-simdna	measured	pinned	3	ratio_vs_best	86.054851	40	1.0000	0	0		
baseline_yes	w-2048	(set)	large-subject-throughput			libpcre2_10.46_jit-caps-simdna				baseline_identity	row-best-fallback					libpcre2_10.46_jit-caps-simdna (row-best fallback -- interp absent from this group)	
rank_yes	w-2048	(set)	large-subject-throughput	plain	same program	libpcre2_10.46_jit-caps-simdna	measured	pinned	1	median_ns	3115273226.000000	4	1.0000	0	0		
rank_yes	w-2048	(set)	large-subject-throughput	plain	same program	libpcre2_10.46_jit-caps-simdna	measured	pinned	1	min_ns	2978073013.000000	4	1.0000	0	0		
rank_yes	w-2048	(set)	large-subject-throughput	plain	same program	libpcre2_10.46_jit-caps-simdna	measured	pinned	1	max_ns	3244383299.000000	4	1.0000	0	0		
rank_yes	w-2048	(set)	large-subject-throughput	plain	same program	libpcre2_10.46_jit-caps-simdna	measured	pinned	1	stddev_ns	92444373.865350	4	1.0000	0	0		
rank_yes	w-2048	(set)	large-subject-throughput	plain	same program	libpcre2_10.46_jit-caps-simdna	measured	pinned	1	ratio_vs_baseline	1.000000	4	1.0000	0	0		
rank_yes	w-2048	(set)	large-subject-throughput	plain	same program	libpcre2_10.46_jit-caps-simdna	measured	pinned	1	ratio_vs_best	1.000000	4	1.0000	0	0		
baseline_yes	w-2048	(set)	match-compliance			libpcre2_10.46_jit-caps-simdna				baseline_identity	row-best-fallback					libpcre2_10.46_jit-caps-simdna (row-best fallback -- interp absent from this group)	
rank_yes	w-2048	(set)	match-compliance	plain	same program	libpcre2_10.46_jit-caps-simdna	measured	pinned	1	median_ns	388246.439560	40	1.0000	0	0		
rank_yes	w-2048	(set)	match-compliance	plain	same program	libpcre2_10.46_jit-caps-simdna	measured	pinned	1	min_ns	376611.939158	40	1.0000	0	0		
rank_yes	w-2048	(set)	match-compliance	plain	same program	libpcre2_10.46_jit-caps-simdna	measured	pinned	1	max_ns	391926.492549	40	1.0000	0	0		
rank_yes	w-2048	(set)	match-compliance	plain	same program	libpcre2_10.46_jit-caps-simdna	measured	pinned	1	stddev_ns	6133.166493	40	1.0000	0	0		
rank_yes	w-2048	(set)	match-compliance	plain	same program	libpcre2_10.46_jit-caps-simdna	measured	pinned	1	ratio_vs_baseline	1.000000	40	1.0000	0	0		
rank_yes	w-2048	(set)	match-compliance	plain	same program	libpcre2_10.46_jit-caps-simdna	measured	pinned	1	ratio_vs_best	1.000000	40	1.0000	0	0		
baseline_yes	w-2048	(set)	short-subject-search			libpcre2_10.46_jit-caps-simdna				baseline_identity	row-best-fallback					libpcre2_10.46_jit-caps-simdna (row-best fallback -- interp absent from this group)	
rank_yes	w-2048	(set)	short-subject-search	plain	same program	libpcre2_10.46_jit-caps-simdna	measured	pinned	1	median_ns	11378346.951613	40	1.0000	0	0		
rank_yes	w-2048	(set)	short-subject-search	plain	same program	libpcre2_10.46_jit-caps-simdna	measured	pinned	1	min_ns	11023448.569260	40	1.0000	0	0		
rank_yes	w-2048	(set)	short-subject-search	plain	same program	libpcre2_10.46_jit-caps-simdna	measured	pinned	1	max_ns	12084946.874763	40	1.0000	0	0		
rank_yes	w-2048	(set)	short-subject-search	plain	same program	libpcre2_10.46_jit-caps-simdna	measured	pinned	1	stddev_ns	369494.021886	40	1.0000	0	0		
rank_yes	w-2048	(set)	short-subject-search	plain	same program	libpcre2_10.46_jit-caps-simdna	measured	pinned	1	ratio_vs_baseline	1.000000	40	1.0000	0	0		
rank_yes	w-2048	(set)	short-subject-search	plain	same program	libpcre2_10.46_jit-caps-simdna	measured	pinned	1	ratio_vs_best	1.000000	40	1.0000	0	0		
baseline_yes	w-256	(set)	large-subject-throughput			pcrec_c4c70f2c_auto-caps-simdna				baseline_identity	row-best-fallback					pcrec_c4c70f2c_auto-caps-simdna (row-best fallback -- interp absent from this group)	
rank_yes	w-256	(set)	large-subject-throughput	plain	same program	pcrec_c4c70f2c_auto-caps-simdna	measured	pinned	1	median_ns	2898542.377193	4	1.0000	0	0		
rank_yes	w-256	(set)	large-subject-throughput	plain	same program	pcrec_c4c70f2c_auto-caps-simdna	measured	pinned	1	min_ns	2892822.789474	4	1.0000	0	0		
rank_yes	w-256	(set)	large-subject-throughput	plain	same program	pcrec_c4c70f2c_auto-caps-simdna	measured	pinned	1	max_ns	2911921.657895	4	1.0000	0	0		
rank_yes	w-256	(set)	large-subject-throughput	plain	same program	pcrec_c4c70f2c_auto-caps-simdna	measured	pinned	1	stddev_ns	6604.154703	4	1.0000	0	0		
rank_yes	w-256	(set)	large-subject-throughput	plain	same program	pcrec_c4c70f2c_auto-caps-simdna	measured	pinned	1	ratio_vs_baseline	1.000000	4	1.0000	0	0		
rank_yes	w-256	(set)	large-subject-throughput	plain	same program	pcrec_c4c70f2c_auto-caps-simdna	measured	pinned	1	ratio_vs_best	1.000000	4	1.0000	0	0		
rank_yes	w-256	(set)	large-subject-throughput	plain	same program	pcrec_c4c70f2c_vm-caps-simdna	measured	pinned	2	median_ns	16242179.318182	4	1.0000	0	0		
rank_yes	w-256	(set)	large-subject-throughput	plain	same program	pcrec_c4c70f2c_vm-caps-simdna	measured	pinned	2	min_ns	16222924.181818	4	1.0000	0	0		
rank_yes	w-256	(set)	large-subject-throughput	plain	same program	pcrec_c4c70f2c_vm-caps-simdna	measured	pinned	2	max_ns	16334248.409091	4	1.0000	0	0		
rank_yes	w-256	(set)	large-subject-throughput	plain	same program	pcrec_c4c70f2c_vm-caps-simdna	measured	pinned	2	stddev_ns	44136.274545	4	1.0000	0	0		
rank_yes	w-256	(set)	large-subject-throughput	plain	same program	pcrec_c4c70f2c_vm-caps-simdna	measured	pinned	2	ratio_vs_baseline	5.603568	4	1.0000	0	0		
rank_yes	w-256	(set)	large-subject-throughput	plain	same program	pcrec_c4c70f2c_vm-caps-simdna	measured	pinned	2	ratio_vs_best	5.603568	4	1.0000	0	0		
rank_yes	w-256	(set)	large-subject-throughput	plain	same program	libpcre2_10.46_jit-caps-simdna	measured	pinned	3	median_ns	241476183.000000	4	1.0000	0	0		
rank_yes	w-256	(set)	large-subject-throughput	plain	same program	libpcre2_10.46_jit-caps-simdna	measured	pinned	3	min_ns	240955549.500000	4	1.0000	0	0		
rank_yes	w-256	(set)	large-subject-throughput	plain	same program	libpcre2_10.46_jit-caps-simdna	measured	pinned	3	max_ns	252837142.500000	4	1.0000	0	0		
rank_yes	w-256	(set)	large-subject-throughput	plain	same program	libpcre2_10.46_jit-caps-simdna	measured	pinned	3	stddev_ns	4544884.707683	4	1.0000	0	0		
rank_yes	w-256	(set)	large-subject-throughput	plain	same program	libpcre2_10.46_jit-caps-simdna	measured	pinned	3	ratio_vs_baseline	83.309523	4	1.0000	0	0		
rank_yes	w-256	(set)	large-subject-throughput	plain	same program	libpcre2_10.46_jit-caps-simdna	measured	pinned	3	ratio_vs_best	83.309523	4	1.0000	0	0		
baseline_yes	w-256	(set)	match-compliance			pcrec_c4c70f2c_vm-caps-simdna				baseline_identity	row-best-fallback					pcrec_c4c70f2c_vm-caps-simdna (row-best fallback -- interp absent from this group)	
rank_yes	w-256	(set)	match-compliance	whole-subject	separate artifact	pcrec_c4c70f2c_vm-caps-simdna	measured	pinned	1	median_ns	382.134594	40	1.0000	0	0		
rank_yes	w-256	(set)	match-compliance	whole-subject	separate artifact	pcrec_c4c70f2c_vm-caps-simdna	measured	pinned	1	min_ns	381.419727	40	1.0000	0	0		
rank_yes	w-256	(set)	match-compliance	whole-subject	separate artifact	pcrec_c4c70f2c_vm-caps-simdna	measured	pinned	1	max_ns	394.160606	40	1.0000	0	0		
rank_yes	w-256	(set)	match-compliance	whole-subject	separate artifact	pcrec_c4c70f2c_vm-caps-simdna	measured	pinned	1	stddev_ns	4.842639	40	1.0000	0	0		
rank_yes	w-256	(set)	match-compliance	whole-subject	separate artifact	pcrec_c4c70f2c_vm-caps-simdna	measured	pinned	1	ratio_vs_baseline	1.000000	40	1.0000	0	0		
rank_yes	w-256	(set)	match-compliance	whole-subject	separate artifact	pcrec_c4c70f2c_vm-caps-simdna	measured	pinned	1	ratio_vs_best	1.000000	40	1.0000	0	0		
rank_yes	w-256	(set)	match-compliance	whole-subject	separate artifact	pcrec_c4c70f2c_auto-caps-simdna	measured	pinned	2	median_ns	1059.110198	40	1.0000	0	0		
rank_yes	w-256	(set)	match-compliance	whole-subject	separate artifact	pcrec_c4c70f2c_auto-caps-simdna	measured	pinned	2	min_ns	1058.330077	40	1.0000	0	0		
rank_yes	w-256	(set)	match-compliance	whole-subject	separate artifact	pcrec_c4c70f2c_auto-caps-simdna	measured	pinned	2	max_ns	1077.540649	40	1.0000	0	0		
rank_yes	w-256	(set)	match-compliance	whole-subject	separate artifact	pcrec_c4c70f2c_auto-caps-simdna	measured	pinned	2	stddev_ns	7.401835	40	1.0000	0	0		
rank_yes	w-256	(set)	match-compliance	whole-subject	separate artifact	pcrec_c4c70f2c_auto-caps-simdna	measured	pinned	2	ratio_vs_baseline	2.771563	40	1.0000	0	0		
rank_yes	w-256	(set)	match-compliance	whole-subject	separate artifact	pcrec_c4c70f2c_auto-caps-simdna	measured	pinned	2	ratio_vs_best	2.771563	40	1.0000	0	0		
rank_yes	w-256	(set)	match-compliance	plain	same program	libpcre2_10.46_jit-caps-simdna	measured	pinned	3	median_ns	55709.378573	40	1.0000	0	0		
rank_yes	w-256	(set)	match-compliance	plain	same program	libpcre2_10.46_jit-caps-simdna	measured	pinned	3	min_ns	53535.021883	40	1.0000	0	0		
rank_yes	w-256	(set)	match-compliance	plain	same program	libpcre2_10.46_jit-caps-simdna	measured	pinned	3	max_ns	55987.296194	40	1.0000	0	0		
rank_yes	w-256	(set)	match-compliance	plain	same program	libpcre2_10.46_jit-caps-simdna	measured	pinned	3	stddev_ns	1063.353364	40	1.0000	0	0		
rank_yes	w-256	(set)	match-compliance	plain	same program	libpcre2_10.46_jit-caps-simdna	measured	pinned	3	ratio_vs_baseline	145.784704	40	1.0000	0	0		
rank_yes	w-256	(set)	match-compliance	plain	same program	libpcre2_10.46_jit-caps-simdna	measured	pinned	3	ratio_vs_best	145.784704	40	1.0000	0	0		
baseline_yes	w-256	(set)	short-subject-search			pcrec_c4c70f2c_auto-caps-simdna				baseline_identity	row-best-fallback					pcrec_c4c70f2c_auto-caps-simdna (row-best fallback -- interp absent from this group)	
rank_yes	w-256	(set)	short-subject-search	plain	same program	pcrec_c4c70f2c_auto-caps-simdna	measured	pinned	1	median_ns	7621.305824	40	1.0000	0	0		
rank_yes	w-256	(set)	short-subject-search	plain	same program	pcrec_c4c70f2c_auto-caps-simdna	measured	pinned	1	min_ns	7613.722415	40	1.0000	0	0		
rank_yes	w-256	(set)	short-subject-search	plain	same program	pcrec_c4c70f2c_auto-caps-simdna	measured	pinned	1	max_ns	7642.326557	40	1.0000	0	0		
rank_yes	w-256	(set)	short-subject-search	plain	same program	pcrec_c4c70f2c_auto-caps-simdna	measured	pinned	1	stddev_ns	11.426896	40	1.0000	0	0		
rank_yes	w-256	(set)	short-subject-search	plain	same program	pcrec_c4c70f2c_auto-caps-simdna	measured	pinned	1	ratio_vs_baseline	1.000000	40	1.0000	0	0		
rank_yes	w-256	(set)	short-subject-search	plain	same program	pcrec_c4c70f2c_auto-caps-simdna	measured	pinned	1	ratio_vs_best	1.000000	40	1.0000	0	0		
rank_yes	w-256	(set)	short-subject-search	plain	same program	pcrec_c4c70f2c_vm-caps-simdna	measured	pinned	2	median_ns	50941.620004	40	1.0000	0	0		
rank_yes	w-256	(set)	short-subject-search	plain	same program	pcrec_c4c70f2c_vm-caps-simdna	measured	pinned	2	min_ns	50533.940294	40	1.0000	0	0		
rank_yes	w-256	(set)	short-subject-search	plain	same program	pcrec_c4c70f2c_vm-caps-simdna	measured	pinned	2	max_ns	52593.930407	40	1.0000	0	0		
rank_yes	w-256	(set)	short-subject-search	plain	same program	pcrec_c4c70f2c_vm-caps-simdna	measured	pinned	2	stddev_ns	768.457109	40	1.0000	0	0		
rank_yes	w-256	(set)	short-subject-search	plain	same program	pcrec_c4c70f2c_vm-caps-simdna	measured	pinned	2	ratio_vs_baseline	6.684107	40	1.0000	0	0		
rank_yes	w-256	(set)	short-subject-search	plain	same program	pcrec_c4c70f2c_vm-caps-simdna	measured	pinned	2	ratio_vs_best	6.684107	40	1.0000	0	0		
rank_yes	w-256	(set)	short-subject-search	plain	same program	libpcre2_10.46_jit-caps-simdna	measured	pinned	3	median_ns	1114105.741435	40	1.0000	0	0		
rank_yes	w-256	(set)	short-subject-search	plain	same program	libpcre2_10.46_jit-caps-simdna	measured	pinned	3	min_ns	1099650.658458	40	1.0000	0	0		
rank_yes	w-256	(set)	short-subject-search	plain	same program	libpcre2_10.46_jit-caps-simdna	measured	pinned	3	max_ns	1117951.759101	40	1.0000	0	0		
rank_yes	w-256	(set)	short-subject-search	plain	same program	libpcre2_10.46_jit-caps-simdna	measured	pinned	3	stddev_ns	6985.192940	40	1.0000	0	0		
rank_yes	w-256	(set)	short-subject-search	plain	same program	libpcre2_10.46_jit-caps-simdna	measured	pinned	3	ratio_vs_baseline	146.183051	40	1.0000	0	0		
rank_yes	w-256	(set)	short-subject-search	plain	same program	libpcre2_10.46_jit-caps-simdna	measured	pinned	3	ratio_vs_best	146.183051	40	1.0000	0	0		
baseline_yes	w-384	(set)	large-subject-throughput			pcrec_c4c70f2c_auto-caps-simdna				baseline_identity	row-best-fallback					pcrec_c4c70f2c_auto-caps-simdna (row-best fallback -- interp absent from this group)	
rank_yes	w-384	(set)	large-subject-throughput	plain	same program	pcrec_c4c70f2c_auto-caps-simdna	measured	pinned	1	median_ns	3021117.190909	4	1.0000	0	0		
rank_yes	w-384	(set)	large-subject-throughput	plain	same program	pcrec_c4c70f2c_auto-caps-simdna	measured	pinned	1	min_ns	3011382.136364	4	1.0000	0	0		
rank_yes	w-384	(set)	large-subject-throughput	plain	same program	pcrec_c4c70f2c_auto-caps-simdna	measured	pinned	1	max_ns	3023438.290909	4	1.0000	0	0		
rank_yes	w-384	(set)	large-subject-throughput	plain	same program	pcrec_c4c70f2c_auto-caps-simdna	measured	pinned	1	stddev_ns	4228.483122	4	1.0000	0	0		
rank_yes	w-384	(set)	large-subject-throughput	plain	same program	pcrec_c4c70f2c_auto-caps-simdna	measured	pinned	1	ratio_vs_baseline	1.000000	4	1.0000	0	0		
rank_yes	w-384	(set)	large-subject-throughput	plain	same program	pcrec_c4c70f2c_auto-caps-simdna	measured	pinned	1	ratio_vs_best	1.000000	4	1.0000	0	0		
rank_yes	w-384	(set)	large-subject-throughput	plain	same program	pcrec_c4c70f2c_vm-caps-simdna	measured	pinned	2	median_ns	16600527.047619	4	1.0000	0	0		
rank_yes	w-384	(set)	large-subject-throughput	plain	same program	pcrec_c4c70f2c_vm-caps-simdna	measured	pinned	2	min_ns	16563607.380952	4	1.0000	0	0		
rank_yes	w-384	(set)	large-subject-throughput	plain	same program	pcrec_c4c70f2c_vm-caps-simdna	measured	pinned	2	max_ns	16621985.761905	4	1.0000	0	0		
rank_yes	w-384	(set)	large-subject-throughput	plain	same program	pcrec_c4c70f2c_vm-caps-simdna	measured	pinned	2	stddev_ns	21257.256540	4	1.0000	0	0		
rank_yes	w-384	(set)	large-subject-throughput	plain	same program	pcrec_c4c70f2c_vm-caps-simdna	measured	pinned	2	ratio_vs_baseline	5.494831	4	1.0000	0	0		
rank_yes	w-384	(set)	large-subject-throughput	plain	same program	pcrec_c4c70f2c_vm-caps-simdna	measured	pinned	2	ratio_vs_best	5.494831	4	1.0000	0	0		
rank_yes	w-384	(set)	large-subject-throughput	plain	same program	libpcre2_10.46_jit-caps-simdna	measured	pinned	3	median_ns	414763259.000000	4	1.0000	0	0		
rank_yes	w-384	(set)	large-subject-throughput	plain	same program	libpcre2_10.46_jit-caps-simdna	measured	pinned	3	min_ns	412405638.000000	4	1.0000	0	0		
rank_yes	w-384	(set)	large-subject-throughput	plain	same program	libpcre2_10.46_jit-caps-simdna	measured	pinned	3	max_ns	416099906.000000	4	1.0000	0	0		
rank_yes	w-384	(set)	large-subject-throughput	plain	same program	libpcre2_10.46_jit-caps-simdna	measured	pinned	3	stddev_ns	1284857.914390	4	1.0000	0	0		
rank_yes	w-384	(set)	large-subject-throughput	plain	same program	libpcre2_10.46_jit-caps-simdna	measured	pinned	3	ratio_vs_baseline	137.288040	4	1.0000	0	0		
rank_yes	w-384	(set)	large-subject-throughput	plain	same program	libpcre2_10.46_jit-caps-simdna	measured	pinned	3	ratio_vs_best	137.288040	4	1.0000	0	0		
baseline_yes	w-384	(set)	match-compliance			pcrec_c4c70f2c_vm-caps-simdna				baseline_identity	row-best-fallback					pcrec_c4c70f2c_vm-caps-simdna (row-best fallback -- interp absent from this group)	
rank_yes	w-384	(set)	match-compliance	whole-subject	separate artifact	pcrec_c4c70f2c_vm-caps-simdna	measured	pinned	1	median_ns	373.865011	40	1.0000	0	0		
rank_yes	w-384	(set)	match-compliance	whole-subject	separate artifact	pcrec_c4c70f2c_vm-caps-simdna	measured	pinned	1	min_ns	370.522554	40	1.0000	0	0		
rank_yes	w-384	(set)	match-compliance	whole-subject	separate artifact	pcrec_c4c70f2c_vm-caps-simdna	measured	pinned	1	max_ns	442.394178	40	1.0000	0	0		
rank_yes	w-384	(set)	match-compliance	whole-subject	separate artifact	pcrec_c4c70f2c_vm-caps-simdna	measured	pinned	1	stddev_ns	27.688715	40	1.0000	0	0		
rank_yes	w-384	(set)	match-compliance	whole-subject	separate artifact	pcrec_c4c70f2c_vm-caps-simdna	measured	pinned	1	ratio_vs_baseline	1.000000	40	1.0000	0	0		
rank_yes	w-384	(set)	match-compliance	whole-subject	separate artifact	pcrec_c4c70f2c_vm-caps-simdna	measured	pinned	1	ratio_vs_best	1.000000	40	1.0000	0	0		
rank_yes	w-384	(set)	match-compliance	whole-subject	separate artifact	pcrec_c4c70f2c_auto-caps-simdna	measured	pinned	2	median_ns	1430.654299	40	1.0000	0	0		
rank_yes	w-384	(set)	match-compliance	whole-subject	separate artifact	pcrec_c4c70f2c_auto-caps-simdna	measured	pinned	2	min_ns	1428.596224	40	1.0000	0	0		
rank_yes	w-384	(set)	match-compliance	whole-subject	separate artifact	pcrec_c4c70f2c_auto-caps-simdna	measured	pinned	2	max_ns	1433.874394	40	1.0000	0	0		
rank_yes	w-384	(set)	match-compliance	whole-subject	separate artifact	pcrec_c4c70f2c_auto-caps-simdna	measured	pinned	2	stddev_ns	1.812927	40	1.0000	0	0		
rank_yes	w-384	(set)	match-compliance	whole-subject	separate artifact	pcrec_c4c70f2c_auto-caps-simdna	measured	pinned	2	ratio_vs_baseline	3.826660	40	1.0000	0	0		
rank_yes	w-384	(set)	match-compliance	whole-subject	separate artifact	pcrec_c4c70f2c_auto-caps-simdna	measured	pinned	2	ratio_vs_best	3.826660	40	1.0000	0	0		
rank_yes	w-384	(set)	match-compliance	plain	same program	libpcre2_10.46_jit-caps-simdna	measured	pinned	3	median_ns	79526.947173	40	1.0000	0	0		
rank_yes	w-384	(set)	match-compliance	plain	same program	libpcre2_10.46_jit-caps-simdna	measured	pinned	3	min_ns	77183.301511	40	1.0000	0	0		
rank_yes	w-384	(set)	match-compliance	plain	same program	libpcre2_10.46_jit-caps-simdna	measured	pinned	3	max_ns	84764.263042	40	1.0000	0	0		
rank_yes	w-384	(set)	match-compliance	plain	same program	libpcre2_10.46_jit-caps-simdna	measured	pinned	3	stddev_ns	2739.152787	40	1.0000	0	0		
rank_yes	w-384	(set)	match-compliance	plain	same program	libpcre2_10.46_jit-caps-simdna	measured	pinned	3	ratio_vs_baseline	212.715672	40	1.0000	0	0		
rank_yes	w-384	(set)	match-compliance	plain	same program	libpcre2_10.46_jit-caps-simdna	measured	pinned	3	ratio_vs_best	212.715672	40	1.0000	0	0		
baseline_yes	w-384	(set)	short-subject-search			pcrec_c4c70f2c_auto-caps-simdna				baseline_identity	row-best-fallback					pcrec_c4c70f2c_auto-caps-simdna (row-best fallback -- interp absent from this group)	
rank_yes	w-384	(set)	short-subject-search	plain	same program	pcrec_c4c70f2c_auto-caps-simdna	measured	pinned	1	median_ns	7627.604013	40	1.0000	0	0		
rank_yes	w-384	(set)	short-subject-search	plain	same program	pcrec_c4c70f2c_auto-caps-simdna	measured	pinned	1	min_ns	7622.316858	40	1.0000	0	0		
rank_yes	w-384	(set)	short-subject-search	plain	same program	pcrec_c4c70f2c_auto-caps-simdna	measured	pinned	1	max_ns	7646.153966	40	1.0000	0	0		
rank_yes	w-384	(set)	short-subject-search	plain	same program	pcrec_c4c70f2c_auto-caps-simdna	measured	pinned	1	stddev_ns	8.147083	40	1.0000	0	0		
rank_yes	w-384	(set)	short-subject-search	plain	same program	pcrec_c4c70f2c_auto-caps-simdna	measured	pinned	1	ratio_vs_baseline	1.000000	40	1.0000	0	0		
rank_yes	w-384	(set)	short-subject-search	plain	same program	pcrec_c4c70f2c_auto-caps-simdna	measured	pinned	1	ratio_vs_best	1.000000	40	1.0000	0	0		
rank_yes	w-384	(set)	short-subject-search	plain	same program	pcrec_c4c70f2c_vm-caps-simdna	measured	pinned	2	median_ns	53080.269126	40	1.0000	0	0		
rank_yes	w-384	(set)	short-subject-search	plain	same program	pcrec_c4c70f2c_vm-caps-simdna	measured	pinned	2	min_ns	52807.403734	40	1.0000	0	0		
rank_yes	w-384	(set)	short-subject-search	plain	same program	pcrec_c4c70f2c_vm-caps-simdna	measured	pinned	2	max_ns	53504.778383	40	1.0000	0	0		
rank_yes	w-384	(set)	short-subject-search	plain	same program	pcrec_c4c70f2c_vm-caps-simdna	measured	pinned	2	stddev_ns	239.877259	40	1.0000	0	0		
rank_yes	w-384	(set)	short-subject-search	plain	same program	pcrec_c4c70f2c_vm-caps-simdna	measured	pinned	2	ratio_vs_baseline	6.958970	40	1.0000	0	0		
rank_yes	w-384	(set)	short-subject-search	plain	same program	pcrec_c4c70f2c_vm-caps-simdna	measured	pinned	2	ratio_vs_best	6.958970	40	1.0000	0	0		
rank_yes	w-384	(set)	short-subject-search	plain	same program	libpcre2_10.46_jit-caps-simdna	measured	pinned	3	median_ns	1900679.504604	40	1.0000	0	0		
rank_yes	w-384	(set)	short-subject-search	plain	same program	libpcre2_10.46_jit-caps-simdna	measured	pinned	3	min_ns	1886484.911602	40	1.0000	0	0		
rank_yes	w-384	(set)	short-subject-search	plain	same program	libpcre2_10.46_jit-caps-simdna	measured	pinned	3	max_ns	1913772.327808	40	1.0000	0	0		
rank_yes	w-384	(set)	short-subject-search	plain	same program	libpcre2_10.46_jit-caps-simdna	measured	pinned	3	stddev_ns	9212.315402	40	1.0000	0	0		
rank_yes	w-384	(set)	short-subject-search	plain	same program	libpcre2_10.46_jit-caps-simdna	measured	pinned	3	ratio_vs_baseline	249.184344	40	1.0000	0	0		
rank_yes	w-384	(set)	short-subject-search	plain	same program	libpcre2_10.46_jit-caps-simdna	measured	pinned	3	ratio_vs_best	249.184344	40	1.0000	0	0		
baseline_yes	w-512	(set)	large-subject-throughput			pcrec_c4c70f2c_auto-caps-simdna				baseline_identity	row-best-fallback					pcrec_c4c70f2c_auto-caps-simdna (row-best fallback -- interp absent from this group)	
rank_yes	w-512	(set)	large-subject-throughput	plain	same program	pcrec_c4c70f2c_auto-caps-simdna	measured	pinned	1	median_ns	4098028.950000	4	1.0000	0	0		
rank_yes	w-512	(set)	large-subject-throughput	plain	same program	pcrec_c4c70f2c_auto-caps-simdna	measured	pinned	1	min_ns	4095421.462500	4	1.0000	0	0		
rank_yes	w-512	(set)	large-subject-throughput	plain	same program	pcrec_c4c70f2c_auto-caps-simdna	measured	pinned	1	max_ns	4102389.237500	4	1.0000	0	0		
rank_yes	w-512	(set)	large-subject-throughput	plain	same program	pcrec_c4c70f2c_auto-caps-simdna	measured	pinned	1	stddev_ns	2730.431177	4	1.0000	0	0		
rank_yes	w-512	(set)	large-subject-throughput	plain	same program	pcrec_c4c70f2c_auto-caps-simdna	measured	pinned	1	ratio_vs_baseline	1.000000	4	1.0000	0	0		
rank_yes	w-512	(set)	large-subject-throughput	plain	same program	pcrec_c4c70f2c_auto-caps-simdna	measured	pinned	1	ratio_vs_best	1.000000	4	1.0000	0	0		
rank_yes	w-512	(set)	large-subject-throughput	plain	same program	pcrec_c4c70f2c_vm-caps-simdna	measured	pinned	2	median_ns	17016587.333333	4	1.0000	0	0		
rank_yes	w-512	(set)	large-subject-throughput	plain	same program	pcrec_c4c70f2c_vm-caps-simdna	measured	pinned	2	min_ns	16981967.666667	4	1.0000	0	0		
rank_yes	w-512	(set)	large-subject-throughput	plain	same program	pcrec_c4c70f2c_vm-caps-simdna	measured	pinned	2	max_ns	17042425.142857	4	1.0000	0	0		
rank_yes	w-512	(set)	large-subject-throughput	plain	same program	pcrec_c4c70f2c_vm-caps-simdna	measured	pinned	2	stddev_ns	22850.588786	4	1.0000	0	0		
rank_yes	w-512	(set)	large-subject-throughput	plain	same program	pcrec_c4c70f2c_vm-caps-simdna	measured	pinned	2	ratio_vs_baseline	4.152383	4	1.0000	0	0		
rank_yes	w-512	(set)	large-subject-throughput	plain	same program	pcrec_c4c70f2c_vm-caps-simdna	measured	pinned	2	ratio_vs_best	4.152383	4	1.0000	0	0		
rank_yes	w-512	(set)	large-subject-throughput	plain	same program	libpcre2_10.46_jit-caps-simdna	measured	pinned	3	median_ns	593738060.000000	4	1.0000	0	0		
rank_yes	w-512	(set)	large-subject-throughput	plain	same program	libpcre2_10.46_jit-caps-simdna	measured	pinned	3	min_ns	589104338.000000	4	1.0000	0	0		
rank_yes	w-512	(set)	large-subject-throughput	plain	same program	libpcre2_10.46_jit-caps-simdna	measured	pinned	3	max_ns	594611751.000000	4	1.0000	0	0		
rank_yes	w-512	(set)	large-subject-throughput	plain	same program	libpcre2_10.46_jit-caps-simdna	measured	pinned	3	stddev_ns	1981629.673329	4	1.0000	0	0		
rank_yes	w-512	(set)	large-subject-throughput	plain	same program	libpcre2_10.46_jit-caps-simdna	measured	pinned	3	ratio_vs_baseline	144.883813	4	1.0000	0	0		
rank_yes	w-512	(set)	large-subject-throughput	plain	same program	libpcre2_10.46_jit-caps-simdna	measured	pinned	3	ratio_vs_best	144.883813	4	1.0000	0	0		
baseline_yes	w-512	(set)	match-compliance			pcrec_c4c70f2c_vm-caps-simdna				baseline_identity	row-best-fallback					pcrec_c4c70f2c_vm-caps-simdna (row-best fallback -- interp absent from this group)	
rank_yes	w-512	(set)	match-compliance	whole-subject	separate artifact	pcrec_c4c70f2c_vm-caps-simdna	measured	pinned	1	median_ns	397.201282	40	1.0000	0	0		
rank_yes	w-512	(set)	match-compliance	whole-subject	separate artifact	pcrec_c4c70f2c_vm-caps-simdna	measured	pinned	1	min_ns	393.600817	40	1.0000	0	0		
rank_yes	w-512	(set)	match-compliance	whole-subject	separate artifact	pcrec_c4c70f2c_vm-caps-simdna	measured	pinned	1	max_ns	408.871768	40	1.0000	0	0		
rank_yes	w-512	(set)	match-compliance	whole-subject	separate artifact	pcrec_c4c70f2c_vm-caps-simdna	measured	pinned	1	stddev_ns	5.493776	40	1.0000	0	0		
rank_yes	w-512	(set)	match-compliance	whole-subject	separate artifact	pcrec_c4c70f2c_vm-caps-simdna	measured	pinned	1	ratio_vs_baseline	1.000000	40	1.0000	0	0		
rank_yes	w-512	(set)	match-compliance	whole-subject	separate artifact	pcrec_c4c70f2c_vm-caps-simdna	measured	pinned	1	ratio_vs_best	1.000000	40	1.0000	0	0		
rank_yes	w-512	(set)	match-compliance	whole-subject	separate artifact	pcrec_c4c70f2c_auto-caps-simdna	measured	pinned	2	median_ns	1491.547409	40	1.0000	0	0		
rank_yes	w-512	(set)	match-compliance	whole-subject	separate artifact	pcrec_c4c70f2c_auto-caps-simdna	measured	pinned	2	min_ns	1490.583828	40	1.0000	0	0		
rank_yes	w-512	(set)	match-compliance	whole-subject	separate artifact	pcrec_c4c70f2c_auto-caps-simdna	measured	pinned	2	max_ns	1500.276191	40	1.0000	0	0		
rank_yes	w-512	(set)	match-compliance	whole-subject	separate artifact	pcrec_c4c70f2c_auto-caps-simdna	measured	pinned	2	stddev_ns	3.741835	40	1.0000	0	0		
rank_yes	w-512	(set)	match-compliance	whole-subject	separate artifact	pcrec_c4c70f2c_auto-caps-simdna	measured	pinned	2	ratio_vs_baseline	3.755142	40	1.0000	0	0		
rank_yes	w-512	(set)	match-compliance	whole-subject	separate artifact	pcrec_c4c70f2c_auto-caps-simdna	measured	pinned	2	ratio_vs_best	3.755142	40	1.0000	0	0		
rank_yes	w-512	(set)	match-compliance	plain	same program	libpcre2_10.46_jit-caps-simdna	measured	pinned	3	median_ns	104066.334750	40	1.0000	0	0		
rank_yes	w-512	(set)	match-compliance	plain	same program	libpcre2_10.46_jit-caps-simdna	measured	pinned	3	min_ns	102559.455522	40	1.0000	0	0		
rank_yes	w-512	(set)	match-compliance	plain	same program	libpcre2_10.46_jit-caps-simdna	measured	pinned	3	max_ns	106565.710769	40	1.0000	0	0		
rank_yes	w-512	(set)	match-compliance	plain	same program	libpcre2_10.46_jit-caps-simdna	measured	pinned	3	stddev_ns	1419.636598	40	1.0000	0	0		
rank_yes	w-512	(set)	match-compliance	plain	same program	libpcre2_10.46_jit-caps-simdna	measured	pinned	3	ratio_vs_baseline	261.998990	40	1.0000	0	0		
rank_yes	w-512	(set)	match-compliance	plain	same program	libpcre2_10.46_jit-caps-simdna	measured	pinned	3	ratio_vs_best	261.998990	40	1.0000	0	0		
baseline_yes	w-512	(set)	short-subject-search			pcrec_c4c70f2c_auto-caps-simdna				baseline_identity	row-best-fallback					pcrec_c4c70f2c_auto-caps-simdna (row-best fallback -- interp absent from this group)	
rank_yes	w-512	(set)	short-subject-search	plain	same program	pcrec_c4c70f2c_auto-caps-simdna	measured	pinned	1	median_ns	13687.619173	40	1.0000	0	0		
rank_yes	w-512	(set)	short-subject-search	plain	same program	pcrec_c4c70f2c_auto-caps-simdna	measured	pinned	1	min_ns	13683.542768	40	1.0000	0	0		
rank_yes	w-512	(set)	short-subject-search	plain	same program	pcrec_c4c70f2c_auto-caps-simdna	measured	pinned	1	max_ns	13799.842857	40	1.0000	0	0		
rank_yes	w-512	(set)	short-subject-search	plain	same program	pcrec_c4c70f2c_auto-caps-simdna	measured	pinned	1	stddev_ns	45.212655	40	1.0000	0	0		
rank_yes	w-512	(set)	short-subject-search	plain	same program	pcrec_c4c70f2c_auto-caps-simdna	measured	pinned	1	ratio_vs_baseline	1.000000	40	1.0000	0	0		
rank_yes	w-512	(set)	short-subject-search	plain	same program	pcrec_c4c70f2c_auto-caps-simdna	measured	pinned	1	ratio_vs_best	1.000000	40	1.0000	0	0		
rank_yes	w-512	(set)	short-subject-search	plain	same program	pcrec_c4c70f2c_vm-caps-simdna	measured	pinned	2	median_ns	53978.253254	40	1.0000	0	0		
rank_yes	w-512	(set)	short-subject-search	plain	same program	pcrec_c4c70f2c_vm-caps-simdna	measured	pinned	2	min_ns	52663.481083	40	1.0000	0	0		
rank_yes	w-512	(set)	short-subject-search	plain	same program	pcrec_c4c70f2c_vm-caps-simdna	measured	pinned	2	max_ns	54869.560901	40	1.0000	0	0		
rank_yes	w-512	(set)	short-subject-search	plain	same program	pcrec_c4c70f2c_vm-caps-simdna	measured	pinned	2	stddev_ns	768.952311	40	1.0000	0	0		
rank_yes	w-512	(set)	short-subject-search	plain	same program	pcrec_c4c70f2c_vm-caps-simdna	measured	pinned	2	ratio_vs_baseline	3.943582	40	1.0000	0	0		
rank_yes	w-512	(set)	short-subject-search	plain	same program	pcrec_c4c70f2c_vm-caps-simdna	measured	pinned	2	ratio_vs_best	3.943582	40	1.0000	0	0		
rank_yes	w-512	(set)	short-subject-search	plain	same program	libpcre2_10.46_jit-caps-simdna	measured	pinned	3	median_ns	2686417.002584	40	1.0000	0	0		
rank_yes	w-512	(set)	short-subject-search	plain	same program	libpcre2_10.46_jit-caps-simdna	measured	pinned	3	min_ns	2677196.563307	40	1.0000	0	0		
rank_yes	w-512	(set)	short-subject-search	plain	same program	libpcre2_10.46_jit-caps-simdna	measured	pinned	3	max_ns	2714353.155039	40	1.0000	0	0		
rank_yes	w-512	(set)	short-subject-search	plain	same program	libpcre2_10.46_jit-caps-simdna	measured	pinned	3	stddev_ns	13097.974103	40	1.0000	0	0		
rank_yes	w-512	(set)	short-subject-search	plain	same program	libpcre2_10.46_jit-caps-simdna	measured	pinned	3	ratio_vs_baseline	196.266200	40	1.0000	0	0		
rank_yes	w-512	(set)	short-subject-search	plain	same program	libpcre2_10.46_jit-caps-simdna	measured	pinned	3	ratio_vs_best	196.266200	40	1.0000	0	0		
baseline_yes	w-64	(set)	large-subject-throughput			pcrec_c4c70f2c_auto-caps-simdna				baseline_identity	row-best-fallback					pcrec_c4c70f2c_auto-caps-simdna (row-best fallback -- interp absent from this group)	
rank_yes	w-64	(set)	large-subject-throughput	plain	same program	pcrec_c4c70f2c_auto-caps-simdna	measured	pinned	1	median_ns	3405732.019802	4	1.0000	0	0		
rank_yes	w-64	(set)	large-subject-throughput	plain	same program	pcrec_c4c70f2c_auto-caps-simdna	measured	pinned	1	min_ns	3401671.495050	4	1.0000	0	0		
rank_yes	w-64	(set)	large-subject-throughput	plain	same program	pcrec_c4c70f2c_auto-caps-simdna	measured	pinned	1	max_ns	3409561.237624	4	1.0000	0	0		
rank_yes	w-64	(set)	large-subject-throughput	plain	same program	pcrec_c4c70f2c_auto-caps-simdna	measured	pinned	1	stddev_ns	2893.596784	4	1.0000	0	0		
rank_yes	w-64	(set)	large-subject-throughput	plain	same program	pcrec_c4c70f2c_auto-caps-simdna	measured	pinned	1	ratio_vs_baseline	1.000000	4	1.0000	0	0		
rank_yes	w-64	(set)	large-subject-throughput	plain	same program	pcrec_c4c70f2c_auto-caps-simdna	measured	pinned	1	ratio_vs_best	1.000000	4	1.0000	0	0		
rank_yes	w-64	(set)	large-subject-throughput	plain	same program	pcrec_c4c70f2c_vm-caps-simdna	measured	pinned	2	median_ns	13595434.000000	4	1.0000	0	0		
rank_yes	w-64	(set)	large-subject-throughput	plain	same program	pcrec_c4c70f2c_vm-caps-simdna	measured	pinned	2	min_ns	13591412.076923	4	1.0000	0	0		
rank_yes	w-64	(set)	large-subject-throughput	plain	same program	pcrec_c4c70f2c_vm-caps-simdna	measured	pinned	2	max_ns	13596596.230769	4	1.0000	0	0		
rank_yes	w-64	(set)	large-subject-throughput	plain	same program	pcrec_c4c70f2c_vm-caps-simdna	measured	pinned	2	stddev_ns	2027.692134	4	1.0000	0	0		
rank_yes	w-64	(set)	large-subject-throughput	plain	same program	pcrec_c4c70f2c_vm-caps-simdna	measured	pinned	2	ratio_vs_baseline	3.991927	4	1.0000	0	0		
rank_yes	w-64	(set)	large-subject-throughput	plain	same program	pcrec_c4c70f2c_vm-caps-simdna	measured	pinned	2	ratio_vs_best	3.991927	4	1.0000	0	0		
rank_yes	w-64	(set)	large-subject-throughput	plain	same program	libpcre2_10.46_jit-caps-simdna	measured	pinned	3	median_ns	33900637.727273	4	1.0000	0	0		
rank_yes	w-64	(set)	large-subject-throughput	plain	same program	libpcre2_10.46_jit-caps-simdna	measured	pinned	3	min_ns	31846718.818182	4	1.0000	0	0		
rank_yes	w-64	(set)	large-subject-throughput	plain	same program	libpcre2_10.46_jit-caps-simdna	measured	pinned	3	max_ns	35951438.545455	4	1.0000	0	0		
rank_yes	w-64	(set)	large-subject-throughput	plain	same program	libpcre2_10.46_jit-caps-simdna	measured	pinned	3	stddev_ns	1304754.773992	4	1.0000	0	0		
rank_yes	w-64	(set)	large-subject-throughput	plain	same program	libpcre2_10.46_jit-caps-simdna	measured	pinned	3	ratio_vs_baseline	9.953994	4	1.0000	0	0		
rank_yes	w-64	(set)	large-subject-throughput	plain	same program	libpcre2_10.46_jit-caps-simdna	measured	pinned	3	ratio_vs_best	9.953994	4	1.0000	0	0		
baseline_yes	w-64	(set)	match-compliance			pcrec_c4c70f2c_vm-caps-simdna				baseline_identity	row-best-fallback					pcrec_c4c70f2c_vm-caps-simdna (row-best fallback -- interp absent from this group)	
rank_yes	w-64	(set)	match-compliance	whole-subject	separate artifact	pcrec_c4c70f2c_vm-caps-simdna	measured	pinned	1	median_ns	396.379948	40	1.0000	0	0		
rank_yes	w-64	(set)	match-compliance	whole-subject	separate artifact	pcrec_c4c70f2c_vm-caps-simdna	measured	pinned	1	min_ns	394.835690	40	1.0000	0	0		
rank_yes	w-64	(set)	match-compliance	whole-subject	separate artifact	pcrec_c4c70f2c_vm-caps-simdna	measured	pinned	1	max_ns	396.754319	40	1.0000	0	0		
rank_yes	w-64	(set)	match-compliance	whole-subject	separate artifact	pcrec_c4c70f2c_vm-caps-simdna	measured	pinned	1	stddev_ns	0.674103	40	1.0000	0	0		
rank_yes	w-64	(set)	match-compliance	whole-subject	separate artifact	pcrec_c4c70f2c_vm-caps-simdna	measured	pinned	1	ratio_vs_baseline	1.000000	40	1.0000	0	0		
rank_yes	w-64	(set)	match-compliance	whole-subject	separate artifact	pcrec_c4c70f2c_vm-caps-simdna	measured	pinned	1	ratio_vs_best	1.000000	40	1.0000	0	0		
rank_yes	w-64	(set)	match-compliance	whole-subject	separate artifact	pcrec_c4c70f2c_auto-caps-simdna	measured	pinned	2	median_ns	514.147963	40	1.0000	0	0		
rank_yes	w-64	(set)	match-compliance	whole-subject	separate artifact	pcrec_c4c70f2c_auto-caps-simdna	measured	pinned	2	min_ns	511.077375	40	1.0000	0	0		
rank_yes	w-64	(set)	match-compliance	whole-subject	separate artifact	pcrec_c4c70f2c_auto-caps-simdna	measured	pinned	2	max_ns	529.117807	40	1.0000	0	0		
rank_yes	w-64	(set)	match-compliance	whole-subject	separate artifact	pcrec_c4c70f2c_auto-caps-simdna	measured	pinned	2	stddev_ns	6.457791	40	1.0000	0	0		
rank_yes	w-64	(set)	match-compliance	whole-subject	separate artifact	pcrec_c4c70f2c_auto-caps-simdna	measured	pinned	2	ratio_vs_baseline	1.297109	40	1.0000	0	0		
rank_yes	w-64	(set)	match-compliance	whole-subject	separate artifact	pcrec_c4c70f2c_auto-caps-simdna	measured	pinned	2	ratio_vs_best	1.297109	40	1.0000	0	0		
rank_yes	w-64	(set)	match-compliance	plain	same program	libpcre2_10.46_jit-caps-simdna	measured	pinned	3	median_ns	15602.271742	40	1.0000	0	0		
rank_yes	w-64	(set)	match-compliance	plain	same program	libpcre2_10.46_jit-caps-simdna	measured	pinned	3	min_ns	15554.083050	40	1.0000	0	0		
rank_yes	w-64	(set)	match-compliance	plain	same program	libpcre2_10.46_jit-caps-simdna	measured	pinned	3	max_ns	16874.287000	40	1.0000	0	0		
rank_yes	w-64	(set)	match-compliance	plain	same program	libpcre2_10.46_jit-caps-simdna	measured	pinned	3	stddev_ns	507.154531	40	1.0000	0	0		
rank_yes	w-64	(set)	match-compliance	plain	same program	libpcre2_10.46_jit-caps-simdna	measured	pinned	3	ratio_vs_baseline	39.361910	40	1.0000	0	0		
rank_yes	w-64	(set)	match-compliance	plain	same program	libpcre2_10.46_jit-caps-simdna	measured	pinned	3	ratio_vs_best	39.361910	40	1.0000	0	0		
baseline_yes	w-64	(set)	short-subject-search			pcrec_c4c70f2c_auto-caps-simdna				baseline_identity	row-best-fallback					pcrec_c4c70f2c_auto-caps-simdna (row-best fallback -- interp absent from this group)	
rank_yes	w-64	(set)	short-subject-search	plain	same program	pcrec_c4c70f2c_auto-caps-simdna	measured	pinned	1	median_ns	7415.262049	40	1.0000	0	0		
rank_yes	w-64	(set)	short-subject-search	plain	same program	pcrec_c4c70f2c_auto-caps-simdna	measured	pinned	1	min_ns	7410.917052	40	1.0000	0	0		
rank_yes	w-64	(set)	short-subject-search	plain	same program	pcrec_c4c70f2c_auto-caps-simdna	measured	pinned	1	max_ns	7431.553800	40	1.0000	0	0		
rank_yes	w-64	(set)	short-subject-search	plain	same program	pcrec_c4c70f2c_auto-caps-simdna	measured	pinned	1	stddev_ns	7.179337	40	1.0000	0	0		
rank_yes	w-64	(set)	short-subject-search	plain	same program	pcrec_c4c70f2c_auto-caps-simdna	measured	pinned	1	ratio_vs_baseline	1.000000	40	1.0000	0	0		
rank_yes	w-64	(set)	short-subject-search	plain	same program	pcrec_c4c70f2c_auto-caps-simdna	measured	pinned	1	ratio_vs_best	1.000000	40	1.0000	0	0		
rank_yes	w-64	(set)	short-subject-search	plain	same program	pcrec_c4c70f2c_vm-caps-simdna	measured	pinned	2	median_ns	49989.785794	40	1.0000	0	0		
rank_yes	w-64	(set)	short-subject-search	plain	same program	pcrec_c4c70f2c_vm-caps-simdna	measured	pinned	2	min_ns	49749.490766	40	1.0000	0	0		
rank_yes	w-64	(set)	short-subject-search	plain	same program	pcrec_c4c70f2c_vm-caps-simdna	measured	pinned	2	max_ns	50348.157961	40	1.0000	0	0		
rank_yes	w-64	(set)	short-subject-search	plain	same program	pcrec_c4c70f2c_vm-caps-simdna	measured	pinned	2	stddev_ns	195.729579	40	1.0000	0	0		
rank_yes	w-64	(set)	short-subject-search	plain	same program	pcrec_c4c70f2c_vm-caps-simdna	measured	pinned	2	ratio_vs_baseline	6.741473	40	1.0000	0	0		
rank_yes	w-64	(set)	short-subject-search	plain	same program	pcrec_c4c70f2c_vm-caps-simdna	measured	pinned	2	ratio_vs_best	6.741473	40	1.0000	0	0		
rank_yes	w-64	(set)	short-subject-search	plain	same program	libpcre2_10.46_jit-caps-simdna	measured	pinned	3	median_ns	159737.006100	40	1.0000	0	0		
rank_yes	w-64	(set)	short-subject-search	plain	same program	libpcre2_10.46_jit-caps-simdna	measured	pinned	3	min_ns	151157.717062	40	1.0000	0	0		
rank_yes	w-64	(set)	short-subject-search	plain	same program	libpcre2_10.46_jit-caps-simdna	measured	pinned	3	max_ns	166445.197544	40	1.0000	0	0		
rank_yes	w-64	(set)	short-subject-search	plain	same program	libpcre2_10.46_jit-caps-simdna	measured	pinned	3	stddev_ns	5527.666705	40	1.0000	0	0		
rank_yes	w-64	(set)	short-subject-search	plain	same program	libpcre2_10.46_jit-caps-simdna	measured	pinned	3	ratio_vs_baseline	21.541654	40	1.0000	0	0		
rank_yes	w-64	(set)	short-subject-search	plain	same program	libpcre2_10.46_jit-caps-simdna	measured	pinned	3	ratio_vs_best	21.541654	40	1.0000	0	0		
baseline_yes	w-8	(set)	large-subject-throughput			pcrec_c4c70f2c_auto-caps-simdna				baseline_identity	row-best-fallback					pcrec_c4c70f2c_auto-caps-simdna (row-best fallback -- interp absent from this group)	
rank_yes	w-8	(set)	large-subject-throughput	plain	same program	pcrec_c4c70f2c_auto-caps-simdna	measured	pinned	1	median_ns	2254017.794872	4	1.0000	0	0		
rank_yes	w-8	(set)	large-subject-throughput	plain	same program	pcrec_c4c70f2c_auto-caps-simdna	measured	pinned	1	min_ns	2248850.269231	4	1.0000	0	0		
rank_yes	w-8	(set)	large-subject-throughput	plain	same program	pcrec_c4c70f2c_auto-caps-simdna	measured	pinned	1	max_ns	2256614.147436	4	1.0000	0	0		
rank_yes	w-8	(set)	large-subject-throughput	plain	same program	pcrec_c4c70f2c_auto-caps-simdna	measured	pinned	1	stddev_ns	2731.482761	4	1.0000	0	0		
rank_yes	w-8	(set)	large-subject-throughput	plain	same program	pcrec_c4c70f2c_auto-caps-simdna	measured	pinned	1	ratio_vs_baseline	1.000000	4	1.0000	0	0		
rank_yes	w-8	(set)	large-subject-throughput	plain	same program	pcrec_c4c70f2c_auto-caps-simdna	measured	pinned	1	ratio_vs_best	1.000000	4	1.0000	0	0		
rank_yes	w-8	(set)	large-subject-throughput	plain	same program	libpcre2_10.46_jit-caps-simdna	measured	pinned	2	median_ns	3290992.900990	4	1.0000	0	0		
rank_yes	w-8	(set)	large-subject-throughput	plain	same program	libpcre2_10.46_jit-caps-simdna	measured	pinned	2	min_ns	3288416.524752	4	1.0000	0	0		
rank_yes	w-8	(set)	large-subject-throughput	plain	same program	libpcre2_10.46_jit-caps-simdna	measured	pinned	2	max_ns	3294381.524752	4	1.0000	0	0		
rank_yes	w-8	(set)	large-subject-throughput	plain	same program	libpcre2_10.46_jit-caps-simdna	measured	pinned	2	stddev_ns	2500.987607	4	1.0000	0	0		
rank_yes	w-8	(set)	large-subject-throughput	plain	same program	libpcre2_10.46_jit-caps-simdna	measured	pinned	2	ratio_vs_baseline	1.460056	4	1.0000	0	0		
rank_yes	w-8	(set)	large-subject-throughput	plain	same program	libpcre2_10.46_jit-caps-simdna	measured	pinned	2	ratio_vs_best	1.460056	4	1.0000	0	0		
rank_yes	w-8	(set)	large-subject-throughput	plain	same program	pcrec_c4c70f2c_vm-caps-simdna	measured	pinned	3	median_ns	8961080.025641	4	1.0000	0	0		
rank_yes	w-8	(set)	large-subject-throughput	plain	same program	pcrec_c4c70f2c_vm-caps-simdna	measured	pinned	3	min_ns	8952244.589744	4	1.0000	0	0		
rank_yes	w-8	(set)	large-subject-throughput	plain	same program	pcrec_c4c70f2c_vm-caps-simdna	measured	pinned	3	max_ns	8999468.897436	4	1.0000	0	0		
rank_yes	w-8	(set)	large-subject-throughput	plain	same program	pcrec_c4c70f2c_vm-caps-simdna	measured	pinned	3	stddev_ns	16669.689975	4	1.0000	0	0		
rank_yes	w-8	(set)	large-subject-throughput	plain	same program	pcrec_c4c70f2c_vm-caps-simdna	measured	pinned	3	ratio_vs_baseline	3.975603	4	1.0000	0	0		
rank_yes	w-8	(set)	large-subject-throughput	plain	same program	pcrec_c4c70f2c_vm-caps-simdna	measured	pinned	3	ratio_vs_best	3.975603	4	1.0000	0	0		
baseline_yes	w-8	(set)	match-compliance			pcrec_c4c70f2c_vm-caps-simdna				baseline_identity	row-best-fallback					pcrec_c4c70f2c_vm-caps-simdna (row-best fallback -- interp absent from this group)	
rank_yes	w-8	(set)	match-compliance	whole-subject	separate artifact	pcrec_c4c70f2c_vm-caps-simdna	measured	pinned	1	median_ns	359.476761	40	1.0000	0	0		
rank_yes	w-8	(set)	match-compliance	whole-subject	separate artifact	pcrec_c4c70f2c_vm-caps-simdna	measured	pinned	1	min_ns	359.164118	40	1.0000	0	0		
rank_yes	w-8	(set)	match-compliance	whole-subject	separate artifact	pcrec_c4c70f2c_vm-caps-simdna	measured	pinned	1	max_ns	361.940186	40	1.0000	0	0		
rank_yes	w-8	(set)	match-compliance	whole-subject	separate artifact	pcrec_c4c70f2c_vm-caps-simdna	measured	pinned	1	stddev_ns	1.193485	40	1.0000	0	0		
rank_yes	w-8	(set)	match-compliance	whole-subject	separate artifact	pcrec_c4c70f2c_vm-caps-simdna	measured	pinned	1	ratio_vs_baseline	1.000000	40	1.0000	0	0		
rank_yes	w-8	(set)	match-compliance	whole-subject	separate artifact	pcrec_c4c70f2c_vm-caps-simdna	measured	pinned	1	ratio_vs_best	1.000000	40	1.0000	0	0		
rank_yes	w-8	(set)	match-compliance	whole-subject	separate artifact	pcrec_c4c70f2c_auto-caps-simdna	measured	pinned	2	median_ns	454.139078	40	1.0000	0	0		
rank_yes	w-8	(set)	match-compliance	whole-subject	separate artifact	pcrec_c4c70f2c_auto-caps-simdna	measured	pinned	2	min_ns	452.889012	40	1.0000	0	0		
rank_yes	w-8	(set)	match-compliance	whole-subject	separate artifact	pcrec_c4c70f2c_auto-caps-simdna	measured	pinned	2	max_ns	473.242479	40	1.0000	0	0		
rank_yes	w-8	(set)	match-compliance	whole-subject	separate artifact	pcrec_c4c70f2c_auto-caps-simdna	measured	pinned	2	stddev_ns	7.592184	40	1.0000	0	0		
rank_yes	w-8	(set)	match-compliance	whole-subject	separate artifact	pcrec_c4c70f2c_auto-caps-simdna	measured	pinned	2	ratio_vs_baseline	1.263334	40	1.0000	0	0		
rank_yes	w-8	(set)	match-compliance	whole-subject	separate artifact	pcrec_c4c70f2c_auto-caps-simdna	measured	pinned	2	ratio_vs_best	1.263334	40	1.0000	0	0		
rank_yes	w-8	(set)	match-compliance	plain	same program	libpcre2_10.46_jit-caps-simdna	measured	pinned	3	median_ns	3030.113503	40	1.0000	0	0		
rank_yes	w-8	(set)	match-compliance	plain	same program	libpcre2_10.46_jit-caps-simdna	measured	pinned	3	min_ns	3004.477658	40	1.0000	0	0		
rank_yes	w-8	(set)	match-compliance	plain	same program	libpcre2_10.46_jit-caps-simdna	measured	pinned	3	max_ns	3096.130675	40	1.0000	0	0		
rank_yes	w-8	(set)	match-compliance	plain	same program	libpcre2_10.46_jit-caps-simdna	measured	pinned	3	stddev_ns	31.156415	40	1.0000	0	0		
rank_yes	w-8	(set)	match-compliance	plain	same program	libpcre2_10.46_jit-caps-simdna	measured	pinned	3	ratio_vs_baseline	8.429233	40	1.0000	0	0		
rank_yes	w-8	(set)	match-compliance	plain	same program	libpcre2_10.46_jit-caps-simdna	measured	pinned	3	ratio_vs_best	8.429233	40	1.0000	0	0		
baseline_yes	w-8	(set)	short-subject-search			pcrec_c4c70f2c_auto-caps-simdna				baseline_identity	row-best-fallback					pcrec_c4c70f2c_auto-caps-simdna (row-best fallback -- interp absent from this group)	
rank_yes	w-8	(set)	short-subject-search	plain	same program	pcrec_c4c70f2c_auto-caps-simdna	measured	pinned	1	median_ns	4605.427083	40	1.0000	0	0		
rank_yes	w-8	(set)	short-subject-search	plain	same program	pcrec_c4c70f2c_auto-caps-simdna	measured	pinned	1	min_ns	4599.378139	40	1.0000	0	0		
rank_yes	w-8	(set)	short-subject-search	plain	same program	pcrec_c4c70f2c_auto-caps-simdna	measured	pinned	1	max_ns	4612.753585	40	1.0000	0	0		
rank_yes	w-8	(set)	short-subject-search	plain	same program	pcrec_c4c70f2c_auto-caps-simdna	measured	pinned	1	stddev_ns	4.960853	40	1.0000	0	0		
rank_yes	w-8	(set)	short-subject-search	plain	same program	pcrec_c4c70f2c_auto-caps-simdna	measured	pinned	1	ratio_vs_baseline	1.000000	40	1.0000	0	0		
rank_yes	w-8	(set)	short-subject-search	plain	same program	pcrec_c4c70f2c_auto-caps-simdna	measured	pinned	1	ratio_vs_best	1.000000	40	1.0000	0	0		
rank_yes	w-8	(set)	short-subject-search	plain	same program	libpcre2_10.46_jit-caps-simdna	measured	pinned	2	median_ns	11342.927003	40	1.0000	0	0		
rank_yes	w-8	(set)	short-subject-search	plain	same program	libpcre2_10.46_jit-caps-simdna	measured	pinned	2	min_ns	11312.513201	40	1.0000	0	0		
rank_yes	w-8	(set)	short-subject-search	plain	same program	libpcre2_10.46_jit-caps-simdna	measured	pinned	2	max_ns	11405.969562	40	1.0000	0	0		
rank_yes	w-8	(set)	short-subject-search	plain	same program	libpcre2_10.46_jit-caps-simdna	measured	pinned	2	stddev_ns	31.504109	40	1.0000	0	0		
rank_yes	w-8	(set)	short-subject-search	plain	same program	libpcre2_10.46_jit-caps-simdna	measured	pinned	2	ratio_vs_baseline	2.462948	40	1.0000	0	0		
rank_yes	w-8	(set)	short-subject-search	plain	same program	libpcre2_10.46_jit-caps-simdna	measured	pinned	2	ratio_vs_best	2.462948	40	1.0000	0	0		
rank_yes	w-8	(set)	short-subject-search	plain	same program	pcrec_c4c70f2c_vm-caps-simdna	measured	pinned	3	median_ns	32266.728016	40	1.0000	0	0		
rank_yes	w-8	(set)	short-subject-search	plain	same program	pcrec_c4c70f2c_vm-caps-simdna	measured	pinned	3	min_ns	30961.953491	40	1.0000	0	0		
rank_yes	w-8	(set)	short-subject-search	plain	same program	pcrec_c4c70f2c_vm-caps-simdna	measured	pinned	3	max_ns	33157.246123	40	1.0000	0	0		
rank_yes	w-8	(set)	short-subject-search	plain	same program	pcrec_c4c70f2c_vm-caps-simdna	measured	pinned	3	stddev_ns	797.755678	40	1.0000	0	0		
rank_yes	w-8	(set)	short-subject-search	plain	same program	pcrec_c4c70f2c_vm-caps-simdna	measured	pinned	3	ratio_vs_baseline	7.006240	40	1.0000	0	0		
rank_yes	w-8	(set)	short-subject-search	plain	same program	pcrec_c4c70f2c_vm-caps-simdna	measured	pinned	3	ratio_vs_best	7.006240	40	1.0000	0	0		
baseline_yes	w-96	(set)	large-subject-throughput			pcrec_c4c70f2c_auto-caps-simdna				baseline_identity	row-best-fallback					pcrec_c4c70f2c_auto-caps-simdna (row-best fallback -- interp absent from this group)	
rank_yes	w-96	(set)	large-subject-throughput	plain	same program	pcrec_c4c70f2c_auto-caps-simdna	measured	pinned	1	median_ns	3129044.657407	4	1.0000	0	0		
rank_yes	w-96	(set)	large-subject-throughput	plain	same program	pcrec_c4c70f2c_auto-caps-simdna	measured	pinned	1	min_ns	3121407.759259	4	1.0000	0	0		
rank_yes	w-96	(set)	large-subject-throughput	plain	same program	pcrec_c4c70f2c_auto-caps-simdna	measured	pinned	1	max_ns	3133723.287037	4	1.0000	0	0		
rank_yes	w-96	(set)	large-subject-throughput	plain	same program	pcrec_c4c70f2c_auto-caps-simdna	measured	pinned	1	stddev_ns	5030.472640	4	1.0000	0	0		
rank_yes	w-96	(set)	large-subject-throughput	plain	same program	pcrec_c4c70f2c_auto-caps-simdna	measured	pinned	1	ratio_vs_baseline	1.000000	4	1.0000	0	0		
rank_yes	w-96	(set)	large-subject-throughput	plain	same program	pcrec_c4c70f2c_auto-caps-simdna	measured	pinned	1	ratio_vs_best	1.000000	4	1.0000	0	0		
rank_yes	w-96	(set)	large-subject-throughput	plain	same program	pcrec_c4c70f2c_vm-caps-simdna	measured	pinned	2	median_ns	14652170.250000	4	1.0000	0	0		
rank_yes	w-96	(set)	large-subject-throughput	plain	same program	pcrec_c4c70f2c_vm-caps-simdna	measured	pinned	2	min_ns	14610139.166667	4	1.0000	0	0		
rank_yes	w-96	(set)	large-subject-throughput	plain	same program	pcrec_c4c70f2c_vm-caps-simdna	measured	pinned	2	max_ns	14690774.083333	4	1.0000	0	0		
rank_yes	w-96	(set)	large-subject-throughput	plain	same program	pcrec_c4c70f2c_vm-caps-simdna	measured	pinned	2	stddev_ns	27075.840576	4	1.0000	0	0		
rank_yes	w-96	(set)	large-subject-throughput	plain	same program	pcrec_c4c70f2c_vm-caps-simdna	measured	pinned	2	ratio_vs_baseline	4.682634	4	1.0000	0	0		
rank_yes	w-96	(set)	large-subject-throughput	plain	same program	pcrec_c4c70f2c_vm-caps-simdna	measured	pinned	2	ratio_vs_best	4.682634	4	1.0000	0	0		
rank_yes	w-96	(set)	large-subject-throughput	plain	same program	libpcre2_10.46_jit-caps-simdna	measured	pinned	3	median_ns	69131576.400000	4	1.0000	0	0		
rank_yes	w-96	(set)	large-subject-throughput	plain	same program	libpcre2_10.46_jit-caps-simdna	measured	pinned	3	min_ns	62774132.600000	4	1.0000	0	0		
rank_yes	w-96	(set)	large-subject-throughput	plain	same program	libpcre2_10.46_jit-caps-simdna	measured	pinned	3	max_ns	75520030.000000	4	1.0000	0	0		
rank_yes	w-96	(set)	large-subject-throughput	plain	same program	libpcre2_10.46_jit-caps-simdna	measured	pinned	3	stddev_ns	4039309.115725	4	1.0000	0	0		
rank_yes	w-96	(set)	large-subject-throughput	plain	same program	libpcre2_10.46_jit-caps-simdna	measured	pinned	3	ratio_vs_baseline	22.093509	4	1.0000	0	0		
rank_yes	w-96	(set)	large-subject-throughput	plain	same program	libpcre2_10.46_jit-caps-simdna	measured	pinned	3	ratio_vs_best	22.093509	4	1.0000	0	0		
baseline_yes	w-96	(set)	match-compliance			pcrec_c4c70f2c_vm-caps-simdna				baseline_identity	row-best-fallback					pcrec_c4c70f2c_vm-caps-simdna (row-best fallback -- interp absent from this group)	
rank_yes	w-96	(set)	match-compliance	whole-subject	separate artifact	pcrec_c4c70f2c_vm-caps-simdna	measured	pinned	1	median_ns	375.058359	40	1.0000	0	0		
rank_yes	w-96	(set)	match-compliance	whole-subject	separate artifact	pcrec_c4c70f2c_vm-caps-simdna	measured	pinned	1	min_ns	374.065520	40	1.0000	0	0		
rank_yes	w-96	(set)	match-compliance	whole-subject	separate artifact	pcrec_c4c70f2c_vm-caps-simdna	measured	pinned	1	max_ns	379.250193	40	1.0000	0	0		
rank_yes	w-96	(set)	match-compliance	whole-subject	separate artifact	pcrec_c4c70f2c_vm-caps-simdna	measured	pinned	1	stddev_ns	1.993786	40	1.0000	0	0		
rank_yes	w-96	(set)	match-compliance	whole-subject	separate artifact	pcrec_c4c70f2c_vm-caps-simdna	measured	pinned	1	ratio_vs_baseline	1.000000	40	1.0000	0	0		
rank_yes	w-96	(set)	match-compliance	whole-subject	separate artifact	pcrec_c4c70f2c_vm-caps-simdna	measured	pinned	1	ratio_vs_best	1.000000	40	1.0000	0	0		
rank_yes	w-96	(set)	match-compliance	whole-subject	separate artifact	pcrec_c4c70f2c_auto-caps-simdna	measured	pinned	2	median_ns	510.034920	40	1.0000	0	0		
rank_yes	w-96	(set)	match-compliance	whole-subject	separate artifact	pcrec_c4c70f2c_auto-caps-simdna	measured	pinned	2	min_ns	498.851157	40	1.0000	0	0		
rank_yes	w-96	(set)	match-compliance	whole-subject	separate artifact	pcrec_c4c70f2c_auto-caps-simdna	measured	pinned	2	max_ns	531.462456	40	1.0000	0	0		
rank_yes	w-96	(set)	match-compliance	whole-subject	separate artifact	pcrec_c4c70f2c_auto-caps-simdna	measured	pinned	2	stddev_ns	10.815616	40	1.0000	0	0		
rank_yes	w-96	(set)	match-compliance	whole-subject	separate artifact	pcrec_c4c70f2c_auto-caps-simdna	measured	pinned	2	ratio_vs_baseline	1.359881	40	1.0000	0	0		
rank_yes	w-96	(set)	match-compliance	whole-subject	separate artifact	pcrec_c4c70f2c_auto-caps-simdna	measured	pinned	2	ratio_vs_best	1.359881	40	1.0000	0	0		
rank_yes	w-96	(set)	match-compliance	plain	same program	libpcre2_10.46_jit-caps-simdna	measured	pinned	3	median_ns	22528.703305	40	1.0000	0	0		
rank_yes	w-96	(set)	match-compliance	plain	same program	libpcre2_10.46_jit-caps-simdna	measured	pinned	3	min_ns	22047.715278	40	1.0000	0	0		
rank_yes	w-96	(set)	match-compliance	plain	same program	libpcre2_10.46_jit-caps-simdna	measured	pinned	3	max_ns	22765.621240	40	1.0000	0	0		
rank_yes	w-96	(set)	match-compliance	plain	same program	libpcre2_10.46_jit-caps-simdna	measured	pinned	3	stddev_ns	263.631352	40	1.0000	0	0		
rank_yes	w-96	(set)	match-compliance	plain	same program	libpcre2_10.46_jit-caps-simdna	measured	pinned	3	ratio_vs_baseline	60.067194	40	1.0000	0	0		
rank_yes	w-96	(set)	match-compliance	plain	same program	libpcre2_10.46_jit-caps-simdna	measured	pinned	3	ratio_vs_best	60.067194	40	1.0000	0	0		
baseline_yes	w-96	(set)	short-subject-search			pcrec_c4c70f2c_auto-caps-simdna				baseline_identity	row-best-fallback					pcrec_c4c70f2c_auto-caps-simdna (row-best fallback -- interp absent from this group)	
rank_yes	w-96	(set)	short-subject-search	plain	same program	pcrec_c4c70f2c_auto-caps-simdna	measured	pinned	1	median_ns	7572.836546	40	1.0000	0	0		
rank_yes	w-96	(set)	short-subject-search	plain	same program	pcrec_c4c70f2c_auto-caps-simdna	measured	pinned	1	min_ns	7561.850699	40	1.0000	0	0		
rank_yes	w-96	(set)	short-subject-search	plain	same program	pcrec_c4c70f2c_auto-caps-simdna	measured	pinned	1	max_ns	7608.233162	40	1.0000	0	0		
rank_yes	w-96	(set)	short-subject-search	plain	same program	pcrec_c4c70f2c_auto-caps-simdna	measured	pinned	1	stddev_ns	16.583774	40	1.0000	0	0		
rank_yes	w-96	(set)	short-subject-search	plain	same program	pcrec_c4c70f2c_auto-caps-simdna	measured	pinned	1	ratio_vs_baseline	1.000000	40	1.0000	0	0		
rank_yes	w-96	(set)	short-subject-search	plain	same program	pcrec_c4c70f2c_auto-caps-simdna	measured	pinned	1	ratio_vs_best	1.000000	40	1.0000	0	0		
rank_yes	w-96	(set)	short-subject-search	plain	same program	pcrec_c4c70f2c_vm-caps-simdna	measured	pinned	2	median_ns	50584.924656	40	1.0000	0	0		
rank_yes	w-96	(set)	short-subject-search	plain	same program	pcrec_c4c70f2c_vm-caps-simdna	measured	pinned	2	min_ns	50309.319803	40	1.0000	0	0		
rank_yes	w-96	(set)	short-subject-search	plain	same program	pcrec_c4c70f2c_vm-caps-simdna	measured	pinned	2	max_ns	52267.454301	40	1.0000	0	0		
rank_yes	w-96	(set)	short-subject-search	plain	same program	pcrec_c4c70f2c_vm-caps-simdna	measured	pinned	2	stddev_ns	783.706515	40	1.0000	0	0		
rank_yes	w-96	(set)	short-subject-search	plain	same program	pcrec_c4c70f2c_vm-caps-simdna	measured	pinned	2	ratio_vs_baseline	6.679786	40	1.0000	0	0		
rank_yes	w-96	(set)	short-subject-search	plain	same program	pcrec_c4c70f2c_vm-caps-simdna	measured	pinned	2	ratio_vs_best	6.679786	40	1.0000	0	0		
rank_yes	w-96	(set)	short-subject-search	plain	same program	libpcre2_10.46_jit-caps-simdna	measured	pinned	3	median_ns	350483.129809	40	1.0000	0	0		
rank_yes	w-96	(set)	short-subject-search	plain	same program	libpcre2_10.46_jit-caps-simdna	measured	pinned	3	min_ns	324336.144213	40	1.0000	0	0		
rank_yes	w-96	(set)	short-subject-search	plain	same program	libpcre2_10.46_jit-caps-simdna	measured	pinned	3	max_ns	353459.236401	40	1.0000	0	0		
rank_yes	w-96	(set)	short-subject-search	plain	same program	libpcre2_10.46_jit-caps-simdna	measured	pinned	3	stddev_ns	13335.493942	40	1.0000	0	0		
rank_yes	w-96	(set)	short-subject-search	plain	same program	libpcre2_10.46_jit-caps-simdna	measured	pinned	3	ratio_vs_baseline	46.281618	40	1.0000	0	0		
rank_yes	w-96	(set)	short-subject-search	plain	same program	libpcre2_10.46_jit-caps-simdna	measured	pinned	3	ratio_vs_best	46.281618	40	1.0000	0	0		
baseline_yes	wb-256	(set)	large-subject-throughput			pcrec_c4c70f2c_auto-caps-simdna				baseline_identity	row-best-fallback					pcrec_c4c70f2c_auto-caps-simdna (row-best fallback -- interp absent from this group)	
rank_yes	wb-256	(set)	large-subject-throughput	plain	same program	pcrec_c4c70f2c_auto-caps-simdna	measured	pinned	1	median_ns	3087194.155963	4	1.0000	0	0		
rank_yes	wb-256	(set)	large-subject-throughput	plain	same program	pcrec_c4c70f2c_auto-caps-simdna	measured	pinned	1	min_ns	3082695.403670	4	1.0000	0	0		
rank_yes	wb-256	(set)	large-subject-throughput	plain	same program	pcrec_c4c70f2c_auto-caps-simdna	measured	pinned	1	max_ns	3091410.972477	4	1.0000	0	0		
rank_yes	wb-256	(set)	large-subject-throughput	plain	same program	pcrec_c4c70f2c_auto-caps-simdna	measured	pinned	1	stddev_ns	2780.196838	4	1.0000	0	0		
rank_yes	wb-256	(set)	large-subject-throughput	plain	same program	pcrec_c4c70f2c_auto-caps-simdna	measured	pinned	1	ratio_vs_baseline	1.000000	4	1.0000	0	0		
rank_yes	wb-256	(set)	large-subject-throughput	plain	same program	pcrec_c4c70f2c_auto-caps-simdna	measured	pinned	1	ratio_vs_best	1.000000	4	1.0000	0	0		
rank_yes	wb-256	(set)	large-subject-throughput	plain	same program	pcrec_c4c70f2c_vm-caps-simdna	measured	pinned	2	median_ns	7267640.000000	4	1.0000	0	0		
rank_yes	wb-256	(set)	large-subject-throughput	plain	same program	pcrec_c4c70f2c_vm-caps-simdna	measured	pinned	2	min_ns	7245893.208333	4	1.0000	0	0		
rank_yes	wb-256	(set)	large-subject-throughput	plain	same program	pcrec_c4c70f2c_vm-caps-simdna	measured	pinned	2	max_ns	7269373.937500	4	1.0000	0	0		
rank_yes	wb-256	(set)	large-subject-throughput	plain	same program	pcrec_c4c70f2c_vm-caps-simdna	measured	pinned	2	stddev_ns	8893.762127	4	1.0000	0	0		
rank_yes	wb-256	(set)	large-subject-throughput	plain	same program	pcrec_c4c70f2c_vm-caps-simdna	measured	pinned	2	ratio_vs_baseline	2.354125	4	1.0000	0	0		
rank_yes	wb-256	(set)	large-subject-throughput	plain	same program	pcrec_c4c70f2c_vm-caps-simdna	measured	pinned	2	ratio_vs_best	2.354125	4	1.0000	0	0		
rank_yes	wb-256	(set)	large-subject-throughput	plain	same program	libpcre2_10.46_jit-caps-simdna	measured	pinned	3	median_ns	38231801.000000	4	1.0000	0	0		
rank_yes	wb-256	(set)	large-subject-throughput	plain	same program	libpcre2_10.46_jit-caps-simdna	measured	pinned	3	min_ns	37767658.666667	4	1.0000	0	0		
rank_yes	wb-256	(set)	large-subject-throughput	plain	same program	libpcre2_10.46_jit-caps-simdna	measured	pinned	3	max_ns	40771999.888889	4	1.0000	0	0		
rank_yes	wb-256	(set)	large-subject-throughput	plain	same program	libpcre2_10.46_jit-caps-simdna	measured	pinned	3	stddev_ns	1086629.035683	4	1.0000	0	0		
rank_yes	wb-256	(set)	large-subject-throughput	plain	same program	libpcre2_10.46_jit-caps-simdna	measured	pinned	3	ratio_vs_baseline	12.383996	4	1.0000	0	0		
rank_yes	wb-256	(set)	large-subject-throughput	plain	same program	libpcre2_10.46_jit-caps-simdna	measured	pinned	3	ratio_vs_best	12.383996	4	1.0000	0	0		
baseline_yes	wb-256	(set)	match-compliance			pcrec_c4c70f2c_vm-caps-simdna				baseline_identity	row-best-fallback					pcrec_c4c70f2c_vm-caps-simdna (row-best fallback -- interp absent from this group)	
rank_yes	wb-256	(set)	match-compliance	whole-subject	separate artifact	pcrec_c4c70f2c_vm-caps-simdna	measured	pinned	1	median_ns	415.804050	40	1.0000	0	0		
rank_yes	wb-256	(set)	match-compliance	whole-subject	separate artifact	pcrec_c4c70f2c_vm-caps-simdna	measured	pinned	1	min_ns	413.760041	40	1.0000	0	0		
rank_yes	wb-256	(set)	match-compliance	whole-subject	separate artifact	pcrec_c4c70f2c_vm-caps-simdna	measured	pinned	1	max_ns	416.422440	40	1.0000	0	0		
rank_yes	wb-256	(set)	match-compliance	whole-subject	separate artifact	pcrec_c4c70f2c_vm-caps-simdna	measured	pinned	1	stddev_ns	0.955688	40	1.0000	0	0		
rank_yes	wb-256	(set)	match-compliance	whole-subject	separate artifact	pcrec_c4c70f2c_vm-caps-simdna	measured	pinned	1	ratio_vs_baseline	1.000000	40	1.0000	0	0		
rank_yes	wb-256	(set)	match-compliance	whole-subject	separate artifact	pcrec_c4c70f2c_vm-caps-simdna	measured	pinned	1	ratio_vs_best	1.000000	40	1.0000	0	0		
rank_yes	wb-256	(set)	match-compliance	whole-subject	separate artifact	pcrec_c4c70f2c_auto-caps-simdna	measured	pinned	2	median_ns	1073.482999	40	1.0000	0	0		
rank_yes	wb-256	(set)	match-compliance	whole-subject	separate artifact	pcrec_c4c70f2c_auto-caps-simdna	measured	pinned	2	min_ns	1071.468224	40	1.0000	0	0		
rank_yes	wb-256	(set)	match-compliance	whole-subject	separate artifact	pcrec_c4c70f2c_auto-caps-simdna	measured	pinned	2	max_ns	1083.724724	40	1.0000	0	0		
rank_yes	wb-256	(set)	match-compliance	whole-subject	separate artifact	pcrec_c4c70f2c_auto-caps-simdna	measured	pinned	2	stddev_ns	4.365262	40	1.0000	0	0		
rank_yes	wb-256	(set)	match-compliance	whole-subject	separate artifact	pcrec_c4c70f2c_auto-caps-simdna	measured	pinned	2	ratio_vs_baseline	2.581704	40	1.0000	0	0		
rank_yes	wb-256	(set)	match-compliance	whole-subject	separate artifact	pcrec_c4c70f2c_auto-caps-simdna	measured	pinned	2	ratio_vs_best	2.581704	40	1.0000	0	0		
rank_yes	wb-256	(set)	match-compliance	plain	same program	libpcre2_10.46_jit-caps-simdna	measured	pinned	3	median_ns	55302.454898	40	1.0000	0	0		
rank_yes	wb-256	(set)	match-compliance	plain	same program	libpcre2_10.46_jit-caps-simdna	measured	pinned	3	min_ns	54281.779189	40	1.0000	0	0		
rank_yes	wb-256	(set)	match-compliance	plain	same program	libpcre2_10.46_jit-caps-simdna	measured	pinned	3	max_ns	58367.769525	40	1.0000	0	0		
rank_yes	wb-256	(set)	match-compliance	plain	same program	libpcre2_10.46_jit-caps-simdna	measured	pinned	3	stddev_ns	1397.385648	40	1.0000	0	0		
rank_yes	wb-256	(set)	match-compliance	plain	same program	libpcre2_10.46_jit-caps-simdna	measured	pinned	3	ratio_vs_baseline	133.001242	40	1.0000	0	0		
rank_yes	wb-256	(set)	match-compliance	plain	same program	libpcre2_10.46_jit-caps-simdna	measured	pinned	3	ratio_vs_best	133.001242	40	1.0000	0	0		
baseline_yes	wb-256	(set)	short-subject-search			pcrec_c4c70f2c_auto-caps-simdna				baseline_identity	row-best-fallback					pcrec_c4c70f2c_auto-caps-simdna (row-best fallback -- interp absent from this group)	
rank_yes	wb-256	(set)	short-subject-search	plain	same program	pcrec_c4c70f2c_auto-caps-simdna	measured	pinned	1	median_ns	10113.839465	40	1.0000	0	0		
rank_yes	wb-256	(set)	short-subject-search	plain	same program	pcrec_c4c70f2c_auto-caps-simdna	measured	pinned	1	min_ns	10063.092317	40	1.0000	0	0		
rank_yes	wb-256	(set)	short-subject-search	plain	same program	pcrec_c4c70f2c_auto-caps-simdna	measured	pinned	1	max_ns	10230.019443	40	1.0000	0	0		
rank_yes	wb-256	(set)	short-subject-search	plain	same program	pcrec_c4c70f2c_auto-caps-simdna	measured	pinned	1	stddev_ns	59.804430	40	1.0000	0	0		
rank_yes	wb-256	(set)	short-subject-search	plain	same program	pcrec_c4c70f2c_auto-caps-simdna	measured	pinned	1	ratio_vs_baseline	1.000000	40	1.0000	0	0		
rank_yes	wb-256	(set)	short-subject-search	plain	same program	pcrec_c4c70f2c_auto-caps-simdna	measured	pinned	1	ratio_vs_best	1.000000	40	1.0000	0	0		
rank_yes	wb-256	(set)	short-subject-search	plain	same program	pcrec_c4c70f2c_vm-caps-simdna	measured	pinned	2	median_ns	32003.573674	40	1.0000	0	0		
rank_yes	wb-256	(set)	short-subject-search	plain	same program	pcrec_c4c70f2c_vm-caps-simdna	measured	pinned	2	min_ns	31534.761777	40	1.0000	0	0		
rank_yes	wb-256	(set)	short-subject-search	plain	same program	pcrec_c4c70f2c_vm-caps-simdna	measured	pinned	2	max_ns	32698.824510	40	1.0000	0	0		
rank_yes	wb-256	(set)	short-subject-search	plain	same program	pcrec_c4c70f2c_vm-caps-simdna	measured	pinned	2	stddev_ns	390.507192	40	1.0000	0	0		
rank_yes	wb-256	(set)	short-subject-search	plain	same program	pcrec_c4c70f2c_vm-caps-simdna	measured	pinned	2	ratio_vs_baseline	3.164335	40	1.0000	0	0		
rank_yes	wb-256	(set)	short-subject-search	plain	same program	pcrec_c4c70f2c_vm-caps-simdna	measured	pinned	2	ratio_vs_best	3.164335	40	1.0000	0	0		
rank_yes	wb-256	(set)	short-subject-search	plain	same program	libpcre2_10.46_jit-caps-simdna	measured	pinned	3	median_ns	209392.724577	40	1.0000	0	0		
rank_yes	wb-256	(set)	short-subject-search	plain	same program	libpcre2_10.46_jit-caps-simdna	measured	pinned	3	min_ns	207039.366285	40	1.0000	0	0		
rank_yes	wb-256	(set)	short-subject-search	plain	same program	libpcre2_10.46_jit-caps-simdna	measured	pinned	3	max_ns	222179.871070	40	1.0000	0	0		
rank_yes	wb-256	(set)	short-subject-search	plain	same program	libpcre2_10.46_jit-caps-simdna	measured	pinned	3	stddev_ns	5353.661607	40	1.0000	0	0		
rank_yes	wb-256	(set)	short-subject-search	plain	same program	libpcre2_10.46_jit-caps-simdna	measured	pinned	3	ratio_vs_baseline	20.703584	40	1.0000	0	0		
rank_yes	wb-256	(set)	short-subject-search	plain	same program	libpcre2_10.46_jit-caps-simdna	measured	pinned	3	ratio_vs_best	20.703584	40	1.0000	0	0		
baseline_yes	wb-512	(set)	large-subject-throughput			pcrec_c4c70f2c_auto-caps-simdna				baseline_identity	row-best-fallback					pcrec_c4c70f2c_auto-caps-simdna (row-best fallback -- interp absent from this group)	
rank_yes	wb-512	(set)	large-subject-throughput	plain	same program	pcrec_c4c70f2c_auto-caps-simdna	measured	pinned	1	median_ns	3987729.566265	4	1.0000	0	0		
rank_yes	wb-512	(set)	large-subject-throughput	plain	same program	pcrec_c4c70f2c_auto-caps-simdna	measured	pinned	1	min_ns	3986861.265060	4	1.0000	0	0		
rank_yes	wb-512	(set)	large-subject-throughput	plain	same program	pcrec_c4c70f2c_auto-caps-simdna	measured	pinned	1	max_ns	3989586.325301	4	1.0000	0	0		
rank_yes	wb-512	(set)	large-subject-throughput	plain	same program	pcrec_c4c70f2c_auto-caps-simdna	measured	pinned	1	stddev_ns	1010.859164	4	1.0000	0	0		
rank_yes	wb-512	(set)	large-subject-throughput	plain	same program	pcrec_c4c70f2c_auto-caps-simdna	measured	pinned	1	ratio_vs_baseline	1.000000	4	1.0000	0	0		
rank_yes	wb-512	(set)	large-subject-throughput	plain	same program	pcrec_c4c70f2c_auto-caps-simdna	measured	pinned	1	ratio_vs_best	1.000000	4	1.0000	0	0		
rank_yes	wb-512	(set)	large-subject-throughput	plain	same program	pcrec_c4c70f2c_vm-caps-simdna	measured	pinned	2	median_ns	7947058.045455	4	1.0000	0	0		
rank_yes	wb-512	(set)	large-subject-throughput	plain	same program	pcrec_c4c70f2c_vm-caps-simdna	measured	pinned	2	min_ns	7944983.500000	4	1.0000	0	0		
rank_yes	wb-512	(set)	large-subject-throughput	plain	same program	pcrec_c4c70f2c_vm-caps-simdna	measured	pinned	2	max_ns	7958076.272727	4	1.0000	0	0		
rank_yes	wb-512	(set)	large-subject-throughput	plain	same program	pcrec_c4c70f2c_vm-caps-simdna	measured	pinned	2	stddev_ns	5246.602274	4	1.0000	0	0		
rank_yes	wb-512	(set)	large-subject-throughput	plain	same program	pcrec_c4c70f2c_vm-caps-simdna	measured	pinned	2	ratio_vs_baseline	1.992878	4	1.0000	0	0		
rank_yes	wb-512	(set)	large-subject-throughput	plain	same program	pcrec_c4c70f2c_vm-caps-simdna	measured	pinned	2	ratio_vs_best	1.992878	4	1.0000	0	0		
rank_yes	wb-512	(set)	large-subject-throughput	plain	same program	libpcre2_10.46_jit-caps-simdna	measured	pinned	3	median_ns	88635041.000000	4	1.0000	0	0		
rank_yes	wb-512	(set)	large-subject-throughput	plain	same program	libpcre2_10.46_jit-caps-simdna	measured	pinned	3	min_ns	88213198.750000	4	1.0000	0	0		
rank_yes	wb-512	(set)	large-subject-throughput	plain	same program	libpcre2_10.46_jit-caps-simdna	measured	pinned	3	max_ns	89732477.000000	4	1.0000	0	0		
rank_yes	wb-512	(set)	large-subject-throughput	plain	same program	libpcre2_10.46_jit-caps-simdna	measured	pinned	3	stddev_ns	593785.927846	4	1.0000	0	0		
rank_yes	wb-512	(set)	large-subject-throughput	plain	same program	libpcre2_10.46_jit-caps-simdna	measured	pinned	3	ratio_vs_baseline	22.226944	4	1.0000	0	0		
rank_yes	wb-512	(set)	large-subject-throughput	plain	same program	libpcre2_10.46_jit-caps-simdna	measured	pinned	3	ratio_vs_best	22.226944	4	1.0000	0	0		
baseline_yes	wb-512	(set)	match-compliance			pcrec_c4c70f2c_vm-caps-simdna				baseline_identity	row-best-fallback					pcrec_c4c70f2c_vm-caps-simdna (row-best fallback -- interp absent from this group)	
rank_yes	wb-512	(set)	match-compliance	whole-subject	separate artifact	pcrec_c4c70f2c_vm-caps-simdna	measured	pinned	1	median_ns	410.222735	40	1.0000	0	0		
rank_yes	wb-512	(set)	match-compliance	whole-subject	separate artifact	pcrec_c4c70f2c_vm-caps-simdna	measured	pinned	1	min_ns	409.827189	40	1.0000	0	0		
rank_yes	wb-512	(set)	match-compliance	whole-subject	separate artifact	pcrec_c4c70f2c_vm-caps-simdna	measured	pinned	1	max_ns	458.454508	40	1.0000	0	0		
rank_yes	wb-512	(set)	match-compliance	whole-subject	separate artifact	pcrec_c4c70f2c_vm-caps-simdna	measured	pinned	1	stddev_ns	19.188829	40	1.0000	0	0		
rank_yes	wb-512	(set)	match-compliance	whole-subject	separate artifact	pcrec_c4c70f2c_vm-caps-simdna	measured	pinned	1	ratio_vs_baseline	1.000000	40	1.0000	0	0		
rank_yes	wb-512	(set)	match-compliance	whole-subject	separate artifact	pcrec_c4c70f2c_vm-caps-simdna	measured	pinned	1	ratio_vs_best	1.000000	40	1.0000	0	0		
rank_yes	wb-512	(set)	match-compliance	whole-subject	separate artifact	pcrec_c4c70f2c_auto-caps-simdna	measured	pinned	2	median_ns	1473.675459	40	1.0000	0	0		
rank_yes	wb-512	(set)	match-compliance	whole-subject	separate artifact	pcrec_c4c70f2c_auto-caps-simdna	measured	pinned	2	min_ns	1471.318962	40	1.0000	0	0		
rank_yes	wb-512	(set)	match-compliance	whole-subject	separate artifact	pcrec_c4c70f2c_auto-caps-simdna	measured	pinned	2	max_ns	1477.259731	40	1.0000	0	0		
rank_yes	wb-512	(set)	match-compliance	whole-subject	separate artifact	pcrec_c4c70f2c_auto-caps-simdna	measured	pinned	2	stddev_ns	2.101170	40	1.0000	0	0		
rank_yes	wb-512	(set)	match-compliance	whole-subject	separate artifact	pcrec_c4c70f2c_auto-caps-simdna	measured	pinned	2	ratio_vs_baseline	3.592379	40	1.0000	0	0		
rank_yes	wb-512	(set)	match-compliance	whole-subject	separate artifact	pcrec_c4c70f2c_auto-caps-simdna	measured	pinned	2	ratio_vs_best	3.592379	40	1.0000	0	0		
rank_yes	wb-512	(set)	match-compliance	plain	same program	libpcre2_10.46_jit-caps-simdna	measured	pinned	3	median_ns	109545.183632	40	1.0000	0	0		
rank_yes	wb-512	(set)	match-compliance	plain	same program	libpcre2_10.46_jit-caps-simdna	measured	pinned	3	min_ns	104887.872343	40	1.0000	0	0		
rank_yes	wb-512	(set)	match-compliance	plain	same program	libpcre2_10.46_jit-caps-simdna	measured	pinned	3	max_ns	166132.600893	40	1.0000	0	0		
rank_yes	wb-512	(set)	match-compliance	plain	same program	libpcre2_10.46_jit-caps-simdna	measured	pinned	3	stddev_ns	23330.836701	40	1.0000	0	0		
rank_yes	wb-512	(set)	match-compliance	plain	same program	libpcre2_10.46_jit-caps-simdna	measured	pinned	3	ratio_vs_baseline	267.038304	40	1.0000	0	0		
rank_yes	wb-512	(set)	match-compliance	plain	same program	libpcre2_10.46_jit-caps-simdna	measured	pinned	3	ratio_vs_best	267.038304	40	1.0000	0	0		
baseline_yes	wb-512	(set)	short-subject-search			pcrec_c4c70f2c_auto-caps-simdna				baseline_identity	row-best-fallback					pcrec_c4c70f2c_auto-caps-simdna (row-best fallback -- interp absent from this group)	
rank_yes	wb-512	(set)	short-subject-search	plain	same program	pcrec_c4c70f2c_auto-caps-simdna	measured	pinned	1	median_ns	14712.248430	40	1.0000	0	0		
rank_yes	wb-512	(set)	short-subject-search	plain	same program	pcrec_c4c70f2c_auto-caps-simdna	measured	pinned	1	min_ns	14692.681614	40	1.0000	0	0		
rank_yes	wb-512	(set)	short-subject-search	plain	same program	pcrec_c4c70f2c_auto-caps-simdna	measured	pinned	1	max_ns	14714.600330	40	1.0000	0	0		
rank_yes	wb-512	(set)	short-subject-search	plain	same program	pcrec_c4c70f2c_auto-caps-simdna	measured	pinned	1	stddev_ns	8.829840	40	1.0000	0	0		
rank_yes	wb-512	(set)	short-subject-search	plain	same program	pcrec_c4c70f2c_auto-caps-simdna	measured	pinned	1	ratio_vs_baseline	1.000000	40	1.0000	0	0		
rank_yes	wb-512	(set)	short-subject-search	plain	same program	pcrec_c4c70f2c_auto-caps-simdna	measured	pinned	1	ratio_vs_best	1.000000	40	1.0000	0	0		
rank_yes	wb-512	(set)	short-subject-search	plain	same program	pcrec_c4c70f2c_vm-caps-simdna	measured	pinned	2	median_ns	34815.973618	40	1.0000	0	0		
rank_yes	wb-512	(set)	short-subject-search	plain	same program	pcrec_c4c70f2c_vm-caps-simdna	measured	pinned	2	min_ns	34785.573839	40	1.0000	0	0		
rank_yes	wb-512	(set)	short-subject-search	plain	same program	pcrec_c4c70f2c_vm-caps-simdna	measured	pinned	2	max_ns	35767.933379	40	1.0000	0	0		
rank_yes	wb-512	(set)	short-subject-search	plain	same program	pcrec_c4c70f2c_vm-caps-simdna	measured	pinned	2	stddev_ns	385.562488	40	1.0000	0	0		
rank_yes	wb-512	(set)	short-subject-search	plain	same program	pcrec_c4c70f2c_vm-caps-simdna	measured	pinned	2	ratio_vs_baseline	2.366462	40	1.0000	0	0		
rank_yes	wb-512	(set)	short-subject-search	plain	same program	pcrec_c4c70f2c_vm-caps-simdna	measured	pinned	2	ratio_vs_best	2.366462	40	1.0000	0	0		
rank_yes	wb-512	(set)	short-subject-search	plain	same program	libpcre2_10.46_jit-caps-simdna	measured	pinned	3	median_ns	482799.106758	40	1.0000	0	0		
rank_yes	wb-512	(set)	short-subject-search	plain	same program	libpcre2_10.46_jit-caps-simdna	measured	pinned	3	min_ns	479964.483162	40	1.0000	0	0		
rank_yes	wb-512	(set)	short-subject-search	plain	same program	libpcre2_10.46_jit-caps-simdna	measured	pinned	3	max_ns	490473.886140	40	1.0000	0	0		
rank_yes	wb-512	(set)	short-subject-search	plain	same program	libpcre2_10.46_jit-caps-simdna	measured	pinned	3	stddev_ns	3699.902079	40	1.0000	0	0		
rank_yes	wb-512	(set)	short-subject-search	plain	same program	libpcre2_10.46_jit-caps-simdna	measured	pinned	3	ratio_vs_baseline	32.816133	40	1.0000	0	0		
rank_yes	wb-512	(set)	short-subject-search	plain	same program	libpcre2_10.46_jit-caps-simdna	measured	pinned	3	ratio_vs_best	32.816133	40	1.0000	0	0		
baseline_no	ci-256	(set)	large-subject-throughput			rust_1.13.1_default-caps-simdna				baseline_identity	row-best-fallback					rust_1.13.1_default-caps-simdna (row-best fallback -- interp absent from this group)	
rank_no	ci-256	(set)	large-subject-throughput	plain	same program	rust_1.13.1_default-caps-simdna	measured	pinned	1	median_ns	74735115.500000	4	1.0000	0	0		
rank_no	ci-256	(set)	large-subject-throughput	plain	same program	rust_1.13.1_default-caps-simdna	measured	pinned	1	min_ns	74526140.000000	4	1.0000	0	0		
rank_no	ci-256	(set)	large-subject-throughput	plain	same program	rust_1.13.1_default-caps-simdna	measured	pinned	1	max_ns	77804626.000000	4	1.0000	0	0		
rank_no	ci-256	(set)	large-subject-throughput	plain	same program	rust_1.13.1_default-caps-simdna	measured	pinned	1	stddev_ns	1516912.995206	4	1.0000	0	0		
rank_no	ci-256	(set)	large-subject-throughput	plain	same program	rust_1.13.1_default-caps-simdna	measured	pinned	1	ratio_vs_baseline	1.000000	4	1.0000	0	0		
rank_no	ci-256	(set)	large-subject-throughput	plain	same program	rust_1.13.1_default-caps-simdna	measured	pinned	1	ratio_vs_best	1.000000	4	1.0000	0	0		
baseline_no	ci-256	(set)	match-compliance			rust_1.13.1_default-caps-simdna				baseline_identity	row-best-fallback					rust_1.13.1_default-caps-simdna (row-best fallback -- interp absent from this group)	
rank_no	ci-256	(set)	match-compliance	whole-subject	separate artifact	rust_1.13.1_default-caps-simdna	measured	pinned	1	median_ns	1070.623111	40	1.0000	0	0		
rank_no	ci-256	(set)	match-compliance	whole-subject	separate artifact	rust_1.13.1_default-caps-simdna	measured	pinned	1	min_ns	1069.337171	40	1.0000	0	0		
rank_no	ci-256	(set)	match-compliance	whole-subject	separate artifact	rust_1.13.1_default-caps-simdna	measured	pinned	1	max_ns	1098.092619	40	1.0000	0	0		
rank_no	ci-256	(set)	match-compliance	whole-subject	separate artifact	rust_1.13.1_default-caps-simdna	measured	pinned	1	stddev_ns	10.967768	40	1.0000	0	0		
rank_no	ci-256	(set)	match-compliance	whole-subject	separate artifact	rust_1.13.1_default-caps-simdna	measured	pinned	1	ratio_vs_baseline	1.000000	40	1.0000	0	0		
rank_no	ci-256	(set)	match-compliance	whole-subject	separate artifact	rust_1.13.1_default-caps-simdna	measured	pinned	1	ratio_vs_best	1.000000	40	1.0000	0	0		
baseline_no	ci-256	(set)	short-subject-search			rust_1.13.1_default-caps-simdna				baseline_identity	row-best-fallback					rust_1.13.1_default-caps-simdna (row-best fallback -- interp absent from this group)	
rank_no	ci-256	(set)	short-subject-search	plain	same program	rust_1.13.1_default-caps-simdna	measured	pinned	1	median_ns	13783.770672	40	1.0000	0	0		
rank_no	ci-256	(set)	short-subject-search	plain	same program	rust_1.13.1_default-caps-simdna	measured	pinned	1	min_ns	13778.614833	40	1.0000	0	0		
rank_no	ci-256	(set)	short-subject-search	plain	same program	rust_1.13.1_default-caps-simdna	measured	pinned	1	max_ns	14275.154597	40	1.0000	0	0		
rank_no	ci-256	(set)	short-subject-search	plain	same program	rust_1.13.1_default-caps-simdna	measured	pinned	1	stddev_ns	192.476379	40	1.0000	0	0		
rank_no	ci-256	(set)	short-subject-search	plain	same program	rust_1.13.1_default-caps-simdna	measured	pinned	1	ratio_vs_baseline	1.000000	40	1.0000	0	0		
rank_no	ci-256	(set)	short-subject-search	plain	same program	rust_1.13.1_default-caps-simdna	measured	pinned	1	ratio_vs_best	1.000000	40	1.0000	0	0		
baseline_no	ci-512	(set)	large-subject-throughput			rust_1.13.1_default-caps-simdna				baseline_identity	row-best-fallback					rust_1.13.1_default-caps-simdna (row-best fallback -- interp absent from this group)	
rank_no	ci-512	(set)	large-subject-throughput	plain	same program	rust_1.13.1_default-caps-simdna	measured	pinned	1	median_ns	493682127.000000	4	1.0000	0	0		
rank_no	ci-512	(set)	large-subject-throughput	plain	same program	rust_1.13.1_default-caps-simdna	measured	pinned	1	min_ns	490057248.000000	4	1.0000	0	0		
rank_no	ci-512	(set)	large-subject-throughput	plain	same program	rust_1.13.1_default-caps-simdna	measured	pinned	1	max_ns	510659046.000000	4	1.0000	0	0		
rank_no	ci-512	(set)	large-subject-throughput	plain	same program	rust_1.13.1_default-caps-simdna	measured	pinned	1	stddev_ns	7635885.310510	4	1.0000	0	0		
rank_no	ci-512	(set)	large-subject-throughput	plain	same program	rust_1.13.1_default-caps-simdna	measured	pinned	1	ratio_vs_baseline	1.000000	4	1.0000	0	0		
rank_no	ci-512	(set)	large-subject-throughput	plain	same program	rust_1.13.1_default-caps-simdna	measured	pinned	1	ratio_vs_best	1.000000	4	1.0000	0	0		
baseline_no	ci-512	(set)	match-compliance			rust_1.13.1_default-caps-simdna				baseline_identity	row-best-fallback					rust_1.13.1_default-caps-simdna (row-best fallback -- interp absent from this group)	
rank_no	ci-512	(set)	match-compliance	whole-subject	separate artifact	rust_1.13.1_default-caps-simdna	measured	pinned	1	median_ns	1203.402596	40	1.0000	0	0		
rank_no	ci-512	(set)	match-compliance	whole-subject	separate artifact	rust_1.13.1_default-caps-simdna	measured	pinned	1	min_ns	1202.079045	40	1.0000	0	0		
rank_no	ci-512	(set)	match-compliance	whole-subject	separate artifact	rust_1.13.1_default-caps-simdna	measured	pinned	1	max_ns	1228.060611	40	1.0000	0	0		
rank_no	ci-512	(set)	match-compliance	whole-subject	separate artifact	rust_1.13.1_default-caps-simdna	measured	pinned	1	stddev_ns	10.085037	40	1.0000	0	0		
rank_no	ci-512	(set)	match-compliance	whole-subject	separate artifact	rust_1.13.1_default-caps-simdna	measured	pinned	1	ratio_vs_baseline	1.000000	40	1.0000	0	0		
rank_no	ci-512	(set)	match-compliance	whole-subject	separate artifact	rust_1.13.1_default-caps-simdna	measured	pinned	1	ratio_vs_best	1.000000	40	1.0000	0	0		
baseline_no	ci-512	(set)	short-subject-search			rust_1.13.1_default-caps-simdna				baseline_identity	row-best-fallback					rust_1.13.1_default-caps-simdna (row-best fallback -- interp absent from this group)	
rank_no	ci-512	(set)	short-subject-search	plain	same program	rust_1.13.1_default-caps-simdna	measured	pinned	1	median_ns	18523.038587	40	1.0000	0	0		
rank_no	ci-512	(set)	short-subject-search	plain	same program	rust_1.13.1_default-caps-simdna	measured	pinned	1	min_ns	18436.733474	40	1.0000	0	0		
rank_no	ci-512	(set)	short-subject-search	plain	same program	rust_1.13.1_default-caps-simdna	measured	pinned	1	max_ns	18580.061044	40	1.0000	0	0		
rank_no	ci-512	(set)	short-subject-search	plain	same program	rust_1.13.1_default-caps-simdna	measured	pinned	1	stddev_ns	48.031355	40	1.0000	0	0		
rank_no	ci-512	(set)	short-subject-search	plain	same program	rust_1.13.1_default-caps-simdna	measured	pinned	1	ratio_vs_baseline	1.000000	40	1.0000	0	0		
rank_no	ci-512	(set)	short-subject-search	plain	same program	rust_1.13.1_default-caps-simdna	measured	pinned	1	ratio_vs_best	1.000000	40	1.0000	0	0		
baseline_no	clsa-1024	(set)	large-subject-throughput			rust_1.13.1_default-caps-simdna				baseline_identity	row-best-fallback					rust_1.13.1_default-caps-simdna (row-best fallback -- interp absent from this group)	
rank_no	clsa-1024	(set)	large-subject-throughput	plain	same program	rust_1.13.1_default-caps-simdna	measured	pinned	1	median_ns	2848540952.000000	4	1.0000	0	0		
rank_no	clsa-1024	(set)	large-subject-throughput	plain	same program	rust_1.13.1_default-caps-simdna	measured	pinned	1	min_ns	2805660567.000000	4	1.0000	0	0		
rank_no	clsa-1024	(set)	large-subject-throughput	plain	same program	rust_1.13.1_default-caps-simdna	measured	pinned	1	max_ns	2890300639.000000	4	1.0000	0	0		
rank_no	clsa-1024	(set)	large-subject-throughput	plain	same program	rust_1.13.1_default-caps-simdna	measured	pinned	1	stddev_ns	32091946.401859	4	1.0000	0	0		
rank_no	clsa-1024	(set)	large-subject-throughput	plain	same program	rust_1.13.1_default-caps-simdna	measured	pinned	1	ratio_vs_baseline	1.000000	4	1.0000	0	0		
rank_no	clsa-1024	(set)	large-subject-throughput	plain	same program	rust_1.13.1_default-caps-simdna	measured	pinned	1	ratio_vs_best	1.000000	4	1.0000	0	0		
baseline_no	clsa-1024	(set)	match-compliance			rust_1.13.1_default-caps-simdna				baseline_identity	row-best-fallback					rust_1.13.1_default-caps-simdna (row-best fallback -- interp absent from this group)	
rank_no	clsa-1024	(set)	match-compliance	whole-subject	separate artifact	rust_1.13.1_default-caps-simdna	measured	pinned	1	median_ns	591.787483	40	1.0000	0	0		
rank_no	clsa-1024	(set)	match-compliance	whole-subject	separate artifact	rust_1.13.1_default-caps-simdna	measured	pinned	1	min_ns	589.773901	40	1.0000	0	0		
rank_no	clsa-1024	(set)	match-compliance	whole-subject	separate artifact	rust_1.13.1_default-caps-simdna	measured	pinned	1	max_ns	613.409743	40	1.0000	0	0		
rank_no	clsa-1024	(set)	match-compliance	whole-subject	separate artifact	rust_1.13.1_default-caps-simdna	measured	pinned	1	stddev_ns	8.906729	40	1.0000	0	0		
rank_no	clsa-1024	(set)	match-compliance	whole-subject	separate artifact	rust_1.13.1_default-caps-simdna	measured	pinned	1	ratio_vs_baseline	1.000000	40	1.0000	0	0		
rank_no	clsa-1024	(set)	match-compliance	whole-subject	separate artifact	rust_1.13.1_default-caps-simdna	measured	pinned	1	ratio_vs_best	1.000000	40	1.0000	0	0		
baseline_no	clsa-1024	(set)	short-subject-search			rust_1.13.1_default-caps-simdna				baseline_identity	row-best-fallback					rust_1.13.1_default-caps-simdna (row-best fallback -- interp absent from this group)	
rank_no	clsa-1024	(set)	short-subject-search	plain	same program	rust_1.13.1_default-caps-simdna	measured	pinned	1	median_ns	26884.510388	40	1.0000	0	0		
rank_no	clsa-1024	(set)	short-subject-search	plain	same program	rust_1.13.1_default-caps-simdna	measured	pinned	1	min_ns	26529.813767	40	1.0000	0	0		
rank_no	clsa-1024	(set)	short-subject-search	plain	same program	rust_1.13.1_default-caps-simdna	measured	pinned	1	max_ns	27971.080100	40	1.0000	0	0		
rank_no	clsa-1024	(set)	short-subject-search	plain	same program	rust_1.13.1_default-caps-simdna	measured	pinned	1	stddev_ns	518.676348	40	1.0000	0	0		
rank_no	clsa-1024	(set)	short-subject-search	plain	same program	rust_1.13.1_default-caps-simdna	measured	pinned	1	ratio_vs_baseline	1.000000	40	1.0000	0	0		
rank_no	clsa-1024	(set)	short-subject-search	plain	same program	rust_1.13.1_default-caps-simdna	measured	pinned	1	ratio_vs_best	1.000000	40	1.0000	0	0		
baseline_no	clsa-256	(set)	large-subject-throughput			rust_1.13.1_default-caps-simdna				baseline_identity	row-best-fallback					rust_1.13.1_default-caps-simdna (row-best fallback -- interp absent from this group)	
rank_no	clsa-256	(set)	large-subject-throughput	plain	same program	rust_1.13.1_default-caps-simdna	measured	pinned	1	median_ns	65692668.000000	4	1.0000	0	0		
rank_no	clsa-256	(set)	large-subject-throughput	plain	same program	rust_1.13.1_default-caps-simdna	measured	pinned	1	min_ns	60761893.000000	4	1.0000	0	0		
rank_no	clsa-256	(set)	large-subject-throughput	plain	same program	rust_1.13.1_default-caps-simdna	measured	pinned	1	max_ns	67647207.500000	4	1.0000	0	0		
rank_no	clsa-256	(set)	large-subject-throughput	plain	same program	rust_1.13.1_default-caps-simdna	measured	pinned	1	stddev_ns	2927144.517393	4	1.0000	0	0		
rank_no	clsa-256	(set)	large-subject-throughput	plain	same program	rust_1.13.1_default-caps-simdna	measured	pinned	1	ratio_vs_baseline	1.000000	4	1.0000	0	0		
rank_no	clsa-256	(set)	large-subject-throughput	plain	same program	rust_1.13.1_default-caps-simdna	measured	pinned	1	ratio_vs_best	1.000000	4	1.0000	0	0		
baseline_no	clsa-256	(set)	match-compliance			rust_1.13.1_default-caps-simdna				baseline_identity	row-best-fallback					rust_1.13.1_default-caps-simdna (row-best fallback -- interp absent from this group)	
rank_no	clsa-256	(set)	match-compliance	whole-subject	separate artifact	rust_1.13.1_default-caps-simdna	measured	pinned	1	median_ns	580.485525	40	1.0000	0	0		
rank_no	clsa-256	(set)	match-compliance	whole-subject	separate artifact	rust_1.13.1_default-caps-simdna	measured	pinned	1	min_ns	578.476607	40	1.0000	0	0		
rank_no	clsa-256	(set)	match-compliance	whole-subject	separate artifact	rust_1.13.1_default-caps-simdna	measured	pinned	1	max_ns	580.773861	40	1.0000	0	0		
rank_no	clsa-256	(set)	match-compliance	whole-subject	separate artifact	rust_1.13.1_default-caps-simdna	measured	pinned	1	stddev_ns	0.835095	40	1.0000	0	0		
rank_no	clsa-256	(set)	match-compliance	whole-subject	separate artifact	rust_1.13.1_default-caps-simdna	measured	pinned	1	ratio_vs_baseline	1.000000	40	1.0000	0	0		
rank_no	clsa-256	(set)	match-compliance	whole-subject	separate artifact	rust_1.13.1_default-caps-simdna	measured	pinned	1	ratio_vs_best	1.000000	40	1.0000	0	0		
baseline_no	clsa-256	(set)	short-subject-search			rust_1.13.1_default-caps-simdna				baseline_identity	row-best-fallback					rust_1.13.1_default-caps-simdna (row-best fallback -- interp absent from this group)	
rank_no	clsa-256	(set)	short-subject-search	plain	same program	rust_1.13.1_default-caps-simdna	measured	pinned	1	median_ns	11830.763338	40	1.0000	0	0		
rank_no	clsa-256	(set)	short-subject-search	plain	same program	rust_1.13.1_default-caps-simdna	measured	pinned	1	min_ns	11822.383230	40	1.0000	0	0		
rank_no	clsa-256	(set)	short-subject-search	plain	same program	rust_1.13.1_default-caps-simdna	measured	pinned	1	max_ns	11850.793502	40	1.0000	0	0		
rank_no	clsa-256	(set)	short-subject-search	plain	same program	rust_1.13.1_default-caps-simdna	measured	pinned	1	stddev_ns	9.774781	40	1.0000	0	0		
rank_no	clsa-256	(set)	short-subject-search	plain	same program	rust_1.13.1_default-caps-simdna	measured	pinned	1	ratio_vs_baseline	1.000000	40	1.0000	0	0		
rank_no	clsa-256	(set)	short-subject-search	plain	same program	rust_1.13.1_default-caps-simdna	measured	pinned	1	ratio_vs_best	1.000000	40	1.0000	0	0		
baseline_no	clsa-64	(set)	large-subject-throughput			rust_1.13.1_default-caps-simdna				baseline_identity	row-best-fallback					rust_1.13.1_default-caps-simdna (row-best fallback -- interp absent from this group)	
rank_no	clsa-64	(set)	large-subject-throughput	plain	same program	rust_1.13.1_default-caps-simdna	measured	pinned	1	median_ns	2197204.975000	4	1.0000	0	0		
rank_no	clsa-64	(set)	large-subject-throughput	plain	same program	rust_1.13.1_default-caps-simdna	measured	pinned	1	min_ns	2196096.050000	4	1.0000	0	0		
rank_no	clsa-64	(set)	large-subject-throughput	plain	same program	rust_1.13.1_default-caps-simdna	measured	pinned	1	max_ns	2207775.941667	4	1.0000	0	0		
rank_no	clsa-64	(set)	large-subject-throughput	plain	same program	rust_1.13.1_default-caps-simdna	measured	pinned	1	stddev_ns	4376.650056	4	1.0000	0	0		
rank_no	clsa-64	(set)	large-subject-throughput	plain	same program	rust_1.13.1_default-caps-simdna	measured	pinned	1	ratio_vs_baseline	1.000000	4	1.0000	0	0		
rank_no	clsa-64	(set)	large-subject-throughput	plain	same program	rust_1.13.1_default-caps-simdna	measured	pinned	1	ratio_vs_best	1.000000	4	1.0000	0	0		
baseline_no	clsa-64	(set)	match-compliance			rust_1.13.1_default-caps-simdna				baseline_identity	row-best-fallback					rust_1.13.1_default-caps-simdna (row-best fallback -- interp absent from this group)	
rank_no	clsa-64	(set)	match-compliance	whole-subject	separate artifact	rust_1.13.1_default-caps-simdna	measured	pinned	1	median_ns	566.697209	40	1.0000	0	0		
rank_no	clsa-64	(set)	match-compliance	whole-subject	separate artifact	rust_1.13.1_default-caps-simdna	measured	pinned	1	min_ns	566.426577	40	1.0000	0	0		
rank_no	clsa-64	(set)	match-compliance	whole-subject	separate artifact	rust_1.13.1_default-caps-simdna	measured	pinned	1	max_ns	568.097935	40	1.0000	0	0		
rank_no	clsa-64	(set)	match-compliance	whole-subject	separate artifact	rust_1.13.1_default-caps-simdna	measured	pinned	1	stddev_ns	0.632599	40	1.0000	0	0		
rank_no	clsa-64	(set)	match-compliance	whole-subject	separate artifact	rust_1.13.1_default-caps-simdna	measured	pinned	1	ratio_vs_baseline	1.000000	40	1.0000	0	0		
rank_no	clsa-64	(set)	match-compliance	whole-subject	separate artifact	rust_1.13.1_default-caps-simdna	measured	pinned	1	ratio_vs_best	1.000000	40	1.0000	0	0		
baseline_no	clsa-64	(set)	short-subject-search			rust_1.13.1_default-caps-simdna				baseline_identity	row-best-fallback					rust_1.13.1_default-caps-simdna (row-best fallback -- interp absent from this group)	
rank_no	clsa-64	(set)	short-subject-search	plain	same program	rust_1.13.1_default-caps-simdna	measured	pinned	1	median_ns	9402.674766	40	1.0000	0	0		
rank_no	clsa-64	(set)	short-subject-search	plain	same program	rust_1.13.1_default-caps-simdna	measured	pinned	1	min_ns	9349.569959	40	1.0000	0	0		
rank_no	clsa-64	(set)	short-subject-search	plain	same program	rust_1.13.1_default-caps-simdna	measured	pinned	1	max_ns	9694.320331	40	1.0000	0	0		
rank_no	clsa-64	(set)	short-subject-search	plain	same program	rust_1.13.1_default-caps-simdna	measured	pinned	1	stddev_ns	131.192185	40	1.0000	0	0		
rank_no	clsa-64	(set)	short-subject-search	plain	same program	rust_1.13.1_default-caps-simdna	measured	pinned	1	ratio_vs_baseline	1.000000	40	1.0000	0	0		
rank_no	clsa-64	(set)	short-subject-search	plain	same program	rust_1.13.1_default-caps-simdna	measured	pinned	1	ratio_vs_best	1.000000	40	1.0000	0	0		
baseline_no	clsd-1024	(set)	large-subject-throughput			rust_1.13.1_default-caps-simdna				baseline_identity	row-best-fallback					rust_1.13.1_default-caps-simdna (row-best fallback -- interp absent from this group)	
rank_no	clsd-1024	(set)	large-subject-throughput	plain	same program	rust_1.13.1_default-caps-simdna	measured	pinned	1	median_ns	2930482511.000000	4	1.0000	0	0		
rank_no	clsd-1024	(set)	large-subject-throughput	plain	same program	rust_1.13.1_default-caps-simdna	measured	pinned	1	min_ns	2856444283.000000	4	1.0000	0	0		
rank_no	clsd-1024	(set)	large-subject-throughput	plain	same program	rust_1.13.1_default-caps-simdna	measured	pinned	1	max_ns	3000944176.000000	4	1.0000	0	0		
rank_no	clsd-1024	(set)	large-subject-throughput	plain	same program	rust_1.13.1_default-caps-simdna	measured	pinned	1	stddev_ns	47898089.349446	4	1.0000	0	0		
rank_no	clsd-1024	(set)	large-subject-throughput	plain	same program	rust_1.13.1_default-caps-simdna	measured	pinned	1	ratio_vs_baseline	1.000000	4	1.0000	0	0		
rank_no	clsd-1024	(set)	large-subject-throughput	plain	same program	rust_1.13.1_default-caps-simdna	measured	pinned	1	ratio_vs_best	1.000000	4	1.0000	0	0		
baseline_no	clsd-1024	(set)	match-compliance			rust_1.13.1_default-caps-simdna				baseline_identity	row-best-fallback					rust_1.13.1_default-caps-simdna (row-best fallback -- interp absent from this group)	
rank_no	clsd-1024	(set)	match-compliance	whole-subject	separate artifact	rust_1.13.1_default-caps-simdna	measured	pinned	1	median_ns	591.873252	40	1.0000	0	0		
rank_no	clsd-1024	(set)	match-compliance	whole-subject	separate artifact	rust_1.13.1_default-caps-simdna	measured	pinned	1	min_ns	591.408032	40	1.0000	0	0		
rank_no	clsd-1024	(set)	match-compliance	whole-subject	separate artifact	rust_1.13.1_default-caps-simdna	measured	pinned	1	max_ns	592.988711	40	1.0000	0	0		
rank_no	clsd-1024	(set)	match-compliance	whole-subject	separate artifact	rust_1.13.1_default-caps-simdna	measured	pinned	1	stddev_ns	0.544624	40	1.0000	0	0		
rank_no	clsd-1024	(set)	match-compliance	whole-subject	separate artifact	rust_1.13.1_default-caps-simdna	measured	pinned	1	ratio_vs_baseline	1.000000	40	1.0000	0	0		
rank_no	clsd-1024	(set)	match-compliance	whole-subject	separate artifact	rust_1.13.1_default-caps-simdna	measured	pinned	1	ratio_vs_best	1.000000	40	1.0000	0	0		
baseline_no	clsd-1024	(set)	short-subject-search			rust_1.13.1_default-caps-simdna				baseline_identity	row-best-fallback					rust_1.13.1_default-caps-simdna (row-best fallback -- interp absent from this group)	
rank_no	clsd-1024	(set)	short-subject-search	plain	same program	rust_1.13.1_default-caps-simdna	measured	pinned	1	median_ns	29550.621638	40	1.0000	0	0		
rank_no	clsd-1024	(set)	short-subject-search	plain	same program	rust_1.13.1_default-caps-simdna	measured	pinned	1	min_ns	29342.953887	40	1.0000	0	0		
rank_no	clsd-1024	(set)	short-subject-search	plain	same program	rust_1.13.1_default-caps-simdna	measured	pinned	1	max_ns	31584.639965	40	1.0000	0	0		
rank_no	clsd-1024	(set)	short-subject-search	plain	same program	rust_1.13.1_default-caps-simdna	measured	pinned	1	stddev_ns	989.229004	40	1.0000	0	0		
rank_no	clsd-1024	(set)	short-subject-search	plain	same program	rust_1.13.1_default-caps-simdna	measured	pinned	1	ratio_vs_baseline	1.000000	40	1.0000	0	0		
rank_no	clsd-1024	(set)	short-subject-search	plain	same program	rust_1.13.1_default-caps-simdna	measured	pinned	1	ratio_vs_best	1.000000	40	1.0000	0	0		
baseline_no	clsd-256	(set)	large-subject-throughput			rust_1.13.1_default-caps-simdna				baseline_identity	row-best-fallback					rust_1.13.1_default-caps-simdna (row-best fallback -- interp absent from this group)	
rank_no	clsd-256	(set)	large-subject-throughput	plain	same program	rust_1.13.1_default-caps-simdna	measured	pinned	1	median_ns	64411331.000000	4	1.0000	0	0		
rank_no	clsd-256	(set)	large-subject-throughput	plain	same program	rust_1.13.1_default-caps-simdna	measured	pinned	1	min_ns	62569002.500000	4	1.0000	0	0		
rank_no	clsd-256	(set)	large-subject-throughput	plain	same program	rust_1.13.1_default-caps-simdna	measured	pinned	1	max_ns	69589573.500000	4	1.0000	0	0		
rank_no	clsd-256	(set)	large-subject-throughput	plain	same program	rust_1.13.1_default-caps-simdna	measured	pinned	1	stddev_ns	2595789.978108	4	1.0000	0	0		
rank_no	clsd-256	(set)	large-subject-throughput	plain	same program	rust_1.13.1_default-caps-simdna	measured	pinned	1	ratio_vs_baseline	1.000000	4	1.0000	0	0		
rank_no	clsd-256	(set)	large-subject-throughput	plain	same program	rust_1.13.1_default-caps-simdna	measured	pinned	1	ratio_vs_best	1.000000	4	1.0000	0	0		
baseline_no	clsd-256	(set)	match-compliance			rust_1.13.1_default-caps-simdna				baseline_identity	row-best-fallback					rust_1.13.1_default-caps-simdna (row-best fallback -- interp absent from this group)	
rank_no	clsd-256	(set)	match-compliance	whole-subject	separate artifact	rust_1.13.1_default-caps-simdna	measured	pinned	1	median_ns	582.324524	40	1.0000	0	0		
rank_no	clsd-256	(set)	match-compliance	whole-subject	separate artifact	rust_1.13.1_default-caps-simdna	measured	pinned	1	min_ns	580.150755	40	1.0000	0	0		
rank_no	clsd-256	(set)	match-compliance	whole-subject	separate artifact	rust_1.13.1_default-caps-simdna	measured	pinned	1	max_ns	614.297010	40	1.0000	0	0		
rank_no	clsd-256	(set)	match-compliance	whole-subject	separate artifact	rust_1.13.1_default-caps-simdna	measured	pinned	1	stddev_ns	14.121113	40	1.0000	0	0		
rank_no	clsd-256	(set)	match-compliance	whole-subject	separate artifact	rust_1.13.1_default-caps-simdna	measured	pinned	1	ratio_vs_baseline	1.000000	40	1.0000	0	0		
rank_no	clsd-256	(set)	match-compliance	whole-subject	separate artifact	rust_1.13.1_default-caps-simdna	measured	pinned	1	ratio_vs_best	1.000000	40	1.0000	0	0		
baseline_no	clsd-256	(set)	short-subject-search			rust_1.13.1_default-caps-simdna				baseline_identity	row-best-fallback					rust_1.13.1_default-caps-simdna (row-best fallback -- interp absent from this group)	
rank_no	clsd-256	(set)	short-subject-search	plain	same program	rust_1.13.1_default-caps-simdna	measured	pinned	1	median_ns	11308.835710	40	1.0000	0	0		
rank_no	clsd-256	(set)	short-subject-search	plain	same program	rust_1.13.1_default-caps-simdna	measured	pinned	1	min_ns	11288.347956	40	1.0000	0	0		
rank_no	clsd-256	(set)	short-subject-search	plain	same program	rust_1.13.1_default-caps-simdna	measured	pinned	1	max_ns	11456.990203	40	1.0000	0	0		
rank_no	clsd-256	(set)	short-subject-search	plain	same program	rust_1.13.1_default-caps-simdna	measured	pinned	1	stddev_ns	61.601115	40	1.0000	0	0		
rank_no	clsd-256	(set)	short-subject-search	plain	same program	rust_1.13.1_default-caps-simdna	measured	pinned	1	ratio_vs_baseline	1.000000	40	1.0000	0	0		
rank_no	clsd-256	(set)	short-subject-search	plain	same program	rust_1.13.1_default-caps-simdna	measured	pinned	1	ratio_vs_best	1.000000	40	1.0000	0	0		
baseline_no	clsd-64	(set)	large-subject-throughput			rust_1.13.1_default-caps-simdna				baseline_identity	row-best-fallback					rust_1.13.1_default-caps-simdna (row-best fallback -- interp absent from this group)	
rank_no	clsd-64	(set)	large-subject-throughput	plain	same program	rust_1.13.1_default-caps-simdna	measured	pinned	1	median_ns	2348142.720930	4	1.0000	0	0		
rank_no	clsd-64	(set)	large-subject-throughput	plain	same program	rust_1.13.1_default-caps-simdna	measured	pinned	1	min_ns	2345611.093023	4	1.0000	0	0		
rank_no	clsd-64	(set)	large-subject-throughput	plain	same program	rust_1.13.1_default-caps-simdna	measured	pinned	1	max_ns	2362991.372093	4	1.0000	0	0		
rank_no	clsd-64	(set)	large-subject-throughput	plain	same program	rust_1.13.1_default-caps-simdna	measured	pinned	1	stddev_ns	6489.424284	4	1.0000	0	0		
rank_no	clsd-64	(set)	large-subject-throughput	plain	same program	rust_1.13.1_default-caps-simdna	measured	pinned	1	ratio_vs_baseline	1.000000	4	1.0000	0	0		
rank_no	clsd-64	(set)	large-subject-throughput	plain	same program	rust_1.13.1_default-caps-simdna	measured	pinned	1	ratio_vs_best	1.000000	4	1.0000	0	0		
baseline_no	clsd-64	(set)	match-compliance			rust_1.13.1_default-caps-simdna				baseline_identity	row-best-fallback					rust_1.13.1_default-caps-simdna (row-best fallback -- interp absent from this group)	
rank_no	clsd-64	(set)	match-compliance	whole-subject	separate artifact	rust_1.13.1_default-caps-simdna	measured	pinned	1	median_ns	570.820139	40	1.0000	0	0		
rank_no	clsd-64	(set)	match-compliance	whole-subject	separate artifact	rust_1.13.1_default-caps-simdna	measured	pinned	1	min_ns	566.016916	40	1.0000	0	0		
rank_no	clsd-64	(set)	match-compliance	whole-subject	separate artifact	rust_1.13.1_default-caps-simdna	measured	pinned	1	max_ns	600.005160	40	1.0000	0	0		
rank_no	clsd-64	(set)	match-compliance	whole-subject	separate artifact	rust_1.13.1_default-caps-simdna	measured	pinned	1	stddev_ns	12.674878	40	1.0000	0	0		
rank_no	clsd-64	(set)	match-compliance	whole-subject	separate artifact	rust_1.13.1_default-caps-simdna	measured	pinned	1	ratio_vs_baseline	1.000000	40	1.0000	0	0		
rank_no	clsd-64	(set)	match-compliance	whole-subject	separate artifact	rust_1.13.1_default-caps-simdna	measured	pinned	1	ratio_vs_best	1.000000	40	1.0000	0	0		
baseline_no	clsd-64	(set)	short-subject-search			rust_1.13.1_default-caps-simdna				baseline_identity	row-best-fallback					rust_1.13.1_default-caps-simdna (row-best fallback -- interp absent from this group)	
rank_no	clsd-64	(set)	short-subject-search	plain	same program	rust_1.13.1_default-caps-simdna	measured	pinned	1	median_ns	11149.916015	40	1.0000	0	0		
rank_no	clsd-64	(set)	short-subject-search	plain	same program	rust_1.13.1_default-caps-simdna	measured	pinned	1	min_ns	11138.142612	40	1.0000	0	0		
rank_no	clsd-64	(set)	short-subject-search	plain	same program	rust_1.13.1_default-caps-simdna	measured	pinned	1	max_ns	11172.827679	40	1.0000	0	0		
rank_no	clsd-64	(set)	short-subject-search	plain	same program	rust_1.13.1_default-caps-simdna	measured	pinned	1	stddev_ns	12.708713	40	1.0000	0	0		
rank_no	clsd-64	(set)	short-subject-search	plain	same program	rust_1.13.1_default-caps-simdna	measured	pinned	1	ratio_vs_baseline	1.000000	40	1.0000	0	0		
rank_no	clsd-64	(set)	short-subject-search	plain	same program	rust_1.13.1_default-caps-simdna	measured	pinned	1	ratio_vs_best	1.000000	40	1.0000	0	0		
baseline_no	cnt-64	(set)	large-subject-throughput			rust_1.13.1_default-caps-simdna				baseline_identity	row-best-fallback					rust_1.13.1_default-caps-simdna (row-best fallback -- interp absent from this group)	
rank_no	cnt-64	(set)	large-subject-throughput	plain	same program	rust_1.13.1_default-caps-simdna	measured	pinned	1	median_ns	2215078.801587	4	1.0000	0	0		
rank_no	cnt-64	(set)	large-subject-throughput	plain	same program	rust_1.13.1_default-caps-simdna	measured	pinned	1	min_ns	2211540.039683	4	1.0000	0	0		
rank_no	cnt-64	(set)	large-subject-throughput	plain	same program	rust_1.13.1_default-caps-simdna	measured	pinned	1	max_ns	2218245.611111	4	1.0000	0	0		
rank_no	cnt-64	(set)	large-subject-throughput	plain	same program	rust_1.13.1_default-caps-simdna	measured	pinned	1	stddev_ns	2352.036051	4	1.0000	0	0		
rank_no	cnt-64	(set)	large-subject-throughput	plain	same program	rust_1.13.1_default-caps-simdna	measured	pinned	1	ratio_vs_baseline	1.000000	4	1.0000	0	0		
rank_no	cnt-64	(set)	large-subject-throughput	plain	same program	rust_1.13.1_default-caps-simdna	measured	pinned	1	ratio_vs_best	1.000000	4	1.0000	0	0		
baseline_no	cnt-64	(set)	match-compliance			rust_1.13.1_default-caps-simdna				baseline_identity	row-best-fallback					rust_1.13.1_default-caps-simdna (row-best fallback -- interp absent from this group)	
rank_no	cnt-64	(set)	match-compliance	whole-subject	separate artifact	rust_1.13.1_default-caps-simdna	measured	pinned	1	median_ns	965.286098	40	1.0000	0	0		
rank_no	cnt-64	(set)	match-compliance	whole-subject	separate artifact	rust_1.13.1_default-caps-simdna	measured	pinned	1	min_ns	964.952123	40	1.0000	0	0		
rank_no	cnt-64	(set)	match-compliance	whole-subject	separate artifact	rust_1.13.1_default-caps-simdna	measured	pinned	1	max_ns	1012.211812	40	1.0000	0	0		
rank_no	cnt-64	(set)	match-compliance	whole-subject	separate artifact	rust_1.13.1_default-caps-simdna	measured	pinned	1	stddev_ns	20.403370	40	1.0000	0	0		
rank_no	cnt-64	(set)	match-compliance	whole-subject	separate artifact	rust_1.13.1_default-caps-simdna	measured	pinned	1	ratio_vs_baseline	1.000000	40	1.0000	0	0		
rank_no	cnt-64	(set)	match-compliance	whole-subject	separate artifact	rust_1.13.1_default-caps-simdna	measured	pinned	1	ratio_vs_best	1.000000	40	1.0000	0	0		
baseline_no	cnt-64	(set)	short-subject-search			rust_1.13.1_default-caps-simdna				baseline_identity	row-best-fallback					rust_1.13.1_default-caps-simdna (row-best fallback -- interp absent from this group)	
rank_no	cnt-64	(set)	short-subject-search	plain	same program	rust_1.13.1_default-caps-simdna	measured	pinned	1	median_ns	10128.315159	40	1.0000	0	0		
rank_no	cnt-64	(set)	short-subject-search	plain	same program	rust_1.13.1_default-caps-simdna	measured	pinned	1	min_ns	10105.280008	40	1.0000	0	0		
rank_no	cnt-64	(set)	short-subject-search	plain	same program	rust_1.13.1_default-caps-simdna	measured	pinned	1	max_ns	10149.270478	40	1.0000	0	0		
rank_no	cnt-64	(set)	short-subject-search	plain	same program	rust_1.13.1_default-caps-simdna	measured	pinned	1	stddev_ns	15.111063	40	1.0000	0	0		
rank_no	cnt-64	(set)	short-subject-search	plain	same program	rust_1.13.1_default-caps-simdna	measured	pinned	1	ratio_vs_baseline	1.000000	40	1.0000	0	0		
rank_no	cnt-64	(set)	short-subject-search	plain	same program	rust_1.13.1_default-caps-simdna	measured	pinned	1	ratio_vs_best	1.000000	40	1.0000	0	0		
baseline_no	floor	(set)	large-subject-throughput			rust_1.13.1_default-caps-simdna				baseline_identity	row-best-fallback					rust_1.13.1_default-caps-simdna (row-best fallback -- interp absent from this group)	
rank_no	floor	(set)	large-subject-throughput	plain	same program	rust_1.13.1_default-caps-simdna	measured	pinned	1	median_ns	15598.764679	4	1.0000	0	0		
rank_no	floor	(set)	large-subject-throughput	plain	same program	rust_1.13.1_default-caps-simdna	measured	pinned	1	min_ns	15573.671222	4	1.0000	0	0		
rank_no	floor	(set)	large-subject-throughput	plain	same program	rust_1.13.1_default-caps-simdna	measured	pinned	1	max_ns	15658.112913	4	1.0000	0	0		
rank_no	floor	(set)	large-subject-throughput	plain	same program	rust_1.13.1_default-caps-simdna	measured	pinned	1	stddev_ns	30.301500	4	1.0000	0	0		
rank_no	floor	(set)	large-subject-throughput	plain	same program	rust_1.13.1_default-caps-simdna	measured	pinned	1	ratio_vs_baseline	1.000000	4	1.0000	0	0		
rank_no	floor	(set)	large-subject-throughput	plain	same program	rust_1.13.1_default-caps-simdna	measured	pinned	1	ratio_vs_best	1.000000	4	1.0000	0	0		
baseline_no	floor	(set)	match-compliance			rust_1.13.1_default-caps-simdna				baseline_identity	row-best-fallback					rust_1.13.1_default-caps-simdna (row-best fallback -- interp absent from this group)	
rank_no	floor	(set)	match-compliance	whole-subject	separate artifact	rust_1.13.1_default-caps-simdna	measured	pinned	1	median_ns	226.343897	40	1.0000	0	0		
rank_no	floor	(set)	match-compliance	whole-subject	separate artifact	rust_1.13.1_default-caps-simdna	measured	pinned	1	min_ns	225.125793	40	1.0000	0	0		
rank_no	floor	(set)	match-compliance	whole-subject	separate artifact	rust_1.13.1_default-caps-simdna	measured	pinned	1	max_ns	227.397901	40	1.0000	0	0		
rank_no	floor	(set)	match-compliance	whole-subject	separate artifact	rust_1.13.1_default-caps-simdna	measured	pinned	1	stddev_ns	0.755000	40	1.0000	0	0		
rank_no	floor	(set)	match-compliance	whole-subject	separate artifact	rust_1.13.1_default-caps-simdna	measured	pinned	1	ratio_vs_baseline	1.000000	40	1.0000	0	0		
rank_no	floor	(set)	match-compliance	whole-subject	separate artifact	rust_1.13.1_default-caps-simdna	measured	pinned	1	ratio_vs_best	1.000000	40	1.0000	0	0		
baseline_no	floor	(set)	short-subject-search			rust_1.13.1_default-caps-simdna				baseline_identity	row-best-fallback					rust_1.13.1_default-caps-simdna (row-best fallback -- interp absent from this group)	
rank_no	floor	(set)	short-subject-search	plain	same program	rust_1.13.1_default-caps-simdna	measured	pinned	1	median_ns	1928.760876	40	1.0000	0	0		
rank_no	floor	(set)	short-subject-search	plain	same program	rust_1.13.1_default-caps-simdna	measured	pinned	1	min_ns	1920.128880	40	1.0000	0	0		
rank_no	floor	(set)	short-subject-search	plain	same program	rust_1.13.1_default-caps-simdna	measured	pinned	1	max_ns	1941.888581	40	1.0000	0	0		
rank_no	floor	(set)	short-subject-search	plain	same program	rust_1.13.1_default-caps-simdna	measured	pinned	1	stddev_ns	6.960790	40	1.0000	0	0		
rank_no	floor	(set)	short-subject-search	plain	same program	rust_1.13.1_default-caps-simdna	measured	pinned	1	ratio_vs_baseline	1.000000	40	1.0000	0	0		
rank_no	floor	(set)	short-subject-search	plain	same program	rust_1.13.1_default-caps-simdna	measured	pinned	1	ratio_vs_best	1.000000	40	1.0000	0	0		
baseline_no	nar4-256	(set)	large-subject-throughput			rust_1.13.1_default-caps-simdna				baseline_identity	row-best-fallback					rust_1.13.1_default-caps-simdna (row-best fallback -- interp absent from this group)	
rank_no	nar4-256	(set)	large-subject-throughput	plain	same program	rust_1.13.1_default-caps-simdna	measured	pinned	1	median_ns	1761531.022727	4	1.0000	0	0		
rank_no	nar4-256	(set)	large-subject-throughput	plain	same program	rust_1.13.1_default-caps-simdna	measured	pinned	1	min_ns	1759714.454545	4	1.0000	0	0		
rank_no	nar4-256	(set)	large-subject-throughput	plain	same program	rust_1.13.1_default-caps-simdna	measured	pinned	1	max_ns	1766146.568182	4	1.0000	0	0		
rank_no	nar4-256	(set)	large-subject-throughput	plain	same program	rust_1.13.1_default-caps-simdna	measured	pinned	1	stddev_ns	2314.654280	4	1.0000	0	0		
rank_no	nar4-256	(set)	large-subject-throughput	plain	same program	rust_1.13.1_default-caps-simdna	measured	pinned	1	ratio_vs_baseline	1.000000	4	1.0000	0	0		
rank_no	nar4-256	(set)	large-subject-throughput	plain	same program	rust_1.13.1_default-caps-simdna	measured	pinned	1	ratio_vs_best	1.000000	4	1.0000	0	0		
baseline_no	nar4-256	(set)	match-compliance			rust_1.13.1_default-caps-simdna				baseline_identity	row-best-fallback					rust_1.13.1_default-caps-simdna (row-best fallback -- interp absent from this group)	
rank_no	nar4-256	(set)	match-compliance	whole-subject	separate artifact	rust_1.13.1_default-caps-simdna	measured	pinned	1	median_ns	621.862878	40	1.0000	0	0		
rank_no	nar4-256	(set)	match-compliance	whole-subject	separate artifact	rust_1.13.1_default-caps-simdna	measured	pinned	1	min_ns	621.746728	40	1.0000	0	0		
rank_no	nar4-256	(set)	match-compliance	whole-subject	separate artifact	rust_1.13.1_default-caps-simdna	measured	pinned	1	max_ns	626.812872	40	1.0000	0	0		
rank_no	nar4-256	(set)	match-compliance	whole-subject	separate artifact	rust_1.13.1_default-caps-simdna	measured	pinned	1	stddev_ns	1.962102	40	1.0000	0	0		
rank_no	nar4-256	(set)	match-compliance	whole-subject	separate artifact	rust_1.13.1_default-caps-simdna	measured	pinned	1	ratio_vs_baseline	1.000000	40	1.0000	0	0		
rank_no	nar4-256	(set)	match-compliance	whole-subject	separate artifact	rust_1.13.1_default-caps-simdna	measured	pinned	1	ratio_vs_best	1.000000	40	1.0000	0	0		
baseline_no	nar4-256	(set)	short-subject-search			rust_1.13.1_default-caps-simdna				baseline_identity	row-best-fallback					rust_1.13.1_default-caps-simdna (row-best fallback -- interp absent from this group)	
rank_no	nar4-256	(set)	short-subject-search	plain	same program	rust_1.13.1_default-caps-simdna	measured	pinned	1	median_ns	10399.057864	40	1.0000	0	0		
rank_no	nar4-256	(set)	short-subject-search	plain	same program	rust_1.13.1_default-caps-simdna	measured	pinned	1	min_ns	10394.277121	40	1.0000	0	0		
rank_no	nar4-256	(set)	short-subject-search	plain	same program	rust_1.13.1_default-caps-simdna	measured	pinned	1	max_ns	10401.079232	40	1.0000	0	0		
rank_no	nar4-256	(set)	short-subject-search	plain	same program	rust_1.13.1_default-caps-simdna	measured	pinned	1	stddev_ns	2.673148	40	1.0000	0	0		
rank_no	nar4-256	(set)	short-subject-search	plain	same program	rust_1.13.1_default-caps-simdna	measured	pinned	1	ratio_vs_baseline	1.000000	40	1.0000	0	0		
rank_no	nar4-256	(set)	short-subject-search	plain	same program	rust_1.13.1_default-caps-simdna	measured	pinned	1	ratio_vs_best	1.000000	40	1.0000	0	0		
baseline_no	nar4-512	(set)	large-subject-throughput			rust_1.13.1_default-caps-simdna				baseline_identity	row-best-fallback					rust_1.13.1_default-caps-simdna (row-best fallback -- interp absent from this group)	
rank_no	nar4-512	(set)	large-subject-throughput	plain	same program	rust_1.13.1_default-caps-simdna	measured	pinned	1	median_ns	1890665.666667	4	1.0000	0	0		
rank_no	nar4-512	(set)	large-subject-throughput	plain	same program	rust_1.13.1_default-caps-simdna	measured	pinned	1	min_ns	1881329.242424	4	1.0000	0	0		
rank_no	nar4-512	(set)	large-subject-throughput	plain	same program	rust_1.13.1_default-caps-simdna	measured	pinned	1	max_ns	1893525.666667	4	1.0000	0	0		
rank_no	nar4-512	(set)	large-subject-throughput	plain	same program	rust_1.13.1_default-caps-simdna	measured	pinned	1	stddev_ns	4168.825297	4	1.0000	0	0		
rank_no	nar4-512	(set)	large-subject-throughput	plain	same program	rust_1.13.1_default-caps-simdna	measured	pinned	1	ratio_vs_baseline	1.000000	4	1.0000	0	0		
rank_no	nar4-512	(set)	large-subject-throughput	plain	same program	rust_1.13.1_default-caps-simdna	measured	pinned	1	ratio_vs_best	1.000000	4	1.0000	0	0		
baseline_no	nar4-512	(set)	match-compliance			rust_1.13.1_default-caps-simdna				baseline_identity	row-best-fallback					rust_1.13.1_default-caps-simdna (row-best fallback -- interp absent from this group)	
rank_no	nar4-512	(set)	match-compliance	whole-subject	separate artifact	rust_1.13.1_default-caps-simdna	measured	pinned	1	median_ns	622.632424	40	1.0000	0	0		
rank_no	nar4-512	(set)	match-compliance	whole-subject	separate artifact	rust_1.13.1_default-caps-simdna	measured	pinned	1	min_ns	621.433597	40	1.0000	0	0		
rank_no	nar4-512	(set)	match-compliance	whole-subject	separate artifact	rust_1.13.1_default-caps-simdna	measured	pinned	1	max_ns	668.082334	40	1.0000	0	0		
rank_no	nar4-512	(set)	match-compliance	whole-subject	separate artifact	rust_1.13.1_default-caps-simdna	measured	pinned	1	stddev_ns	18.308344	40	1.0000	0	0		
rank_no	nar4-512	(set)	match-compliance	whole-subject	separate artifact	rust_1.13.1_default-caps-simdna	measured	pinned	1	ratio_vs_baseline	1.000000	40	1.0000	0	0		
rank_no	nar4-512	(set)	match-compliance	whole-subject	separate artifact	rust_1.13.1_default-caps-simdna	measured	pinned	1	ratio_vs_best	1.000000	40	1.0000	0	0		
baseline_no	nar4-512	(set)	short-subject-search			rust_1.13.1_default-caps-simdna				baseline_identity	row-best-fallback					rust_1.13.1_default-caps-simdna (row-best fallback -- interp absent from this group)	
rank_no	nar4-512	(set)	short-subject-search	plain	same program	rust_1.13.1_default-caps-simdna	measured	pinned	1	median_ns	10395.807119	40	1.0000	0	0		
rank_no	nar4-512	(set)	short-subject-search	plain	same program	rust_1.13.1_default-caps-simdna	measured	pinned	1	min_ns	10394.065587	40	1.0000	0	0		
rank_no	nar4-512	(set)	short-subject-search	plain	same program	rust_1.13.1_default-caps-simdna	measured	pinned	1	max_ns	10408.948961	40	1.0000	0	0		
rank_no	nar4-512	(set)	short-subject-search	plain	same program	rust_1.13.1_default-caps-simdna	measured	pinned	1	stddev_ns	5.519520	40	1.0000	0	0		
rank_no	nar4-512	(set)	short-subject-search	plain	same program	rust_1.13.1_default-caps-simdna	measured	pinned	1	ratio_vs_baseline	1.000000	40	1.0000	0	0		
rank_no	nar4-512	(set)	short-subject-search	plain	same program	rust_1.13.1_default-caps-simdna	measured	pinned	1	ratio_vs_best	1.000000	40	1.0000	0	0		
baseline_no	nar4-64	(set)	large-subject-throughput			rust_1.13.1_default-caps-simdna				baseline_identity	row-best-fallback					rust_1.13.1_default-caps-simdna (row-best fallback -- interp absent from this group)	
rank_no	nar4-64	(set)	large-subject-throughput	plain	same program	rust_1.13.1_default-caps-simdna	measured	pinned	1	median_ns	657758.757576	4	1.0000	0	0		
rank_no	nar4-64	(set)	large-subject-throughput	plain	same program	rust_1.13.1_default-caps-simdna	measured	pinned	1	min_ns	657572.051515	4	1.0000	0	0		
rank_no	nar4-64	(set)	large-subject-throughput	plain	same program	rust_1.13.1_default-caps-simdna	measured	pinned	1	max_ns	658160.548485	4	1.0000	0	0		
rank_no	nar4-64	(set)	large-subject-throughput	plain	same program	rust_1.13.1_default-caps-simdna	measured	pinned	1	stddev_ns	249.339292	4	1.0000	0	0		
rank_no	nar4-64	(set)	large-subject-throughput	plain	same program	rust_1.13.1_default-caps-simdna	measured	pinned	1	ratio_vs_baseline	1.000000	4	1.0000	0	0		
rank_no	nar4-64	(set)	large-subject-throughput	plain	same program	rust_1.13.1_default-caps-simdna	measured	pinned	1	ratio_vs_best	1.000000	4	1.0000	0	0		
baseline_no	nar4-64	(set)	match-compliance			rust_1.13.1_default-caps-simdna				baseline_identity	row-best-fallback					rust_1.13.1_default-caps-simdna (row-best fallback -- interp absent from this group)	
rank_no	nar4-64	(set)	match-compliance	whole-subject	separate artifact	rust_1.13.1_default-caps-simdna	measured	pinned	1	median_ns	622.019805	40	1.0000	0	0		
rank_no	nar4-64	(set)	match-compliance	whole-subject	separate artifact	rust_1.13.1_default-caps-simdna	measured	pinned	1	min_ns	621.754955	40	1.0000	0	0		
rank_no	nar4-64	(set)	match-compliance	whole-subject	separate artifact	rust_1.13.1_default-caps-simdna	measured	pinned	1	max_ns	665.741884	40	1.0000	0	0		
rank_no	nar4-64	(set)	match-compliance	whole-subject	separate artifact	rust_1.13.1_default-caps-simdna	measured	pinned	1	stddev_ns	17.514476	40	1.0000	0	0		
rank_no	nar4-64	(set)	match-compliance	whole-subject	separate artifact	rust_1.13.1_default-caps-simdna	measured	pinned	1	ratio_vs_baseline	1.000000	40	1.0000	0	0		
rank_no	nar4-64	(set)	match-compliance	whole-subject	separate artifact	rust_1.13.1_default-caps-simdna	measured	pinned	1	ratio_vs_best	1.000000	40	1.0000	0	0		
baseline_no	nar4-64	(set)	short-subject-search			rust_1.13.1_default-caps-simdna				baseline_identity	row-best-fallback					rust_1.13.1_default-caps-simdna (row-best fallback -- interp absent from this group)	
rank_no	nar4-64	(set)	short-subject-search	plain	same program	rust_1.13.1_default-caps-simdna	measured	pinned	1	median_ns	5244.375452	40	1.0000	0	0		
rank_no	nar4-64	(set)	short-subject-search	plain	same program	rust_1.13.1_default-caps-simdna	measured	pinned	1	min_ns	5237.832493	40	1.0000	0	0		
rank_no	nar4-64	(set)	short-subject-search	plain	same program	rust_1.13.1_default-caps-simdna	measured	pinned	1	max_ns	5267.739486	40	1.0000	0	0		
rank_no	nar4-64	(set)	short-subject-search	plain	same program	rust_1.13.1_default-caps-simdna	measured	pinned	1	stddev_ns	10.538937	40	1.0000	0	0		
rank_no	nar4-64	(set)	short-subject-search	plain	same program	rust_1.13.1_default-caps-simdna	measured	pinned	1	ratio_vs_baseline	1.000000	40	1.0000	0	0		
rank_no	nar4-64	(set)	short-subject-search	plain	same program	rust_1.13.1_default-caps-simdna	measured	pinned	1	ratio_vs_best	1.000000	40	1.0000	0	0		
baseline_no	pfx3-256	(set)	large-subject-throughput			rust_1.13.1_default-caps-simdna				baseline_identity	row-best-fallback					rust_1.13.1_default-caps-simdna (row-best fallback -- interp absent from this group)	
rank_no	pfx3-256	(set)	large-subject-throughput	plain	same program	rust_1.13.1_default-caps-simdna	measured	pinned	1	median_ns	686199.340694	4	1.0000	0	0		
rank_no	pfx3-256	(set)	large-subject-throughput	plain	same program	rust_1.13.1_default-caps-simdna	measured	pinned	1	min_ns	685549.712934	4	1.0000	0	0		
rank_no	pfx3-256	(set)	large-subject-throughput	plain	same program	rust_1.13.1_default-caps-simdna	measured	pinned	1	max_ns	686868.873817	4	1.0000	0	0		
rank_no	pfx3-256	(set)	large-subject-throughput	plain	same program	rust_1.13.1_default-caps-simdna	measured	pinned	1	stddev_ns	477.328059	4	1.0000	0	0		
rank_no	pfx3-256	(set)	large-subject-throughput	plain	same program	rust_1.13.1_default-caps-simdna	measured	pinned	1	ratio_vs_baseline	1.000000	4	1.0000	0	0		
rank_no	pfx3-256	(set)	large-subject-throughput	plain	same program	rust_1.13.1_default-caps-simdna	measured	pinned	1	ratio_vs_best	1.000000	4	1.0000	0	0		
baseline_no	pfx3-256	(set)	match-compliance			rust_1.13.1_default-caps-simdna				baseline_identity	row-best-fallback					rust_1.13.1_default-caps-simdna (row-best fallback -- interp absent from this group)	
rank_no	pfx3-256	(set)	match-compliance	whole-subject	separate artifact	rust_1.13.1_default-caps-simdna	measured	pinned	1	median_ns	533.448951	40	1.0000	0	0		
rank_no	pfx3-256	(set)	match-compliance	whole-subject	separate artifact	rust_1.13.1_default-caps-simdna	measured	pinned	1	min_ns	533.120687	40	1.0000	0	0		
rank_no	pfx3-256	(set)	match-compliance	whole-subject	separate artifact	rust_1.13.1_default-caps-simdna	measured	pinned	1	max_ns	534.093846	40	1.0000	0	0		
rank_no	pfx3-256	(set)	match-compliance	whole-subject	separate artifact	rust_1.13.1_default-caps-simdna	measured	pinned	1	stddev_ns	0.333021	40	1.0000	0	0		
rank_no	pfx3-256	(set)	match-compliance	whole-subject	separate artifact	rust_1.13.1_default-caps-simdna	measured	pinned	1	ratio_vs_baseline	1.000000	40	1.0000	0	0		
rank_no	pfx3-256	(set)	match-compliance	whole-subject	separate artifact	rust_1.13.1_default-caps-simdna	measured	pinned	1	ratio_vs_best	1.000000	40	1.0000	0	0		
baseline_no	pfx3-256	(set)	short-subject-search			rust_1.13.1_default-caps-simdna				baseline_identity	row-best-fallback					rust_1.13.1_default-caps-simdna (row-best fallback -- interp absent from this group)	
rank_no	pfx3-256	(set)	short-subject-search	plain	same program	rust_1.13.1_default-caps-simdna	measured	pinned	1	median_ns	4007.297748	40	1.0000	0	0		
rank_no	pfx3-256	(set)	short-subject-search	plain	same program	rust_1.13.1_default-caps-simdna	measured	pinned	1	min_ns	3990.933847	40	1.0000	0	0		
rank_no	pfx3-256	(set)	short-subject-search	plain	same program	rust_1.13.1_default-caps-simdna	measured	pinned	1	max_ns	4021.854456	40	1.0000	0	0		
rank_no	pfx3-256	(set)	short-subject-search	plain	same program	rust_1.13.1_default-caps-simdna	measured	pinned	1	stddev_ns	10.933670	40	1.0000	0	0		
rank_no	pfx3-256	(set)	short-subject-search	plain	same program	rust_1.13.1_default-caps-simdna	measured	pinned	1	ratio_vs_baseline	1.000000	40	1.0000	0	0		
rank_no	pfx3-256	(set)	short-subject-search	plain	same program	rust_1.13.1_default-caps-simdna	measured	pinned	1	ratio_vs_best	1.000000	40	1.0000	0	0		
baseline_no	pfx3-512	(set)	large-subject-throughput			rust_1.13.1_default-caps-simdna				baseline_identity	row-best-fallback					rust_1.13.1_default-caps-simdna (row-best fallback -- interp absent from this group)	
rank_no	pfx3-512	(set)	large-subject-throughput	plain	same program	rust_1.13.1_default-caps-simdna	measured	pinned	1	median_ns	1636725.269231	4	1.0000	0	0		
rank_no	pfx3-512	(set)	large-subject-throughput	plain	same program	rust_1.13.1_default-caps-simdna	measured	pinned	1	min_ns	1635407.294872	4	1.0000	0	0		
rank_no	pfx3-512	(set)	large-subject-throughput	plain	same program	rust_1.13.1_default-caps-simdna	measured	pinned	1	max_ns	1637278.403846	4	1.0000	0	0		
rank_no	pfx3-512	(set)	large-subject-throughput	plain	same program	rust_1.13.1_default-caps-simdna	measured	pinned	1	stddev_ns	707.338956	4	1.0000	0	0		
rank_no	pfx3-512	(set)	large-subject-throughput	plain	same program	rust_1.13.1_default-caps-simdna	measured	pinned	1	ratio_vs_baseline	1.000000	4	1.0000	0	0		
rank_no	pfx3-512	(set)	large-subject-throughput	plain	same program	rust_1.13.1_default-caps-simdna	measured	pinned	1	ratio_vs_best	1.000000	4	1.0000	0	0		
baseline_no	pfx3-512	(set)	match-compliance			rust_1.13.1_default-caps-simdna				baseline_identity	row-best-fallback					rust_1.13.1_default-caps-simdna (row-best fallback -- interp absent from this group)	
rank_no	pfx3-512	(set)	match-compliance	whole-subject	separate artifact	rust_1.13.1_default-caps-simdna	measured	pinned	1	median_ns	533.401422	40	1.0000	0	0		
rank_no	pfx3-512	(set)	match-compliance	whole-subject	separate artifact	rust_1.13.1_default-caps-simdna	measured	pinned	1	min_ns	532.700031	40	1.0000	0	0		
rank_no	pfx3-512	(set)	match-compliance	whole-subject	separate artifact	rust_1.13.1_default-caps-simdna	measured	pinned	1	max_ns	560.361984	40	1.0000	0	0		
rank_no	pfx3-512	(set)	match-compliance	whole-subject	separate artifact	rust_1.13.1_default-caps-simdna	measured	pinned	1	stddev_ns	10.675613	40	1.0000	0	0		
rank_no	pfx3-512	(set)	match-compliance	whole-subject	separate artifact	rust_1.13.1_default-caps-simdna	measured	pinned	1	ratio_vs_baseline	1.000000	40	1.0000	0	0		
rank_no	pfx3-512	(set)	match-compliance	whole-subject	separate artifact	rust_1.13.1_default-caps-simdna	measured	pinned	1	ratio_vs_best	1.000000	40	1.0000	0	0		
baseline_no	pfx3-512	(set)	short-subject-search			rust_1.13.1_default-caps-simdna				baseline_identity	row-best-fallback					rust_1.13.1_default-caps-simdna (row-best fallback -- interp absent from this group)	
rank_no	pfx3-512	(set)	short-subject-search	plain	same program	rust_1.13.1_default-caps-simdna	measured	pinned	1	median_ns	10301.749119	40	1.0000	0	0		
rank_no	pfx3-512	(set)	short-subject-search	plain	same program	rust_1.13.1_default-caps-simdna	measured	pinned	1	min_ns	10296.693366	40	1.0000	0	0		
rank_no	pfx3-512	(set)	short-subject-search	plain	same program	rust_1.13.1_default-caps-simdna	measured	pinned	1	max_ns	10320.743777	40	1.0000	0	0		
rank_no	pfx3-512	(set)	short-subject-search	plain	same program	rust_1.13.1_default-caps-simdna	measured	pinned	1	stddev_ns	8.345761	40	1.0000	0	0		
rank_no	pfx3-512	(set)	short-subject-search	plain	same program	rust_1.13.1_default-caps-simdna	measured	pinned	1	ratio_vs_baseline	1.000000	40	1.0000	0	0		
rank_no	pfx3-512	(set)	short-subject-search	plain	same program	rust_1.13.1_default-caps-simdna	measured	pinned	1	ratio_vs_best	1.000000	40	1.0000	0	0		
baseline_no	s-2048	(set)	large-subject-throughput			rust_1.13.1_default-caps-simdna				baseline_identity	row-best-fallback					rust_1.13.1_default-caps-simdna (row-best fallback -- interp absent from this group)	
rank_no	s-2048	(set)	large-subject-throughput	plain	same program	rust_1.13.1_default-caps-simdna	measured	pinned	1	median_ns	9737020.833333	4	1.0000	0	0		
rank_no	s-2048	(set)	large-subject-throughput	plain	same program	rust_1.13.1_default-caps-simdna	measured	pinned	1	min_ns	9722887.833333	4	1.0000	0	0		
rank_no	s-2048	(set)	large-subject-throughput	plain	same program	rust_1.13.1_default-caps-simdna	measured	pinned	1	max_ns	9797504.833333	4	1.0000	0	0		
rank_no	s-2048	(set)	large-subject-throughput	plain	same program	rust_1.13.1_default-caps-simdna	measured	pinned	1	stddev_ns	33298.670382	4	1.0000	0	0		
rank_no	s-2048	(set)	large-subject-throughput	plain	same program	rust_1.13.1_default-caps-simdna	measured	pinned	1	ratio_vs_baseline	1.000000	4	1.0000	0	0		
rank_no	s-2048	(set)	large-subject-throughput	plain	same program	rust_1.13.1_default-caps-simdna	measured	pinned	1	ratio_vs_best	1.000000	4	1.0000	0	0		
baseline_no	s-2048	(set)	match-compliance			rust_1.13.1_default-caps-simdna				baseline_identity	row-best-fallback					rust_1.13.1_default-caps-simdna (row-best fallback -- interp absent from this group)	
rank_no	s-2048	(set)	match-compliance	whole-subject	separate artifact	rust_1.13.1_default-caps-simdna	measured	pinned	1	median_ns	548.402831	40	1.0000	0	0		
rank_no	s-2048	(set)	match-compliance	whole-subject	separate artifact	rust_1.13.1_default-caps-simdna	measured	pinned	1	min_ns	542.751120	40	1.0000	0	0		
rank_no	s-2048	(set)	match-compliance	whole-subject	separate artifact	rust_1.13.1_default-caps-simdna	measured	pinned	1	max_ns	555.330871	40	1.0000	0	0		
rank_no	s-2048	(set)	match-compliance	whole-subject	separate artifact	rust_1.13.1_default-caps-simdna	measured	pinned	1	stddev_ns	5.036324	40	1.0000	0	0		
rank_no	s-2048	(set)	match-compliance	whole-subject	separate artifact	rust_1.13.1_default-caps-simdna	measured	pinned	1	ratio_vs_baseline	1.000000	40	1.0000	0	0		
rank_no	s-2048	(set)	match-compliance	whole-subject	separate artifact	rust_1.13.1_default-caps-simdna	measured	pinned	1	ratio_vs_best	1.000000	40	1.0000	0	0		
baseline_no	s-2048	(set)	short-subject-search			rust_1.13.1_default-caps-simdna				baseline_identity	row-best-fallback					rust_1.13.1_default-caps-simdna (row-best fallback -- interp absent from this group)	
rank_no	s-2048	(set)	short-subject-search	plain	same program	rust_1.13.1_default-caps-simdna	measured	pinned	1	median_ns	10616.413047	40	1.0000	0	0		
rank_no	s-2048	(set)	short-subject-search	plain	same program	rust_1.13.1_default-caps-simdna	measured	pinned	1	min_ns	10598.174911	40	1.0000	0	0		
rank_no	s-2048	(set)	short-subject-search	plain	same program	rust_1.13.1_default-caps-simdna	measured	pinned	1	max_ns	10833.837368	40	1.0000	0	0		
rank_no	s-2048	(set)	short-subject-search	plain	same program	rust_1.13.1_default-caps-simdna	measured	pinned	1	stddev_ns	87.701803	40	1.0000	0	0		
rank_no	s-2048	(set)	short-subject-search	plain	same program	rust_1.13.1_default-caps-simdna	measured	pinned	1	ratio_vs_baseline	1.000000	40	1.0000	0	0		
rank_no	s-2048	(set)	short-subject-search	plain	same program	rust_1.13.1_default-caps-simdna	measured	pinned	1	ratio_vs_best	1.000000	40	1.0000	0	0		
baseline_no	s-256	(set)	large-subject-throughput			rust_1.13.1_default-caps-simdna				baseline_identity	row-best-fallback					rust_1.13.1_default-caps-simdna (row-best fallback -- interp absent from this group)	
rank_no	s-256	(set)	large-subject-throughput	plain	same program	rust_1.13.1_default-caps-simdna	measured	pinned	1	median_ns	2193514.681818	4	1.0000	0	0		
rank_no	s-256	(set)	large-subject-throughput	plain	same program	rust_1.13.1_default-caps-simdna	measured	pinned	1	min_ns	2188762.863636	4	1.0000	0	0		
rank_no	s-256	(set)	large-subject-throughput	plain	same program	rust_1.13.1_default-caps-simdna	measured	pinned	1	max_ns	2200404.318182	4	1.0000	0	0		
rank_no	s-256	(set)	large-subject-throughput	plain	same program	rust_1.13.1_default-caps-simdna	measured	pinned	1	stddev_ns	3890.020030	4	1.0000	0	0		
rank_no	s-256	(set)	large-subject-throughput	plain	same program	rust_1.13.1_default-caps-simdna	measured	pinned	1	ratio_vs_baseline	1.000000	4	1.0000	0	0		
rank_no	s-256	(set)	large-subject-throughput	plain	same program	rust_1.13.1_default-caps-simdna	measured	pinned	1	ratio_vs_best	1.000000	4	1.0000	0	0		
baseline_no	s-256	(set)	match-compliance			rust_1.13.1_default-caps-simdna				baseline_identity	row-best-fallback					rust_1.13.1_default-caps-simdna (row-best fallback -- interp absent from this group)	
rank_no	s-256	(set)	match-compliance	whole-subject	separate artifact	rust_1.13.1_default-caps-simdna	measured	pinned	1	median_ns	541.350385	40	1.0000	0	0		
rank_no	s-256	(set)	match-compliance	whole-subject	separate artifact	rust_1.13.1_default-caps-simdna	measured	pinned	1	min_ns	539.328759	40	1.0000	0	0		
rank_no	s-256	(set)	match-compliance	whole-subject	separate artifact	rust_1.13.1_default-caps-simdna	measured	pinned	1	max_ns	541.935086	40	1.0000	0	0		
rank_no	s-256	(set)	match-compliance	whole-subject	separate artifact	rust_1.13.1_default-caps-simdna	measured	pinned	1	stddev_ns	0.922176	40	1.0000	0	0		
rank_no	s-256	(set)	match-compliance	whole-subject	separate artifact	rust_1.13.1_default-caps-simdna	measured	pinned	1	ratio_vs_baseline	1.000000	40	1.0000	0	0		
rank_no	s-256	(set)	match-compliance	whole-subject	separate artifact	rust_1.13.1_default-caps-simdna	measured	pinned	1	ratio_vs_best	1.000000	40	1.0000	0	0		
baseline_no	s-256	(set)	short-subject-search			rust_1.13.1_default-caps-simdna				baseline_identity	row-best-fallback					rust_1.13.1_default-caps-simdna (row-best fallback -- interp absent from this group)	
rank_no	s-256	(set)	short-subject-search	plain	same program	rust_1.13.1_default-caps-simdna	measured	pinned	1	median_ns	10581.500482	40	1.0000	0	0		
rank_no	s-256	(set)	short-subject-search	plain	same program	rust_1.13.1_default-caps-simdna	measured	pinned	1	min_ns	10561.384497	40	1.0000	0	0		
rank_no	s-256	(set)	short-subject-search	plain	same program	rust_1.13.1_default-caps-simdna	measured	pinned	1	max_ns	10943.447283	40	1.0000	0	0		
rank_no	s-256	(set)	short-subject-search	plain	same program	rust_1.13.1_default-caps-simdna	measured	pinned	1	stddev_ns	146.782395	40	1.0000	0	0		
rank_no	s-256	(set)	short-subject-search	plain	same program	rust_1.13.1_default-caps-simdna	measured	pinned	1	ratio_vs_baseline	1.000000	40	1.0000	0	0		
rank_no	s-256	(set)	short-subject-search	plain	same program	rust_1.13.1_default-caps-simdna	measured	pinned	1	ratio_vs_best	1.000000	40	1.0000	0	0		
baseline_no	s-4096	(set)	large-subject-throughput			rust_1.13.1_default-caps-simdna				baseline_identity	row-best-fallback					rust_1.13.1_default-caps-simdna (row-best fallback -- interp absent from this group)	
rank_no	s-4096	(set)	large-subject-throughput	plain	same program	rust_1.13.1_default-caps-simdna	measured	pinned	1	median_ns	8261255.400000	4	1.0000	0	0		
rank_no	s-4096	(set)	large-subject-throughput	plain	same program	rust_1.13.1_default-caps-simdna	measured	pinned	1	min_ns	8257842.300000	4	1.0000	0	0		
rank_no	s-4096	(set)	large-subject-throughput	plain	same program	rust_1.13.1_default-caps-simdna	measured	pinned	1	max_ns	8268137.875000	4	1.0000	0	0		
rank_no	s-4096	(set)	large-subject-throughput	plain	same program	rust_1.13.1_default-caps-simdna	measured	pinned	1	stddev_ns	3540.751936	4	1.0000	0	0		
rank_no	s-4096	(set)	large-subject-throughput	plain	same program	rust_1.13.1_default-caps-simdna	measured	pinned	1	ratio_vs_baseline	1.000000	4	1.0000	0	0		
rank_no	s-4096	(set)	large-subject-throughput	plain	same program	rust_1.13.1_default-caps-simdna	measured	pinned	1	ratio_vs_best	1.000000	4	1.0000	0	0		
baseline_no	s-4096	(set)	match-compliance			rust_1.13.1_default-caps-simdna				baseline_identity	row-best-fallback					rust_1.13.1_default-caps-simdna (row-best fallback -- interp absent from this group)	
rank_no	s-4096	(set)	match-compliance	whole-subject	separate artifact	rust_1.13.1_default-caps-simdna	measured	pinned	1	median_ns	648.435104	40	1.0000	0	0		
rank_no	s-4096	(set)	match-compliance	whole-subject	separate artifact	rust_1.13.1_default-caps-simdna	measured	pinned	1	min_ns	647.965629	40	1.0000	0	0		
rank_no	s-4096	(set)	match-compliance	whole-subject	separate artifact	rust_1.13.1_default-caps-simdna	measured	pinned	1	max_ns	648.894031	40	1.0000	0	0		
rank_no	s-4096	(set)	match-compliance	whole-subject	separate artifact	rust_1.13.1_default-caps-simdna	measured	pinned	1	stddev_ns	0.293838	40	1.0000	0	0		
rank_no	s-4096	(set)	match-compliance	whole-subject	separate artifact	rust_1.13.1_default-caps-simdna	measured	pinned	1	ratio_vs_baseline	1.000000	40	1.0000	0	0		
rank_no	s-4096	(set)	match-compliance	whole-subject	separate artifact	rust_1.13.1_default-caps-simdna	measured	pinned	1	ratio_vs_best	1.000000	40	1.0000	0	0		
baseline_no	s-4096	(set)	short-subject-search			rust_1.13.1_default-caps-simdna				baseline_identity	row-best-fallback					rust_1.13.1_default-caps-simdna (row-best fallback -- interp absent from this group)	
rank_no	s-4096	(set)	short-subject-search	plain	same program	rust_1.13.1_default-caps-simdna	measured	pinned	1	median_ns	23656.878054	40	1.0000	0	0		
rank_no	s-4096	(set)	short-subject-search	plain	same program	rust_1.13.1_default-caps-simdna	measured	pinned	1	min_ns	23589.361040	40	1.0000	0	0		
rank_no	s-4096	(set)	short-subject-search	plain	same program	rust_1.13.1_default-caps-simdna	measured	pinned	1	max_ns	23812.182851	40	1.0000	0	0		
rank_no	s-4096	(set)	short-subject-search	plain	same program	rust_1.13.1_default-caps-simdna	measured	pinned	1	stddev_ns	85.714469	40	1.0000	0	0		
rank_no	s-4096	(set)	short-subject-search	plain	same program	rust_1.13.1_default-caps-simdna	measured	pinned	1	ratio_vs_baseline	1.000000	40	1.0000	0	0		
rank_no	s-4096	(set)	short-subject-search	plain	same program	rust_1.13.1_default-caps-simdna	measured	pinned	1	ratio_vs_best	1.000000	40	1.0000	0	0		
baseline_no	s-512	(set)	large-subject-throughput			rust_1.13.1_default-caps-simdna				baseline_identity	row-best-fallback					rust_1.13.1_default-caps-simdna (row-best fallback -- interp absent from this group)	
rank_no	s-512	(set)	large-subject-throughput	plain	same program	rust_1.13.1_default-caps-simdna	measured	pinned	1	median_ns	3526350.000000	4	1.0000	0	0		
rank_no	s-512	(set)	large-subject-throughput	plain	same program	rust_1.13.1_default-caps-simdna	measured	pinned	1	min_ns	3503445.307692	4	1.0000	0	0		
rank_no	s-512	(set)	large-subject-throughput	plain	same program	rust_1.13.1_default-caps-simdna	measured	pinned	1	max_ns	3567152.538462	4	1.0000	0	0		
rank_no	s-512	(set)	large-subject-throughput	plain	same program	rust_1.13.1_default-caps-simdna	measured	pinned	1	stddev_ns	20705.159210	4	1.0000	0	0		
rank_no	s-512	(set)	large-subject-throughput	plain	same program	rust_1.13.1_default-caps-simdna	measured	pinned	1	ratio_vs_baseline	1.000000	4	1.0000	0	0		
rank_no	s-512	(set)	large-subject-throughput	plain	same program	rust_1.13.1_default-caps-simdna	measured	pinned	1	ratio_vs_best	1.000000	4	1.0000	0	0		
baseline_no	s-512	(set)	match-compliance			rust_1.13.1_default-caps-simdna				baseline_identity	row-best-fallback					rust_1.13.1_default-caps-simdna (row-best fallback -- interp absent from this group)	
rank_no	s-512	(set)	match-compliance	whole-subject	separate artifact	rust_1.13.1_default-caps-simdna	measured	pinned	1	median_ns	542.661060	40	1.0000	0	0		
rank_no	s-512	(set)	match-compliance	whole-subject	separate artifact	rust_1.13.1_default-caps-simdna	measured	pinned	1	min_ns	542.440397	40	1.0000	0	0		
rank_no	s-512	(set)	match-compliance	whole-subject	separate artifact	rust_1.13.1_default-caps-simdna	measured	pinned	1	max_ns	543.438452	40	1.0000	0	0		
rank_no	s-512	(set)	match-compliance	whole-subject	separate artifact	rust_1.13.1_default-caps-simdna	measured	pinned	1	stddev_ns	0.362044	40	1.0000	0	0		
rank_no	s-512	(set)	match-compliance	whole-subject	separate artifact	rust_1.13.1_default-caps-simdna	measured	pinned	1	ratio_vs_baseline	1.000000	40	1.0000	0	0		
rank_no	s-512	(set)	match-compliance	whole-subject	separate artifact	rust_1.13.1_default-caps-simdna	measured	pinned	1	ratio_vs_best	1.000000	40	1.0000	0	0		
baseline_no	s-512	(set)	short-subject-search			rust_1.13.1_default-caps-simdna				baseline_identity	row-best-fallback					rust_1.13.1_default-caps-simdna (row-best fallback -- interp absent from this group)	
rank_no	s-512	(set)	short-subject-search	plain	same program	rust_1.13.1_default-caps-simdna	measured	pinned	1	median_ns	10582.573018	40	1.0000	0	0		
rank_no	s-512	(set)	short-subject-search	plain	same program	rust_1.13.1_default-caps-simdna	measured	pinned	1	min_ns	10567.622252	40	1.0000	0	0		
rank_no	s-512	(set)	short-subject-search	plain	same program	rust_1.13.1_default-caps-simdna	measured	pinned	1	max_ns	10709.498082	40	1.0000	0	0		
rank_no	s-512	(set)	short-subject-search	plain	same program	rust_1.13.1_default-caps-simdna	measured	pinned	1	stddev_ns	53.051076	40	1.0000	0	0		
rank_no	s-512	(set)	short-subject-search	plain	same program	rust_1.13.1_default-caps-simdna	measured	pinned	1	ratio_vs_baseline	1.000000	40	1.0000	0	0		
rank_no	s-512	(set)	short-subject-search	plain	same program	rust_1.13.1_default-caps-simdna	measured	pinned	1	ratio_vs_best	1.000000	40	1.0000	0	0		
baseline_no	sfx-256	(set)	large-subject-throughput			rust_1.13.1_default-caps-simdna				baseline_identity	row-best-fallback					rust_1.13.1_default-caps-simdna (row-best fallback -- interp absent from this group)	
rank_no	sfx-256	(set)	large-subject-throughput	plain	same program	rust_1.13.1_default-caps-simdna	measured	pinned	1	median_ns	2257277.571429	4	1.0000	0	0		
rank_no	sfx-256	(set)	large-subject-throughput	plain	same program	rust_1.13.1_default-caps-simdna	measured	pinned	1	min_ns	2253412.380952	4	1.0000	0	0		
rank_no	sfx-256	(set)	large-subject-throughput	plain	same program	rust_1.13.1_default-caps-simdna	measured	pinned	1	max_ns	2270886.714286	4	1.0000	0	0		
rank_no	sfx-256	(set)	large-subject-throughput	plain	same program	rust_1.13.1_default-caps-simdna	measured	pinned	1	stddev_ns	6577.236274	4	1.0000	0	0		
rank_no	sfx-256	(set)	large-subject-throughput	plain	same program	rust_1.13.1_default-caps-simdna	measured	pinned	1	ratio_vs_baseline	1.000000	4	1.0000	0	0		
rank_no	sfx-256	(set)	large-subject-throughput	plain	same program	rust_1.13.1_default-caps-simdna	measured	pinned	1	ratio_vs_best	1.000000	4	1.0000	0	0		
baseline_no	sfx-256	(set)	match-compliance			rust_1.13.1_default-caps-simdna				baseline_identity	row-best-fallback					rust_1.13.1_default-caps-simdna (row-best fallback -- interp absent from this group)	
rank_no	sfx-256	(set)	match-compliance	whole-subject	separate artifact	rust_1.13.1_default-caps-simdna	measured	pinned	1	median_ns	545.241049	40	1.0000	0	0		
rank_no	sfx-256	(set)	match-compliance	whole-subject	separate artifact	rust_1.13.1_default-caps-simdna	measured	pinned	1	min_ns	544.264333	40	1.0000	0	0		
rank_no	sfx-256	(set)	match-compliance	whole-subject	separate artifact	rust_1.13.1_default-caps-simdna	measured	pinned	1	max_ns	586.617816	40	1.0000	0	0		
rank_no	sfx-256	(set)	match-compliance	whole-subject	separate artifact	rust_1.13.1_default-caps-simdna	measured	pinned	1	stddev_ns	20.222804	40	1.0000	0	0		
rank_no	sfx-256	(set)	match-compliance	whole-subject	separate artifact	rust_1.13.1_default-caps-simdna	measured	pinned	1	ratio_vs_baseline	1.000000	40	1.0000	0	0		
rank_no	sfx-256	(set)	match-compliance	whole-subject	separate artifact	rust_1.13.1_default-caps-simdna	measured	pinned	1	ratio_vs_best	1.000000	40	1.0000	0	0		
baseline_no	sfx-256	(set)	short-subject-search			rust_1.13.1_default-caps-simdna				baseline_identity	row-best-fallback					rust_1.13.1_default-caps-simdna (row-best fallback -- interp absent from this group)	
rank_no	sfx-256	(set)	short-subject-search	plain	same program	rust_1.13.1_default-caps-simdna	measured	pinned	1	median_ns	10286.048696	40	1.0000	0	0		
rank_no	sfx-256	(set)	short-subject-search	plain	same program	rust_1.13.1_default-caps-simdna	measured	pinned	1	min_ns	10274.379197	40	1.0000	0	0		
rank_no	sfx-256	(set)	short-subject-search	plain	same program	rust_1.13.1_default-caps-simdna	measured	pinned	1	max_ns	10296.239957	40	1.0000	0	0		
rank_no	sfx-256	(set)	short-subject-search	plain	same program	rust_1.13.1_default-caps-simdna	measured	pinned	1	stddev_ns	7.854045	40	1.0000	0	0		
rank_no	sfx-256	(set)	short-subject-search	plain	same program	rust_1.13.1_default-caps-simdna	measured	pinned	1	ratio_vs_baseline	1.000000	40	1.0000	0	0		
rank_no	sfx-256	(set)	short-subject-search	plain	same program	rust_1.13.1_default-caps-simdna	measured	pinned	1	ratio_vs_best	1.000000	40	1.0000	0	0		
baseline_no	sfx-512	(set)	large-subject-throughput			rust_1.13.1_default-caps-simdna				baseline_identity	row-best-fallback					rust_1.13.1_default-caps-simdna (row-best fallback -- interp absent from this group)	
rank_no	sfx-512	(set)	large-subject-throughput	plain	same program	rust_1.13.1_default-caps-simdna	measured	pinned	1	median_ns	3610007.333333	4	1.0000	0	0		
rank_no	sfx-512	(set)	large-subject-throughput	plain	same program	rust_1.13.1_default-caps-simdna	measured	pinned	1	min_ns	3597608.000000	4	1.0000	0	0		
rank_no	sfx-512	(set)	large-subject-throughput	plain	same program	rust_1.13.1_default-caps-simdna	measured	pinned	1	max_ns	3624180.666667	4	1.0000	0	0		
rank_no	sfx-512	(set)	large-subject-throughput	plain	same program	rust_1.13.1_default-caps-simdna	measured	pinned	1	stddev_ns	9010.618483	4	1.0000	0	0		
rank_no	sfx-512	(set)	large-subject-throughput	plain	same program	rust_1.13.1_default-caps-simdna	measured	pinned	1	ratio_vs_baseline	1.000000	4	1.0000	0	0		
rank_no	sfx-512	(set)	large-subject-throughput	plain	same program	rust_1.13.1_default-caps-simdna	measured	pinned	1	ratio_vs_best	1.000000	4	1.0000	0	0		
baseline_no	sfx-512	(set)	match-compliance			rust_1.13.1_default-caps-simdna				baseline_identity	row-best-fallback					rust_1.13.1_default-caps-simdna (row-best fallback -- interp absent from this group)	
rank_no	sfx-512	(set)	match-compliance	whole-subject	separate artifact	rust_1.13.1_default-caps-simdna	measured	pinned	1	median_ns	544.562564	40	1.0000	0	0		
rank_no	sfx-512	(set)	match-compliance	whole-subject	separate artifact	rust_1.13.1_default-caps-simdna	measured	pinned	1	min_ns	544.235555	40	1.0000	0	0		
rank_no	sfx-512	(set)	match-compliance	whole-subject	separate artifact	rust_1.13.1_default-caps-simdna	measured	pinned	1	max_ns	547.901311	40	1.0000	0	0		
rank_no	sfx-512	(set)	match-compliance	whole-subject	separate artifact	rust_1.13.1_default-caps-simdna	measured	pinned	1	stddev_ns	1.366286	40	1.0000	0	0		
rank_no	sfx-512	(set)	match-compliance	whole-subject	separate artifact	rust_1.13.1_default-caps-simdna	measured	pinned	1	ratio_vs_baseline	1.000000	40	1.0000	0	0		
rank_no	sfx-512	(set)	match-compliance	whole-subject	separate artifact	rust_1.13.1_default-caps-simdna	measured	pinned	1	ratio_vs_best	1.000000	40	1.0000	0	0		
baseline_no	sfx-512	(set)	short-subject-search			rust_1.13.1_default-caps-simdna				baseline_identity	row-best-fallback					rust_1.13.1_default-caps-simdna (row-best fallback -- interp absent from this group)	
rank_no	sfx-512	(set)	short-subject-search	plain	same program	rust_1.13.1_default-caps-simdna	measured	pinned	1	median_ns	10286.143026	40	1.0000	0	0		
rank_no	sfx-512	(set)	short-subject-search	plain	same program	rust_1.13.1_default-caps-simdna	measured	pinned	1	min_ns	10280.590956	40	1.0000	0	0		
rank_no	sfx-512	(set)	short-subject-search	plain	same program	rust_1.13.1_default-caps-simdna	measured	pinned	1	max_ns	10401.186411	40	1.0000	0	0		
rank_no	sfx-512	(set)	short-subject-search	plain	same program	rust_1.13.1_default-caps-simdna	measured	pinned	1	stddev_ns	46.029596	40	1.0000	0	0		
rank_no	sfx-512	(set)	short-subject-search	plain	same program	rust_1.13.1_default-caps-simdna	measured	pinned	1	ratio_vs_baseline	1.000000	40	1.0000	0	0		
rank_no	sfx-512	(set)	short-subject-search	plain	same program	rust_1.13.1_default-caps-simdna	measured	pinned	1	ratio_vs_best	1.000000	40	1.0000	0	0		
baseline_no	sfx-64	(set)	large-subject-throughput			rust_1.13.1_default-caps-simdna				baseline_identity	row-best-fallback					rust_1.13.1_default-caps-simdna (row-best fallback -- interp absent from this group)	
rank_no	sfx-64	(set)	large-subject-throughput	plain	same program	rust_1.13.1_default-caps-simdna	measured	pinned	1	median_ns	849092.641732	4	1.0000	0	0		
rank_no	sfx-64	(set)	large-subject-throughput	plain	same program	rust_1.13.1_default-caps-simdna	measured	pinned	1	min_ns	848822.488189	4	1.0000	0	0		
rank_no	sfx-64	(set)	large-subject-throughput	plain	same program	rust_1.13.1_default-caps-simdna	measured	pinned	1	max_ns	850538.161417	4	1.0000	0	0		
rank_no	sfx-64	(set)	large-subject-throughput	plain	same program	rust_1.13.1_default-caps-simdna	measured	pinned	1	stddev_ns	642.934535	4	1.0000	0	0		
rank_no	sfx-64	(set)	large-subject-throughput	plain	same program	rust_1.13.1_default-caps-simdna	measured	pinned	1	ratio_vs_baseline	1.000000	4	1.0000	0	0		
rank_no	sfx-64	(set)	large-subject-throughput	plain	same program	rust_1.13.1_default-caps-simdna	measured	pinned	1	ratio_vs_best	1.000000	4	1.0000	0	0		
baseline_no	sfx-64	(set)	match-compliance			rust_1.13.1_default-caps-simdna				baseline_identity	row-best-fallback					rust_1.13.1_default-caps-simdna (row-best fallback -- interp absent from this group)	
rank_no	sfx-64	(set)	match-compliance	whole-subject	separate artifact	rust_1.13.1_default-caps-simdna	measured	pinned	1	median_ns	542.882753	40	1.0000	0	0		
rank_no	sfx-64	(set)	match-compliance	whole-subject	separate artifact	rust_1.13.1_default-caps-simdna	measured	pinned	1	min_ns	542.829561	40	1.0000	0	0		
rank_no	sfx-64	(set)	match-compliance	whole-subject	separate artifact	rust_1.13.1_default-caps-simdna	measured	pinned	1	max_ns	548.158425	40	1.0000	0	0		
rank_no	sfx-64	(set)	match-compliance	whole-subject	separate artifact	rust_1.13.1_default-caps-simdna	measured	pinned	1	stddev_ns	2.424526	40	1.0000	0	0		
rank_no	sfx-64	(set)	match-compliance	whole-subject	separate artifact	rust_1.13.1_default-caps-simdna	measured	pinned	1	ratio_vs_baseline	1.000000	40	1.0000	0	0		
rank_no	sfx-64	(set)	match-compliance	whole-subject	separate artifact	rust_1.13.1_default-caps-simdna	measured	pinned	1	ratio_vs_best	1.000000	40	1.0000	0	0		
baseline_no	sfx-64	(set)	short-subject-search			rust_1.13.1_default-caps-simdna				baseline_identity	row-best-fallback					rust_1.13.1_default-caps-simdna (row-best fallback -- interp absent from this group)	
rank_no	sfx-64	(set)	short-subject-search	plain	same program	rust_1.13.1_default-caps-simdna	measured	pinned	1	median_ns	5771.084985	40	1.0000	0	0		
rank_no	sfx-64	(set)	short-subject-search	plain	same program	rust_1.13.1_default-caps-simdna	measured	pinned	1	min_ns	5763.365536	40	1.0000	0	0		
rank_no	sfx-64	(set)	short-subject-search	plain	same program	rust_1.13.1_default-caps-simdna	measured	pinned	1	max_ns	5907.532970	40	1.0000	0	0		
rank_no	sfx-64	(set)	short-subject-search	plain	same program	rust_1.13.1_default-caps-simdna	measured	pinned	1	stddev_ns	54.552140	40	1.0000	0	0		
rank_no	sfx-64	(set)	short-subject-search	plain	same program	rust_1.13.1_default-caps-simdna	measured	pinned	1	ratio_vs_baseline	1.000000	40	1.0000	0	0		
rank_no	sfx-64	(set)	short-subject-search	plain	same program	rust_1.13.1_default-caps-simdna	measured	pinned	1	ratio_vs_best	1.000000	40	1.0000	0	0		
baseline_no	sh1-256	(set)	large-subject-throughput			rust_1.13.1_default-caps-simdna				baseline_identity	row-best-fallback					rust_1.13.1_default-caps-simdna (row-best fallback -- interp absent from this group)	
rank_no	sh1-256	(set)	large-subject-throughput	plain	same program	rust_1.13.1_default-caps-simdna	measured	pinned	1	median_ns	1676501.171053	4	1.0000	0	0		
rank_no	sh1-256	(set)	large-subject-throughput	plain	same program	rust_1.13.1_default-caps-simdna	measured	pinned	1	min_ns	1674940.750000	4	1.0000	0	0		
rank_no	sh1-256	(set)	large-subject-throughput	plain	same program	rust_1.13.1_default-caps-simdna	measured	pinned	1	max_ns	1677232.342105	4	1.0000	0	0		
rank_no	sh1-256	(set)	large-subject-throughput	plain	same program	rust_1.13.1_default-caps-simdna	measured	pinned	1	stddev_ns	852.515347	4	1.0000	0	0		
rank_no	sh1-256	(set)	large-subject-throughput	plain	same program	rust_1.13.1_default-caps-simdna	measured	pinned	1	ratio_vs_baseline	1.000000	4	1.0000	0	0		
rank_no	sh1-256	(set)	large-subject-throughput	plain	same program	rust_1.13.1_default-caps-simdna	measured	pinned	1	ratio_vs_best	1.000000	4	1.0000	0	0		
baseline_no	sh1-256	(set)	match-compliance			rust_1.13.1_default-caps-simdna				baseline_identity	row-best-fallback					rust_1.13.1_default-caps-simdna (row-best fallback -- interp absent from this group)	
rank_no	sh1-256	(set)	match-compliance	whole-subject	separate artifact	rust_1.13.1_default-caps-simdna	measured	pinned	1	median_ns	611.034657	40	1.0000	0	0		
rank_no	sh1-256	(set)	match-compliance	whole-subject	separate artifact	rust_1.13.1_default-caps-simdna	measured	pinned	1	min_ns	609.416047	40	1.0000	0	0		
rank_no	sh1-256	(set)	match-compliance	whole-subject	separate artifact	rust_1.13.1_default-caps-simdna	measured	pinned	1	max_ns	651.112425	40	1.0000	0	0		
rank_no	sh1-256	(set)	match-compliance	whole-subject	separate artifact	rust_1.13.1_default-caps-simdna	measured	pinned	1	stddev_ns	16.257455	40	1.0000	0	0		
rank_no	sh1-256	(set)	match-compliance	whole-subject	separate artifact	rust_1.13.1_default-caps-simdna	measured	pinned	1	ratio_vs_baseline	1.000000	40	1.0000	0	0		
rank_no	sh1-256	(set)	match-compliance	whole-subject	separate artifact	rust_1.13.1_default-caps-simdna	measured	pinned	1	ratio_vs_best	1.000000	40	1.0000	0	0		
baseline_no	sh1-256	(set)	short-subject-search			rust_1.13.1_default-caps-simdna				baseline_identity	row-best-fallback					rust_1.13.1_default-caps-simdna (row-best fallback -- interp absent from this group)	
rank_no	sh1-256	(set)	short-subject-search	plain	same program	rust_1.13.1_default-caps-simdna	measured	pinned	1	median_ns	10284.914622	40	1.0000	0	0		
rank_no	sh1-256	(set)	short-subject-search	plain	same program	rust_1.13.1_default-caps-simdna	measured	pinned	1	min_ns	10280.758794	40	1.0000	0	0		
rank_no	sh1-256	(set)	short-subject-search	plain	same program	rust_1.13.1_default-caps-simdna	measured	pinned	1	max_ns	10294.660120	40	1.0000	0	0		
rank_no	sh1-256	(set)	short-subject-search	plain	same program	rust_1.13.1_default-caps-simdna	measured	pinned	1	stddev_ns	5.065719	40	1.0000	0	0		
rank_no	sh1-256	(set)	short-subject-search	plain	same program	rust_1.13.1_default-caps-simdna	measured	pinned	1	ratio_vs_baseline	1.000000	40	1.0000	0	0		
rank_no	sh1-256	(set)	short-subject-search	plain	same program	rust_1.13.1_default-caps-simdna	measured	pinned	1	ratio_vs_best	1.000000	40	1.0000	0	0		
baseline_no	sh1-512	(set)	large-subject-throughput			rust_1.13.1_default-caps-simdna				baseline_identity	row-best-fallback					rust_1.13.1_default-caps-simdna (row-best fallback -- interp absent from this group)	
rank_no	sh1-512	(set)	large-subject-throughput	plain	same program	rust_1.13.1_default-caps-simdna	measured	pinned	1	median_ns	1722676.830508	4	1.0000	0	0		
rank_no	sh1-512	(set)	large-subject-throughput	plain	same program	rust_1.13.1_default-caps-simdna	measured	pinned	1	min_ns	1722281.932203	4	1.0000	0	0		
rank_no	sh1-512	(set)	large-subject-throughput	plain	same program	rust_1.13.1_default-caps-simdna	measured	pinned	1	max_ns	1725079.237288	4	1.0000	0	0		
rank_no	sh1-512	(set)	large-subject-throughput	plain	same program	rust_1.13.1_default-caps-simdna	measured	pinned	1	stddev_ns	1104.565257	4	1.0000	0	0		
rank_no	sh1-512	(set)	large-subject-throughput	plain	same program	rust_1.13.1_default-caps-simdna	measured	pinned	1	ratio_vs_baseline	1.000000	4	1.0000	0	0		
rank_no	sh1-512	(set)	large-subject-throughput	plain	same program	rust_1.13.1_default-caps-simdna	measured	pinned	1	ratio_vs_best	1.000000	4	1.0000	0	0		
baseline_no	sh1-512	(set)	match-compliance			rust_1.13.1_default-caps-simdna				baseline_identity	row-best-fallback					rust_1.13.1_default-caps-simdna (row-best fallback -- interp absent from this group)	
rank_no	sh1-512	(set)	match-compliance	whole-subject	separate artifact	rust_1.13.1_default-caps-simdna	measured	pinned	1	median_ns	613.936796	40	1.0000	0	0		
rank_no	sh1-512	(set)	match-compliance	whole-subject	separate artifact	rust_1.13.1_default-caps-simdna	measured	pinned	1	min_ns	612.033008	40	1.0000	0	0		
rank_no	sh1-512	(set)	match-compliance	whole-subject	separate artifact	rust_1.13.1_default-caps-simdna	measured	pinned	1	max_ns	654.647962	40	1.0000	0	0		
rank_no	sh1-512	(set)	match-compliance	whole-subject	separate artifact	rust_1.13.1_default-caps-simdna	measured	pinned	1	stddev_ns	18.662561	40	1.0000	0	0		
rank_no	sh1-512	(set)	match-compliance	whole-subject	separate artifact	rust_1.13.1_default-caps-simdna	measured	pinned	1	ratio_vs_baseline	1.000000	40	1.0000	0	0		
rank_no	sh1-512	(set)	match-compliance	whole-subject	separate artifact	rust_1.13.1_default-caps-simdna	measured	pinned	1	ratio_vs_best	1.000000	40	1.0000	0	0		
baseline_no	sh1-512	(set)	short-subject-search			rust_1.13.1_default-caps-simdna				baseline_identity	row-best-fallback					rust_1.13.1_default-caps-simdna (row-best fallback -- interp absent from this group)	
rank_no	sh1-512	(set)	short-subject-search	plain	same program	rust_1.13.1_default-caps-simdna	measured	pinned	1	median_ns	10292.316606	40	1.0000	0	0		
rank_no	sh1-512	(set)	short-subject-search	plain	same program	rust_1.13.1_default-caps-simdna	measured	pinned	1	min_ns	10283.238832	40	1.0000	0	0		
rank_no	sh1-512	(set)	short-subject-search	plain	same program	rust_1.13.1_default-caps-simdna	measured	pinned	1	max_ns	10335.755182	40	1.0000	0	0		
rank_no	sh1-512	(set)	short-subject-search	plain	same program	rust_1.13.1_default-caps-simdna	measured	pinned	1	stddev_ns	18.727778	40	1.0000	0	0		
rank_no	sh1-512	(set)	short-subject-search	plain	same program	rust_1.13.1_default-caps-simdna	measured	pinned	1	ratio_vs_baseline	1.000000	40	1.0000	0	0		
rank_no	sh1-512	(set)	short-subject-search	plain	same program	rust_1.13.1_default-caps-simdna	measured	pinned	1	ratio_vs_best	1.000000	40	1.0000	0	0		
baseline_no	sh1-64	(set)	large-subject-throughput			rust_1.13.1_default-caps-simdna				baseline_identity	row-best-fallback					rust_1.13.1_default-caps-simdna (row-best fallback -- interp absent from this group)	
rank_no	sh1-64	(set)	large-subject-throughput	plain	same program	rust_1.13.1_default-caps-simdna	measured	pinned	1	median_ns	755843.769737	4	1.0000	0	0		
rank_no	sh1-64	(set)	large-subject-throughput	plain	same program	rust_1.13.1_default-caps-simdna	measured	pinned	1	min_ns	735503.736842	4	1.0000	0	0		
rank_no	sh1-64	(set)	large-subject-throughput	plain	same program	rust_1.13.1_default-caps-simdna	measured	pinned	1	max_ns	756447.052632	4	1.0000	0	0		
rank_no	sh1-64	(set)	large-subject-throughput	plain	same program	rust_1.13.1_default-caps-simdna	measured	pinned	1	stddev_ns	8120.727220	4	1.0000	0	0		
rank_no	sh1-64	(set)	large-subject-throughput	plain	same program	rust_1.13.1_default-caps-simdna	measured	pinned	1	ratio_vs_baseline	1.000000	4	1.0000	0	0		
rank_no	sh1-64	(set)	large-subject-throughput	plain	same program	rust_1.13.1_default-caps-simdna	measured	pinned	1	ratio_vs_best	1.000000	4	1.0000	0	0		
baseline_no	sh1-64	(set)	match-compliance			rust_1.13.1_default-caps-simdna				baseline_identity	row-best-fallback					rust_1.13.1_default-caps-simdna (row-best fallback -- interp absent from this group)	
rank_no	sh1-64	(set)	match-compliance	whole-subject	separate artifact	rust_1.13.1_default-caps-simdna	measured	pinned	1	median_ns	612.485840	40	1.0000	0	0		
rank_no	sh1-64	(set)	match-compliance	whole-subject	separate artifact	rust_1.13.1_default-caps-simdna	measured	pinned	1	min_ns	610.205988	40	1.0000	0	0		
rank_no	sh1-64	(set)	match-compliance	whole-subject	separate artifact	rust_1.13.1_default-caps-simdna	measured	pinned	1	max_ns	654.875662	40	1.0000	0	0		
rank_no	sh1-64	(set)	match-compliance	whole-subject	separate artifact	rust_1.13.1_default-caps-simdna	measured	pinned	1	stddev_ns	17.354587	40	1.0000	0	0		
rank_no	sh1-64	(set)	match-compliance	whole-subject	separate artifact	rust_1.13.1_default-caps-simdna	measured	pinned	1	ratio_vs_baseline	1.000000	40	1.0000	0	0		
rank_no	sh1-64	(set)	match-compliance	whole-subject	separate artifact	rust_1.13.1_default-caps-simdna	measured	pinned	1	ratio_vs_best	1.000000	40	1.0000	0	0		
baseline_no	sh1-64	(set)	short-subject-search			rust_1.13.1_default-caps-simdna				baseline_identity	row-best-fallback					rust_1.13.1_default-caps-simdna (row-best fallback -- interp absent from this group)	
rank_no	sh1-64	(set)	short-subject-search	plain	same program	rust_1.13.1_default-caps-simdna	measured	pinned	1	median_ns	4637.220422	40	1.0000	0	0		
rank_no	sh1-64	(set)	short-subject-search	plain	same program	rust_1.13.1_default-caps-simdna	measured	pinned	1	min_ns	4612.196980	40	1.0000	0	0		
rank_no	sh1-64	(set)	short-subject-search	plain	same program	rust_1.13.1_default-caps-simdna	measured	pinned	1	max_ns	4654.654212	40	1.0000	0	0		
rank_no	sh1-64	(set)	short-subject-search	plain	same program	rust_1.13.1_default-caps-simdna	measured	pinned	1	stddev_ns	15.454331	40	1.0000	0	0		
rank_no	sh1-64	(set)	short-subject-search	plain	same program	rust_1.13.1_default-caps-simdna	measured	pinned	1	ratio_vs_baseline	1.000000	40	1.0000	0	0		
rank_no	sh1-64	(set)	short-subject-search	plain	same program	rust_1.13.1_default-caps-simdna	measured	pinned	1	ratio_vs_best	1.000000	40	1.0000	0	0		
baseline_no	srt-256	(set)	large-subject-throughput			rust_1.13.1_default-caps-simdna				baseline_identity	row-best-fallback					rust_1.13.1_default-caps-simdna (row-best fallback -- interp absent from this group)	
rank_no	srt-256	(set)	large-subject-throughput	plain	same program	rust_1.13.1_default-caps-simdna	measured	pinned	1	median_ns	2269539.952381	4	1.0000	0	0		
rank_no	srt-256	(set)	large-subject-throughput	plain	same program	rust_1.13.1_default-caps-simdna	measured	pinned	1	min_ns	2256525.619048	4	1.0000	0	0		
rank_no	srt-256	(set)	large-subject-throughput	plain	same program	rust_1.13.1_default-caps-simdna	measured	pinned	1	max_ns	2281396.761905	4	1.0000	0	0		
rank_no	srt-256	(set)	large-subject-throughput	plain	same program	rust_1.13.1_default-caps-simdna	measured	pinned	1	stddev_ns	8134.978200	4	1.0000	0	0		
rank_no	srt-256	(set)	large-subject-throughput	plain	same program	rust_1.13.1_default-caps-simdna	measured	pinned	1	ratio_vs_baseline	1.000000	4	1.0000	0	0		
rank_no	srt-256	(set)	large-subject-throughput	plain	same program	rust_1.13.1_default-caps-simdna	measured	pinned	1	ratio_vs_best	1.000000	4	1.0000	0	0		
baseline_no	srt-256	(set)	match-compliance			rust_1.13.1_default-caps-simdna				baseline_identity	row-best-fallback					rust_1.13.1_default-caps-simdna (row-best fallback -- interp absent from this group)	
rank_no	srt-256	(set)	match-compliance	whole-subject	separate artifact	rust_1.13.1_default-caps-simdna	measured	pinned	1	median_ns	900.657996	40	1.0000	0	0		
rank_no	srt-256	(set)	match-compliance	whole-subject	separate artifact	rust_1.13.1_default-caps-simdna	measured	pinned	1	min_ns	900.305900	40	1.0000	0	0		
rank_no	srt-256	(set)	match-compliance	whole-subject	separate artifact	rust_1.13.1_default-caps-simdna	measured	pinned	1	max_ns	902.167444	40	1.0000	0	0		
rank_no	srt-256	(set)	match-compliance	whole-subject	separate artifact	rust_1.13.1_default-caps-simdna	measured	pinned	1	stddev_ns	0.668210	40	1.0000	0	0		
rank_no	srt-256	(set)	match-compliance	whole-subject	separate artifact	rust_1.13.1_default-caps-simdna	measured	pinned	1	ratio_vs_baseline	1.000000	40	1.0000	0	0		
rank_no	srt-256	(set)	match-compliance	whole-subject	separate artifact	rust_1.13.1_default-caps-simdna	measured	pinned	1	ratio_vs_best	1.000000	40	1.0000	0	0		
baseline_no	srt-256	(set)	short-subject-search			rust_1.13.1_default-caps-simdna				baseline_identity	row-best-fallback					rust_1.13.1_default-caps-simdna (row-best fallback -- interp absent from this group)	
rank_no	srt-256	(set)	short-subject-search	plain	same program	rust_1.13.1_default-caps-simdna	measured	pinned	1	median_ns	11967.325991	40	1.0000	0	0		
rank_no	srt-256	(set)	short-subject-search	plain	same program	rust_1.13.1_default-caps-simdna	measured	pinned	1	min_ns	11935.077848	40	1.0000	0	0		
rank_no	srt-256	(set)	short-subject-search	plain	same program	rust_1.13.1_default-caps-simdna	measured	pinned	1	max_ns	12123.963652	40	1.0000	0	0		
rank_no	srt-256	(set)	short-subject-search	plain	same program	rust_1.13.1_default-caps-simdna	measured	pinned	1	stddev_ns	69.617747	40	1.0000	0	0		
rank_no	srt-256	(set)	short-subject-search	plain	same program	rust_1.13.1_default-caps-simdna	measured	pinned	1	ratio_vs_baseline	1.000000	40	1.0000	0	0		
rank_no	srt-256	(set)	short-subject-search	plain	same program	rust_1.13.1_default-caps-simdna	measured	pinned	1	ratio_vs_best	1.000000	40	1.0000	0	0		
baseline_no	srt-512	(set)	large-subject-throughput			rust_1.13.1_default-caps-simdna				baseline_identity	row-best-fallback					rust_1.13.1_default-caps-simdna (row-best fallback -- interp absent from this group)	
rank_no	srt-512	(set)	large-subject-throughput	plain	same program	rust_1.13.1_default-caps-simdna	measured	pinned	1	median_ns	3525817.615385	4	1.0000	0	0		
rank_no	srt-512	(set)	large-subject-throughput	plain	same program	rust_1.13.1_default-caps-simdna	measured	pinned	1	min_ns	3508701.384615	4	1.0000	0	0		
rank_no	srt-512	(set)	large-subject-throughput	plain	same program	rust_1.13.1_default-caps-simdna	measured	pinned	1	max_ns	3527257.538462	4	1.0000	0	0		
rank_no	srt-512	(set)	large-subject-throughput	plain	same program	rust_1.13.1_default-caps-simdna	measured	pinned	1	stddev_ns	7007.067989	4	1.0000	0	0		
rank_no	srt-512	(set)	large-subject-throughput	plain	same program	rust_1.13.1_default-caps-simdna	measured	pinned	1	ratio_vs_baseline	1.000000	4	1.0000	0	0		
rank_no	srt-512	(set)	large-subject-throughput	plain	same program	rust_1.13.1_default-caps-simdna	measured	pinned	1	ratio_vs_best	1.000000	4	1.0000	0	0		
baseline_no	srt-512	(set)	match-compliance			rust_1.13.1_default-caps-simdna				baseline_identity	row-best-fallback					rust_1.13.1_default-caps-simdna (row-best fallback -- interp absent from this group)	
rank_no	srt-512	(set)	match-compliance	whole-subject	separate artifact	rust_1.13.1_default-caps-simdna	measured	pinned	1	median_ns	1014.332029	40	1.0000	0	0		
rank_no	srt-512	(set)	match-compliance	whole-subject	separate artifact	rust_1.13.1_default-caps-simdna	measured	pinned	1	min_ns	1013.328574	40	1.0000	0	0		
rank_no	srt-512	(set)	match-compliance	whole-subject	separate artifact	rust_1.13.1_default-caps-simdna	measured	pinned	1	max_ns	1014.786768	40	1.0000	0	0		
rank_no	srt-512	(set)	match-compliance	whole-subject	separate artifact	rust_1.13.1_default-caps-simdna	measured	pinned	1	stddev_ns	0.548804	40	1.0000	0	0		
rank_no	srt-512	(set)	match-compliance	whole-subject	separate artifact	rust_1.13.1_default-caps-simdna	measured	pinned	1	ratio_vs_baseline	1.000000	40	1.0000	0	0		
rank_no	srt-512	(set)	match-compliance	whole-subject	separate artifact	rust_1.13.1_default-caps-simdna	measured	pinned	1	ratio_vs_best	1.000000	40	1.0000	0	0		
baseline_no	srt-512	(set)	short-subject-search			rust_1.13.1_default-caps-simdna				baseline_identity	row-best-fallback					rust_1.13.1_default-caps-simdna (row-best fallback -- interp absent from this group)	
rank_no	srt-512	(set)	short-subject-search	plain	same program	rust_1.13.1_default-caps-simdna	measured	pinned	1	median_ns	12628.897213	40	1.0000	0	0		
rank_no	srt-512	(set)	short-subject-search	plain	same program	rust_1.13.1_default-caps-simdna	measured	pinned	1	min_ns	12625.172434	40	1.0000	0	0		
rank_no	srt-512	(set)	short-subject-search	plain	same program	rust_1.13.1_default-caps-simdna	measured	pinned	1	max_ns	12714.450621	40	1.0000	0	0		
rank_no	srt-512	(set)	short-subject-search	plain	same program	rust_1.13.1_default-caps-simdna	measured	pinned	1	stddev_ns	34.536947	40	1.0000	0	0		
rank_no	srt-512	(set)	short-subject-search	plain	same program	rust_1.13.1_default-caps-simdna	measured	pinned	1	ratio_vs_baseline	1.000000	40	1.0000	0	0		
rank_no	srt-512	(set)	short-subject-search	plain	same program	rust_1.13.1_default-caps-simdna	measured	pinned	1	ratio_vs_best	1.000000	40	1.0000	0	0		
baseline_no	w-1024	(set)	large-subject-throughput			rust_1.13.1_default-caps-simdna				baseline_identity	row-best-fallback					rust_1.13.1_default-caps-simdna (row-best fallback -- interp absent from this group)	
rank_no	w-1024	(set)	large-subject-throughput	plain	same program	rust_1.13.1_default-caps-simdna	measured	pinned	1	median_ns	6116305.750000	4	1.0000	0	0		
rank_no	w-1024	(set)	large-subject-throughput	plain	same program	rust_1.13.1_default-caps-simdna	measured	pinned	1	min_ns	6104397.000000	4	1.0000	0	0		
rank_no	w-1024	(set)	large-subject-throughput	plain	same program	rust_1.13.1_default-caps-simdna	measured	pinned	1	max_ns	6149223.375000	4	1.0000	0	0		
rank_no	w-1024	(set)	large-subject-throughput	plain	same program	rust_1.13.1_default-caps-simdna	measured	pinned	1	stddev_ns	18015.388773	4	1.0000	0	0		
rank_no	w-1024	(set)	large-subject-throughput	plain	same program	rust_1.13.1_default-caps-simdna	measured	pinned	1	ratio_vs_baseline	1.000000	4	1.0000	0	0		
rank_no	w-1024	(set)	large-subject-throughput	plain	same program	rust_1.13.1_default-caps-simdna	measured	pinned	1	ratio_vs_best	1.000000	4	1.0000	0	0		
baseline_no	w-1024	(set)	match-compliance			rust_1.13.1_default-caps-simdna				baseline_identity	row-best-fallback					rust_1.13.1_default-caps-simdna (row-best fallback -- interp absent from this group)	
rank_no	w-1024	(set)	match-compliance	whole-subject	separate artifact	rust_1.13.1_default-caps-simdna	measured	pinned	1	median_ns	1016.401096	40	1.0000	0	0		
rank_no	w-1024	(set)	match-compliance	whole-subject	separate artifact	rust_1.13.1_default-caps-simdna	measured	pinned	1	min_ns	1015.441780	40	1.0000	0	0		
rank_no	w-1024	(set)	match-compliance	whole-subject	separate artifact	rust_1.13.1_default-caps-simdna	measured	pinned	1	max_ns	1037.949177	40	1.0000	0	0		
rank_no	w-1024	(set)	match-compliance	whole-subject	separate artifact	rust_1.13.1_default-caps-simdna	measured	pinned	1	stddev_ns	8.544109	40	1.0000	0	0		
rank_no	w-1024	(set)	match-compliance	whole-subject	separate artifact	rust_1.13.1_default-caps-simdna	measured	pinned	1	ratio_vs_baseline	1.000000	40	1.0000	0	0		
rank_no	w-1024	(set)	match-compliance	whole-subject	separate artifact	rust_1.13.1_default-caps-simdna	measured	pinned	1	ratio_vs_best	1.000000	40	1.0000	0	0		
baseline_no	w-1024	(set)	short-subject-search			rust_1.13.1_default-caps-simdna				baseline_identity	row-best-fallback					rust_1.13.1_default-caps-simdna (row-best fallback -- interp absent from this group)	
rank_no	w-1024	(set)	short-subject-search	plain	same program	rust_1.13.1_default-caps-simdna	measured	pinned	1	median_ns	12427.563737	40	1.0000	0	0		
rank_no	w-1024	(set)	short-subject-search	plain	same program	rust_1.13.1_default-caps-simdna	measured	pinned	1	min_ns	12404.314856	40	1.0000	0	0		
rank_no	w-1024	(set)	short-subject-search	plain	same program	rust_1.13.1_default-caps-simdna	measured	pinned	1	max_ns	12569.874622	40	1.0000	0	0		
rank_no	w-1024	(set)	short-subject-search	plain	same program	rust_1.13.1_default-caps-simdna	measured	pinned	1	stddev_ns	59.660482	40	1.0000	0	0		
rank_no	w-1024	(set)	short-subject-search	plain	same program	rust_1.13.1_default-caps-simdna	measured	pinned	1	ratio_vs_baseline	1.000000	40	1.0000	0	0		
rank_no	w-1024	(set)	short-subject-search	plain	same program	rust_1.13.1_default-caps-simdna	measured	pinned	1	ratio_vs_best	1.000000	40	1.0000	0	0		
baseline_no	w-128	(set)	large-subject-throughput			rust_1.13.1_default-caps-simdna				baseline_identity	row-best-fallback					rust_1.13.1_default-caps-simdna (row-best fallback -- interp absent from this group)	
rank_no	w-128	(set)	large-subject-throughput	plain	same program	rust_1.13.1_default-caps-simdna	measured	pinned	1	median_ns	1799906.112903	4	1.0000	0	0		
rank_no	w-128	(set)	large-subject-throughput	plain	same program	rust_1.13.1_default-caps-simdna	measured	pinned	1	min_ns	1799027.935484	4	1.0000	0	0		
rank_no	w-128	(set)	large-subject-throughput	plain	same program	rust_1.13.1_default-caps-simdna	measured	pinned	1	max_ns	1800949.887097	4	1.0000	0	0		
rank_no	w-128	(set)	large-subject-throughput	plain	same program	rust_1.13.1_default-caps-simdna	measured	pinned	1	stddev_ns	610.352361	4	1.0000	0	0		
rank_no	w-128	(set)	large-subject-throughput	plain	same program	rust_1.13.1_default-caps-simdna	measured	pinned	1	ratio_vs_baseline	1.000000	4	1.0000	0	0		
rank_no	w-128	(set)	large-subject-throughput	plain	same program	rust_1.13.1_default-caps-simdna	measured	pinned	1	ratio_vs_best	1.000000	4	1.0000	0	0		
baseline_no	w-128	(set)	match-compliance			rust_1.13.1_default-caps-simdna				baseline_identity	row-best-fallback					rust_1.13.1_default-caps-simdna (row-best fallback -- interp absent from this group)	
rank_no	w-128	(set)	match-compliance	whole-subject	separate artifact	rust_1.13.1_default-caps-simdna	measured	pinned	1	median_ns	781.488922	40	1.0000	0	0		
rank_no	w-128	(set)	match-compliance	whole-subject	separate artifact	rust_1.13.1_default-caps-simdna	measured	pinned	1	min_ns	780.154806	40	1.0000	0	0		
rank_no	w-128	(set)	match-compliance	whole-subject	separate artifact	rust_1.13.1_default-caps-simdna	measured	pinned	1	max_ns	814.729667	40	1.0000	0	0		
rank_no	w-128	(set)	match-compliance	whole-subject	separate artifact	rust_1.13.1_default-caps-simdna	measured	pinned	1	stddev_ns	13.472843	40	1.0000	0	0		
rank_no	w-128	(set)	match-compliance	whole-subject	separate artifact	rust_1.13.1_default-caps-simdna	measured	pinned	1	ratio_vs_baseline	1.000000	40	1.0000	0	0		
rank_no	w-128	(set)	match-compliance	whole-subject	separate artifact	rust_1.13.1_default-caps-simdna	measured	pinned	1	ratio_vs_best	1.000000	40	1.0000	0	0		
baseline_no	w-128	(set)	short-subject-search			rust_1.13.1_default-caps-simdna				baseline_identity	row-best-fallback					rust_1.13.1_default-caps-simdna (row-best fallback -- interp absent from this group)	
rank_no	w-128	(set)	short-subject-search	plain	same program	rust_1.13.1_default-caps-simdna	measured	pinned	1	median_ns	11324.425803	40	1.0000	0	0		
rank_no	w-128	(set)	short-subject-search	plain	same program	rust_1.13.1_default-caps-simdna	measured	pinned	1	min_ns	11307.374806	40	1.0000	0	0		
rank_no	w-128	(set)	short-subject-search	plain	same program	rust_1.13.1_default-caps-simdna	measured	pinned	1	max_ns	11336.672574	40	1.0000	0	0		
rank_no	w-128	(set)	short-subject-search	plain	same program	rust_1.13.1_default-caps-simdna	measured	pinned	1	stddev_ns	9.586694	40	1.0000	0	0		
rank_no	w-128	(set)	short-subject-search	plain	same program	rust_1.13.1_default-caps-simdna	measured	pinned	1	ratio_vs_baseline	1.000000	40	1.0000	0	0		
rank_no	w-128	(set)	short-subject-search	plain	same program	rust_1.13.1_default-caps-simdna	measured	pinned	1	ratio_vs_best	1.000000	40	1.0000	0	0		
baseline_no	w-192	(set)	large-subject-throughput			rust_1.13.1_default-caps-simdna				baseline_identity	row-best-fallback					rust_1.13.1_default-caps-simdna (row-best fallback -- interp absent from this group)	
rank_no	w-192	(set)	large-subject-throughput	plain	same program	rust_1.13.1_default-caps-simdna	measured	pinned	1	median_ns	1983246.239264	4	1.0000	0	0		
rank_no	w-192	(set)	large-subject-throughput	plain	same program	rust_1.13.1_default-caps-simdna	measured	pinned	1	min_ns	1982017.779141	4	1.0000	0	0		
rank_no	w-192	(set)	large-subject-throughput	plain	same program	rust_1.13.1_default-caps-simdna	measured	pinned	1	max_ns	1987926.380368	4	1.0000	0	0		
rank_no	w-192	(set)	large-subject-throughput	plain	same program	rust_1.13.1_default-caps-simdna	measured	pinned	1	stddev_ns	2157.605102	4	1.0000	0	0		
rank_no	w-192	(set)	large-subject-throughput	plain	same program	rust_1.13.1_default-caps-simdna	measured	pinned	1	ratio_vs_baseline	1.000000	4	1.0000	0	0		
rank_no	w-192	(set)	large-subject-throughput	plain	same program	rust_1.13.1_default-caps-simdna	measured	pinned	1	ratio_vs_best	1.000000	4	1.0000	0	0		
baseline_no	w-192	(set)	match-compliance			rust_1.13.1_default-caps-simdna				baseline_identity	row-best-fallback					rust_1.13.1_default-caps-simdna (row-best fallback -- interp absent from this group)	
rank_no	w-192	(set)	match-compliance	whole-subject	separate artifact	rust_1.13.1_default-caps-simdna	measured	pinned	1	median_ns	781.550263	40	1.0000	0	0		
rank_no	w-192	(set)	match-compliance	whole-subject	separate artifact	rust_1.13.1_default-caps-simdna	measured	pinned	1	min_ns	780.653761	40	1.0000	0	0		
rank_no	w-192	(set)	match-compliance	whole-subject	separate artifact	rust_1.13.1_default-caps-simdna	measured	pinned	1	max_ns	811.474355	40	1.0000	0	0		
rank_no	w-192	(set)	match-compliance	whole-subject	separate artifact	rust_1.13.1_default-caps-simdna	measured	pinned	1	stddev_ns	14.700868	40	1.0000	0	0		
rank_no	w-192	(set)	match-compliance	whole-subject	separate artifact	rust_1.13.1_default-caps-simdna	measured	pinned	1	ratio_vs_baseline	1.000000	40	1.0000	0	0		
rank_no	w-192	(set)	match-compliance	whole-subject	separate artifact	rust_1.13.1_default-caps-simdna	measured	pinned	1	ratio_vs_best	1.000000	40	1.0000	0	0		
baseline_no	w-192	(set)	short-subject-search			rust_1.13.1_default-caps-simdna				baseline_identity	row-best-fallback					rust_1.13.1_default-caps-simdna (row-best fallback -- interp absent from this group)	
rank_no	w-192	(set)	short-subject-search	plain	same program	rust_1.13.1_default-caps-simdna	measured	pinned	1	median_ns	11402.542317	40	1.0000	0	0		
rank_no	w-192	(set)	short-subject-search	plain	same program	rust_1.13.1_default-caps-simdna	measured	pinned	1	min_ns	11390.045126	40	1.0000	0	0		
rank_no	w-192	(set)	short-subject-search	plain	same program	rust_1.13.1_default-caps-simdna	measured	pinned	1	max_ns	11431.210862	40	1.0000	0	0		
rank_no	w-192	(set)	short-subject-search	plain	same program	rust_1.13.1_default-caps-simdna	measured	pinned	1	stddev_ns	13.642720	40	1.0000	0	0		
rank_no	w-192	(set)	short-subject-search	plain	same program	rust_1.13.1_default-caps-simdna	measured	pinned	1	ratio_vs_baseline	1.000000	40	1.0000	0	0		
rank_no	w-192	(set)	short-subject-search	plain	same program	rust_1.13.1_default-caps-simdna	measured	pinned	1	ratio_vs_best	1.000000	40	1.0000	0	0		
baseline_no	w-2048	(set)	large-subject-throughput			rust_1.13.1_default-caps-simdna				baseline_identity	row-best-fallback					rust_1.13.1_default-caps-simdna (row-best fallback -- interp absent from this group)	
rank_no	w-2048	(set)	large-subject-throughput	plain	same program	rust_1.13.1_default-caps-simdna	measured	pinned	1	median_ns	10062631.000000	4	1.0000	0	0		
rank_no	w-2048	(set)	large-subject-throughput	plain	same program	rust_1.13.1_default-caps-simdna	measured	pinned	1	min_ns	10046424.500000	4	1.0000	0	0		
rank_no	w-2048	(set)	large-subject-throughput	plain	same program	rust_1.13.1_default-caps-simdna	measured	pinned	1	max_ns	10064586.333333	4	1.0000	0	0		
rank_no	w-2048	(set)	large-subject-throughput	plain	same program	rust_1.13.1_default-caps-simdna	measured	pinned	1	stddev_ns	7869.147032	4	1.0000	0	0		
rank_no	w-2048	(set)	large-subject-throughput	plain	same program	rust_1.13.1_default-caps-simdna	measured	pinned	1	ratio_vs_baseline	1.000000	4	1.0000	0	0		
rank_no	w-2048	(set)	large-subject-throughput	plain	same program	rust_1.13.1_default-caps-simdna	measured	pinned	1	ratio_vs_best	1.000000	4	1.0000	0	0		
baseline_no	w-2048	(set)	match-compliance			rust_1.13.1_default-caps-simdna				baseline_identity	row-best-fallback					rust_1.13.1_default-caps-simdna (row-best fallback -- interp absent from this group)	
rank_no	w-2048	(set)	match-compliance	whole-subject	separate artifact	rust_1.13.1_default-caps-simdna	measured	pinned	1	median_ns	1147.163587	40	1.0000	0	0		
rank_no	w-2048	(set)	match-compliance	whole-subject	separate artifact	rust_1.13.1_default-caps-simdna	measured	pinned	1	min_ns	1133.447137	40	1.0000	0	0		
rank_no	w-2048	(set)	match-compliance	whole-subject	separate artifact	rust_1.13.1_default-caps-simdna	measured	pinned	1	max_ns	1155.780298	40	1.0000	0	0		
rank_no	w-2048	(set)	match-compliance	whole-subject	separate artifact	rust_1.13.1_default-caps-simdna	measured	pinned	1	stddev_ns	9.462539	40	1.0000	0	0		
rank_no	w-2048	(set)	match-compliance	whole-subject	separate artifact	rust_1.13.1_default-caps-simdna	measured	pinned	1	ratio_vs_baseline	1.000000	40	1.0000	0	0		
rank_no	w-2048	(set)	match-compliance	whole-subject	separate artifact	rust_1.13.1_default-caps-simdna	measured	pinned	1	ratio_vs_best	1.000000	40	1.0000	0	0		
baseline_no	w-2048	(set)	short-subject-search			rust_1.13.1_default-caps-simdna				baseline_identity	row-best-fallback					rust_1.13.1_default-caps-simdna (row-best fallback -- interp absent from this group)	
rank_no	w-2048	(set)	short-subject-search	plain	same program	rust_1.13.1_default-caps-simdna	measured	pinned	1	median_ns	12442.733919	40	1.0000	0	0		
rank_no	w-2048	(set)	short-subject-search	plain	same program	rust_1.13.1_default-caps-simdna	measured	pinned	1	min_ns	12406.747535	40	1.0000	0	0		
rank_no	w-2048	(set)	short-subject-search	plain	same program	rust_1.13.1_default-caps-simdna	measured	pinned	1	max_ns	12628.643889	40	1.0000	0	0		
rank_no	w-2048	(set)	short-subject-search	plain	same program	rust_1.13.1_default-caps-simdna	measured	pinned	1	stddev_ns	80.225571	40	1.0000	0	0		
rank_no	w-2048	(set)	short-subject-search	plain	same program	rust_1.13.1_default-caps-simdna	measured	pinned	1	ratio_vs_baseline	1.000000	40	1.0000	0	0		
rank_no	w-2048	(set)	short-subject-search	plain	same program	rust_1.13.1_default-caps-simdna	measured	pinned	1	ratio_vs_best	1.000000	40	1.0000	0	0		
baseline_no	w-256	(set)	large-subject-throughput			rust_1.13.1_default-caps-simdna				baseline_identity	row-best-fallback					rust_1.13.1_default-caps-simdna (row-best fallback -- interp absent from this group)	
rank_no	w-256	(set)	large-subject-throughput	plain	same program	rust_1.13.1_default-caps-simdna	measured	pinned	1	median_ns	2247125.863636	4	1.0000	0	0		
rank_no	w-256	(set)	large-subject-throughput	plain	same program	rust_1.13.1_default-caps-simdna	measured	pinned	1	min_ns	2236182.181818	4	1.0000	0	0		
rank_no	w-256	(set)	large-subject-throughput	plain	same program	rust_1.13.1_default-caps-simdna	measured	pinned	1	max_ns	2256442.318182	4	1.0000	0	0		
rank_no	w-256	(set)	large-subject-throughput	plain	same program	rust_1.13.1_default-caps-simdna	measured	pinned	1	stddev_ns	6974.995774	4	1.0000	0	0		
rank_no	w-256	(set)	large-subject-throughput	plain	same program	rust_1.13.1_default-caps-simdna	measured	pinned	1	ratio_vs_baseline	1.000000	4	1.0000	0	0		
rank_no	w-256	(set)	large-subject-throughput	plain	same program	rust_1.13.1_default-caps-simdna	measured	pinned	1	ratio_vs_best	1.000000	4	1.0000	0	0		
baseline_no	w-256	(set)	match-compliance			rust_1.13.1_default-caps-simdna				baseline_identity	row-best-fallback					rust_1.13.1_default-caps-simdna (row-best fallback -- interp absent from this group)	
rank_no	w-256	(set)	match-compliance	whole-subject	separate artifact	rust_1.13.1_default-caps-simdna	measured	pinned	1	median_ns	904.857336	40	1.0000	0	0		
rank_no	w-256	(set)	match-compliance	whole-subject	separate artifact	rust_1.13.1_default-caps-simdna	measured	pinned	1	min_ns	900.521336	40	1.0000	0	0		
rank_no	w-256	(set)	match-compliance	whole-subject	separate artifact	rust_1.13.1_default-caps-simdna	measured	pinned	1	max_ns	931.334488	40	1.0000	0	0		
rank_no	w-256	(set)	match-compliance	whole-subject	separate artifact	rust_1.13.1_default-caps-simdna	measured	pinned	1	stddev_ns	11.724989	40	1.0000	0	0		
rank_no	w-256	(set)	match-compliance	whole-subject	separate artifact	rust_1.13.1_default-caps-simdna	measured	pinned	1	ratio_vs_baseline	1.000000	40	1.0000	0	0		
rank_no	w-256	(set)	match-compliance	whole-subject	separate artifact	rust_1.13.1_default-caps-simdna	measured	pinned	1	ratio_vs_best	1.000000	40	1.0000	0	0		
baseline_no	w-256	(set)	short-subject-search			rust_1.13.1_default-caps-simdna				baseline_identity	row-best-fallback					rust_1.13.1_default-caps-simdna (row-best fallback -- interp absent from this group)	
rank_no	w-256	(set)	short-subject-search	plain	same program	rust_1.13.1_default-caps-simdna	measured	pinned	1	median_ns	11936.419024	40	1.0000	0	0		
rank_no	w-256	(set)	short-subject-search	plain	same program	rust_1.13.1_default-caps-simdna	measured	pinned	1	min_ns	11928.150622	40	1.0000	0	0		
rank_no	w-256	(set)	short-subject-search	plain	same program	rust_1.13.1_default-caps-simdna	measured	pinned	1	max_ns	12287.170024	40	1.0000	0	0		
rank_no	w-256	(set)	short-subject-search	plain	same program	rust_1.13.1_default-caps-simdna	measured	pinned	1	stddev_ns	141.347837	40	1.0000	0	0		
rank_no	w-256	(set)	short-subject-search	plain	same program	rust_1.13.1_default-caps-simdna	measured	pinned	1	ratio_vs_baseline	1.000000	40	1.0000	0	0		
rank_no	w-256	(set)	short-subject-search	plain	same program	rust_1.13.1_default-caps-simdna	measured	pinned	1	ratio_vs_best	1.000000	40	1.0000	0	0		
baseline_no	w-384	(set)	large-subject-throughput			rust_1.13.1_default-caps-simdna				baseline_identity	row-best-fallback					rust_1.13.1_default-caps-simdna (row-best fallback -- interp absent from this group)	
rank_no	w-384	(set)	large-subject-throughput	plain	same program	rust_1.13.1_default-caps-simdna	measured	pinned	1	median_ns	2842112.375000	4	1.0000	0	0		
rank_no	w-384	(set)	large-subject-throughput	plain	same program	rust_1.13.1_default-caps-simdna	measured	pinned	1	min_ns	2829663.625000	4	1.0000	0	0		
rank_no	w-384	(set)	large-subject-throughput	plain	same program	rust_1.13.1_default-caps-simdna	measured	pinned	1	max_ns	2849814.312500	4	1.0000	0	0		
rank_no	w-384	(set)	large-subject-throughput	plain	same program	rust_1.13.1_default-caps-simdna	measured	pinned	1	stddev_ns	7088.646297	4	1.0000	0	0		
rank_no	w-384	(set)	large-subject-throughput	plain	same program	rust_1.13.1_default-caps-simdna	measured	pinned	1	ratio_vs_baseline	1.000000	4	1.0000	0	0		
rank_no	w-384	(set)	large-subject-throughput	plain	same program	rust_1.13.1_default-caps-simdna	measured	pinned	1	ratio_vs_best	1.000000	4	1.0000	0	0		
baseline_no	w-384	(set)	match-compliance			rust_1.13.1_default-caps-simdna				baseline_identity	row-best-fallback					rust_1.13.1_default-caps-simdna (row-best fallback -- interp absent from this group)	
rank_no	w-384	(set)	match-compliance	whole-subject	separate artifact	rust_1.13.1_default-caps-simdna	measured	pinned	1	median_ns	903.808096	40	1.0000	0	0		
rank_no	w-384	(set)	match-compliance	whole-subject	separate artifact	rust_1.13.1_default-caps-simdna	measured	pinned	1	min_ns	902.528289	40	1.0000	0	0		
rank_no	w-384	(set)	match-compliance	whole-subject	separate artifact	rust_1.13.1_default-caps-simdna	measured	pinned	1	max_ns	905.108155	40	1.0000	0	0		
rank_no	w-384	(set)	match-compliance	whole-subject	separate artifact	rust_1.13.1_default-caps-simdna	measured	pinned	1	stddev_ns	0.974185	40	1.0000	0	0		
rank_no	w-384	(set)	match-compliance	whole-subject	separate artifact	rust_1.13.1_default-caps-simdna	measured	pinned	1	ratio_vs_baseline	1.000000	40	1.0000	0	0		
rank_no	w-384	(set)	match-compliance	whole-subject	separate artifact	rust_1.13.1_default-caps-simdna	measured	pinned	1	ratio_vs_best	1.000000	40	1.0000	0	0		
baseline_no	w-384	(set)	short-subject-search			rust_1.13.1_default-caps-simdna				baseline_identity	row-best-fallback					rust_1.13.1_default-caps-simdna (row-best fallback -- interp absent from this group)	
rank_no	w-384	(set)	short-subject-search	plain	same program	rust_1.13.1_default-caps-simdna	measured	pinned	1	median_ns	11975.035142	40	1.0000	0	0		
rank_no	w-384	(set)	short-subject-search	plain	same program	rust_1.13.1_default-caps-simdna	measured	pinned	1	min_ns	11937.123745	40	1.0000	0	0		
rank_no	w-384	(set)	short-subject-search	plain	same program	rust_1.13.1_default-caps-simdna	measured	pinned	1	max_ns	13122.457352	40	1.0000	0	0		
rank_no	w-384	(set)	short-subject-search	plain	same program	rust_1.13.1_default-caps-simdna	measured	pinned	1	stddev_ns	465.843600	40	1.0000	0	0		
rank_no	w-384	(set)	short-subject-search	plain	same program	rust_1.13.1_default-caps-simdna	measured	pinned	1	ratio_vs_baseline	1.000000	40	1.0000	0	0		
rank_no	w-384	(set)	short-subject-search	plain	same program	rust_1.13.1_default-caps-simdna	measured	pinned	1	ratio_vs_best	1.000000	40	1.0000	0	0		
baseline_no	w-512	(set)	large-subject-throughput			rust_1.13.1_default-caps-simdna				baseline_identity	row-best-fallback					rust_1.13.1_default-caps-simdna (row-best fallback -- interp absent from this group)	
rank_no	w-512	(set)	large-subject-throughput	plain	same program	rust_1.13.1_default-caps-simdna	measured	pinned	1	median_ns	3520906.923077	4	1.0000	0	0		
rank_no	w-512	(set)	large-subject-throughput	plain	same program	rust_1.13.1_default-caps-simdna	measured	pinned	1	min_ns	3497226.846154	4	1.0000	0	0		
rank_no	w-512	(set)	large-subject-throughput	plain	same program	rust_1.13.1_default-caps-simdna	measured	pinned	1	max_ns	3534043.230769	4	1.0000	0	0		
rank_no	w-512	(set)	large-subject-throughput	plain	same program	rust_1.13.1_default-caps-simdna	measured	pinned	1	stddev_ns	13160.016789	4	1.0000	0	0		
rank_no	w-512	(set)	large-subject-throughput	plain	same program	rust_1.13.1_default-caps-simdna	measured	pinned	1	ratio_vs_baseline	1.000000	4	1.0000	0	0		
rank_no	w-512	(set)	large-subject-throughput	plain	same program	rust_1.13.1_default-caps-simdna	measured	pinned	1	ratio_vs_best	1.000000	4	1.0000	0	0		
baseline_no	w-512	(set)	match-compliance			rust_1.13.1_default-caps-simdna				baseline_identity	row-best-fallback					rust_1.13.1_default-caps-simdna (row-best fallback -- interp absent from this group)	
rank_no	w-512	(set)	match-compliance	whole-subject	separate artifact	rust_1.13.1_default-caps-simdna	measured	pinned	1	median_ns	1030.256048	40	1.0000	0	0		
rank_no	w-512	(set)	match-compliance	whole-subject	separate artifact	rust_1.13.1_default-caps-simdna	measured	pinned	1	min_ns	1029.863277	40	1.0000	0	0		
rank_no	w-512	(set)	match-compliance	whole-subject	separate artifact	rust_1.13.1_default-caps-simdna	measured	pinned	1	max_ns	1035.648089	40	1.0000	0	0		
rank_no	w-512	(set)	match-compliance	whole-subject	separate artifact	rust_1.13.1_default-caps-simdna	measured	pinned	1	stddev_ns	2.193127	40	1.0000	0	0		
rank_no	w-512	(set)	match-compliance	whole-subject	separate artifact	rust_1.13.1_default-caps-simdna	measured	pinned	1	ratio_vs_baseline	1.000000	40	1.0000	0	0		
rank_no	w-512	(set)	match-compliance	whole-subject	separate artifact	rust_1.13.1_default-caps-simdna	measured	pinned	1	ratio_vs_best	1.000000	40	1.0000	0	0		
baseline_no	w-512	(set)	short-subject-search			rust_1.13.1_default-caps-simdna				baseline_identity	row-best-fallback					rust_1.13.1_default-caps-simdna (row-best fallback -- interp absent from this group)	
rank_no	w-512	(set)	short-subject-search	plain	same program	rust_1.13.1_default-caps-simdna	measured	pinned	1	median_ns	12672.258921	40	1.0000	0	0		
rank_no	w-512	(set)	short-subject-search	plain	same program	rust_1.13.1_default-caps-simdna	measured	pinned	1	min_ns	12634.298554	40	1.0000	0	0		
rank_no	w-512	(set)	short-subject-search	plain	same program	rust_1.13.1_default-caps-simdna	measured	pinned	1	max_ns	12789.745952	40	1.0000	0	0		
rank_no	w-512	(set)	short-subject-search	plain	same program	rust_1.13.1_default-caps-simdna	measured	pinned	1	stddev_ns	58.993046	40	1.0000	0	0		
rank_no	w-512	(set)	short-subject-search	plain	same program	rust_1.13.1_default-caps-simdna	measured	pinned	1	ratio_vs_baseline	1.000000	40	1.0000	0	0		
rank_no	w-512	(set)	short-subject-search	plain	same program	rust_1.13.1_default-caps-simdna	measured	pinned	1	ratio_vs_best	1.000000	40	1.0000	0	0		
baseline_no	w-64	(set)	large-subject-throughput			rust_1.13.1_default-caps-simdna				baseline_identity	row-best-fallback					rust_1.13.1_default-caps-simdna (row-best fallback -- interp absent from this group)	
rank_no	w-64	(set)	large-subject-throughput	plain	same program	rust_1.13.1_default-caps-simdna	measured	pinned	1	median_ns	2218165.732283	4	1.0000	0	0		
rank_no	w-64	(set)	large-subject-throughput	plain	same program	rust_1.13.1_default-caps-simdna	measured	pinned	1	min_ns	2211682.244094	4	1.0000	0	0		
rank_no	w-64	(set)	large-subject-throughput	plain	same program	rust_1.13.1_default-caps-simdna	measured	pinned	1	max_ns	2219860.385827	4	1.0000	0	0		
rank_no	w-64	(set)	large-subject-throughput	plain	same program	rust_1.13.1_default-caps-simdna	measured	pinned	1	stddev_ns	2863.497090	4	1.0000	0	0		
rank_no	w-64	(set)	large-subject-throughput	plain	same program	rust_1.13.1_default-caps-simdna	measured	pinned	1	ratio_vs_baseline	1.000000	4	1.0000	0	0		
rank_no	w-64	(set)	large-subject-throughput	plain	same program	rust_1.13.1_default-caps-simdna	measured	pinned	1	ratio_vs_best	1.000000	4	1.0000	0	0		
baseline_no	w-64	(set)	match-compliance			rust_1.13.1_default-caps-simdna				baseline_identity	row-best-fallback					rust_1.13.1_default-caps-simdna (row-best fallback -- interp absent from this group)	
rank_no	w-64	(set)	match-compliance	whole-subject	separate artifact	rust_1.13.1_default-caps-simdna	measured	pinned	1	median_ns	780.880245	40	1.0000	0	0		
rank_no	w-64	(set)	match-compliance	whole-subject	separate artifact	rust_1.13.1_default-caps-simdna	measured	pinned	1	min_ns	779.945470	40	1.0000	0	0		
rank_no	w-64	(set)	match-compliance	whole-subject	separate artifact	rust_1.13.1_default-caps-simdna	measured	pinned	1	max_ns	782.362037	40	1.0000	0	0		
rank_no	w-64	(set)	match-compliance	whole-subject	separate artifact	rust_1.13.1_default-caps-simdna	measured	pinned	1	stddev_ns	0.948852	40	1.0000	0	0		
rank_no	w-64	(set)	match-compliance	whole-subject	separate artifact	rust_1.13.1_default-caps-simdna	measured	pinned	1	ratio_vs_baseline	1.000000	40	1.0000	0	0		
rank_no	w-64	(set)	match-compliance	whole-subject	separate artifact	rust_1.13.1_default-caps-simdna	measured	pinned	1	ratio_vs_best	1.000000	40	1.0000	0	0		
baseline_no	w-64	(set)	short-subject-search			rust_1.13.1_default-caps-simdna				baseline_identity	row-best-fallback					rust_1.13.1_default-caps-simdna (row-best fallback -- interp absent from this group)	
rank_no	w-64	(set)	short-subject-search	plain	same program	rust_1.13.1_default-caps-simdna	measured	pinned	1	median_ns	10055.799876	40	1.0000	0	0		
rank_no	w-64	(set)	short-subject-search	plain	same program	rust_1.13.1_default-caps-simdna	measured	pinned	1	min_ns	10051.028693	40	1.0000	0	0		
rank_no	w-64	(set)	short-subject-search	plain	same program	rust_1.13.1_default-caps-simdna	measured	pinned	1	max_ns	10128.468793	40	1.0000	0	0		
rank_no	w-64	(set)	short-subject-search	plain	same program	rust_1.13.1_default-caps-simdna	measured	pinned	1	stddev_ns	29.554434	40	1.0000	0	0		
rank_no	w-64	(set)	short-subject-search	plain	same program	rust_1.13.1_default-caps-simdna	measured	pinned	1	ratio_vs_baseline	1.000000	40	1.0000	0	0		
rank_no	w-64	(set)	short-subject-search	plain	same program	rust_1.13.1_default-caps-simdna	measured	pinned	1	ratio_vs_best	1.000000	40	1.0000	0	0		
baseline_no	w-8	(set)	large-subject-throughput			rust_1.13.1_default-caps-simdna				baseline_identity	row-best-fallback					rust_1.13.1_default-caps-simdna (row-best fallback -- interp absent from this group)	
rank_no	w-8	(set)	large-subject-throughput	plain	same program	rust_1.13.1_default-caps-simdna	measured	pinned	1	median_ns	194929.057554	4	1.0000	0	0		
rank_no	w-8	(set)	large-subject-throughput	plain	same program	rust_1.13.1_default-caps-simdna	measured	pinned	1	min_ns	194807.978417	4	1.0000	0	0		
rank_no	w-8	(set)	large-subject-throughput	plain	same program	rust_1.13.1_default-caps-simdna	measured	pinned	1	max_ns	194970.922302	4	1.0000	0	0		
rank_no	w-8	(set)	large-subject-throughput	plain	same program	rust_1.13.1_default-caps-simdna	measured	pinned	1	stddev_ns	55.899004	4	1.0000	0	0		
rank_no	w-8	(set)	large-subject-throughput	plain	same program	rust_1.13.1_default-caps-simdna	measured	pinned	1	ratio_vs_baseline	1.000000	4	1.0000	0	0		
rank_no	w-8	(set)	large-subject-throughput	plain	same program	rust_1.13.1_default-caps-simdna	measured	pinned	1	ratio_vs_best	1.000000	4	1.0000	0	0		
baseline_no	w-8	(set)	match-compliance			rust_1.13.1_default-caps-simdna				baseline_identity	row-best-fallback					rust_1.13.1_default-caps-simdna (row-best fallback -- interp absent from this group)	
rank_no	w-8	(set)	match-compliance	whole-subject	separate artifact	rust_1.13.1_default-caps-simdna	measured	pinned	1	median_ns	775.513637	40	1.0000	0	0		
rank_no	w-8	(set)	match-compliance	whole-subject	separate artifact	rust_1.13.1_default-caps-simdna	measured	pinned	1	min_ns	773.502134	40	1.0000	0	0		
rank_no	w-8	(set)	match-compliance	whole-subject	separate artifact	rust_1.13.1_default-caps-simdna	measured	pinned	1	max_ns	807.752166	40	1.0000	0	0		
rank_no	w-8	(set)	match-compliance	whole-subject	separate artifact	rust_1.13.1_default-caps-simdna	measured	pinned	1	stddev_ns	13.059773	40	1.0000	0	0		
rank_no	w-8	(set)	match-compliance	whole-subject	separate artifact	rust_1.13.1_default-caps-simdna	measured	pinned	1	ratio_vs_baseline	1.000000	40	1.0000	0	0		
rank_no	w-8	(set)	match-compliance	whole-subject	separate artifact	rust_1.13.1_default-caps-simdna	measured	pinned	1	ratio_vs_best	1.000000	40	1.0000	0	0		
baseline_no	w-8	(set)	short-subject-search			rust_1.13.1_default-caps-simdna				baseline_identity	row-best-fallback					rust_1.13.1_default-caps-simdna (row-best fallback -- interp absent from this group)	
rank_no	w-8	(set)	short-subject-search	plain	same program	rust_1.13.1_default-caps-simdna	measured	pinned	1	median_ns	2746.199338	40	1.0000	0	0		
rank_no	w-8	(set)	short-subject-search	plain	same program	rust_1.13.1_default-caps-simdna	measured	pinned	1	min_ns	2745.086969	40	1.0000	0	0		
rank_no	w-8	(set)	short-subject-search	plain	same program	rust_1.13.1_default-caps-simdna	measured	pinned	1	max_ns	2748.992014	40	1.0000	0	0		
rank_no	w-8	(set)	short-subject-search	plain	same program	rust_1.13.1_default-caps-simdna	measured	pinned	1	stddev_ns	1.332055	40	1.0000	0	0		
rank_no	w-8	(set)	short-subject-search	plain	same program	rust_1.13.1_default-caps-simdna	measured	pinned	1	ratio_vs_baseline	1.000000	40	1.0000	0	0		
rank_no	w-8	(set)	short-subject-search	plain	same program	rust_1.13.1_default-caps-simdna	measured	pinned	1	ratio_vs_best	1.000000	40	1.0000	0	0		
baseline_no	w-96	(set)	large-subject-throughput			rust_1.13.1_default-caps-simdna				baseline_identity	row-best-fallback					rust_1.13.1_default-caps-simdna (row-best fallback -- interp absent from this group)	
rank_no	w-96	(set)	large-subject-throughput	plain	same program	rust_1.13.1_default-caps-simdna	measured	pinned	1	median_ns	1736660.213542	4	1.0000	0	0		
rank_no	w-96	(set)	large-subject-throughput	plain	same program	rust_1.13.1_default-caps-simdna	measured	pinned	1	min_ns	1735894.208333	4	1.0000	0	0		
rank_no	w-96	(set)	large-subject-throughput	plain	same program	rust_1.13.1_default-caps-simdna	measured	pinned	1	max_ns	1737450.364583	4	1.0000	0	0		
rank_no	w-96	(set)	large-subject-throughput	plain	same program	rust_1.13.1_default-caps-simdna	measured	pinned	1	stddev_ns	585.632313	4	1.0000	0	0		
rank_no	w-96	(set)	large-subject-throughput	plain	same program	rust_1.13.1_default-caps-simdna	measured	pinned	1	ratio_vs_baseline	1.000000	4	1.0000	0	0		
rank_no	w-96	(set)	large-subject-throughput	plain	same program	rust_1.13.1_default-caps-simdna	measured	pinned	1	ratio_vs_best	1.000000	4	1.0000	0	0		
baseline_no	w-96	(set)	match-compliance			rust_1.13.1_default-caps-simdna				baseline_identity	row-best-fallback					rust_1.13.1_default-caps-simdna (row-best fallback -- interp absent from this group)	
rank_no	w-96	(set)	match-compliance	whole-subject	separate artifact	rust_1.13.1_default-caps-simdna	measured	pinned	1	median_ns	780.128428	40	1.0000	0	0		
rank_no	w-96	(set)	match-compliance	whole-subject	separate artifact	rust_1.13.1_default-caps-simdna	measured	pinned	1	min_ns	779.895936	40	1.0000	0	0		
rank_no	w-96	(set)	match-compliance	whole-subject	separate artifact	rust_1.13.1_default-caps-simdna	measured	pinned	1	max_ns	780.737890	40	1.0000	0	0		
rank_no	w-96	(set)	match-compliance	whole-subject	separate artifact	rust_1.13.1_default-caps-simdna	measured	pinned	1	stddev_ns	0.347706	40	1.0000	0	0		
rank_no	w-96	(set)	match-compliance	whole-subject	separate artifact	rust_1.13.1_default-caps-simdna	measured	pinned	1	ratio_vs_baseline	1.000000	40	1.0000	0	0		
rank_no	w-96	(set)	match-compliance	whole-subject	separate artifact	rust_1.13.1_default-caps-simdna	measured	pinned	1	ratio_vs_best	1.000000	40	1.0000	0	0		
baseline_no	w-96	(set)	short-subject-search			rust_1.13.1_default-caps-simdna				baseline_identity	row-best-fallback					rust_1.13.1_default-caps-simdna (row-best fallback -- interp absent from this group)	
rank_no	w-96	(set)	short-subject-search	plain	same program	rust_1.13.1_default-caps-simdna	measured	pinned	1	median_ns	11454.126961	40	1.0000	0	0		
rank_no	w-96	(set)	short-subject-search	plain	same program	rust_1.13.1_default-caps-simdna	measured	pinned	1	min_ns	11432.697207	40	1.0000	0	0		
rank_no	w-96	(set)	short-subject-search	plain	same program	rust_1.13.1_default-caps-simdna	measured	pinned	1	max_ns	11839.299793	40	1.0000	0	0		
rank_no	w-96	(set)	short-subject-search	plain	same program	rust_1.13.1_default-caps-simdna	measured	pinned	1	stddev_ns	155.753321	40	1.0000	0	0		
rank_no	w-96	(set)	short-subject-search	plain	same program	rust_1.13.1_default-caps-simdna	measured	pinned	1	ratio_vs_baseline	1.000000	40	1.0000	0	0		
rank_no	w-96	(set)	short-subject-search	plain	same program	rust_1.13.1_default-caps-simdna	measured	pinned	1	ratio_vs_best	1.000000	40	1.0000	0	0		
baseline_no	wb-256	(set)	large-subject-throughput			rust_1.13.1_default-caps-simdna				baseline_identity	row-best-fallback					rust_1.13.1_default-caps-simdna (row-best fallback -- interp absent from this group)	
rank_no	wb-256	(set)	large-subject-throughput	plain	same program	rust_1.13.1_default-caps-simdna	measured	pinned	1	median_ns	1887843.722222	4	1.0000	0	0		
rank_no	wb-256	(set)	large-subject-throughput	plain	same program	rust_1.13.1_default-caps-simdna	measured	pinned	1	min_ns	1884249.027778	4	1.0000	0	0		
rank_no	wb-256	(set)	large-subject-throughput	plain	same program	rust_1.13.1_default-caps-simdna	measured	pinned	1	max_ns	1893167.416667	4	1.0000	0	0		
rank_no	wb-256	(set)	large-subject-throughput	plain	same program	rust_1.13.1_default-caps-simdna	measured	pinned	1	stddev_ns	3185.178062	4	1.0000	0	0		
rank_no	wb-256	(set)	large-subject-throughput	plain	same program	rust_1.13.1_default-caps-simdna	measured	pinned	1	ratio_vs_baseline	1.000000	4	1.0000	0	0		
rank_no	wb-256	(set)	large-subject-throughput	plain	same program	rust_1.13.1_default-caps-simdna	measured	pinned	1	ratio_vs_best	1.000000	4	1.0000	0	0		
baseline_no	wb-256	(set)	match-compliance			rust_1.13.1_default-caps-simdna				baseline_identity	row-best-fallback					rust_1.13.1_default-caps-simdna (row-best fallback -- interp absent from this group)	
rank_no	wb-256	(set)	match-compliance	whole-subject	separate artifact	rust_1.13.1_default-caps-simdna	measured	pinned	1	median_ns	906.982976	40	1.0000	0	0		
rank_no	wb-256	(set)	match-compliance	whole-subject	separate artifact	rust_1.13.1_default-caps-simdna	measured	pinned	1	min_ns	901.892145	40	1.0000	0	0		
rank_no	wb-256	(set)	match-compliance	whole-subject	separate artifact	rust_1.13.1_default-caps-simdna	measured	pinned	1	max_ns	940.847955	40	1.0000	0	0		
rank_no	wb-256	(set)	match-compliance	whole-subject	separate artifact	rust_1.13.1_default-caps-simdna	measured	pinned	1	stddev_ns	16.367459	40	1.0000	0	0		
rank_no	wb-256	(set)	match-compliance	whole-subject	separate artifact	rust_1.13.1_default-caps-simdna	measured	pinned	1	ratio_vs_baseline	1.000000	40	1.0000	0	0		
rank_no	wb-256	(set)	match-compliance	whole-subject	separate artifact	rust_1.13.1_default-caps-simdna	measured	pinned	1	ratio_vs_best	1.000000	40	1.0000	0	0		
baseline_no	wb-256	(set)	short-subject-search			rust_1.13.1_default-caps-simdna				baseline_identity	row-best-fallback					rust_1.13.1_default-caps-simdna (row-best fallback -- interp absent from this group)	
rank_no	wb-256	(set)	short-subject-search	plain	same program	rust_1.13.1_default-caps-simdna	measured	pinned	1	median_ns	11268.312892	40	1.0000	0	0		
rank_no	wb-256	(set)	short-subject-search	plain	same program	rust_1.13.1_default-caps-simdna	measured	pinned	1	min_ns	11251.730777	40	1.0000	0	0		
rank_no	wb-256	(set)	short-subject-search	plain	same program	rust_1.13.1_default-caps-simdna	measured	pinned	1	max_ns	11281.846764	40	1.0000	0	0		
rank_no	wb-256	(set)	short-subject-search	plain	same program	rust_1.13.1_default-caps-simdna	measured	pinned	1	stddev_ns	11.191897	40	1.0000	0	0		
rank_no	wb-256	(set)	short-subject-search	plain	same program	rust_1.13.1_default-caps-simdna	measured	pinned	1	ratio_vs_baseline	1.000000	40	1.0000	0	0		
rank_no	wb-256	(set)	short-subject-search	plain	same program	rust_1.13.1_default-caps-simdna	measured	pinned	1	ratio_vs_best	1.000000	40	1.0000	0	0		
baseline_no	wb-512	(set)	large-subject-throughput			rust_1.13.1_default-caps-simdna				baseline_identity	row-best-fallback					rust_1.13.1_default-caps-simdna (row-best fallback -- interp absent from this group)	
rank_no	wb-512	(set)	large-subject-throughput	plain	same program	rust_1.13.1_default-caps-simdna	measured	pinned	1	median_ns	2232315.565217	4	1.0000	0	0		
rank_no	wb-512	(set)	large-subject-throughput	plain	same program	rust_1.13.1_default-caps-simdna	measured	pinned	1	min_ns	2204656.652174	4	1.0000	0	0		
rank_no	wb-512	(set)	large-subject-throughput	plain	same program	rust_1.13.1_default-caps-simdna	measured	pinned	1	max_ns	2245529.956522	4	1.0000	0	0		
rank_no	wb-512	(set)	large-subject-throughput	plain	same program	rust_1.13.1_default-caps-simdna	measured	pinned	1	stddev_ns	13563.028592	4	1.0000	0	0		
rank_no	wb-512	(set)	large-subject-throughput	plain	same program	rust_1.13.1_default-caps-simdna	measured	pinned	1	ratio_vs_baseline	1.000000	4	1.0000	0	0		
rank_no	wb-512	(set)	large-subject-throughput	plain	same program	rust_1.13.1_default-caps-simdna	measured	pinned	1	ratio_vs_best	1.000000	4	1.0000	0	0		
baseline_no	wb-512	(set)	match-compliance			rust_1.13.1_default-caps-simdna				baseline_identity	row-best-fallback					rust_1.13.1_default-caps-simdna (row-best fallback -- interp absent from this group)	
rank_no	wb-512	(set)	match-compliance	whole-subject	separate artifact	rust_1.13.1_default-caps-simdna	measured	pinned	1	median_ns	1015.451406	40	1.0000	0	0		
rank_no	wb-512	(set)	match-compliance	whole-subject	separate artifact	rust_1.13.1_default-caps-simdna	measured	pinned	1	min_ns	1013.595157	40	1.0000	0	0		
rank_no	wb-512	(set)	match-compliance	whole-subject	separate artifact	rust_1.13.1_default-caps-simdna	measured	pinned	1	max_ns	1038.426560	40	1.0000	0	0		
rank_no	wb-512	(set)	match-compliance	whole-subject	separate artifact	rust_1.13.1_default-caps-simdna	measured	pinned	1	stddev_ns	9.456595	40	1.0000	0	0		
rank_no	wb-512	(set)	match-compliance	whole-subject	separate artifact	rust_1.13.1_default-caps-simdna	measured	pinned	1	ratio_vs_baseline	1.000000	40	1.0000	0	0		
rank_no	wb-512	(set)	match-compliance	whole-subject	separate artifact	rust_1.13.1_default-caps-simdna	measured	pinned	1	ratio_vs_best	1.000000	40	1.0000	0	0		
baseline_no	wb-512	(set)	short-subject-search			rust_1.13.1_default-caps-simdna				baseline_identity	row-best-fallback					rust_1.13.1_default-caps-simdna (row-best fallback -- interp absent from this group)	
rank_no	wb-512	(set)	short-subject-search	plain	same program	rust_1.13.1_default-caps-simdna	measured	pinned	1	median_ns	11961.230062	40	1.0000	0	0		
rank_no	wb-512	(set)	short-subject-search	plain	same program	rust_1.13.1_default-caps-simdna	measured	pinned	1	min_ns	11948.634234	40	1.0000	0	0		
rank_no	wb-512	(set)	short-subject-search	plain	same program	rust_1.13.1_default-caps-simdna	measured	pinned	1	max_ns	11970.851409	40	1.0000	0	0		
rank_no	wb-512	(set)	short-subject-search	plain	same program	rust_1.13.1_default-caps-simdna	measured	pinned	1	stddev_ns	8.478578	40	1.0000	0	0		
rank_no	wb-512	(set)	short-subject-search	plain	same program	rust_1.13.1_default-caps-simdna	measured	pinned	1	ratio_vs_baseline	1.000000	40	1.0000	0	0		
rank_no	wb-512	(set)	short-subject-search	plain	same program	rust_1.13.1_default-caps-simdna	measured	pinned	1	ratio_vs_best	1.000000	40	1.0000	0	0		
baseline	ci-256	(set)	large-subject-throughput			pcrec_c4c70f2c_auto-caps-simdna				baseline_identity	row-best-fallback					pcrec_c4c70f2c_auto-caps-simdna (row-best fallback -- interp absent from this group)	
rank	ci-256	(set)	large-subject-throughput	plain	same program	pcrec_c4c70f2c_auto-caps-simdna	measured	pinned	1	median_ns	2896530.798246	4	1.0000	0	0		
rank	ci-256	(set)	large-subject-throughput	plain	same program	pcrec_c4c70f2c_auto-caps-simdna	measured	pinned	1	min_ns	2896152.885965	4	1.0000	0	0		
rank	ci-256	(set)	large-subject-throughput	plain	same program	pcrec_c4c70f2c_auto-caps-simdna	measured	pinned	1	max_ns	2897441.666667	4	1.0000	0	0		
rank	ci-256	(set)	large-subject-throughput	plain	same program	pcrec_c4c70f2c_auto-caps-simdna	measured	pinned	1	stddev_ns	456.334812	4	1.0000	0	0		
rank	ci-256	(set)	large-subject-throughput	plain	same program	pcrec_c4c70f2c_auto-caps-simdna	measured	pinned	1	ratio_vs_baseline	1.000000	4	1.0000	0	0		
rank	ci-256	(set)	large-subject-throughput	plain	same program	pcrec_c4c70f2c_auto-caps-simdna	measured	pinned	1	ratio_vs_best	1.000000	4	1.0000	0	0		
rank	ci-256	(set)	large-subject-throughput	plain	same program	rust_1.13.1_default-caps-simdna	measured	pinned	2	median_ns	74735115.500000	4	1.0000	0	0		
rank	ci-256	(set)	large-subject-throughput	plain	same program	rust_1.13.1_default-caps-simdna	measured	pinned	2	min_ns	74526140.000000	4	1.0000	0	0		
rank	ci-256	(set)	large-subject-throughput	plain	same program	rust_1.13.1_default-caps-simdna	measured	pinned	2	max_ns	77804626.000000	4	1.0000	0	0		
rank	ci-256	(set)	large-subject-throughput	plain	same program	rust_1.13.1_default-caps-simdna	measured	pinned	2	stddev_ns	1516912.995206	4	1.0000	0	0		
rank	ci-256	(set)	large-subject-throughput	plain	same program	rust_1.13.1_default-caps-simdna	measured	pinned	2	ratio_vs_baseline	25.801595	4	1.0000	0	0		
rank	ci-256	(set)	large-subject-throughput	plain	same program	rust_1.13.1_default-caps-simdna	measured	pinned	2	ratio_vs_best	25.801595	4	1.0000	0	0		
rank	ci-256	(set)	large-subject-throughput	plain	same program	libpcre2_10.46_jit-caps-simdna	measured	pinned	3	median_ns	255043136.000000	4	1.0000	0	0		
rank	ci-256	(set)	large-subject-throughput	plain	same program	libpcre2_10.46_jit-caps-simdna	measured	pinned	3	min_ns	251655353.000000	4	1.0000	0	0		
rank	ci-256	(set)	large-subject-throughput	plain	same program	libpcre2_10.46_jit-caps-simdna	measured	pinned	3	max_ns	256640933.500000	4	1.0000	0	0		
rank	ci-256	(set)	large-subject-throughput	plain	same program	libpcre2_10.46_jit-caps-simdna	measured	pinned	3	stddev_ns	1749587.254731	4	1.0000	0	0		
rank	ci-256	(set)	large-subject-throughput	plain	same program	libpcre2_10.46_jit-caps-simdna	measured	pinned	3	ratio_vs_baseline	88.051243	4	1.0000	0	0		
rank	ci-256	(set)	large-subject-throughput	plain	same program	libpcre2_10.46_jit-caps-simdna	measured	pinned	3	ratio_vs_best	88.051243	4	1.0000	0	0		
rank	ci-256	(set)	large-subject-throughput	plain	same program	pcrec_c4c70f2c_vm-caps-simdna	measured	pinned	4	median_ns	2096142047.000000	4	1.0000	0	0		
rank	ci-256	(set)	large-subject-throughput	plain	same program	pcrec_c4c70f2c_vm-caps-simdna	measured	pinned	4	min_ns	2092498664.000000	4	1.0000	0	0		
rank	ci-256	(set)	large-subject-throughput	plain	same program	pcrec_c4c70f2c_vm-caps-simdna	measured	pinned	4	max_ns	2183715097.000000	4	1.0000	0	0		
rank	ci-256	(set)	large-subject-throughput	plain	same program	pcrec_c4c70f2c_vm-caps-simdna	measured	pinned	4	stddev_ns	35563362.387149	4	1.0000	0	0		
rank	ci-256	(set)	large-subject-throughput	plain	same program	pcrec_c4c70f2c_vm-caps-simdna	measured	pinned	4	ratio_vs_baseline	723.673316	4	1.0000	0	0		
rank	ci-256	(set)	large-subject-throughput	plain	same program	pcrec_c4c70f2c_vm-caps-simdna	measured	pinned	4	ratio_vs_best	723.673316	4	1.0000	0	0		
baseline	ci-256	(set)	match-compliance			rust_1.13.1_default-caps-simdna				baseline_identity	row-best-fallback					rust_1.13.1_default-caps-simdna (row-best fallback -- interp absent from this group)	
rank	ci-256	(set)	match-compliance	whole-subject	separate artifact	rust_1.13.1_default-caps-simdna	measured	pinned	1	median_ns	1070.623111	40	1.0000	0	0		
rank	ci-256	(set)	match-compliance	whole-subject	separate artifact	rust_1.13.1_default-caps-simdna	measured	pinned	1	min_ns	1069.337171	40	1.0000	0	0		
rank	ci-256	(set)	match-compliance	whole-subject	separate artifact	rust_1.13.1_default-caps-simdna	measured	pinned	1	max_ns	1098.092619	40	1.0000	0	0		
rank	ci-256	(set)	match-compliance	whole-subject	separate artifact	rust_1.13.1_default-caps-simdna	measured	pinned	1	stddev_ns	10.967768	40	1.0000	0	0		
rank	ci-256	(set)	match-compliance	whole-subject	separate artifact	rust_1.13.1_default-caps-simdna	measured	pinned	1	ratio_vs_baseline	1.000000	40	1.0000	0	0		
rank	ci-256	(set)	match-compliance	whole-subject	separate artifact	rust_1.13.1_default-caps-simdna	measured	pinned	1	ratio_vs_best	1.000000	40	1.0000	0	0		
rank	ci-256	(set)	match-compliance	whole-subject	separate artifact	pcrec_c4c70f2c_auto-caps-simdna	measured	pinned	2	median_ns	1077.300870	40	1.0000	0	0		
rank	ci-256	(set)	match-compliance	whole-subject	separate artifact	pcrec_c4c70f2c_auto-caps-simdna	measured	pinned	2	min_ns	1075.438786	40	1.0000	0	0		
rank	ci-256	(set)	match-compliance	whole-subject	separate artifact	pcrec_c4c70f2c_auto-caps-simdna	measured	pinned	2	max_ns	1079.790348	40	1.0000	0	0		
rank	ci-256	(set)	match-compliance	whole-subject	separate artifact	pcrec_c4c70f2c_auto-caps-simdna	measured	pinned	2	stddev_ns	1.647825	40	1.0000	0	0		
rank	ci-256	(set)	match-compliance	whole-subject	separate artifact	pcrec_c4c70f2c_auto-caps-simdna	measured	pinned	2	ratio_vs_baseline	1.006237	40	1.0000	0	0		
rank	ci-256	(set)	match-compliance	whole-subject	separate artifact	pcrec_c4c70f2c_auto-caps-simdna	measured	pinned	2	ratio_vs_best	1.006237	40	1.0000	0	0		
rank	ci-256	(set)	match-compliance	plain	same program	libpcre2_10.46_jit-caps-simdna	measured	pinned	3	median_ns	77677.922753	40	1.0000	0	0		
rank	ci-256	(set)	match-compliance	plain	same program	libpcre2_10.46_jit-caps-simdna	measured	pinned	3	min_ns	76177.522983	40	1.0000	0	0		
rank	ci-256	(set)	match-compliance	plain	same program	libpcre2_10.46_jit-caps-simdna	measured	pinned	3	max_ns	78537.430838	40	1.0000	0	0		
rank	ci-256	(set)	match-compliance	plain	same program	libpcre2_10.46_jit-caps-simdna	measured	pinned	3	stddev_ns	1000.324705	40	1.0000	0	0		
rank	ci-256	(set)	match-compliance	plain	same program	libpcre2_10.46_jit-caps-simdna	measured	pinned	3	ratio_vs_baseline	72.553938	40	1.0000	0	0		
rank	ci-256	(set)	match-compliance	plain	same program	libpcre2_10.46_jit-caps-simdna	measured	pinned	3	ratio_vs_best	72.553938	40	1.0000	0	0		
rank	ci-256	(set)	match-compliance	whole-subject	separate artifact	pcrec_c4c70f2c_vm-caps-simdna	measured	pinned	4	median_ns	110284.174800	40	1.0000	0	0		
rank	ci-256	(set)	match-compliance	whole-subject	separate artifact	pcrec_c4c70f2c_vm-caps-simdna	measured	pinned	4	min_ns	109846.968394	40	1.0000	0	0		
rank	ci-256	(set)	match-compliance	whole-subject	separate artifact	pcrec_c4c70f2c_vm-caps-simdna	measured	pinned	4	max_ns	110567.104444	40	1.0000	0	0		
rank	ci-256	(set)	match-compliance	whole-subject	separate artifact	pcrec_c4c70f2c_vm-caps-simdna	measured	pinned	4	stddev_ns	236.308465	40	1.0000	0	0		
rank	ci-256	(set)	match-compliance	whole-subject	separate artifact	pcrec_c4c70f2c_vm-caps-simdna	measured	pinned	4	ratio_vs_baseline	103.009335	40	1.0000	0	0		
rank	ci-256	(set)	match-compliance	whole-subject	separate artifact	pcrec_c4c70f2c_vm-caps-simdna	measured	pinned	4	ratio_vs_best	103.009335	40	1.0000	0	0		
baseline	ci-256	(set)	short-subject-search			pcrec_c4c70f2c_auto-caps-simdna				baseline_identity	row-best-fallback					pcrec_c4c70f2c_auto-caps-simdna (row-best fallback -- interp absent from this group)	
rank	ci-256	(set)	short-subject-search	plain	same program	pcrec_c4c70f2c_auto-caps-simdna	measured	pinned	1	median_ns	7373.765526	40	1.0000	0	0		
rank	ci-256	(set)	short-subject-search	plain	same program	pcrec_c4c70f2c_auto-caps-simdna	measured	pinned	1	min_ns	7352.111678	40	1.0000	0	0		
rank	ci-256	(set)	short-subject-search	plain	same program	pcrec_c4c70f2c_auto-caps-simdna	measured	pinned	1	max_ns	7389.569191	40	1.0000	0	0		
rank	ci-256	(set)	short-subject-search	plain	same program	pcrec_c4c70f2c_auto-caps-simdna	measured	pinned	1	stddev_ns	12.699186	40	1.0000	0	0		
rank	ci-256	(set)	short-subject-search	plain	same program	pcrec_c4c70f2c_auto-caps-simdna	measured	pinned	1	ratio_vs_baseline	1.000000	40	1.0000	0	0		
rank	ci-256	(set)	short-subject-search	plain	same program	pcrec_c4c70f2c_auto-caps-simdna	measured	pinned	1	ratio_vs_best	1.000000	40	1.0000	0	0		
rank	ci-256	(set)	short-subject-search	plain	same program	rust_1.13.1_default-caps-simdna	measured	pinned	2	median_ns	13783.770672	40	1.0000	0	0		
rank	ci-256	(set)	short-subject-search	plain	same program	rust_1.13.1_default-caps-simdna	measured	pinned	2	min_ns	13778.614833	40	1.0000	0	0		
rank	ci-256	(set)	short-subject-search	plain	same program	rust_1.13.1_default-caps-simdna	measured	pinned	2	max_ns	14275.154597	40	1.0000	0	0		
rank	ci-256	(set)	short-subject-search	plain	same program	rust_1.13.1_default-caps-simdna	measured	pinned	2	stddev_ns	192.476379	40	1.0000	0	0		
rank	ci-256	(set)	short-subject-search	plain	same program	rust_1.13.1_default-caps-simdna	measured	pinned	2	ratio_vs_baseline	1.869299	40	1.0000	0	0		
rank	ci-256	(set)	short-subject-search	plain	same program	rust_1.13.1_default-caps-simdna	measured	pinned	2	ratio_vs_best	1.869299	40	1.0000	0	0		
rank	ci-256	(set)	short-subject-search	plain	same program	libpcre2_10.46_jit-caps-simdna	measured	pinned	3	median_ns	1137035.352880	40	1.0000	0	0		
rank	ci-256	(set)	short-subject-search	plain	same program	libpcre2_10.46_jit-caps-simdna	measured	pinned	3	min_ns	1132524.405293	40	1.0000	0	0		
rank	ci-256	(set)	short-subject-search	plain	same program	libpcre2_10.46_jit-caps-simdna	measured	pinned	3	max_ns	1179342.624286	40	1.0000	0	0		
rank	ci-256	(set)	short-subject-search	plain	same program	libpcre2_10.46_jit-caps-simdna	measured	pinned	3	stddev_ns	19764.333236	40	1.0000	0	0		
rank	ci-256	(set)	short-subject-search	plain	same program	libpcre2_10.46_jit-caps-simdna	measured	pinned	3	ratio_vs_baseline	154.200096	40	1.0000	0	0		
rank	ci-256	(set)	short-subject-search	plain	same program	libpcre2_10.46_jit-caps-simdna	measured	pinned	3	ratio_vs_best	154.200096	40	1.0000	0	0		
rank	ci-256	(set)	short-subject-search	plain	same program	pcrec_c4c70f2c_vm-caps-simdna	measured	pinned	4	median_ns	10012046.905405	40	1.0000	0	0		
rank	ci-256	(set)	short-subject-search	plain	same program	pcrec_c4c70f2c_vm-caps-simdna	measured	pinned	4	min_ns	9982419.427928	40	1.0000	0	0		
rank	ci-256	(set)	short-subject-search	plain	same program	pcrec_c4c70f2c_vm-caps-simdna	measured	pinned	4	max_ns	10097020.914414	40	1.0000	0	0		
rank	ci-256	(set)	short-subject-search	plain	same program	pcrec_c4c70f2c_vm-caps-simdna	measured	pinned	4	stddev_ns	38690.476116	40	1.0000	0	0		
rank	ci-256	(set)	short-subject-search	plain	same program	pcrec_c4c70f2c_vm-caps-simdna	measured	pinned	4	ratio_vs_baseline	1357.792958	40	1.0000	0	0		
rank	ci-256	(set)	short-subject-search	plain	same program	pcrec_c4c70f2c_vm-caps-simdna	measured	pinned	4	ratio_vs_best	1357.792958	40	1.0000	0	0		
baseline	ci-512	(set)	large-subject-throughput			pcrec_c4c70f2c_auto-caps-simdna				baseline_identity	row-best-fallback					pcrec_c4c70f2c_auto-caps-simdna (row-best fallback -- interp absent from this group)	
rank	ci-512	(set)	large-subject-throughput	plain	same program	pcrec_c4c70f2c_auto-caps-simdna	measured	pinned	1	median_ns	4103849.037037	4	1.0000	0	0		
rank	ci-512	(set)	large-subject-throughput	plain	same program	pcrec_c4c70f2c_auto-caps-simdna	measured	pinned	1	min_ns	4103073.950617	4	1.0000	0	0		
rank	ci-512	(set)	large-subject-throughput	plain	same program	pcrec_c4c70f2c_auto-caps-simdna	measured	pinned	1	max_ns	4105988.419753	4	1.0000	0	0		
rank	ci-512	(set)	large-subject-throughput	plain	same program	pcrec_c4c70f2c_auto-caps-simdna	measured	pinned	1	stddev_ns	1222.240414	4	1.0000	0	0		
rank	ci-512	(set)	large-subject-throughput	plain	same program	pcrec_c4c70f2c_auto-caps-simdna	measured	pinned	1	ratio_vs_baseline	1.000000	4	1.0000	0	0		
rank	ci-512	(set)	large-subject-throughput	plain	same program	pcrec_c4c70f2c_auto-caps-simdna	measured	pinned	1	ratio_vs_best	1.000000	4	1.0000	0	0		
rank	ci-512	(set)	large-subject-throughput	plain	same program	rust_1.13.1_default-caps-simdna	measured	pinned	2	median_ns	493682127.000000	4	1.0000	0	0		
rank	ci-512	(set)	large-subject-throughput	plain	same program	rust_1.13.1_default-caps-simdna	measured	pinned	2	min_ns	490057248.000000	4	1.0000	0	0		
rank	ci-512	(set)	large-subject-throughput	plain	same program	rust_1.13.1_default-caps-simdna	measured	pinned	2	max_ns	510659046.000000	4	1.0000	0	0		
rank	ci-512	(set)	large-subject-throughput	plain	same program	rust_1.13.1_default-caps-simdna	measured	pinned	2	stddev_ns	7635885.310510	4	1.0000	0	0		
rank	ci-512	(set)	large-subject-throughput	plain	same program	rust_1.13.1_default-caps-simdna	measured	pinned	2	ratio_vs_baseline	120.297341	4	1.0000	0	0		
rank	ci-512	(set)	large-subject-throughput	plain	same program	rust_1.13.1_default-caps-simdna	measured	pinned	2	ratio_vs_best	120.297341	4	1.0000	0	0		
rank	ci-512	(set)	large-subject-throughput	plain	same program	libpcre2_10.46_jit-caps-simdna	measured	pinned	3	median_ns	597435702.000000	4	1.0000	0	0		
rank	ci-512	(set)	large-subject-throughput	plain	same program	libpcre2_10.46_jit-caps-simdna	measured	pinned	3	min_ns	595138699.000000	4	1.0000	0	0		
rank	ci-512	(set)	large-subject-throughput	plain	same program	libpcre2_10.46_jit-caps-simdna	measured	pinned	3	max_ns	598988549.000000	4	1.0000	0	0		
rank	ci-512	(set)	large-subject-throughput	plain	same program	libpcre2_10.46_jit-caps-simdna	measured	pinned	3	stddev_ns	1397980.725724	4	1.0000	0	0		
rank	ci-512	(set)	large-subject-throughput	plain	same program	libpcre2_10.46_jit-caps-simdna	measured	pinned	3	ratio_vs_baseline	145.579357	4	1.0000	0	0		
rank	ci-512	(set)	large-subject-throughput	plain	same program	libpcre2_10.46_jit-caps-simdna	measured	pinned	3	ratio_vs_best	145.579357	4	1.0000	0	0		
did_not_compile	ci-512	(set)	large-subject-throughput			pcrec_c4c70f2c_vm-caps-simdna	did-not-compile									pcrec: pattern too large: 717029 bytes of emitted code (limit 500000), which gcc cannot compile in reasonable time. A repeat's body is replicated and counts MULTIPLY through nesting -- lower a count, try --unroll=1, or raise --max-emit-code-bytes (pattern offset 0)	
baseline	ci-512	(set)	match-compliance			rust_1.13.1_default-caps-simdna				baseline_identity	row-best-fallback					rust_1.13.1_default-caps-simdna (row-best fallback -- interp absent from this group)	
rank	ci-512	(set)	match-compliance	whole-subject	separate artifact	rust_1.13.1_default-caps-simdna	measured	pinned	1	median_ns	1203.402596	40	1.0000	0	0		
rank	ci-512	(set)	match-compliance	whole-subject	separate artifact	rust_1.13.1_default-caps-simdna	measured	pinned	1	min_ns	1202.079045	40	1.0000	0	0		
rank	ci-512	(set)	match-compliance	whole-subject	separate artifact	rust_1.13.1_default-caps-simdna	measured	pinned	1	max_ns	1228.060611	40	1.0000	0	0		
rank	ci-512	(set)	match-compliance	whole-subject	separate artifact	rust_1.13.1_default-caps-simdna	measured	pinned	1	stddev_ns	10.085037	40	1.0000	0	0		
rank	ci-512	(set)	match-compliance	whole-subject	separate artifact	rust_1.13.1_default-caps-simdna	measured	pinned	1	ratio_vs_baseline	1.000000	40	1.0000	0	0		
rank	ci-512	(set)	match-compliance	whole-subject	separate artifact	rust_1.13.1_default-caps-simdna	measured	pinned	1	ratio_vs_best	1.000000	40	1.0000	0	0		
rank	ci-512	(set)	match-compliance	whole-subject	separate artifact	pcrec_c4c70f2c_auto-caps-simdna	measured	pinned	2	median_ns	1537.811253	40	1.0000	0	0		
rank	ci-512	(set)	match-compliance	whole-subject	separate artifact	pcrec_c4c70f2c_auto-caps-simdna	measured	pinned	2	min_ns	1535.285516	40	1.0000	0	0		
rank	ci-512	(set)	match-compliance	whole-subject	separate artifact	pcrec_c4c70f2c_auto-caps-simdna	measured	pinned	2	max_ns	1539.430656	40	1.0000	0	0		
rank	ci-512	(set)	match-compliance	whole-subject	separate artifact	pcrec_c4c70f2c_auto-caps-simdna	measured	pinned	2	stddev_ns	1.427610	40	1.0000	0	0		
rank	ci-512	(set)	match-compliance	whole-subject	separate artifact	pcrec_c4c70f2c_auto-caps-simdna	measured	pinned	2	ratio_vs_baseline	1.277886	40	1.0000	0	0		
rank	ci-512	(set)	match-compliance	whole-subject	separate artifact	pcrec_c4c70f2c_auto-caps-simdna	measured	pinned	2	ratio_vs_best	1.277886	40	1.0000	0	0		
rank	ci-512	(set)	match-compliance	plain	same program	libpcre2_10.46_jit-caps-simdna	measured	pinned	3	median_ns	147110.823166	40	1.0000	0	0		
rank	ci-512	(set)	match-compliance	plain	same program	libpcre2_10.46_jit-caps-simdna	measured	pinned	3	min_ns	144196.879346	40	1.0000	0	0		
rank	ci-512	(set)	match-compliance	plain	same program	libpcre2_10.46_jit-caps-simdna	measured	pinned	3	max_ns	149978.757585	40	1.0000	0	0		
rank	ci-512	(set)	match-compliance	plain	same program	libpcre2_10.46_jit-caps-simdna	measured	pinned	3	stddev_ns	1980.740395	40	1.0000	0	0		
rank	ci-512	(set)	match-compliance	plain	same program	libpcre2_10.46_jit-caps-simdna	measured	pinned	3	ratio_vs_baseline	122.245725	40	1.0000	0	0		
rank	ci-512	(set)	match-compliance	plain	same program	libpcre2_10.46_jit-caps-simdna	measured	pinned	3	ratio_vs_best	122.245725	40	1.0000	0	0		
did_not_compile	ci-512	(set)	match-compliance			pcrec_c4c70f2c_vm-caps-simdna	did-not-compile									pcrec: pattern too large: 717029 bytes of emitted code (limit 500000), which gcc cannot compile in reasonable time. A repeat's body is replicated and counts MULTIPLY through nesting -- lower a count, try --unroll=1, or raise --max-emit-code-bytes (pattern offset 0)	
baseline	ci-512	(set)	short-subject-search			pcrec_c4c70f2c_auto-caps-simdna				baseline_identity	row-best-fallback					pcrec_c4c70f2c_auto-caps-simdna (row-best fallback -- interp absent from this group)	
rank	ci-512	(set)	short-subject-search	plain	same program	pcrec_c4c70f2c_auto-caps-simdna	measured	pinned	1	median_ns	13466.328751	40	1.0000	0	0		
rank	ci-512	(set)	short-subject-search	plain	same program	pcrec_c4c70f2c_auto-caps-simdna	measured	pinned	1	min_ns	13461.692036	40	1.0000	0	0		
rank	ci-512	(set)	short-subject-search	plain	same program	pcrec_c4c70f2c_auto-caps-simdna	measured	pinned	1	max_ns	13480.219517	40	1.0000	0	0		
rank	ci-512	(set)	short-subject-search	plain	same program	pcrec_c4c70f2c_auto-caps-simdna	measured	pinned	1	stddev_ns	6.683371	40	1.0000	0	0		
rank	ci-512	(set)	short-subject-search	plain	same program	pcrec_c4c70f2c_auto-caps-simdna	measured	pinned	1	ratio_vs_baseline	1.000000	40	1.0000	0	0		
rank	ci-512	(set)	short-subject-search	plain	same program	pcrec_c4c70f2c_auto-caps-simdna	measured	pinned	1	ratio_vs_best	1.000000	40	1.0000	0	0		
rank	ci-512	(set)	short-subject-search	plain	same program	rust_1.13.1_default-caps-simdna	measured	pinned	2	median_ns	18523.038587	40	1.0000	0	0		
rank	ci-512	(set)	short-subject-search	plain	same program	rust_1.13.1_default-caps-simdna	measured	pinned	2	min_ns	18436.733474	40	1.0000	0	0		
rank	ci-512	(set)	short-subject-search	plain	same program	rust_1.13.1_default-caps-simdna	measured	pinned	2	max_ns	18580.061044	40	1.0000	0	0		
rank	ci-512	(set)	short-subject-search	plain	same program	rust_1.13.1_default-caps-simdna	measured	pinned	2	stddev_ns	48.031355	40	1.0000	0	0		
rank	ci-512	(set)	short-subject-search	plain	same program	rust_1.13.1_default-caps-simdna	measured	pinned	2	ratio_vs_baseline	1.375508	40	1.0000	0	0		
rank	ci-512	(set)	short-subject-search	plain	same program	rust_1.13.1_default-caps-simdna	measured	pinned	2	ratio_vs_best	1.375508	40	1.0000	0	0		
rank	ci-512	(set)	short-subject-search	plain	same program	libpcre2_10.46_jit-caps-simdna	measured	pinned	3	median_ns	2633654.800977	40	1.0000	0	0		
rank	ci-512	(set)	short-subject-search	plain	same program	libpcre2_10.46_jit-caps-simdna	measured	pinned	3	min_ns	2626253.588523	40	1.0000	0	0		
rank	ci-512	(set)	short-subject-search	plain	same program	libpcre2_10.46_jit-caps-simdna	measured	pinned	3	max_ns	2635493.529915	40	1.0000	0	0		
rank	ci-512	(set)	short-subject-search	plain	same program	libpcre2_10.46_jit-caps-simdna	measured	pinned	3	stddev_ns	3657.431892	40	1.0000	0	0		
rank	ci-512	(set)	short-subject-search	plain	same program	libpcre2_10.46_jit-caps-simdna	measured	pinned	3	ratio_vs_baseline	195.573333	40	1.0000	0	0		
rank	ci-512	(set)	short-subject-search	plain	same program	libpcre2_10.46_jit-caps-simdna	measured	pinned	3	ratio_vs_best	195.573333	40	1.0000	0	0		
did_not_compile	ci-512	(set)	short-subject-search			pcrec_c4c70f2c_vm-caps-simdna	did-not-compile									pcrec: pattern too large: 717029 bytes of emitted code (limit 500000), which gcc cannot compile in reasonable time. A repeat's body is replicated and counts MULTIPLY through nesting -- lower a count, try --unroll=1, or raise --max-emit-code-bytes (pattern offset 0)	
baseline	clsa-1024	(set)	large-subject-throughput			libpcre2_10.46_jit-caps-simdna				baseline_identity	row-best-fallback					libpcre2_10.46_jit-caps-simdna (row-best fallback -- interp absent from this group)	
rank	clsa-1024	(set)	large-subject-throughput	plain	same program	libpcre2_10.46_jit-caps-simdna	measured	pinned	1	median_ns	1221849773.000000	4	1.0000	0	0		
rank	clsa-1024	(set)	large-subject-throughput	plain	same program	libpcre2_10.46_jit-caps-simdna	measured	pinned	1	min_ns	1216733697.000000	4	1.0000	0	0		
rank	clsa-1024	(set)	large-subject-throughput	plain	same program	libpcre2_10.46_jit-caps-simdna	measured	pinned	1	max_ns	1295589260.000000	4	1.0000	0	0		
rank	clsa-1024	(set)	large-subject-throughput	plain	same program	libpcre2_10.46_jit-caps-simdna	measured	pinned	1	stddev_ns	30071114.806674	4	1.0000	0	0		
rank	clsa-1024	(set)	large-subject-throughput	plain	same program	libpcre2_10.46_jit-caps-simdna	measured	pinned	1	ratio_vs_baseline	1.000000	4	1.0000	0	0		
rank	clsa-1024	(set)	large-subject-throughput	plain	same program	libpcre2_10.46_jit-caps-simdna	measured	pinned	1	ratio_vs_best	1.000000	4	1.0000	0	0		
rank	clsa-1024	(set)	large-subject-throughput	plain	same program	rust_1.13.1_default-caps-simdna	measured	pinned	2	median_ns	2848540952.000000	4	1.0000	0	0		
rank	clsa-1024	(set)	large-subject-throughput	plain	same program	rust_1.13.1_default-caps-simdna	measured	pinned	2	min_ns	2805660567.000000	4	1.0000	0	0		
rank	clsa-1024	(set)	large-subject-throughput	plain	same program	rust_1.13.1_default-caps-simdna	measured	pinned	2	max_ns	2890300639.000000	4	1.0000	0	0		
rank	clsa-1024	(set)	large-subject-throughput	plain	same program	rust_1.13.1_default-caps-simdna	measured	pinned	2	stddev_ns	32091946.401859	4	1.0000	0	0		
rank	clsa-1024	(set)	large-subject-throughput	plain	same program	rust_1.13.1_default-caps-simdna	measured	pinned	2	ratio_vs_baseline	2.331335	4	1.0000	0	0		
rank	clsa-1024	(set)	large-subject-throughput	plain	same program	rust_1.13.1_default-caps-simdna	measured	pinned	2	ratio_vs_best	2.331335	4	1.0000	0	0		
did_not_compile	clsa-1024	(set)	large-subject-throughput			pcrec_c4c70f2c_auto-caps-simdna	did-not-compile									pcrec: pattern too large: 1250767 bytes of emitted C source (limit 1000000, ~207 KB .o). Lower a repeat count, try --unroll=1, or raise --max-emit-bytes; see limits.md "Handling an oversized artifact" (pattern offset 0)	
did_not_compile	clsa-1024	(set)	large-subject-throughput			pcrec_c4c70f2c_vm-caps-simdna	did-not-compile									pcrec: pattern too large: 558084 bytes of emitted code (limit 500000), which gcc cannot compile in reasonable time. A repeat's body is replicated and counts MULTIPLY through nesting -- lower a count, try --unroll=1, or raise --max-emit-code-bytes (pattern offset 0)	
baseline	clsa-1024	(set)	match-compliance			rust_1.13.1_default-caps-simdna				baseline_identity	row-best-fallback					rust_1.13.1_default-caps-simdna (row-best fallback -- interp absent from this group)	
rank	clsa-1024	(set)	match-compliance	whole-subject	separate artifact	rust_1.13.1_default-caps-simdna	measured	pinned	1	median_ns	591.787483	40	1.0000	0	0		
rank	clsa-1024	(set)	match-compliance	whole-subject	separate artifact	rust_1.13.1_default-caps-simdna	measured	pinned	1	min_ns	589.773901	40	1.0000	0	0		
rank	clsa-1024	(set)	match-compliance	whole-subject	separate artifact	rust_1.13.1_default-caps-simdna	measured	pinned	1	max_ns	613.409743	40	1.0000	0	0		
rank	clsa-1024	(set)	match-compliance	whole-subject	separate artifact	rust_1.13.1_default-caps-simdna	measured	pinned	1	stddev_ns	8.906729	40	1.0000	0	0		
rank	clsa-1024	(set)	match-compliance	whole-subject	separate artifact	rust_1.13.1_default-caps-simdna	measured	pinned	1	ratio_vs_baseline	1.000000	40	1.0000	0	0		
rank	clsa-1024	(set)	match-compliance	whole-subject	separate artifact	rust_1.13.1_default-caps-simdna	measured	pinned	1	ratio_vs_best	1.000000	40	1.0000	0	0		
rank	clsa-1024	(set)	match-compliance	plain	same program	libpcre2_10.46_jit-caps-simdna	measured	pinned	2	median_ns	235632.388026	40	1.0000	0	0		
rank	clsa-1024	(set)	match-compliance	plain	same program	libpcre2_10.46_jit-caps-simdna	measured	pinned	2	min_ns	229533.638680	40	1.0000	0	0		
rank	clsa-1024	(set)	match-compliance	plain	same program	libpcre2_10.46_jit-caps-simdna	measured	pinned	2	max_ns	271176.339044	40	1.0000	0	0		
rank	clsa-1024	(set)	match-compliance	plain	same program	libpcre2_10.46_jit-caps-simdna	measured	pinned	2	stddev_ns	15240.148292	40	1.0000	0	0		
rank	clsa-1024	(set)	match-compliance	plain	same program	libpcre2_10.46_jit-caps-simdna	measured	pinned	2	ratio_vs_baseline	398.170618	40	1.0000	0	0		
rank	clsa-1024	(set)	match-compliance	plain	same program	libpcre2_10.46_jit-caps-simdna	measured	pinned	2	ratio_vs_best	398.170618	40	1.0000	0	0		
did_not_compile	clsa-1024	(set)	match-compliance			pcrec_c4c70f2c_auto-caps-simdna	did-not-compile									pcrec: pattern too large: 1250767 bytes of emitted C source (limit 1000000, ~207 KB .o). Lower a repeat count, try --unroll=1, or raise --max-emit-bytes; see limits.md "Handling an oversized artifact" (pattern offset 0)	
did_not_compile	clsa-1024	(set)	match-compliance			pcrec_c4c70f2c_vm-caps-simdna	did-not-compile									pcrec: pattern too large: 558084 bytes of emitted code (limit 500000), which gcc cannot compile in reasonable time. A repeat's body is replicated and counts MULTIPLY through nesting -- lower a count, try --unroll=1, or raise --max-emit-code-bytes (pattern offset 0)	
baseline	clsa-1024	(set)	short-subject-search			rust_1.13.1_default-caps-simdna				baseline_identity	row-best-fallback					rust_1.13.1_default-caps-simdna (row-best fallback -- interp absent from this group)	
rank	clsa-1024	(set)	short-subject-search	plain	same program	rust_1.13.1_default-caps-simdna	measured	pinned	1	median_ns	26884.510388	40	1.0000	0	0		
rank	clsa-1024	(set)	short-subject-search	plain	same program	rust_1.13.1_default-caps-simdna	measured	pinned	1	min_ns	26529.813767	40	1.0000	0	0		
rank	clsa-1024	(set)	short-subject-search	plain	same program	rust_1.13.1_default-caps-simdna	measured	pinned	1	max_ns	27971.080100	40	1.0000	0	0		
rank	clsa-1024	(set)	short-subject-search	plain	same program	rust_1.13.1_default-caps-simdna	measured	pinned	1	stddev_ns	518.676348	40	1.0000	0	0		
rank	clsa-1024	(set)	short-subject-search	plain	same program	rust_1.13.1_default-caps-simdna	measured	pinned	1	ratio_vs_baseline	1.000000	40	1.0000	0	0		
rank	clsa-1024	(set)	short-subject-search	plain	same program	rust_1.13.1_default-caps-simdna	measured	pinned	1	ratio_vs_best	1.000000	40	1.0000	0	0		
rank	clsa-1024	(set)	short-subject-search	plain	same program	libpcre2_10.46_jit-caps-simdna	measured	pinned	2	median_ns	5946326.090047	40	1.0000	0	0		
rank	clsa-1024	(set)	short-subject-search	plain	same program	libpcre2_10.46_jit-caps-simdna	measured	pinned	2	min_ns	5911608.383886	40	1.0000	0	0		
rank	clsa-1024	(set)	short-subject-search	plain	same program	libpcre2_10.46_jit-caps-simdna	measured	pinned	2	max_ns	5985568.644550	40	1.0000	0	0		
rank	clsa-1024	(set)	short-subject-search	plain	same program	libpcre2_10.46_jit-caps-simdna	measured	pinned	2	stddev_ns	28373.373495	40	1.0000	0	0		
rank	clsa-1024	(set)	short-subject-search	plain	same program	libpcre2_10.46_jit-caps-simdna	measured	pinned	2	ratio_vs_baseline	221.180375	40	1.0000	0	0		
rank	clsa-1024	(set)	short-subject-search	plain	same program	libpcre2_10.46_jit-caps-simdna	measured	pinned	2	ratio_vs_best	221.180375	40	1.0000	0	0		
did_not_compile	clsa-1024	(set)	short-subject-search			pcrec_c4c70f2c_auto-caps-simdna	did-not-compile									pcrec: pattern too large: 1250767 bytes of emitted C source (limit 1000000, ~207 KB .o). Lower a repeat count, try --unroll=1, or raise --max-emit-bytes; see limits.md "Handling an oversized artifact" (pattern offset 0)	
did_not_compile	clsa-1024	(set)	short-subject-search			pcrec_c4c70f2c_vm-caps-simdna	did-not-compile									pcrec: pattern too large: 558084 bytes of emitted code (limit 500000), which gcc cannot compile in reasonable time. A repeat's body is replicated and counts MULTIPLY through nesting -- lower a count, try --unroll=1, or raise --max-emit-code-bytes (pattern offset 0)	
baseline	clsa-256	(set)	large-subject-throughput			pcrec_c4c70f2c_auto-caps-simdna				baseline_identity	row-best-fallback					pcrec_c4c70f2c_auto-caps-simdna (row-best fallback -- interp absent from this group)	
rank	clsa-256	(set)	large-subject-throughput	plain	same program	pcrec_c4c70f2c_auto-caps-simdna	measured	pinned	1	median_ns	2886542.810345	4	1.0000	0	0		
rank	clsa-256	(set)	large-subject-throughput	plain	same program	pcrec_c4c70f2c_auto-caps-simdna	measured	pinned	1	min_ns	2879892.241379	4	1.0000	0	0		
rank	clsa-256	(set)	large-subject-throughput	plain	same program	pcrec_c4c70f2c_auto-caps-simdna	measured	pinned	1	max_ns	2896504.043103	4	1.0000	0	0		
rank	clsa-256	(set)	large-subject-throughput	plain	same program	pcrec_c4c70f2c_auto-caps-simdna	measured	pinned	1	stddev_ns	5852.497955	4	1.0000	0	0		
rank	clsa-256	(set)	large-subject-throughput	plain	same program	pcrec_c4c70f2c_auto-caps-simdna	measured	pinned	1	ratio_vs_baseline	1.000000	4	1.0000	0	0		
rank	clsa-256	(set)	large-subject-throughput	plain	same program	pcrec_c4c70f2c_auto-caps-simdna	measured	pinned	1	ratio_vs_best	1.000000	4	1.0000	0	0		
rank	clsa-256	(set)	large-subject-throughput	plain	same program	rust_1.13.1_default-caps-simdna	measured	pinned	2	median_ns	65692668.000000	4	1.0000	0	0		
rank	clsa-256	(set)	large-subject-throughput	plain	same program	rust_1.13.1_default-caps-simdna	measured	pinned	2	min_ns	60761893.000000	4	1.0000	0	0		
rank	clsa-256	(set)	large-subject-throughput	plain	same program	rust_1.13.1_default-caps-simdna	measured	pinned	2	max_ns	67647207.500000	4	1.0000	0	0		
rank	clsa-256	(set)	large-subject-throughput	plain	same program	rust_1.13.1_default-caps-simdna	measured	pinned	2	stddev_ns	2927144.517393	4	1.0000	0	0		
rank	clsa-256	(set)	large-subject-throughput	plain	same program	rust_1.13.1_default-caps-simdna	measured	pinned	2	ratio_vs_baseline	22.758252	4	1.0000	0	0		
rank	clsa-256	(set)	large-subject-throughput	plain	same program	rust_1.13.1_default-caps-simdna	measured	pinned	2	ratio_vs_best	22.758252	4	1.0000	0	0		
rank	clsa-256	(set)	large-subject-throughput	plain	same program	libpcre2_10.46_jit-caps-simdna	measured	pinned	3	median_ns	229649366.500000	4	1.0000	0	0		
rank	clsa-256	(set)	large-subject-throughput	plain	same program	libpcre2_10.46_jit-caps-simdna	measured	pinned	3	min_ns	226842482.000000	4	1.0000	0	0		
rank	clsa-256	(set)	large-subject-throughput	plain	same program	libpcre2_10.46_jit-caps-simdna	measured	pinned	3	max_ns	238027501.500000	4	1.0000	0	0		
rank	clsa-256	(set)	large-subject-throughput	plain	same program	libpcre2_10.46_jit-caps-simdna	measured	pinned	3	stddev_ns	4308958.951100	4	1.0000	0	0		
rank	clsa-256	(set)	large-subject-throughput	plain	same program	libpcre2_10.46_jit-caps-simdna	measured	pinned	3	ratio_vs_baseline	79.558621	4	1.0000	0	0		
rank	clsa-256	(set)	large-subject-throughput	plain	same program	libpcre2_10.46_jit-caps-simdna	measured	pinned	3	ratio_vs_best	79.558621	4	1.0000	0	0		
rank	clsa-256	(set)	large-subject-throughput	plain	same program	pcrec_c4c70f2c_vm-caps-simdna	measured	pinned	4	median_ns	1618144858.000000	4	1.0000	0	0		
rank	clsa-256	(set)	large-subject-throughput	plain	same program	pcrec_c4c70f2c_vm-caps-simdna	measured	pinned	4	min_ns	1616020607.000000	4	1.0000	0	0		
rank	clsa-256	(set)	large-subject-throughput	plain	same program	pcrec_c4c70f2c_vm-caps-simdna	measured	pinned	4	max_ns	1620550621.000000	4	1.0000	0	0		
rank	clsa-256	(set)	large-subject-throughput	plain	same program	pcrec_c4c70f2c_vm-caps-simdna	measured	pinned	4	stddev_ns	1598690.538440	4	1.0000	0	0		
rank	clsa-256	(set)	large-subject-throughput	plain	same program	pcrec_c4c70f2c_vm-caps-simdna	measured	pinned	4	ratio_vs_baseline	560.582317	4	1.0000	0	0		
rank	clsa-256	(set)	large-subject-throughput	plain	same program	pcrec_c4c70f2c_vm-caps-simdna	measured	pinned	4	ratio_vs_best	560.582317	4	1.0000	0	0		
baseline	clsa-256	(set)	match-compliance			rust_1.13.1_default-caps-simdna				baseline_identity	row-best-fallback					rust_1.13.1_default-caps-simdna (row-best fallback -- interp absent from this group)	
rank	clsa-256	(set)	match-compliance	whole-subject	separate artifact	rust_1.13.1_default-caps-simdna	measured	pinned	1	median_ns	580.485525	40	1.0000	0	0		
rank	clsa-256	(set)	match-compliance	whole-subject	separate artifact	rust_1.13.1_default-caps-simdna	measured	pinned	1	min_ns	578.476607	40	1.0000	0	0		
rank	clsa-256	(set)	match-compliance	whole-subject	separate artifact	rust_1.13.1_default-caps-simdna	measured	pinned	1	max_ns	580.773861	40	1.0000	0	0		
rank	clsa-256	(set)	match-compliance	whole-subject	separate artifact	rust_1.13.1_default-caps-simdna	measured	pinned	1	stddev_ns	0.835095	40	1.0000	0	0		
rank	clsa-256	(set)	match-compliance	whole-subject	separate artifact	rust_1.13.1_default-caps-simdna	measured	pinned	1	ratio_vs_baseline	1.000000	40	1.0000	0	0		
rank	clsa-256	(set)	match-compliance	whole-subject	separate artifact	rust_1.13.1_default-caps-simdna	measured	pinned	1	ratio_vs_best	1.000000	40	1.0000	0	0		
rank	clsa-256	(set)	match-compliance	whole-subject	separate artifact	pcrec_c4c70f2c_auto-caps-simdna	measured	pinned	2	median_ns	987.434784	40	1.0000	0	0		
rank	clsa-256	(set)	match-compliance	whole-subject	separate artifact	pcrec_c4c70f2c_auto-caps-simdna	measured	pinned	2	min_ns	986.668615	40	1.0000	0	0		
rank	clsa-256	(set)	match-compliance	whole-subject	separate artifact	pcrec_c4c70f2c_auto-caps-simdna	measured	pinned	2	max_ns	991.050968	40	1.0000	0	0		
rank	clsa-256	(set)	match-compliance	whole-subject	separate artifact	pcrec_c4c70f2c_auto-caps-simdna	measured	pinned	2	stddev_ns	1.563280	40	1.0000	0	0		
rank	clsa-256	(set)	match-compliance	whole-subject	separate artifact	pcrec_c4c70f2c_auto-caps-simdna	measured	pinned	2	ratio_vs_baseline	1.701050	40	1.0000	0	0		
rank	clsa-256	(set)	match-compliance	whole-subject	separate artifact	pcrec_c4c70f2c_auto-caps-simdna	measured	pinned	2	ratio_vs_best	1.701050	40	1.0000	0	0		
rank	clsa-256	(set)	match-compliance	plain	same program	libpcre2_10.46_jit-caps-simdna	measured	pinned	3	median_ns	61248.221723	40	1.0000	0	0		
rank	clsa-256	(set)	match-compliance	plain	same program	libpcre2_10.46_jit-caps-simdna	measured	pinned	3	min_ns	58893.072659	40	1.0000	0	0		
rank	clsa-256	(set)	match-compliance	plain	same program	libpcre2_10.46_jit-caps-simdna	measured	pinned	3	max_ns	67936.003295	40	1.0000	0	0		
rank	clsa-256	(set)	match-compliance	plain	same program	libpcre2_10.46_jit-caps-simdna	measured	pinned	3	stddev_ns	3149.754669	40	1.0000	0	0		
rank	clsa-256	(set)	match-compliance	plain	same program	libpcre2_10.46_jit-caps-simdna	measured	pinned	3	ratio_vs_baseline	105.512057	40	1.0000	0	0		
rank	clsa-256	(set)	match-compliance	plain	same program	libpcre2_10.46_jit-caps-simdna	measured	pinned	3	ratio_vs_best	105.512057	40	1.0000	0	0		
rank	clsa-256	(set)	match-compliance	whole-subject	separate artifact	pcrec_c4c70f2c_vm-caps-simdna	measured	pinned	4	median_ns	69900.977551	40	1.0000	0	0		
rank	clsa-256	(set)	match-compliance	whole-subject	separate artifact	pcrec_c4c70f2c_vm-caps-simdna	measured	pinned	4	min_ns	69878.980783	40	1.0000	0	0		
rank	clsa-256	(set)	match-compliance	whole-subject	separate artifact	pcrec_c4c70f2c_vm-caps-simdna	measured	pinned	4	max_ns	69969.805551	40	1.0000	0	0		
rank	clsa-256	(set)	match-compliance	whole-subject	separate artifact	pcrec_c4c70f2c_vm-caps-simdna	measured	pinned	4	stddev_ns	32.959981	40	1.0000	0	0		
rank	clsa-256	(set)	match-compliance	whole-subject	separate artifact	pcrec_c4c70f2c_vm-caps-simdna	measured	pinned	4	ratio_vs_baseline	120.418123	40	1.0000	0	0		
rank	clsa-256	(set)	match-compliance	whole-subject	separate artifact	pcrec_c4c70f2c_vm-caps-simdna	measured	pinned	4	ratio_vs_best	120.418123	40	1.0000	0	0		
baseline	clsa-256	(set)	short-subject-search			pcrec_c4c70f2c_auto-caps-simdna				baseline_identity	row-best-fallback					pcrec_c4c70f2c_auto-caps-simdna (row-best fallback -- interp absent from this group)	
rank	clsa-256	(set)	short-subject-search	plain	same program	pcrec_c4c70f2c_auto-caps-simdna	measured	pinned	1	median_ns	8166.624652	40	1.0000	0	0		
rank	clsa-256	(set)	short-subject-search	plain	same program	pcrec_c4c70f2c_auto-caps-simdna	measured	pinned	1	min_ns	8154.841888	40	1.0000	0	0		
rank	clsa-256	(set)	short-subject-search	plain	same program	pcrec_c4c70f2c_auto-caps-simdna	measured	pinned	1	max_ns	8186.169938	40	1.0000	0	0		
rank	clsa-256	(set)	short-subject-search	plain	same program	pcrec_c4c70f2c_auto-caps-simdna	measured	pinned	1	stddev_ns	10.760284	40	1.0000	0	0		
rank	clsa-256	(set)	short-subject-search	plain	same program	pcrec_c4c70f2c_auto-caps-simdna	measured	pinned	1	ratio_vs_baseline	1.000000	40	1.0000	0	0		
rank	clsa-256	(set)	short-subject-search	plain	same program	pcrec_c4c70f2c_auto-caps-simdna	measured	pinned	1	ratio_vs_best	1.000000	40	1.0000	0	0		
rank	clsa-256	(set)	short-subject-search	plain	same program	rust_1.13.1_default-caps-simdna	measured	pinned	2	median_ns	11830.763338	40	1.0000	0	0		
rank	clsa-256	(set)	short-subject-search	plain	same program	rust_1.13.1_default-caps-simdna	measured	pinned	2	min_ns	11822.383230	40	1.0000	0	0		
rank	clsa-256	(set)	short-subject-search	plain	same program	rust_1.13.1_default-caps-simdna	measured	pinned	2	max_ns	11850.793502	40	1.0000	0	0		
rank	clsa-256	(set)	short-subject-search	plain	same program	rust_1.13.1_default-caps-simdna	measured	pinned	2	stddev_ns	9.774781	40	1.0000	0	0		
rank	clsa-256	(set)	short-subject-search	plain	same program	rust_1.13.1_default-caps-simdna	measured	pinned	2	ratio_vs_baseline	1.448672	40	1.0000	0	0		
rank	clsa-256	(set)	short-subject-search	plain	same program	rust_1.13.1_default-caps-simdna	measured	pinned	2	ratio_vs_best	1.448672	40	1.0000	0	0		
rank	clsa-256	(set)	short-subject-search	plain	same program	libpcre2_10.46_jit-caps-simdna	measured	pinned	3	median_ns	1206717.774224	40	1.0000	0	0		
rank	clsa-256	(set)	short-subject-search	plain	same program	libpcre2_10.46_jit-caps-simdna	measured	pinned	3	min_ns	1154874.333020	40	1.0000	0	0		
rank	clsa-256	(set)	short-subject-search	plain	same program	libpcre2_10.46_jit-caps-simdna	measured	pinned	3	max_ns	1240661.834431	40	1.0000	0	0		
rank	clsa-256	(set)	short-subject-search	plain	same program	libpcre2_10.46_jit-caps-simdna	measured	pinned	3	stddev_ns	35224.241548	40	1.0000	0	0		
rank	clsa-256	(set)	short-subject-search	plain	same program	libpcre2_10.46_jit-caps-simdna	measured	pinned	3	ratio_vs_baseline	147.762120	40	1.0000	0	0		
rank	clsa-256	(set)	short-subject-search	plain	same program	libpcre2_10.46_jit-caps-simdna	measured	pinned	3	ratio_vs_best	147.762120	40	1.0000	0	0		
rank	clsa-256	(set)	short-subject-search	plain	same program	pcrec_c4c70f2c_vm-caps-simdna	measured	pinned	4	median_ns	8824307.372093	40	1.0000	0	0		
rank	clsa-256	(set)	short-subject-search	plain	same program	pcrec_c4c70f2c_vm-caps-simdna	measured	pinned	4	min_ns	8803115.674419	40	1.0000	0	0		
rank	clsa-256	(set)	short-subject-search	plain	same program	pcrec_c4c70f2c_vm-caps-simdna	measured	pinned	4	max_ns	8878713.000000	40	1.0000	0	0		
rank	clsa-256	(set)	short-subject-search	plain	same program	pcrec_c4c70f2c_vm-caps-simdna	measured	pinned	4	stddev_ns	25598.043792	40	1.0000	0	0		
rank	clsa-256	(set)	short-subject-search	plain	same program	pcrec_c4c70f2c_vm-caps-simdna	measured	pinned	4	ratio_vs_baseline	1080.532992	40	1.0000	0	0		
rank	clsa-256	(set)	short-subject-search	plain	same program	pcrec_c4c70f2c_vm-caps-simdna	measured	pinned	4	ratio_vs_best	1080.532992	40	1.0000	0	0		
baseline	clsa-64	(set)	large-subject-throughput			rust_1.13.1_default-caps-simdna				baseline_identity	row-best-fallback					rust_1.13.1_default-caps-simdna (row-best fallback -- interp absent from this group)	
rank	clsa-64	(set)	large-subject-throughput	plain	same program	rust_1.13.1_default-caps-simdna	measured	pinned	1	median_ns	2197204.975000	4	1.0000	0	0		
rank	clsa-64	(set)	large-subject-throughput	plain	same program	rust_1.13.1_default-caps-simdna	measured	pinned	1	min_ns	2196096.050000	4	1.0000	0	0		
rank	clsa-64	(set)	large-subject-throughput	plain	same program	rust_1.13.1_default-caps-simdna	measured	pinned	1	max_ns	2207775.941667	4	1.0000	0	0		
rank	clsa-64	(set)	large-subject-throughput	plain	same program	rust_1.13.1_default-caps-simdna	measured	pinned	1	stddev_ns	4376.650056	4	1.0000	0	0		
rank	clsa-64	(set)	large-subject-throughput	plain	same program	rust_1.13.1_default-caps-simdna	measured	pinned	1	ratio_vs_baseline	1.000000	4	1.0000	0	0		
rank	clsa-64	(set)	large-subject-throughput	plain	same program	rust_1.13.1_default-caps-simdna	measured	pinned	1	ratio_vs_best	1.000000	4	1.0000	0	0		
rank	clsa-64	(set)	large-subject-throughput	plain	same program	pcrec_c4c70f2c_auto-caps-simdna	measured	pinned	2	median_ns	3398941.656250	4	1.0000	0	0		
rank	clsa-64	(set)	large-subject-throughput	plain	same program	pcrec_c4c70f2c_auto-caps-simdna	measured	pinned	2	min_ns	3390773.385417	4	1.0000	0	0		
rank	clsa-64	(set)	large-subject-throughput	plain	same program	pcrec_c4c70f2c_auto-caps-simdna	measured	pinned	2	max_ns	3405900.333333	4	1.0000	0	0		
rank	clsa-64	(set)	large-subject-throughput	plain	same program	pcrec_c4c70f2c_auto-caps-simdna	measured	pinned	2	stddev_ns	5353.481722	4	1.0000	0	0		
rank	clsa-64	(set)	large-subject-throughput	plain	same program	pcrec_c4c70f2c_auto-caps-simdna	measured	pinned	2	ratio_vs_baseline	1.546939	4	1.0000	0	0		
rank	clsa-64	(set)	large-subject-throughput	plain	same program	pcrec_c4c70f2c_auto-caps-simdna	measured	pinned	2	ratio_vs_best	1.546939	4	1.0000	0	0		
rank	clsa-64	(set)	large-subject-throughput	plain	same program	libpcre2_10.46_jit-caps-simdna	measured	pinned	3	median_ns	33011806.700000	4	1.0000	0	0		
rank	clsa-64	(set)	large-subject-throughput	plain	same program	libpcre2_10.46_jit-caps-simdna	measured	pinned	3	min_ns	32951653.200000	4	1.0000	0	0		
rank	clsa-64	(set)	large-subject-throughput	plain	same program	libpcre2_10.46_jit-caps-simdna	measured	pinned	3	max_ns	33179701.300000	4	1.0000	0	0		
rank	clsa-64	(set)	large-subject-throughput	plain	same program	libpcre2_10.46_jit-caps-simdna	measured	pinned	3	stddev_ns	85262.298336	4	1.0000	0	0		
rank	clsa-64	(set)	large-subject-throughput	plain	same program	libpcre2_10.46_jit-caps-simdna	measured	pinned	3	ratio_vs_baseline	15.024455	4	1.0000	0	0		
rank	clsa-64	(set)	large-subject-throughput	plain	same program	libpcre2_10.46_jit-caps-simdna	measured	pinned	3	ratio_vs_best	15.024455	4	1.0000	0	0		
rank	clsa-64	(set)	large-subject-throughput	plain	same program	pcrec_c4c70f2c_vm-caps-simdna	measured	pinned	4	median_ns	247841480.000000	4	1.0000	0	0		
rank	clsa-64	(set)	large-subject-throughput	plain	same program	pcrec_c4c70f2c_vm-caps-simdna	measured	pinned	4	min_ns	247055466.000000	4	1.0000	0	0		
rank	clsa-64	(set)	large-subject-throughput	plain	same program	pcrec_c4c70f2c_vm-caps-simdna	measured	pinned	4	max_ns	248890130.500000	4	1.0000	0	0		
rank	clsa-64	(set)	large-subject-throughput	plain	same program	pcrec_c4c70f2c_vm-caps-simdna	measured	pinned	4	stddev_ns	694325.809838	4	1.0000	0	0		
rank	clsa-64	(set)	large-subject-throughput	plain	same program	pcrec_c4c70f2c_vm-caps-simdna	measured	pinned	4	ratio_vs_baseline	112.798525	4	1.0000	0	0		
rank	clsa-64	(set)	large-subject-throughput	plain	same program	pcrec_c4c70f2c_vm-caps-simdna	measured	pinned	4	ratio_vs_best	112.798525	4	1.0000	0	0		
baseline	clsa-64	(set)	match-compliance			pcrec_c4c70f2c_auto-caps-simdna				baseline_identity	row-best-fallback					pcrec_c4c70f2c_auto-caps-simdna (row-best fallback -- interp absent from this group)	
rank	clsa-64	(set)	match-compliance	whole-subject	separate artifact	pcrec_c4c70f2c_auto-caps-simdna	measured	pinned	1	median_ns	496.436958	40	1.0000	0	0		
rank	clsa-64	(set)	match-compliance	whole-subject	separate artifact	pcrec_c4c70f2c_auto-caps-simdna	measured	pinned	1	min_ns	495.706061	40	1.0000	0	0		
rank	clsa-64	(set)	match-compliance	whole-subject	separate artifact	pcrec_c4c70f2c_auto-caps-simdna	measured	pinned	1	max_ns	498.241703	40	1.0000	0	0		
rank	clsa-64	(set)	match-compliance	whole-subject	separate artifact	pcrec_c4c70f2c_auto-caps-simdna	measured	pinned	1	stddev_ns	0.881849	40	1.0000	0	0		
rank	clsa-64	(set)	match-compliance	whole-subject	separate artifact	pcrec_c4c70f2c_auto-caps-simdna	measured	pinned	1	ratio_vs_baseline	1.000000	40	1.0000	0	0		
rank	clsa-64	(set)	match-compliance	whole-subject	separate artifact	pcrec_c4c70f2c_auto-caps-simdna	measured	pinned	1	ratio_vs_best	1.000000	40	1.0000	0	0		
rank	clsa-64	(set)	match-compliance	whole-subject	separate artifact	rust_1.13.1_default-caps-simdna	measured	pinned	2	median_ns	566.697209	40	1.0000	0	0		
rank	clsa-64	(set)	match-compliance	whole-subject	separate artifact	rust_1.13.1_default-caps-simdna	measured	pinned	2	min_ns	566.426577	40	1.0000	0	0		
rank	clsa-64	(set)	match-compliance	whole-subject	separate artifact	rust_1.13.1_default-caps-simdna	measured	pinned	2	max_ns	568.097935	40	1.0000	0	0		
rank	clsa-64	(set)	match-compliance	whole-subject	separate artifact	rust_1.13.1_default-caps-simdna	measured	pinned	2	stddev_ns	0.632599	40	1.0000	0	0		
rank	clsa-64	(set)	match-compliance	whole-subject	separate artifact	rust_1.13.1_default-caps-simdna	measured	pinned	2	ratio_vs_baseline	1.141529	40	1.0000	0	0		
rank	clsa-64	(set)	match-compliance	whole-subject	separate artifact	rust_1.13.1_default-caps-simdna	measured	pinned	2	ratio_vs_best	1.141529	40	1.0000	0	0		
rank	clsa-64	(set)	match-compliance	whole-subject	separate artifact	pcrec_c4c70f2c_vm-caps-simdna	measured	pinned	3	median_ns	10791.122501	40	1.0000	0	0		
rank	clsa-64	(set)	match-compliance	whole-subject	separate artifact	pcrec_c4c70f2c_vm-caps-simdna	measured	pinned	3	min_ns	10750.889098	40	1.0000	0	0		
rank	clsa-64	(set)	match-compliance	whole-subject	separate artifact	pcrec_c4c70f2c_vm-caps-simdna	measured	pinned	3	max_ns	10851.972478	40	1.0000	0	0		
rank	clsa-64	(set)	match-compliance	whole-subject	separate artifact	pcrec_c4c70f2c_vm-caps-simdna	measured	pinned	3	stddev_ns	34.268092	40	1.0000	0	0		
rank	clsa-64	(set)	match-compliance	whole-subject	separate artifact	pcrec_c4c70f2c_vm-caps-simdna	measured	pinned	3	ratio_vs_baseline	21.737146	40	1.0000	0	0		
rank	clsa-64	(set)	match-compliance	whole-subject	separate artifact	pcrec_c4c70f2c_vm-caps-simdna	measured	pinned	3	ratio_vs_best	21.737146	40	1.0000	0	0		
rank	clsa-64	(set)	match-compliance	plain	same program	libpcre2_10.46_jit-caps-simdna	measured	pinned	4	median_ns	17312.318467	40	1.0000	0	0		
rank	clsa-64	(set)	match-compliance	plain	same program	libpcre2_10.46_jit-caps-simdna	measured	pinned	4	min_ns	16797.545413	40	1.0000	0	0		
rank	clsa-64	(set)	match-compliance	plain	same program	libpcre2_10.46_jit-caps-simdna	measured	pinned	4	max_ns	17431.820854	40	1.0000	0	0		
rank	clsa-64	(set)	match-compliance	plain	same program	libpcre2_10.46_jit-caps-simdna	measured	pinned	4	stddev_ns	237.008397	40	1.0000	0	0		
rank	clsa-64	(set)	match-compliance	plain	same program	libpcre2_10.46_jit-caps-simdna	measured	pinned	4	ratio_vs_baseline	34.873146	40	1.0000	0	0		
rank	clsa-64	(set)	match-compliance	plain	same program	libpcre2_10.46_jit-caps-simdna	measured	pinned	4	ratio_vs_best	34.873146	40	1.0000	0	0		
baseline	clsa-64	(set)	short-subject-search			pcrec_c4c70f2c_auto-caps-simdna				baseline_identity	row-best-fallback					pcrec_c4c70f2c_auto-caps-simdna (row-best fallback -- interp absent from this group)	
rank	clsa-64	(set)	short-subject-search	plain	same program	pcrec_c4c70f2c_auto-caps-simdna	measured	pinned	1	median_ns	7823.210634	40	1.0000	0	0		
rank	clsa-64	(set)	short-subject-search	plain	same program	pcrec_c4c70f2c_auto-caps-simdna	measured	pinned	1	min_ns	7810.057604	40	1.0000	0	0		
rank	clsa-64	(set)	short-subject-search	plain	same program	pcrec_c4c70f2c_auto-caps-simdna	measured	pinned	1	max_ns	7826.605940	40	1.0000	0	0		
rank	clsa-64	(set)	short-subject-search	plain	same program	pcrec_c4c70f2c_auto-caps-simdna	measured	pinned	1	stddev_ns	7.146695	40	1.0000	0	0		
rank	clsa-64	(set)	short-subject-search	plain	same program	pcrec_c4c70f2c_auto-caps-simdna	measured	pinned	1	ratio_vs_baseline	1.000000	40	1.0000	0	0		
rank	clsa-64	(set)	short-subject-search	plain	same program	pcrec_c4c70f2c_auto-caps-simdna	measured	pinned	1	ratio_vs_best	1.000000	40	1.0000	0	0		
rank	clsa-64	(set)	short-subject-search	plain	same program	rust_1.13.1_default-caps-simdna	measured	pinned	2	median_ns	9402.674766	40	1.0000	0	0		
rank	clsa-64	(set)	short-subject-search	plain	same program	rust_1.13.1_default-caps-simdna	measured	pinned	2	min_ns	9349.569959	40	1.0000	0	0		
rank	clsa-64	(set)	short-subject-search	plain	same program	rust_1.13.1_default-caps-simdna	measured	pinned	2	max_ns	9694.320331	40	1.0000	0	0		
rank	clsa-64	(set)	short-subject-search	plain	same program	rust_1.13.1_default-caps-simdna	measured	pinned	2	stddev_ns	131.192185	40	1.0000	0	0		
rank	clsa-64	(set)	short-subject-search	plain	same program	rust_1.13.1_default-caps-simdna	measured	pinned	2	ratio_vs_baseline	1.201895	40	1.0000	0	0		
rank	clsa-64	(set)	short-subject-search	plain	same program	rust_1.13.1_default-caps-simdna	measured	pinned	2	ratio_vs_best	1.201895	40	1.0000	0	0		
rank	clsa-64	(set)	short-subject-search	plain	same program	libpcre2_10.46_jit-caps-simdna	measured	pinned	3	median_ns	166278.972892	40	1.0000	0	0		
rank	clsa-64	(set)	short-subject-search	plain	same program	libpcre2_10.46_jit-caps-simdna	measured	pinned	3	min_ns	166248.335186	40	1.0000	0	0		
rank	clsa-64	(set)	short-subject-search	plain	same program	libpcre2_10.46_jit-caps-simdna	measured	pinned	3	max_ns	190384.075359	40	1.0000	0	0		
rank	clsa-64	(set)	short-subject-search	plain	same program	libpcre2_10.46_jit-caps-simdna	measured	pinned	3	stddev_ns	9621.970736	40	1.0000	0	0		
rank	clsa-64	(set)	short-subject-search	plain	same program	libpcre2_10.46_jit-caps-simdna	measured	pinned	3	ratio_vs_baseline	21.254569	40	1.0000	0	0		
rank	clsa-64	(set)	short-subject-search	plain	same program	libpcre2_10.46_jit-caps-simdna	measured	pinned	3	ratio_vs_best	21.254569	40	1.0000	0	0		
rank	clsa-64	(set)	short-subject-search	plain	same program	pcrec_c4c70f2c_vm-caps-simdna	measured	pinned	4	median_ns	1370692.317440	40	1.0000	0	0		
rank	clsa-64	(set)	short-subject-search	plain	same program	pcrec_c4c70f2c_vm-caps-simdna	measured	pinned	4	min_ns	1363650.141782	40	1.0000	0	0		
rank	clsa-64	(set)	short-subject-search	plain	same program	pcrec_c4c70f2c_vm-caps-simdna	measured	pinned	4	max_ns	1390064.823087	40	1.0000	0	0		
rank	clsa-64	(set)	short-subject-search	plain	same program	pcrec_c4c70f2c_vm-caps-simdna	measured	pinned	4	stddev_ns	9298.611051	40	1.0000	0	0		
rank	clsa-64	(set)	short-subject-search	plain	same program	pcrec_c4c70f2c_vm-caps-simdna	measured	pinned	4	ratio_vs_baseline	175.208413	40	1.0000	0	0		
rank	clsa-64	(set)	short-subject-search	plain	same program	pcrec_c4c70f2c_vm-caps-simdna	measured	pinned	4	ratio_vs_best	175.208413	40	1.0000	0	0		
baseline	clsd-1024	(set)	large-subject-throughput			libpcre2_10.46_jit-caps-simdna				baseline_identity	row-best-fallback					libpcre2_10.46_jit-caps-simdna (row-best fallback -- interp absent from this group)	
rank	clsd-1024	(set)	large-subject-throughput	plain	same program	libpcre2_10.46_jit-caps-simdna	measured	pinned	1	median_ns	1227691854.000000	4	1.0000	0	0		
rank	clsd-1024	(set)	large-subject-throughput	plain	same program	libpcre2_10.46_jit-caps-simdna	measured	pinned	1	min_ns	1211856031.000000	4	1.0000	0	0		
rank	clsd-1024	(set)	large-subject-throughput	plain	same program	libpcre2_10.46_jit-caps-simdna	measured	pinned	1	max_ns	1322386341.000000	4	1.0000	0	0		
rank	clsd-1024	(set)	large-subject-throughput	plain	same program	libpcre2_10.46_jit-caps-simdna	measured	pinned	1	stddev_ns	40195521.116725	4	1.0000	0	0		
rank	clsd-1024	(set)	large-subject-throughput	plain	same program	libpcre2_10.46_jit-caps-simdna	measured	pinned	1	ratio_vs_baseline	1.000000	4	1.0000	0	0		
rank	clsd-1024	(set)	large-subject-throughput	plain	same program	libpcre2_10.46_jit-caps-simdna	measured	pinned	1	ratio_vs_best	1.000000	4	1.0000	0	0		
rank	clsd-1024	(set)	large-subject-throughput	plain	same program	rust_1.13.1_default-caps-simdna	measured	pinned	2	median_ns	2930482511.000000	4	1.0000	0	0		
rank	clsd-1024	(set)	large-subject-throughput	plain	same program	rust_1.13.1_default-caps-simdna	measured	pinned	2	min_ns	2856444283.000000	4	1.0000	0	0		
rank	clsd-1024	(set)	large-subject-throughput	plain	same program	rust_1.13.1_default-caps-simdna	measured	pinned	2	max_ns	3000944176.000000	4	1.0000	0	0		
rank	clsd-1024	(set)	large-subject-throughput	plain	same program	rust_1.13.1_default-caps-simdna	measured	pinned	2	stddev_ns	47898089.349446	4	1.0000	0	0		
rank	clsd-1024	(set)	large-subject-throughput	plain	same program	rust_1.13.1_default-caps-simdna	measured	pinned	2	ratio_vs_baseline	2.386985	4	1.0000	0	0		
rank	clsd-1024	(set)	large-subject-throughput	plain	same program	rust_1.13.1_default-caps-simdna	measured	pinned	2	ratio_vs_best	2.386985	4	1.0000	0	0		
did_not_compile	clsd-1024	(set)	large-subject-throughput			pcrec_c4c70f2c_auto-caps-simdna	did-not-compile									pcrec: pattern too large: 1360319 bytes of emitted C source (limit 1000000, ~225 KB .o). Lower a repeat count, try --unroll=1, or raise --max-emit-bytes; see limits.md "Handling an oversized artifact" (pattern offset 0)	
did_not_compile	clsd-1024	(set)	large-subject-throughput			pcrec_c4c70f2c_vm-caps-simdna	did-not-compile									pcrec: pattern too large: 557060 bytes of emitted code (limit 500000), which gcc cannot compile in reasonable time. A repeat's body is replicated and counts MULTIPLY through nesting -- lower a count, try --unroll=1, or raise --max-emit-code-bytes (pattern offset 0)	
baseline	clsd-1024	(set)	match-compliance			rust_1.13.1_default-caps-simdna				baseline_identity	row-best-fallback					rust_1.13.1_default-caps-simdna (row-best fallback -- interp absent from this group)	
rank	clsd-1024	(set)	match-compliance	whole-subject	separate artifact	rust_1.13.1_default-caps-simdna	measured	pinned	1	median_ns	591.873252	40	1.0000	0	0		
rank	clsd-1024	(set)	match-compliance	whole-subject	separate artifact	rust_1.13.1_default-caps-simdna	measured	pinned	1	min_ns	591.408032	40	1.0000	0	0		
rank	clsd-1024	(set)	match-compliance	whole-subject	separate artifact	rust_1.13.1_default-caps-simdna	measured	pinned	1	max_ns	592.988711	40	1.0000	0	0		
rank	clsd-1024	(set)	match-compliance	whole-subject	separate artifact	rust_1.13.1_default-caps-simdna	measured	pinned	1	stddev_ns	0.544624	40	1.0000	0	0		
rank	clsd-1024	(set)	match-compliance	whole-subject	separate artifact	rust_1.13.1_default-caps-simdna	measured	pinned	1	ratio_vs_baseline	1.000000	40	1.0000	0	0		
rank	clsd-1024	(set)	match-compliance	whole-subject	separate artifact	rust_1.13.1_default-caps-simdna	measured	pinned	1	ratio_vs_best	1.000000	40	1.0000	0	0		
rank	clsd-1024	(set)	match-compliance	plain	same program	libpcre2_10.46_jit-caps-simdna	measured	pinned	2	median_ns	237799.120371	40	1.0000	0	0		
rank	clsd-1024	(set)	match-compliance	plain	same program	libpcre2_10.46_jit-caps-simdna	measured	pinned	2	min_ns	230226.808135	40	1.0000	0	0		
rank	clsd-1024	(set)	match-compliance	plain	same program	libpcre2_10.46_jit-caps-simdna	measured	pinned	2	max_ns	320108.194501	40	1.0000	0	0		
rank	clsd-1024	(set)	match-compliance	plain	same program	libpcre2_10.46_jit-caps-simdna	measured	pinned	2	stddev_ns	34578.258549	40	1.0000	0	0		
rank	clsd-1024	(set)	match-compliance	plain	same program	libpcre2_10.46_jit-caps-simdna	measured	pinned	2	ratio_vs_baseline	401.773724	40	1.0000	0	0		
rank	clsd-1024	(set)	match-compliance	plain	same program	libpcre2_10.46_jit-caps-simdna	measured	pinned	2	ratio_vs_best	401.773724	40	1.0000	0	0		
did_not_compile	clsd-1024	(set)	match-compliance			pcrec_c4c70f2c_auto-caps-simdna	did-not-compile									pcrec: pattern too large: 1360319 bytes of emitted C source (limit 1000000, ~225 KB .o). Lower a repeat count, try --unroll=1, or raise --max-emit-bytes; see limits.md "Handling an oversized artifact" (pattern offset 0)	
did_not_compile	clsd-1024	(set)	match-compliance			pcrec_c4c70f2c_vm-caps-simdna	did-not-compile									pcrec: pattern too large: 557060 bytes of emitted code (limit 500000), which gcc cannot compile in reasonable time. A repeat's body is replicated and counts MULTIPLY through nesting -- lower a count, try --unroll=1, or raise --max-emit-code-bytes (pattern offset 0)	
baseline	clsd-1024	(set)	short-subject-search			rust_1.13.1_default-caps-simdna				baseline_identity	row-best-fallback					rust_1.13.1_default-caps-simdna (row-best fallback -- interp absent from this group)	
rank	clsd-1024	(set)	short-subject-search	plain	same program	rust_1.13.1_default-caps-simdna	measured	pinned	1	median_ns	29550.621638	40	1.0000	0	0		
rank	clsd-1024	(set)	short-subject-search	plain	same program	rust_1.13.1_default-caps-simdna	measured	pinned	1	min_ns	29342.953887	40	1.0000	0	0		
rank	clsd-1024	(set)	short-subject-search	plain	same program	rust_1.13.1_default-caps-simdna	measured	pinned	1	max_ns	31584.639965	40	1.0000	0	0		
rank	clsd-1024	(set)	short-subject-search	plain	same program	rust_1.13.1_default-caps-simdna	measured	pinned	1	stddev_ns	989.229004	40	1.0000	0	0		
rank	clsd-1024	(set)	short-subject-search	plain	same program	rust_1.13.1_default-caps-simdna	measured	pinned	1	ratio_vs_baseline	1.000000	40	1.0000	0	0		
rank	clsd-1024	(set)	short-subject-search	plain	same program	rust_1.13.1_default-caps-simdna	measured	pinned	1	ratio_vs_best	1.000000	40	1.0000	0	0		
rank	clsd-1024	(set)	short-subject-search	plain	same program	libpcre2_10.46_jit-caps-simdna	measured	pinned	2	median_ns	6241667.229167	40	1.0000	0	0		
rank	clsd-1024	(set)	short-subject-search	plain	same program	libpcre2_10.46_jit-caps-simdna	measured	pinned	2	min_ns	6234421.302083	40	1.0000	0	0		
rank	clsd-1024	(set)	short-subject-search	plain	same program	libpcre2_10.46_jit-caps-simdna	measured	pinned	2	max_ns	6365172.250000	40	1.0000	0	0		
rank	clsd-1024	(set)	short-subject-search	plain	same program	libpcre2_10.46_jit-caps-simdna	measured	pinned	2	stddev_ns	50237.217208	40	1.0000	0	0		
rank	clsd-1024	(set)	short-subject-search	plain	same program	libpcre2_10.46_jit-caps-simdna	measured	pinned	2	ratio_vs_baseline	211.219490	40	1.0000	0	0		
rank	clsd-1024	(set)	short-subject-search	plain	same program	libpcre2_10.46_jit-caps-simdna	measured	pinned	2	ratio_vs_best	211.219490	40	1.0000	0	0		
did_not_compile	clsd-1024	(set)	short-subject-search			pcrec_c4c70f2c_auto-caps-simdna	did-not-compile									pcrec: pattern too large: 1360319 bytes of emitted C source (limit 1000000, ~225 KB .o). Lower a repeat count, try --unroll=1, or raise --max-emit-bytes; see limits.md "Handling an oversized artifact" (pattern offset 0)	
did_not_compile	clsd-1024	(set)	short-subject-search			pcrec_c4c70f2c_vm-caps-simdna	did-not-compile									pcrec: pattern too large: 557060 bytes of emitted code (limit 500000), which gcc cannot compile in reasonable time. A repeat's body is replicated and counts MULTIPLY through nesting -- lower a count, try --unroll=1, or raise --max-emit-code-bytes (pattern offset 0)	
baseline	clsd-256	(set)	large-subject-throughput			pcrec_c4c70f2c_auto-caps-simdna				baseline_identity	row-best-fallback					pcrec_c4c70f2c_auto-caps-simdna (row-best fallback -- interp absent from this group)	
rank	clsd-256	(set)	large-subject-throughput	plain	same program	pcrec_c4c70f2c_auto-caps-simdna	measured	pinned	1	median_ns	2895638.130435	4	1.0000	0	0		
rank	clsd-256	(set)	large-subject-throughput	plain	same program	pcrec_c4c70f2c_auto-caps-simdna	measured	pinned	1	min_ns	2888308.165217	4	1.0000	0	0		
rank	clsd-256	(set)	large-subject-throughput	plain	same program	pcrec_c4c70f2c_auto-caps-simdna	measured	pinned	1	max_ns	2900482.756522	4	1.0000	0	0		
rank	clsd-256	(set)	large-subject-throughput	plain	same program	pcrec_c4c70f2c_auto-caps-simdna	measured	pinned	1	stddev_ns	4301.607831	4	1.0000	0	0		
rank	clsd-256	(set)	large-subject-throughput	plain	same program	pcrec_c4c70f2c_auto-caps-simdna	measured	pinned	1	ratio_vs_baseline	1.000000	4	1.0000	0	0		
rank	clsd-256	(set)	large-subject-throughput	plain	same program	pcrec_c4c70f2c_auto-caps-simdna	measured	pinned	1	ratio_vs_best	1.000000	4	1.0000	0	0		
rank	clsd-256	(set)	large-subject-throughput	plain	same program	rust_1.13.1_default-caps-simdna	measured	pinned	2	median_ns	64411331.000000	4	1.0000	0	0		
rank	clsd-256	(set)	large-subject-throughput	plain	same program	rust_1.13.1_default-caps-simdna	measured	pinned	2	min_ns	62569002.500000	4	1.0000	0	0		
rank	clsd-256	(set)	large-subject-throughput	plain	same program	rust_1.13.1_default-caps-simdna	measured	pinned	2	max_ns	69589573.500000	4	1.0000	0	0		
rank	clsd-256	(set)	large-subject-throughput	plain	same program	rust_1.13.1_default-caps-simdna	measured	pinned	2	stddev_ns	2595789.978108	4	1.0000	0	0		
rank	clsd-256	(set)	large-subject-throughput	plain	same program	rust_1.13.1_default-caps-simdna	measured	pinned	2	ratio_vs_baseline	22.244261	4	1.0000	0	0		
rank	clsd-256	(set)	large-subject-throughput	plain	same program	rust_1.13.1_default-caps-simdna	measured	pinned	2	ratio_vs_best	22.244261	4	1.0000	0	0		
rank	clsd-256	(set)	large-subject-throughput	plain	same program	libpcre2_10.46_jit-caps-simdna	measured	pinned	3	median_ns	231196109.500000	4	1.0000	0	0		
rank	clsd-256	(set)	large-subject-throughput	plain	same program	libpcre2_10.46_jit-caps-simdna	measured	pinned	3	min_ns	229294625.500000	4	1.0000	0	0		
rank	clsd-256	(set)	large-subject-throughput	plain	same program	libpcre2_10.46_jit-caps-simdna	measured	pinned	3	max_ns	237344742.500000	4	1.0000	0	0		
rank	clsd-256	(set)	large-subject-throughput	plain	same program	libpcre2_10.46_jit-caps-simdna	measured	pinned	3	stddev_ns	2735606.525073	4	1.0000	0	0		
rank	clsd-256	(set)	large-subject-throughput	plain	same program	libpcre2_10.46_jit-caps-simdna	measured	pinned	3	ratio_vs_baseline	79.842888	4	1.0000	0	0		
rank	clsd-256	(set)	large-subject-throughput	plain	same program	libpcre2_10.46_jit-caps-simdna	measured	pinned	3	ratio_vs_best	79.842888	4	1.0000	0	0		
rank	clsd-256	(set)	large-subject-throughput	plain	same program	pcrec_c4c70f2c_vm-caps-simdna	measured	pinned	4	median_ns	1621327595.000000	4	1.0000	0	0		
rank	clsd-256	(set)	large-subject-throughput	plain	same program	pcrec_c4c70f2c_vm-caps-simdna	measured	pinned	4	min_ns	1619465925.000000	4	1.0000	0	0		
rank	clsd-256	(set)	large-subject-throughput	plain	same program	pcrec_c4c70f2c_vm-caps-simdna	measured	pinned	4	max_ns	1622623823.000000	4	1.0000	0	0		
rank	clsd-256	(set)	large-subject-throughput	plain	same program	pcrec_c4c70f2c_vm-caps-simdna	measured	pinned	4	stddev_ns	1138130.932950	4	1.0000	0	0		
rank	clsd-256	(set)	large-subject-throughput	plain	same program	pcrec_c4c70f2c_vm-caps-simdna	measured	pinned	4	ratio_vs_baseline	559.920654	4	1.0000	0	0		
rank	clsd-256	(set)	large-subject-throughput	plain	same program	pcrec_c4c70f2c_vm-caps-simdna	measured	pinned	4	ratio_vs_best	559.920654	4	1.0000	0	0		
baseline	clsd-256	(set)	match-compliance			rust_1.13.1_default-caps-simdna				baseline_identity	row-best-fallback					rust_1.13.1_default-caps-simdna (row-best fallback -- interp absent from this group)	
rank	clsd-256	(set)	match-compliance	whole-subject	separate artifact	rust_1.13.1_default-caps-simdna	measured	pinned	1	median_ns	582.324524	40	1.0000	0	0		
rank	clsd-256	(set)	match-compliance	whole-subject	separate artifact	rust_1.13.1_default-caps-simdna	measured	pinned	1	min_ns	580.150755	40	1.0000	0	0		
rank	clsd-256	(set)	match-compliance	whole-subject	separate artifact	rust_1.13.1_default-caps-simdna	measured	pinned	1	max_ns	614.297010	40	1.0000	0	0		
rank	clsd-256	(set)	match-compliance	whole-subject	separate artifact	rust_1.13.1_default-caps-simdna	measured	pinned	1	stddev_ns	14.121113	40	1.0000	0	0		
rank	clsd-256	(set)	match-compliance	whole-subject	separate artifact	rust_1.13.1_default-caps-simdna	measured	pinned	1	ratio_vs_baseline	1.000000	40	1.0000	0	0		
rank	clsd-256	(set)	match-compliance	whole-subject	separate artifact	rust_1.13.1_default-caps-simdna	measured	pinned	1	ratio_vs_best	1.000000	40	1.0000	0	0		
rank	clsd-256	(set)	match-compliance	whole-subject	separate artifact	pcrec_c4c70f2c_auto-caps-simdna	measured	pinned	2	median_ns	978.217565	40	1.0000	0	0		
rank	clsd-256	(set)	match-compliance	whole-subject	separate artifact	pcrec_c4c70f2c_auto-caps-simdna	measured	pinned	2	min_ns	976.044535	40	1.0000	0	0		
rank	clsd-256	(set)	match-compliance	whole-subject	separate artifact	pcrec_c4c70f2c_auto-caps-simdna	measured	pinned	2	max_ns	998.906992	40	1.0000	0	0		
rank	clsd-256	(set)	match-compliance	whole-subject	separate artifact	pcrec_c4c70f2c_auto-caps-simdna	measured	pinned	2	stddev_ns	8.690902	40	1.0000	0	0		
rank	clsd-256	(set)	match-compliance	whole-subject	separate artifact	pcrec_c4c70f2c_auto-caps-simdna	measured	pinned	2	ratio_vs_baseline	1.679850	40	1.0000	0	0		
rank	clsd-256	(set)	match-compliance	whole-subject	separate artifact	pcrec_c4c70f2c_auto-caps-simdna	measured	pinned	2	ratio_vs_best	1.679850	40	1.0000	0	0		
rank	clsd-256	(set)	match-compliance	plain	same program	libpcre2_10.46_jit-caps-simdna	measured	pinned	3	median_ns	59097.417993	40	1.0000	0	0		
rank	clsd-256	(set)	match-compliance	plain	same program	libpcre2_10.46_jit-caps-simdna	measured	pinned	3	min_ns	58751.723799	40	1.0000	0	0		
rank	clsd-256	(set)	match-compliance	plain	same program	libpcre2_10.46_jit-caps-simdna	measured	pinned	3	max_ns	60598.043641	40	1.0000	0	0		
rank	clsd-256	(set)	match-compliance	plain	same program	libpcre2_10.46_jit-caps-simdna	measured	pinned	3	stddev_ns	655.150384	40	1.0000	0	0		
rank	clsd-256	(set)	match-compliance	plain	same program	libpcre2_10.46_jit-caps-simdna	measured	pinned	3	ratio_vs_baseline	101.485367	40	1.0000	0	0		
rank	clsd-256	(set)	match-compliance	plain	same program	libpcre2_10.46_jit-caps-simdna	measured	pinned	3	ratio_vs_best	101.485367	40	1.0000	0	0		
rank	clsd-256	(set)	match-compliance	whole-subject	separate artifact	pcrec_c4c70f2c_vm-caps-simdna	measured	pinned	4	median_ns	70077.385230	40	1.0000	0	0		
rank	clsd-256	(set)	match-compliance	whole-subject	separate artifact	pcrec_c4c70f2c_vm-caps-simdna	measured	pinned	4	min_ns	69891.880902	40	1.0000	0	0		
rank	clsd-256	(set)	match-compliance	whole-subject	separate artifact	pcrec_c4c70f2c_vm-caps-simdna	measured	pinned	4	max_ns	82888.075294	40	1.0000	0	0		
rank	clsd-256	(set)	match-compliance	whole-subject	separate artifact	pcrec_c4c70f2c_vm-caps-simdna	measured	pinned	4	stddev_ns	5124.008402	40	1.0000	0	0		
rank	clsd-256	(set)	match-compliance	whole-subject	separate artifact	pcrec_c4c70f2c_vm-caps-simdna	measured	pinned	4	ratio_vs_baseline	120.340776	40	1.0000	0	0		
rank	clsd-256	(set)	match-compliance	whole-subject	separate artifact	pcrec_c4c70f2c_vm-caps-simdna	measured	pinned	4	ratio_vs_best	120.340776	40	1.0000	0	0		
baseline	clsd-256	(set)	short-subject-search			pcrec_c4c70f2c_auto-caps-simdna				baseline_identity	row-best-fallback					pcrec_c4c70f2c_auto-caps-simdna (row-best fallback -- interp absent from this group)	
rank	clsd-256	(set)	short-subject-search	plain	same program	pcrec_c4c70f2c_auto-caps-simdna	measured	pinned	1	median_ns	8372.641932	40	1.0000	0	0		
rank	clsd-256	(set)	short-subject-search	plain	same program	pcrec_c4c70f2c_auto-caps-simdna	measured	pinned	1	min_ns	8358.995281	40	1.0000	0	0		
rank	clsd-256	(set)	short-subject-search	plain	same program	pcrec_c4c70f2c_auto-caps-simdna	measured	pinned	1	max_ns	8443.281217	40	1.0000	0	0		
rank	clsd-256	(set)	short-subject-search	plain	same program	pcrec_c4c70f2c_auto-caps-simdna	measured	pinned	1	stddev_ns	30.836791	40	1.0000	0	0		
rank	clsd-256	(set)	short-subject-search	plain	same program	pcrec_c4c70f2c_auto-caps-simdna	measured	pinned	1	ratio_vs_baseline	1.000000	40	1.0000	0	0		
rank	clsd-256	(set)	short-subject-search	plain	same program	pcrec_c4c70f2c_auto-caps-simdna	measured	pinned	1	ratio_vs_best	1.000000	40	1.0000	0	0		
rank	clsd-256	(set)	short-subject-search	plain	same program	rust_1.13.1_default-caps-simdna	measured	pinned	2	median_ns	11308.835710	40	1.0000	0	0		
rank	clsd-256	(set)	short-subject-search	plain	same program	rust_1.13.1_default-caps-simdna	measured	pinned	2	min_ns	11288.347956	40	1.0000	0	0		
rank	clsd-256	(set)	short-subject-search	plain	same program	rust_1.13.1_default-caps-simdna	measured	pinned	2	max_ns	11456.990203	40	1.0000	0	0		
rank	clsd-256	(set)	short-subject-search	plain	same program	rust_1.13.1_default-caps-simdna	measured	pinned	2	stddev_ns	61.601115	40	1.0000	0	0		
rank	clsd-256	(set)	short-subject-search	plain	same program	rust_1.13.1_default-caps-simdna	measured	pinned	2	ratio_vs_baseline	1.350689	40	1.0000	0	0		
rank	clsd-256	(set)	short-subject-search	plain	same program	rust_1.13.1_default-caps-simdna	measured	pinned	2	ratio_vs_best	1.350689	40	1.0000	0	0		
rank	clsd-256	(set)	short-subject-search	plain	same program	libpcre2_10.46_jit-caps-simdna	measured	pinned	3	median_ns	1296833.982218	40	1.0000	0	0		
rank	clsd-256	(set)	short-subject-search	plain	same program	libpcre2_10.46_jit-caps-simdna	measured	pinned	3	min_ns	1255463.242678	40	1.0000	0	0		
rank	clsd-256	(set)	short-subject-search	plain	same program	libpcre2_10.46_jit-caps-simdna	measured	pinned	3	max_ns	2025912.430962	40	1.0000	0	0		
rank	clsd-256	(set)	short-subject-search	plain	same program	libpcre2_10.46_jit-caps-simdna	measured	pinned	3	stddev_ns	299610.180772	40	1.0000	0	0		
rank	clsd-256	(set)	short-subject-search	plain	same program	libpcre2_10.46_jit-caps-simdna	measured	pinned	3	ratio_vs_baseline	154.889459	40	1.0000	0	0		
rank	clsd-256	(set)	short-subject-search	plain	same program	libpcre2_10.46_jit-caps-simdna	measured	pinned	3	ratio_vs_best	154.889459	40	1.0000	0	0		
rank	clsd-256	(set)	short-subject-search	plain	same program	pcrec_c4c70f2c_vm-caps-simdna	measured	pinned	4	median_ns	9326364.188976	40	1.0000	0	0		
rank	clsd-256	(set)	short-subject-search	plain	same program	pcrec_c4c70f2c_vm-caps-simdna	measured	pinned	4	min_ns	9301819.834646	40	1.0000	0	0		
rank	clsd-256	(set)	short-subject-search	plain	same program	pcrec_c4c70f2c_vm-caps-simdna	measured	pinned	4	max_ns	9356765.062992	40	1.0000	0	0		
rank	clsd-256	(set)	short-subject-search	plain	same program	pcrec_c4c70f2c_vm-caps-simdna	measured	pinned	4	stddev_ns	20175.496657	40	1.0000	0	0		
rank	clsd-256	(set)	short-subject-search	plain	same program	pcrec_c4c70f2c_vm-caps-simdna	measured	pinned	4	ratio_vs_baseline	1113.909357	40	1.0000	0	0		
rank	clsd-256	(set)	short-subject-search	plain	same program	pcrec_c4c70f2c_vm-caps-simdna	measured	pinned	4	ratio_vs_best	1113.909357	40	1.0000	0	0		
baseline	clsd-64	(set)	large-subject-throughput			rust_1.13.1_default-caps-simdna				baseline_identity	row-best-fallback					rust_1.13.1_default-caps-simdna (row-best fallback -- interp absent from this group)	
rank	clsd-64	(set)	large-subject-throughput	plain	same program	rust_1.13.1_default-caps-simdna	measured	pinned	1	median_ns	2348142.720930	4	1.0000	0	0		
rank	clsd-64	(set)	large-subject-throughput	plain	same program	rust_1.13.1_default-caps-simdna	measured	pinned	1	min_ns	2345611.093023	4	1.0000	0	0		
rank	clsd-64	(set)	large-subject-throughput	plain	same program	rust_1.13.1_default-caps-simdna	measured	pinned	1	max_ns	2362991.372093	4	1.0000	0	0		
rank	clsd-64	(set)	large-subject-throughput	plain	same program	rust_1.13.1_default-caps-simdna	measured	pinned	1	stddev_ns	6489.424284	4	1.0000	0	0		
rank	clsd-64	(set)	large-subject-throughput	plain	same program	rust_1.13.1_default-caps-simdna	measured	pinned	1	ratio_vs_baseline	1.000000	4	1.0000	0	0		
rank	clsd-64	(set)	large-subject-throughput	plain	same program	rust_1.13.1_default-caps-simdna	measured	pinned	1	ratio_vs_best	1.000000	4	1.0000	0	0		
rank	clsd-64	(set)	large-subject-throughput	plain	same program	pcrec_c4c70f2c_auto-caps-simdna	measured	pinned	2	median_ns	3402517.711340	4	1.0000	0	0		
rank	clsd-64	(set)	large-subject-throughput	plain	same program	pcrec_c4c70f2c_auto-caps-simdna	measured	pinned	2	min_ns	3396541.278351	4	1.0000	0	0		
rank	clsd-64	(set)	large-subject-throughput	plain	same program	pcrec_c4c70f2c_auto-caps-simdna	measured	pinned	2	max_ns	3406758.773196	4	1.0000	0	0		
rank	clsd-64	(set)	large-subject-throughput	plain	same program	pcrec_c4c70f2c_auto-caps-simdna	measured	pinned	2	stddev_ns	3812.368364	4	1.0000	0	0		
rank	clsd-64	(set)	large-subject-throughput	plain	same program	pcrec_c4c70f2c_auto-caps-simdna	measured	pinned	2	ratio_vs_baseline	1.449025	4	1.0000	0	0		
rank	clsd-64	(set)	large-subject-throughput	plain	same program	pcrec_c4c70f2c_auto-caps-simdna	measured	pinned	2	ratio_vs_best	1.449025	4	1.0000	0	0		
rank	clsd-64	(set)	large-subject-throughput	plain	same program	libpcre2_10.46_jit-caps-simdna	measured	pinned	3	median_ns	33006674.300000	4	1.0000	0	0		
rank	clsd-64	(set)	large-subject-throughput	plain	same program	libpcre2_10.46_jit-caps-simdna	measured	pinned	3	min_ns	32945506.200000	4	1.0000	0	0		
rank	clsd-64	(set)	large-subject-throughput	plain	same program	libpcre2_10.46_jit-caps-simdna	measured	pinned	3	max_ns	38646293.900000	4	1.0000	0	0		
rank	clsd-64	(set)	large-subject-throughput	plain	same program	libpcre2_10.46_jit-caps-simdna	measured	pinned	3	stddev_ns	2763566.244544	4	1.0000	0	0		
rank	clsd-64	(set)	large-subject-throughput	plain	same program	libpcre2_10.46_jit-caps-simdna	measured	pinned	3	ratio_vs_baseline	14.056503	4	1.0000	0	0		
rank	clsd-64	(set)	large-subject-throughput	plain	same program	libpcre2_10.46_jit-caps-simdna	measured	pinned	3	ratio_vs_best	14.056503	4	1.0000	0	0		
rank	clsd-64	(set)	large-subject-throughput	plain	same program	pcrec_c4c70f2c_vm-caps-simdna	measured	pinned	4	median_ns	246717105.000000	4	1.0000	0	0		
rank	clsd-64	(set)	large-subject-throughput	plain	same program	pcrec_c4c70f2c_vm-caps-simdna	measured	pinned	4	min_ns	245462298.500000	4	1.0000	0	0		
rank	clsd-64	(set)	large-subject-throughput	plain	same program	pcrec_c4c70f2c_vm-caps-simdna	measured	pinned	4	max_ns	249900776.000000	4	1.0000	0	0		
rank	clsd-64	(set)	large-subject-throughput	plain	same program	pcrec_c4c70f2c_vm-caps-simdna	measured	pinned	4	stddev_ns	1665552.838020	4	1.0000	0	0		
rank	clsd-64	(set)	large-subject-throughput	plain	same program	pcrec_c4c70f2c_vm-caps-simdna	measured	pinned	4	ratio_vs_baseline	105.069042	4	1.0000	0	0		
rank	clsd-64	(set)	large-subject-throughput	plain	same program	pcrec_c4c70f2c_vm-caps-simdna	measured	pinned	4	ratio_vs_best	105.069042	4	1.0000	0	0		
baseline	clsd-64	(set)	match-compliance			pcrec_c4c70f2c_auto-caps-simdna				baseline_identity	row-best-fallback					pcrec_c4c70f2c_auto-caps-simdna (row-best fallback -- interp absent from this group)	
rank	clsd-64	(set)	match-compliance	whole-subject	separate artifact	pcrec_c4c70f2c_auto-caps-simdna	measured	pinned	1	median_ns	504.676601	40	1.0000	0	0		
rank	clsd-64	(set)	match-compliance	whole-subject	separate artifact	pcrec_c4c70f2c_auto-caps-simdna	measured	pinned	1	min_ns	497.404943	40	1.0000	0	0		
rank	clsd-64	(set)	match-compliance	whole-subject	separate artifact	pcrec_c4c70f2c_auto-caps-simdna	measured	pinned	1	max_ns	505.538046	40	1.0000	0	0		
rank	clsd-64	(set)	match-compliance	whole-subject	separate artifact	pcrec_c4c70f2c_auto-caps-simdna	measured	pinned	1	stddev_ns	2.976386	40	1.0000	0	0		
rank	clsd-64	(set)	match-compliance	whole-subject	separate artifact	pcrec_c4c70f2c_auto-caps-simdna	measured	pinned	1	ratio_vs_baseline	1.000000	40	1.0000	0	0		
rank	clsd-64	(set)	match-compliance	whole-subject	separate artifact	pcrec_c4c70f2c_auto-caps-simdna	measured	pinned	1	ratio_vs_best	1.000000	40	1.0000	0	0		
rank	clsd-64	(set)	match-compliance	whole-subject	separate artifact	rust_1.13.1_default-caps-simdna	measured	pinned	2	median_ns	570.820139	40	1.0000	0	0		
rank	clsd-64	(set)	match-compliance	whole-subject	separate artifact	rust_1.13.1_default-caps-simdna	measured	pinned	2	min_ns	566.016916	40	1.0000	0	0		
rank	clsd-64	(set)	match-compliance	whole-subject	separate artifact	rust_1.13.1_default-caps-simdna	measured	pinned	2	max_ns	600.005160	40	1.0000	0	0		
rank	clsd-64	(set)	match-compliance	whole-subject	separate artifact	rust_1.13.1_default-caps-simdna	measured	pinned	2	stddev_ns	12.674878	40	1.0000	0	0		
rank	clsd-64	(set)	match-compliance	whole-subject	separate artifact	rust_1.13.1_default-caps-simdna	measured	pinned	2	ratio_vs_baseline	1.131061	40	1.0000	0	0		
rank	clsd-64	(set)	match-compliance	whole-subject	separate artifact	rust_1.13.1_default-caps-simdna	measured	pinned	2	ratio_vs_best	1.131061	40	1.0000	0	0		
rank	clsd-64	(set)	match-compliance	whole-subject	separate artifact	pcrec_c4c70f2c_vm-caps-simdna	measured	pinned	3	median_ns	10786.119088	40	1.0000	0	0		
rank	clsd-64	(set)	match-compliance	whole-subject	separate artifact	pcrec_c4c70f2c_vm-caps-simdna	measured	pinned	3	min_ns	10765.363827	40	1.0000	0	0		
rank	clsd-64	(set)	match-compliance	whole-subject	separate artifact	pcrec_c4c70f2c_vm-caps-simdna	measured	pinned	3	max_ns	10834.278849	40	1.0000	0	0		
rank	clsd-64	(set)	match-compliance	whole-subject	separate artifact	pcrec_c4c70f2c_vm-caps-simdna	measured	pinned	3	stddev_ns	24.649847	40	1.0000	0	0		
rank	clsd-64	(set)	match-compliance	whole-subject	separate artifact	pcrec_c4c70f2c_vm-caps-simdna	measured	pinned	3	ratio_vs_baseline	21.372338	40	1.0000	0	0		
rank	clsd-64	(set)	match-compliance	whole-subject	separate artifact	pcrec_c4c70f2c_vm-caps-simdna	measured	pinned	3	ratio_vs_best	21.372338	40	1.0000	0	0		
rank	clsd-64	(set)	match-compliance	plain	same program	libpcre2_10.46_jit-caps-simdna	measured	pinned	4	median_ns	16923.256462	40	1.0000	0	0		
rank	clsd-64	(set)	match-compliance	plain	same program	libpcre2_10.46_jit-caps-simdna	measured	pinned	4	min_ns	16541.629397	40	1.0000	0	0		
rank	clsd-64	(set)	match-compliance	plain	same program	libpcre2_10.46_jit-caps-simdna	measured	pinned	4	max_ns	21099.923156	40	1.0000	0	0		
rank	clsd-64	(set)	match-compliance	plain	same program	libpcre2_10.46_jit-caps-simdna	measured	pinned	4	stddev_ns	1726.952255	40	1.0000	0	0		
rank	clsd-64	(set)	match-compliance	plain	same program	libpcre2_10.46_jit-caps-simdna	measured	pinned	4	ratio_vs_baseline	33.532873	40	1.0000	0	0		
rank	clsd-64	(set)	match-compliance	plain	same program	libpcre2_10.46_jit-caps-simdna	measured	pinned	4	ratio_vs_best	33.532873	40	1.0000	0	0		
baseline	clsd-64	(set)	short-subject-search			pcrec_c4c70f2c_auto-caps-simdna				baseline_identity	row-best-fallback					pcrec_c4c70f2c_auto-caps-simdna (row-best fallback -- interp absent from this group)	
rank	clsd-64	(set)	short-subject-search	plain	same program	pcrec_c4c70f2c_auto-caps-simdna	measured	pinned	1	median_ns	8036.195112	40	1.0000	0	0		
rank	clsd-64	(set)	short-subject-search	plain	same program	pcrec_c4c70f2c_auto-caps-simdna	measured	pinned	1	min_ns	8031.983112	40	1.0000	0	0		
rank	clsd-64	(set)	short-subject-search	plain	same program	pcrec_c4c70f2c_auto-caps-simdna	measured	pinned	1	max_ns	8039.686061	40	1.0000	0	0		
rank	clsd-64	(set)	short-subject-search	plain	same program	pcrec_c4c70f2c_auto-caps-simdna	measured	pinned	1	stddev_ns	2.882041	40	1.0000	0	0		
rank	clsd-64	(set)	short-subject-search	plain	same program	pcrec_c4c70f2c_auto-caps-simdna	measured	pinned	1	ratio_vs_baseline	1.000000	40	1.0000	0	0		
rank	clsd-64	(set)	short-subject-search	plain	same program	pcrec_c4c70f2c_auto-caps-simdna	measured	pinned	1	ratio_vs_best	1.000000	40	1.0000	0	0		
rank	clsd-64	(set)	short-subject-search	plain	same program	rust_1.13.1_default-caps-simdna	measured	pinned	2	median_ns	11149.916015	40	1.0000	0	0		
rank	clsd-64	(set)	short-subject-search	plain	same program	rust_1.13.1_default-caps-simdna	measured	pinned	2	min_ns	11138.142612	40	1.0000	0	0		
rank	clsd-64	(set)	short-subject-search	plain	same program	rust_1.13.1_default-caps-simdna	measured	pinned	2	max_ns	11172.827679	40	1.0000	0	0		
rank	clsd-64	(set)	short-subject-search	plain	same program	rust_1.13.1_default-caps-simdna	measured	pinned	2	stddev_ns	12.708713	40	1.0000	0	0		
rank	clsd-64	(set)	short-subject-search	plain	same program	rust_1.13.1_default-caps-simdna	measured	pinned	2	ratio_vs_baseline	1.387462	40	1.0000	0	0		
rank	clsd-64	(set)	short-subject-search	plain	same program	rust_1.13.1_default-caps-simdna	measured	pinned	2	ratio_vs_best	1.387462	40	1.0000	0	0		
rank	clsd-64	(set)	short-subject-search	plain	same program	libpcre2_10.46_jit-caps-simdna	measured	pinned	3	median_ns	175819.961403	40	1.0000	0	0		
rank	clsd-64	(set)	short-subject-search	plain	same program	libpcre2_10.46_jit-caps-simdna	measured	pinned	3	min_ns	175233.077336	40	1.0000	0	0		
rank	clsd-64	(set)	short-subject-search	plain	same program	libpcre2_10.46_jit-caps-simdna	measured	pinned	3	max_ns	200691.451576	40	1.0000	0	0		
rank	clsd-64	(set)	short-subject-search	plain	same program	libpcre2_10.46_jit-caps-simdna	measured	pinned	3	stddev_ns	10055.709847	40	1.0000	0	0		
rank	clsd-64	(set)	short-subject-search	plain	same program	libpcre2_10.46_jit-caps-simdna	measured	pinned	3	ratio_vs_baseline	21.878508	40	1.0000	0	0		
rank	clsd-64	(set)	short-subject-search	plain	same program	libpcre2_10.46_jit-caps-simdna	measured	pinned	3	ratio_vs_best	21.878508	40	1.0000	0	0		
rank	clsd-64	(set)	short-subject-search	plain	same program	pcrec_c4c70f2c_vm-caps-simdna	measured	pinned	4	median_ns	1435052.659756	40	1.0000	0	0		
rank	clsd-64	(set)	short-subject-search	plain	same program	pcrec_c4c70f2c_vm-caps-simdna	measured	pinned	4	min_ns	1429391.345122	40	1.0000	0	0		
rank	clsd-64	(set)	short-subject-search	plain	same program	pcrec_c4c70f2c_vm-caps-simdna	measured	pinned	4	max_ns	1450637.962195	40	1.0000	0	0		
rank	clsd-64	(set)	short-subject-search	plain	same program	pcrec_c4c70f2c_vm-caps-simdna	measured	pinned	4	stddev_ns	7481.162118	40	1.0000	0	0		
rank	clsd-64	(set)	short-subject-search	plain	same program	pcrec_c4c70f2c_vm-caps-simdna	measured	pinned	4	ratio_vs_baseline	178.573646	40	1.0000	0	0		
rank	clsd-64	(set)	short-subject-search	plain	same program	pcrec_c4c70f2c_vm-caps-simdna	measured	pinned	4	ratio_vs_best	178.573646	40	1.0000	0	0		
baseline	cnt-64	(set)	large-subject-throughput			rust_1.13.1_default-caps-simdna				baseline_identity	row-best-fallback					rust_1.13.1_default-caps-simdna (row-best fallback -- interp absent from this group)	
rank	cnt-64	(set)	large-subject-throughput	plain	same program	rust_1.13.1_default-caps-simdna	measured	pinned	1	median_ns	2215078.801587	4	1.0000	0	0		
rank	cnt-64	(set)	large-subject-throughput	plain	same program	rust_1.13.1_default-caps-simdna	measured	pinned	1	min_ns	2211540.039683	4	1.0000	0	0		
rank	cnt-64	(set)	large-subject-throughput	plain	same program	rust_1.13.1_default-caps-simdna	measured	pinned	1	max_ns	2218245.611111	4	1.0000	0	0		
rank	cnt-64	(set)	large-subject-throughput	plain	same program	rust_1.13.1_default-caps-simdna	measured	pinned	1	stddev_ns	2352.036051	4	1.0000	0	0		
rank	cnt-64	(set)	large-subject-throughput	plain	same program	rust_1.13.1_default-caps-simdna	measured	pinned	1	ratio_vs_baseline	1.000000	4	1.0000	0	0		
rank	cnt-64	(set)	large-subject-throughput	plain	same program	rust_1.13.1_default-caps-simdna	measured	pinned	1	ratio_vs_best	1.000000	4	1.0000	0	0		
rank	cnt-64	(set)	large-subject-throughput	plain	same program	pcrec_c4c70f2c_auto-caps-simdna	measured	pinned	2	median_ns	3488511.959184	4	1.0000	0	0		
rank	cnt-64	(set)	large-subject-throughput	plain	same program	pcrec_c4c70f2c_auto-caps-simdna	measured	pinned	2	min_ns	3486925.806122	4	1.0000	0	0		
rank	cnt-64	(set)	large-subject-throughput	plain	same program	pcrec_c4c70f2c_auto-caps-simdna	measured	pinned	2	max_ns	3488836.255102	4	1.0000	0	0		
rank	cnt-64	(set)	large-subject-throughput	plain	same program	pcrec_c4c70f2c_auto-caps-simdna	measured	pinned	2	stddev_ns	678.976048	4	1.0000	0	0		
rank	cnt-64	(set)	large-subject-throughput	plain	same program	pcrec_c4c70f2c_auto-caps-simdna	measured	pinned	2	ratio_vs_baseline	1.574893	4	1.0000	0	0		
rank	cnt-64	(set)	large-subject-throughput	plain	same program	pcrec_c4c70f2c_auto-caps-simdna	measured	pinned	2	ratio_vs_best	1.574893	4	1.0000	0	0		
rank	cnt-64	(set)	large-subject-throughput	plain	same program	pcrec_c4c70f2c_vm-caps-simdna	measured	pinned	3	median_ns	13833962.615385	4	1.0000	0	0		
rank	cnt-64	(set)	large-subject-throughput	plain	same program	pcrec_c4c70f2c_vm-caps-simdna	measured	pinned	3	min_ns	13829854.884615	4	1.0000	0	0		
rank	cnt-64	(set)	large-subject-throughput	plain	same program	pcrec_c4c70f2c_vm-caps-simdna	measured	pinned	3	max_ns	14024582.423077	4	1.0000	0	0		
rank	cnt-64	(set)	large-subject-throughput	plain	same program	pcrec_c4c70f2c_vm-caps-simdna	measured	pinned	3	stddev_ns	75967.073290	4	1.0000	0	0		
rank	cnt-64	(set)	large-subject-throughput	plain	same program	pcrec_c4c70f2c_vm-caps-simdna	measured	pinned	3	ratio_vs_baseline	6.245359	4	1.0000	0	0		
rank	cnt-64	(set)	large-subject-throughput	plain	same program	pcrec_c4c70f2c_vm-caps-simdna	measured	pinned	3	ratio_vs_best	6.245359	4	1.0000	0	0		
rank	cnt-64	(set)	large-subject-throughput	plain	same program	libpcre2_10.46_jit-caps-simdna	measured	pinned	4	median_ns	43219247.125000	4	1.0000	0	0		
rank	cnt-64	(set)	large-subject-throughput	plain	same program	libpcre2_10.46_jit-caps-simdna	measured	pinned	4	min_ns	38405209.500000	4	1.0000	0	0		
rank	cnt-64	(set)	large-subject-throughput	plain	same program	libpcre2_10.46_jit-caps-simdna	measured	pinned	4	max_ns	43774591.500000	4	1.0000	0	0		
rank	cnt-64	(set)	large-subject-throughput	plain	same program	libpcre2_10.46_jit-caps-simdna	measured	pinned	4	stddev_ns	2462059.863235	4	1.0000	0	0		
rank	cnt-64	(set)	large-subject-throughput	plain	same program	libpcre2_10.46_jit-caps-simdna	measured	pinned	4	ratio_vs_baseline	19.511381	4	1.0000	0	0		
rank	cnt-64	(set)	large-subject-throughput	plain	same program	libpcre2_10.46_jit-caps-simdna	measured	pinned	4	ratio_vs_best	19.511381	4	1.0000	0	0		
baseline	cnt-64	(set)	match-compliance			pcrec_c4c70f2c_vm-caps-simdna				baseline_identity	row-best-fallback					pcrec_c4c70f2c_vm-caps-simdna (row-best fallback -- interp absent from this group)	
rank	cnt-64	(set)	match-compliance	whole-subject	separate artifact	pcrec_c4c70f2c_vm-caps-simdna	measured	pinned	1	median_ns	419.987059	40	1.0000	0	0		
rank	cnt-64	(set)	match-compliance	whole-subject	separate artifact	pcrec_c4c70f2c_vm-caps-simdna	measured	pinned	1	min_ns	417.603041	40	1.0000	0	0		
rank	cnt-64	(set)	match-compliance	whole-subject	separate artifact	pcrec_c4c70f2c_vm-caps-simdna	measured	pinned	1	max_ns	670.146594	40	1.0000	0	0		
rank	cnt-64	(set)	match-compliance	whole-subject	separate artifact	pcrec_c4c70f2c_vm-caps-simdna	measured	pinned	1	stddev_ns	99.920822	40	1.0000	0	0		
rank	cnt-64	(set)	match-compliance	whole-subject	separate artifact	pcrec_c4c70f2c_vm-caps-simdna	measured	pinned	1	ratio_vs_baseline	1.000000	40	1.0000	0	0		
rank	cnt-64	(set)	match-compliance	whole-subject	separate artifact	pcrec_c4c70f2c_vm-caps-simdna	measured	pinned	1	ratio_vs_best	1.000000	40	1.0000	0	0		
rank	cnt-64	(set)	match-compliance	whole-subject	separate artifact	rust_1.13.1_default-caps-simdna	measured	pinned	2	median_ns	965.286098	40	1.0000	0	0		
rank	cnt-64	(set)	match-compliance	whole-subject	separate artifact	rust_1.13.1_default-caps-simdna	measured	pinned	2	min_ns	964.952123	40	1.0000	0	0		
rank	cnt-64	(set)	match-compliance	whole-subject	separate artifact	rust_1.13.1_default-caps-simdna	measured	pinned	2	max_ns	1012.211812	40	1.0000	0	0		
rank	cnt-64	(set)	match-compliance	whole-subject	separate artifact	rust_1.13.1_default-caps-simdna	measured	pinned	2	stddev_ns	20.403370	40	1.0000	0	0		
rank	cnt-64	(set)	match-compliance	whole-subject	separate artifact	rust_1.13.1_default-caps-simdna	measured	pinned	2	ratio_vs_baseline	2.298371	40	1.0000	0	0		
rank	cnt-64	(set)	match-compliance	whole-subject	separate artifact	rust_1.13.1_default-caps-simdna	measured	pinned	2	ratio_vs_best	2.298371	40	1.0000	0	0		
rank	cnt-64	(set)	match-compliance	whole-subject	separate artifact	pcrec_c4c70f2c_auto-caps-simdna	measured	pinned	3	median_ns	1849.406602	40	1.0000	0	0		
rank	cnt-64	(set)	match-compliance	whole-subject	separate artifact	pcrec_c4c70f2c_auto-caps-simdna	measured	pinned	3	min_ns	1846.807013	40	1.0000	0	0		
rank	cnt-64	(set)	match-compliance	whole-subject	separate artifact	pcrec_c4c70f2c_auto-caps-simdna	measured	pinned	3	max_ns	1855.349170	40	1.0000	0	0		
rank	cnt-64	(set)	match-compliance	whole-subject	separate artifact	pcrec_c4c70f2c_auto-caps-simdna	measured	pinned	3	stddev_ns	2.955106	40	1.0000	0	0		
rank	cnt-64	(set)	match-compliance	whole-subject	separate artifact	pcrec_c4c70f2c_auto-caps-simdna	measured	pinned	3	ratio_vs_baseline	4.403485	40	1.0000	0	0		
rank	cnt-64	(set)	match-compliance	whole-subject	separate artifact	pcrec_c4c70f2c_auto-caps-simdna	measured	pinned	3	ratio_vs_best	4.403485	40	1.0000	0	0		
rank	cnt-64	(set)	match-compliance	plain	same program	libpcre2_10.46_jit-caps-simdna	measured	pinned	4	median_ns	18573.494714	40	1.0000	0	0		
rank	cnt-64	(set)	match-compliance	plain	same program	libpcre2_10.46_jit-caps-simdna	measured	pinned	4	min_ns	17937.396046	40	1.0000	0	0		
rank	cnt-64	(set)	match-compliance	plain	same program	libpcre2_10.46_jit-caps-simdna	measured	pinned	4	max_ns	18654.244606	40	1.0000	0	0		
rank	cnt-64	(set)	match-compliance	plain	same program	libpcre2_10.46_jit-caps-simdna	measured	pinned	4	stddev_ns	277.721103	40	1.0000	0	0		
rank	cnt-64	(set)	match-compliance	plain	same program	libpcre2_10.46_jit-caps-simdna	measured	pinned	4	ratio_vs_baseline	44.223969	40	1.0000	0	0		
rank	cnt-64	(set)	match-compliance	plain	same program	libpcre2_10.46_jit-caps-simdna	measured	pinned	4	ratio_vs_best	44.223969	40	1.0000	0	0		
baseline	cnt-64	(set)	short-subject-search			rust_1.13.1_default-caps-simdna				baseline_identity	row-best-fallback					rust_1.13.1_default-caps-simdna (row-best fallback -- interp absent from this group)	
rank	cnt-64	(set)	short-subject-search	plain	same program	rust_1.13.1_default-caps-simdna	measured	pinned	1	median_ns	10128.315159	40	1.0000	0	0		
rank	cnt-64	(set)	short-subject-search	plain	same program	rust_1.13.1_default-caps-simdna	measured	pinned	1	min_ns	10105.280008	40	1.0000	0	0		
rank	cnt-64	(set)	short-subject-search	plain	same program	rust_1.13.1_default-caps-simdna	measured	pinned	1	max_ns	10149.270478	40	1.0000	0	0		
rank	cnt-64	(set)	short-subject-search	plain	same program	rust_1.13.1_default-caps-simdna	measured	pinned	1	stddev_ns	15.111063	40	1.0000	0	0		
rank	cnt-64	(set)	short-subject-search	plain	same program	rust_1.13.1_default-caps-simdna	measured	pinned	1	ratio_vs_baseline	1.000000	40	1.0000	0	0		
rank	cnt-64	(set)	short-subject-search	plain	same program	rust_1.13.1_default-caps-simdna	measured	pinned	1	ratio_vs_best	1.000000	40	1.0000	0	0		
rank	cnt-64	(set)	short-subject-search	plain	same program	pcrec_c4c70f2c_auto-caps-simdna	measured	pinned	2	median_ns	11723.447888	40	1.0000	0	0		
rank	cnt-64	(set)	short-subject-search	plain	same program	pcrec_c4c70f2c_auto-caps-simdna	measured	pinned	2	min_ns	11700.074673	40	1.0000	0	0		
rank	cnt-64	(set)	short-subject-search	plain	same program	pcrec_c4c70f2c_auto-caps-simdna	measured	pinned	2	max_ns	11800.095515	40	1.0000	0	0		
rank	cnt-64	(set)	short-subject-search	plain	same program	pcrec_c4c70f2c_auto-caps-simdna	measured	pinned	2	stddev_ns	35.220179	40	1.0000	0	0		
rank	cnt-64	(set)	short-subject-search	plain	same program	pcrec_c4c70f2c_auto-caps-simdna	measured	pinned	2	ratio_vs_baseline	1.157492	40	1.0000	0	0		
rank	cnt-64	(set)	short-subject-search	plain	same program	pcrec_c4c70f2c_auto-caps-simdna	measured	pinned	2	ratio_vs_best	1.157492	40	1.0000	0	0		
rank	cnt-64	(set)	short-subject-search	plain	same program	pcrec_c4c70f2c_vm-caps-simdna	measured	pinned	3	median_ns	57886.605520	40	1.0000	0	0		
rank	cnt-64	(set)	short-subject-search	plain	same program	pcrec_c4c70f2c_vm-caps-simdna	measured	pinned	3	min_ns	57796.235934	40	1.0000	0	0		
rank	cnt-64	(set)	short-subject-search	plain	same program	pcrec_c4c70f2c_vm-caps-simdna	measured	pinned	3	max_ns	57948.074682	40	1.0000	0	0		
rank	cnt-64	(set)	short-subject-search	plain	same program	pcrec_c4c70f2c_vm-caps-simdna	measured	pinned	3	stddev_ns	54.014089	40	1.0000	0	0		
rank	cnt-64	(set)	short-subject-search	plain	same program	pcrec_c4c70f2c_vm-caps-simdna	measured	pinned	3	ratio_vs_baseline	5.715324	40	1.0000	0	0		
rank	cnt-64	(set)	short-subject-search	plain	same program	pcrec_c4c70f2c_vm-caps-simdna	measured	pinned	3	ratio_vs_best	5.715324	40	1.0000	0	0		
rank	cnt-64	(set)	short-subject-search	plain	same program	libpcre2_10.46_jit-caps-simdna	measured	pinned	4	median_ns	203209.478416	40	1.0000	0	0		
rank	cnt-64	(set)	short-subject-search	plain	same program	libpcre2_10.46_jit-caps-simdna	measured	pinned	4	min_ns	202414.218048	40	1.0000	0	0		
rank	cnt-64	(set)	short-subject-search	plain	same program	libpcre2_10.46_jit-caps-simdna	measured	pinned	4	max_ns	203877.154525	40	1.0000	0	0		
rank	cnt-64	(set)	short-subject-search	plain	same program	libpcre2_10.46_jit-caps-simdna	measured	pinned	4	stddev_ns	532.322557	40	1.0000	0	0		
rank	cnt-64	(set)	short-subject-search	plain	same program	libpcre2_10.46_jit-caps-simdna	measured	pinned	4	ratio_vs_baseline	20.063503	40	1.0000	0	0		
rank	cnt-64	(set)	short-subject-search	plain	same program	libpcre2_10.46_jit-caps-simdna	measured	pinned	4	ratio_vs_best	20.063503	40	1.0000	0	0		
baseline	floor	(set)	large-subject-throughput			pcrec_c4c70f2c_vm-caps-simdna				baseline_identity	row-best-fallback					pcrec_c4c70f2c_vm-caps-simdna (row-best fallback -- interp absent from this group)	
rank	floor	(set)	large-subject-throughput	plain	same program	pcrec_c4c70f2c_vm-caps-simdna	measured	pinned	1	median_ns	15314.581473	4	1.0000	0	0		
rank	floor	(set)	large-subject-throughput	plain	same program	pcrec_c4c70f2c_vm-caps-simdna	measured	pinned	1	min_ns	15310.352112	4	1.0000	0	0		
rank	floor	(set)	large-subject-throughput	plain	same program	pcrec_c4c70f2c_vm-caps-simdna	measured	pinned	1	max_ns	15356.133278	4	1.0000	0	0		
rank	floor	(set)	large-subject-throughput	plain	same program	pcrec_c4c70f2c_vm-caps-simdna	measured	pinned	1	stddev_ns	18.457295	4	1.0000	0	0		
rank	floor	(set)	large-subject-throughput	plain	same program	pcrec_c4c70f2c_vm-caps-simdna	measured	pinned	1	ratio_vs_baseline	1.000000	4	1.0000	0	0		
rank	floor	(set)	large-subject-throughput	plain	same program	pcrec_c4c70f2c_vm-caps-simdna	measured	pinned	1	ratio_vs_best	1.000000	4	1.0000	0	0		
rank	floor	(set)	large-subject-throughput	plain	same program	pcrec_c4c70f2c_auto-caps-simdna	measured	pinned	2	median_ns	15384.768033	4	1.0000	0	0		
rank	floor	(set)	large-subject-throughput	plain	same program	pcrec_c4c70f2c_auto-caps-simdna	measured	pinned	2	min_ns	15368.162252	4	1.0000	0	0		
rank	floor	(set)	large-subject-throughput	plain	same program	pcrec_c4c70f2c_auto-caps-simdna	measured	pinned	2	max_ns	15390.937872	4	1.0000	0	0		
rank	floor	(set)	large-subject-throughput	plain	same program	pcrec_c4c70f2c_auto-caps-simdna	measured	pinned	2	stddev_ns	8.699845	4	1.0000	0	0		
rank	floor	(set)	large-subject-throughput	plain	same program	pcrec_c4c70f2c_auto-caps-simdna	measured	pinned	2	ratio_vs_baseline	1.004583	4	1.0000	0	0		
rank	floor	(set)	large-subject-throughput	plain	same program	pcrec_c4c70f2c_auto-caps-simdna	measured	pinned	2	ratio_vs_best	1.004583	4	1.0000	0	0		
rank	floor	(set)	large-subject-throughput	plain	same program	rust_1.13.1_default-caps-simdna	measured	pinned	3	median_ns	15598.764679	4	1.0000	0	0		
rank	floor	(set)	large-subject-throughput	plain	same program	rust_1.13.1_default-caps-simdna	measured	pinned	3	min_ns	15573.671222	4	1.0000	0	0		
rank	floor	(set)	large-subject-throughput	plain	same program	rust_1.13.1_default-caps-simdna	measured	pinned	3	max_ns	15658.112913	4	1.0000	0	0		
rank	floor	(set)	large-subject-throughput	plain	same program	rust_1.13.1_default-caps-simdna	measured	pinned	3	stddev_ns	30.301500	4	1.0000	0	0		
rank	floor	(set)	large-subject-throughput	plain	same program	rust_1.13.1_default-caps-simdna	measured	pinned	3	ratio_vs_baseline	1.018556	4	1.0000	0	0		
rank	floor	(set)	large-subject-throughput	plain	same program	rust_1.13.1_default-caps-simdna	measured	pinned	3	ratio_vs_best	1.018556	4	1.0000	0	0		
rank	floor	(set)	large-subject-throughput	plain	same program	libpcre2_10.46_jit-caps-simdna	measured	pinned	4	median_ns	34397.120074	4	1.0000	0	0		
rank	floor	(set)	large-subject-throughput	plain	same program	libpcre2_10.46_jit-caps-simdna	measured	pinned	4	min_ns	34328.864457	4	1.0000	0	0		
rank	floor	(set)	large-subject-throughput	plain	same program	libpcre2_10.46_jit-caps-simdna	measured	pinned	4	max_ns	34496.947330	4	1.0000	0	0		
rank	floor	(set)	large-subject-throughput	plain	same program	libpcre2_10.46_jit-caps-simdna	measured	pinned	4	stddev_ns	60.416609	4	1.0000	0	0		
rank	floor	(set)	large-subject-throughput	plain	same program	libpcre2_10.46_jit-caps-simdna	measured	pinned	4	ratio_vs_baseline	2.246037	4	1.0000	0	0		
rank	floor	(set)	large-subject-throughput	plain	same program	libpcre2_10.46_jit-caps-simdna	measured	pinned	4	ratio_vs_best	2.246037	4	1.0000	0	0		
baseline	floor	(set)	match-compliance			rust_1.13.1_default-caps-simdna				baseline_identity	row-best-fallback					rust_1.13.1_default-caps-simdna (row-best fallback -- interp absent from this group)	
rank	floor	(set)	match-compliance	whole-subject	separate artifact	rust_1.13.1_default-caps-simdna	measured	pinned	1	median_ns	226.343897	40	1.0000	0	0		
rank	floor	(set)	match-compliance	whole-subject	separate artifact	rust_1.13.1_default-caps-simdna	measured	pinned	1	min_ns	225.125793	40	1.0000	0	0		
rank	floor	(set)	match-compliance	whole-subject	separate artifact	rust_1.13.1_default-caps-simdna	measured	pinned	1	max_ns	227.397901	40	1.0000	0	0		
rank	floor	(set)	match-compliance	whole-subject	separate artifact	rust_1.13.1_default-caps-simdna	measured	pinned	1	stddev_ns	0.755000	40	1.0000	0	0		
rank	floor	(set)	match-compliance	whole-subject	separate artifact	rust_1.13.1_default-caps-simdna	measured	pinned	1	ratio_vs_baseline	1.000000	40	1.0000	0	0		
rank	floor	(set)	match-compliance	whole-subject	separate artifact	rust_1.13.1_default-caps-simdna	measured	pinned	1	ratio_vs_best	1.000000	40	1.0000	0	0		
rank	floor	(set)	match-compliance	whole-subject	separate artifact	pcrec_c4c70f2c_vm-caps-simdna	measured	pinned	2	median_ns	261.051376	40	1.0000	0	0		
rank	floor	(set)	match-compliance	whole-subject	separate artifact	pcrec_c4c70f2c_vm-caps-simdna	measured	pinned	2	min_ns	261.034684	40	1.0000	0	0		
rank	floor	(set)	match-compliance	whole-subject	separate artifact	pcrec_c4c70f2c_vm-caps-simdna	measured	pinned	2	max_ns	261.162251	40	1.0000	0	0		
rank	floor	(set)	match-compliance	whole-subject	separate artifact	pcrec_c4c70f2c_vm-caps-simdna	measured	pinned	2	stddev_ns	0.046666	40	1.0000	0	0		
rank	floor	(set)	match-compliance	whole-subject	separate artifact	pcrec_c4c70f2c_vm-caps-simdna	measured	pinned	2	ratio_vs_baseline	1.153340	40	1.0000	0	0		
rank	floor	(set)	match-compliance	whole-subject	separate artifact	pcrec_c4c70f2c_vm-caps-simdna	measured	pinned	2	ratio_vs_best	1.153340	40	1.0000	0	0		
rank	floor	(set)	match-compliance	whole-subject	separate artifact	pcrec_c4c70f2c_auto-caps-simdna	measured	pinned	3	median_ns	432.589941	40	1.0000	0	0		
rank	floor	(set)	match-compliance	whole-subject	separate artifact	pcrec_c4c70f2c_auto-caps-simdna	measured	pinned	3	min_ns	431.908878	40	1.0000	0	0		
rank	floor	(set)	match-compliance	whole-subject	separate artifact	pcrec_c4c70f2c_auto-caps-simdna	measured	pinned	3	max_ns	440.661869	40	1.0000	0	0		
rank	floor	(set)	match-compliance	whole-subject	separate artifact	pcrec_c4c70f2c_auto-caps-simdna	measured	pinned	3	stddev_ns	3.924338	40	1.0000	0	0		
rank	floor	(set)	match-compliance	whole-subject	separate artifact	pcrec_c4c70f2c_auto-caps-simdna	measured	pinned	3	ratio_vs_baseline	1.911207	40	1.0000	0	0		
rank	floor	(set)	match-compliance	whole-subject	separate artifact	pcrec_c4c70f2c_auto-caps-simdna	measured	pinned	3	ratio_vs_best	1.911207	40	1.0000	0	0		
rank	floor	(set)	match-compliance	plain	same program	libpcre2_10.46_jit-caps-simdna	measured	pinned	4	median_ns	2473.496012	40	1.0000	0	0		
rank	floor	(set)	match-compliance	plain	same program	libpcre2_10.46_jit-caps-simdna	measured	pinned	4	min_ns	2456.286864	40	1.0000	0	0		
rank	floor	(set)	match-compliance	plain	same program	libpcre2_10.46_jit-caps-simdna	measured	pinned	4	max_ns	2497.813369	40	1.0000	0	0		
rank	floor	(set)	match-compliance	plain	same program	libpcre2_10.46_jit-caps-simdna	measured	pinned	4	stddev_ns	16.348378	40	1.0000	0	0		
rank	floor	(set)	match-compliance	plain	same program	libpcre2_10.46_jit-caps-simdna	measured	pinned	4	ratio_vs_baseline	10.928044	40	1.0000	0	0		
rank	floor	(set)	match-compliance	plain	same program	libpcre2_10.46_jit-caps-simdna	measured	pinned	4	ratio_vs_best	10.928044	40	1.0000	0	0		
baseline	floor	(set)	short-subject-search			pcrec_c4c70f2c_vm-caps-simdna				baseline_identity	row-best-fallback					pcrec_c4c70f2c_vm-caps-simdna (row-best fallback -- interp absent from this group)	
rank	floor	(set)	short-subject-search	plain	same program	pcrec_c4c70f2c_vm-caps-simdna	measured	pinned	1	median_ns	403.464904	40	1.0000	0	0		
rank	floor	(set)	short-subject-search	plain	same program	pcrec_c4c70f2c_vm-caps-simdna	measured	pinned	1	min_ns	400.197088	40	1.0000	0	0		
rank	floor	(set)	short-subject-search	plain	same program	pcrec_c4c70f2c_vm-caps-simdna	measured	pinned	1	max_ns	403.590843	40	1.0000	0	0		
rank	floor	(set)	short-subject-search	plain	same program	pcrec_c4c70f2c_vm-caps-simdna	measured	pinned	1	stddev_ns	1.330637	40	1.0000	0	0		
rank	floor	(set)	short-subject-search	plain	same program	pcrec_c4c70f2c_vm-caps-simdna	measured	pinned	1	ratio_vs_baseline	1.000000	40	1.0000	0	0		
rank	floor	(set)	short-subject-search	plain	same program	pcrec_c4c70f2c_vm-caps-simdna	measured	pinned	1	ratio_vs_best	1.000000	40	1.0000	0	0		
rank	floor	(set)	short-subject-search	plain	same program	pcrec_c4c70f2c_auto-caps-simdna	measured	pinned	2	median_ns	542.566891	40	1.0000	0	0		
rank	floor	(set)	short-subject-search	plain	same program	pcrec_c4c70f2c_auto-caps-simdna	measured	pinned	2	min_ns	541.830912	40	1.0000	0	0		
rank	floor	(set)	short-subject-search	plain	same program	pcrec_c4c70f2c_auto-caps-simdna	measured	pinned	2	max_ns	546.037782	40	1.0000	0	0		
rank	floor	(set)	short-subject-search	plain	same program	pcrec_c4c70f2c_auto-caps-simdna	measured	pinned	2	stddev_ns	1.637890	40	1.0000	0	0		
rank	floor	(set)	short-subject-search	plain	same program	pcrec_c4c70f2c_auto-caps-simdna	measured	pinned	2	ratio_vs_baseline	1.344768	40	1.0000	0	0		
rank	floor	(set)	short-subject-search	plain	same program	pcrec_c4c70f2c_auto-caps-simdna	measured	pinned	2	ratio_vs_best	1.344768	40	1.0000	0	0		
rank	floor	(set)	short-subject-search	plain	same program	libpcre2_10.46_jit-caps-simdna	measured	pinned	3	median_ns	1761.889485	40	1.0000	0	0		
rank	floor	(set)	short-subject-search	plain	same program	libpcre2_10.46_jit-caps-simdna	measured	pinned	3	min_ns	1645.249655	40	1.0000	0	0		
rank	floor	(set)	short-subject-search	plain	same program	libpcre2_10.46_jit-caps-simdna	measured	pinned	3	max_ns	1851.676775	40	1.0000	0	0		
rank	floor	(set)	short-subject-search	plain	same program	libpcre2_10.46_jit-caps-simdna	measured	pinned	3	stddev_ns	73.477146	40	1.0000	0	0		
rank	floor	(set)	short-subject-search	plain	same program	libpcre2_10.46_jit-caps-simdna	measured	pinned	3	ratio_vs_baseline	4.366897	40	1.0000	0	0		
rank	floor	(set)	short-subject-search	plain	same program	libpcre2_10.46_jit-caps-simdna	measured	pinned	3	ratio_vs_best	4.366897	40	1.0000	0	0		
rank	floor	(set)	short-subject-search	plain	same program	rust_1.13.1_default-caps-simdna	measured	pinned	4	median_ns	1928.760876	40	1.0000	0	0		
rank	floor	(set)	short-subject-search	plain	same program	rust_1.13.1_default-caps-simdna	measured	pinned	4	min_ns	1920.128880	40	1.0000	0	0		
rank	floor	(set)	short-subject-search	plain	same program	rust_1.13.1_default-caps-simdna	measured	pinned	4	max_ns	1941.888581	40	1.0000	0	0		
rank	floor	(set)	short-subject-search	plain	same program	rust_1.13.1_default-caps-simdna	measured	pinned	4	stddev_ns	6.960790	40	1.0000	0	0		
rank	floor	(set)	short-subject-search	plain	same program	rust_1.13.1_default-caps-simdna	measured	pinned	4	ratio_vs_baseline	4.780492	40	1.0000	0	0		
rank	floor	(set)	short-subject-search	plain	same program	rust_1.13.1_default-caps-simdna	measured	pinned	4	ratio_vs_best	4.780492	40	1.0000	0	0		
baseline	nar4-256	(set)	large-subject-throughput			rust_1.13.1_default-caps-simdna				baseline_identity	row-best-fallback					rust_1.13.1_default-caps-simdna (row-best fallback -- interp absent from this group)	
rank	nar4-256	(set)	large-subject-throughput	plain	same program	rust_1.13.1_default-caps-simdna	measured	pinned	1	median_ns	1761531.022727	4	1.0000	0	0		
rank	nar4-256	(set)	large-subject-throughput	plain	same program	rust_1.13.1_default-caps-simdna	measured	pinned	1	min_ns	1759714.454545	4	1.0000	0	0		
rank	nar4-256	(set)	large-subject-throughput	plain	same program	rust_1.13.1_default-caps-simdna	measured	pinned	1	max_ns	1766146.568182	4	1.0000	0	0		
rank	nar4-256	(set)	large-subject-throughput	plain	same program	rust_1.13.1_default-caps-simdna	measured	pinned	1	stddev_ns	2314.654280	4	1.0000	0	0		
rank	nar4-256	(set)	large-subject-throughput	plain	same program	rust_1.13.1_default-caps-simdna	measured	pinned	1	ratio_vs_baseline	1.000000	4	1.0000	0	0		
rank	nar4-256	(set)	large-subject-throughput	plain	same program	rust_1.13.1_default-caps-simdna	measured	pinned	1	ratio_vs_best	1.000000	4	1.0000	0	0		
rank	nar4-256	(set)	large-subject-throughput	plain	same program	pcrec_c4c70f2c_auto-caps-simdna	measured	pinned	2	median_ns	1793636.677966	4	1.0000	0	0		
rank	nar4-256	(set)	large-subject-throughput	plain	same program	pcrec_c4c70f2c_auto-caps-simdna	measured	pinned	2	min_ns	1793209.621469	4	1.0000	0	0		
rank	nar4-256	(set)	large-subject-throughput	plain	same program	pcrec_c4c70f2c_auto-caps-simdna	measured	pinned	2	max_ns	1794877.090395	4	1.0000	0	0		
rank	nar4-256	(set)	large-subject-throughput	plain	same program	pcrec_c4c70f2c_auto-caps-simdna	measured	pinned	2	stddev_ns	655.634093	4	1.0000	0	0		
rank	nar4-256	(set)	large-subject-throughput	plain	same program	pcrec_c4c70f2c_auto-caps-simdna	measured	pinned	2	ratio_vs_baseline	1.018226	4	1.0000	0	0		
rank	nar4-256	(set)	large-subject-throughput	plain	same program	pcrec_c4c70f2c_auto-caps-simdna	measured	pinned	2	ratio_vs_best	1.018226	4	1.0000	0	0		
rank	nar4-256	(set)	large-subject-throughput	plain	same program	pcrec_c4c70f2c_vm-caps-simdna	measured	pinned	3	median_ns	8108277.906977	4	1.0000	0	0		
rank	nar4-256	(set)	large-subject-throughput	plain	same program	pcrec_c4c70f2c_vm-caps-simdna	measured	pinned	3	min_ns	8105927.883721	4	1.0000	0	0		
rank	nar4-256	(set)	large-subject-throughput	plain	same program	pcrec_c4c70f2c_vm-caps-simdna	measured	pinned	3	max_ns	8124402.674419	4	1.0000	0	0		
rank	nar4-256	(set)	large-subject-throughput	plain	same program	pcrec_c4c70f2c_vm-caps-simdna	measured	pinned	3	stddev_ns	6855.727188	4	1.0000	0	0		
rank	nar4-256	(set)	large-subject-throughput	plain	same program	pcrec_c4c70f2c_vm-caps-simdna	measured	pinned	3	ratio_vs_baseline	4.602972	4	1.0000	0	0		
rank	nar4-256	(set)	large-subject-throughput	plain	same program	pcrec_c4c70f2c_vm-caps-simdna	measured	pinned	3	ratio_vs_best	4.602972	4	1.0000	0	0		
rank	nar4-256	(set)	large-subject-throughput	plain	same program	libpcre2_10.46_jit-caps-simdna	measured	pinned	4	median_ns	41037797.777778	4	1.0000	0	0		
rank	nar4-256	(set)	large-subject-throughput	plain	same program	libpcre2_10.46_jit-caps-simdna	measured	pinned	4	min_ns	38312368.888889	4	1.0000	0	0		
rank	nar4-256	(set)	large-subject-throughput	plain	same program	libpcre2_10.46_jit-caps-simdna	measured	pinned	4	max_ns	42221329.333333	4	1.0000	0	0		
rank	nar4-256	(set)	large-subject-throughput	plain	same program	libpcre2_10.46_jit-caps-simdna	measured	pinned	4	stddev_ns	1304183.373946	4	1.0000	0	0		
rank	nar4-256	(set)	large-subject-throughput	plain	same program	libpcre2_10.46_jit-caps-simdna	measured	pinned	4	ratio_vs_baseline	23.296665	4	1.0000	0	0		
rank	nar4-256	(set)	large-subject-throughput	plain	same program	libpcre2_10.46_jit-caps-simdna	measured	pinned	4	ratio_vs_best	23.296665	4	1.0000	0	0		
baseline	nar4-256	(set)	match-compliance			pcrec_c4c70f2c_vm-caps-simdna				baseline_identity	row-best-fallback					pcrec_c4c70f2c_vm-caps-simdna (row-best fallback -- interp absent from this group)	
rank	nar4-256	(set)	match-compliance	whole-subject	separate artifact	pcrec_c4c70f2c_vm-caps-simdna	measured	pinned	1	median_ns	419.190087	40	1.0000	0	0		
rank	nar4-256	(set)	match-compliance	whole-subject	separate artifact	pcrec_c4c70f2c_vm-caps-simdna	measured	pinned	1	min_ns	417.939952	40	1.0000	0	0		
rank	nar4-256	(set)	match-compliance	whole-subject	separate artifact	pcrec_c4c70f2c_vm-caps-simdna	measured	pinned	1	max_ns	421.242101	40	1.0000	0	0		
rank	nar4-256	(set)	match-compliance	whole-subject	separate artifact	pcrec_c4c70f2c_vm-caps-simdna	measured	pinned	1	stddev_ns	1.082886	40	1.0000	0	0		
rank	nar4-256	(set)	match-compliance	whole-subject	separate artifact	pcrec_c4c70f2c_vm-caps-simdna	measured	pinned	1	ratio_vs_baseline	1.000000	40	1.0000	0	0		
rank	nar4-256	(set)	match-compliance	whole-subject	separate artifact	pcrec_c4c70f2c_vm-caps-simdna	measured	pinned	1	ratio_vs_best	1.000000	40	1.0000	0	0		
rank	nar4-256	(set)	match-compliance	whole-subject	separate artifact	pcrec_c4c70f2c_auto-caps-simdna	measured	pinned	2	median_ns	453.245902	40	1.0000	0	0		
rank	nar4-256	(set)	match-compliance	whole-subject	separate artifact	pcrec_c4c70f2c_auto-caps-simdna	measured	pinned	2	min_ns	451.552779	40	1.0000	0	0		
rank	nar4-256	(set)	match-compliance	whole-subject	separate artifact	pcrec_c4c70f2c_auto-caps-simdna	measured	pinned	2	max_ns	461.626505	40	1.0000	0	0		
rank	nar4-256	(set)	match-compliance	whole-subject	separate artifact	pcrec_c4c70f2c_auto-caps-simdna	measured	pinned	2	stddev_ns	4.417973	40	1.0000	0	0		
rank	nar4-256	(set)	match-compliance	whole-subject	separate artifact	pcrec_c4c70f2c_auto-caps-simdna	measured	pinned	2	ratio_vs_baseline	1.081242	40	1.0000	0	0		
rank	nar4-256	(set)	match-compliance	whole-subject	separate artifact	pcrec_c4c70f2c_auto-caps-simdna	measured	pinned	2	ratio_vs_best	1.081242	40	1.0000	0	0		
rank	nar4-256	(set)	match-compliance	whole-subject	separate artifact	rust_1.13.1_default-caps-simdna	measured	pinned	3	median_ns	621.862878	40	1.0000	0	0		
rank	nar4-256	(set)	match-compliance	whole-subject	separate artifact	rust_1.13.1_default-caps-simdna	measured	pinned	3	min_ns	621.746728	40	1.0000	0	0		
rank	nar4-256	(set)	match-compliance	whole-subject	separate artifact	rust_1.13.1_default-caps-simdna	measured	pinned	3	max_ns	626.812872	40	1.0000	0	0		
rank	nar4-256	(set)	match-compliance	whole-subject	separate artifact	rust_1.13.1_default-caps-simdna	measured	pinned	3	stddev_ns	1.962102	40	1.0000	0	0		
rank	nar4-256	(set)	match-compliance	whole-subject	separate artifact	rust_1.13.1_default-caps-simdna	measured	pinned	3	ratio_vs_baseline	1.483487	40	1.0000	0	0		
rank	nar4-256	(set)	match-compliance	whole-subject	separate artifact	rust_1.13.1_default-caps-simdna	measured	pinned	3	ratio_vs_best	1.483487	40	1.0000	0	0		
rank	nar4-256	(set)	match-compliance	plain	same program	libpcre2_10.46_jit-caps-simdna	measured	pinned	4	median_ns	1893.107210	40	1.0000	0	0		
rank	nar4-256	(set)	match-compliance	plain	same program	libpcre2_10.46_jit-caps-simdna	measured	pinned	4	min_ns	1890.961640	40	1.0000	0	0		
rank	nar4-256	(set)	match-compliance	plain	same program	libpcre2_10.46_jit-caps-simdna	measured	pinned	4	max_ns	2024.777811	40	1.0000	0	0		
rank	nar4-256	(set)	match-compliance	plain	same program	libpcre2_10.46_jit-caps-simdna	measured	pinned	4	stddev_ns	52.983709	40	1.0000	0	0		
rank	nar4-256	(set)	match-compliance	plain	same program	libpcre2_10.46_jit-caps-simdna	measured	pinned	4	ratio_vs_baseline	4.516107	40	1.0000	0	0		
rank	nar4-256	(set)	match-compliance	plain	same program	libpcre2_10.46_jit-caps-simdna	measured	pinned	4	ratio_vs_best	4.516107	40	1.0000	0	0		
baseline	nar4-256	(set)	short-subject-search			pcrec_c4c70f2c_auto-caps-simdna				baseline_identity	row-best-fallback					pcrec_c4c70f2c_auto-caps-simdna (row-best fallback -- interp absent from this group)	
rank	nar4-256	(set)	short-subject-search	plain	same program	pcrec_c4c70f2c_auto-caps-simdna	measured	pinned	1	median_ns	4364.197763	40	1.0000	0	0		
rank	nar4-256	(set)	short-subject-search	plain	same program	pcrec_c4c70f2c_auto-caps-simdna	measured	pinned	1	min_ns	4342.829016	40	1.0000	0	0		
rank	nar4-256	(set)	short-subject-search	plain	same program	pcrec_c4c70f2c_auto-caps-simdna	measured	pinned	1	max_ns	4392.264240	40	1.0000	0	0		
rank	nar4-256	(set)	short-subject-search	plain	same program	pcrec_c4c70f2c_auto-caps-simdna	measured	pinned	1	stddev_ns	15.721844	40	1.0000	0	0		
rank	nar4-256	(set)	short-subject-search	plain	same program	pcrec_c4c70f2c_auto-caps-simdna	measured	pinned	1	ratio_vs_baseline	1.000000	40	1.0000	0	0		
rank	nar4-256	(set)	short-subject-search	plain	same program	pcrec_c4c70f2c_auto-caps-simdna	measured	pinned	1	ratio_vs_best	1.000000	40	1.0000	0	0		
rank	nar4-256	(set)	short-subject-search	plain	same program	rust_1.13.1_default-caps-simdna	measured	pinned	2	median_ns	10399.057864	40	1.0000	0	0		
rank	nar4-256	(set)	short-subject-search	plain	same program	rust_1.13.1_default-caps-simdna	measured	pinned	2	min_ns	10394.277121	40	1.0000	0	0		
rank	nar4-256	(set)	short-subject-search	plain	same program	rust_1.13.1_default-caps-simdna	measured	pinned	2	max_ns	10401.079232	40	1.0000	0	0		
rank	nar4-256	(set)	short-subject-search	plain	same program	rust_1.13.1_default-caps-simdna	measured	pinned	2	stddev_ns	2.673148	40	1.0000	0	0		
rank	nar4-256	(set)	short-subject-search	plain	same program	rust_1.13.1_default-caps-simdna	measured	pinned	2	ratio_vs_baseline	2.382811	40	1.0000	0	0		
rank	nar4-256	(set)	short-subject-search	plain	same program	rust_1.13.1_default-caps-simdna	measured	pinned	2	ratio_vs_best	2.382811	40	1.0000	0	0		
rank	nar4-256	(set)	short-subject-search	plain	same program	pcrec_c4c70f2c_vm-caps-simdna	measured	pinned	3	median_ns	26215.364827	40	1.0000	0	0		
rank	nar4-256	(set)	short-subject-search	plain	same program	pcrec_c4c70f2c_vm-caps-simdna	measured	pinned	3	min_ns	26180.101423	40	1.0000	0	0		
rank	nar4-256	(set)	short-subject-search	plain	same program	pcrec_c4c70f2c_vm-caps-simdna	measured	pinned	3	max_ns	26238.879341	40	1.0000	0	0		
rank	nar4-256	(set)	short-subject-search	plain	same program	pcrec_c4c70f2c_vm-caps-simdna	measured	pinned	3	stddev_ns	22.429066	40	1.0000	0	0		
rank	nar4-256	(set)	short-subject-search	plain	same program	pcrec_c4c70f2c_vm-caps-simdna	measured	pinned	3	ratio_vs_baseline	6.006915	40	1.0000	0	0		
rank	nar4-256	(set)	short-subject-search	plain	same program	pcrec_c4c70f2c_vm-caps-simdna	measured	pinned	3	ratio_vs_best	6.006915	40	1.0000	0	0		
rank	nar4-256	(set)	short-subject-search	plain	same program	libpcre2_10.46_jit-caps-simdna	measured	pinned	4	median_ns	187551.073518	40	1.0000	0	0		
rank	nar4-256	(set)	short-subject-search	plain	same program	libpcre2_10.46_jit-caps-simdna	measured	pinned	4	min_ns	181799.253287	40	1.0000	0	0		
rank	nar4-256	(set)	short-subject-search	plain	same program	libpcre2_10.46_jit-caps-simdna	measured	pinned	4	max_ns	197393.402871	40	1.0000	0	0		
rank	nar4-256	(set)	short-subject-search	plain	same program	libpcre2_10.46_jit-caps-simdna	measured	pinned	4	stddev_ns	5585.350524	40	1.0000	0	0		
rank	nar4-256	(set)	short-subject-search	plain	same program	libpcre2_10.46_jit-caps-simdna	measured	pinned	4	ratio_vs_baseline	42.974925	40	1.0000	0	0		
rank	nar4-256	(set)	short-subject-search	plain	same program	libpcre2_10.46_jit-caps-simdna	measured	pinned	4	ratio_vs_best	42.974925	40	1.0000	0	0		
baseline	nar4-512	(set)	large-subject-throughput			rust_1.13.1_default-caps-simdna				baseline_identity	row-best-fallback					rust_1.13.1_default-caps-simdna (row-best fallback -- interp absent from this group)	
rank	nar4-512	(set)	large-subject-throughput	plain	same program	rust_1.13.1_default-caps-simdna	measured	pinned	1	median_ns	1890665.666667	4	1.0000	0	0		
rank	nar4-512	(set)	large-subject-throughput	plain	same program	rust_1.13.1_default-caps-simdna	measured	pinned	1	min_ns	1881329.242424	4	1.0000	0	0		
rank	nar4-512	(set)	large-subject-throughput	plain	same program	rust_1.13.1_default-caps-simdna	measured	pinned	1	max_ns	1893525.666667	4	1.0000	0	0		
rank	nar4-512	(set)	large-subject-throughput	plain	same program	rust_1.13.1_default-caps-simdna	measured	pinned	1	stddev_ns	4168.825297	4	1.0000	0	0		
rank	nar4-512	(set)	large-subject-throughput	plain	same program	rust_1.13.1_default-caps-simdna	measured	pinned	1	ratio_vs_baseline	1.000000	4	1.0000	0	0		
rank	nar4-512	(set)	large-subject-throughput	plain	same program	rust_1.13.1_default-caps-simdna	measured	pinned	1	ratio_vs_best	1.000000	4	1.0000	0	0		
rank	nar4-512	(set)	large-subject-throughput	plain	same program	pcrec_c4c70f2c_auto-caps-simdna	measured	pinned	2	median_ns	2034368.288462	4	1.0000	0	0		
rank	nar4-512	(set)	large-subject-throughput	plain	same program	pcrec_c4c70f2c_auto-caps-simdna	measured	pinned	2	min_ns	2026935.993590	4	1.0000	0	0		
rank	nar4-512	(set)	large-subject-throughput	plain	same program	pcrec_c4c70f2c_auto-caps-simdna	measured	pinned	2	max_ns	2042096.076923	4	1.0000	0	0		
rank	nar4-512	(set)	large-subject-throughput	plain	same program	pcrec_c4c70f2c_auto-caps-simdna	measured	pinned	2	stddev_ns	5492.700416	4	1.0000	0	0		
rank	nar4-512	(set)	large-subject-throughput	plain	same program	pcrec_c4c70f2c_auto-caps-simdna	measured	pinned	2	ratio_vs_baseline	1.076006	4	1.0000	0	0		
rank	nar4-512	(set)	large-subject-throughput	plain	same program	pcrec_c4c70f2c_auto-caps-simdna	measured	pinned	2	ratio_vs_best	1.076006	4	1.0000	0	0		
rank	nar4-512	(set)	large-subject-throughput	plain	same program	pcrec_c4c70f2c_vm-caps-simdna	measured	pinned	3	median_ns	8876891.717949	4	1.0000	0	0		
rank	nar4-512	(set)	large-subject-throughput	plain	same program	pcrec_c4c70f2c_vm-caps-simdna	measured	pinned	3	min_ns	8856262.333333	4	1.0000	0	0		
rank	nar4-512	(set)	large-subject-throughput	plain	same program	pcrec_c4c70f2c_vm-caps-simdna	measured	pinned	3	max_ns	8905216.717949	4	1.0000	0	0		
rank	nar4-512	(set)	large-subject-throughput	plain	same program	pcrec_c4c70f2c_vm-caps-simdna	measured	pinned	3	stddev_ns	16858.735688	4	1.0000	0	0		
rank	nar4-512	(set)	large-subject-throughput	plain	same program	pcrec_c4c70f2c_vm-caps-simdna	measured	pinned	3	ratio_vs_baseline	4.695114	4	1.0000	0	0		
rank	nar4-512	(set)	large-subject-throughput	plain	same program	pcrec_c4c70f2c_vm-caps-simdna	measured	pinned	3	ratio_vs_best	4.695114	4	1.0000	0	0		
rank	nar4-512	(set)	large-subject-throughput	plain	same program	libpcre2_10.46_jit-caps-simdna	measured	pinned	4	median_ns	92914250.250000	4	1.0000	0	0		
rank	nar4-512	(set)	large-subject-throughput	plain	same program	libpcre2_10.46_jit-caps-simdna	measured	pinned	4	min_ns	92332150.250000	4	1.0000	0	0		
rank	nar4-512	(set)	large-subject-throughput	plain	same program	libpcre2_10.46_jit-caps-simdna	measured	pinned	4	max_ns	126732820.500000	4	1.0000	0	0		
rank	nar4-512	(set)	large-subject-throughput	plain	same program	libpcre2_10.46_jit-caps-simdna	measured	pinned	4	stddev_ns	13618747.968076	4	1.0000	0	0		
rank	nar4-512	(set)	large-subject-throughput	plain	same program	libpcre2_10.46_jit-caps-simdna	measured	pinned	4	ratio_vs_baseline	49.143670	4	1.0000	0	0		
rank	nar4-512	(set)	large-subject-throughput	plain	same program	libpcre2_10.46_jit-caps-simdna	measured	pinned	4	ratio_vs_best	49.143670	4	1.0000	0	0		
baseline	nar4-512	(set)	match-compliance			pcrec_c4c70f2c_vm-caps-simdna				baseline_identity	row-best-fallback					pcrec_c4c70f2c_vm-caps-simdna (row-best fallback -- interp absent from this group)	
rank	nar4-512	(set)	match-compliance	whole-subject	separate artifact	pcrec_c4c70f2c_vm-caps-simdna	measured	pinned	1	median_ns	336.499609	40	1.0000	0	0		
rank	nar4-512	(set)	match-compliance	whole-subject	separate artifact	pcrec_c4c70f2c_vm-caps-simdna	measured	pinned	1	min_ns	335.903800	40	1.0000	0	0		
rank	nar4-512	(set)	match-compliance	whole-subject	separate artifact	pcrec_c4c70f2c_vm-caps-simdna	measured	pinned	1	max_ns	336.734572	40	1.0000	0	0		
rank	nar4-512	(set)	match-compliance	whole-subject	separate artifact	pcrec_c4c70f2c_vm-caps-simdna	measured	pinned	1	stddev_ns	0.281757	40	1.0000	0	0		
rank	nar4-512	(set)	match-compliance	whole-subject	separate artifact	pcrec_c4c70f2c_vm-caps-simdna	measured	pinned	1	ratio_vs_baseline	1.000000	40	1.0000	0	0		
rank	nar4-512	(set)	match-compliance	whole-subject	separate artifact	pcrec_c4c70f2c_vm-caps-simdna	measured	pinned	1	ratio_vs_best	1.000000	40	1.0000	0	0		
rank	nar4-512	(set)	match-compliance	whole-subject	separate artifact	rust_1.13.1_default-caps-simdna	measured	pinned	2	median_ns	622.632424	40	1.0000	0	0		
rank	nar4-512	(set)	match-compliance	whole-subject	separate artifact	rust_1.13.1_default-caps-simdna	measured	pinned	2	min_ns	621.433597	40	1.0000	0	0		
rank	nar4-512	(set)	match-compliance	whole-subject	separate artifact	rust_1.13.1_default-caps-simdna	measured	pinned	2	max_ns	668.082334	40	1.0000	0	0		
rank	nar4-512	(set)	match-compliance	whole-subject	separate artifact	rust_1.13.1_default-caps-simdna	measured	pinned	2	stddev_ns	18.308344	40	1.0000	0	0		
rank	nar4-512	(set)	match-compliance	whole-subject	separate artifact	rust_1.13.1_default-caps-simdna	measured	pinned	2	ratio_vs_baseline	1.850321	40	1.0000	0	0		
rank	nar4-512	(set)	match-compliance	whole-subject	separate artifact	rust_1.13.1_default-caps-simdna	measured	pinned	2	ratio_vs_best	1.850321	40	1.0000	0	0		
rank	nar4-512	(set)	match-compliance	whole-subject	separate artifact	pcrec_c4c70f2c_auto-caps-simdna	measured	pinned	3	median_ns	840.061903	40	1.0000	0	0		
rank	nar4-512	(set)	match-compliance	whole-subject	separate artifact	pcrec_c4c70f2c_auto-caps-simdna	measured	pinned	3	min_ns	837.223397	40	1.0000	0	0		
rank	nar4-512	(set)	match-compliance	whole-subject	separate artifact	pcrec_c4c70f2c_auto-caps-simdna	measured	pinned	3	max_ns	841.726916	40	1.0000	0	0		
rank	nar4-512	(set)	match-compliance	whole-subject	separate artifact	pcrec_c4c70f2c_auto-caps-simdna	measured	pinned	3	stddev_ns	1.454743	40	1.0000	0	0		
rank	nar4-512	(set)	match-compliance	whole-subject	separate artifact	pcrec_c4c70f2c_auto-caps-simdna	measured	pinned	3	ratio_vs_baseline	2.496472	40	1.0000	0	0		
rank	nar4-512	(set)	match-compliance	whole-subject	separate artifact	pcrec_c4c70f2c_auto-caps-simdna	measured	pinned	3	ratio_vs_best	2.496472	40	1.0000	0	0		
rank	nar4-512	(set)	match-compliance	plain	same program	libpcre2_10.46_jit-caps-simdna	measured	pinned	4	median_ns	2428.210756	40	1.0000	0	0		
rank	nar4-512	(set)	match-compliance	plain	same program	libpcre2_10.46_jit-caps-simdna	measured	pinned	4	min_ns	2425.490608	40	1.0000	0	0		
rank	nar4-512	(set)	match-compliance	plain	same program	libpcre2_10.46_jit-caps-simdna	measured	pinned	4	max_ns	2431.512287	40	1.0000	0	0		
rank	nar4-512	(set)	match-compliance	plain	same program	libpcre2_10.46_jit-caps-simdna	measured	pinned	4	stddev_ns	2.092963	40	1.0000	0	0		
rank	nar4-512	(set)	match-compliance	plain	same program	libpcre2_10.46_jit-caps-simdna	measured	pinned	4	ratio_vs_baseline	7.216088	40	1.0000	0	0		
rank	nar4-512	(set)	match-compliance	plain	same program	libpcre2_10.46_jit-caps-simdna	measured	pinned	4	ratio_vs_best	7.216088	40	1.0000	0	0		
baseline	nar4-512	(set)	short-subject-search			pcrec_c4c70f2c_auto-caps-simdna				baseline_identity	row-best-fallback					pcrec_c4c70f2c_auto-caps-simdna (row-best fallback -- interp absent from this group)	
rank	nar4-512	(set)	short-subject-search	plain	same program	pcrec_c4c70f2c_auto-caps-simdna	measured	pinned	1	median_ns	5724.776976	40	1.0000	0	0		
rank	nar4-512	(set)	short-subject-search	plain	same program	pcrec_c4c70f2c_auto-caps-simdna	measured	pinned	1	min_ns	5718.154009	40	1.0000	0	0		
rank	nar4-512	(set)	short-subject-search	plain	same program	pcrec_c4c70f2c_auto-caps-simdna	measured	pinned	1	max_ns	5734.204953	40	1.0000	0	0		
rank	nar4-512	(set)	short-subject-search	plain	same program	pcrec_c4c70f2c_auto-caps-simdna	measured	pinned	1	stddev_ns	5.143915	40	1.0000	0	0		
rank	nar4-512	(set)	short-subject-search	plain	same program	pcrec_c4c70f2c_auto-caps-simdna	measured	pinned	1	ratio_vs_baseline	1.000000	40	1.0000	0	0		
rank	nar4-512	(set)	short-subject-search	plain	same program	pcrec_c4c70f2c_auto-caps-simdna	measured	pinned	1	ratio_vs_best	1.000000	40	1.0000	0	0		
rank	nar4-512	(set)	short-subject-search	plain	same program	rust_1.13.1_default-caps-simdna	measured	pinned	2	median_ns	10395.807119	40	1.0000	0	0		
rank	nar4-512	(set)	short-subject-search	plain	same program	rust_1.13.1_default-caps-simdna	measured	pinned	2	min_ns	10394.065587	40	1.0000	0	0		
rank	nar4-512	(set)	short-subject-search	plain	same program	rust_1.13.1_default-caps-simdna	measured	pinned	2	max_ns	10408.948961	40	1.0000	0	0		
rank	nar4-512	(set)	short-subject-search	plain	same program	rust_1.13.1_default-caps-simdna	measured	pinned	2	stddev_ns	5.519520	40	1.0000	0	0		
rank	nar4-512	(set)	short-subject-search	plain	same program	rust_1.13.1_default-caps-simdna	measured	pinned	2	ratio_vs_baseline	1.815932	40	1.0000	0	0		
rank	nar4-512	(set)	short-subject-search	plain	same program	rust_1.13.1_default-caps-simdna	measured	pinned	2	ratio_vs_best	1.815932	40	1.0000	0	0		
rank	nar4-512	(set)	short-subject-search	plain	same program	pcrec_c4c70f2c_vm-caps-simdna	measured	pinned	3	median_ns	26112.451394	40	1.0000	0	0		
rank	nar4-512	(set)	short-subject-search	plain	same program	pcrec_c4c70f2c_vm-caps-simdna	measured	pinned	3	min_ns	25669.939623	40	1.0000	0	0		
rank	nar4-512	(set)	short-subject-search	plain	same program	pcrec_c4c70f2c_vm-caps-simdna	measured	pinned	3	max_ns	27013.331139	40	1.0000	0	0		
rank	nar4-512	(set)	short-subject-search	plain	same program	pcrec_c4c70f2c_vm-caps-simdna	measured	pinned	3	stddev_ns	526.850870	40	1.0000	0	0		
rank	nar4-512	(set)	short-subject-search	plain	same program	pcrec_c4c70f2c_vm-caps-simdna	measured	pinned	3	ratio_vs_baseline	4.561305	40	1.0000	0	0		
rank	nar4-512	(set)	short-subject-search	plain	same program	pcrec_c4c70f2c_vm-caps-simdna	measured	pinned	3	ratio_vs_best	4.561305	40	1.0000	0	0		
rank	nar4-512	(set)	short-subject-search	plain	same program	libpcre2_10.46_jit-caps-simdna	measured	pinned	4	median_ns	439439.581136	40	1.0000	0	0		
rank	nar4-512	(set)	short-subject-search	plain	same program	libpcre2_10.46_jit-caps-simdna	measured	pinned	4	min_ns	438220.563140	40	1.0000	0	0		
rank	nar4-512	(set)	short-subject-search	plain	same program	libpcre2_10.46_jit-caps-simdna	measured	pinned	4	max_ns	440396.152653	40	1.0000	0	0		
rank	nar4-512	(set)	short-subject-search	plain	same program	libpcre2_10.46_jit-caps-simdna	measured	pinned	4	stddev_ns	697.604769	40	1.0000	0	0		
rank	nar4-512	(set)	short-subject-search	plain	same program	libpcre2_10.46_jit-caps-simdna	measured	pinned	4	ratio_vs_baseline	76.760996	40	1.0000	0	0		
rank	nar4-512	(set)	short-subject-search	plain	same program	libpcre2_10.46_jit-caps-simdna	measured	pinned	4	ratio_vs_best	76.760996	40	1.0000	0	0		
baseline	nar4-64	(set)	large-subject-throughput			rust_1.13.1_default-caps-simdna				baseline_identity	row-best-fallback					rust_1.13.1_default-caps-simdna (row-best fallback -- interp absent from this group)	
rank	nar4-64	(set)	large-subject-throughput	plain	same program	rust_1.13.1_default-caps-simdna	measured	pinned	1	median_ns	657758.757576	4	1.0000	0	0		
rank	nar4-64	(set)	large-subject-throughput	plain	same program	rust_1.13.1_default-caps-simdna	measured	pinned	1	min_ns	657572.051515	4	1.0000	0	0		
rank	nar4-64	(set)	large-subject-throughput	plain	same program	rust_1.13.1_default-caps-simdna	measured	pinned	1	max_ns	658160.548485	4	1.0000	0	0		
rank	nar4-64	(set)	large-subject-throughput	plain	same program	rust_1.13.1_default-caps-simdna	measured	pinned	1	stddev_ns	249.339292	4	1.0000	0	0		
rank	nar4-64	(set)	large-subject-throughput	plain	same program	rust_1.13.1_default-caps-simdna	measured	pinned	1	ratio_vs_baseline	1.000000	4	1.0000	0	0		
rank	nar4-64	(set)	large-subject-throughput	plain	same program	rust_1.13.1_default-caps-simdna	measured	pinned	1	ratio_vs_best	1.000000	4	1.0000	0	0		
rank	nar4-64	(set)	large-subject-throughput	plain	same program	pcrec_c4c70f2c_auto-caps-simdna	measured	pinned	2	median_ns	1910195.150289	4	1.0000	0	0		
rank	nar4-64	(set)	large-subject-throughput	plain	same program	pcrec_c4c70f2c_auto-caps-simdna	measured	pinned	2	min_ns	1908071.150289	4	1.0000	0	0		
rank	nar4-64	(set)	large-subject-throughput	plain	same program	pcrec_c4c70f2c_auto-caps-simdna	measured	pinned	2	max_ns	1932179.994220	4	1.0000	0	0		
rank	nar4-64	(set)	large-subject-throughput	plain	same program	pcrec_c4c70f2c_auto-caps-simdna	measured	pinned	2	stddev_ns	8979.905979	4	1.0000	0	0		
rank	nar4-64	(set)	large-subject-throughput	plain	same program	pcrec_c4c70f2c_auto-caps-simdna	measured	pinned	2	ratio_vs_baseline	2.904097	4	1.0000	0	0		
rank	nar4-64	(set)	large-subject-throughput	plain	same program	pcrec_c4c70f2c_auto-caps-simdna	measured	pinned	2	ratio_vs_best	2.904097	4	1.0000	0	0		
rank	nar4-64	(set)	large-subject-throughput	plain	same program	libpcre2_10.46_jit-caps-simdna	measured	pinned	3	median_ns	7635112.555556	4	1.0000	0	0		
rank	nar4-64	(set)	large-subject-throughput	plain	same program	libpcre2_10.46_jit-caps-simdna	measured	pinned	3	min_ns	7123771.155556	4	1.0000	0	0		
rank	nar4-64	(set)	large-subject-throughput	plain	same program	libpcre2_10.46_jit-caps-simdna	measured	pinned	3	max_ns	7771037.755556	4	1.0000	0	0		
rank	nar4-64	(set)	large-subject-throughput	plain	same program	libpcre2_10.46_jit-caps-simdna	measured	pinned	3	stddev_ns	231270.084210	4	1.0000	0	0		
rank	nar4-64	(set)	large-subject-throughput	plain	same program	libpcre2_10.46_jit-caps-simdna	measured	pinned	3	ratio_vs_baseline	11.607770	4	1.0000	0	0		
rank	nar4-64	(set)	large-subject-throughput	plain	same program	libpcre2_10.46_jit-caps-simdna	measured	pinned	3	ratio_vs_best	11.607770	4	1.0000	0	0		
rank	nar4-64	(set)	large-subject-throughput	plain	same program	pcrec_c4c70f2c_vm-caps-simdna	measured	pinned	4	median_ns	8343665.928571	4	1.0000	0	0		
rank	nar4-64	(set)	large-subject-throughput	plain	same program	pcrec_c4c70f2c_vm-caps-simdna	measured	pinned	4	min_ns	8251419.214286	4	1.0000	0	0		
rank	nar4-64	(set)	large-subject-throughput	plain	same program	pcrec_c4c70f2c_vm-caps-simdna	measured	pinned	4	max_ns	8375375.833333	4	1.0000	0	0		
rank	nar4-64	(set)	large-subject-throughput	plain	same program	pcrec_c4c70f2c_vm-caps-simdna	measured	pinned	4	stddev_ns	42072.300115	4	1.0000	0	0		
rank	nar4-64	(set)	large-subject-throughput	plain	same program	pcrec_c4c70f2c_vm-caps-simdna	measured	pinned	4	ratio_vs_baseline	12.684994	4	1.0000	0	0		
rank	nar4-64	(set)	large-subject-throughput	plain	same program	pcrec_c4c70f2c_vm-caps-simdna	measured	pinned	4	ratio_vs_best	12.684994	4	1.0000	0	0		
baseline	nar4-64	(set)	match-compliance			pcrec_c4c70f2c_vm-caps-simdna				baseline_identity	row-best-fallback					pcrec_c4c70f2c_vm-caps-simdna (row-best fallback -- interp absent from this group)	
rank	nar4-64	(set)	match-compliance	whole-subject	separate artifact	pcrec_c4c70f2c_vm-caps-simdna	measured	pinned	1	median_ns	355.545875	40	1.0000	0	0		
rank	nar4-64	(set)	match-compliance	whole-subject	separate artifact	pcrec_c4c70f2c_vm-caps-simdna	measured	pinned	1	min_ns	354.509706	40	1.0000	0	0		
rank	nar4-64	(set)	match-compliance	whole-subject	separate artifact	pcrec_c4c70f2c_vm-caps-simdna	measured	pinned	1	max_ns	355.804144	40	1.0000	0	0		
rank	nar4-64	(set)	match-compliance	whole-subject	separate artifact	pcrec_c4c70f2c_vm-caps-simdna	measured	pinned	1	stddev_ns	0.464314	40	1.0000	0	0		
rank	nar4-64	(set)	match-compliance	whole-subject	separate artifact	pcrec_c4c70f2c_vm-caps-simdna	measured	pinned	1	ratio_vs_baseline	1.000000	40	1.0000	0	0		
rank	nar4-64	(set)	match-compliance	whole-subject	separate artifact	pcrec_c4c70f2c_vm-caps-simdna	measured	pinned	1	ratio_vs_best	1.000000	40	1.0000	0	0		
rank	nar4-64	(set)	match-compliance	whole-subject	separate artifact	pcrec_c4c70f2c_auto-caps-simdna	measured	pinned	2	median_ns	457.348207	40	1.0000	0	0		
rank	nar4-64	(set)	match-compliance	whole-subject	separate artifact	pcrec_c4c70f2c_auto-caps-simdna	measured	pinned	2	min_ns	450.760039	40	1.0000	0	0		
rank	nar4-64	(set)	match-compliance	whole-subject	separate artifact	pcrec_c4c70f2c_auto-caps-simdna	measured	pinned	2	max_ns	470.874849	40	1.0000	0	0		
rank	nar4-64	(set)	match-compliance	whole-subject	separate artifact	pcrec_c4c70f2c_auto-caps-simdna	measured	pinned	2	stddev_ns	6.852275	40	1.0000	0	0		
rank	nar4-64	(set)	match-compliance	whole-subject	separate artifact	pcrec_c4c70f2c_auto-caps-simdna	measured	pinned	2	ratio_vs_baseline	1.286327	40	1.0000	0	0		
rank	nar4-64	(set)	match-compliance	whole-subject	separate artifact	pcrec_c4c70f2c_auto-caps-simdna	measured	pinned	2	ratio_vs_best	1.286327	40	1.0000	0	0		
rank	nar4-64	(set)	match-compliance	whole-subject	separate artifact	rust_1.13.1_default-caps-simdna	measured	pinned	3	median_ns	622.019805	40	1.0000	0	0		
rank	nar4-64	(set)	match-compliance	whole-subject	separate artifact	rust_1.13.1_default-caps-simdna	measured	pinned	3	min_ns	621.754955	40	1.0000	0	0		
rank	nar4-64	(set)	match-compliance	whole-subject	separate artifact	rust_1.13.1_default-caps-simdna	measured	pinned	3	max_ns	665.741884	40	1.0000	0	0		
rank	nar4-64	(set)	match-compliance	whole-subject	separate artifact	rust_1.13.1_default-caps-simdna	measured	pinned	3	stddev_ns	17.514476	40	1.0000	0	0		
rank	nar4-64	(set)	match-compliance	whole-subject	separate artifact	rust_1.13.1_default-caps-simdna	measured	pinned	3	ratio_vs_baseline	1.749478	40	1.0000	0	0		
rank	nar4-64	(set)	match-compliance	whole-subject	separate artifact	rust_1.13.1_default-caps-simdna	measured	pinned	3	ratio_vs_best	1.749478	40	1.0000	0	0		
rank	nar4-64	(set)	match-compliance	plain	same program	libpcre2_10.46_jit-caps-simdna	measured	pinned	4	median_ns	1481.903847	40	1.0000	0	0		
rank	nar4-64	(set)	match-compliance	plain	same program	libpcre2_10.46_jit-caps-simdna	measured	pinned	4	min_ns	1480.450642	40	1.0000	0	0		
rank	nar4-64	(set)	match-compliance	plain	same program	libpcre2_10.46_jit-caps-simdna	measured	pinned	4	max_ns	1485.485283	40	1.0000	0	0		
rank	nar4-64	(set)	match-compliance	plain	same program	libpcre2_10.46_jit-caps-simdna	measured	pinned	4	stddev_ns	1.725948	40	1.0000	0	0		
rank	nar4-64	(set)	match-compliance	plain	same program	libpcre2_10.46_jit-caps-simdna	measured	pinned	4	ratio_vs_baseline	4.167968	40	1.0000	0	0		
rank	nar4-64	(set)	match-compliance	plain	same program	libpcre2_10.46_jit-caps-simdna	measured	pinned	4	ratio_vs_best	4.167968	40	1.0000	0	0		
baseline	nar4-64	(set)	short-subject-search			pcrec_c4c70f2c_auto-caps-simdna				baseline_identity	row-best-fallback					pcrec_c4c70f2c_auto-caps-simdna (row-best fallback -- interp absent from this group)	
rank	nar4-64	(set)	short-subject-search	plain	same program	pcrec_c4c70f2c_auto-caps-simdna	measured	pinned	1	median_ns	4510.432019	40	1.0000	0	0		
rank	nar4-64	(set)	short-subject-search	plain	same program	pcrec_c4c70f2c_auto-caps-simdna	measured	pinned	1	min_ns	4502.708131	40	1.0000	0	0		
rank	nar4-64	(set)	short-subject-search	plain	same program	pcrec_c4c70f2c_auto-caps-simdna	measured	pinned	1	max_ns	4525.578621	40	1.0000	0	0		
rank	nar4-64	(set)	short-subject-search	plain	same program	pcrec_c4c70f2c_auto-caps-simdna	measured	pinned	1	stddev_ns	7.668781	40	1.0000	0	0		
rank	nar4-64	(set)	short-subject-search	plain	same program	pcrec_c4c70f2c_auto-caps-simdna	measured	pinned	1	ratio_vs_baseline	1.000000	40	1.0000	0	0		
rank	nar4-64	(set)	short-subject-search	plain	same program	pcrec_c4c70f2c_auto-caps-simdna	measured	pinned	1	ratio_vs_best	1.000000	40	1.0000	0	0		
rank	nar4-64	(set)	short-subject-search	plain	same program	rust_1.13.1_default-caps-simdna	measured	pinned	2	median_ns	5244.375452	40	1.0000	0	0		
rank	nar4-64	(set)	short-subject-search	plain	same program	rust_1.13.1_default-caps-simdna	measured	pinned	2	min_ns	5237.832493	40	1.0000	0	0		
rank	nar4-64	(set)	short-subject-search	plain	same program	rust_1.13.1_default-caps-simdna	measured	pinned	2	max_ns	5267.739486	40	1.0000	0	0		
rank	nar4-64	(set)	short-subject-search	plain	same program	rust_1.13.1_default-caps-simdna	measured	pinned	2	stddev_ns	10.538937	40	1.0000	0	0		
rank	nar4-64	(set)	short-subject-search	plain	same program	rust_1.13.1_default-caps-simdna	measured	pinned	2	ratio_vs_baseline	1.162721	40	1.0000	0	0		
rank	nar4-64	(set)	short-subject-search	plain	same program	rust_1.13.1_default-caps-simdna	measured	pinned	2	ratio_vs_best	1.162721	40	1.0000	0	0		
rank	nar4-64	(set)	short-subject-search	plain	same program	pcrec_c4c70f2c_vm-caps-simdna	measured	pinned	3	median_ns	24513.039783	40	1.0000	0	0		
rank	nar4-64	(set)	short-subject-search	plain	same program	pcrec_c4c70f2c_vm-caps-simdna	measured	pinned	3	min_ns	24415.272903	40	1.0000	0	0		
rank	nar4-64	(set)	short-subject-search	plain	same program	pcrec_c4c70f2c_vm-caps-simdna	measured	pinned	3	max_ns	25452.763114	40	1.0000	0	0		
rank	nar4-64	(set)	short-subject-search	plain	same program	pcrec_c4c70f2c_vm-caps-simdna	measured	pinned	3	stddev_ns	382.082783	40	1.0000	0	0		
rank	nar4-64	(set)	short-subject-search	plain	same program	pcrec_c4c70f2c_vm-caps-simdna	measured	pinned	3	ratio_vs_baseline	5.434743	40	1.0000	0	0		
rank	nar4-64	(set)	short-subject-search	plain	same program	pcrec_c4c70f2c_vm-caps-simdna	measured	pinned	3	ratio_vs_best	5.434743	40	1.0000	0	0		
rank	nar4-64	(set)	short-subject-search	plain	same program	libpcre2_10.46_jit-caps-simdna	measured	pinned	4	median_ns	37767.020715	40	1.0000	0	0		
rank	nar4-64	(set)	short-subject-search	plain	same program	libpcre2_10.46_jit-caps-simdna	measured	pinned	4	min_ns	37515.321816	40	1.0000	0	0		
rank	nar4-64	(set)	short-subject-search	plain	same program	libpcre2_10.46_jit-caps-simdna	measured	pinned	4	max_ns	38263.569009	40	1.0000	0	0		
rank	nar4-64	(set)	short-subject-search	plain	same program	libpcre2_10.46_jit-caps-simdna	measured	pinned	4	stddev_ns	310.741134	40	1.0000	0	0		
rank	nar4-64	(set)	short-subject-search	plain	same program	libpcre2_10.46_jit-caps-simdna	measured	pinned	4	ratio_vs_baseline	8.373260	40	1.0000	0	0		
rank	nar4-64	(set)	short-subject-search	plain	same program	libpcre2_10.46_jit-caps-simdna	measured	pinned	4	ratio_vs_best	8.373260	40	1.0000	0	0		
baseline	pfx3-256	(set)	large-subject-throughput			pcrec_c4c70f2c_auto-caps-simdna				baseline_identity	row-best-fallback					pcrec_c4c70f2c_auto-caps-simdna (row-best fallback -- interp absent from this group)	
rank	pfx3-256	(set)	large-subject-throughput	plain	same program	pcrec_c4c70f2c_auto-caps-simdna	measured	pinned	1	median_ns	306618.198661	4	1.0000	0	0		
rank	pfx3-256	(set)	large-subject-throughput	plain	same program	pcrec_c4c70f2c_auto-caps-simdna	measured	pinned	1	min_ns	306155.418527	4	1.0000	0	0		
rank	pfx3-256	(set)	large-subject-throughput	plain	same program	pcrec_c4c70f2c_auto-caps-simdna	measured	pinned	1	max_ns	306750.199777	4	1.0000	0	0		
rank	pfx3-256	(set)	large-subject-throughput	plain	same program	pcrec_c4c70f2c_auto-caps-simdna	measured	pinned	1	stddev_ns	211.923915	4	1.0000	0	0		
rank	pfx3-256	(set)	large-subject-throughput	plain	same program	pcrec_c4c70f2c_auto-caps-simdna	measured	pinned	1	ratio_vs_baseline	1.000000	4	1.0000	0	0		
rank	pfx3-256	(set)	large-subject-throughput	plain	same program	pcrec_c4c70f2c_auto-caps-simdna	measured	pinned	1	ratio_vs_best	1.000000	4	1.0000	0	0		
rank	pfx3-256	(set)	large-subject-throughput	plain	same program	libpcre2_10.46_jit-caps-simdna	measured	pinned	2	median_ns	366444.861689	4	1.0000	0	0		
rank	pfx3-256	(set)	large-subject-throughput	plain	same program	libpcre2_10.46_jit-caps-simdna	measured	pinned	2	min_ns	364233.809058	4	1.0000	0	0		
rank	pfx3-256	(set)	large-subject-throughput	plain	same program	libpcre2_10.46_jit-caps-simdna	measured	pinned	2	max_ns	379254.807834	4	1.0000	0	0		
rank	pfx3-256	(set)	large-subject-throughput	plain	same program	libpcre2_10.46_jit-caps-simdna	measured	pinned	2	stddev_ns	6281.946182	4	1.0000	0	0		
rank	pfx3-256	(set)	large-subject-throughput	plain	same program	libpcre2_10.46_jit-caps-simdna	measured	pinned	2	ratio_vs_baseline	1.195118	4	1.0000	0	0		
rank	pfx3-256	(set)	large-subject-throughput	plain	same program	libpcre2_10.46_jit-caps-simdna	measured	pinned	2	ratio_vs_best	1.195118	4	1.0000	0	0		
rank	pfx3-256	(set)	large-subject-throughput	plain	same program	rust_1.13.1_default-caps-simdna	measured	pinned	3	median_ns	686199.340694	4	1.0000	0	0		
rank	pfx3-256	(set)	large-subject-throughput	plain	same program	rust_1.13.1_default-caps-simdna	measured	pinned	3	min_ns	685549.712934	4	1.0000	0	0		
rank	pfx3-256	(set)	large-subject-throughput	plain	same program	rust_1.13.1_default-caps-simdna	measured	pinned	3	max_ns	686868.873817	4	1.0000	0	0		
rank	pfx3-256	(set)	large-subject-throughput	plain	same program	rust_1.13.1_default-caps-simdna	measured	pinned	3	stddev_ns	477.328059	4	1.0000	0	0		
rank	pfx3-256	(set)	large-subject-throughput	plain	same program	rust_1.13.1_default-caps-simdna	measured	pinned	3	ratio_vs_baseline	2.237960	4	1.0000	0	0		
rank	pfx3-256	(set)	large-subject-throughput	plain	same program	rust_1.13.1_default-caps-simdna	measured	pinned	3	ratio_vs_best	2.237960	4	1.0000	0	0		
rank	pfx3-256	(set)	large-subject-throughput	plain	same program	pcrec_c4c70f2c_vm-caps-simdna	measured	pinned	4	median_ns	2030090.922078	4	1.0000	0	0		
rank	pfx3-256	(set)	large-subject-throughput	plain	same program	pcrec_c4c70f2c_vm-caps-simdna	measured	pinned	4	min_ns	2029390.831169	4	1.0000	0	0		
rank	pfx3-256	(set)	large-subject-throughput	plain	same program	pcrec_c4c70f2c_vm-caps-simdna	measured	pinned	4	max_ns	2030864.941558	4	1.0000	0	0		
rank	pfx3-256	(set)	large-subject-throughput	plain	same program	pcrec_c4c70f2c_vm-caps-simdna	measured	pinned	4	stddev_ns	552.905879	4	1.0000	0	0		
rank	pfx3-256	(set)	large-subject-throughput	plain	same program	pcrec_c4c70f2c_vm-caps-simdna	measured	pinned	4	ratio_vs_baseline	6.620908	4	1.0000	0	0		
rank	pfx3-256	(set)	large-subject-throughput	plain	same program	pcrec_c4c70f2c_vm-caps-simdna	measured	pinned	4	ratio_vs_best	6.620908	4	1.0000	0	0		
baseline	pfx3-256	(set)	match-compliance			pcrec_c4c70f2c_vm-caps-simdna				baseline_identity	row-best-fallback					pcrec_c4c70f2c_vm-caps-simdna (row-best fallback -- interp absent from this group)	
rank	pfx3-256	(set)	match-compliance	whole-subject	separate artifact	pcrec_c4c70f2c_vm-caps-simdna	measured	pinned	1	median_ns	336.916557	40	1.0000	0	0		
rank	pfx3-256	(set)	match-compliance	whole-subject	separate artifact	pcrec_c4c70f2c_vm-caps-simdna	measured	pinned	1	min_ns	336.738546	40	1.0000	0	0		
rank	pfx3-256	(set)	match-compliance	whole-subject	separate artifact	pcrec_c4c70f2c_vm-caps-simdna	measured	pinned	1	max_ns	348.127545	40	1.0000	0	0		
rank	pfx3-256	(set)	match-compliance	whole-subject	separate artifact	pcrec_c4c70f2c_vm-caps-simdna	measured	pinned	1	stddev_ns	4.500570	40	1.0000	0	0		
rank	pfx3-256	(set)	match-compliance	whole-subject	separate artifact	pcrec_c4c70f2c_vm-caps-simdna	measured	pinned	1	ratio_vs_baseline	1.000000	40	1.0000	0	0		
rank	pfx3-256	(set)	match-compliance	whole-subject	separate artifact	pcrec_c4c70f2c_vm-caps-simdna	measured	pinned	1	ratio_vs_best	1.000000	40	1.0000	0	0		
rank	pfx3-256	(set)	match-compliance	whole-subject	separate artifact	pcrec_c4c70f2c_auto-caps-simdna	measured	pinned	2	median_ns	450.638805	40	1.0000	0	0		
rank	pfx3-256	(set)	match-compliance	whole-subject	separate artifact	pcrec_c4c70f2c_auto-caps-simdna	measured	pinned	2	min_ns	444.790631	40	1.0000	0	0		
rank	pfx3-256	(set)	match-compliance	whole-subject	separate artifact	pcrec_c4c70f2c_auto-caps-simdna	measured	pinned	2	max_ns	464.280269	40	1.0000	0	0		
rank	pfx3-256	(set)	match-compliance	whole-subject	separate artifact	pcrec_c4c70f2c_auto-caps-simdna	measured	pinned	2	stddev_ns	6.519600	40	1.0000	0	0		
rank	pfx3-256	(set)	match-compliance	whole-subject	separate artifact	pcrec_c4c70f2c_auto-caps-simdna	measured	pinned	2	ratio_vs_baseline	1.337538	40	1.0000	0	0		
rank	pfx3-256	(set)	match-compliance	whole-subject	separate artifact	pcrec_c4c70f2c_auto-caps-simdna	measured	pinned	2	ratio_vs_best	1.337538	40	1.0000	0	0		
rank	pfx3-256	(set)	match-compliance	whole-subject	separate artifact	rust_1.13.1_default-caps-simdna	measured	pinned	3	median_ns	533.448951	40	1.0000	0	0		
rank	pfx3-256	(set)	match-compliance	whole-subject	separate artifact	rust_1.13.1_default-caps-simdna	measured	pinned	3	min_ns	533.120687	40	1.0000	0	0		
rank	pfx3-256	(set)	match-compliance	whole-subject	separate artifact	rust_1.13.1_default-caps-simdna	measured	pinned	3	max_ns	534.093846	40	1.0000	0	0		
rank	pfx3-256	(set)	match-compliance	whole-subject	separate artifact	rust_1.13.1_default-caps-simdna	measured	pinned	3	stddev_ns	0.333021	40	1.0000	0	0		
rank	pfx3-256	(set)	match-compliance	whole-subject	separate artifact	rust_1.13.1_default-caps-simdna	measured	pinned	3	ratio_vs_baseline	1.583327	40	1.0000	0	0		
rank	pfx3-256	(set)	match-compliance	whole-subject	separate artifact	rust_1.13.1_default-caps-simdna	measured	pinned	3	ratio_vs_best	1.583327	40	1.0000	0	0		
rank	pfx3-256	(set)	match-compliance	plain	same program	libpcre2_10.46_jit-caps-simdna	measured	pinned	4	median_ns	6534.233153	40	1.0000	0	0		
rank	pfx3-256	(set)	match-compliance	plain	same program	libpcre2_10.46_jit-caps-simdna	measured	pinned	4	min_ns	6254.118620	40	1.0000	0	0		
rank	pfx3-256	(set)	match-compliance	plain	same program	libpcre2_10.46_jit-caps-simdna	measured	pinned	4	max_ns	6590.440394	40	1.0000	0	0		
rank	pfx3-256	(set)	match-compliance	plain	same program	libpcre2_10.46_jit-caps-simdna	measured	pinned	4	stddev_ns	119.746530	40	1.0000	0	0		
rank	pfx3-256	(set)	match-compliance	plain	same program	libpcre2_10.46_jit-caps-simdna	measured	pinned	4	ratio_vs_baseline	19.394218	40	1.0000	0	0		
rank	pfx3-256	(set)	match-compliance	plain	same program	libpcre2_10.46_jit-caps-simdna	measured	pinned	4	ratio_vs_best	19.394218	40	1.0000	0	0		
baseline	pfx3-256	(set)	short-subject-search			pcrec_c4c70f2c_auto-caps-simdna				baseline_identity	row-best-fallback					pcrec_c4c70f2c_auto-caps-simdna (row-best fallback -- interp absent from this group)	
rank	pfx3-256	(set)	short-subject-search	plain	same program	pcrec_c4c70f2c_auto-caps-simdna	measured	pinned	1	median_ns	1013.343965	40	1.0000	0	0		
rank	pfx3-256	(set)	short-subject-search	plain	same program	pcrec_c4c70f2c_auto-caps-simdna	measured	pinned	1	min_ns	1012.948601	40	1.0000	0	0		
rank	pfx3-256	(set)	short-subject-search	plain	same program	pcrec_c4c70f2c_auto-caps-simdna	measured	pinned	1	max_ns	1047.902396	40	1.0000	0	0		
rank	pfx3-256	(set)	short-subject-search	plain	same program	pcrec_c4c70f2c_auto-caps-simdna	measured	pinned	1	stddev_ns	13.705830	40	1.0000	0	0		
rank	pfx3-256	(set)	short-subject-search	plain	same program	pcrec_c4c70f2c_auto-caps-simdna	measured	pinned	1	ratio_vs_baseline	1.000000	40	1.0000	0	0		
rank	pfx3-256	(set)	short-subject-search	plain	same program	pcrec_c4c70f2c_auto-caps-simdna	measured	pinned	1	ratio_vs_best	1.000000	40	1.0000	0	0		
rank	pfx3-256	(set)	short-subject-search	plain	same program	pcrec_c4c70f2c_vm-caps-simdna	measured	pinned	2	median_ns	1272.045395	40	1.0000	0	0		
rank	pfx3-256	(set)	short-subject-search	plain	same program	pcrec_c4c70f2c_vm-caps-simdna	measured	pinned	2	min_ns	1270.068076	40	1.0000	0	0		
rank	pfx3-256	(set)	short-subject-search	plain	same program	pcrec_c4c70f2c_vm-caps-simdna	measured	pinned	2	max_ns	1275.388483	40	1.0000	0	0		
rank	pfx3-256	(set)	short-subject-search	plain	same program	pcrec_c4c70f2c_vm-caps-simdna	measured	pinned	2	stddev_ns	1.903537	40	1.0000	0	0		
rank	pfx3-256	(set)	short-subject-search	plain	same program	pcrec_c4c70f2c_vm-caps-simdna	measured	pinned	2	ratio_vs_baseline	1.255295	40	1.0000	0	0		
rank	pfx3-256	(set)	short-subject-search	plain	same program	pcrec_c4c70f2c_vm-caps-simdna	measured	pinned	2	ratio_vs_best	1.255295	40	1.0000	0	0		
rank	pfx3-256	(set)	short-subject-search	plain	same program	rust_1.13.1_default-caps-simdna	measured	pinned	3	median_ns	4007.297748	40	1.0000	0	0		
rank	pfx3-256	(set)	short-subject-search	plain	same program	rust_1.13.1_default-caps-simdna	measured	pinned	3	min_ns	3990.933847	40	1.0000	0	0		
rank	pfx3-256	(set)	short-subject-search	plain	same program	rust_1.13.1_default-caps-simdna	measured	pinned	3	max_ns	4021.854456	40	1.0000	0	0		
rank	pfx3-256	(set)	short-subject-search	plain	same program	rust_1.13.1_default-caps-simdna	measured	pinned	3	stddev_ns	10.933670	40	1.0000	0	0		
rank	pfx3-256	(set)	short-subject-search	plain	same program	rust_1.13.1_default-caps-simdna	measured	pinned	3	ratio_vs_baseline	3.954529	40	1.0000	0	0		
rank	pfx3-256	(set)	short-subject-search	plain	same program	rust_1.13.1_default-caps-simdna	measured	pinned	3	ratio_vs_best	3.954529	40	1.0000	0	0		
rank	pfx3-256	(set)	short-subject-search	plain	same program	libpcre2_10.46_jit-caps-simdna	measured	pinned	4	median_ns	4301.189090	40	1.0000	0	0		
rank	pfx3-256	(set)	short-subject-search	plain	same program	libpcre2_10.46_jit-caps-simdna	measured	pinned	4	min_ns	4054.026797	40	1.0000	0	0		
rank	pfx3-256	(set)	short-subject-search	plain	same program	libpcre2_10.46_jit-caps-simdna	measured	pinned	4	max_ns	4462.906168	40	1.0000	0	0		
rank	pfx3-256	(set)	short-subject-search	plain	same program	libpcre2_10.46_jit-caps-simdna	measured	pinned	4	stddev_ns	136.509390	40	1.0000	0	0		
rank	pfx3-256	(set)	short-subject-search	plain	same program	libpcre2_10.46_jit-caps-simdna	measured	pinned	4	ratio_vs_baseline	4.244550	40	1.0000	0	0		
rank	pfx3-256	(set)	short-subject-search	plain	same program	libpcre2_10.46_jit-caps-simdna	measured	pinned	4	ratio_vs_best	4.244550	40	1.0000	0	0		
baseline	pfx3-512	(set)	large-subject-throughput			pcrec_c4c70f2c_auto-caps-simdna				baseline_identity	row-best-fallback					pcrec_c4c70f2c_auto-caps-simdna (row-best fallback -- interp absent from this group)	
rank	pfx3-512	(set)	large-subject-throughput	plain	same program	pcrec_c4c70f2c_auto-caps-simdna	measured	pinned	1	median_ns	306914.274839	4	1.0000	0	0		
rank	pfx3-512	(set)	large-subject-throughput	plain	same program	pcrec_c4c70f2c_auto-caps-simdna	measured	pinned	1	min_ns	306231.007742	4	1.0000	0	0		
rank	pfx3-512	(set)	large-subject-throughput	plain	same program	pcrec_c4c70f2c_auto-caps-simdna	measured	pinned	1	max_ns	306949.203871	4	1.0000	0	0		
rank	pfx3-512	(set)	large-subject-throughput	plain	same program	pcrec_c4c70f2c_auto-caps-simdna	measured	pinned	1	stddev_ns	273.043655	4	1.0000	0	0		
rank	pfx3-512	(set)	large-subject-throughput	plain	same program	pcrec_c4c70f2c_auto-caps-simdna	measured	pinned	1	ratio_vs_baseline	1.000000	4	1.0000	0	0		
rank	pfx3-512	(set)	large-subject-throughput	plain	same program	pcrec_c4c70f2c_auto-caps-simdna	measured	pinned	1	ratio_vs_best	1.000000	4	1.0000	0	0		
rank	pfx3-512	(set)	large-subject-throughput	plain	same program	libpcre2_10.46_jit-caps-simdna	measured	pinned	2	median_ns	812979.551020	4	1.0000	0	0		
rank	pfx3-512	(set)	large-subject-throughput	plain	same program	libpcre2_10.46_jit-caps-simdna	measured	pinned	2	min_ns	809282.489796	4	1.0000	0	0		
rank	pfx3-512	(set)	large-subject-throughput	plain	same program	libpcre2_10.46_jit-caps-simdna	measured	pinned	2	max_ns	822318.349490	4	1.0000	0	0		
rank	pfx3-512	(set)	large-subject-throughput	plain	same program	libpcre2_10.46_jit-caps-simdna	measured	pinned	2	stddev_ns	4892.354015	4	1.0000	0	0		
rank	pfx3-512	(set)	large-subject-throughput	plain	same program	libpcre2_10.46_jit-caps-simdna	measured	pinned	2	ratio_vs_baseline	2.648882	4	1.0000	0	0		
rank	pfx3-512	(set)	large-subject-throughput	plain	same program	libpcre2_10.46_jit-caps-simdna	measured	pinned	2	ratio_vs_best	2.648882	4	1.0000	0	0		
rank	pfx3-512	(set)	large-subject-throughput	plain	same program	rust_1.13.1_default-caps-simdna	measured	pinned	3	median_ns	1636725.269231	4	1.0000	0	0		
rank	pfx3-512	(set)	large-subject-throughput	plain	same program	rust_1.13.1_default-caps-simdna	measured	pinned	3	min_ns	1635407.294872	4	1.0000	0	0		
rank	pfx3-512	(set)	large-subject-throughput	plain	same program	rust_1.13.1_default-caps-simdna	measured	pinned	3	max_ns	1637278.403846	4	1.0000	0	0		
rank	pfx3-512	(set)	large-subject-throughput	plain	same program	rust_1.13.1_default-caps-simdna	measured	pinned	3	stddev_ns	707.338956	4	1.0000	0	0		
rank	pfx3-512	(set)	large-subject-throughput	plain	same program	rust_1.13.1_default-caps-simdna	measured	pinned	3	ratio_vs_baseline	5.332842	4	1.0000	0	0		
rank	pfx3-512	(set)	large-subject-throughput	plain	same program	rust_1.13.1_default-caps-simdna	measured	pinned	3	ratio_vs_best	5.332842	4	1.0000	0	0		
rank	pfx3-512	(set)	large-subject-throughput	plain	same program	pcrec_c4c70f2c_vm-caps-simdna	measured	pinned	4	median_ns	2031333.896104	4	1.0000	0	0		
rank	pfx3-512	(set)	large-subject-throughput	plain	same program	pcrec_c4c70f2c_vm-caps-simdna	measured	pinned	4	min_ns	2031009.883117	4	1.0000	0	0		
rank	pfx3-512	(set)	large-subject-throughput	plain	same program	pcrec_c4c70f2c_vm-caps-simdna	measured	pinned	4	max_ns	2573525.629870	4	1.0000	0	0		
rank	pfx3-512	(set)	large-subject-throughput	plain	same program	pcrec_c4c70f2c_vm-caps-simdna	measured	pinned	4	stddev_ns	216878.762323	4	1.0000	0	0		
rank	pfx3-512	(set)	large-subject-throughput	plain	same program	pcrec_c4c70f2c_vm-caps-simdna	measured	pinned	4	ratio_vs_baseline	6.618571	4	1.0000	0	0		
rank	pfx3-512	(set)	large-subject-throughput	plain	same program	pcrec_c4c70f2c_vm-caps-simdna	measured	pinned	4	ratio_vs_best	6.618571	4	1.0000	0	0		
baseline	pfx3-512	(set)	match-compliance			pcrec_c4c70f2c_vm-caps-simdna				baseline_identity	row-best-fallback					pcrec_c4c70f2c_vm-caps-simdna (row-best fallback -- interp absent from this group)	
rank	pfx3-512	(set)	match-compliance	whole-subject	separate artifact	pcrec_c4c70f2c_vm-caps-simdna	measured	pinned	1	median_ns	371.107795	40	1.0000	0	0		
rank	pfx3-512	(set)	match-compliance	whole-subject	separate artifact	pcrec_c4c70f2c_vm-caps-simdna	measured	pinned	1	min_ns	371.031558	40	1.0000	0	0		
rank	pfx3-512	(set)	match-compliance	whole-subject	separate artifact	pcrec_c4c70f2c_vm-caps-simdna	measured	pinned	1	max_ns	382.390347	40	1.0000	0	0		
rank	pfx3-512	(set)	match-compliance	whole-subject	separate artifact	pcrec_c4c70f2c_vm-caps-simdna	measured	pinned	1	stddev_ns	4.486333	40	1.0000	0	0		
rank	pfx3-512	(set)	match-compliance	whole-subject	separate artifact	pcrec_c4c70f2c_vm-caps-simdna	measured	pinned	1	ratio_vs_baseline	1.000000	40	1.0000	0	0		
rank	pfx3-512	(set)	match-compliance	whole-subject	separate artifact	pcrec_c4c70f2c_vm-caps-simdna	measured	pinned	1	ratio_vs_best	1.000000	40	1.0000	0	0		
rank	pfx3-512	(set)	match-compliance	whole-subject	separate artifact	rust_1.13.1_default-caps-simdna	measured	pinned	2	median_ns	533.401422	40	1.0000	0	0		
rank	pfx3-512	(set)	match-compliance	whole-subject	separate artifact	rust_1.13.1_default-caps-simdna	measured	pinned	2	min_ns	532.700031	40	1.0000	0	0		
rank	pfx3-512	(set)	match-compliance	whole-subject	separate artifact	rust_1.13.1_default-caps-simdna	measured	pinned	2	max_ns	560.361984	40	1.0000	0	0		
rank	pfx3-512	(set)	match-compliance	whole-subject	separate artifact	rust_1.13.1_default-caps-simdna	measured	pinned	2	stddev_ns	10.675613	40	1.0000	0	0		
rank	pfx3-512	(set)	match-compliance	whole-subject	separate artifact	rust_1.13.1_default-caps-simdna	measured	pinned	2	ratio_vs_baseline	1.437322	40	1.0000	0	0		
rank	pfx3-512	(set)	match-compliance	whole-subject	separate artifact	rust_1.13.1_default-caps-simdna	measured	pinned	2	ratio_vs_best	1.437322	40	1.0000	0	0		
rank	pfx3-512	(set)	match-compliance	whole-subject	separate artifact	pcrec_c4c70f2c_auto-caps-simdna	measured	pinned	3	median_ns	779.871144	40	1.0000	0	0		
rank	pfx3-512	(set)	match-compliance	whole-subject	separate artifact	pcrec_c4c70f2c_auto-caps-simdna	measured	pinned	3	min_ns	772.800406	40	1.0000	0	0		
rank	pfx3-512	(set)	match-compliance	whole-subject	separate artifact	pcrec_c4c70f2c_auto-caps-simdna	measured	pinned	3	max_ns	793.899345	40	1.0000	0	0		
rank	pfx3-512	(set)	match-compliance	whole-subject	separate artifact	pcrec_c4c70f2c_auto-caps-simdna	measured	pinned	3	stddev_ns	6.984289	40	1.0000	0	0		
rank	pfx3-512	(set)	match-compliance	whole-subject	separate artifact	pcrec_c4c70f2c_auto-caps-simdna	measured	pinned	3	ratio_vs_baseline	2.101468	40	1.0000	0	0		
rank	pfx3-512	(set)	match-compliance	whole-subject	separate artifact	pcrec_c4c70f2c_auto-caps-simdna	measured	pinned	3	ratio_vs_best	2.101468	40	1.0000	0	0		
rank	pfx3-512	(set)	match-compliance	plain	same program	libpcre2_10.46_jit-caps-simdna	measured	pinned	4	median_ns	11385.422636	40	1.0000	0	0		
rank	pfx3-512	(set)	match-compliance	plain	same program	libpcre2_10.46_jit-caps-simdna	measured	pinned	4	min_ns	10494.550236	40	1.0000	0	0		
rank	pfx3-512	(set)	match-compliance	plain	same program	libpcre2_10.46_jit-caps-simdna	measured	pinned	4	max_ns	11672.929510	40	1.0000	0	0		
rank	pfx3-512	(set)	match-compliance	plain	same program	libpcre2_10.46_jit-caps-simdna	measured	pinned	4	stddev_ns	407.532163	40	1.0000	0	0		
rank	pfx3-512	(set)	match-compliance	plain	same program	libpcre2_10.46_jit-caps-simdna	measured	pinned	4	ratio_vs_baseline	30.679557	40	1.0000	0	0		
rank	pfx3-512	(set)	match-compliance	plain	same program	libpcre2_10.46_jit-caps-simdna	measured	pinned	4	ratio_vs_best	30.679557	40	1.0000	0	0		
baseline	pfx3-512	(set)	short-subject-search			pcrec_c4c70f2c_auto-caps-simdna				baseline_identity	row-best-fallback					pcrec_c4c70f2c_auto-caps-simdna (row-best fallback -- interp absent from this group)	
rank	pfx3-512	(set)	short-subject-search	plain	same program	pcrec_c4c70f2c_auto-caps-simdna	measured	pinned	1	median_ns	1011.473628	40	1.0000	0	0		
rank	pfx3-512	(set)	short-subject-search	plain	same program	pcrec_c4c70f2c_auto-caps-simdna	measured	pinned	1	min_ns	1007.462962	40	1.0000	0	0		
rank	pfx3-512	(set)	short-subject-search	plain	same program	pcrec_c4c70f2c_auto-caps-simdna	measured	pinned	1	max_ns	1012.791344	40	1.0000	0	0		
rank	pfx3-512	(set)	short-subject-search	plain	same program	pcrec_c4c70f2c_auto-caps-simdna	measured	pinned	1	stddev_ns	1.999468	40	1.0000	0	0		
rank	pfx3-512	(set)	short-subject-search	plain	same program	pcrec_c4c70f2c_auto-caps-simdna	measured	pinned	1	ratio_vs_baseline	1.000000	40	1.0000	0	0		
rank	pfx3-512	(set)	short-subject-search	plain	same program	pcrec_c4c70f2c_auto-caps-simdna	measured	pinned	1	ratio_vs_best	1.000000	40	1.0000	0	0		
rank	pfx3-512	(set)	short-subject-search	plain	same program	pcrec_c4c70f2c_vm-caps-simdna	measured	pinned	2	median_ns	1290.054382	40	1.0000	0	0		
rank	pfx3-512	(set)	short-subject-search	plain	same program	pcrec_c4c70f2c_vm-caps-simdna	measured	pinned	2	min_ns	1273.046342	40	1.0000	0	0		
rank	pfx3-512	(set)	short-subject-search	plain	same program	pcrec_c4c70f2c_vm-caps-simdna	measured	pinned	2	max_ns	1299.198858	40	1.0000	0	0		
rank	pfx3-512	(set)	short-subject-search	plain	same program	pcrec_c4c70f2c_vm-caps-simdna	measured	pinned	2	stddev_ns	10.441040	40	1.0000	0	0		
rank	pfx3-512	(set)	short-subject-search	plain	same program	pcrec_c4c70f2c_vm-caps-simdna	measured	pinned	2	ratio_vs_baseline	1.275421	40	1.0000	0	0		
rank	pfx3-512	(set)	short-subject-search	plain	same program	pcrec_c4c70f2c_vm-caps-simdna	measured	pinned	2	ratio_vs_best	1.275421	40	1.0000	0	0		
rank	pfx3-512	(set)	short-subject-search	plain	same program	libpcre2_10.46_jit-caps-simdna	measured	pinned	3	median_ns	7652.601565	40	1.0000	0	0		
rank	pfx3-512	(set)	short-subject-search	plain	same program	libpcre2_10.46_jit-caps-simdna	measured	pinned	3	min_ns	7411.740920	40	1.0000	0	0		
rank	pfx3-512	(set)	short-subject-search	plain	same program	libpcre2_10.46_jit-caps-simdna	measured	pinned	3	max_ns	8785.737672	40	1.0000	0	0		
rank	pfx3-512	(set)	short-subject-search	plain	same program	libpcre2_10.46_jit-caps-simdna	measured	pinned	3	stddev_ns	496.466063	40	1.0000	0	0		
rank	pfx3-512	(set)	short-subject-search	plain	same program	libpcre2_10.46_jit-caps-simdna	measured	pinned	3	ratio_vs_baseline	7.565794	40	1.0000	0	0		
rank	pfx3-512	(set)	short-subject-search	plain	same program	libpcre2_10.46_jit-caps-simdna	measured	pinned	3	ratio_vs_best	7.565794	40	1.0000	0	0		
rank	pfx3-512	(set)	short-subject-search	plain	same program	rust_1.13.1_default-caps-simdna	measured	pinned	4	median_ns	10301.749119	40	1.0000	0	0		
rank	pfx3-512	(set)	short-subject-search	plain	same program	rust_1.13.1_default-caps-simdna	measured	pinned	4	min_ns	10296.693366	40	1.0000	0	0		
rank	pfx3-512	(set)	short-subject-search	plain	same program	rust_1.13.1_default-caps-simdna	measured	pinned	4	max_ns	10320.743777	40	1.0000	0	0		
rank	pfx3-512	(set)	short-subject-search	plain	same program	rust_1.13.1_default-caps-simdna	measured	pinned	4	stddev_ns	8.345761	40	1.0000	0	0		
rank	pfx3-512	(set)	short-subject-search	plain	same program	rust_1.13.1_default-caps-simdna	measured	pinned	4	ratio_vs_baseline	10.184891	40	1.0000	0	0		
rank	pfx3-512	(set)	short-subject-search	plain	same program	rust_1.13.1_default-caps-simdna	measured	pinned	4	ratio_vs_best	10.184891	40	1.0000	0	0		
baseline	s-2048	(set)	large-subject-throughput			pcrec_c4c70f2c_auto-caps-simdna				baseline_identity	row-best-fallback					pcrec_c4c70f2c_auto-caps-simdna (row-best fallback -- interp absent from this group)	
rank	s-2048	(set)	large-subject-throughput	plain	same program	pcrec_c4c70f2c_auto-caps-simdna	measured	pinned	1	median_ns	4861426.230769	4	1.0000	0	0		
rank	s-2048	(set)	large-subject-throughput	plain	same program	pcrec_c4c70f2c_auto-caps-simdna	measured	pinned	1	min_ns	4856673.276923	4	1.0000	0	0		
rank	s-2048	(set)	large-subject-throughput	plain	same program	pcrec_c4c70f2c_auto-caps-simdna	measured	pinned	1	max_ns	4877098.492308	4	1.0000	0	0		
rank	s-2048	(set)	large-subject-throughput	plain	same program	pcrec_c4c70f2c_auto-caps-simdna	measured	pinned	1	stddev_ns	7036.392886	4	1.0000	0	0		
rank	s-2048	(set)	large-subject-throughput	plain	same program	pcrec_c4c70f2c_auto-caps-simdna	measured	pinned	1	ratio_vs_baseline	1.000000	4	1.0000	0	0		
rank	s-2048	(set)	large-subject-throughput	plain	same program	pcrec_c4c70f2c_auto-caps-simdna	measured	pinned	1	ratio_vs_best	1.000000	4	1.0000	0	0		
rank	s-2048	(set)	large-subject-throughput	plain	same program	rust_1.13.1_default-caps-simdna	measured	pinned	2	median_ns	9737020.833333	4	1.0000	0	0		
rank	s-2048	(set)	large-subject-throughput	plain	same program	rust_1.13.1_default-caps-simdna	measured	pinned	2	min_ns	9722887.833333	4	1.0000	0	0		
rank	s-2048	(set)	large-subject-throughput	plain	same program	rust_1.13.1_default-caps-simdna	measured	pinned	2	max_ns	9797504.833333	4	1.0000	0	0		
rank	s-2048	(set)	large-subject-throughput	plain	same program	rust_1.13.1_default-caps-simdna	measured	pinned	2	stddev_ns	33298.670382	4	1.0000	0	0		
rank	s-2048	(set)	large-subject-throughput	plain	same program	rust_1.13.1_default-caps-simdna	measured	pinned	2	ratio_vs_baseline	2.002914	4	1.0000	0	0		
rank	s-2048	(set)	large-subject-throughput	plain	same program	rust_1.13.1_default-caps-simdna	measured	pinned	2	ratio_vs_best	2.002914	4	1.0000	0	0		
rank	s-2048	(set)	large-subject-throughput	plain	same program	libpcre2_10.46_jit-caps-simdna	measured	pinned	3	median_ns	2520259961.000000	4	1.0000	0	0		
rank	s-2048	(set)	large-subject-throughput	plain	same program	libpcre2_10.46_jit-caps-simdna	measured	pinned	3	min_ns	2502053797.000000	4	1.0000	0	0		
rank	s-2048	(set)	large-subject-throughput	plain	same program	libpcre2_10.46_jit-caps-simdna	measured	pinned	3	max_ns	2677525819.000000	4	1.0000	0	0		
rank	s-2048	(set)	large-subject-throughput	plain	same program	libpcre2_10.46_jit-caps-simdna	measured	pinned	3	stddev_ns	72413004.198431	4	1.0000	0	0		
rank	s-2048	(set)	large-subject-throughput	plain	same program	libpcre2_10.46_jit-caps-simdna	measured	pinned	3	ratio_vs_baseline	518.419871	4	1.0000	0	0		
rank	s-2048	(set)	large-subject-throughput	plain	same program	libpcre2_10.46_jit-caps-simdna	measured	pinned	3	ratio_vs_best	518.419871	4	1.0000	0	0		
did_not_compile	s-2048	(set)	large-subject-throughput			pcrec_c4c70f2c_vm-caps-simdna	did-not-compile									pcrec: pattern too large: 903877 bytes of emitted code (limit 500000), which gcc cannot compile in reasonable time. A repeat's body is replicated and counts MULTIPLY through nesting -- lower a count, try --unroll=1, or raise --max-emit-code-bytes (pattern offset 0)	
baseline	s-2048	(set)	match-compliance			rust_1.13.1_default-caps-simdna				baseline_identity	row-best-fallback					rust_1.13.1_default-caps-simdna (row-best fallback -- interp absent from this group)	
rank	s-2048	(set)	match-compliance	whole-subject	separate artifact	rust_1.13.1_default-caps-simdna	measured	pinned	1	median_ns	548.402831	40	1.0000	0	0		
rank	s-2048	(set)	match-compliance	whole-subject	separate artifact	rust_1.13.1_default-caps-simdna	measured	pinned	1	min_ns	542.751120	40	1.0000	0	0		
rank	s-2048	(set)	match-compliance	whole-subject	separate artifact	rust_1.13.1_default-caps-simdna	measured	pinned	1	max_ns	555.330871	40	1.0000	0	0		
rank	s-2048	(set)	match-compliance	whole-subject	separate artifact	rust_1.13.1_default-caps-simdna	measured	pinned	1	stddev_ns	5.036324	40	1.0000	0	0		
rank	s-2048	(set)	match-compliance	whole-subject	separate artifact	rust_1.13.1_default-caps-simdna	measured	pinned	1	ratio_vs_baseline	1.000000	40	1.0000	0	0		
rank	s-2048	(set)	match-compliance	whole-subject	separate artifact	rust_1.13.1_default-caps-simdna	measured	pinned	1	ratio_vs_best	1.000000	40	1.0000	0	0		
rank	s-2048	(set)	match-compliance	plain	same program	libpcre2_10.46_jit-caps-simdna	measured	pinned	2	median_ns	417219.834007	40	1.0000	0	0		
rank	s-2048	(set)	match-compliance	plain	same program	libpcre2_10.46_jit-caps-simdna	measured	pinned	2	min_ns	403235.567433	40	1.0000	0	0		
rank	s-2048	(set)	match-compliance	plain	same program	libpcre2_10.46_jit-caps-simdna	measured	pinned	2	max_ns	418056.478890	40	1.0000	0	0		
rank	s-2048	(set)	match-compliance	plain	same program	libpcre2_10.46_jit-caps-simdna	measured	pinned	2	stddev_ns	6824.224291	40	1.0000	0	0		
rank	s-2048	(set)	match-compliance	plain	same program	libpcre2_10.46_jit-caps-simdna	measured	pinned	2	ratio_vs_baseline	760.790810	40	1.0000	0	0		
rank	s-2048	(set)	match-compliance	plain	same program	libpcre2_10.46_jit-caps-simdna	measured	pinned	2	ratio_vs_best	760.790810	40	1.0000	0	0		
did_not_compile	s-2048	(set)	match-compliance			pcrec_c4c70f2c_auto-caps-simdna	did-not-compile									pcrec: pattern too large: 1098287 bytes of emitted C source (limit 1000000, ~182 KB .o). Lower a repeat count, try --unroll=1, or raise --max-emit-bytes; see limits.md "Handling an oversized artifact" (pattern offset 0)	
did_not_compile	s-2048	(set)	match-compliance			pcrec_c4c70f2c_vm-caps-simdna	did-not-compile									pcrec: pattern too large: 903877 bytes of emitted code (limit 500000), which gcc cannot compile in reasonable time. A repeat's body is replicated and counts MULTIPLY through nesting -- lower a count, try --unroll=1, or raise --max-emit-code-bytes (pattern offset 0)	
baseline	s-2048	(set)	short-subject-search			rust_1.13.1_default-caps-simdna				baseline_identity	row-best-fallback					rust_1.13.1_default-caps-simdna (row-best fallback -- interp absent from this group)	
rank	s-2048	(set)	short-subject-search	plain	same program	rust_1.13.1_default-caps-simdna	measured	pinned	1	median_ns	10616.413047	40	1.0000	0	0		
rank	s-2048	(set)	short-subject-search	plain	same program	rust_1.13.1_default-caps-simdna	measured	pinned	1	min_ns	10598.174911	40	1.0000	0	0		
rank	s-2048	(set)	short-subject-search	plain	same program	rust_1.13.1_default-caps-simdna	measured	pinned	1	max_ns	10833.837368	40	1.0000	0	0		
rank	s-2048	(set)	short-subject-search	plain	same program	rust_1.13.1_default-caps-simdna	measured	pinned	1	stddev_ns	87.701803	40	1.0000	0	0		
rank	s-2048	(set)	short-subject-search	plain	same program	rust_1.13.1_default-caps-simdna	measured	pinned	1	ratio_vs_baseline	1.000000	40	1.0000	0	0		
rank	s-2048	(set)	short-subject-search	plain	same program	rust_1.13.1_default-caps-simdna	measured	pinned	1	ratio_vs_best	1.000000	40	1.0000	0	0		
rank	s-2048	(set)	short-subject-search	plain	same program	pcrec_c4c70f2c_auto-caps-simdna	measured	pinned	2	median_ns	15099.516247	40	1.0000	0	0		
rank	s-2048	(set)	short-subject-search	plain	same program	pcrec_c4c70f2c_auto-caps-simdna	measured	pinned	2	min_ns	15064.499717	40	1.0000	0	0		
rank	s-2048	(set)	short-subject-search	plain	same program	pcrec_c4c70f2c_auto-caps-simdna	measured	pinned	2	max_ns	15207.328982	40	1.0000	0	0		
rank	s-2048	(set)	short-subject-search	plain	same program	pcrec_c4c70f2c_auto-caps-simdna	measured	pinned	2	stddev_ns	48.416888	40	1.0000	0	0		
rank	s-2048	(set)	short-subject-search	plain	same program	pcrec_c4c70f2c_auto-caps-simdna	measured	pinned	2	ratio_vs_baseline	1.422280	40	1.0000	0	0		
rank	s-2048	(set)	short-subject-search	plain	same program	pcrec_c4c70f2c_auto-caps-simdna	measured	pinned	2	ratio_vs_best	1.422280	40	1.0000	0	0		
rank	s-2048	(set)	short-subject-search	plain	same program	libpcre2_10.46_jit-caps-simdna	measured	pinned	3	median_ns	13675780.460674	40	1.0000	0	0		
rank	s-2048	(set)	short-subject-search	plain	same program	libpcre2_10.46_jit-caps-simdna	measured	pinned	3	min_ns	13254774.707865	40	1.0000	0	0		
rank	s-2048	(set)	short-subject-search	plain	same program	libpcre2_10.46_jit-caps-simdna	measured	pinned	3	max_ns	14108497.685393	40	1.0000	0	0		
rank	s-2048	(set)	short-subject-search	plain	same program	libpcre2_10.46_jit-caps-simdna	measured	pinned	3	stddev_ns	353143.463485	40	1.0000	0	0		
rank	s-2048	(set)	short-subject-search	plain	same program	libpcre2_10.46_jit-caps-simdna	measured	pinned	3	ratio_vs_baseline	1288.173360	40	1.0000	0	0		
rank	s-2048	(set)	short-subject-search	plain	same program	libpcre2_10.46_jit-caps-simdna	measured	pinned	3	ratio_vs_best	1288.173360	40	1.0000	0	0		
did_not_compile	s-2048	(set)	short-subject-search			pcrec_c4c70f2c_vm-caps-simdna	did-not-compile									pcrec: pattern too large: 903877 bytes of emitted code (limit 500000), which gcc cannot compile in reasonable time. A repeat's body is replicated and counts MULTIPLY through nesting -- lower a count, try --unroll=1, or raise --max-emit-code-bytes (pattern offset 0)	
baseline	s-256	(set)	large-subject-throughput			rust_1.13.1_default-caps-simdna				baseline_identity	row-best-fallback					rust_1.13.1_default-caps-simdna (row-best fallback -- interp absent from this group)	
rank	s-256	(set)	large-subject-throughput	plain	same program	rust_1.13.1_default-caps-simdna	measured	pinned	1	median_ns	2193514.681818	4	1.0000	0	0		
rank	s-256	(set)	large-subject-throughput	plain	same program	rust_1.13.1_default-caps-simdna	measured	pinned	1	min_ns	2188762.863636	4	1.0000	0	0		
rank	s-256	(set)	large-subject-throughput	plain	same program	rust_1.13.1_default-caps-simdna	measured	pinned	1	max_ns	2200404.318182	4	1.0000	0	0		
rank	s-256	(set)	large-subject-throughput	plain	same program	rust_1.13.1_default-caps-simdna	measured	pinned	1	stddev_ns	3890.020030	4	1.0000	0	0		
rank	s-256	(set)	large-subject-throughput	plain	same program	rust_1.13.1_default-caps-simdna	measured	pinned	1	ratio_vs_baseline	1.000000	4	1.0000	0	0		
rank	s-256	(set)	large-subject-throughput	plain	same program	rust_1.13.1_default-caps-simdna	measured	pinned	1	ratio_vs_best	1.000000	4	1.0000	0	0		
rank	s-256	(set)	large-subject-throughput	plain	same program	pcrec_c4c70f2c_auto-caps-simdna	measured	pinned	2	median_ns	2894134.982143	4	1.0000	0	0		
rank	s-256	(set)	large-subject-throughput	plain	same program	pcrec_c4c70f2c_auto-caps-simdna	measured	pinned	2	min_ns	2885862.982143	4	1.0000	0	0		
rank	s-256	(set)	large-subject-throughput	plain	same program	pcrec_c4c70f2c_auto-caps-simdna	measured	pinned	2	max_ns	2913417.937500	4	1.0000	0	0		
rank	s-256	(set)	large-subject-throughput	plain	same program	pcrec_c4c70f2c_auto-caps-simdna	measured	pinned	2	stddev_ns	9308.228672	4	1.0000	0	0		
rank	s-256	(set)	large-subject-throughput	plain	same program	pcrec_c4c70f2c_auto-caps-simdna	measured	pinned	2	ratio_vs_baseline	1.319405	4	1.0000	0	0		
rank	s-256	(set)	large-subject-throughput	plain	same program	pcrec_c4c70f2c_auto-caps-simdna	measured	pinned	2	ratio_vs_best	1.319405	4	1.0000	0	0		
rank	s-256	(set)	large-subject-throughput	plain	same program	pcrec_c4c70f2c_vm-caps-simdna	measured	pinned	3	median_ns	16189467.636364	4	1.0000	0	0		
rank	s-256	(set)	large-subject-throughput	plain	same program	pcrec_c4c70f2c_vm-caps-simdna	measured	pinned	3	min_ns	16153019.727273	4	1.0000	0	0		
rank	s-256	(set)	large-subject-throughput	plain	same program	pcrec_c4c70f2c_vm-caps-simdna	measured	pinned	3	max_ns	16202345.409091	4	1.0000	0	0		
rank	s-256	(set)	large-subject-throughput	plain	same program	pcrec_c4c70f2c_vm-caps-simdna	measured	pinned	3	stddev_ns	18636.253792	4	1.0000	0	0		
rank	s-256	(set)	large-subject-throughput	plain	same program	pcrec_c4c70f2c_vm-caps-simdna	measured	pinned	3	ratio_vs_baseline	7.380606	4	1.0000	0	0		
rank	s-256	(set)	large-subject-throughput	plain	same program	pcrec_c4c70f2c_vm-caps-simdna	measured	pinned	3	ratio_vs_best	7.380606	4	1.0000	0	0		
rank	s-256	(set)	large-subject-throughput	plain	same program	libpcre2_10.46_jit-caps-simdna	measured	pinned	4	median_ns	275535140.500000	4	1.0000	0	0		
rank	s-256	(set)	large-subject-throughput	plain	same program	libpcre2_10.46_jit-caps-simdna	measured	pinned	4	min_ns	268658824.000000	4	1.0000	0	0		
rank	s-256	(set)	large-subject-throughput	plain	same program	libpcre2_10.46_jit-caps-simdna	measured	pinned	4	max_ns	279025992.500000	4	1.0000	0	0		
rank	s-256	(set)	large-subject-throughput	plain	same program	libpcre2_10.46_jit-caps-simdna	measured	pinned	4	stddev_ns	4207171.500563	4	1.0000	0	0		
rank	s-256	(set)	large-subject-throughput	plain	same program	libpcre2_10.46_jit-caps-simdna	measured	pinned	4	ratio_vs_baseline	125.613538	4	1.0000	0	0		
rank	s-256	(set)	large-subject-throughput	plain	same program	libpcre2_10.46_jit-caps-simdna	measured	pinned	4	ratio_vs_best	125.613538	4	1.0000	0	0		
baseline	s-256	(set)	match-compliance			pcrec_c4c70f2c_vm-caps-simdna				baseline_identity	row-best-fallback					pcrec_c4c70f2c_vm-caps-simdna (row-best fallback -- interp absent from this group)	
rank	s-256	(set)	match-compliance	whole-subject	separate artifact	pcrec_c4c70f2c_vm-caps-simdna	measured	pinned	1	median_ns	377.622749	40	1.0000	0	0		
rank	s-256	(set)	match-compliance	whole-subject	separate artifact	pcrec_c4c70f2c_vm-caps-simdna	measured	pinned	1	min_ns	376.213332	40	1.0000	0	0		
rank	s-256	(set)	match-compliance	whole-subject	separate artifact	pcrec_c4c70f2c_vm-caps-simdna	measured	pinned	1	max_ns	379.405961	40	1.0000	0	0		
rank	s-256	(set)	match-compliance	whole-subject	separate artifact	pcrec_c4c70f2c_vm-caps-simdna	measured	pinned	1	stddev_ns	1.107887	40	1.0000	0	0		
rank	s-256	(set)	match-compliance	whole-subject	separate artifact	pcrec_c4c70f2c_vm-caps-simdna	measured	pinned	1	ratio_vs_baseline	1.000000	40	1.0000	0	0		
rank	s-256	(set)	match-compliance	whole-subject	separate artifact	pcrec_c4c70f2c_vm-caps-simdna	measured	pinned	1	ratio_vs_best	1.000000	40	1.0000	0	0		
rank	s-256	(set)	match-compliance	whole-subject	separate artifact	pcrec_c4c70f2c_auto-caps-simdna	measured	pinned	2	median_ns	469.121393	40	1.0000	0	0		
rank	s-256	(set)	match-compliance	whole-subject	separate artifact	pcrec_c4c70f2c_auto-caps-simdna	measured	pinned	2	min_ns	461.142938	40	1.0000	0	0		
rank	s-256	(set)	match-compliance	whole-subject	separate artifact	pcrec_c4c70f2c_auto-caps-simdna	measured	pinned	2	max_ns	479.590641	40	1.0000	0	0		
rank	s-256	(set)	match-compliance	whole-subject	separate artifact	pcrec_c4c70f2c_auto-caps-simdna	measured	pinned	2	stddev_ns	6.475396	40	1.0000	0	0		
rank	s-256	(set)	match-compliance	whole-subject	separate artifact	pcrec_c4c70f2c_auto-caps-simdna	measured	pinned	2	ratio_vs_baseline	1.242302	40	1.0000	0	0		
rank	s-256	(set)	match-compliance	whole-subject	separate artifact	pcrec_c4c70f2c_auto-caps-simdna	measured	pinned	2	ratio_vs_best	1.242302	40	1.0000	0	0		
rank	s-256	(set)	match-compliance	whole-subject	separate artifact	rust_1.13.1_default-caps-simdna	measured	pinned	3	median_ns	541.350385	40	1.0000	0	0		
rank	s-256	(set)	match-compliance	whole-subject	separate artifact	rust_1.13.1_default-caps-simdna	measured	pinned	3	min_ns	539.328759	40	1.0000	0	0		
rank	s-256	(set)	match-compliance	whole-subject	separate artifact	rust_1.13.1_default-caps-simdna	measured	pinned	3	max_ns	541.935086	40	1.0000	0	0		
rank	s-256	(set)	match-compliance	whole-subject	separate artifact	rust_1.13.1_default-caps-simdna	measured	pinned	3	stddev_ns	0.922176	40	1.0000	0	0		
rank	s-256	(set)	match-compliance	whole-subject	separate artifact	rust_1.13.1_default-caps-simdna	measured	pinned	3	ratio_vs_baseline	1.433575	40	1.0000	0	0		
rank	s-256	(set)	match-compliance	whole-subject	separate artifact	rust_1.13.1_default-caps-simdna	measured	pinned	3	ratio_vs_best	1.433575	40	1.0000	0	0		
rank	s-256	(set)	match-compliance	plain	same program	libpcre2_10.46_jit-caps-simdna	measured	pinned	4	median_ns	56283.551362	40	1.0000	0	0		
rank	s-256	(set)	match-compliance	plain	same program	libpcre2_10.46_jit-caps-simdna	measured	pinned	4	min_ns	55797.989235	40	1.0000	0	0		
rank	s-256	(set)	match-compliance	plain	same program	libpcre2_10.46_jit-caps-simdna	measured	pinned	4	max_ns	65039.651554	40	1.0000	0	0		
rank	s-256	(set)	match-compliance	plain	same program	libpcre2_10.46_jit-caps-simdna	measured	pinned	4	stddev_ns	3510.061879	40	1.0000	0	0		
rank	s-256	(set)	match-compliance	plain	same program	libpcre2_10.46_jit-caps-simdna	measured	pinned	4	ratio_vs_baseline	149.047036	40	1.0000	0	0		
rank	s-256	(set)	match-compliance	plain	same program	libpcre2_10.46_jit-caps-simdna	measured	pinned	4	ratio_vs_best	149.047036	40	1.0000	0	0		
baseline	s-256	(set)	short-subject-search			pcrec_c4c70f2c_auto-caps-simdna				baseline_identity	row-best-fallback					pcrec_c4c70f2c_auto-caps-simdna (row-best fallback -- interp absent from this group)	
rank	s-256	(set)	short-subject-search	plain	same program	pcrec_c4c70f2c_auto-caps-simdna	measured	pinned	1	median_ns	8239.168010	40	1.0000	0	0		
rank	s-256	(set)	short-subject-search	plain	same program	pcrec_c4c70f2c_auto-caps-simdna	measured	pinned	1	min_ns	8225.351112	40	1.0000	0	0		
rank	s-256	(set)	short-subject-search	plain	same program	pcrec_c4c70f2c_auto-caps-simdna	measured	pinned	1	max_ns	8242.913362	40	1.0000	0	0		
rank	s-256	(set)	short-subject-search	plain	same program	pcrec_c4c70f2c_auto-caps-simdna	measured	pinned	1	stddev_ns	7.286828	40	1.0000	0	0		
rank	s-256	(set)	short-subject-search	plain	same program	pcrec_c4c70f2c_auto-caps-simdna	measured	pinned	1	ratio_vs_baseline	1.000000	40	1.0000	0	0		
rank	s-256	(set)	short-subject-search	plain	same program	pcrec_c4c70f2c_auto-caps-simdna	measured	pinned	1	ratio_vs_best	1.000000	40	1.0000	0	0		
rank	s-256	(set)	short-subject-search	plain	same program	rust_1.13.1_default-caps-simdna	measured	pinned	2	median_ns	10581.500482	40	1.0000	0	0		
rank	s-256	(set)	short-subject-search	plain	same program	rust_1.13.1_default-caps-simdna	measured	pinned	2	min_ns	10561.384497	40	1.0000	0	0		
rank	s-256	(set)	short-subject-search	plain	same program	rust_1.13.1_default-caps-simdna	measured	pinned	2	max_ns	10943.447283	40	1.0000	0	0		
rank	s-256	(set)	short-subject-search	plain	same program	rust_1.13.1_default-caps-simdna	measured	pinned	2	stddev_ns	146.782395	40	1.0000	0	0		
rank	s-256	(set)	short-subject-search	plain	same program	rust_1.13.1_default-caps-simdna	measured	pinned	2	ratio_vs_baseline	1.284292	40	1.0000	0	0		
rank	s-256	(set)	short-subject-search	plain	same program	rust_1.13.1_default-caps-simdna	measured	pinned	2	ratio_vs_best	1.284292	40	1.0000	0	0		
rank	s-256	(set)	short-subject-search	plain	same program	pcrec_c4c70f2c_vm-caps-simdna	measured	pinned	3	median_ns	58612.384479	40	1.0000	0	0		
rank	s-256	(set)	short-subject-search	plain	same program	pcrec_c4c70f2c_vm-caps-simdna	measured	pinned	3	min_ns	58359.619572	40	1.0000	0	0		
rank	s-256	(set)	short-subject-search	plain	same program	pcrec_c4c70f2c_vm-caps-simdna	measured	pinned	3	max_ns	58860.680383	40	1.0000	0	0		
rank	s-256	(set)	short-subject-search	plain	same program	pcrec_c4c70f2c_vm-caps-simdna	measured	pinned	3	stddev_ns	161.062488	40	1.0000	0	0		
rank	s-256	(set)	short-subject-search	plain	same program	pcrec_c4c70f2c_vm-caps-simdna	measured	pinned	3	ratio_vs_baseline	7.113872	40	1.0000	0	0		
rank	s-256	(set)	short-subject-search	plain	same program	pcrec_c4c70f2c_vm-caps-simdna	measured	pinned	3	ratio_vs_best	7.113872	40	1.0000	0	0		
rank	s-256	(set)	short-subject-search	plain	same program	libpcre2_10.46_jit-caps-simdna	measured	pinned	4	median_ns	1420123.269412	40	1.0000	0	0		
rank	s-256	(set)	short-subject-search	plain	same program	libpcre2_10.46_jit-caps-simdna	measured	pinned	4	min_ns	1403054.329412	40	1.0000	0	0		
rank	s-256	(set)	short-subject-search	plain	same program	libpcre2_10.46_jit-caps-simdna	measured	pinned	4	max_ns	1450933.680000	40	1.0000	0	0		
rank	s-256	(set)	short-subject-search	plain	same program	libpcre2_10.46_jit-caps-simdna	measured	pinned	4	stddev_ns	18878.412984	40	1.0000	0	0		
rank	s-256	(set)	short-subject-search	plain	same program	libpcre2_10.46_jit-caps-simdna	measured	pinned	4	ratio_vs_baseline	172.362460	40	1.0000	0	0		
rank	s-256	(set)	short-subject-search	plain	same program	libpcre2_10.46_jit-caps-simdna	measured	pinned	4	ratio_vs_best	172.362460	40	1.0000	0	0		
baseline	s-4096	(set)	large-subject-throughput			rust_1.13.1_default-caps-simdna				baseline_identity	row-best-fallback					rust_1.13.1_default-caps-simdna (row-best fallback -- interp absent from this group)	
rank	s-4096	(set)	large-subject-throughput	plain	same program	rust_1.13.1_default-caps-simdna	measured	pinned	1	median_ns	8261255.400000	4	1.0000	0	0		
rank	s-4096	(set)	large-subject-throughput	plain	same program	rust_1.13.1_default-caps-simdna	measured	pinned	1	min_ns	8257842.300000	4	1.0000	0	0		
rank	s-4096	(set)	large-subject-throughput	plain	same program	rust_1.13.1_default-caps-simdna	measured	pinned	1	max_ns	8268137.875000	4	1.0000	0	0		
rank	s-4096	(set)	large-subject-throughput	plain	same program	rust_1.13.1_default-caps-simdna	measured	pinned	1	stddev_ns	3540.751936	4	1.0000	0	0		
rank	s-4096	(set)	large-subject-throughput	plain	same program	rust_1.13.1_default-caps-simdna	measured	pinned	1	ratio_vs_baseline	1.000000	4	1.0000	0	0		
rank	s-4096	(set)	large-subject-throughput	plain	same program	rust_1.13.1_default-caps-simdna	measured	pinned	1	ratio_vs_best	1.000000	4	1.0000	0	0		
rank	s-4096	(set)	large-subject-throughput	plain	same program	libpcre2_10.46_jit-caps-simdna	measured	pinned	2	median_ns	19457049538.000000	4	1.0000	0	0		
rank	s-4096	(set)	large-subject-throughput	plain	same program	libpcre2_10.46_jit-caps-simdna	measured	pinned	2	min_ns	19010414653.000000	4	1.0000	0	0		
rank	s-4096	(set)	large-subject-throughput	plain	same program	libpcre2_10.46_jit-caps-simdna	measured	pinned	2	max_ns	19592567334.000000	4	1.0000	0	0		
rank	s-4096	(set)	large-subject-throughput	plain	same program	libpcre2_10.46_jit-caps-simdna	measured	pinned	2	stddev_ns	212147025.441641	4	1.0000	0	0		
rank	s-4096	(set)	large-subject-throughput	plain	same program	libpcre2_10.46_jit-caps-simdna	measured	pinned	2	ratio_vs_baseline	2355.217046	4	1.0000	0	0		
rank	s-4096	(set)	large-subject-throughput	plain	same program	libpcre2_10.46_jit-caps-simdna	measured	pinned	2	ratio_vs_best	2355.217046	4	1.0000	0	0		
did_not_compile	s-4096	(set)	large-subject-throughput			pcrec_c4c70f2c_auto-caps-simdna	did-not-compile									pcrec: pattern too large: 1623901 bytes of emitted C source (limit 1000000, ~269 KB .o). Lower a repeat count, try --unroll=1, or raise --max-emit-bytes; see limits.md "Handling an oversized artifact" (pattern offset 0)	
did_not_compile	s-4096	(set)	large-subject-throughput			pcrec_c4c70f2c_vm-caps-simdna	did-not-compile									pcrec: pattern too large: 1719898 bytes of emitted code (limit 500000), which gcc cannot compile in reasonable time. A repeat's body is replicated and counts MULTIPLY through nesting -- lower a count, try --unroll=1, or raise --max-emit-code-bytes (pattern offset 0)	
baseline	s-4096	(set)	match-compliance			rust_1.13.1_default-caps-simdna				baseline_identity	row-best-fallback					rust_1.13.1_default-caps-simdna (row-best fallback -- interp absent from this group)	
rank	s-4096	(set)	match-compliance	whole-subject	separate artifact	rust_1.13.1_default-caps-simdna	measured	pinned	1	median_ns	648.435104	40	1.0000	0	0		
rank	s-4096	(set)	match-compliance	whole-subject	separate artifact	rust_1.13.1_default-caps-simdna	measured	pinned	1	min_ns	647.965629	40	1.0000	0	0		
rank	s-4096	(set)	match-compliance	whole-subject	separate artifact	rust_1.13.1_default-caps-simdna	measured	pinned	1	max_ns	648.894031	40	1.0000	0	0		
rank	s-4096	(set)	match-compliance	whole-subject	separate artifact	rust_1.13.1_default-caps-simdna	measured	pinned	1	stddev_ns	0.293838	40	1.0000	0	0		
rank	s-4096	(set)	match-compliance	whole-subject	separate artifact	rust_1.13.1_default-caps-simdna	measured	pinned	1	ratio_vs_baseline	1.000000	40	1.0000	0	0		
rank	s-4096	(set)	match-compliance	whole-subject	separate artifact	rust_1.13.1_default-caps-simdna	measured	pinned	1	ratio_vs_best	1.000000	40	1.0000	0	0		
rank	s-4096	(set)	match-compliance	plain	same program	libpcre2_10.46_jit-caps-simdna	measured	pinned	2	median_ns	823372.049816	40	1.0000	0	0		
rank	s-4096	(set)	match-compliance	plain	same program	libpcre2_10.46_jit-caps-simdna	measured	pinned	2	min_ns	816977.543969	40	1.0000	0	0		
rank	s-4096	(set)	match-compliance	plain	same program	libpcre2_10.46_jit-caps-simdna	measured	pinned	2	max_ns	840812.161777	40	1.0000	0	0		
rank	s-4096	(set)	match-compliance	plain	same program	libpcre2_10.46_jit-caps-simdna	measured	pinned	2	stddev_ns	9651.926347	40	1.0000	0	0		
rank	s-4096	(set)	match-compliance	plain	same program	libpcre2_10.46_jit-caps-simdna	measured	pinned	2	ratio_vs_baseline	1269.783275	40	1.0000	0	0		
rank	s-4096	(set)	match-compliance	plain	same program	libpcre2_10.46_jit-caps-simdna	measured	pinned	2	ratio_vs_best	1269.783275	40	1.0000	0	0		
did_not_compile	s-4096	(set)	match-compliance			pcrec_c4c70f2c_auto-caps-simdna	did-not-compile									pcrec: pattern too large: 1623901 bytes of emitted C source (limit 1000000, ~269 KB .o). Lower a repeat count, try --unroll=1, or raise --max-emit-bytes; see limits.md "Handling an oversized artifact" (pattern offset 0)	
did_not_compile	s-4096	(set)	match-compliance			pcrec_c4c70f2c_vm-caps-simdna	did-not-compile									pcrec: pattern too large: 1719898 bytes of emitted code (limit 500000), which gcc cannot compile in reasonable time. A repeat's body is replicated and counts MULTIPLY through nesting -- lower a count, try --unroll=1, or raise --max-emit-code-bytes (pattern offset 0)	
baseline	s-4096	(set)	short-subject-search			rust_1.13.1_default-caps-simdna				baseline_identity	row-best-fallback					rust_1.13.1_default-caps-simdna (row-best fallback -- interp absent from this group)	
rank	s-4096	(set)	short-subject-search	plain	same program	rust_1.13.1_default-caps-simdna	measured	pinned	1	median_ns	23656.878054	40	1.0000	0	0		
rank	s-4096	(set)	short-subject-search	plain	same program	rust_1.13.1_default-caps-simdna	measured	pinned	1	min_ns	23589.361040	40	1.0000	0	0		
rank	s-4096	(set)	short-subject-search	plain	same program	rust_1.13.1_default-caps-simdna	measured	pinned	1	max_ns	23812.182851	40	1.0000	0	0		
rank	s-4096	(set)	short-subject-search	plain	same program	rust_1.13.1_default-caps-simdna	measured	pinned	1	stddev_ns	85.714469	40	1.0000	0	0		
rank	s-4096	(set)	short-subject-search	plain	same program	rust_1.13.1_default-caps-simdna	measured	pinned	1	ratio_vs_baseline	1.000000	40	1.0000	0	0		
rank	s-4096	(set)	short-subject-search	plain	same program	rust_1.13.1_default-caps-simdna	measured	pinned	1	ratio_vs_best	1.000000	40	1.0000	0	0		
rank	s-4096	(set)	short-subject-search	plain	same program	libpcre2_10.46_jit-caps-simdna	measured	pinned	2	median_ns	99687258.461538	40	1.0000	0	0		
rank	s-4096	(set)	short-subject-search	plain	same program	libpcre2_10.46_jit-caps-simdna	measured	pinned	2	min_ns	97568266.000000	40	1.0000	0	0		
rank	s-4096	(set)	short-subject-search	plain	same program	libpcre2_10.46_jit-caps-simdna	measured	pinned	2	max_ns	101104436.000000	40	1.0000	0	0		
rank	s-4096	(set)	short-subject-search	plain	same program	libpcre2_10.46_jit-caps-simdna	measured	pinned	2	stddev_ns	1335341.041936	40	1.0000	0	0		
rank	s-4096	(set)	short-subject-search	plain	same program	libpcre2_10.46_jit-caps-simdna	measured	pinned	2	ratio_vs_baseline	4213.880557	40	1.0000	0	0		
rank	s-4096	(set)	short-subject-search	plain	same program	libpcre2_10.46_jit-caps-simdna	measured	pinned	2	ratio_vs_best	4213.880557	40	1.0000	0	0		
did_not_compile	s-4096	(set)	short-subject-search			pcrec_c4c70f2c_auto-caps-simdna	did-not-compile									pcrec: pattern too large: 1623901 bytes of emitted C source (limit 1000000, ~269 KB .o). Lower a repeat count, try --unroll=1, or raise --max-emit-bytes; see limits.md "Handling an oversized artifact" (pattern offset 0)	
did_not_compile	s-4096	(set)	short-subject-search			pcrec_c4c70f2c_vm-caps-simdna	did-not-compile									pcrec: pattern too large: 1719898 bytes of emitted code (limit 500000), which gcc cannot compile in reasonable time. A repeat's body is replicated and counts MULTIPLY through nesting -- lower a count, try --unroll=1, or raise --max-emit-code-bytes (pattern offset 0)	
baseline	s-512	(set)	large-subject-throughput			pcrec_c4c70f2c_auto-caps-simdna				baseline_identity	row-best-fallback					pcrec_c4c70f2c_auto-caps-simdna (row-best fallback -- interp absent from this group)	
rank	s-512	(set)	large-subject-throughput	plain	same program	pcrec_c4c70f2c_auto-caps-simdna	measured	pinned	1	median_ns	3182931.274510	4	1.0000	0	0		
rank	s-512	(set)	large-subject-throughput	plain	same program	pcrec_c4c70f2c_auto-caps-simdna	measured	pinned	1	min_ns	3172240.539216	4	1.0000	0	0		
rank	s-512	(set)	large-subject-throughput	plain	same program	pcrec_c4c70f2c_auto-caps-simdna	measured	pinned	1	max_ns	3185543.166667	4	1.0000	0	0		
rank	s-512	(set)	large-subject-throughput	plain	same program	pcrec_c4c70f2c_auto-caps-simdna	measured	pinned	1	stddev_ns	5787.333869	4	1.0000	0	0		
rank	s-512	(set)	large-subject-throughput	plain	same program	pcrec_c4c70f2c_auto-caps-simdna	measured	pinned	1	ratio_vs_baseline	1.000000	4	1.0000	0	0		
rank	s-512	(set)	large-subject-throughput	plain	same program	pcrec_c4c70f2c_auto-caps-simdna	measured	pinned	1	ratio_vs_best	1.000000	4	1.0000	0	0		
rank	s-512	(set)	large-subject-throughput	plain	same program	rust_1.13.1_default-caps-simdna	measured	pinned	2	median_ns	3526350.000000	4	1.0000	0	0		
rank	s-512	(set)	large-subject-throughput	plain	same program	rust_1.13.1_default-caps-simdna	measured	pinned	2	min_ns	3503445.307692	4	1.0000	0	0		
rank	s-512	(set)	large-subject-throughput	plain	same program	rust_1.13.1_default-caps-simdna	measured	pinned	2	max_ns	3567152.538462	4	1.0000	0	0		
rank	s-512	(set)	large-subject-throughput	plain	same program	rust_1.13.1_default-caps-simdna	measured	pinned	2	stddev_ns	20705.159210	4	1.0000	0	0		
rank	s-512	(set)	large-subject-throughput	plain	same program	rust_1.13.1_default-caps-simdna	measured	pinned	2	ratio_vs_baseline	1.107894	4	1.0000	0	0		
rank	s-512	(set)	large-subject-throughput	plain	same program	rust_1.13.1_default-caps-simdna	measured	pinned	2	ratio_vs_best	1.107894	4	1.0000	0	0		
rank	s-512	(set)	large-subject-throughput	plain	same program	pcrec_c4c70f2c_vm-caps-simdna	measured	pinned	3	median_ns	17319744.250000	4	1.0000	0	0		
rank	s-512	(set)	large-subject-throughput	plain	same program	pcrec_c4c70f2c_vm-caps-simdna	measured	pinned	3	min_ns	17206543.200000	4	1.0000	0	0		
rank	s-512	(set)	large-subject-throughput	plain	same program	pcrec_c4c70f2c_vm-caps-simdna	measured	pinned	3	max_ns	18692855.550000	4	1.0000	0	0		
rank	s-512	(set)	large-subject-throughput	plain	same program	pcrec_c4c70f2c_vm-caps-simdna	measured	pinned	3	stddev_ns	551113.337982	4	1.0000	0	0		
rank	s-512	(set)	large-subject-throughput	plain	same program	pcrec_c4c70f2c_vm-caps-simdna	measured	pinned	3	ratio_vs_baseline	5.441445	4	1.0000	0	0		
rank	s-512	(set)	large-subject-throughput	plain	same program	pcrec_c4c70f2c_vm-caps-simdna	measured	pinned	3	ratio_vs_best	5.441445	4	1.0000	0	0		
rank	s-512	(set)	large-subject-throughput	plain	same program	libpcre2_10.46_jit-caps-simdna	measured	pinned	4	median_ns	597459307.000000	4	1.0000	0	0		
rank	s-512	(set)	large-subject-throughput	plain	same program	libpcre2_10.46_jit-caps-simdna	measured	pinned	4	min_ns	593782778.000000	4	1.0000	0	0		
rank	s-512	(set)	large-subject-throughput	plain	same program	libpcre2_10.46_jit-caps-simdna	measured	pinned	4	max_ns	601693958.000000	4	1.0000	0	0		
rank	s-512	(set)	large-subject-throughput	plain	same program	libpcre2_10.46_jit-caps-simdna	measured	pinned	4	stddev_ns	2536789.233675	4	1.0000	0	0		
rank	s-512	(set)	large-subject-throughput	plain	same program	libpcre2_10.46_jit-caps-simdna	measured	pinned	4	ratio_vs_baseline	187.707260	4	1.0000	0	0		
rank	s-512	(set)	large-subject-throughput	plain	same program	libpcre2_10.46_jit-caps-simdna	measured	pinned	4	ratio_vs_best	187.707260	4	1.0000	0	0		
baseline	s-512	(set)	match-compliance			pcrec_c4c70f2c_vm-caps-simdna				baseline_identity	row-best-fallback					pcrec_c4c70f2c_vm-caps-simdna (row-best fallback -- interp absent from this group)	
rank	s-512	(set)	match-compliance	whole-subject	separate artifact	pcrec_c4c70f2c_vm-caps-simdna	measured	pinned	1	median_ns	373.728311	40	1.0000	0	0		
rank	s-512	(set)	match-compliance	whole-subject	separate artifact	pcrec_c4c70f2c_vm-caps-simdna	measured	pinned	1	min_ns	370.006695	40	1.0000	0	0		
rank	s-512	(set)	match-compliance	whole-subject	separate artifact	pcrec_c4c70f2c_vm-caps-simdna	measured	pinned	1	max_ns	380.195061	40	1.0000	0	0		
rank	s-512	(set)	match-compliance	whole-subject	separate artifact	pcrec_c4c70f2c_vm-caps-simdna	measured	pinned	1	stddev_ns	3.415692	40	1.0000	0	0		
rank	s-512	(set)	match-compliance	whole-subject	separate artifact	pcrec_c4c70f2c_vm-caps-simdna	measured	pinned	1	ratio_vs_baseline	1.000000	40	1.0000	0	0		
rank	s-512	(set)	match-compliance	whole-subject	separate artifact	pcrec_c4c70f2c_vm-caps-simdna	measured	pinned	1	ratio_vs_best	1.000000	40	1.0000	0	0		
rank	s-512	(set)	match-compliance	whole-subject	separate artifact	pcrec_c4c70f2c_auto-caps-simdna	measured	pinned	2	median_ns	453.921383	40	1.0000	0	0		
rank	s-512	(set)	match-compliance	whole-subject	separate artifact	pcrec_c4c70f2c_auto-caps-simdna	measured	pinned	2	min_ns	449.929468	40	1.0000	0	0		
rank	s-512	(set)	match-compliance	whole-subject	separate artifact	pcrec_c4c70f2c_auto-caps-simdna	measured	pinned	2	max_ns	473.497869	40	1.0000	0	0		
rank	s-512	(set)	match-compliance	whole-subject	separate artifact	pcrec_c4c70f2c_auto-caps-simdna	measured	pinned	2	stddev_ns	8.415650	40	1.0000	0	0		
rank	s-512	(set)	match-compliance	whole-subject	separate artifact	pcrec_c4c70f2c_auto-caps-simdna	measured	pinned	2	ratio_vs_baseline	1.214576	40	1.0000	0	0		
rank	s-512	(set)	match-compliance	whole-subject	separate artifact	pcrec_c4c70f2c_auto-caps-simdna	measured	pinned	2	ratio_vs_best	1.214576	40	1.0000	0	0		
rank	s-512	(set)	match-compliance	whole-subject	separate artifact	rust_1.13.1_default-caps-simdna	measured	pinned	3	median_ns	542.661060	40	1.0000	0	0		
rank	s-512	(set)	match-compliance	whole-subject	separate artifact	rust_1.13.1_default-caps-simdna	measured	pinned	3	min_ns	542.440397	40	1.0000	0	0		
rank	s-512	(set)	match-compliance	whole-subject	separate artifact	rust_1.13.1_default-caps-simdna	measured	pinned	3	max_ns	543.438452	40	1.0000	0	0		
rank	s-512	(set)	match-compliance	whole-subject	separate artifact	rust_1.13.1_default-caps-simdna	measured	pinned	3	stddev_ns	0.362044	40	1.0000	0	0		
rank	s-512	(set)	match-compliance	whole-subject	separate artifact	rust_1.13.1_default-caps-simdna	measured	pinned	3	ratio_vs_baseline	1.452020	40	1.0000	0	0		
rank	s-512	(set)	match-compliance	whole-subject	separate artifact	rust_1.13.1_default-caps-simdna	measured	pinned	3	ratio_vs_best	1.452020	40	1.0000	0	0		
rank	s-512	(set)	match-compliance	plain	same program	libpcre2_10.46_jit-caps-simdna	measured	pinned	4	median_ns	108824.593468	40	1.0000	0	0		
rank	s-512	(set)	match-compliance	plain	same program	libpcre2_10.46_jit-caps-simdna	measured	pinned	4	min_ns	106893.167579	40	1.0000	0	0		
rank	s-512	(set)	match-compliance	plain	same program	libpcre2_10.46_jit-caps-simdna	measured	pinned	4	max_ns	109897.209475	40	1.0000	0	0		
rank	s-512	(set)	match-compliance	plain	same program	libpcre2_10.46_jit-caps-simdna	measured	pinned	4	stddev_ns	1074.054380	40	1.0000	0	0		
rank	s-512	(set)	match-compliance	plain	same program	libpcre2_10.46_jit-caps-simdna	measured	pinned	4	ratio_vs_baseline	291.186378	40	1.0000	0	0		
rank	s-512	(set)	match-compliance	plain	same program	libpcre2_10.46_jit-caps-simdna	measured	pinned	4	ratio_vs_best	291.186378	40	1.0000	0	0		
baseline	s-512	(set)	short-subject-search			pcrec_c4c70f2c_auto-caps-simdna				baseline_identity	row-best-fallback					pcrec_c4c70f2c_auto-caps-simdna (row-best fallback -- interp absent from this group)	
rank	s-512	(set)	short-subject-search	plain	same program	pcrec_c4c70f2c_auto-caps-simdna	measured	pinned	1	median_ns	8244.973700	40	1.0000	0	0		
rank	s-512	(set)	short-subject-search	plain	same program	pcrec_c4c70f2c_auto-caps-simdna	measured	pinned	1	min_ns	8239.406886	40	1.0000	0	0		
rank	s-512	(set)	short-subject-search	plain	same program	pcrec_c4c70f2c_auto-caps-simdna	measured	pinned	1	max_ns	8384.607868	40	1.0000	0	0		
rank	s-512	(set)	short-subject-search	plain	same program	pcrec_c4c70f2c_auto-caps-simdna	measured	pinned	1	stddev_ns	55.614561	40	1.0000	0	0		
rank	s-512	(set)	short-subject-search	plain	same program	pcrec_c4c70f2c_auto-caps-simdna	measured	pinned	1	ratio_vs_baseline	1.000000	40	1.0000	0	0		
rank	s-512	(set)	short-subject-search	plain	same program	pcrec_c4c70f2c_auto-caps-simdna	measured	pinned	1	ratio_vs_best	1.000000	40	1.0000	0	0		
rank	s-512	(set)	short-subject-search	plain	same program	rust_1.13.1_default-caps-simdna	measured	pinned	2	median_ns	10582.573018	40	1.0000	0	0		
rank	s-512	(set)	short-subject-search	plain	same program	rust_1.13.1_default-caps-simdna	measured	pinned	2	min_ns	10567.622252	40	1.0000	0	0		
rank	s-512	(set)	short-subject-search	plain	same program	rust_1.13.1_default-caps-simdna	measured	pinned	2	max_ns	10709.498082	40	1.0000	0	0		
rank	s-512	(set)	short-subject-search	plain	same program	rust_1.13.1_default-caps-simdna	measured	pinned	2	stddev_ns	53.051076	40	1.0000	0	0		
rank	s-512	(set)	short-subject-search	plain	same program	rust_1.13.1_default-caps-simdna	measured	pinned	2	ratio_vs_baseline	1.283518	40	1.0000	0	0		
rank	s-512	(set)	short-subject-search	plain	same program	rust_1.13.1_default-caps-simdna	measured	pinned	2	ratio_vs_best	1.283518	40	1.0000	0	0		
rank	s-512	(set)	short-subject-search	plain	same program	pcrec_c4c70f2c_vm-caps-simdna	measured	pinned	3	median_ns	61849.029297	40	1.0000	0	0		
rank	s-512	(set)	short-subject-search	plain	same program	pcrec_c4c70f2c_vm-caps-simdna	measured	pinned	3	min_ns	59286.129020	40	1.0000	0	0		
rank	s-512	(set)	short-subject-search	plain	same program	pcrec_c4c70f2c_vm-caps-simdna	measured	pinned	3	max_ns	62291.199291	40	1.0000	0	0		
rank	s-512	(set)	short-subject-search	plain	same program	pcrec_c4c70f2c_vm-caps-simdna	measured	pinned	3	stddev_ns	1083.939733	40	1.0000	0	0		
rank	s-512	(set)	short-subject-search	plain	same program	pcrec_c4c70f2c_vm-caps-simdna	measured	pinned	3	ratio_vs_baseline	7.501422	40	1.0000	0	0		
rank	s-512	(set)	short-subject-search	plain	same program	pcrec_c4c70f2c_vm-caps-simdna	measured	pinned	3	ratio_vs_best	7.501422	40	1.0000	0	0		
rank	s-512	(set)	short-subject-search	plain	same program	libpcre2_10.46_jit-caps-simdna	measured	pinned	4	median_ns	3079819.732468	40	1.0000	0	0		
rank	s-512	(set)	short-subject-search	plain	same program	libpcre2_10.46_jit-caps-simdna	measured	pinned	4	min_ns	3077898.779221	40	1.0000	0	0		
rank	s-512	(set)	short-subject-search	plain	same program	libpcre2_10.46_jit-caps-simdna	measured	pinned	4	max_ns	3087266.706494	40	1.0000	0	0		
rank	s-512	(set)	short-subject-search	plain	same program	libpcre2_10.46_jit-caps-simdna	measured	pinned	4	stddev_ns	4001.904078	40	1.0000	0	0		
rank	s-512	(set)	short-subject-search	plain	same program	libpcre2_10.46_jit-caps-simdna	measured	pinned	4	ratio_vs_baseline	373.539061	40	1.0000	0	0		
rank	s-512	(set)	short-subject-search	plain	same program	libpcre2_10.46_jit-caps-simdna	measured	pinned	4	ratio_vs_best	373.539061	40	1.0000	0	0		
baseline	sfx-256	(set)	large-subject-throughput			rust_1.13.1_default-caps-simdna				baseline_identity	row-best-fallback					rust_1.13.1_default-caps-simdna (row-best fallback -- interp absent from this group)	
rank	sfx-256	(set)	large-subject-throughput	plain	same program	rust_1.13.1_default-caps-simdna	measured	pinned	1	median_ns	2257277.571429	4	1.0000	0	0		
rank	sfx-256	(set)	large-subject-throughput	plain	same program	rust_1.13.1_default-caps-simdna	measured	pinned	1	min_ns	2253412.380952	4	1.0000	0	0		
rank	sfx-256	(set)	large-subject-throughput	plain	same program	rust_1.13.1_default-caps-simdna	measured	pinned	1	max_ns	2270886.714286	4	1.0000	0	0		
rank	sfx-256	(set)	large-subject-throughput	plain	same program	rust_1.13.1_default-caps-simdna	measured	pinned	1	stddev_ns	6577.236274	4	1.0000	0	0		
rank	sfx-256	(set)	large-subject-throughput	plain	same program	rust_1.13.1_default-caps-simdna	measured	pinned	1	ratio_vs_baseline	1.000000	4	1.0000	0	0		
rank	sfx-256	(set)	large-subject-throughput	plain	same program	rust_1.13.1_default-caps-simdna	measured	pinned	1	ratio_vs_best	1.000000	4	1.0000	0	0		
rank	sfx-256	(set)	large-subject-throughput	plain	same program	pcrec_c4c70f2c_auto-caps-simdna	measured	pinned	2	median_ns	2957770.127273	4	1.0000	0	0		
rank	sfx-256	(set)	large-subject-throughput	plain	same program	pcrec_c4c70f2c_auto-caps-simdna	measured	pinned	2	min_ns	2949265.336364	4	1.0000	0	0		
rank	sfx-256	(set)	large-subject-throughput	plain	same program	pcrec_c4c70f2c_auto-caps-simdna	measured	pinned	2	max_ns	2969123.200000	4	1.0000	0	0		
rank	sfx-256	(set)	large-subject-throughput	plain	same program	pcrec_c4c70f2c_auto-caps-simdna	measured	pinned	2	stddev_ns	7383.100407	4	1.0000	0	0		
rank	sfx-256	(set)	large-subject-throughput	plain	same program	pcrec_c4c70f2c_auto-caps-simdna	measured	pinned	2	ratio_vs_baseline	1.310326	4	1.0000	0	0		
rank	sfx-256	(set)	large-subject-throughput	plain	same program	pcrec_c4c70f2c_auto-caps-simdna	measured	pinned	2	ratio_vs_best	1.310326	4	1.0000	0	0		
rank	sfx-256	(set)	large-subject-throughput	plain	same program	pcrec_c4c70f2c_vm-caps-simdna	measured	pinned	3	median_ns	16721849.571429	4	1.0000	0	0		
rank	sfx-256	(set)	large-subject-throughput	plain	same program	pcrec_c4c70f2c_vm-caps-simdna	measured	pinned	3	min_ns	16706451.952381	4	1.0000	0	0		
rank	sfx-256	(set)	large-subject-throughput	plain	same program	pcrec_c4c70f2c_vm-caps-simdna	measured	pinned	3	max_ns	17090807.714286	4	1.0000	0	0		
rank	sfx-256	(set)	large-subject-throughput	plain	same program	pcrec_c4c70f2c_vm-caps-simdna	measured	pinned	3	stddev_ns	149339.251450	4	1.0000	0	0		
rank	sfx-256	(set)	large-subject-throughput	plain	same program	pcrec_c4c70f2c_vm-caps-simdna	measured	pinned	3	ratio_vs_baseline	7.407972	4	1.0000	0	0		
rank	sfx-256	(set)	large-subject-throughput	plain	same program	pcrec_c4c70f2c_vm-caps-simdna	measured	pinned	3	ratio_vs_best	7.407972	4	1.0000	0	0		
rank	sfx-256	(set)	large-subject-throughput	plain	same program	libpcre2_10.46_jit-caps-simdna	measured	pinned	4	median_ns	246466244.500000	4	1.0000	0	0		
rank	sfx-256	(set)	large-subject-throughput	plain	same program	libpcre2_10.46_jit-caps-simdna	measured	pinned	4	min_ns	233936733.500000	4	1.0000	0	0		
rank	sfx-256	(set)	large-subject-throughput	plain	same program	libpcre2_10.46_jit-caps-simdna	measured	pinned	4	max_ns	256779153.000000	4	1.0000	0	0		
rank	sfx-256	(set)	large-subject-throughput	plain	same program	libpcre2_10.46_jit-caps-simdna	measured	pinned	4	stddev_ns	7457110.370883	4	1.0000	0	0		
rank	sfx-256	(set)	large-subject-throughput	plain	same program	libpcre2_10.46_jit-caps-simdna	measured	pinned	4	ratio_vs_baseline	109.187389	4	1.0000	0	0		
rank	sfx-256	(set)	large-subject-throughput	plain	same program	libpcre2_10.46_jit-caps-simdna	measured	pinned	4	ratio_vs_best	109.187389	4	1.0000	0	0		
baseline	sfx-256	(set)	match-compliance			pcrec_c4c70f2c_vm-caps-simdna				baseline_identity	row-best-fallback					pcrec_c4c70f2c_vm-caps-simdna (row-best fallback -- interp absent from this group)	
rank	sfx-256	(set)	match-compliance	whole-subject	separate artifact	pcrec_c4c70f2c_vm-caps-simdna	measured	pinned	1	median_ns	371.408283	40	1.0000	0	0		
rank	sfx-256	(set)	match-compliance	whole-subject	separate artifact	pcrec_c4c70f2c_vm-caps-simdna	measured	pinned	1	min_ns	370.249524	40	1.0000	0	0		
rank	sfx-256	(set)	match-compliance	whole-subject	separate artifact	pcrec_c4c70f2c_vm-caps-simdna	measured	pinned	1	max_ns	374.804074	40	1.0000	0	0		
rank	sfx-256	(set)	match-compliance	whole-subject	separate artifact	pcrec_c4c70f2c_vm-caps-simdna	measured	pinned	1	stddev_ns	1.579595	40	1.0000	0	0		
rank	sfx-256	(set)	match-compliance	whole-subject	separate artifact	pcrec_c4c70f2c_vm-caps-simdna	measured	pinned	1	ratio_vs_baseline	1.000000	40	1.0000	0	0		
rank	sfx-256	(set)	match-compliance	whole-subject	separate artifact	pcrec_c4c70f2c_vm-caps-simdna	measured	pinned	1	ratio_vs_best	1.000000	40	1.0000	0	0		
rank	sfx-256	(set)	match-compliance	whole-subject	separate artifact	pcrec_c4c70f2c_auto-caps-simdna	measured	pinned	2	median_ns	470.831681	40	1.0000	0	0		
rank	sfx-256	(set)	match-compliance	whole-subject	separate artifact	pcrec_c4c70f2c_auto-caps-simdna	measured	pinned	2	min_ns	463.021168	40	1.0000	0	0		
rank	sfx-256	(set)	match-compliance	whole-subject	separate artifact	pcrec_c4c70f2c_auto-caps-simdna	measured	pinned	2	max_ns	481.515176	40	1.0000	0	0		
rank	sfx-256	(set)	match-compliance	whole-subject	separate artifact	pcrec_c4c70f2c_auto-caps-simdna	measured	pinned	2	stddev_ns	7.591157	40	1.0000	0	0		
rank	sfx-256	(set)	match-compliance	whole-subject	separate artifact	pcrec_c4c70f2c_auto-caps-simdna	measured	pinned	2	ratio_vs_baseline	1.267693	40	1.0000	0	0		
rank	sfx-256	(set)	match-compliance	whole-subject	separate artifact	pcrec_c4c70f2c_auto-caps-simdna	measured	pinned	2	ratio_vs_best	1.267693	40	1.0000	0	0		
rank	sfx-256	(set)	match-compliance	whole-subject	separate artifact	rust_1.13.1_default-caps-simdna	measured	pinned	3	median_ns	545.241049	40	1.0000	0	0		
rank	sfx-256	(set)	match-compliance	whole-subject	separate artifact	rust_1.13.1_default-caps-simdna	measured	pinned	3	min_ns	544.264333	40	1.0000	0	0		
rank	sfx-256	(set)	match-compliance	whole-subject	separate artifact	rust_1.13.1_default-caps-simdna	measured	pinned	3	max_ns	586.617816	40	1.0000	0	0		
rank	sfx-256	(set)	match-compliance	whole-subject	separate artifact	rust_1.13.1_default-caps-simdna	measured	pinned	3	stddev_ns	20.222804	40	1.0000	0	0		
rank	sfx-256	(set)	match-compliance	whole-subject	separate artifact	rust_1.13.1_default-caps-simdna	measured	pinned	3	ratio_vs_baseline	1.468037	40	1.0000	0	0		
rank	sfx-256	(set)	match-compliance	whole-subject	separate artifact	rust_1.13.1_default-caps-simdna	measured	pinned	3	ratio_vs_best	1.468037	40	1.0000	0	0		
rank	sfx-256	(set)	match-compliance	plain	same program	libpcre2_10.46_jit-caps-simdna	measured	pinned	4	median_ns	8487.799743	40	1.0000	0	0		
rank	sfx-256	(set)	match-compliance	plain	same program	libpcre2_10.46_jit-caps-simdna	measured	pinned	4	min_ns	8419.274498	40	1.0000	0	0		
rank	sfx-256	(set)	match-compliance	plain	same program	libpcre2_10.46_jit-caps-simdna	measured	pinned	4	max_ns	8514.139965	40	1.0000	0	0		
rank	sfx-256	(set)	match-compliance	plain	same program	libpcre2_10.46_jit-caps-simdna	measured	pinned	4	stddev_ns	31.987806	40	1.0000	0	0		
rank	sfx-256	(set)	match-compliance	plain	same program	libpcre2_10.46_jit-caps-simdna	measured	pinned	4	ratio_vs_baseline	22.853017	40	1.0000	0	0		
rank	sfx-256	(set)	match-compliance	plain	same program	libpcre2_10.46_jit-caps-simdna	measured	pinned	4	ratio_vs_best	22.853017	40	1.0000	0	0		
baseline	sfx-256	(set)	short-subject-search			pcrec_c4c70f2c_auto-caps-simdna				baseline_identity	row-best-fallback					pcrec_c4c70f2c_auto-caps-simdna (row-best fallback -- interp absent from this group)	
rank	sfx-256	(set)	short-subject-search	plain	same program	pcrec_c4c70f2c_auto-caps-simdna	measured	pinned	1	median_ns	1191.525377	40	1.0000	0	0		
rank	sfx-256	(set)	short-subject-search	plain	same program	pcrec_c4c70f2c_auto-caps-simdna	measured	pinned	1	min_ns	1188.421842	40	1.0000	0	0		
rank	sfx-256	(set)	short-subject-search	plain	same program	pcrec_c4c70f2c_auto-caps-simdna	measured	pinned	1	max_ns	1195.009831	40	1.0000	0	0		
rank	sfx-256	(set)	short-subject-search	plain	same program	pcrec_c4c70f2c_auto-caps-simdna	measured	pinned	1	stddev_ns	2.092161	40	1.0000	0	0		
rank	sfx-256	(set)	short-subject-search	plain	same program	pcrec_c4c70f2c_auto-caps-simdna	measured	pinned	1	ratio_vs_baseline	1.000000	40	1.0000	0	0		
rank	sfx-256	(set)	short-subject-search	plain	same program	pcrec_c4c70f2c_auto-caps-simdna	measured	pinned	1	ratio_vs_best	1.000000	40	1.0000	0	0		
rank	sfx-256	(set)	short-subject-search	plain	same program	pcrec_c4c70f2c_vm-caps-simdna	measured	pinned	2	median_ns	2144.256905	40	1.0000	0	0		
rank	sfx-256	(set)	short-subject-search	plain	same program	pcrec_c4c70f2c_vm-caps-simdna	measured	pinned	2	min_ns	2142.581082	40	1.0000	0	0		
rank	sfx-256	(set)	short-subject-search	plain	same program	pcrec_c4c70f2c_vm-caps-simdna	measured	pinned	2	max_ns	2148.302085	40	1.0000	0	0		
rank	sfx-256	(set)	short-subject-search	plain	same program	pcrec_c4c70f2c_vm-caps-simdna	measured	pinned	2	stddev_ns	2.193516	40	1.0000	0	0		
rank	sfx-256	(set)	short-subject-search	plain	same program	pcrec_c4c70f2c_vm-caps-simdna	measured	pinned	2	ratio_vs_baseline	1.799590	40	1.0000	0	0		
rank	sfx-256	(set)	short-subject-search	plain	same program	pcrec_c4c70f2c_vm-caps-simdna	measured	pinned	2	ratio_vs_best	1.799590	40	1.0000	0	0		
rank	sfx-256	(set)	short-subject-search	plain	same program	rust_1.13.1_default-caps-simdna	measured	pinned	3	median_ns	10286.048696	40	1.0000	0	0		
rank	sfx-256	(set)	short-subject-search	plain	same program	rust_1.13.1_default-caps-simdna	measured	pinned	3	min_ns	10274.379197	40	1.0000	0	0		
rank	sfx-256	(set)	short-subject-search	plain	same program	rust_1.13.1_default-caps-simdna	measured	pinned	3	max_ns	10296.239957	40	1.0000	0	0		
rank	sfx-256	(set)	short-subject-search	plain	same program	rust_1.13.1_default-caps-simdna	measured	pinned	3	stddev_ns	7.854045	40	1.0000	0	0		
rank	sfx-256	(set)	short-subject-search	plain	same program	rust_1.13.1_default-caps-simdna	measured	pinned	3	ratio_vs_baseline	8.632673	40	1.0000	0	0		
rank	sfx-256	(set)	short-subject-search	plain	same program	rust_1.13.1_default-caps-simdna	measured	pinned	3	ratio_vs_best	8.632673	40	1.0000	0	0		
rank	sfx-256	(set)	short-subject-search	plain	same program	libpcre2_10.46_jit-caps-simdna	measured	pinned	4	median_ns	1049806.400545	40	1.0000	0	0		
rank	sfx-256	(set)	short-subject-search	plain	same program	libpcre2_10.46_jit-caps-simdna	measured	pinned	4	min_ns	973117.650136	40	1.0000	0	0		
rank	sfx-256	(set)	short-subject-search	plain	same program	libpcre2_10.46_jit-caps-simdna	measured	pinned	4	max_ns	1075714.823978	40	1.0000	0	0		
rank	sfx-256	(set)	short-subject-search	plain	same program	libpcre2_10.46_jit-caps-simdna	measured	pinned	4	stddev_ns	43445.178833	40	1.0000	0	0		
rank	sfx-256	(set)	short-subject-search	plain	same program	libpcre2_10.46_jit-caps-simdna	measured	pinned	4	ratio_vs_baseline	881.060883	40	1.0000	0	0		
rank	sfx-256	(set)	short-subject-search	plain	same program	libpcre2_10.46_jit-caps-simdna	measured	pinned	4	ratio_vs_best	881.060883	40	1.0000	0	0		
baseline	sfx-512	(set)	large-subject-throughput			pcrec_c4c70f2c_auto-caps-simdna				baseline_identity	row-best-fallback					pcrec_c4c70f2c_auto-caps-simdna (row-best fallback -- interp absent from this group)	
rank	sfx-512	(set)	large-subject-throughput	plain	same program	pcrec_c4c70f2c_auto-caps-simdna	measured	pinned	1	median_ns	3245055.257732	4	1.0000	0	0		
rank	sfx-512	(set)	large-subject-throughput	plain	same program	pcrec_c4c70f2c_auto-caps-simdna	measured	pinned	1	min_ns	3240749.649485	4	1.0000	0	0		
rank	sfx-512	(set)	large-subject-throughput	plain	same program	pcrec_c4c70f2c_auto-caps-simdna	measured	pinned	1	max_ns	3253037.865979	4	1.0000	0	0		
rank	sfx-512	(set)	large-subject-throughput	plain	same program	pcrec_c4c70f2c_auto-caps-simdna	measured	pinned	1	stddev_ns	4450.161500	4	1.0000	0	0		
rank	sfx-512	(set)	large-subject-throughput	plain	same program	pcrec_c4c70f2c_auto-caps-simdna	measured	pinned	1	ratio_vs_baseline	1.000000	4	1.0000	0	0		
rank	sfx-512	(set)	large-subject-throughput	plain	same program	pcrec_c4c70f2c_auto-caps-simdna	measured	pinned	1	ratio_vs_best	1.000000	4	1.0000	0	0		
rank	sfx-512	(set)	large-subject-throughput	plain	same program	rust_1.13.1_default-caps-simdna	measured	pinned	2	median_ns	3610007.333333	4	1.0000	0	0		
rank	sfx-512	(set)	large-subject-throughput	plain	same program	rust_1.13.1_default-caps-simdna	measured	pinned	2	min_ns	3597608.000000	4	1.0000	0	0		
rank	sfx-512	(set)	large-subject-throughput	plain	same program	rust_1.13.1_default-caps-simdna	measured	pinned	2	max_ns	3624180.666667	4	1.0000	0	0		
rank	sfx-512	(set)	large-subject-throughput	plain	same program	rust_1.13.1_default-caps-simdna	measured	pinned	2	stddev_ns	9010.618483	4	1.0000	0	0		
rank	sfx-512	(set)	large-subject-throughput	plain	same program	rust_1.13.1_default-caps-simdna	measured	pinned	2	ratio_vs_baseline	1.112464	4	1.0000	0	0		
rank	sfx-512	(set)	large-subject-throughput	plain	same program	rust_1.13.1_default-caps-simdna	measured	pinned	2	ratio_vs_best	1.112464	4	1.0000	0	0		
rank	sfx-512	(set)	large-subject-throughput	plain	same program	pcrec_c4c70f2c_vm-caps-simdna	measured	pinned	3	median_ns	16589122.238095	4	1.0000	0	0		
rank	sfx-512	(set)	large-subject-throughput	plain	same program	pcrec_c4c70f2c_vm-caps-simdna	measured	pinned	3	min_ns	16550301.047619	4	1.0000	0	0		
rank	sfx-512	(set)	large-subject-throughput	plain	same program	pcrec_c4c70f2c_vm-caps-simdna	measured	pinned	3	max_ns	16641122.523810	4	1.0000	0	0		
rank	sfx-512	(set)	large-subject-throughput	plain	same program	pcrec_c4c70f2c_vm-caps-simdna	measured	pinned	3	stddev_ns	29372.328041	4	1.0000	0	0		
rank	sfx-512	(set)	large-subject-throughput	plain	same program	pcrec_c4c70f2c_vm-caps-simdna	measured	pinned	3	ratio_vs_baseline	5.112123	4	1.0000	0	0		
rank	sfx-512	(set)	large-subject-throughput	plain	same program	pcrec_c4c70f2c_vm-caps-simdna	measured	pinned	3	ratio_vs_best	5.112123	4	1.0000	0	0		
rank	sfx-512	(set)	large-subject-throughput	plain	same program	libpcre2_10.46_jit-caps-simdna	measured	pinned	4	median_ns	586199668.000000	4	1.0000	0	0		
rank	sfx-512	(set)	large-subject-throughput	plain	same program	libpcre2_10.46_jit-caps-simdna	measured	pinned	4	min_ns	585990868.000000	4	1.0000	0	0		
rank	sfx-512	(set)	large-subject-throughput	plain	same program	libpcre2_10.46_jit-caps-simdna	measured	pinned	4	max_ns	588403330.000000	4	1.0000	0	0		
rank	sfx-512	(set)	large-subject-throughput	plain	same program	libpcre2_10.46_jit-caps-simdna	measured	pinned	4	stddev_ns	898055.936788	4	1.0000	0	0		
rank	sfx-512	(set)	large-subject-throughput	plain	same program	libpcre2_10.46_jit-caps-simdna	measured	pinned	4	ratio_vs_baseline	180.643971	4	1.0000	0	0		
rank	sfx-512	(set)	large-subject-throughput	plain	same program	libpcre2_10.46_jit-caps-simdna	measured	pinned	4	ratio_vs_best	180.643971	4	1.0000	0	0		
baseline	sfx-512	(set)	match-compliance			pcrec_c4c70f2c_vm-caps-simdna				baseline_identity	row-best-fallback					pcrec_c4c70f2c_vm-caps-simdna (row-best fallback -- interp absent from this group)	
rank	sfx-512	(set)	match-compliance	whole-subject	separate artifact	pcrec_c4c70f2c_vm-caps-simdna	measured	pinned	1	median_ns	363.401540	40	1.0000	0	0		
rank	sfx-512	(set)	match-compliance	whole-subject	separate artifact	pcrec_c4c70f2c_vm-caps-simdna	measured	pinned	1	min_ns	361.940256	40	1.0000	0	0		
rank	sfx-512	(set)	match-compliance	whole-subject	separate artifact	pcrec_c4c70f2c_vm-caps-simdna	measured	pinned	1	max_ns	364.050327	40	1.0000	0	0		
rank	sfx-512	(set)	match-compliance	whole-subject	separate artifact	pcrec_c4c70f2c_vm-caps-simdna	measured	pinned	1	stddev_ns	0.703533	40	1.0000	0	0		
rank	sfx-512	(set)	match-compliance	whole-subject	separate artifact	pcrec_c4c70f2c_vm-caps-simdna	measured	pinned	1	ratio_vs_baseline	1.000000	40	1.0000	0	0		
rank	sfx-512	(set)	match-compliance	whole-subject	separate artifact	pcrec_c4c70f2c_vm-caps-simdna	measured	pinned	1	ratio_vs_best	1.000000	40	1.0000	0	0		
rank	sfx-512	(set)	match-compliance	whole-subject	separate artifact	rust_1.13.1_default-caps-simdna	measured	pinned	2	median_ns	544.562564	40	1.0000	0	0		
rank	sfx-512	(set)	match-compliance	whole-subject	separate artifact	rust_1.13.1_default-caps-simdna	measured	pinned	2	min_ns	544.235555	40	1.0000	0	0		
rank	sfx-512	(set)	match-compliance	whole-subject	separate artifact	rust_1.13.1_default-caps-simdna	measured	pinned	2	max_ns	547.901311	40	1.0000	0	0		
rank	sfx-512	(set)	match-compliance	whole-subject	separate artifact	rust_1.13.1_default-caps-simdna	measured	pinned	2	stddev_ns	1.366286	40	1.0000	0	0		
rank	sfx-512	(set)	match-compliance	whole-subject	separate artifact	rust_1.13.1_default-caps-simdna	measured	pinned	2	ratio_vs_baseline	1.498515	40	1.0000	0	0		
rank	sfx-512	(set)	match-compliance	whole-subject	separate artifact	rust_1.13.1_default-caps-simdna	measured	pinned	2	ratio_vs_best	1.498515	40	1.0000	0	0		
rank	sfx-512	(set)	match-compliance	whole-subject	separate artifact	pcrec_c4c70f2c_auto-caps-simdna	measured	pinned	3	median_ns	605.763056	40	1.0000	0	0		
rank	sfx-512	(set)	match-compliance	whole-subject	separate artifact	pcrec_c4c70f2c_auto-caps-simdna	measured	pinned	3	min_ns	601.760025	40	1.0000	0	0		
rank	sfx-512	(set)	match-compliance	whole-subject	separate artifact	pcrec_c4c70f2c_auto-caps-simdna	measured	pinned	3	max_ns	652.503793	40	1.0000	0	0		
rank	sfx-512	(set)	match-compliance	whole-subject	separate artifact	pcrec_c4c70f2c_auto-caps-simdna	measured	pinned	3	stddev_ns	19.296129	40	1.0000	0	0		
rank	sfx-512	(set)	match-compliance	whole-subject	separate artifact	pcrec_c4c70f2c_auto-caps-simdna	measured	pinned	3	ratio_vs_baseline	1.666925	40	1.0000	0	0		
rank	sfx-512	(set)	match-compliance	whole-subject	separate artifact	pcrec_c4c70f2c_auto-caps-simdna	measured	pinned	3	ratio_vs_best	1.666925	40	1.0000	0	0		
rank	sfx-512	(set)	match-compliance	plain	same program	libpcre2_10.46_jit-caps-simdna	measured	pinned	4	median_ns	15476.176537	40	1.0000	0	0		
rank	sfx-512	(set)	match-compliance	plain	same program	libpcre2_10.46_jit-caps-simdna	measured	pinned	4	min_ns	15456.492954	40	1.0000	0	0		
rank	sfx-512	(set)	match-compliance	plain	same program	libpcre2_10.46_jit-caps-simdna	measured	pinned	4	max_ns	15664.103012	40	1.0000	0	0		
rank	sfx-512	(set)	match-compliance	plain	same program	libpcre2_10.46_jit-caps-simdna	measured	pinned	4	stddev_ns	77.916787	40	1.0000	0	0		
rank	sfx-512	(set)	match-compliance	plain	same program	libpcre2_10.46_jit-caps-simdna	measured	pinned	4	ratio_vs_baseline	42.586987	40	1.0000	0	0		
rank	sfx-512	(set)	match-compliance	plain	same program	libpcre2_10.46_jit-caps-simdna	measured	pinned	4	ratio_vs_best	42.586987	40	1.0000	0	0		
baseline	sfx-512	(set)	short-subject-search			pcrec_c4c70f2c_auto-caps-simdna				baseline_identity	row-best-fallback					pcrec_c4c70f2c_auto-caps-simdna (row-best fallback -- interp absent from this group)	
rank	sfx-512	(set)	short-subject-search	plain	same program	pcrec_c4c70f2c_auto-caps-simdna	measured	pinned	1	median_ns	1188.752567	40	1.0000	0	0		
rank	sfx-512	(set)	short-subject-search	plain	same program	pcrec_c4c70f2c_auto-caps-simdna	measured	pinned	1	min_ns	1186.526305	40	1.0000	0	0		
rank	sfx-512	(set)	short-subject-search	plain	same program	pcrec_c4c70f2c_auto-caps-simdna	measured	pinned	1	max_ns	1190.963633	40	1.0000	0	0		
rank	sfx-512	(set)	short-subject-search	plain	same program	pcrec_c4c70f2c_auto-caps-simdna	measured	pinned	1	stddev_ns	1.569324	40	1.0000	0	0		
rank	sfx-512	(set)	short-subject-search	plain	same program	pcrec_c4c70f2c_auto-caps-simdna	measured	pinned	1	ratio_vs_baseline	1.000000	40	1.0000	0	0		
rank	sfx-512	(set)	short-subject-search	plain	same program	pcrec_c4c70f2c_auto-caps-simdna	measured	pinned	1	ratio_vs_best	1.000000	40	1.0000	0	0		
rank	sfx-512	(set)	short-subject-search	plain	same program	pcrec_c4c70f2c_vm-caps-simdna	measured	pinned	2	median_ns	1956.288996	40	1.0000	0	0		
rank	sfx-512	(set)	short-subject-search	plain	same program	pcrec_c4c70f2c_vm-caps-simdna	measured	pinned	2	min_ns	1946.607994	40	1.0000	0	0		
rank	sfx-512	(set)	short-subject-search	plain	same program	pcrec_c4c70f2c_vm-caps-simdna	measured	pinned	2	max_ns	1957.900119	40	1.0000	0	0		
rank	sfx-512	(set)	short-subject-search	plain	same program	pcrec_c4c70f2c_vm-caps-simdna	measured	pinned	2	stddev_ns	4.010741	40	1.0000	0	0		
rank	sfx-512	(set)	short-subject-search	plain	same program	pcrec_c4c70f2c_vm-caps-simdna	measured	pinned	2	ratio_vs_baseline	1.645665	40	1.0000	0	0		
rank	sfx-512	(set)	short-subject-search	plain	same program	pcrec_c4c70f2c_vm-caps-simdna	measured	pinned	2	ratio_vs_best	1.645665	40	1.0000	0	0		
rank	sfx-512	(set)	short-subject-search	plain	same program	rust_1.13.1_default-caps-simdna	measured	pinned	3	median_ns	10286.143026	40	1.0000	0	0		
rank	sfx-512	(set)	short-subject-search	plain	same program	rust_1.13.1_default-caps-simdna	measured	pinned	3	min_ns	10280.590956	40	1.0000	0	0		
rank	sfx-512	(set)	short-subject-search	plain	same program	rust_1.13.1_default-caps-simdna	measured	pinned	3	max_ns	10401.186411	40	1.0000	0	0		
rank	sfx-512	(set)	short-subject-search	plain	same program	rust_1.13.1_default-caps-simdna	measured	pinned	3	stddev_ns	46.029596	40	1.0000	0	0		
rank	sfx-512	(set)	short-subject-search	plain	same program	rust_1.13.1_default-caps-simdna	measured	pinned	3	ratio_vs_baseline	8.652888	40	1.0000	0	0		
rank	sfx-512	(set)	short-subject-search	plain	same program	rust_1.13.1_default-caps-simdna	measured	pinned	3	ratio_vs_best	8.652888	40	1.0000	0	0		
rank	sfx-512	(set)	short-subject-search	plain	same program	libpcre2_10.46_jit-caps-simdna	measured	pinned	4	median_ns	2485059.774933	40	1.0000	0	0		
rank	sfx-512	(set)	short-subject-search	plain	same program	libpcre2_10.46_jit-caps-simdna	measured	pinned	4	min_ns	2471609.354447	40	1.0000	0	0		
rank	sfx-512	(set)	short-subject-search	plain	same program	libpcre2_10.46_jit-caps-simdna	measured	pinned	4	max_ns	2502231.874663	40	1.0000	0	0		
rank	sfx-512	(set)	short-subject-search	plain	same program	libpcre2_10.46_jit-caps-simdna	measured	pinned	4	stddev_ns	11217.849267	40	1.0000	0	0		
rank	sfx-512	(set)	short-subject-search	plain	same program	libpcre2_10.46_jit-caps-simdna	measured	pinned	4	ratio_vs_baseline	2090.476895	40	1.0000	0	0		
rank	sfx-512	(set)	short-subject-search	plain	same program	libpcre2_10.46_jit-caps-simdna	measured	pinned	4	ratio_vs_best	2090.476895	40	1.0000	0	0		
baseline	sfx-64	(set)	large-subject-throughput			rust_1.13.1_default-caps-simdna				baseline_identity	row-best-fallback					rust_1.13.1_default-caps-simdna (row-best fallback -- interp absent from this group)	
rank	sfx-64	(set)	large-subject-throughput	plain	same program	rust_1.13.1_default-caps-simdna	measured	pinned	1	median_ns	849092.641732	4	1.0000	0	0		
rank	sfx-64	(set)	large-subject-throughput	plain	same program	rust_1.13.1_default-caps-simdna	measured	pinned	1	min_ns	848822.488189	4	1.0000	0	0		
rank	sfx-64	(set)	large-subject-throughput	plain	same program	rust_1.13.1_default-caps-simdna	measured	pinned	1	max_ns	850538.161417	4	1.0000	0	0		
rank	sfx-64	(set)	large-subject-throughput	plain	same program	rust_1.13.1_default-caps-simdna	measured	pinned	1	stddev_ns	642.934535	4	1.0000	0	0		
rank	sfx-64	(set)	large-subject-throughput	plain	same program	rust_1.13.1_default-caps-simdna	measured	pinned	1	ratio_vs_baseline	1.000000	4	1.0000	0	0		
rank	sfx-64	(set)	large-subject-throughput	plain	same program	rust_1.13.1_default-caps-simdna	measured	pinned	1	ratio_vs_best	1.000000	4	1.0000	0	0		
rank	sfx-64	(set)	large-subject-throughput	plain	same program	pcrec_c4c70f2c_auto-caps-simdna	measured	pinned	2	median_ns	3220787.247619	4	1.0000	0	0		
rank	sfx-64	(set)	large-subject-throughput	plain	same program	pcrec_c4c70f2c_auto-caps-simdna	measured	pinned	2	min_ns	3212849.485714	4	1.0000	0	0		
rank	sfx-64	(set)	large-subject-throughput	plain	same program	pcrec_c4c70f2c_auto-caps-simdna	measured	pinned	2	max_ns	3228705.123810	4	1.0000	0	0		
rank	sfx-64	(set)	large-subject-throughput	plain	same program	pcrec_c4c70f2c_auto-caps-simdna	measured	pinned	2	stddev_ns	5381.745496	4	1.0000	0	0		
rank	sfx-64	(set)	large-subject-throughput	plain	same program	pcrec_c4c70f2c_auto-caps-simdna	measured	pinned	2	ratio_vs_baseline	3.793211	4	1.0000	0	0		
rank	sfx-64	(set)	large-subject-throughput	plain	same program	pcrec_c4c70f2c_auto-caps-simdna	measured	pinned	2	ratio_vs_best	3.793211	4	1.0000	0	0		
rank	sfx-64	(set)	large-subject-throughput	plain	same program	pcrec_c4c70f2c_vm-caps-simdna	measured	pinned	3	median_ns	13421250.840000	4	1.0000	0	0		
rank	sfx-64	(set)	large-subject-throughput	plain	same program	pcrec_c4c70f2c_vm-caps-simdna	measured	pinned	3	min_ns	13408296.720000	4	1.0000	0	0		
rank	sfx-64	(set)	large-subject-throughput	plain	same program	pcrec_c4c70f2c_vm-caps-simdna	measured	pinned	3	max_ns	13435128.080000	4	1.0000	0	0		
rank	sfx-64	(set)	large-subject-throughput	plain	same program	pcrec_c4c70f2c_vm-caps-simdna	measured	pinned	3	stddev_ns	9941.269735	4	1.0000	0	0		
rank	sfx-64	(set)	large-subject-throughput	plain	same program	pcrec_c4c70f2c_vm-caps-simdna	measured	pinned	3	ratio_vs_baseline	15.806580	4	1.0000	0	0		
rank	sfx-64	(set)	large-subject-throughput	plain	same program	pcrec_c4c70f2c_vm-caps-simdna	measured	pinned	3	ratio_vs_best	15.806580	4	1.0000	0	0		
rank	sfx-64	(set)	large-subject-throughput	plain	same program	libpcre2_10.46_jit-caps-simdna	measured	pinned	4	median_ns	33808827.727273	4	1.0000	0	0		
rank	sfx-64	(set)	large-subject-throughput	plain	same program	libpcre2_10.46_jit-caps-simdna	measured	pinned	4	min_ns	33778387.272727	4	1.0000	0	0		
rank	sfx-64	(set)	large-subject-throughput	plain	same program	libpcre2_10.46_jit-caps-simdna	measured	pinned	4	max_ns	33983879.454545	4	1.0000	0	0		
rank	sfx-64	(set)	large-subject-throughput	plain	same program	libpcre2_10.46_jit-caps-simdna	measured	pinned	4	stddev_ns	81952.433291	4	1.0000	0	0		
rank	sfx-64	(set)	large-subject-throughput	plain	same program	libpcre2_10.46_jit-caps-simdna	measured	pinned	4	ratio_vs_baseline	39.817596	4	1.0000	0	0		
rank	sfx-64	(set)	large-subject-throughput	plain	same program	libpcre2_10.46_jit-caps-simdna	measured	pinned	4	ratio_vs_best	39.817596	4	1.0000	0	0		
baseline	sfx-64	(set)	match-compliance			pcrec_c4c70f2c_vm-caps-simdna				baseline_identity	row-best-fallback					pcrec_c4c70f2c_vm-caps-simdna (row-best fallback -- interp absent from this group)	
rank	sfx-64	(set)	match-compliance	whole-subject	separate artifact	pcrec_c4c70f2c_vm-caps-simdna	measured	pinned	1	median_ns	358.157315	40	1.0000	0	0		
rank	sfx-64	(set)	match-compliance	whole-subject	separate artifact	pcrec_c4c70f2c_vm-caps-simdna	measured	pinned	1	min_ns	357.901562	40	1.0000	0	0		
rank	sfx-64	(set)	match-compliance	whole-subject	separate artifact	pcrec_c4c70f2c_vm-caps-simdna	measured	pinned	1	max_ns	358.428203	40	1.0000	0	0		
rank	sfx-64	(set)	match-compliance	whole-subject	separate artifact	pcrec_c4c70f2c_vm-caps-simdna	measured	pinned	1	stddev_ns	0.218820	40	1.0000	0	0		
rank	sfx-64	(set)	match-compliance	whole-subject	separate artifact	pcrec_c4c70f2c_vm-caps-simdna	measured	pinned	1	ratio_vs_baseline	1.000000	40	1.0000	0	0		
rank	sfx-64	(set)	match-compliance	whole-subject	separate artifact	pcrec_c4c70f2c_vm-caps-simdna	measured	pinned	1	ratio_vs_best	1.000000	40	1.0000	0	0		
rank	sfx-64	(set)	match-compliance	whole-subject	separate artifact	pcrec_c4c70f2c_auto-caps-simdna	measured	pinned	2	median_ns	462.110444	40	1.0000	0	0		
rank	sfx-64	(set)	match-compliance	whole-subject	separate artifact	pcrec_c4c70f2c_auto-caps-simdna	measured	pinned	2	min_ns	460.672280	40	1.0000	0	0		
rank	sfx-64	(set)	match-compliance	whole-subject	separate artifact	pcrec_c4c70f2c_auto-caps-simdna	measured	pinned	2	max_ns	473.478054	40	1.0000	0	0		
rank	sfx-64	(set)	match-compliance	whole-subject	separate artifact	pcrec_c4c70f2c_auto-caps-simdna	measured	pinned	2	stddev_ns	4.847055	40	1.0000	0	0		
rank	sfx-64	(set)	match-compliance	whole-subject	separate artifact	pcrec_c4c70f2c_auto-caps-simdna	measured	pinned	2	ratio_vs_baseline	1.290244	40	1.0000	0	0		
rank	sfx-64	(set)	match-compliance	whole-subject	separate artifact	pcrec_c4c70f2c_auto-caps-simdna	measured	pinned	2	ratio_vs_best	1.290244	40	1.0000	0	0		
rank	sfx-64	(set)	match-compliance	whole-subject	separate artifact	rust_1.13.1_default-caps-simdna	measured	pinned	3	median_ns	542.882753	40	1.0000	0	0		
rank	sfx-64	(set)	match-compliance	whole-subject	separate artifact	rust_1.13.1_default-caps-simdna	measured	pinned	3	min_ns	542.829561	40	1.0000	0	0		
rank	sfx-64	(set)	match-compliance	whole-subject	separate artifact	rust_1.13.1_default-caps-simdna	measured	pinned	3	max_ns	548.158425	40	1.0000	0	0		
rank	sfx-64	(set)	match-compliance	whole-subject	separate artifact	rust_1.13.1_default-caps-simdna	measured	pinned	3	stddev_ns	2.424526	40	1.0000	0	0		
rank	sfx-64	(set)	match-compliance	whole-subject	separate artifact	rust_1.13.1_default-caps-simdna	measured	pinned	3	ratio_vs_baseline	1.515766	40	1.0000	0	0		
rank	sfx-64	(set)	match-compliance	whole-subject	separate artifact	rust_1.13.1_default-caps-simdna	measured	pinned	3	ratio_vs_best	1.515766	40	1.0000	0	0		
rank	sfx-64	(set)	match-compliance	plain	same program	libpcre2_10.46_jit-caps-simdna	measured	pinned	4	median_ns	2442.977727	40	1.0000	0	0		
rank	sfx-64	(set)	match-compliance	plain	same program	libpcre2_10.46_jit-caps-simdna	measured	pinned	4	min_ns	2382.645164	40	1.0000	0	0		
rank	sfx-64	(set)	match-compliance	plain	same program	libpcre2_10.46_jit-caps-simdna	measured	pinned	4	max_ns	2484.635483	40	1.0000	0	0		
rank	sfx-64	(set)	match-compliance	plain	same program	libpcre2_10.46_jit-caps-simdna	measured	pinned	4	stddev_ns	36.482048	40	1.0000	0	0		
rank	sfx-64	(set)	match-compliance	plain	same program	libpcre2_10.46_jit-caps-simdna	measured	pinned	4	ratio_vs_baseline	6.820963	40	1.0000	0	0		
rank	sfx-64	(set)	match-compliance	plain	same program	libpcre2_10.46_jit-caps-simdna	measured	pinned	4	ratio_vs_best	6.820963	40	1.0000	0	0		
baseline	sfx-64	(set)	short-subject-search			pcrec_c4c70f2c_auto-caps-simdna				baseline_identity	row-best-fallback					pcrec_c4c70f2c_auto-caps-simdna (row-best fallback -- interp absent from this group)	
rank	sfx-64	(set)	short-subject-search	plain	same program	pcrec_c4c70f2c_auto-caps-simdna	measured	pinned	1	median_ns	1188.020076	40	1.0000	0	0		
rank	sfx-64	(set)	short-subject-search	plain	same program	pcrec_c4c70f2c_auto-caps-simdna	measured	pinned	1	min_ns	1184.468679	40	1.0000	0	0		
rank	sfx-64	(set)	short-subject-search	plain	same program	pcrec_c4c70f2c_auto-caps-simdna	measured	pinned	1	max_ns	1191.470876	40	1.0000	0	0		
rank	sfx-64	(set)	short-subject-search	plain	same program	pcrec_c4c70f2c_auto-caps-simdna	measured	pinned	1	stddev_ns	2.699625	40	1.0000	0	0		
rank	sfx-64	(set)	short-subject-search	plain	same program	pcrec_c4c70f2c_auto-caps-simdna	measured	pinned	1	ratio_vs_baseline	1.000000	40	1.0000	0	0		
rank	sfx-64	(set)	short-subject-search	plain	same program	pcrec_c4c70f2c_auto-caps-simdna	measured	pinned	1	ratio_vs_best	1.000000	40	1.0000	0	0		
rank	sfx-64	(set)	short-subject-search	plain	same program	pcrec_c4c70f2c_vm-caps-simdna	measured	pinned	2	median_ns	2208.043205	40	1.0000	0	0		
rank	sfx-64	(set)	short-subject-search	plain	same program	pcrec_c4c70f2c_vm-caps-simdna	measured	pinned	2	min_ns	2201.896516	40	1.0000	0	0		
rank	sfx-64	(set)	short-subject-search	plain	same program	pcrec_c4c70f2c_vm-caps-simdna	measured	pinned	2	max_ns	2222.718146	40	1.0000	0	0		
rank	sfx-64	(set)	short-subject-search	plain	same program	pcrec_c4c70f2c_vm-caps-simdna	measured	pinned	2	stddev_ns	6.961898	40	1.0000	0	0		
rank	sfx-64	(set)	short-subject-search	plain	same program	pcrec_c4c70f2c_vm-caps-simdna	measured	pinned	2	ratio_vs_baseline	1.858591	40	1.0000	0	0		
rank	sfx-64	(set)	short-subject-search	plain	same program	pcrec_c4c70f2c_vm-caps-simdna	measured	pinned	2	ratio_vs_best	1.858591	40	1.0000	0	0		
rank	sfx-64	(set)	short-subject-search	plain	same program	rust_1.13.1_default-caps-simdna	measured	pinned	3	median_ns	5771.084985	40	1.0000	0	0		
rank	sfx-64	(set)	short-subject-search	plain	same program	rust_1.13.1_default-caps-simdna	measured	pinned	3	min_ns	5763.365536	40	1.0000	0	0		
rank	sfx-64	(set)	short-subject-search	plain	same program	rust_1.13.1_default-caps-simdna	measured	pinned	3	max_ns	5907.532970	40	1.0000	0	0		
rank	sfx-64	(set)	short-subject-search	plain	same program	rust_1.13.1_default-caps-simdna	measured	pinned	3	stddev_ns	54.552140	40	1.0000	0	0		
rank	sfx-64	(set)	short-subject-search	plain	same program	rust_1.13.1_default-caps-simdna	measured	pinned	3	ratio_vs_baseline	4.857734	40	1.0000	0	0		
rank	sfx-64	(set)	short-subject-search	plain	same program	rust_1.13.1_default-caps-simdna	measured	pinned	3	ratio_vs_best	4.857734	40	1.0000	0	0		
rank	sfx-64	(set)	short-subject-search	plain	same program	libpcre2_10.46_jit-caps-simdna	measured	pinned	4	median_ns	144422.252053	40	1.0000	0	0		
rank	sfx-64	(set)	short-subject-search	plain	same program	libpcre2_10.46_jit-caps-simdna	measured	pinned	4	min_ns	144271.290890	40	1.0000	0	0		
rank	sfx-64	(set)	short-subject-search	plain	same program	libpcre2_10.46_jit-caps-simdna	measured	pinned	4	max_ns	145046.756642	40	1.0000	0	0		
rank	sfx-64	(set)	short-subject-search	plain	same program	libpcre2_10.46_jit-caps-simdna	measured	pinned	4	stddev_ns	273.263371	40	1.0000	0	0		
rank	sfx-64	(set)	short-subject-search	plain	same program	libpcre2_10.46_jit-caps-simdna	measured	pinned	4	ratio_vs_baseline	121.565498	40	1.0000	0	0		
rank	sfx-64	(set)	short-subject-search	plain	same program	libpcre2_10.46_jit-caps-simdna	measured	pinned	4	ratio_vs_best	121.565498	40	1.0000	0	0		
baseline	sh1-256	(set)	large-subject-throughput			pcrec_c4c70f2c_auto-caps-simdna				baseline_identity	row-best-fallback					pcrec_c4c70f2c_auto-caps-simdna (row-best fallback -- interp absent from this group)	
rank	sh1-256	(set)	large-subject-throughput	plain	same program	pcrec_c4c70f2c_auto-caps-simdna	measured	pinned	1	median_ns	498191.224678	4	1.0000	0	0		
rank	sh1-256	(set)	large-subject-throughput	plain	same program	pcrec_c4c70f2c_auto-caps-simdna	measured	pinned	1	min_ns	497735.182320	4	1.0000	0	0		
rank	sh1-256	(set)	large-subject-throughput	plain	same program	pcrec_c4c70f2c_auto-caps-simdna	measured	pinned	1	max_ns	499022.977901	4	1.0000	0	0		
rank	sh1-256	(set)	large-subject-throughput	plain	same program	pcrec_c4c70f2c_auto-caps-simdna	measured	pinned	1	stddev_ns	494.888315	4	1.0000	0	0		
rank	sh1-256	(set)	large-subject-throughput	plain	same program	pcrec_c4c70f2c_auto-caps-simdna	measured	pinned	1	ratio_vs_baseline	1.000000	4	1.0000	0	0		
rank	sh1-256	(set)	large-subject-throughput	plain	same program	pcrec_c4c70f2c_auto-caps-simdna	measured	pinned	1	ratio_vs_best	1.000000	4	1.0000	0	0		
rank	sh1-256	(set)	large-subject-throughput	plain	same program	rust_1.13.1_default-caps-simdna	measured	pinned	2	median_ns	1676501.171053	4	1.0000	0	0		
rank	sh1-256	(set)	large-subject-throughput	plain	same program	rust_1.13.1_default-caps-simdna	measured	pinned	2	min_ns	1674940.750000	4	1.0000	0	0		
rank	sh1-256	(set)	large-subject-throughput	plain	same program	rust_1.13.1_default-caps-simdna	measured	pinned	2	max_ns	1677232.342105	4	1.0000	0	0		
rank	sh1-256	(set)	large-subject-throughput	plain	same program	rust_1.13.1_default-caps-simdna	measured	pinned	2	stddev_ns	852.515347	4	1.0000	0	0		
rank	sh1-256	(set)	large-subject-throughput	plain	same program	rust_1.13.1_default-caps-simdna	measured	pinned	2	ratio_vs_baseline	3.365176	4	1.0000	0	0		
rank	sh1-256	(set)	large-subject-throughput	plain	same program	rust_1.13.1_default-caps-simdna	measured	pinned	2	ratio_vs_best	3.365176	4	1.0000	0	0		
rank	sh1-256	(set)	large-subject-throughput	plain	same program	pcrec_c4c70f2c_vm-caps-simdna	measured	pinned	3	median_ns	3075903.925926	4	1.0000	0	0		
rank	sh1-256	(set)	large-subject-throughput	plain	same program	pcrec_c4c70f2c_vm-caps-simdna	measured	pinned	3	min_ns	3022850.944444	4	1.0000	0	0		
rank	sh1-256	(set)	large-subject-throughput	plain	same program	pcrec_c4c70f2c_vm-caps-simdna	measured	pinned	3	max_ns	3119477.009259	4	1.0000	0	0		
rank	sh1-256	(set)	large-subject-throughput	plain	same program	pcrec_c4c70f2c_vm-caps-simdna	measured	pinned	3	stddev_ns	34302.394891	4	1.0000	0	0		
rank	sh1-256	(set)	large-subject-throughput	plain	same program	pcrec_c4c70f2c_vm-caps-simdna	measured	pinned	3	ratio_vs_baseline	6.174143	4	1.0000	0	0		
rank	sh1-256	(set)	large-subject-throughput	plain	same program	pcrec_c4c70f2c_vm-caps-simdna	measured	pinned	3	ratio_vs_best	6.174143	4	1.0000	0	0		
rank	sh1-256	(set)	large-subject-throughput	plain	same program	libpcre2_10.46_jit-caps-simdna	measured	pinned	4	median_ns	9410444.575758	4	1.0000	0	0		
rank	sh1-256	(set)	large-subject-throughput	plain	same program	libpcre2_10.46_jit-caps-simdna	measured	pinned	4	min_ns	9180761.575758	4	1.0000	0	0		
rank	sh1-256	(set)	large-subject-throughput	plain	same program	libpcre2_10.46_jit-caps-simdna	measured	pinned	4	max_ns	9959622.909091	4	1.0000	0	0		
rank	sh1-256	(set)	large-subject-throughput	plain	same program	libpcre2_10.46_jit-caps-simdna	measured	pinned	4	stddev_ns	317519.873993	4	1.0000	0	0		
rank	sh1-256	(set)	large-subject-throughput	plain	same program	libpcre2_10.46_jit-caps-simdna	measured	pinned	4	ratio_vs_baseline	18.889222	4	1.0000	0	0		
rank	sh1-256	(set)	large-subject-throughput	plain	same program	libpcre2_10.46_jit-caps-simdna	measured	pinned	4	ratio_vs_best	18.889222	4	1.0000	0	0		
baseline	sh1-256	(set)	match-compliance			pcrec_c4c70f2c_vm-caps-simdna				baseline_identity	row-best-fallback					pcrec_c4c70f2c_vm-caps-simdna (row-best fallback -- interp absent from this group)	
rank	sh1-256	(set)	match-compliance	whole-subject	separate artifact	pcrec_c4c70f2c_vm-caps-simdna	measured	pinned	1	median_ns	366.690232	40	1.0000	0	0		
rank	sh1-256	(set)	match-compliance	whole-subject	separate artifact	pcrec_c4c70f2c_vm-caps-simdna	measured	pinned	1	min_ns	366.615797	40	1.0000	0	0		
rank	sh1-256	(set)	match-compliance	whole-subject	separate artifact	pcrec_c4c70f2c_vm-caps-simdna	measured	pinned	1	max_ns	367.379911	40	1.0000	0	0		
rank	sh1-256	(set)	match-compliance	whole-subject	separate artifact	pcrec_c4c70f2c_vm-caps-simdna	measured	pinned	1	stddev_ns	0.324917	40	1.0000	0	0		
rank	sh1-256	(set)	match-compliance	whole-subject	separate artifact	pcrec_c4c70f2c_vm-caps-simdna	measured	pinned	1	ratio_vs_baseline	1.000000	40	1.0000	0	0		
rank	sh1-256	(set)	match-compliance	whole-subject	separate artifact	pcrec_c4c70f2c_vm-caps-simdna	measured	pinned	1	ratio_vs_best	1.000000	40	1.0000	0	0		
rank	sh1-256	(set)	match-compliance	whole-subject	separate artifact	pcrec_c4c70f2c_auto-caps-simdna	measured	pinned	2	median_ns	459.619104	40	1.0000	0	0		
rank	sh1-256	(set)	match-compliance	whole-subject	separate artifact	pcrec_c4c70f2c_auto-caps-simdna	measured	pinned	2	min_ns	454.913854	40	1.0000	0	0		
rank	sh1-256	(set)	match-compliance	whole-subject	separate artifact	pcrec_c4c70f2c_auto-caps-simdna	measured	pinned	2	max_ns	464.786963	40	1.0000	0	0		
rank	sh1-256	(set)	match-compliance	whole-subject	separate artifact	pcrec_c4c70f2c_auto-caps-simdna	measured	pinned	2	stddev_ns	4.151953	40	1.0000	0	0		
rank	sh1-256	(set)	match-compliance	whole-subject	separate artifact	pcrec_c4c70f2c_auto-caps-simdna	measured	pinned	2	ratio_vs_baseline	1.253426	40	1.0000	0	0		
rank	sh1-256	(set)	match-compliance	whole-subject	separate artifact	pcrec_c4c70f2c_auto-caps-simdna	measured	pinned	2	ratio_vs_best	1.253426	40	1.0000	0	0		
rank	sh1-256	(set)	match-compliance	whole-subject	separate artifact	rust_1.13.1_default-caps-simdna	measured	pinned	3	median_ns	611.034657	40	1.0000	0	0		
rank	sh1-256	(set)	match-compliance	whole-subject	separate artifact	rust_1.13.1_default-caps-simdna	measured	pinned	3	min_ns	609.416047	40	1.0000	0	0		
rank	sh1-256	(set)	match-compliance	whole-subject	separate artifact	rust_1.13.1_default-caps-simdna	measured	pinned	3	max_ns	651.112425	40	1.0000	0	0		
rank	sh1-256	(set)	match-compliance	whole-subject	separate artifact	rust_1.13.1_default-caps-simdna	measured	pinned	3	stddev_ns	16.257455	40	1.0000	0	0		
rank	sh1-256	(set)	match-compliance	whole-subject	separate artifact	rust_1.13.1_default-caps-simdna	measured	pinned	3	ratio_vs_baseline	1.666351	40	1.0000	0	0		
rank	sh1-256	(set)	match-compliance	whole-subject	separate artifact	rust_1.13.1_default-caps-simdna	measured	pinned	3	ratio_vs_best	1.666351	40	1.0000	0	0		
rank	sh1-256	(set)	match-compliance	plain	same program	libpcre2_10.46_jit-caps-simdna	measured	pinned	4	median_ns	6346.110484	40	1.0000	0	0		
rank	sh1-256	(set)	match-compliance	plain	same program	libpcre2_10.46_jit-caps-simdna	measured	pinned	4	min_ns	6192.403703	40	1.0000	0	0		
rank	sh1-256	(set)	match-compliance	plain	same program	libpcre2_10.46_jit-caps-simdna	measured	pinned	4	max_ns	6587.974756	40	1.0000	0	0		
rank	sh1-256	(set)	match-compliance	plain	same program	libpcre2_10.46_jit-caps-simdna	measured	pinned	4	stddev_ns	147.620207	40	1.0000	0	0		
rank	sh1-256	(set)	match-compliance	plain	same program	libpcre2_10.46_jit-caps-simdna	measured	pinned	4	ratio_vs_baseline	17.306462	40	1.0000	0	0		
rank	sh1-256	(set)	match-compliance	plain	same program	libpcre2_10.46_jit-caps-simdna	measured	pinned	4	ratio_vs_best	17.306462	40	1.0000	0	0		
baseline	sh1-256	(set)	short-subject-search			pcrec_c4c70f2c_auto-caps-simdna				baseline_identity	row-best-fallback					pcrec_c4c70f2c_auto-caps-simdna (row-best fallback -- interp absent from this group)	
rank	sh1-256	(set)	short-subject-search	plain	same program	pcrec_c4c70f2c_auto-caps-simdna	measured	pinned	1	median_ns	1500.444444	40	1.0000	0	0		
rank	sh1-256	(set)	short-subject-search	plain	same program	pcrec_c4c70f2c_auto-caps-simdna	measured	pinned	1	min_ns	1491.754967	40	1.0000	0	0		
rank	sh1-256	(set)	short-subject-search	plain	same program	pcrec_c4c70f2c_auto-caps-simdna	measured	pinned	1	max_ns	1503.248517	40	1.0000	0	0		
rank	sh1-256	(set)	short-subject-search	plain	same program	pcrec_c4c70f2c_auto-caps-simdna	measured	pinned	1	stddev_ns	4.543639	40	1.0000	0	0		
rank	sh1-256	(set)	short-subject-search	plain	same program	pcrec_c4c70f2c_auto-caps-simdna	measured	pinned	1	ratio_vs_baseline	1.000000	40	1.0000	0	0		
rank	sh1-256	(set)	short-subject-search	plain	same program	pcrec_c4c70f2c_auto-caps-simdna	measured	pinned	1	ratio_vs_best	1.000000	40	1.0000	0	0		
rank	sh1-256	(set)	short-subject-search	plain	same program	rust_1.13.1_default-caps-simdna	measured	pinned	2	median_ns	10284.914622	40	1.0000	0	0		
rank	sh1-256	(set)	short-subject-search	plain	same program	rust_1.13.1_default-caps-simdna	measured	pinned	2	min_ns	10280.758794	40	1.0000	0	0		
rank	sh1-256	(set)	short-subject-search	plain	same program	rust_1.13.1_default-caps-simdna	measured	pinned	2	max_ns	10294.660120	40	1.0000	0	0		
rank	sh1-256	(set)	short-subject-search	plain	same program	rust_1.13.1_default-caps-simdna	measured	pinned	2	stddev_ns	5.065719	40	1.0000	0	0		
rank	sh1-256	(set)	short-subject-search	plain	same program	rust_1.13.1_default-caps-simdna	measured	pinned	2	ratio_vs_baseline	6.854579	40	1.0000	0	0		
rank	sh1-256	(set)	short-subject-search	plain	same program	rust_1.13.1_default-caps-simdna	measured	pinned	2	ratio_vs_best	6.854579	40	1.0000	0	0		
rank	sh1-256	(set)	short-subject-search	plain	same program	pcrec_c4c70f2c_vm-caps-simdna	measured	pinned	3	median_ns	14224.654676	40	1.0000	0	0		
rank	sh1-256	(set)	short-subject-search	plain	same program	pcrec_c4c70f2c_vm-caps-simdna	measured	pinned	3	min_ns	14128.574519	40	1.0000	0	0		
rank	sh1-256	(set)	short-subject-search	plain	same program	pcrec_c4c70f2c_vm-caps-simdna	measured	pinned	3	max_ns	14816.164121	40	1.0000	0	0		
rank	sh1-256	(set)	short-subject-search	plain	same program	pcrec_c4c70f2c_vm-caps-simdna	measured	pinned	3	stddev_ns	302.314733	40	1.0000	0	0		
rank	sh1-256	(set)	short-subject-search	plain	same program	pcrec_c4c70f2c_vm-caps-simdna	measured	pinned	3	ratio_vs_baseline	9.480294	40	1.0000	0	0		
rank	sh1-256	(set)	short-subject-search	plain	same program	pcrec_c4c70f2c_vm-caps-simdna	measured	pinned	3	ratio_vs_best	9.480294	40	1.0000	0	0		
rank	sh1-256	(set)	short-subject-search	plain	same program	libpcre2_10.46_jit-caps-simdna	measured	pinned	4	median_ns	56182.679150	40	1.0000	0	0		
rank	sh1-256	(set)	short-subject-search	plain	same program	libpcre2_10.46_jit-caps-simdna	measured	pinned	4	min_ns	53720.616811	40	1.0000	0	0		
rank	sh1-256	(set)	short-subject-search	plain	same program	libpcre2_10.46_jit-caps-simdna	measured	pinned	4	max_ns	56431.507933	40	1.0000	0	0		
rank	sh1-256	(set)	short-subject-search	plain	same program	libpcre2_10.46_jit-caps-simdna	measured	pinned	4	stddev_ns	1031.737637	40	1.0000	0	0		
rank	sh1-256	(set)	short-subject-search	plain	same program	libpcre2_10.46_jit-caps-simdna	measured	pinned	4	ratio_vs_baseline	37.444025	40	1.0000	0	0		
rank	sh1-256	(set)	short-subject-search	plain	same program	libpcre2_10.46_jit-caps-simdna	measured	pinned	4	ratio_vs_best	37.444025	40	1.0000	0	0		
baseline	sh1-512	(set)	large-subject-throughput			pcrec_c4c70f2c_auto-caps-simdna				baseline_identity	row-best-fallback					pcrec_c4c70f2c_auto-caps-simdna (row-best fallback -- interp absent from this group)	
rank	sh1-512	(set)	large-subject-throughput	plain	same program	pcrec_c4c70f2c_auto-caps-simdna	measured	pinned	1	median_ns	555129.942094	4	1.0000	0	0		
rank	sh1-512	(set)	large-subject-throughput	plain	same program	pcrec_c4c70f2c_auto-caps-simdna	measured	pinned	1	min_ns	553896.213808	4	1.0000	0	0		
rank	sh1-512	(set)	large-subject-throughput	plain	same program	pcrec_c4c70f2c_auto-caps-simdna	measured	pinned	1	max_ns	555592.146993	4	1.0000	0	0		
rank	sh1-512	(set)	large-subject-throughput	plain	same program	pcrec_c4c70f2c_auto-caps-simdna	measured	pinned	1	stddev_ns	617.681847	4	1.0000	0	0		
rank	sh1-512	(set)	large-subject-throughput	plain	same program	pcrec_c4c70f2c_auto-caps-simdna	measured	pinned	1	ratio_vs_baseline	1.000000	4	1.0000	0	0		
rank	sh1-512	(set)	large-subject-throughput	plain	same program	pcrec_c4c70f2c_auto-caps-simdna	measured	pinned	1	ratio_vs_best	1.000000	4	1.0000	0	0		
rank	sh1-512	(set)	large-subject-throughput	plain	same program	rust_1.13.1_default-caps-simdna	measured	pinned	2	median_ns	1722676.830508	4	1.0000	0	0		
rank	sh1-512	(set)	large-subject-throughput	plain	same program	rust_1.13.1_default-caps-simdna	measured	pinned	2	min_ns	1722281.932203	4	1.0000	0	0		
rank	sh1-512	(set)	large-subject-throughput	plain	same program	rust_1.13.1_default-caps-simdna	measured	pinned	2	max_ns	1725079.237288	4	1.0000	0	0		
rank	sh1-512	(set)	large-subject-throughput	plain	same program	rust_1.13.1_default-caps-simdna	measured	pinned	2	stddev_ns	1104.565257	4	1.0000	0	0		
rank	sh1-512	(set)	large-subject-throughput	plain	same program	rust_1.13.1_default-caps-simdna	measured	pinned	2	ratio_vs_baseline	3.103196	4	1.0000	0	0		
rank	sh1-512	(set)	large-subject-throughput	plain	same program	rust_1.13.1_default-caps-simdna	measured	pinned	2	ratio_vs_best	3.103196	4	1.0000	0	0		
rank	sh1-512	(set)	large-subject-throughput	plain	same program	pcrec_c4c70f2c_vm-caps-simdna	measured	pinned	3	median_ns	2396517.467153	4	1.0000	0	0		
rank	sh1-512	(set)	large-subject-throughput	plain	same program	pcrec_c4c70f2c_vm-caps-simdna	measured	pinned	3	min_ns	2394710.744526	4	1.0000	0	0		
rank	sh1-512	(set)	large-subject-throughput	plain	same program	pcrec_c4c70f2c_vm-caps-simdna	measured	pinned	3	max_ns	2397517.547445	4	1.0000	0	0		
rank	sh1-512	(set)	large-subject-throughput	plain	same program	pcrec_c4c70f2c_vm-caps-simdna	measured	pinned	3	stddev_ns	928.146660	4	1.0000	0	0		
rank	sh1-512	(set)	large-subject-throughput	plain	same program	pcrec_c4c70f2c_vm-caps-simdna	measured	pinned	3	ratio_vs_baseline	4.317039	4	1.0000	0	0		
rank	sh1-512	(set)	large-subject-throughput	plain	same program	pcrec_c4c70f2c_vm-caps-simdna	measured	pinned	3	ratio_vs_best	4.317039	4	1.0000	0	0		
rank	sh1-512	(set)	large-subject-throughput	plain	same program	libpcre2_10.46_jit-caps-simdna	measured	pinned	4	median_ns	22923924.400000	4	1.0000	0	0		
rank	sh1-512	(set)	large-subject-throughput	plain	same program	libpcre2_10.46_jit-caps-simdna	measured	pinned	4	min_ns	22910936.266667	4	1.0000	0	0		
rank	sh1-512	(set)	large-subject-throughput	plain	same program	libpcre2_10.46_jit-caps-simdna	measured	pinned	4	max_ns	22981995.333333	4	1.0000	0	0		
rank	sh1-512	(set)	large-subject-throughput	plain	same program	libpcre2_10.46_jit-caps-simdna	measured	pinned	4	stddev_ns	26252.652891	4	1.0000	0	0		
rank	sh1-512	(set)	large-subject-throughput	plain	same program	libpcre2_10.46_jit-caps-simdna	measured	pinned	4	ratio_vs_baseline	41.294700	4	1.0000	0	0		
rank	sh1-512	(set)	large-subject-throughput	plain	same program	libpcre2_10.46_jit-caps-simdna	measured	pinned	4	ratio_vs_best	41.294700	4	1.0000	0	0		
baseline	sh1-512	(set)	match-compliance			pcrec_c4c70f2c_vm-caps-simdna				baseline_identity	row-best-fallback					pcrec_c4c70f2c_vm-caps-simdna (row-best fallback -- interp absent from this group)	
rank	sh1-512	(set)	match-compliance	whole-subject	separate artifact	pcrec_c4c70f2c_vm-caps-simdna	measured	pinned	1	median_ns	351.843448	40	1.0000	0	0		
rank	sh1-512	(set)	match-compliance	whole-subject	separate artifact	pcrec_c4c70f2c_vm-caps-simdna	measured	pinned	1	min_ns	351.243969	40	1.0000	0	0		
rank	sh1-512	(set)	match-compliance	whole-subject	separate artifact	pcrec_c4c70f2c_vm-caps-simdna	measured	pinned	1	max_ns	351.882314	40	1.0000	0	0		
rank	sh1-512	(set)	match-compliance	whole-subject	separate artifact	pcrec_c4c70f2c_vm-caps-simdna	measured	pinned	1	stddev_ns	0.300706	40	1.0000	0	0		
rank	sh1-512	(set)	match-compliance	whole-subject	separate artifact	pcrec_c4c70f2c_vm-caps-simdna	measured	pinned	1	ratio_vs_baseline	1.000000	40	1.0000	0	0		
rank	sh1-512	(set)	match-compliance	whole-subject	separate artifact	pcrec_c4c70f2c_vm-caps-simdna	measured	pinned	1	ratio_vs_best	1.000000	40	1.0000	0	0		
rank	sh1-512	(set)	match-compliance	whole-subject	separate artifact	rust_1.13.1_default-caps-simdna	measured	pinned	2	median_ns	613.936796	40	1.0000	0	0		
rank	sh1-512	(set)	match-compliance	whole-subject	separate artifact	rust_1.13.1_default-caps-simdna	measured	pinned	2	min_ns	612.033008	40	1.0000	0	0		
rank	sh1-512	(set)	match-compliance	whole-subject	separate artifact	rust_1.13.1_default-caps-simdna	measured	pinned	2	max_ns	654.647962	40	1.0000	0	0		
rank	sh1-512	(set)	match-compliance	whole-subject	separate artifact	rust_1.13.1_default-caps-simdna	measured	pinned	2	stddev_ns	18.662561	40	1.0000	0	0		
rank	sh1-512	(set)	match-compliance	whole-subject	separate artifact	rust_1.13.1_default-caps-simdna	measured	pinned	2	ratio_vs_baseline	1.744915	40	1.0000	0	0		
rank	sh1-512	(set)	match-compliance	whole-subject	separate artifact	rust_1.13.1_default-caps-simdna	measured	pinned	2	ratio_vs_best	1.744915	40	1.0000	0	0		
rank	sh1-512	(set)	match-compliance	whole-subject	separate artifact	pcrec_c4c70f2c_auto-caps-simdna	measured	pinned	3	median_ns	771.565299	40	1.0000	0	0		
rank	sh1-512	(set)	match-compliance	whole-subject	separate artifact	pcrec_c4c70f2c_auto-caps-simdna	measured	pinned	3	min_ns	769.962760	40	1.0000	0	0		
rank	sh1-512	(set)	match-compliance	whole-subject	separate artifact	pcrec_c4c70f2c_auto-caps-simdna	measured	pinned	3	max_ns	773.542020	40	1.0000	0	0		
rank	sh1-512	(set)	match-compliance	whole-subject	separate artifact	pcrec_c4c70f2c_auto-caps-simdna	measured	pinned	3	stddev_ns	1.255432	40	1.0000	0	0		
rank	sh1-512	(set)	match-compliance	whole-subject	separate artifact	pcrec_c4c70f2c_auto-caps-simdna	measured	pinned	3	ratio_vs_baseline	2.192922	40	1.0000	0	0		
rank	sh1-512	(set)	match-compliance	whole-subject	separate artifact	pcrec_c4c70f2c_auto-caps-simdna	measured	pinned	3	ratio_vs_best	2.192922	40	1.0000	0	0		
rank	sh1-512	(set)	match-compliance	plain	same program	libpcre2_10.46_jit-caps-simdna	measured	pinned	4	median_ns	11200.032998	40	1.0000	0	0		
rank	sh1-512	(set)	match-compliance	plain	same program	libpcre2_10.46_jit-caps-simdna	measured	pinned	4	min_ns	11101.104281	40	1.0000	0	0		
rank	sh1-512	(set)	match-compliance	plain	same program	libpcre2_10.46_jit-caps-simdna	measured	pinned	4	max_ns	11326.024876	40	1.0000	0	0		
rank	sh1-512	(set)	match-compliance	plain	same program	libpcre2_10.46_jit-caps-simdna	measured	pinned	4	stddev_ns	87.002531	40	1.0000	0	0		
rank	sh1-512	(set)	match-compliance	plain	same program	libpcre2_10.46_jit-caps-simdna	measured	pinned	4	ratio_vs_baseline	31.832433	40	1.0000	0	0		
rank	sh1-512	(set)	match-compliance	plain	same program	libpcre2_10.46_jit-caps-simdna	measured	pinned	4	ratio_vs_best	31.832433	40	1.0000	0	0		
baseline	sh1-512	(set)	short-subject-search			pcrec_c4c70f2c_auto-caps-simdna				baseline_identity	row-best-fallback					pcrec_c4c70f2c_auto-caps-simdna (row-best fallback -- interp absent from this group)	
rank	sh1-512	(set)	short-subject-search	plain	same program	pcrec_c4c70f2c_auto-caps-simdna	measured	pinned	1	median_ns	1513.444793	40	1.0000	0	0		
rank	sh1-512	(set)	short-subject-search	plain	same program	pcrec_c4c70f2c_auto-caps-simdna	measured	pinned	1	min_ns	1511.343862	40	1.0000	0	0		
rank	sh1-512	(set)	short-subject-search	plain	same program	pcrec_c4c70f2c_auto-caps-simdna	measured	pinned	1	max_ns	1515.335721	40	1.0000	0	0		
rank	sh1-512	(set)	short-subject-search	plain	same program	pcrec_c4c70f2c_auto-caps-simdna	measured	pinned	1	stddev_ns	1.553438	40	1.0000	0	0		
rank	sh1-512	(set)	short-subject-search	plain	same program	pcrec_c4c70f2c_auto-caps-simdna	measured	pinned	1	ratio_vs_baseline	1.000000	40	1.0000	0	0		
rank	sh1-512	(set)	short-subject-search	plain	same program	pcrec_c4c70f2c_auto-caps-simdna	measured	pinned	1	ratio_vs_best	1.000000	40	1.0000	0	0		
rank	sh1-512	(set)	short-subject-search	plain	same program	rust_1.13.1_default-caps-simdna	measured	pinned	2	median_ns	10292.316606	40	1.0000	0	0		
rank	sh1-512	(set)	short-subject-search	plain	same program	rust_1.13.1_default-caps-simdna	measured	pinned	2	min_ns	10283.238832	40	1.0000	0	0		
rank	sh1-512	(set)	short-subject-search	plain	same program	rust_1.13.1_default-caps-simdna	measured	pinned	2	max_ns	10335.755182	40	1.0000	0	0		
rank	sh1-512	(set)	short-subject-search	plain	same program	rust_1.13.1_default-caps-simdna	measured	pinned	2	stddev_ns	18.727778	40	1.0000	0	0		
rank	sh1-512	(set)	short-subject-search	plain	same program	rust_1.13.1_default-caps-simdna	measured	pinned	2	ratio_vs_baseline	6.800589	40	1.0000	0	0		
rank	sh1-512	(set)	short-subject-search	plain	same program	rust_1.13.1_default-caps-simdna	measured	pinned	2	ratio_vs_best	6.800589	40	1.0000	0	0		
rank	sh1-512	(set)	short-subject-search	plain	same program	pcrec_c4c70f2c_vm-caps-simdna	measured	pinned	3	median_ns	12412.357026	40	1.0000	0	0		
rank	sh1-512	(set)	short-subject-search	plain	same program	pcrec_c4c70f2c_vm-caps-simdna	measured	pinned	3	min_ns	12408.693253	40	1.0000	0	0		
rank	sh1-512	(set)	short-subject-search	plain	same program	pcrec_c4c70f2c_vm-caps-simdna	measured	pinned	3	max_ns	12432.915519	40	1.0000	0	0		
rank	sh1-512	(set)	short-subject-search	plain	same program	pcrec_c4c70f2c_vm-caps-simdna	measured	pinned	3	stddev_ns	8.862006	40	1.0000	0	0		
rank	sh1-512	(set)	short-subject-search	plain	same program	pcrec_c4c70f2c_vm-caps-simdna	measured	pinned	3	ratio_vs_baseline	8.201394	40	1.0000	0	0		
rank	sh1-512	(set)	short-subject-search	plain	same program	pcrec_c4c70f2c_vm-caps-simdna	measured	pinned	3	ratio_vs_best	8.201394	40	1.0000	0	0		
rank	sh1-512	(set)	short-subject-search	plain	same program	libpcre2_10.46_jit-caps-simdna	measured	pinned	4	median_ns	127990.070441	40	1.0000	0	0		
rank	sh1-512	(set)	short-subject-search	plain	same program	libpcre2_10.46_jit-caps-simdna	measured	pinned	4	min_ns	127389.141089	40	1.0000	0	0		
rank	sh1-512	(set)	short-subject-search	plain	same program	libpcre2_10.46_jit-caps-simdna	measured	pinned	4	max_ns	128386.208952	40	1.0000	0	0		
rank	sh1-512	(set)	short-subject-search	plain	same program	libpcre2_10.46_jit-caps-simdna	measured	pinned	4	stddev_ns	350.587114	40	1.0000	0	0		
rank	sh1-512	(set)	short-subject-search	plain	same program	libpcre2_10.46_jit-caps-simdna	measured	pinned	4	ratio_vs_baseline	84.568708	40	1.0000	0	0		
rank	sh1-512	(set)	short-subject-search	plain	same program	libpcre2_10.46_jit-caps-simdna	measured	pinned	4	ratio_vs_best	84.568708	40	1.0000	0	0		
baseline	sh1-64	(set)	large-subject-throughput			pcrec_c4c70f2c_auto-caps-simdna				baseline_identity	row-best-fallback					pcrec_c4c70f2c_auto-caps-simdna (row-best fallback -- interp absent from this group)	
rank	sh1-64	(set)	large-subject-throughput	plain	same program	pcrec_c4c70f2c_auto-caps-simdna	measured	pinned	1	median_ns	452374.882530	4	1.0000	0	0		
rank	sh1-64	(set)	large-subject-throughput	plain	same program	pcrec_c4c70f2c_auto-caps-simdna	measured	pinned	1	min_ns	450964.227410	4	1.0000	0	0		
rank	sh1-64	(set)	large-subject-throughput	plain	same program	pcrec_c4c70f2c_auto-caps-simdna	measured	pinned	1	max_ns	452456.149096	4	1.0000	0	0		
rank	sh1-64	(set)	large-subject-throughput	plain	same program	pcrec_c4c70f2c_auto-caps-simdna	measured	pinned	1	stddev_ns	664.364360	4	1.0000	0	0		
rank	sh1-64	(set)	large-subject-throughput	plain	same program	pcrec_c4c70f2c_auto-caps-simdna	measured	pinned	1	ratio_vs_baseline	1.000000	4	1.0000	0	0		
rank	sh1-64	(set)	large-subject-throughput	plain	same program	pcrec_c4c70f2c_auto-caps-simdna	measured	pinned	1	ratio_vs_best	1.000000	4	1.0000	0	0		
rank	sh1-64	(set)	large-subject-throughput	plain	same program	rust_1.13.1_default-caps-simdna	measured	pinned	2	median_ns	755843.769737	4	1.0000	0	0		
rank	sh1-64	(set)	large-subject-throughput	plain	same program	rust_1.13.1_default-caps-simdna	measured	pinned	2	min_ns	735503.736842	4	1.0000	0	0		
rank	sh1-64	(set)	large-subject-throughput	plain	same program	rust_1.13.1_default-caps-simdna	measured	pinned	2	max_ns	756447.052632	4	1.0000	0	0		
rank	sh1-64	(set)	large-subject-throughput	plain	same program	rust_1.13.1_default-caps-simdna	measured	pinned	2	stddev_ns	8120.727220	4	1.0000	0	0		
rank	sh1-64	(set)	large-subject-throughput	plain	same program	rust_1.13.1_default-caps-simdna	measured	pinned	2	ratio_vs_baseline	1.670835	4	1.0000	0	0		
rank	sh1-64	(set)	large-subject-throughput	plain	same program	rust_1.13.1_default-caps-simdna	measured	pinned	2	ratio_vs_best	1.670835	4	1.0000	0	0		
rank	sh1-64	(set)	large-subject-throughput	plain	same program	libpcre2_10.46_jit-caps-simdna	measured	pinned	3	median_ns	1794083.832487	4	1.0000	0	0		
rank	sh1-64	(set)	large-subject-throughput	plain	same program	libpcre2_10.46_jit-caps-simdna	measured	pinned	3	min_ns	1648584.989848	4	1.0000	0	0		
rank	sh1-64	(set)	large-subject-throughput	plain	same program	libpcre2_10.46_jit-caps-simdna	measured	pinned	3	max_ns	1805009.329949	4	1.0000	0	0		
rank	sh1-64	(set)	large-subject-throughput	plain	same program	libpcre2_10.46_jit-caps-simdna	measured	pinned	3	stddev_ns	73172.288316	4	1.0000	0	0		
rank	sh1-64	(set)	large-subject-throughput	plain	same program	libpcre2_10.46_jit-caps-simdna	measured	pinned	3	ratio_vs_baseline	3.965923	4	1.0000	0	0		
rank	sh1-64	(set)	large-subject-throughput	plain	same program	libpcre2_10.46_jit-caps-simdna	measured	pinned	3	ratio_vs_best	3.965923	4	1.0000	0	0		
rank	sh1-64	(set)	large-subject-throughput	plain	same program	pcrec_c4c70f2c_vm-caps-simdna	measured	pinned	4	median_ns	2669934.169355	4	1.0000	0	0		
rank	sh1-64	(set)	large-subject-throughput	plain	same program	pcrec_c4c70f2c_vm-caps-simdna	measured	pinned	4	min_ns	2669335.209677	4	1.0000	0	0		
rank	sh1-64	(set)	large-subject-throughput	plain	same program	pcrec_c4c70f2c_vm-caps-simdna	measured	pinned	4	max_ns	2721319.758065	4	1.0000	0	0		
rank	sh1-64	(set)	large-subject-throughput	plain	same program	pcrec_c4c70f2c_vm-caps-simdna	measured	pinned	4	stddev_ns	20579.703294	4	1.0000	0	0		
rank	sh1-64	(set)	large-subject-throughput	plain	same program	pcrec_c4c70f2c_vm-caps-simdna	measured	pinned	4	ratio_vs_baseline	5.902039	4	1.0000	0	0		
rank	sh1-64	(set)	large-subject-throughput	plain	same program	pcrec_c4c70f2c_vm-caps-simdna	measured	pinned	4	ratio_vs_best	5.902039	4	1.0000	0	0		
baseline	sh1-64	(set)	match-compliance			pcrec_c4c70f2c_vm-caps-simdna				baseline_identity	row-best-fallback					pcrec_c4c70f2c_vm-caps-simdna (row-best fallback -- interp absent from this group)	
rank	sh1-64	(set)	match-compliance	whole-subject	separate artifact	pcrec_c4c70f2c_vm-caps-simdna	measured	pinned	1	median_ns	326.680066	40	1.0000	0	0		
rank	sh1-64	(set)	match-compliance	whole-subject	separate artifact	pcrec_c4c70f2c_vm-caps-simdna	measured	pinned	1	min_ns	326.196972	40	1.0000	0	0		
rank	sh1-64	(set)	match-compliance	whole-subject	separate artifact	pcrec_c4c70f2c_vm-caps-simdna	measured	pinned	1	max_ns	327.062748	40	1.0000	0	0		
rank	sh1-64	(set)	match-compliance	whole-subject	separate artifact	pcrec_c4c70f2c_vm-caps-simdna	measured	pinned	1	stddev_ns	0.297428	40	1.0000	0	0		
rank	sh1-64	(set)	match-compliance	whole-subject	separate artifact	pcrec_c4c70f2c_vm-caps-simdna	measured	pinned	1	ratio_vs_baseline	1.000000	40	1.0000	0	0		
rank	sh1-64	(set)	match-compliance	whole-subject	separate artifact	pcrec_c4c70f2c_vm-caps-simdna	measured	pinned	1	ratio_vs_best	1.000000	40	1.0000	0	0		
rank	sh1-64	(set)	match-compliance	whole-subject	separate artifact	pcrec_c4c70f2c_auto-caps-simdna	measured	pinned	2	median_ns	423.848295	40	1.0000	0	0		
rank	sh1-64	(set)	match-compliance	whole-subject	separate artifact	pcrec_c4c70f2c_auto-caps-simdna	measured	pinned	2	min_ns	421.740244	40	1.0000	0	0		
rank	sh1-64	(set)	match-compliance	whole-subject	separate artifact	pcrec_c4c70f2c_auto-caps-simdna	measured	pinned	2	max_ns	424.594586	40	1.0000	0	0		
rank	sh1-64	(set)	match-compliance	whole-subject	separate artifact	pcrec_c4c70f2c_auto-caps-simdna	measured	pinned	2	stddev_ns	1.183281	40	1.0000	0	0		
rank	sh1-64	(set)	match-compliance	whole-subject	separate artifact	pcrec_c4c70f2c_auto-caps-simdna	measured	pinned	2	ratio_vs_baseline	1.297442	40	1.0000	0	0		
rank	sh1-64	(set)	match-compliance	whole-subject	separate artifact	pcrec_c4c70f2c_auto-caps-simdna	measured	pinned	2	ratio_vs_best	1.297442	40	1.0000	0	0		
rank	sh1-64	(set)	match-compliance	whole-subject	separate artifact	rust_1.13.1_default-caps-simdna	measured	pinned	3	median_ns	612.485840	40	1.0000	0	0		
rank	sh1-64	(set)	match-compliance	whole-subject	separate artifact	rust_1.13.1_default-caps-simdna	measured	pinned	3	min_ns	610.205988	40	1.0000	0	0		
rank	sh1-64	(set)	match-compliance	whole-subject	separate artifact	rust_1.13.1_default-caps-simdna	measured	pinned	3	max_ns	654.875662	40	1.0000	0	0		
rank	sh1-64	(set)	match-compliance	whole-subject	separate artifact	rust_1.13.1_default-caps-simdna	measured	pinned	3	stddev_ns	17.354587	40	1.0000	0	0		
rank	sh1-64	(set)	match-compliance	whole-subject	separate artifact	rust_1.13.1_default-caps-simdna	measured	pinned	3	ratio_vs_baseline	1.874880	40	1.0000	0	0		
rank	sh1-64	(set)	match-compliance	whole-subject	separate artifact	rust_1.13.1_default-caps-simdna	measured	pinned	3	ratio_vs_best	1.874880	40	1.0000	0	0		
rank	sh1-64	(set)	match-compliance	plain	same program	libpcre2_10.46_jit-caps-simdna	measured	pinned	4	median_ns	2615.470883	40	1.0000	0	0		
rank	sh1-64	(set)	match-compliance	plain	same program	libpcre2_10.46_jit-caps-simdna	measured	pinned	4	min_ns	2594.193142	40	1.0000	0	0		
rank	sh1-64	(set)	match-compliance	plain	same program	libpcre2_10.46_jit-caps-simdna	measured	pinned	4	max_ns	2780.700083	40	1.0000	0	0		
rank	sh1-64	(set)	match-compliance	plain	same program	libpcre2_10.46_jit-caps-simdna	measured	pinned	4	stddev_ns	70.827652	40	1.0000	0	0		
rank	sh1-64	(set)	match-compliance	plain	same program	libpcre2_10.46_jit-caps-simdna	measured	pinned	4	ratio_vs_baseline	8.006215	40	1.0000	0	0		
rank	sh1-64	(set)	match-compliance	plain	same program	libpcre2_10.46_jit-caps-simdna	measured	pinned	4	ratio_vs_best	8.006215	40	1.0000	0	0		
baseline	sh1-64	(set)	short-subject-search			pcrec_c4c70f2c_auto-caps-simdna				baseline_identity	row-best-fallback					pcrec_c4c70f2c_auto-caps-simdna (row-best fallback -- interp absent from this group)	
rank	sh1-64	(set)	short-subject-search	plain	same program	pcrec_c4c70f2c_auto-caps-simdna	measured	pinned	1	median_ns	1469.733342	40	1.0000	0	0		
rank	sh1-64	(set)	short-subject-search	plain	same program	pcrec_c4c70f2c_auto-caps-simdna	measured	pinned	1	min_ns	1468.427877	40	1.0000	0	0		
rank	sh1-64	(set)	short-subject-search	plain	same program	pcrec_c4c70f2c_auto-caps-simdna	measured	pinned	1	max_ns	1474.540274	40	1.0000	0	0		
rank	sh1-64	(set)	short-subject-search	plain	same program	pcrec_c4c70f2c_auto-caps-simdna	measured	pinned	1	stddev_ns	2.177217	40	1.0000	0	0		
rank	sh1-64	(set)	short-subject-search	plain	same program	pcrec_c4c70f2c_auto-caps-simdna	measured	pinned	1	ratio_vs_baseline	1.000000	40	1.0000	0	0		
rank	sh1-64	(set)	short-subject-search	plain	same program	pcrec_c4c70f2c_auto-caps-simdna	measured	pinned	1	ratio_vs_best	1.000000	40	1.0000	0	0		
rank	sh1-64	(set)	short-subject-search	plain	same program	rust_1.13.1_default-caps-simdna	measured	pinned	2	median_ns	4637.220422	40	1.0000	0	0		
rank	sh1-64	(set)	short-subject-search	plain	same program	rust_1.13.1_default-caps-simdna	measured	pinned	2	min_ns	4612.196980	40	1.0000	0	0		
rank	sh1-64	(set)	short-subject-search	plain	same program	rust_1.13.1_default-caps-simdna	measured	pinned	2	max_ns	4654.654212	40	1.0000	0	0		
rank	sh1-64	(set)	short-subject-search	plain	same program	rust_1.13.1_default-caps-simdna	measured	pinned	2	stddev_ns	15.454331	40	1.0000	0	0		
rank	sh1-64	(set)	short-subject-search	plain	same program	rust_1.13.1_default-caps-simdna	measured	pinned	2	ratio_vs_baseline	3.155144	40	1.0000	0	0		
rank	sh1-64	(set)	short-subject-search	plain	same program	rust_1.13.1_default-caps-simdna	measured	pinned	2	ratio_vs_best	3.155144	40	1.0000	0	0		
rank	sh1-64	(set)	short-subject-search	plain	same program	libpcre2_10.46_jit-caps-simdna	measured	pinned	3	median_ns	10971.932612	40	1.0000	0	0		
rank	sh1-64	(set)	short-subject-search	plain	same program	libpcre2_10.46_jit-caps-simdna	measured	pinned	3	min_ns	10875.904341	40	1.0000	0	0		
rank	sh1-64	(set)	short-subject-search	plain	same program	libpcre2_10.46_jit-caps-simdna	measured	pinned	3	max_ns	11047.326626	40	1.0000	0	0		
rank	sh1-64	(set)	short-subject-search	plain	same program	libpcre2_10.46_jit-caps-simdna	measured	pinned	3	stddev_ns	55.230994	40	1.0000	0	0		
rank	sh1-64	(set)	short-subject-search	plain	same program	libpcre2_10.46_jit-caps-simdna	measured	pinned	3	ratio_vs_baseline	7.465254	40	1.0000	0	0		
rank	sh1-64	(set)	short-subject-search	plain	same program	libpcre2_10.46_jit-caps-simdna	measured	pinned	3	ratio_vs_best	7.465254	40	1.0000	0	0		
rank	sh1-64	(set)	short-subject-search	plain	same program	pcrec_c4c70f2c_vm-caps-simdna	measured	pinned	4	median_ns	14895.861875	40	1.0000	0	0		
rank	sh1-64	(set)	short-subject-search	plain	same program	pcrec_c4c70f2c_vm-caps-simdna	measured	pinned	4	min_ns	13303.834993	40	1.0000	0	0		
rank	sh1-64	(set)	short-subject-search	plain	same program	pcrec_c4c70f2c_vm-caps-simdna	measured	pinned	4	max_ns	15048.014052	40	1.0000	0	0		
rank	sh1-64	(set)	short-subject-search	plain	same program	pcrec_c4c70f2c_vm-caps-simdna	measured	pinned	4	stddev_ns	756.508266	40	1.0000	0	0		
rank	sh1-64	(set)	short-subject-search	plain	same program	pcrec_c4c70f2c_vm-caps-simdna	measured	pinned	4	ratio_vs_baseline	10.135078	40	1.0000	0	0		
rank	sh1-64	(set)	short-subject-search	plain	same program	pcrec_c4c70f2c_vm-caps-simdna	measured	pinned	4	ratio_vs_best	10.135078	40	1.0000	0	0		
baseline	srt-256	(set)	large-subject-throughput			rust_1.13.1_default-caps-simdna				baseline_identity	row-best-fallback					rust_1.13.1_default-caps-simdna (row-best fallback -- interp absent from this group)	
rank	srt-256	(set)	large-subject-throughput	plain	same program	rust_1.13.1_default-caps-simdna	measured	pinned	1	median_ns	2269539.952381	4	1.0000	0	0		
rank	srt-256	(set)	large-subject-throughput	plain	same program	rust_1.13.1_default-caps-simdna	measured	pinned	1	min_ns	2256525.619048	4	1.0000	0	0		
rank	srt-256	(set)	large-subject-throughput	plain	same program	rust_1.13.1_default-caps-simdna	measured	pinned	1	max_ns	2281396.761905	4	1.0000	0	0		
rank	srt-256	(set)	large-subject-throughput	plain	same program	rust_1.13.1_default-caps-simdna	measured	pinned	1	stddev_ns	8134.978200	4	1.0000	0	0		
rank	srt-256	(set)	large-subject-throughput	plain	same program	rust_1.13.1_default-caps-simdna	measured	pinned	1	ratio_vs_baseline	1.000000	4	1.0000	0	0		
rank	srt-256	(set)	large-subject-throughput	plain	same program	rust_1.13.1_default-caps-simdna	measured	pinned	1	ratio_vs_best	1.000000	4	1.0000	0	0		
rank	srt-256	(set)	large-subject-throughput	plain	same program	pcrec_c4c70f2c_auto-caps-simdna	measured	pinned	2	median_ns	2907081.424779	4	1.0000	0	0		
rank	srt-256	(set)	large-subject-throughput	plain	same program	pcrec_c4c70f2c_auto-caps-simdna	measured	pinned	2	min_ns	2903805.469027	4	1.0000	0	0		
rank	srt-256	(set)	large-subject-throughput	plain	same program	pcrec_c4c70f2c_auto-caps-simdna	measured	pinned	2	max_ns	2920849.548673	4	1.0000	0	0		
rank	srt-256	(set)	large-subject-throughput	plain	same program	pcrec_c4c70f2c_auto-caps-simdna	measured	pinned	2	stddev_ns	6155.855512	4	1.0000	0	0		
rank	srt-256	(set)	large-subject-throughput	plain	same program	pcrec_c4c70f2c_auto-caps-simdna	measured	pinned	2	ratio_vs_baseline	1.280912	4	1.0000	0	0		
rank	srt-256	(set)	large-subject-throughput	plain	same program	pcrec_c4c70f2c_auto-caps-simdna	measured	pinned	2	ratio_vs_best	1.280912	4	1.0000	0	0		
rank	srt-256	(set)	large-subject-throughput	plain	same program	pcrec_c4c70f2c_vm-caps-simdna	measured	pinned	3	median_ns	16192640.863636	4	1.0000	0	0		
rank	srt-256	(set)	large-subject-throughput	plain	same program	pcrec_c4c70f2c_vm-caps-simdna	measured	pinned	3	min_ns	16171131.636364	4	1.0000	0	0		
rank	srt-256	(set)	large-subject-throughput	plain	same program	pcrec_c4c70f2c_vm-caps-simdna	measured	pinned	3	max_ns	16205010.000000	4	1.0000	0	0		
rank	srt-256	(set)	large-subject-throughput	plain	same program	pcrec_c4c70f2c_vm-caps-simdna	measured	pinned	3	stddev_ns	12571.152276	4	1.0000	0	0		
rank	srt-256	(set)	large-subject-throughput	plain	same program	pcrec_c4c70f2c_vm-caps-simdna	measured	pinned	3	ratio_vs_baseline	7.134768	4	1.0000	0	0		
rank	srt-256	(set)	large-subject-throughput	plain	same program	pcrec_c4c70f2c_vm-caps-simdna	measured	pinned	3	ratio_vs_best	7.134768	4	1.0000	0	0		
rank	srt-256	(set)	large-subject-throughput	plain	same program	libpcre2_10.46_jit-caps-simdna	measured	pinned	4	median_ns	264637259.500000	4	1.0000	0	0		
rank	srt-256	(set)	large-subject-throughput	plain	same program	libpcre2_10.46_jit-caps-simdna	measured	pinned	4	min_ns	264411134.500000	4	1.0000	0	0		
rank	srt-256	(set)	large-subject-throughput	plain	same program	libpcre2_10.46_jit-caps-simdna	measured	pinned	4	max_ns	365198139.000000	4	1.0000	0	0		
rank	srt-256	(set)	large-subject-throughput	plain	same program	libpcre2_10.46_jit-caps-simdna	measured	pinned	4	stddev_ns	40173027.598361	4	1.0000	0	0		
rank	srt-256	(set)	large-subject-throughput	plain	same program	libpcre2_10.46_jit-caps-simdna	measured	pinned	4	ratio_vs_baseline	116.603922	4	1.0000	0	0		
rank	srt-256	(set)	large-subject-throughput	plain	same program	libpcre2_10.46_jit-caps-simdna	measured	pinned	4	ratio_vs_best	116.603922	4	1.0000	0	0		
baseline	srt-256	(set)	match-compliance			pcrec_c4c70f2c_vm-caps-simdna				baseline_identity	row-best-fallback					pcrec_c4c70f2c_vm-caps-simdna (row-best fallback -- interp absent from this group)	
rank	srt-256	(set)	match-compliance	whole-subject	separate artifact	pcrec_c4c70f2c_vm-caps-simdna	measured	pinned	1	median_ns	383.197422	40	1.0000	0	0		
rank	srt-256	(set)	match-compliance	whole-subject	separate artifact	pcrec_c4c70f2c_vm-caps-simdna	measured	pinned	1	min_ns	381.356280	40	1.0000	0	0		
rank	srt-256	(set)	match-compliance	whole-subject	separate artifact	pcrec_c4c70f2c_vm-caps-simdna	measured	pinned	1	max_ns	393.894960	40	1.0000	0	0		
rank	srt-256	(set)	match-compliance	whole-subject	separate artifact	pcrec_c4c70f2c_vm-caps-simdna	measured	pinned	1	stddev_ns	4.534645	40	1.0000	0	0		
rank	srt-256	(set)	match-compliance	whole-subject	separate artifact	pcrec_c4c70f2c_vm-caps-simdna	measured	pinned	1	ratio_vs_baseline	1.000000	40	1.0000	0	0		
rank	srt-256	(set)	match-compliance	whole-subject	separate artifact	pcrec_c4c70f2c_vm-caps-simdna	measured	pinned	1	ratio_vs_best	1.000000	40	1.0000	0	0		
rank	srt-256	(set)	match-compliance	whole-subject	separate artifact	rust_1.13.1_default-caps-simdna	measured	pinned	2	median_ns	900.657996	40	1.0000	0	0		
rank	srt-256	(set)	match-compliance	whole-subject	separate artifact	rust_1.13.1_default-caps-simdna	measured	pinned	2	min_ns	900.305900	40	1.0000	0	0		
rank	srt-256	(set)	match-compliance	whole-subject	separate artifact	rust_1.13.1_default-caps-simdna	measured	pinned	2	max_ns	902.167444	40	1.0000	0	0		
rank	srt-256	(set)	match-compliance	whole-subject	separate artifact	rust_1.13.1_default-caps-simdna	measured	pinned	2	stddev_ns	0.668210	40	1.0000	0	0		
rank	srt-256	(set)	match-compliance	whole-subject	separate artifact	rust_1.13.1_default-caps-simdna	measured	pinned	2	ratio_vs_baseline	2.350376	40	1.0000	0	0		
rank	srt-256	(set)	match-compliance	whole-subject	separate artifact	rust_1.13.1_default-caps-simdna	measured	pinned	2	ratio_vs_best	2.350376	40	1.0000	0	0		
rank	srt-256	(set)	match-compliance	whole-subject	separate artifact	pcrec_c4c70f2c_auto-caps-simdna	measured	pinned	3	median_ns	1061.995923	40	1.0000	0	0		
rank	srt-256	(set)	match-compliance	whole-subject	separate artifact	pcrec_c4c70f2c_auto-caps-simdna	measured	pinned	3	min_ns	1060.330540	40	1.0000	0	0		
rank	srt-256	(set)	match-compliance	whole-subject	separate artifact	pcrec_c4c70f2c_auto-caps-simdna	measured	pinned	3	max_ns	1071.300470	40	1.0000	0	0		
rank	srt-256	(set)	match-compliance	whole-subject	separate artifact	pcrec_c4c70f2c_auto-caps-simdna	measured	pinned	3	stddev_ns	3.992234	40	1.0000	0	0		
rank	srt-256	(set)	match-compliance	whole-subject	separate artifact	pcrec_c4c70f2c_auto-caps-simdna	measured	pinned	3	ratio_vs_baseline	2.771407	40	1.0000	0	0		
rank	srt-256	(set)	match-compliance	whole-subject	separate artifact	pcrec_c4c70f2c_auto-caps-simdna	measured	pinned	3	ratio_vs_best	2.771407	40	1.0000	0	0		
rank	srt-256	(set)	match-compliance	plain	same program	libpcre2_10.46_jit-caps-simdna	measured	pinned	4	median_ns	57945.878538	40	1.0000	0	0		
rank	srt-256	(set)	match-compliance	plain	same program	libpcre2_10.46_jit-caps-simdna	measured	pinned	4	min_ns	57301.365662	40	1.0000	0	0		
rank	srt-256	(set)	match-compliance	plain	same program	libpcre2_10.46_jit-caps-simdna	measured	pinned	4	max_ns	74181.938387	40	1.0000	0	0		
rank	srt-256	(set)	match-compliance	plain	same program	libpcre2_10.46_jit-caps-simdna	measured	pinned	4	stddev_ns	6810.666778	40	1.0000	0	0		
rank	srt-256	(set)	match-compliance	plain	same program	libpcre2_10.46_jit-caps-simdna	measured	pinned	4	ratio_vs_baseline	151.216776	40	1.0000	0	0		
rank	srt-256	(set)	match-compliance	plain	same program	libpcre2_10.46_jit-caps-simdna	measured	pinned	4	ratio_vs_best	151.216776	40	1.0000	0	0		
baseline	srt-256	(set)	short-subject-search			pcrec_c4c70f2c_auto-caps-simdna				baseline_identity	row-best-fallback					pcrec_c4c70f2c_auto-caps-simdna (row-best fallback -- interp absent from this group)	
rank	srt-256	(set)	short-subject-search	plain	same program	pcrec_c4c70f2c_auto-caps-simdna	measured	pinned	1	median_ns	7613.713835	40	1.0000	0	0		
rank	srt-256	(set)	short-subject-search	plain	same program	pcrec_c4c70f2c_auto-caps-simdna	measured	pinned	1	min_ns	7604.866796	40	1.0000	0	0		
rank	srt-256	(set)	short-subject-search	plain	same program	pcrec_c4c70f2c_auto-caps-simdna	measured	pinned	1	max_ns	7625.200050	40	1.0000	0	0		
rank	srt-256	(set)	short-subject-search	plain	same program	pcrec_c4c70f2c_auto-caps-simdna	measured	pinned	1	stddev_ns	6.955951	40	1.0000	0	0		
rank	srt-256	(set)	short-subject-search	plain	same program	pcrec_c4c70f2c_auto-caps-simdna	measured	pinned	1	ratio_vs_baseline	1.000000	40	1.0000	0	0		
rank	srt-256	(set)	short-subject-search	plain	same program	pcrec_c4c70f2c_auto-caps-simdna	measured	pinned	1	ratio_vs_best	1.000000	40	1.0000	0	0		
rank	srt-256	(set)	short-subject-search	plain	same program	rust_1.13.1_default-caps-simdna	measured	pinned	2	median_ns	11967.325991	40	1.0000	0	0		
rank	srt-256	(set)	short-subject-search	plain	same program	rust_1.13.1_default-caps-simdna	measured	pinned	2	min_ns	11935.077848	40	1.0000	0	0		
rank	srt-256	(set)	short-subject-search	plain	same program	rust_1.13.1_default-caps-simdna	measured	pinned	2	max_ns	12123.963652	40	1.0000	0	0		
rank	srt-256	(set)	short-subject-search	plain	same program	rust_1.13.1_default-caps-simdna	measured	pinned	2	stddev_ns	69.617747	40	1.0000	0	0		
rank	srt-256	(set)	short-subject-search	plain	same program	rust_1.13.1_default-caps-simdna	measured	pinned	2	ratio_vs_baseline	1.571812	40	1.0000	0	0		
rank	srt-256	(set)	short-subject-search	plain	same program	rust_1.13.1_default-caps-simdna	measured	pinned	2	ratio_vs_best	1.571812	40	1.0000	0	0		
rank	srt-256	(set)	short-subject-search	plain	same program	pcrec_c4c70f2c_vm-caps-simdna	measured	pinned	3	median_ns	52019.312036	40	1.0000	0	0		
rank	srt-256	(set)	short-subject-search	plain	same program	pcrec_c4c70f2c_vm-caps-simdna	measured	pinned	3	min_ns	50535.882308	40	1.0000	0	0		
rank	srt-256	(set)	short-subject-search	plain	same program	pcrec_c4c70f2c_vm-caps-simdna	measured	pinned	3	max_ns	52524.893433	40	1.0000	0	0		
rank	srt-256	(set)	short-subject-search	plain	same program	pcrec_c4c70f2c_vm-caps-simdna	measured	pinned	3	stddev_ns	779.916462	40	1.0000	0	0		
rank	srt-256	(set)	short-subject-search	plain	same program	pcrec_c4c70f2c_vm-caps-simdna	measured	pinned	3	ratio_vs_baseline	6.832318	40	1.0000	0	0		
rank	srt-256	(set)	short-subject-search	plain	same program	pcrec_c4c70f2c_vm-caps-simdna	measured	pinned	3	ratio_vs_best	6.832318	40	1.0000	0	0		
rank	srt-256	(set)	short-subject-search	plain	same program	libpcre2_10.46_jit-caps-simdna	measured	pinned	4	median_ns	1171553.153445	40	1.0000	0	0		
rank	srt-256	(set)	short-subject-search	plain	same program	libpcre2_10.46_jit-caps-simdna	measured	pinned	4	min_ns	1123441.595831	40	1.0000	0	0		
rank	srt-256	(set)	short-subject-search	plain	same program	libpcre2_10.46_jit-caps-simdna	measured	pinned	4	max_ns	1200878.515345	40	1.0000	0	0		
rank	srt-256	(set)	short-subject-search	plain	same program	libpcre2_10.46_jit-caps-simdna	measured	pinned	4	stddev_ns	30224.541843	40	1.0000	0	0		
rank	srt-256	(set)	short-subject-search	plain	same program	libpcre2_10.46_jit-caps-simdna	measured	pinned	4	ratio_vs_baseline	153.874072	40	1.0000	0	0		
rank	srt-256	(set)	short-subject-search	plain	same program	libpcre2_10.46_jit-caps-simdna	measured	pinned	4	ratio_vs_best	153.874072	40	1.0000	0	0		
baseline	srt-512	(set)	large-subject-throughput			rust_1.13.1_default-caps-simdna				baseline_identity	row-best-fallback					rust_1.13.1_default-caps-simdna (row-best fallback -- interp absent from this group)	
rank	srt-512	(set)	large-subject-throughput	plain	same program	rust_1.13.1_default-caps-simdna	measured	pinned	1	median_ns	3525817.615385	4	1.0000	0	0		
rank	srt-512	(set)	large-subject-throughput	plain	same program	rust_1.13.1_default-caps-simdna	measured	pinned	1	min_ns	3508701.384615	4	1.0000	0	0		
rank	srt-512	(set)	large-subject-throughput	plain	same program	rust_1.13.1_default-caps-simdna	measured	pinned	1	max_ns	3527257.538462	4	1.0000	0	0		
rank	srt-512	(set)	large-subject-throughput	plain	same program	rust_1.13.1_default-caps-simdna	measured	pinned	1	stddev_ns	7007.067989	4	1.0000	0	0		
rank	srt-512	(set)	large-subject-throughput	plain	same program	rust_1.13.1_default-caps-simdna	measured	pinned	1	ratio_vs_baseline	1.000000	4	1.0000	0	0		
rank	srt-512	(set)	large-subject-throughput	plain	same program	rust_1.13.1_default-caps-simdna	measured	pinned	1	ratio_vs_best	1.000000	4	1.0000	0	0		
rank	srt-512	(set)	large-subject-throughput	plain	same program	pcrec_c4c70f2c_auto-caps-simdna	measured	pinned	2	median_ns	4095460.086420	4	1.0000	0	0		
rank	srt-512	(set)	large-subject-throughput	plain	same program	pcrec_c4c70f2c_auto-caps-simdna	measured	pinned	2	min_ns	4094889.493827	4	1.0000	0	0		
rank	srt-512	(set)	large-subject-throughput	plain	same program	pcrec_c4c70f2c_auto-caps-simdna	measured	pinned	2	max_ns	4108897.814815	4	1.0000	0	0		
rank	srt-512	(set)	large-subject-throughput	plain	same program	pcrec_c4c70f2c_auto-caps-simdna	measured	pinned	2	stddev_ns	5327.066248	4	1.0000	0	0		
rank	srt-512	(set)	large-subject-throughput	plain	same program	pcrec_c4c70f2c_auto-caps-simdna	measured	pinned	2	ratio_vs_baseline	1.161563	4	1.0000	0	0		
rank	srt-512	(set)	large-subject-throughput	plain	same program	pcrec_c4c70f2c_auto-caps-simdna	measured	pinned	2	ratio_vs_best	1.161563	4	1.0000	0	0		
rank	srt-512	(set)	large-subject-throughput	plain	same program	pcrec_c4c70f2c_vm-caps-simdna	measured	pinned	3	median_ns	16974524.857143	4	1.0000	0	0		
rank	srt-512	(set)	large-subject-throughput	plain	same program	pcrec_c4c70f2c_vm-caps-simdna	measured	pinned	3	min_ns	16691246.142857	4	1.0000	0	0		
rank	srt-512	(set)	large-subject-throughput	plain	same program	pcrec_c4c70f2c_vm-caps-simdna	measured	pinned	3	max_ns	17011840.238095	4	1.0000	0	0		
rank	srt-512	(set)	large-subject-throughput	plain	same program	pcrec_c4c70f2c_vm-caps-simdna	measured	pinned	3	stddev_ns	120160.482155	4	1.0000	0	0		
rank	srt-512	(set)	large-subject-throughput	plain	same program	pcrec_c4c70f2c_vm-caps-simdna	measured	pinned	3	ratio_vs_baseline	4.814351	4	1.0000	0	0		
rank	srt-512	(set)	large-subject-throughput	plain	same program	pcrec_c4c70f2c_vm-caps-simdna	measured	pinned	3	ratio_vs_best	4.814351	4	1.0000	0	0		
rank	srt-512	(set)	large-subject-throughput	plain	same program	libpcre2_10.46_jit-caps-simdna	measured	pinned	4	median_ns	588894532.000000	4	1.0000	0	0		
rank	srt-512	(set)	large-subject-throughput	plain	same program	libpcre2_10.46_jit-caps-simdna	measured	pinned	4	min_ns	580549667.000000	4	1.0000	0	0		
rank	srt-512	(set)	large-subject-throughput	plain	same program	libpcre2_10.46_jit-caps-simdna	measured	pinned	4	max_ns	589561306.000000	4	1.0000	0	0		
rank	srt-512	(set)	large-subject-throughput	plain	same program	libpcre2_10.46_jit-caps-simdna	measured	pinned	4	stddev_ns	3367644.539133	4	1.0000	0	0		
rank	srt-512	(set)	large-subject-throughput	plain	same program	libpcre2_10.46_jit-caps-simdna	measured	pinned	4	ratio_vs_baseline	167.023538	4	1.0000	0	0		
rank	srt-512	(set)	large-subject-throughput	plain	same program	libpcre2_10.46_jit-caps-simdna	measured	pinned	4	ratio_vs_best	167.023538	4	1.0000	0	0		
baseline	srt-512	(set)	match-compliance			pcrec_c4c70f2c_vm-caps-simdna				baseline_identity	row-best-fallback					pcrec_c4c70f2c_vm-caps-simdna (row-best fallback -- interp absent from this group)	
rank	srt-512	(set)	match-compliance	whole-subject	separate artifact	pcrec_c4c70f2c_vm-caps-simdna	measured	pinned	1	median_ns	398.403975	40	1.0000	0	0		
rank	srt-512	(set)	match-compliance	whole-subject	separate artifact	pcrec_c4c70f2c_vm-caps-simdna	measured	pinned	1	min_ns	397.492785	40	1.0000	0	0		
rank	srt-512	(set)	match-compliance	whole-subject	separate artifact	pcrec_c4c70f2c_vm-caps-simdna	measured	pinned	1	max_ns	402.060032	40	1.0000	0	0		
rank	srt-512	(set)	match-compliance	whole-subject	separate artifact	pcrec_c4c70f2c_vm-caps-simdna	measured	pinned	1	stddev_ns	1.668116	40	1.0000	0	0		
rank	srt-512	(set)	match-compliance	whole-subject	separate artifact	pcrec_c4c70f2c_vm-caps-simdna	measured	pinned	1	ratio_vs_baseline	1.000000	40	1.0000	0	0		
rank	srt-512	(set)	match-compliance	whole-subject	separate artifact	pcrec_c4c70f2c_vm-caps-simdna	measured	pinned	1	ratio_vs_best	1.000000	40	1.0000	0	0		
rank	srt-512	(set)	match-compliance	whole-subject	separate artifact	rust_1.13.1_default-caps-simdna	measured	pinned	2	median_ns	1014.332029	40	1.0000	0	0		
rank	srt-512	(set)	match-compliance	whole-subject	separate artifact	rust_1.13.1_default-caps-simdna	measured	pinned	2	min_ns	1013.328574	40	1.0000	0	0		
rank	srt-512	(set)	match-compliance	whole-subject	separate artifact	rust_1.13.1_default-caps-simdna	measured	pinned	2	max_ns	1014.786768	40	1.0000	0	0		
rank	srt-512	(set)	match-compliance	whole-subject	separate artifact	rust_1.13.1_default-caps-simdna	measured	pinned	2	stddev_ns	0.548804	40	1.0000	0	0		
rank	srt-512	(set)	match-compliance	whole-subject	separate artifact	rust_1.13.1_default-caps-simdna	measured	pinned	2	ratio_vs_baseline	2.545989	40	1.0000	0	0		
rank	srt-512	(set)	match-compliance	whole-subject	separate artifact	rust_1.13.1_default-caps-simdna	measured	pinned	2	ratio_vs_best	2.545989	40	1.0000	0	0		
rank	srt-512	(set)	match-compliance	whole-subject	separate artifact	pcrec_c4c70f2c_auto-caps-simdna	measured	pinned	3	median_ns	1490.155622	40	1.0000	0	0		
rank	srt-512	(set)	match-compliance	whole-subject	separate artifact	pcrec_c4c70f2c_auto-caps-simdna	measured	pinned	3	min_ns	1486.422097	40	1.0000	0	0		
rank	srt-512	(set)	match-compliance	whole-subject	separate artifact	pcrec_c4c70f2c_auto-caps-simdna	measured	pinned	3	max_ns	1494.324772	40	1.0000	0	0		
rank	srt-512	(set)	match-compliance	whole-subject	separate artifact	pcrec_c4c70f2c_auto-caps-simdna	measured	pinned	3	stddev_ns	2.673165	40	1.0000	0	0		
rank	srt-512	(set)	match-compliance	whole-subject	separate artifact	pcrec_c4c70f2c_auto-caps-simdna	measured	pinned	3	ratio_vs_baseline	3.740313	40	1.0000	0	0		
rank	srt-512	(set)	match-compliance	whole-subject	separate artifact	pcrec_c4c70f2c_auto-caps-simdna	measured	pinned	3	ratio_vs_best	3.740313	40	1.0000	0	0		
rank	srt-512	(set)	match-compliance	plain	same program	libpcre2_10.46_jit-caps-simdna	measured	pinned	4	median_ns	116002.824183	40	1.0000	0	0		
rank	srt-512	(set)	match-compliance	plain	same program	libpcre2_10.46_jit-caps-simdna	measured	pinned	4	min_ns	112312.876012	40	1.0000	0	0		
rank	srt-512	(set)	match-compliance	plain	same program	libpcre2_10.46_jit-caps-simdna	measured	pinned	4	max_ns	151045.304185	40	1.0000	0	0		
rank	srt-512	(set)	match-compliance	plain	same program	libpcre2_10.46_jit-caps-simdna	measured	pinned	4	stddev_ns	14673.444030	40	1.0000	0	0		
rank	srt-512	(set)	match-compliance	plain	same program	libpcre2_10.46_jit-caps-simdna	measured	pinned	4	ratio_vs_baseline	291.168842	40	1.0000	0	0		
rank	srt-512	(set)	match-compliance	plain	same program	libpcre2_10.46_jit-caps-simdna	measured	pinned	4	ratio_vs_best	291.168842	40	1.0000	0	0		
baseline	srt-512	(set)	short-subject-search			rust_1.13.1_default-caps-simdna				baseline_identity	row-best-fallback					rust_1.13.1_default-caps-simdna (row-best fallback -- interp absent from this group)	
rank	srt-512	(set)	short-subject-search	plain	same program	rust_1.13.1_default-caps-simdna	measured	pinned	1	median_ns	12628.897213	40	1.0000	0	0		
rank	srt-512	(set)	short-subject-search	plain	same program	rust_1.13.1_default-caps-simdna	measured	pinned	1	min_ns	12625.172434	40	1.0000	0	0		
rank	srt-512	(set)	short-subject-search	plain	same program	rust_1.13.1_default-caps-simdna	measured	pinned	1	max_ns	12714.450621	40	1.0000	0	0		
rank	srt-512	(set)	short-subject-search	plain	same program	rust_1.13.1_default-caps-simdna	measured	pinned	1	stddev_ns	34.536947	40	1.0000	0	0		
rank	srt-512	(set)	short-subject-search	plain	same program	rust_1.13.1_default-caps-simdna	measured	pinned	1	ratio_vs_baseline	1.000000	40	1.0000	0	0		
rank	srt-512	(set)	short-subject-search	plain	same program	rust_1.13.1_default-caps-simdna	measured	pinned	1	ratio_vs_best	1.000000	40	1.0000	0	0		
rank	srt-512	(set)	short-subject-search	plain	same program	pcrec_c4c70f2c_auto-caps-simdna	measured	pinned	2	median_ns	13685.782047	40	1.0000	0	0		
rank	srt-512	(set)	short-subject-search	plain	same program	pcrec_c4c70f2c_auto-caps-simdna	measured	pinned	2	min_ns	13677.263965	40	1.0000	0	0		
rank	srt-512	(set)	short-subject-search	plain	same program	pcrec_c4c70f2c_auto-caps-simdna	measured	pinned	2	max_ns	13730.928853	40	1.0000	0	0		
rank	srt-512	(set)	short-subject-search	plain	same program	pcrec_c4c70f2c_auto-caps-simdna	measured	pinned	2	stddev_ns	19.244811	40	1.0000	0	0		
rank	srt-512	(set)	short-subject-search	plain	same program	pcrec_c4c70f2c_auto-caps-simdna	measured	pinned	2	ratio_vs_baseline	1.083688	40	1.0000	0	0		
rank	srt-512	(set)	short-subject-search	plain	same program	pcrec_c4c70f2c_auto-caps-simdna	measured	pinned	2	ratio_vs_best	1.083688	40	1.0000	0	0		
rank	srt-512	(set)	short-subject-search	plain	same program	pcrec_c4c70f2c_vm-caps-simdna	measured	pinned	3	median_ns	54098.595315	40	1.0000	0	0		
rank	srt-512	(set)	short-subject-search	plain	same program	pcrec_c4c70f2c_vm-caps-simdna	measured	pinned	3	min_ns	52893.218275	40	1.0000	0	0		
rank	srt-512	(set)	short-subject-search	plain	same program	pcrec_c4c70f2c_vm-caps-simdna	measured	pinned	3	max_ns	54454.942233	40	1.0000	0	0		
rank	srt-512	(set)	short-subject-search	plain	same program	pcrec_c4c70f2c_vm-caps-simdna	measured	pinned	3	stddev_ns	549.262889	40	1.0000	0	0		
rank	srt-512	(set)	short-subject-search	plain	same program	pcrec_c4c70f2c_vm-caps-simdna	measured	pinned	3	ratio_vs_baseline	4.283715	40	1.0000	0	0		
rank	srt-512	(set)	short-subject-search	plain	same program	pcrec_c4c70f2c_vm-caps-simdna	measured	pinned	3	ratio_vs_best	4.283715	40	1.0000	0	0		
rank	srt-512	(set)	short-subject-search	plain	same program	libpcre2_10.46_jit-caps-simdna	measured	pinned	4	median_ns	2674199.053777	40	1.0000	0	0		
rank	srt-512	(set)	short-subject-search	plain	same program	libpcre2_10.46_jit-caps-simdna	measured	pinned	4	min_ns	2668415.165173	40	1.0000	0	0		
rank	srt-512	(set)	short-subject-search	plain	same program	libpcre2_10.46_jit-caps-simdna	measured	pinned	4	max_ns	2684680.306018	40	1.0000	0	0		
rank	srt-512	(set)	short-subject-search	plain	same program	libpcre2_10.46_jit-caps-simdna	measured	pinned	4	stddev_ns	6379.795226	40	1.0000	0	0		
rank	srt-512	(set)	short-subject-search	plain	same program	libpcre2_10.46_jit-caps-simdna	measured	pinned	4	ratio_vs_baseline	211.752381	40	1.0000	0	0		
rank	srt-512	(set)	short-subject-search	plain	same program	libpcre2_10.46_jit-caps-simdna	measured	pinned	4	ratio_vs_best	211.752381	40	1.0000	0	0		
baseline	w-1024	(set)	large-subject-throughput			rust_1.13.1_default-caps-simdna				baseline_identity	row-best-fallback					rust_1.13.1_default-caps-simdna (row-best fallback -- interp absent from this group)	
rank	w-1024	(set)	large-subject-throughput	plain	same program	rust_1.13.1_default-caps-simdna	measured	pinned	1	median_ns	6116305.750000	4	1.0000	0	0		
rank	w-1024	(set)	large-subject-throughput	plain	same program	rust_1.13.1_default-caps-simdna	measured	pinned	1	min_ns	6104397.000000	4	1.0000	0	0		
rank	w-1024	(set)	large-subject-throughput	plain	same program	rust_1.13.1_default-caps-simdna	measured	pinned	1	max_ns	6149223.375000	4	1.0000	0	0		
rank	w-1024	(set)	large-subject-throughput	plain	same program	rust_1.13.1_default-caps-simdna	measured	pinned	1	stddev_ns	18015.388773	4	1.0000	0	0		
rank	w-1024	(set)	large-subject-throughput	plain	same program	rust_1.13.1_default-caps-simdna	measured	pinned	1	ratio_vs_baseline	1.000000	4	1.0000	0	0		
rank	w-1024	(set)	large-subject-throughput	plain	same program	rust_1.13.1_default-caps-simdna	measured	pinned	1	ratio_vs_best	1.000000	4	1.0000	0	0		
rank	w-1024	(set)	large-subject-throughput	plain	same program	pcrec_c4c70f2c_vm-caps-simdna	measured	pinned	2	median_ns	18487947.000000	4	1.0000	0	0		
rank	w-1024	(set)	large-subject-throughput	plain	same program	pcrec_c4c70f2c_vm-caps-simdna	measured	pinned	2	min_ns	18479120.684211	4	1.0000	0	0		
rank	w-1024	(set)	large-subject-throughput	plain	same program	pcrec_c4c70f2c_vm-caps-simdna	measured	pinned	2	max_ns	18515737.157895	4	1.0000	0	0		
rank	w-1024	(set)	large-subject-throughput	plain	same program	pcrec_c4c70f2c_vm-caps-simdna	measured	pinned	2	stddev_ns	13917.123405	4	1.0000	0	0		
rank	w-1024	(set)	large-subject-throughput	plain	same program	pcrec_c4c70f2c_vm-caps-simdna	measured	pinned	2	ratio_vs_baseline	3.022731	4	1.0000	0	0		
rank	w-1024	(set)	large-subject-throughput	plain	same program	pcrec_c4c70f2c_vm-caps-simdna	measured	pinned	2	ratio_vs_best	3.022731	4	1.0000	0	0		
rank	w-1024	(set)	large-subject-throughput	plain	same program	libpcre2_10.46_jit-caps-simdna	measured	pinned	3	median_ns	1192701225.000000	4	1.0000	0	0		
rank	w-1024	(set)	large-subject-throughput	plain	same program	libpcre2_10.46_jit-caps-simdna	measured	pinned	3	min_ns	1189003865.000000	4	1.0000	0	0		
rank	w-1024	(set)	large-subject-throughput	plain	same program	libpcre2_10.46_jit-caps-simdna	measured	pinned	3	max_ns	1194099131.000000	4	1.0000	0	0		
rank	w-1024	(set)	large-subject-throughput	plain	same program	libpcre2_10.46_jit-caps-simdna	measured	pinned	3	stddev_ns	1766489.942021	4	1.0000	0	0		
rank	w-1024	(set)	large-subject-throughput	plain	same program	libpcre2_10.46_jit-caps-simdna	measured	pinned	3	ratio_vs_baseline	195.003532	4	1.0000	0	0		
rank	w-1024	(set)	large-subject-throughput	plain	same program	libpcre2_10.46_jit-caps-simdna	measured	pinned	3	ratio_vs_best	195.003532	4	1.0000	0	0		
did_not_compile	w-1024	(set)	large-subject-throughput			pcrec_c4c70f2c_auto-caps-simdna	did-not-compile									pcrec: pattern too large: 1245363 bytes of emitted C source (limit 1000000, ~206 KB .o). Lower a repeat count, try --unroll=1, or raise --max-emit-bytes; see limits.md "Handling an oversized artifact" (pattern offset 0)	
baseline	w-1024	(set)	match-compliance			pcrec_c4c70f2c_vm-caps-simdna				baseline_identity	row-best-fallback					pcrec_c4c70f2c_vm-caps-simdna (row-best fallback -- interp absent from this group)	
rank	w-1024	(set)	match-compliance	whole-subject	separate artifact	pcrec_c4c70f2c_vm-caps-simdna	measured	pinned	1	median_ns	409.960119	40	1.0000	0	0		
rank	w-1024	(set)	match-compliance	whole-subject	separate artifact	pcrec_c4c70f2c_vm-caps-simdna	measured	pinned	1	min_ns	408.840063	40	1.0000	0	0		
rank	w-1024	(set)	match-compliance	whole-subject	separate artifact	pcrec_c4c70f2c_vm-caps-simdna	measured	pinned	1	max_ns	411.233721	40	1.0000	0	0		
rank	w-1024	(set)	match-compliance	whole-subject	separate artifact	pcrec_c4c70f2c_vm-caps-simdna	measured	pinned	1	stddev_ns	0.861784	40	1.0000	0	0		
rank	w-1024	(set)	match-compliance	whole-subject	separate artifact	pcrec_c4c70f2c_vm-caps-simdna	measured	pinned	1	ratio_vs_baseline	1.000000	40	1.0000	0	0		
rank	w-1024	(set)	match-compliance	whole-subject	separate artifact	pcrec_c4c70f2c_vm-caps-simdna	measured	pinned	1	ratio_vs_best	1.000000	40	1.0000	0	0		
rank	w-1024	(set)	match-compliance	whole-subject	separate artifact	rust_1.13.1_default-caps-simdna	measured	pinned	2	median_ns	1016.401096	40	1.0000	0	0		
rank	w-1024	(set)	match-compliance	whole-subject	separate artifact	rust_1.13.1_default-caps-simdna	measured	pinned	2	min_ns	1015.441780	40	1.0000	0	0		
rank	w-1024	(set)	match-compliance	whole-subject	separate artifact	rust_1.13.1_default-caps-simdna	measured	pinned	2	max_ns	1037.949177	40	1.0000	0	0		
rank	w-1024	(set)	match-compliance	whole-subject	separate artifact	rust_1.13.1_default-caps-simdna	measured	pinned	2	stddev_ns	8.544109	40	1.0000	0	0		
rank	w-1024	(set)	match-compliance	whole-subject	separate artifact	rust_1.13.1_default-caps-simdna	measured	pinned	2	ratio_vs_baseline	2.479268	40	1.0000	0	0		
rank	w-1024	(set)	match-compliance	whole-subject	separate artifact	rust_1.13.1_default-caps-simdna	measured	pinned	2	ratio_vs_best	2.479268	40	1.0000	0	0		
rank	w-1024	(set)	match-compliance	plain	same program	libpcre2_10.46_jit-caps-simdna	measured	pinned	3	median_ns	195743.426832	40	1.0000	0	0		
rank	w-1024	(set)	match-compliance	plain	same program	libpcre2_10.46_jit-caps-simdna	measured	pinned	3	min_ns	194748.393848	40	1.0000	0	0		
rank	w-1024	(set)	match-compliance	plain	same program	libpcre2_10.46_jit-caps-simdna	measured	pinned	3	max_ns	199859.450169	40	1.0000	0	0		
rank	w-1024	(set)	match-compliance	plain	same program	libpcre2_10.46_jit-caps-simdna	measured	pinned	3	stddev_ns	1838.092456	40	1.0000	0	0		
rank	w-1024	(set)	match-compliance	plain	same program	libpcre2_10.46_jit-caps-simdna	measured	pinned	3	ratio_vs_baseline	477.469436	40	1.0000	0	0		
rank	w-1024	(set)	match-compliance	plain	same program	libpcre2_10.46_jit-caps-simdna	measured	pinned	3	ratio_vs_best	477.469436	40	1.0000	0	0		
did_not_compile	w-1024	(set)	match-compliance			pcrec_c4c70f2c_auto-caps-simdna	did-not-compile									pcrec: pattern too large: 1245363 bytes of emitted C source (limit 1000000, ~206 KB .o). Lower a repeat count, try --unroll=1, or raise --max-emit-bytes; see limits.md "Handling an oversized artifact" (pattern offset 0)	
baseline	w-1024	(set)	short-subject-search			rust_1.13.1_default-caps-simdna				baseline_identity	row-best-fallback					rust_1.13.1_default-caps-simdna (row-best fallback -- interp absent from this group)	
rank	w-1024	(set)	short-subject-search	plain	same program	rust_1.13.1_default-caps-simdna	measured	pinned	1	median_ns	12427.563737	40	1.0000	0	0		
rank	w-1024	(set)	short-subject-search	plain	same program	rust_1.13.1_default-caps-simdna	measured	pinned	1	min_ns	12404.314856	40	1.0000	0	0		
rank	w-1024	(set)	short-subject-search	plain	same program	rust_1.13.1_default-caps-simdna	measured	pinned	1	max_ns	12569.874622	40	1.0000	0	0		
rank	w-1024	(set)	short-subject-search	plain	same program	rust_1.13.1_default-caps-simdna	measured	pinned	1	stddev_ns	59.660482	40	1.0000	0	0		
rank	w-1024	(set)	short-subject-search	plain	same program	rust_1.13.1_default-caps-simdna	measured	pinned	1	ratio_vs_baseline	1.000000	40	1.0000	0	0		
rank	w-1024	(set)	short-subject-search	plain	same program	rust_1.13.1_default-caps-simdna	measured	pinned	1	ratio_vs_best	1.000000	40	1.0000	0	0		
rank	w-1024	(set)	short-subject-search	plain	same program	pcrec_c4c70f2c_vm-caps-simdna	measured	pinned	2	median_ns	49089.466727	40	1.0000	0	0		
rank	w-1024	(set)	short-subject-search	plain	same program	pcrec_c4c70f2c_vm-caps-simdna	measured	pinned	2	min_ns	49008.380506	40	1.0000	0	0		
rank	w-1024	(set)	short-subject-search	plain	same program	pcrec_c4c70f2c_vm-caps-simdna	measured	pinned	2	max_ns	49206.754526	40	1.0000	0	0		
rank	w-1024	(set)	short-subject-search	plain	same program	pcrec_c4c70f2c_vm-caps-simdna	measured	pinned	2	stddev_ns	68.318435	40	1.0000	0	0		
rank	w-1024	(set)	short-subject-search	plain	same program	pcrec_c4c70f2c_vm-caps-simdna	measured	pinned	2	ratio_vs_baseline	3.950047	40	1.0000	0	0		
rank	w-1024	(set)	short-subject-search	plain	same program	pcrec_c4c70f2c_vm-caps-simdna	measured	pinned	2	ratio_vs_best	3.950047	40	1.0000	0	0		
rank	w-1024	(set)	short-subject-search	plain	same program	libpcre2_10.46_jit-caps-simdna	measured	pinned	3	median_ns	5079166.697778	40	1.0000	0	0		
rank	w-1024	(set)	short-subject-search	plain	same program	libpcre2_10.46_jit-caps-simdna	measured	pinned	3	min_ns	5059460.820000	40	1.0000	0	0		
rank	w-1024	(set)	short-subject-search	plain	same program	libpcre2_10.46_jit-caps-simdna	measured	pinned	3	max_ns	5088775.460000	40	1.0000	0	0		
rank	w-1024	(set)	short-subject-search	plain	same program	libpcre2_10.46_jit-caps-simdna	measured	pinned	3	stddev_ns	10518.484497	40	1.0000	0	0		
rank	w-1024	(set)	short-subject-search	plain	same program	libpcre2_10.46_jit-caps-simdna	measured	pinned	3	ratio_vs_baseline	408.701722	40	1.0000	0	0		
rank	w-1024	(set)	short-subject-search	plain	same program	libpcre2_10.46_jit-caps-simdna	measured	pinned	3	ratio_vs_best	408.701722	40	1.0000	0	0		
did_not_compile	w-1024	(set)	short-subject-search			pcrec_c4c70f2c_auto-caps-simdna	did-not-compile									pcrec: pattern too large: 1245363 bytes of emitted C source (limit 1000000, ~206 KB .o). Lower a repeat count, try --unroll=1, or raise --max-emit-bytes; see limits.md "Handling an oversized artifact" (pattern offset 0)	
baseline	w-128	(set)	large-subject-throughput			rust_1.13.1_default-caps-simdna				baseline_identity	row-best-fallback					rust_1.13.1_default-caps-simdna (row-best fallback -- interp absent from this group)	
rank	w-128	(set)	large-subject-throughput	plain	same program	rust_1.13.1_default-caps-simdna	measured	pinned	1	median_ns	1799906.112903	4	1.0000	0	0		
rank	w-128	(set)	large-subject-throughput	plain	same program	rust_1.13.1_default-caps-simdna	measured	pinned	1	min_ns	1799027.935484	4	1.0000	0	0		
rank	w-128	(set)	large-subject-throughput	plain	same program	rust_1.13.1_default-caps-simdna	measured	pinned	1	max_ns	1800949.887097	4	1.0000	0	0		
rank	w-128	(set)	large-subject-throughput	plain	same program	rust_1.13.1_default-caps-simdna	measured	pinned	1	stddev_ns	610.352361	4	1.0000	0	0		
rank	w-128	(set)	large-subject-throughput	plain	same program	rust_1.13.1_default-caps-simdna	measured	pinned	1	ratio_vs_baseline	1.000000	4	1.0000	0	0		
rank	w-128	(set)	large-subject-throughput	plain	same program	rust_1.13.1_default-caps-simdna	measured	pinned	1	ratio_vs_best	1.000000	4	1.0000	0	0		
rank	w-128	(set)	large-subject-throughput	plain	same program	pcrec_c4c70f2c_auto-caps-simdna	measured	pinned	2	median_ns	3114253.477064	4	1.0000	0	0		
rank	w-128	(set)	large-subject-throughput	plain	same program	pcrec_c4c70f2c_auto-caps-simdna	measured	pinned	2	min_ns	3102732.220183	4	1.0000	0	0		
rank	w-128	(set)	large-subject-throughput	plain	same program	pcrec_c4c70f2c_auto-caps-simdna	measured	pinned	2	max_ns	3136176.541284	4	1.0000	0	0		
rank	w-128	(set)	large-subject-throughput	plain	same program	pcrec_c4c70f2c_auto-caps-simdna	measured	pinned	2	stddev_ns	12097.273258	4	1.0000	0	0		
rank	w-128	(set)	large-subject-throughput	plain	same program	pcrec_c4c70f2c_auto-caps-simdna	measured	pinned	2	ratio_vs_baseline	1.730231	4	1.0000	0	0		
rank	w-128	(set)	large-subject-throughput	plain	same program	pcrec_c4c70f2c_auto-caps-simdna	measured	pinned	2	ratio_vs_best	1.730231	4	1.0000	0	0		
rank	w-128	(set)	large-subject-throughput	plain	same program	pcrec_c4c70f2c_vm-caps-simdna	measured	pinned	3	median_ns	15115916.000000	4	1.0000	0	0		
rank	w-128	(set)	large-subject-throughput	plain	same program	pcrec_c4c70f2c_vm-caps-simdna	measured	pinned	3	min_ns	14949963.500000	4	1.0000	0	0		
rank	w-128	(set)	large-subject-throughput	plain	same program	pcrec_c4c70f2c_vm-caps-simdna	measured	pinned	3	max_ns	15122028.125000	4	1.0000	0	0		
rank	w-128	(set)	large-subject-throughput	plain	same program	pcrec_c4c70f2c_vm-caps-simdna	measured	pinned	3	stddev_ns	75452.070632	4	1.0000	0	0		
rank	w-128	(set)	large-subject-throughput	plain	same program	pcrec_c4c70f2c_vm-caps-simdna	measured	pinned	3	ratio_vs_baseline	8.398169	4	1.0000	0	0		
rank	w-128	(set)	large-subject-throughput	plain	same program	pcrec_c4c70f2c_vm-caps-simdna	measured	pinned	3	ratio_vs_best	8.398169	4	1.0000	0	0		
rank	w-128	(set)	large-subject-throughput	plain	same program	libpcre2_10.46_jit-caps-simdna	measured	pinned	4	median_ns	102055603.250000	4	1.0000	0	0		
rank	w-128	(set)	large-subject-throughput	plain	same program	libpcre2_10.46_jit-caps-simdna	measured	pinned	4	min_ns	86945443.000000	4	1.0000	0	0		
rank	w-128	(set)	large-subject-throughput	plain	same program	libpcre2_10.46_jit-caps-simdna	measured	pinned	4	max_ns	102622123.750000	4	1.0000	0	0		
rank	w-128	(set)	large-subject-throughput	plain	same program	libpcre2_10.46_jit-caps-simdna	measured	pinned	4	stddev_ns	6088636.900188	4	1.0000	0	0		
rank	w-128	(set)	large-subject-throughput	plain	same program	libpcre2_10.46_jit-caps-simdna	measured	pinned	4	ratio_vs_baseline	56.700515	4	1.0000	0	0		
rank	w-128	(set)	large-subject-throughput	plain	same program	libpcre2_10.46_jit-caps-simdna	measured	pinned	4	ratio_vs_best	56.700515	4	1.0000	0	0		
baseline	w-128	(set)	match-compliance			pcrec_c4c70f2c_vm-caps-simdna				baseline_identity	row-best-fallback					pcrec_c4c70f2c_vm-caps-simdna (row-best fallback -- interp absent from this group)	
rank	w-128	(set)	match-compliance	whole-subject	separate artifact	pcrec_c4c70f2c_vm-caps-simdna	measured	pinned	1	median_ns	360.998104	40	1.0000	0	0		
rank	w-128	(set)	match-compliance	whole-subject	separate artifact	pcrec_c4c70f2c_vm-caps-simdna	measured	pinned	1	min_ns	360.738826	40	1.0000	0	0		
rank	w-128	(set)	match-compliance	whole-subject	separate artifact	pcrec_c4c70f2c_vm-caps-simdna	measured	pinned	1	max_ns	362.067555	40	1.0000	0	0		
rank	w-128	(set)	match-compliance	whole-subject	separate artifact	pcrec_c4c70f2c_vm-caps-simdna	measured	pinned	1	stddev_ns	0.589058	40	1.0000	0	0		
rank	w-128	(set)	match-compliance	whole-subject	separate artifact	pcrec_c4c70f2c_vm-caps-simdna	measured	pinned	1	ratio_vs_baseline	1.000000	40	1.0000	0	0		
rank	w-128	(set)	match-compliance	whole-subject	separate artifact	pcrec_c4c70f2c_vm-caps-simdna	measured	pinned	1	ratio_vs_best	1.000000	40	1.0000	0	0		
rank	w-128	(set)	match-compliance	whole-subject	separate artifact	pcrec_c4c70f2c_auto-caps-simdna	measured	pinned	2	median_ns	482.884787	40	1.0000	0	0		
rank	w-128	(set)	match-compliance	whole-subject	separate artifact	pcrec_c4c70f2c_auto-caps-simdna	measured	pinned	2	min_ns	477.366749	40	1.0000	0	0		
rank	w-128	(set)	match-compliance	whole-subject	separate artifact	pcrec_c4c70f2c_auto-caps-simdna	measured	pinned	2	max_ns	498.248523	40	1.0000	0	0		
rank	w-128	(set)	match-compliance	whole-subject	separate artifact	pcrec_c4c70f2c_auto-caps-simdna	measured	pinned	2	stddev_ns	7.513803	40	1.0000	0	0		
rank	w-128	(set)	match-compliance	whole-subject	separate artifact	pcrec_c4c70f2c_auto-caps-simdna	measured	pinned	2	ratio_vs_baseline	1.337638	40	1.0000	0	0		
rank	w-128	(set)	match-compliance	whole-subject	separate artifact	pcrec_c4c70f2c_auto-caps-simdna	measured	pinned	2	ratio_vs_best	1.337638	40	1.0000	0	0		
rank	w-128	(set)	match-compliance	whole-subject	separate artifact	rust_1.13.1_default-caps-simdna	measured	pinned	3	median_ns	781.488922	40	1.0000	0	0		
rank	w-128	(set)	match-compliance	whole-subject	separate artifact	rust_1.13.1_default-caps-simdna	measured	pinned	3	min_ns	780.154806	40	1.0000	0	0		
rank	w-128	(set)	match-compliance	whole-subject	separate artifact	rust_1.13.1_default-caps-simdna	measured	pinned	3	max_ns	814.729667	40	1.0000	0	0		
rank	w-128	(set)	match-compliance	whole-subject	separate artifact	rust_1.13.1_default-caps-simdna	measured	pinned	3	stddev_ns	13.472843	40	1.0000	0	0		
rank	w-128	(set)	match-compliance	whole-subject	separate artifact	rust_1.13.1_default-caps-simdna	measured	pinned	3	ratio_vs_baseline	2.164801	40	1.0000	0	0		
rank	w-128	(set)	match-compliance	whole-subject	separate artifact	rust_1.13.1_default-caps-simdna	measured	pinned	3	ratio_vs_best	2.164801	40	1.0000	0	0		
rank	w-128	(set)	match-compliance	plain	same program	libpcre2_10.46_jit-caps-simdna	measured	pinned	4	median_ns	29198.894181	40	1.0000	0	0		
rank	w-128	(set)	match-compliance	plain	same program	libpcre2_10.46_jit-caps-simdna	measured	pinned	4	min_ns	27891.957824	40	1.0000	0	0		
rank	w-128	(set)	match-compliance	plain	same program	libpcre2_10.46_jit-caps-simdna	measured	pinned	4	max_ns	32711.004528	40	1.0000	0	0		
rank	w-128	(set)	match-compliance	plain	same program	libpcre2_10.46_jit-caps-simdna	measured	pinned	4	stddev_ns	1814.462102	40	1.0000	0	0		
rank	w-128	(set)	match-compliance	plain	same program	libpcre2_10.46_jit-caps-simdna	measured	pinned	4	ratio_vs_baseline	80.883788	40	1.0000	0	0		
rank	w-128	(set)	match-compliance	plain	same program	libpcre2_10.46_jit-caps-simdna	measured	pinned	4	ratio_vs_best	80.883788	40	1.0000	0	0		
baseline	w-128	(set)	short-subject-search			pcrec_c4c70f2c_auto-caps-simdna				baseline_identity	row-best-fallback					pcrec_c4c70f2c_auto-caps-simdna (row-best fallback -- interp absent from this group)	
rank	w-128	(set)	short-subject-search	plain	same program	pcrec_c4c70f2c_auto-caps-simdna	measured	pinned	1	median_ns	7586.142158	40	1.0000	0	0		
rank	w-128	(set)	short-subject-search	plain	same program	pcrec_c4c70f2c_auto-caps-simdna	measured	pinned	1	min_ns	7575.634735	40	1.0000	0	0		
rank	w-128	(set)	short-subject-search	plain	same program	pcrec_c4c70f2c_auto-caps-simdna	measured	pinned	1	max_ns	7588.255241	40	1.0000	0	0		
rank	w-128	(set)	short-subject-search	plain	same program	pcrec_c4c70f2c_auto-caps-simdna	measured	pinned	1	stddev_ns	4.588316	40	1.0000	0	0		
rank	w-128	(set)	short-subject-search	plain	same program	pcrec_c4c70f2c_auto-caps-simdna	measured	pinned	1	ratio_vs_baseline	1.000000	40	1.0000	0	0		
rank	w-128	(set)	short-subject-search	plain	same program	pcrec_c4c70f2c_auto-caps-simdna	measured	pinned	1	ratio_vs_best	1.000000	40	1.0000	0	0		
rank	w-128	(set)	short-subject-search	plain	same program	rust_1.13.1_default-caps-simdna	measured	pinned	2	median_ns	11324.425803	40	1.0000	0	0		
rank	w-128	(set)	short-subject-search	plain	same program	rust_1.13.1_default-caps-simdna	measured	pinned	2	min_ns	11307.374806	40	1.0000	0	0		
rank	w-128	(set)	short-subject-search	plain	same program	rust_1.13.1_default-caps-simdna	measured	pinned	2	max_ns	11336.672574	40	1.0000	0	0		
rank	w-128	(set)	short-subject-search	plain	same program	rust_1.13.1_default-caps-simdna	measured	pinned	2	stddev_ns	9.586694	40	1.0000	0	0		
rank	w-128	(set)	short-subject-search	plain	same program	rust_1.13.1_default-caps-simdna	measured	pinned	2	ratio_vs_baseline	1.492778	40	1.0000	0	0		
rank	w-128	(set)	short-subject-search	plain	same program	rust_1.13.1_default-caps-simdna	measured	pinned	2	ratio_vs_best	1.492778	40	1.0000	0	0		
rank	w-128	(set)	short-subject-search	plain	same program	pcrec_c4c70f2c_vm-caps-simdna	measured	pinned	3	median_ns	51346.368532	40	1.0000	0	0		
rank	w-128	(set)	short-subject-search	plain	same program	pcrec_c4c70f2c_vm-caps-simdna	measured	pinned	3	min_ns	49220.530398	40	1.0000	0	0		
rank	w-128	(set)	short-subject-search	plain	same program	pcrec_c4c70f2c_vm-caps-simdna	measured	pinned	3	max_ns	51579.804722	40	1.0000	0	0		
rank	w-128	(set)	short-subject-search	plain	same program	pcrec_c4c70f2c_vm-caps-simdna	measured	pinned	3	stddev_ns	892.301955	40	1.0000	0	0		
rank	w-128	(set)	short-subject-search	plain	same program	pcrec_c4c70f2c_vm-caps-simdna	measured	pinned	3	ratio_vs_baseline	6.768443	40	1.0000	0	0		
rank	w-128	(set)	short-subject-search	plain	same program	pcrec_c4c70f2c_vm-caps-simdna	measured	pinned	3	ratio_vs_best	6.768443	40	1.0000	0	0		
rank	w-128	(set)	short-subject-search	plain	same program	libpcre2_10.46_jit-caps-simdna	measured	pinned	4	median_ns	473138.792329	40	1.0000	0	0		
rank	w-128	(set)	short-subject-search	plain	same program	libpcre2_10.46_jit-caps-simdna	measured	pinned	4	min_ns	397588.864006	40	1.0000	0	0		
rank	w-128	(set)	short-subject-search	plain	same program	libpcre2_10.46_jit-caps-simdna	measured	pinned	4	max_ns	496832.616621	40	1.0000	0	0		
rank	w-128	(set)	short-subject-search	plain	same program	libpcre2_10.46_jit-caps-simdna	measured	pinned	4	stddev_ns	42073.007251	40	1.0000	0	0		
rank	w-128	(set)	short-subject-search	plain	same program	libpcre2_10.46_jit-caps-simdna	measured	pinned	4	ratio_vs_baseline	62.368828	40	1.0000	0	0		
rank	w-128	(set)	short-subject-search	plain	same program	libpcre2_10.46_jit-caps-simdna	measured	pinned	4	ratio_vs_best	62.368828	40	1.0000	0	0		
baseline	w-192	(set)	large-subject-throughput			rust_1.13.1_default-caps-simdna				baseline_identity	row-best-fallback					rust_1.13.1_default-caps-simdna (row-best fallback -- interp absent from this group)	
rank	w-192	(set)	large-subject-throughput	plain	same program	rust_1.13.1_default-caps-simdna	measured	pinned	1	median_ns	1983246.239264	4	1.0000	0	0		
rank	w-192	(set)	large-subject-throughput	plain	same program	rust_1.13.1_default-caps-simdna	measured	pinned	1	min_ns	1982017.779141	4	1.0000	0	0		
rank	w-192	(set)	large-subject-throughput	plain	same program	rust_1.13.1_default-caps-simdna	measured	pinned	1	max_ns	1987926.380368	4	1.0000	0	0		
rank	w-192	(set)	large-subject-throughput	plain	same program	rust_1.13.1_default-caps-simdna	measured	pinned	1	stddev_ns	2157.605102	4	1.0000	0	0		
rank	w-192	(set)	large-subject-throughput	plain	same program	rust_1.13.1_default-caps-simdna	measured	pinned	1	ratio_vs_baseline	1.000000	4	1.0000	0	0		
rank	w-192	(set)	large-subject-throughput	plain	same program	rust_1.13.1_default-caps-simdna	measured	pinned	1	ratio_vs_best	1.000000	4	1.0000	0	0		
rank	w-192	(set)	large-subject-throughput	plain	same program	pcrec_c4c70f2c_auto-caps-simdna	measured	pinned	2	median_ns	3115150.357798	4	1.0000	0	0		
rank	w-192	(set)	large-subject-throughput	plain	same program	pcrec_c4c70f2c_auto-caps-simdna	measured	pinned	2	min_ns	3100994.779817	4	1.0000	0	0		
rank	w-192	(set)	large-subject-throughput	plain	same program	pcrec_c4c70f2c_auto-caps-simdna	measured	pinned	2	max_ns	3146632.174312	4	1.0000	0	0		
rank	w-192	(set)	large-subject-throughput	plain	same program	pcrec_c4c70f2c_auto-caps-simdna	measured	pinned	2	stddev_ns	15626.383784	4	1.0000	0	0		
rank	w-192	(set)	large-subject-throughput	plain	same program	pcrec_c4c70f2c_auto-caps-simdna	measured	pinned	2	ratio_vs_baseline	1.570733	4	1.0000	0	0		
rank	w-192	(set)	large-subject-throughput	plain	same program	pcrec_c4c70f2c_auto-caps-simdna	measured	pinned	2	ratio_vs_best	1.570733	4	1.0000	0	0		
rank	w-192	(set)	large-subject-throughput	plain	same program	pcrec_c4c70f2c_vm-caps-simdna	measured	pinned	3	median_ns	15887813.727273	4	1.0000	0	0		
rank	w-192	(set)	large-subject-throughput	plain	same program	pcrec_c4c70f2c_vm-caps-simdna	measured	pinned	3	min_ns	15875976.909091	4	1.0000	0	0		
rank	w-192	(set)	large-subject-throughput	plain	same program	pcrec_c4c70f2c_vm-caps-simdna	measured	pinned	3	max_ns	15919072.181818	4	1.0000	0	0		
rank	w-192	(set)	large-subject-throughput	plain	same program	pcrec_c4c70f2c_vm-caps-simdna	measured	pinned	3	stddev_ns	16344.260911	4	1.0000	0	0		
rank	w-192	(set)	large-subject-throughput	plain	same program	pcrec_c4c70f2c_vm-caps-simdna	measured	pinned	3	ratio_vs_baseline	8.011014	4	1.0000	0	0		
rank	w-192	(set)	large-subject-throughput	plain	same program	pcrec_c4c70f2c_vm-caps-simdna	measured	pinned	3	ratio_vs_best	8.011014	4	1.0000	0	0		
rank	w-192	(set)	large-subject-throughput	plain	same program	libpcre2_10.46_jit-caps-simdna	measured	pinned	4	median_ns	165726259.666667	4	1.0000	0	0		
rank	w-192	(set)	large-subject-throughput	plain	same program	libpcre2_10.46_jit-caps-simdna	measured	pinned	4	min_ns	138309112.000000	4	1.0000	0	0		
rank	w-192	(set)	large-subject-throughput	plain	same program	libpcre2_10.46_jit-caps-simdna	measured	pinned	4	max_ns	166061264.666667	4	1.0000	0	0		
rank	w-192	(set)	large-subject-throughput	plain	same program	libpcre2_10.46_jit-caps-simdna	measured	pinned	4	stddev_ns	11007616.502648	4	1.0000	0	0		
rank	w-192	(set)	large-subject-throughput	plain	same program	libpcre2_10.46_jit-caps-simdna	measured	pinned	4	ratio_vs_baseline	83.563128	4	1.0000	0	0		
rank	w-192	(set)	large-subject-throughput	plain	same program	libpcre2_10.46_jit-caps-simdna	measured	pinned	4	ratio_vs_best	83.563128	4	1.0000	0	0		
baseline	w-192	(set)	match-compliance			pcrec_c4c70f2c_vm-caps-simdna				baseline_identity	row-best-fallback					pcrec_c4c70f2c_vm-caps-simdna (row-best fallback -- interp absent from this group)	
rank	w-192	(set)	match-compliance	whole-subject	separate artifact	pcrec_c4c70f2c_vm-caps-simdna	measured	pinned	1	median_ns	375.121115	40	1.0000	0	0		
rank	w-192	(set)	match-compliance	whole-subject	separate artifact	pcrec_c4c70f2c_vm-caps-simdna	measured	pinned	1	min_ns	374.970390	40	1.0000	0	0		
rank	w-192	(set)	match-compliance	whole-subject	separate artifact	pcrec_c4c70f2c_vm-caps-simdna	measured	pinned	1	max_ns	375.796580	40	1.0000	0	0		
rank	w-192	(set)	match-compliance	whole-subject	separate artifact	pcrec_c4c70f2c_vm-caps-simdna	measured	pinned	1	stddev_ns	0.311612	40	1.0000	0	0		
rank	w-192	(set)	match-compliance	whole-subject	separate artifact	pcrec_c4c70f2c_vm-caps-simdna	measured	pinned	1	ratio_vs_baseline	1.000000	40	1.0000	0	0		
rank	w-192	(set)	match-compliance	whole-subject	separate artifact	pcrec_c4c70f2c_vm-caps-simdna	measured	pinned	1	ratio_vs_best	1.000000	40	1.0000	0	0		
rank	w-192	(set)	match-compliance	whole-subject	separate artifact	pcrec_c4c70f2c_auto-caps-simdna	measured	pinned	2	median_ns	492.936218	40	1.0000	0	0		
rank	w-192	(set)	match-compliance	whole-subject	separate artifact	pcrec_c4c70f2c_auto-caps-simdna	measured	pinned	2	min_ns	478.937852	40	1.0000	0	0		
rank	w-192	(set)	match-compliance	whole-subject	separate artifact	pcrec_c4c70f2c_auto-caps-simdna	measured	pinned	2	max_ns	497.930328	40	1.0000	0	0		
rank	w-192	(set)	match-compliance	whole-subject	separate artifact	pcrec_c4c70f2c_auto-caps-simdna	measured	pinned	2	stddev_ns	8.031092	40	1.0000	0	0		
rank	w-192	(set)	match-compliance	whole-subject	separate artifact	pcrec_c4c70f2c_auto-caps-simdna	measured	pinned	2	ratio_vs_baseline	1.314072	40	1.0000	0	0		
rank	w-192	(set)	match-compliance	whole-subject	separate artifact	pcrec_c4c70f2c_auto-caps-simdna	measured	pinned	2	ratio_vs_best	1.314072	40	1.0000	0	0		
rank	w-192	(set)	match-compliance	whole-subject	separate artifact	rust_1.13.1_default-caps-simdna	measured	pinned	3	median_ns	781.550263	40	1.0000	0	0		
rank	w-192	(set)	match-compliance	whole-subject	separate artifact	rust_1.13.1_default-caps-simdna	measured	pinned	3	min_ns	780.653761	40	1.0000	0	0		
rank	w-192	(set)	match-compliance	whole-subject	separate artifact	rust_1.13.1_default-caps-simdna	measured	pinned	3	max_ns	811.474355	40	1.0000	0	0		
rank	w-192	(set)	match-compliance	whole-subject	separate artifact	rust_1.13.1_default-caps-simdna	measured	pinned	3	stddev_ns	14.700868	40	1.0000	0	0		
rank	w-192	(set)	match-compliance	whole-subject	separate artifact	rust_1.13.1_default-caps-simdna	measured	pinned	3	ratio_vs_baseline	2.083461	40	1.0000	0	0		
rank	w-192	(set)	match-compliance	whole-subject	separate artifact	rust_1.13.1_default-caps-simdna	measured	pinned	3	ratio_vs_best	2.083461	40	1.0000	0	0		
rank	w-192	(set)	match-compliance	plain	same program	libpcre2_10.46_jit-caps-simdna	measured	pinned	4	median_ns	41009.703758	40	1.0000	0	0		
rank	w-192	(set)	match-compliance	plain	same program	libpcre2_10.46_jit-caps-simdna	measured	pinned	4	min_ns	40140.830693	40	1.0000	0	0		
rank	w-192	(set)	match-compliance	plain	same program	libpcre2_10.46_jit-caps-simdna	measured	pinned	4	max_ns	41920.693937	40	1.0000	0	0		
rank	w-192	(set)	match-compliance	plain	same program	libpcre2_10.46_jit-caps-simdna	measured	pinned	4	stddev_ns	689.310695	40	1.0000	0	0		
rank	w-192	(set)	match-compliance	plain	same program	libpcre2_10.46_jit-caps-simdna	measured	pinned	4	ratio_vs_baseline	109.323901	40	1.0000	0	0		
rank	w-192	(set)	match-compliance	plain	same program	libpcre2_10.46_jit-caps-simdna	measured	pinned	4	ratio_vs_best	109.323901	40	1.0000	0	0		
baseline	w-192	(set)	short-subject-search			pcrec_c4c70f2c_auto-caps-simdna				baseline_identity	row-best-fallback					pcrec_c4c70f2c_auto-caps-simdna (row-best fallback -- interp absent from this group)	
rank	w-192	(set)	short-subject-search	plain	same program	pcrec_c4c70f2c_auto-caps-simdna	measured	pinned	1	median_ns	7584.564148	40	1.0000	0	0		
rank	w-192	(set)	short-subject-search	plain	same program	pcrec_c4c70f2c_auto-caps-simdna	measured	pinned	1	min_ns	7579.659646	40	1.0000	0	0		
rank	w-192	(set)	short-subject-search	plain	same program	pcrec_c4c70f2c_auto-caps-simdna	measured	pinned	1	max_ns	7588.356693	40	1.0000	0	0		
rank	w-192	(set)	short-subject-search	plain	same program	pcrec_c4c70f2c_auto-caps-simdna	measured	pinned	1	stddev_ns	2.955480	40	1.0000	0	0		
rank	w-192	(set)	short-subject-search	plain	same program	pcrec_c4c70f2c_auto-caps-simdna	measured	pinned	1	ratio_vs_baseline	1.000000	40	1.0000	0	0		
rank	w-192	(set)	short-subject-search	plain	same program	pcrec_c4c70f2c_auto-caps-simdna	measured	pinned	1	ratio_vs_best	1.000000	40	1.0000	0	0		
rank	w-192	(set)	short-subject-search	plain	same program	rust_1.13.1_default-caps-simdna	measured	pinned	2	median_ns	11402.542317	40	1.0000	0	0		
rank	w-192	(set)	short-subject-search	plain	same program	rust_1.13.1_default-caps-simdna	measured	pinned	2	min_ns	11390.045126	40	1.0000	0	0		
rank	w-192	(set)	short-subject-search	plain	same program	rust_1.13.1_default-caps-simdna	measured	pinned	2	max_ns	11431.210862	40	1.0000	0	0		
rank	w-192	(set)	short-subject-search	plain	same program	rust_1.13.1_default-caps-simdna	measured	pinned	2	stddev_ns	13.642720	40	1.0000	0	0		
rank	w-192	(set)	short-subject-search	plain	same program	rust_1.13.1_default-caps-simdna	measured	pinned	2	ratio_vs_baseline	1.503388	40	1.0000	0	0		
rank	w-192	(set)	short-subject-search	plain	same program	rust_1.13.1_default-caps-simdna	measured	pinned	2	ratio_vs_best	1.503388	40	1.0000	0	0		
rank	w-192	(set)	short-subject-search	plain	same program	pcrec_c4c70f2c_vm-caps-simdna	measured	pinned	3	median_ns	52575.030586	40	1.0000	0	0		
rank	w-192	(set)	short-subject-search	plain	same program	pcrec_c4c70f2c_vm-caps-simdna	measured	pinned	3	min_ns	51783.096765	40	1.0000	0	0		
rank	w-192	(set)	short-subject-search	plain	same program	pcrec_c4c70f2c_vm-caps-simdna	measured	pinned	3	max_ns	53349.797907	40	1.0000	0	0		
rank	w-192	(set)	short-subject-search	plain	same program	pcrec_c4c70f2c_vm-caps-simdna	measured	pinned	3	stddev_ns	566.822641	40	1.0000	0	0		
rank	w-192	(set)	short-subject-search	plain	same program	pcrec_c4c70f2c_vm-caps-simdna	measured	pinned	3	ratio_vs_baseline	6.931846	40	1.0000	0	0		
rank	w-192	(set)	short-subject-search	plain	same program	pcrec_c4c70f2c_vm-caps-simdna	measured	pinned	3	ratio_vs_best	6.931846	40	1.0000	0	0		
rank	w-192	(set)	short-subject-search	plain	same program	libpcre2_10.46_jit-caps-simdna	measured	pinned	4	median_ns	652688.539212	40	1.0000	0	0		
rank	w-192	(set)	short-subject-search	plain	same program	libpcre2_10.46_jit-caps-simdna	measured	pinned	4	min_ns	649696.038649	40	1.0000	0	0		
rank	w-192	(set)	short-subject-search	plain	same program	libpcre2_10.46_jit-caps-simdna	measured	pinned	4	max_ns	808620.875047	40	1.0000	0	0		
rank	w-192	(set)	short-subject-search	plain	same program	libpcre2_10.46_jit-caps-simdna	measured	pinned	4	stddev_ns	69599.479352	40	1.0000	0	0		
rank	w-192	(set)	short-subject-search	plain	same program	libpcre2_10.46_jit-caps-simdna	measured	pinned	4	ratio_vs_baseline	86.054851	40	1.0000	0	0		
rank	w-192	(set)	short-subject-search	plain	same program	libpcre2_10.46_jit-caps-simdna	measured	pinned	4	ratio_vs_best	86.054851	40	1.0000	0	0		
baseline	w-2048	(set)	large-subject-throughput			rust_1.13.1_default-caps-simdna				baseline_identity	row-best-fallback					rust_1.13.1_default-caps-simdna (row-best fallback -- interp absent from this group)	
rank	w-2048	(set)	large-subject-throughput	plain	same program	rust_1.13.1_default-caps-simdna	measured	pinned	1	median_ns	10062631.000000	4	1.0000	0	0		
rank	w-2048	(set)	large-subject-throughput	plain	same program	rust_1.13.1_default-caps-simdna	measured	pinned	1	min_ns	10046424.500000	4	1.0000	0	0		
rank	w-2048	(set)	large-subject-throughput	plain	same program	rust_1.13.1_default-caps-simdna	measured	pinned	1	max_ns	10064586.333333	4	1.0000	0	0		
rank	w-2048	(set)	large-subject-throughput	plain	same program	rust_1.13.1_default-caps-simdna	measured	pinned	1	stddev_ns	7869.147032	4	1.0000	0	0		
rank	w-2048	(set)	large-subject-throughput	plain	same program	rust_1.13.1_default-caps-simdna	measured	pinned	1	ratio_vs_baseline	1.000000	4	1.0000	0	0		
rank	w-2048	(set)	large-subject-throughput	plain	same program	rust_1.13.1_default-caps-simdna	measured	pinned	1	ratio_vs_best	1.000000	4	1.0000	0	0		
rank	w-2048	(set)	large-subject-throughput	plain	same program	libpcre2_10.46_jit-caps-simdna	measured	pinned	2	median_ns	3115273226.000000	4	1.0000	0	0		
rank	w-2048	(set)	large-subject-throughput	plain	same program	libpcre2_10.46_jit-caps-simdna	measured	pinned	2	min_ns	2978073013.000000	4	1.0000	0	0		
rank	w-2048	(set)	large-subject-throughput	plain	same program	libpcre2_10.46_jit-caps-simdna	measured	pinned	2	max_ns	3244383299.000000	4	1.0000	0	0		
rank	w-2048	(set)	large-subject-throughput	plain	same program	libpcre2_10.46_jit-caps-simdna	measured	pinned	2	stddev_ns	92444373.865350	4	1.0000	0	0		
rank	w-2048	(set)	large-subject-throughput	plain	same program	libpcre2_10.46_jit-caps-simdna	measured	pinned	2	ratio_vs_baseline	309.588340	4	1.0000	0	0		
rank	w-2048	(set)	large-subject-throughput	plain	same program	libpcre2_10.46_jit-caps-simdna	measured	pinned	2	ratio_vs_best	309.588340	4	1.0000	0	0		
did_not_compile	w-2048	(set)	large-subject-throughput			pcrec_c4c70f2c_auto-caps-simdna	did-not-compile									pcrec: pattern too large: 2381707 bytes of emitted C source (limit 1000000, ~395 KB .o). Lower a repeat count, try --unroll=1, or raise --max-emit-bytes; see limits.md "Handling an oversized artifact" (pattern offset 0)	
did_not_compile	w-2048	(set)	large-subject-throughput			pcrec_c4c70f2c_vm-caps-simdna	did-not-compile									pcrec: pattern too large: 945812 bytes of emitted code (limit 500000), which gcc cannot compile in reasonable time. A repeat's body is replicated and counts MULTIPLY through nesting -- lower a count, try --unroll=1, or raise --max-emit-code-bytes (pattern offset 0)	
baseline	w-2048	(set)	match-compliance			rust_1.13.1_default-caps-simdna				baseline_identity	row-best-fallback					rust_1.13.1_default-caps-simdna (row-best fallback -- interp absent from this group)	
rank	w-2048	(set)	match-compliance	whole-subject	separate artifact	rust_1.13.1_default-caps-simdna	measured	pinned	1	median_ns	1147.163587	40	1.0000	0	0		
rank	w-2048	(set)	match-compliance	whole-subject	separate artifact	rust_1.13.1_default-caps-simdna	measured	pinned	1	min_ns	1133.447137	40	1.0000	0	0		
rank	w-2048	(set)	match-compliance	whole-subject	separate artifact	rust_1.13.1_default-caps-simdna	measured	pinned	1	max_ns	1155.780298	40	1.0000	0	0		
rank	w-2048	(set)	match-compliance	whole-subject	separate artifact	rust_1.13.1_default-caps-simdna	measured	pinned	1	stddev_ns	9.462539	40	1.0000	0	0		
rank	w-2048	(set)	match-compliance	whole-subject	separate artifact	rust_1.13.1_default-caps-simdna	measured	pinned	1	ratio_vs_baseline	1.000000	40	1.0000	0	0		
rank	w-2048	(set)	match-compliance	whole-subject	separate artifact	rust_1.13.1_default-caps-simdna	measured	pinned	1	ratio_vs_best	1.000000	40	1.0000	0	0		
rank	w-2048	(set)	match-compliance	plain	same program	libpcre2_10.46_jit-caps-simdna	measured	pinned	2	median_ns	388246.439560	40	1.0000	0	0		
rank	w-2048	(set)	match-compliance	plain	same program	libpcre2_10.46_jit-caps-simdna	measured	pinned	2	min_ns	376611.939158	40	1.0000	0	0		
rank	w-2048	(set)	match-compliance	plain	same program	libpcre2_10.46_jit-caps-simdna	measured	pinned	2	max_ns	391926.492549	40	1.0000	0	0		
rank	w-2048	(set)	match-compliance	plain	same program	libpcre2_10.46_jit-caps-simdna	measured	pinned	2	stddev_ns	6133.166493	40	1.0000	0	0		
rank	w-2048	(set)	match-compliance	plain	same program	libpcre2_10.46_jit-caps-simdna	measured	pinned	2	ratio_vs_baseline	338.440345	40	1.0000	0	0		
rank	w-2048	(set)	match-compliance	plain	same program	libpcre2_10.46_jit-caps-simdna	measured	pinned	2	ratio_vs_best	338.440345	40	1.0000	0	0		
did_not_compile	w-2048	(set)	match-compliance			pcrec_c4c70f2c_auto-caps-simdna	did-not-compile									pcrec: pattern too large: 2381707 bytes of emitted C source (limit 1000000, ~395 KB .o). Lower a repeat count, try --unroll=1, or raise --max-emit-bytes; see limits.md "Handling an oversized artifact" (pattern offset 0)	
did_not_compile	w-2048	(set)	match-compliance			pcrec_c4c70f2c_vm-caps-simdna	did-not-compile									pcrec: pattern too large: 945812 bytes of emitted code (limit 500000), which gcc cannot compile in reasonable time. A repeat's body is replicated and counts MULTIPLY through nesting -- lower a count, try --unroll=1, or raise --max-emit-code-bytes (pattern offset 0)	
baseline	w-2048	(set)	short-subject-search			rust_1.13.1_default-caps-simdna				baseline_identity	row-best-fallback					rust_1.13.1_default-caps-simdna (row-best fallback -- interp absent from this group)	
rank	w-2048	(set)	short-subject-search	plain	same program	rust_1.13.1_default-caps-simdna	measured	pinned	1	median_ns	12442.733919	40	1.0000	0	0		
rank	w-2048	(set)	short-subject-search	plain	same program	rust_1.13.1_default-caps-simdna	measured	pinned	1	min_ns	12406.747535	40	1.0000	0	0		
rank	w-2048	(set)	short-subject-search	plain	same program	rust_1.13.1_default-caps-simdna	measured	pinned	1	max_ns	12628.643889	40	1.0000	0	0		
rank	w-2048	(set)	short-subject-search	plain	same program	rust_1.13.1_default-caps-simdna	measured	pinned	1	stddev_ns	80.225571	40	1.0000	0	0		
rank	w-2048	(set)	short-subject-search	plain	same program	rust_1.13.1_default-caps-simdna	measured	pinned	1	ratio_vs_baseline	1.000000	40	1.0000	0	0		
rank	w-2048	(set)	short-subject-search	plain	same program	rust_1.13.1_default-caps-simdna	measured	pinned	1	ratio_vs_best	1.000000	40	1.0000	0	0		
rank	w-2048	(set)	short-subject-search	plain	same program	libpcre2_10.46_jit-caps-simdna	measured	pinned	2	median_ns	11378346.951613	40	1.0000	0	0		
rank	w-2048	(set)	short-subject-search	plain	same program	libpcre2_10.46_jit-caps-simdna	measured	pinned	2	min_ns	11023448.569260	40	1.0000	0	0		
rank	w-2048	(set)	short-subject-search	plain	same program	libpcre2_10.46_jit-caps-simdna	measured	pinned	2	max_ns	12084946.874763	40	1.0000	0	0		
rank	w-2048	(set)	short-subject-search	plain	same program	libpcre2_10.46_jit-caps-simdna	measured	pinned	2	stddev_ns	369494.021886	40	1.0000	0	0		
rank	w-2048	(set)	short-subject-search	plain	same program	libpcre2_10.46_jit-caps-simdna	measured	pinned	2	ratio_vs_baseline	914.457146	40	1.0000	0	0		
rank	w-2048	(set)	short-subject-search	plain	same program	libpcre2_10.46_jit-caps-simdna	measured	pinned	2	ratio_vs_best	914.457146	40	1.0000	0	0		
did_not_compile	w-2048	(set)	short-subject-search			pcrec_c4c70f2c_auto-caps-simdna	did-not-compile									pcrec: pattern too large: 2381707 bytes of emitted C source (limit 1000000, ~395 KB .o). Lower a repeat count, try --unroll=1, or raise --max-emit-bytes; see limits.md "Handling an oversized artifact" (pattern offset 0)	
did_not_compile	w-2048	(set)	short-subject-search			pcrec_c4c70f2c_vm-caps-simdna	did-not-compile									pcrec: pattern too large: 945812 bytes of emitted code (limit 500000), which gcc cannot compile in reasonable time. A repeat's body is replicated and counts MULTIPLY through nesting -- lower a count, try --unroll=1, or raise --max-emit-code-bytes (pattern offset 0)	
baseline	w-256	(set)	large-subject-throughput			rust_1.13.1_default-caps-simdna				baseline_identity	row-best-fallback					rust_1.13.1_default-caps-simdna (row-best fallback -- interp absent from this group)	
rank	w-256	(set)	large-subject-throughput	plain	same program	rust_1.13.1_default-caps-simdna	measured	pinned	1	median_ns	2247125.863636	4	1.0000	0	0		
rank	w-256	(set)	large-subject-throughput	plain	same program	rust_1.13.1_default-caps-simdna	measured	pinned	1	min_ns	2236182.181818	4	1.0000	0	0		
rank	w-256	(set)	large-subject-throughput	plain	same program	rust_1.13.1_default-caps-simdna	measured	pinned	1	max_ns	2256442.318182	4	1.0000	0	0		
rank	w-256	(set)	large-subject-throughput	plain	same program	rust_1.13.1_default-caps-simdna	measured	pinned	1	stddev_ns	6974.995774	4	1.0000	0	0		
rank	w-256	(set)	large-subject-throughput	plain	same program	rust_1.13.1_default-caps-simdna	measured	pinned	1	ratio_vs_baseline	1.000000	4	1.0000	0	0		
rank	w-256	(set)	large-subject-throughput	plain	same program	rust_1.13.1_default-caps-simdna	measured	pinned	1	ratio_vs_best	1.000000	4	1.0000	0	0		
rank	w-256	(set)	large-subject-throughput	plain	same program	pcrec_c4c70f2c_auto-caps-simdna	measured	pinned	2	median_ns	2898542.377193	4	1.0000	0	0		
rank	w-256	(set)	large-subject-throughput	plain	same program	pcrec_c4c70f2c_auto-caps-simdna	measured	pinned	2	min_ns	2892822.789474	4	1.0000	0	0		
rank	w-256	(set)	large-subject-throughput	plain	same program	pcrec_c4c70f2c_auto-caps-simdna	measured	pinned	2	max_ns	2911921.657895	4	1.0000	0	0		
rank	w-256	(set)	large-subject-throughput	plain	same program	pcrec_c4c70f2c_auto-caps-simdna	measured	pinned	2	stddev_ns	6604.154703	4	1.0000	0	0		
rank	w-256	(set)	large-subject-throughput	plain	same program	pcrec_c4c70f2c_auto-caps-simdna	measured	pinned	2	ratio_vs_baseline	1.289889	4	1.0000	0	0		
rank	w-256	(set)	large-subject-throughput	plain	same program	pcrec_c4c70f2c_auto-caps-simdna	measured	pinned	2	ratio_vs_best	1.289889	4	1.0000	0	0		
rank	w-256	(set)	large-subject-throughput	plain	same program	pcrec_c4c70f2c_vm-caps-simdna	measured	pinned	3	median_ns	16242179.318182	4	1.0000	0	0		
rank	w-256	(set)	large-subject-throughput	plain	same program	pcrec_c4c70f2c_vm-caps-simdna	measured	pinned	3	min_ns	16222924.181818	4	1.0000	0	0		
rank	w-256	(set)	large-subject-throughput	plain	same program	pcrec_c4c70f2c_vm-caps-simdna	measured	pinned	3	max_ns	16334248.409091	4	1.0000	0	0		
rank	w-256	(set)	large-subject-throughput	plain	same program	pcrec_c4c70f2c_vm-caps-simdna	measured	pinned	3	stddev_ns	44136.274545	4	1.0000	0	0		
rank	w-256	(set)	large-subject-throughput	plain	same program	pcrec_c4c70f2c_vm-caps-simdna	measured	pinned	3	ratio_vs_baseline	7.227979	4	1.0000	0	0		
rank	w-256	(set)	large-subject-throughput	plain	same program	pcrec_c4c70f2c_vm-caps-simdna	measured	pinned	3	ratio_vs_best	7.227979	4	1.0000	0	0		
rank	w-256	(set)	large-subject-throughput	plain	same program	libpcre2_10.46_jit-caps-simdna	measured	pinned	4	median_ns	241476183.000000	4	1.0000	0	0		
rank	w-256	(set)	large-subject-throughput	plain	same program	libpcre2_10.46_jit-caps-simdna	measured	pinned	4	min_ns	240955549.500000	4	1.0000	0	0		
rank	w-256	(set)	large-subject-throughput	plain	same program	libpcre2_10.46_jit-caps-simdna	measured	pinned	4	max_ns	252837142.500000	4	1.0000	0	0		
rank	w-256	(set)	large-subject-throughput	plain	same program	libpcre2_10.46_jit-caps-simdna	measured	pinned	4	stddev_ns	4544884.707683	4	1.0000	0	0		
rank	w-256	(set)	large-subject-throughput	plain	same program	libpcre2_10.46_jit-caps-simdna	measured	pinned	4	ratio_vs_baseline	107.460017	4	1.0000	0	0		
rank	w-256	(set)	large-subject-throughput	plain	same program	libpcre2_10.46_jit-caps-simdna	measured	pinned	4	ratio_vs_best	107.460017	4	1.0000	0	0		
baseline	w-256	(set)	match-compliance			pcrec_c4c70f2c_vm-caps-simdna				baseline_identity	row-best-fallback					pcrec_c4c70f2c_vm-caps-simdna (row-best fallback -- interp absent from this group)	
rank	w-256	(set)	match-compliance	whole-subject	separate artifact	pcrec_c4c70f2c_vm-caps-simdna	measured	pinned	1	median_ns	382.134594	40	1.0000	0	0		
rank	w-256	(set)	match-compliance	whole-subject	separate artifact	pcrec_c4c70f2c_vm-caps-simdna	measured	pinned	1	min_ns	381.419727	40	1.0000	0	0		
rank	w-256	(set)	match-compliance	whole-subject	separate artifact	pcrec_c4c70f2c_vm-caps-simdna	measured	pinned	1	max_ns	394.160606	40	1.0000	0	0		
rank	w-256	(set)	match-compliance	whole-subject	separate artifact	pcrec_c4c70f2c_vm-caps-simdna	measured	pinned	1	stddev_ns	4.842639	40	1.0000	0	0		
rank	w-256	(set)	match-compliance	whole-subject	separate artifact	pcrec_c4c70f2c_vm-caps-simdna	measured	pinned	1	ratio_vs_baseline	1.000000	40	1.0000	0	0		
rank	w-256	(set)	match-compliance	whole-subject	separate artifact	pcrec_c4c70f2c_vm-caps-simdna	measured	pinned	1	ratio_vs_best	1.000000	40	1.0000	0	0		
rank	w-256	(set)	match-compliance	whole-subject	separate artifact	rust_1.13.1_default-caps-simdna	measured	pinned	2	median_ns	904.857336	40	1.0000	0	0		
rank	w-256	(set)	match-compliance	whole-subject	separate artifact	rust_1.13.1_default-caps-simdna	measured	pinned	2	min_ns	900.521336	40	1.0000	0	0		
rank	w-256	(set)	match-compliance	whole-subject	separate artifact	rust_1.13.1_default-caps-simdna	measured	pinned	2	max_ns	931.334488	40	1.0000	0	0		
rank	w-256	(set)	match-compliance	whole-subject	separate artifact	rust_1.13.1_default-caps-simdna	measured	pinned	2	stddev_ns	11.724989	40	1.0000	0	0		
rank	w-256	(set)	match-compliance	whole-subject	separate artifact	rust_1.13.1_default-caps-simdna	measured	pinned	2	ratio_vs_baseline	2.367902	40	1.0000	0	0		
rank	w-256	(set)	match-compliance	whole-subject	separate artifact	rust_1.13.1_default-caps-simdna	measured	pinned	2	ratio_vs_best	2.367902	40	1.0000	0	0		
rank	w-256	(set)	match-compliance	whole-subject	separate artifact	pcrec_c4c70f2c_auto-caps-simdna	measured	pinned	3	median_ns	1059.110198	40	1.0000	0	0		
rank	w-256	(set)	match-compliance	whole-subject	separate artifact	pcrec_c4c70f2c_auto-caps-simdna	measured	pinned	3	min_ns	1058.330077	40	1.0000	0	0		
rank	w-256	(set)	match-compliance	whole-subject	separate artifact	pcrec_c4c70f2c_auto-caps-simdna	measured	pinned	3	max_ns	1077.540649	40	1.0000	0	0		
rank	w-256	(set)	match-compliance	whole-subject	separate artifact	pcrec_c4c70f2c_auto-caps-simdna	measured	pinned	3	stddev_ns	7.401835	40	1.0000	0	0		
rank	w-256	(set)	match-compliance	whole-subject	separate artifact	pcrec_c4c70f2c_auto-caps-simdna	measured	pinned	3	ratio_vs_baseline	2.771563	40	1.0000	0	0		
rank	w-256	(set)	match-compliance	whole-subject	separate artifact	pcrec_c4c70f2c_auto-caps-simdna	measured	pinned	3	ratio_vs_best	2.771563	40	1.0000	0	0		
rank	w-256	(set)	match-compliance	plain	same program	libpcre2_10.46_jit-caps-simdna	measured	pinned	4	median_ns	55709.378573	40	1.0000	0	0		
rank	w-256	(set)	match-compliance	plain	same program	libpcre2_10.46_jit-caps-simdna	measured	pinned	4	min_ns	53535.021883	40	1.0000	0	0		
rank	w-256	(set)	match-compliance	plain	same program	libpcre2_10.46_jit-caps-simdna	measured	pinned	4	max_ns	55987.296194	40	1.0000	0	0		
rank	w-256	(set)	match-compliance	plain	same program	libpcre2_10.46_jit-caps-simdna	measured	pinned	4	stddev_ns	1063.353364	40	1.0000	0	0		
rank	w-256	(set)	match-compliance	plain	same program	libpcre2_10.46_jit-caps-simdna	measured	pinned	4	ratio_vs_baseline	145.784704	40	1.0000	0	0		
rank	w-256	(set)	match-compliance	plain	same program	libpcre2_10.46_jit-caps-simdna	measured	pinned	4	ratio_vs_best	145.784704	40	1.0000	0	0		
baseline	w-256	(set)	short-subject-search			pcrec_c4c70f2c_auto-caps-simdna				baseline_identity	row-best-fallback					pcrec_c4c70f2c_auto-caps-simdna (row-best fallback -- interp absent from this group)	
rank	w-256	(set)	short-subject-search	plain	same program	pcrec_c4c70f2c_auto-caps-simdna	measured	pinned	1	median_ns	7621.305824	40	1.0000	0	0		
rank	w-256	(set)	short-subject-search	plain	same program	pcrec_c4c70f2c_auto-caps-simdna	measured	pinned	1	min_ns	7613.722415	40	1.0000	0	0		
rank	w-256	(set)	short-subject-search	plain	same program	pcrec_c4c70f2c_auto-caps-simdna	measured	pinned	1	max_ns	7642.326557	40	1.0000	0	0		
rank	w-256	(set)	short-subject-search	plain	same program	pcrec_c4c70f2c_auto-caps-simdna	measured	pinned	1	stddev_ns	11.426896	40	1.0000	0	0		
rank	w-256	(set)	short-subject-search	plain	same program	pcrec_c4c70f2c_auto-caps-simdna	measured	pinned	1	ratio_vs_baseline	1.000000	40	1.0000	0	0		
rank	w-256	(set)	short-subject-search	plain	same program	pcrec_c4c70f2c_auto-caps-simdna	measured	pinned	1	ratio_vs_best	1.000000	40	1.0000	0	0		
rank	w-256	(set)	short-subject-search	plain	same program	rust_1.13.1_default-caps-simdna	measured	pinned	2	median_ns	11936.419024	40	1.0000	0	0		
rank	w-256	(set)	short-subject-search	plain	same program	rust_1.13.1_default-caps-simdna	measured	pinned	2	min_ns	11928.150622	40	1.0000	0	0		
rank	w-256	(set)	short-subject-search	plain	same program	rust_1.13.1_default-caps-simdna	measured	pinned	2	max_ns	12287.170024	40	1.0000	0	0		
rank	w-256	(set)	short-subject-search	plain	same program	rust_1.13.1_default-caps-simdna	measured	pinned	2	stddev_ns	141.347837	40	1.0000	0	0		
rank	w-256	(set)	short-subject-search	plain	same program	rust_1.13.1_default-caps-simdna	measured	pinned	2	ratio_vs_baseline	1.566191	40	1.0000	0	0		
rank	w-256	(set)	short-subject-search	plain	same program	rust_1.13.1_default-caps-simdna	measured	pinned	2	ratio_vs_best	1.566191	40	1.0000	0	0		
rank	w-256	(set)	short-subject-search	plain	same program	pcrec_c4c70f2c_vm-caps-simdna	measured	pinned	3	median_ns	50941.620004	40	1.0000	0	0		
rank	w-256	(set)	short-subject-search	plain	same program	pcrec_c4c70f2c_vm-caps-simdna	measured	pinned	3	min_ns	50533.940294	40	1.0000	0	0		
rank	w-256	(set)	short-subject-search	plain	same program	pcrec_c4c70f2c_vm-caps-simdna	measured	pinned	3	max_ns	52593.930407	40	1.0000	0	0		
rank	w-256	(set)	short-subject-search	plain	same program	pcrec_c4c70f2c_vm-caps-simdna	measured	pinned	3	stddev_ns	768.457109	40	1.0000	0	0		
rank	w-256	(set)	short-subject-search	plain	same program	pcrec_c4c70f2c_vm-caps-simdna	measured	pinned	3	ratio_vs_baseline	6.684107	40	1.0000	0	0		
rank	w-256	(set)	short-subject-search	plain	same program	pcrec_c4c70f2c_vm-caps-simdna	measured	pinned	3	ratio_vs_best	6.684107	40	1.0000	0	0		
rank	w-256	(set)	short-subject-search	plain	same program	libpcre2_10.46_jit-caps-simdna	measured	pinned	4	median_ns	1114105.741435	40	1.0000	0	0		
rank	w-256	(set)	short-subject-search	plain	same program	libpcre2_10.46_jit-caps-simdna	measured	pinned	4	min_ns	1099650.658458	40	1.0000	0	0		
rank	w-256	(set)	short-subject-search	plain	same program	libpcre2_10.46_jit-caps-simdna	measured	pinned	4	max_ns	1117951.759101	40	1.0000	0	0		
rank	w-256	(set)	short-subject-search	plain	same program	libpcre2_10.46_jit-caps-simdna	measured	pinned	4	stddev_ns	6985.192940	40	1.0000	0	0		
rank	w-256	(set)	short-subject-search	plain	same program	libpcre2_10.46_jit-caps-simdna	measured	pinned	4	ratio_vs_baseline	146.183051	40	1.0000	0	0		
rank	w-256	(set)	short-subject-search	plain	same program	libpcre2_10.46_jit-caps-simdna	measured	pinned	4	ratio_vs_best	146.183051	40	1.0000	0	0		
baseline	w-384	(set)	large-subject-throughput			rust_1.13.1_default-caps-simdna				baseline_identity	row-best-fallback					rust_1.13.1_default-caps-simdna (row-best fallback -- interp absent from this group)	
rank	w-384	(set)	large-subject-throughput	plain	same program	rust_1.13.1_default-caps-simdna	measured	pinned	1	median_ns	2842112.375000	4	1.0000	0	0		
rank	w-384	(set)	large-subject-throughput	plain	same program	rust_1.13.1_default-caps-simdna	measured	pinned	1	min_ns	2829663.625000	4	1.0000	0	0		
rank	w-384	(set)	large-subject-throughput	plain	same program	rust_1.13.1_default-caps-simdna	measured	pinned	1	max_ns	2849814.312500	4	1.0000	0	0		
rank	w-384	(set)	large-subject-throughput	plain	same program	rust_1.13.1_default-caps-simdna	measured	pinned	1	stddev_ns	7088.646297	4	1.0000	0	0		
rank	w-384	(set)	large-subject-throughput	plain	same program	rust_1.13.1_default-caps-simdna	measured	pinned	1	ratio_vs_baseline	1.000000	4	1.0000	0	0		
rank	w-384	(set)	large-subject-throughput	plain	same program	rust_1.13.1_default-caps-simdna	measured	pinned	1	ratio_vs_best	1.000000	4	1.0000	0	0		
rank	w-384	(set)	large-subject-throughput	plain	same program	pcrec_c4c70f2c_auto-caps-simdna	measured	pinned	2	median_ns	3021117.190909	4	1.0000	0	0		
rank	w-384	(set)	large-subject-throughput	plain	same program	pcrec_c4c70f2c_auto-caps-simdna	measured	pinned	2	min_ns	3011382.136364	4	1.0000	0	0		
rank	w-384	(set)	large-subject-throughput	plain	same program	pcrec_c4c70f2c_auto-caps-simdna	measured	pinned	2	max_ns	3023438.290909	4	1.0000	0	0		
rank	w-384	(set)	large-subject-throughput	plain	same program	pcrec_c4c70f2c_auto-caps-simdna	measured	pinned	2	stddev_ns	4228.483122	4	1.0000	0	0		
rank	w-384	(set)	large-subject-throughput	plain	same program	pcrec_c4c70f2c_auto-caps-simdna	measured	pinned	2	ratio_vs_baseline	1.062983	4	1.0000	0	0		
rank	w-384	(set)	large-subject-throughput	plain	same program	pcrec_c4c70f2c_auto-caps-simdna	measured	pinned	2	ratio_vs_best	1.062983	4	1.0000	0	0		
rank	w-384	(set)	large-subject-throughput	plain	same program	pcrec_c4c70f2c_vm-caps-simdna	measured	pinned	3	median_ns	16600527.047619	4	1.0000	0	0		
rank	w-384	(set)	large-subject-throughput	plain	same program	pcrec_c4c70f2c_vm-caps-simdna	measured	pinned	3	min_ns	16563607.380952	4	1.0000	0	0		
rank	w-384	(set)	large-subject-throughput	plain	same program	pcrec_c4c70f2c_vm-caps-simdna	measured	pinned	3	max_ns	16621985.761905	4	1.0000	0	0		
rank	w-384	(set)	large-subject-throughput	plain	same program	pcrec_c4c70f2c_vm-caps-simdna	measured	pinned	3	stddev_ns	21257.256540	4	1.0000	0	0		
rank	w-384	(set)	large-subject-throughput	plain	same program	pcrec_c4c70f2c_vm-caps-simdna	measured	pinned	3	ratio_vs_baseline	5.840912	4	1.0000	0	0		
rank	w-384	(set)	large-subject-throughput	plain	same program	pcrec_c4c70f2c_vm-caps-simdna	measured	pinned	3	ratio_vs_best	5.840912	4	1.0000	0	0		
rank	w-384	(set)	large-subject-throughput	plain	same program	libpcre2_10.46_jit-caps-simdna	measured	pinned	4	median_ns	414763259.000000	4	1.0000	0	0		
rank	w-384	(set)	large-subject-throughput	plain	same program	libpcre2_10.46_jit-caps-simdna	measured	pinned	4	min_ns	412405638.000000	4	1.0000	0	0		
rank	w-384	(set)	large-subject-throughput	plain	same program	libpcre2_10.46_jit-caps-simdna	measured	pinned	4	max_ns	416099906.000000	4	1.0000	0	0		
rank	w-384	(set)	large-subject-throughput	plain	same program	libpcre2_10.46_jit-caps-simdna	measured	pinned	4	stddev_ns	1284857.914390	4	1.0000	0	0		
rank	w-384	(set)	large-subject-throughput	plain	same program	libpcre2_10.46_jit-caps-simdna	measured	pinned	4	ratio_vs_baseline	145.934856	4	1.0000	0	0		
rank	w-384	(set)	large-subject-throughput	plain	same program	libpcre2_10.46_jit-caps-simdna	measured	pinned	4	ratio_vs_best	145.934856	4	1.0000	0	0		
baseline	w-384	(set)	match-compliance			pcrec_c4c70f2c_vm-caps-simdna				baseline_identity	row-best-fallback					pcrec_c4c70f2c_vm-caps-simdna (row-best fallback -- interp absent from this group)	
rank	w-384	(set)	match-compliance	whole-subject	separate artifact	pcrec_c4c70f2c_vm-caps-simdna	measured	pinned	1	median_ns	373.865011	40	1.0000	0	0		
rank	w-384	(set)	match-compliance	whole-subject	separate artifact	pcrec_c4c70f2c_vm-caps-simdna	measured	pinned	1	min_ns	370.522554	40	1.0000	0	0		
rank	w-384	(set)	match-compliance	whole-subject	separate artifact	pcrec_c4c70f2c_vm-caps-simdna	measured	pinned	1	max_ns	442.394178	40	1.0000	0	0		
rank	w-384	(set)	match-compliance	whole-subject	separate artifact	pcrec_c4c70f2c_vm-caps-simdna	measured	pinned	1	stddev_ns	27.688715	40	1.0000	0	0		
rank	w-384	(set)	match-compliance	whole-subject	separate artifact	pcrec_c4c70f2c_vm-caps-simdna	measured	pinned	1	ratio_vs_baseline	1.000000	40	1.0000	0	0		
rank	w-384	(set)	match-compliance	whole-subject	separate artifact	pcrec_c4c70f2c_vm-caps-simdna	measured	pinned	1	ratio_vs_best	1.000000	40	1.0000	0	0		
rank	w-384	(set)	match-compliance	whole-subject	separate artifact	rust_1.13.1_default-caps-simdna	measured	pinned	2	median_ns	903.808096	40	1.0000	0	0		
rank	w-384	(set)	match-compliance	whole-subject	separate artifact	rust_1.13.1_default-caps-simdna	measured	pinned	2	min_ns	902.528289	40	1.0000	0	0		
rank	w-384	(set)	match-compliance	whole-subject	separate artifact	rust_1.13.1_default-caps-simdna	measured	pinned	2	max_ns	905.108155	40	1.0000	0	0		
rank	w-384	(set)	match-compliance	whole-subject	separate artifact	rust_1.13.1_default-caps-simdna	measured	pinned	2	stddev_ns	0.974185	40	1.0000	0	0		
rank	w-384	(set)	match-compliance	whole-subject	separate artifact	rust_1.13.1_default-caps-simdna	measured	pinned	2	ratio_vs_baseline	2.417472	40	1.0000	0	0		
rank	w-384	(set)	match-compliance	whole-subject	separate artifact	rust_1.13.1_default-caps-simdna	measured	pinned	2	ratio_vs_best	2.417472	40	1.0000	0	0		
rank	w-384	(set)	match-compliance	whole-subject	separate artifact	pcrec_c4c70f2c_auto-caps-simdna	measured	pinned	3	median_ns	1430.654299	40	1.0000	0	0		
rank	w-384	(set)	match-compliance	whole-subject	separate artifact	pcrec_c4c70f2c_auto-caps-simdna	measured	pinned	3	min_ns	1428.596224	40	1.0000	0	0		
rank	w-384	(set)	match-compliance	whole-subject	separate artifact	pcrec_c4c70f2c_auto-caps-simdna	measured	pinned	3	max_ns	1433.874394	40	1.0000	0	0		
rank	w-384	(set)	match-compliance	whole-subject	separate artifact	pcrec_c4c70f2c_auto-caps-simdna	measured	pinned	3	stddev_ns	1.812927	40	1.0000	0	0		
rank	w-384	(set)	match-compliance	whole-subject	separate artifact	pcrec_c4c70f2c_auto-caps-simdna	measured	pinned	3	ratio_vs_baseline	3.826660	40	1.0000	0	0		
rank	w-384	(set)	match-compliance	whole-subject	separate artifact	pcrec_c4c70f2c_auto-caps-simdna	measured	pinned	3	ratio_vs_best	3.826660	40	1.0000	0	0		
rank	w-384	(set)	match-compliance	plain	same program	libpcre2_10.46_jit-caps-simdna	measured	pinned	4	median_ns	79526.947173	40	1.0000	0	0		
rank	w-384	(set)	match-compliance	plain	same program	libpcre2_10.46_jit-caps-simdna	measured	pinned	4	min_ns	77183.301511	40	1.0000	0	0		
rank	w-384	(set)	match-compliance	plain	same program	libpcre2_10.46_jit-caps-simdna	measured	pinned	4	max_ns	84764.263042	40	1.0000	0	0		
rank	w-384	(set)	match-compliance	plain	same program	libpcre2_10.46_jit-caps-simdna	measured	pinned	4	stddev_ns	2739.152787	40	1.0000	0	0		
rank	w-384	(set)	match-compliance	plain	same program	libpcre2_10.46_jit-caps-simdna	measured	pinned	4	ratio_vs_baseline	212.715672	40	1.0000	0	0		
rank	w-384	(set)	match-compliance	plain	same program	libpcre2_10.46_jit-caps-simdna	measured	pinned	4	ratio_vs_best	212.715672	40	1.0000	0	0		
baseline	w-384	(set)	short-subject-search			pcrec_c4c70f2c_auto-caps-simdna				baseline_identity	row-best-fallback					pcrec_c4c70f2c_auto-caps-simdna (row-best fallback -- interp absent from this group)	
rank	w-384	(set)	short-subject-search	plain	same program	pcrec_c4c70f2c_auto-caps-simdna	measured	pinned	1	median_ns	7627.604013	40	1.0000	0	0		
rank	w-384	(set)	short-subject-search	plain	same program	pcrec_c4c70f2c_auto-caps-simdna	measured	pinned	1	min_ns	7622.316858	40	1.0000	0	0		
rank	w-384	(set)	short-subject-search	plain	same program	pcrec_c4c70f2c_auto-caps-simdna	measured	pinned	1	max_ns	7646.153966	40	1.0000	0	0		
rank	w-384	(set)	short-subject-search	plain	same program	pcrec_c4c70f2c_auto-caps-simdna	measured	pinned	1	stddev_ns	8.147083	40	1.0000	0	0		
rank	w-384	(set)	short-subject-search	plain	same program	pcrec_c4c70f2c_auto-caps-simdna	measured	pinned	1	ratio_vs_baseline	1.000000	40	1.0000	0	0		
rank	w-384	(set)	short-subject-search	plain	same program	pcrec_c4c70f2c_auto-caps-simdna	measured	pinned	1	ratio_vs_best	1.000000	40	1.0000	0	0		
rank	w-384	(set)	short-subject-search	plain	same program	rust_1.13.1_default-caps-simdna	measured	pinned	2	median_ns	11975.035142	40	1.0000	0	0		
rank	w-384	(set)	short-subject-search	plain	same program	rust_1.13.1_default-caps-simdna	measured	pinned	2	min_ns	11937.123745	40	1.0000	0	0		
rank	w-384	(set)	short-subject-search	plain	same program	rust_1.13.1_default-caps-simdna	measured	pinned	2	max_ns	13122.457352	40	1.0000	0	0		
rank	w-384	(set)	short-subject-search	plain	same program	rust_1.13.1_default-caps-simdna	measured	pinned	2	stddev_ns	465.843600	40	1.0000	0	0		
rank	w-384	(set)	short-subject-search	plain	same program	rust_1.13.1_default-caps-simdna	measured	pinned	2	ratio_vs_baseline	1.569960	40	1.0000	0	0		
rank	w-384	(set)	short-subject-search	plain	same program	rust_1.13.1_default-caps-simdna	measured	pinned	2	ratio_vs_best	1.569960	40	1.0000	0	0		
rank	w-384	(set)	short-subject-search	plain	same program	pcrec_c4c70f2c_vm-caps-simdna	measured	pinned	3	median_ns	53080.269126	40	1.0000	0	0		
rank	w-384	(set)	short-subject-search	plain	same program	pcrec_c4c70f2c_vm-caps-simdna	measured	pinned	3	min_ns	52807.403734	40	1.0000	0	0		
rank	w-384	(set)	short-subject-search	plain	same program	pcrec_c4c70f2c_vm-caps-simdna	measured	pinned	3	max_ns	53504.778383	40	1.0000	0	0		
rank	w-384	(set)	short-subject-search	plain	same program	pcrec_c4c70f2c_vm-caps-simdna	measured	pinned	3	stddev_ns	239.877259	40	1.0000	0	0		
rank	w-384	(set)	short-subject-search	plain	same program	pcrec_c4c70f2c_vm-caps-simdna	measured	pinned	3	ratio_vs_baseline	6.958970	40	1.0000	0	0		
rank	w-384	(set)	short-subject-search	plain	same program	pcrec_c4c70f2c_vm-caps-simdna	measured	pinned	3	ratio_vs_best	6.958970	40	1.0000	0	0		
rank	w-384	(set)	short-subject-search	plain	same program	libpcre2_10.46_jit-caps-simdna	measured	pinned	4	median_ns	1900679.504604	40	1.0000	0	0		
rank	w-384	(set)	short-subject-search	plain	same program	libpcre2_10.46_jit-caps-simdna	measured	pinned	4	min_ns	1886484.911602	40	1.0000	0	0		
rank	w-384	(set)	short-subject-search	plain	same program	libpcre2_10.46_jit-caps-simdna	measured	pinned	4	max_ns	1913772.327808	40	1.0000	0	0		
rank	w-384	(set)	short-subject-search	plain	same program	libpcre2_10.46_jit-caps-simdna	measured	pinned	4	stddev_ns	9212.315402	40	1.0000	0	0		
rank	w-384	(set)	short-subject-search	plain	same program	libpcre2_10.46_jit-caps-simdna	measured	pinned	4	ratio_vs_baseline	249.184344	40	1.0000	0	0		
rank	w-384	(set)	short-subject-search	plain	same program	libpcre2_10.46_jit-caps-simdna	measured	pinned	4	ratio_vs_best	249.184344	40	1.0000	0	0		
baseline	w-512	(set)	large-subject-throughput			rust_1.13.1_default-caps-simdna				baseline_identity	row-best-fallback					rust_1.13.1_default-caps-simdna (row-best fallback -- interp absent from this group)	
rank	w-512	(set)	large-subject-throughput	plain	same program	rust_1.13.1_default-caps-simdna	measured	pinned	1	median_ns	3520906.923077	4	1.0000	0	0		
rank	w-512	(set)	large-subject-throughput	plain	same program	rust_1.13.1_default-caps-simdna	measured	pinned	1	min_ns	3497226.846154	4	1.0000	0	0		
rank	w-512	(set)	large-subject-throughput	plain	same program	rust_1.13.1_default-caps-simdna	measured	pinned	1	max_ns	3534043.230769	4	1.0000	0	0		
rank	w-512	(set)	large-subject-throughput	plain	same program	rust_1.13.1_default-caps-simdna	measured	pinned	1	stddev_ns	13160.016789	4	1.0000	0	0		
rank	w-512	(set)	large-subject-throughput	plain	same program	rust_1.13.1_default-caps-simdna	measured	pinned	1	ratio_vs_baseline	1.000000	4	1.0000	0	0		
rank	w-512	(set)	large-subject-throughput	plain	same program	rust_1.13.1_default-caps-simdna	measured	pinned	1	ratio_vs_best	1.000000	4	1.0000	0	0		
rank	w-512	(set)	large-subject-throughput	plain	same program	pcrec_c4c70f2c_auto-caps-simdna	measured	pinned	2	median_ns	4098028.950000	4	1.0000	0	0		
rank	w-512	(set)	large-subject-throughput	plain	same program	pcrec_c4c70f2c_auto-caps-simdna	measured	pinned	2	min_ns	4095421.462500	4	1.0000	0	0		
rank	w-512	(set)	large-subject-throughput	plain	same program	pcrec_c4c70f2c_auto-caps-simdna	measured	pinned	2	max_ns	4102389.237500	4	1.0000	0	0		
rank	w-512	(set)	large-subject-throughput	plain	same program	pcrec_c4c70f2c_auto-caps-simdna	measured	pinned	2	stddev_ns	2730.431177	4	1.0000	0	0		
rank	w-512	(set)	large-subject-throughput	plain	same program	pcrec_c4c70f2c_auto-caps-simdna	measured	pinned	2	ratio_vs_baseline	1.163913	4	1.0000	0	0		
rank	w-512	(set)	large-subject-throughput	plain	same program	pcrec_c4c70f2c_auto-caps-simdna	measured	pinned	2	ratio_vs_best	1.163913	4	1.0000	0	0		
rank	w-512	(set)	large-subject-throughput	plain	same program	pcrec_c4c70f2c_vm-caps-simdna	measured	pinned	3	median_ns	17016587.333333	4	1.0000	0	0		
rank	w-512	(set)	large-subject-throughput	plain	same program	pcrec_c4c70f2c_vm-caps-simdna	measured	pinned	3	min_ns	16981967.666667	4	1.0000	0	0		
rank	w-512	(set)	large-subject-throughput	plain	same program	pcrec_c4c70f2c_vm-caps-simdna	measured	pinned	3	max_ns	17042425.142857	4	1.0000	0	0		
rank	w-512	(set)	large-subject-throughput	plain	same program	pcrec_c4c70f2c_vm-caps-simdna	measured	pinned	3	stddev_ns	22850.588786	4	1.0000	0	0		
rank	w-512	(set)	large-subject-throughput	plain	same program	pcrec_c4c70f2c_vm-caps-simdna	measured	pinned	3	ratio_vs_baseline	4.833013	4	1.0000	0	0		
rank	w-512	(set)	large-subject-throughput	plain	same program	pcrec_c4c70f2c_vm-caps-simdna	measured	pinned	3	ratio_vs_best	4.833013	4	1.0000	0	0		
rank	w-512	(set)	large-subject-throughput	plain	same program	libpcre2_10.46_jit-caps-simdna	measured	pinned	4	median_ns	593738060.000000	4	1.0000	0	0		
rank	w-512	(set)	large-subject-throughput	plain	same program	libpcre2_10.46_jit-caps-simdna	measured	pinned	4	min_ns	589104338.000000	4	1.0000	0	0		
rank	w-512	(set)	large-subject-throughput	plain	same program	libpcre2_10.46_jit-caps-simdna	measured	pinned	4	max_ns	594611751.000000	4	1.0000	0	0		
rank	w-512	(set)	large-subject-throughput	plain	same program	libpcre2_10.46_jit-caps-simdna	measured	pinned	4	stddev_ns	1981629.673329	4	1.0000	0	0		
rank	w-512	(set)	large-subject-throughput	plain	same program	libpcre2_10.46_jit-caps-simdna	measured	pinned	4	ratio_vs_baseline	168.632137	4	1.0000	0	0		
rank	w-512	(set)	large-subject-throughput	plain	same program	libpcre2_10.46_jit-caps-simdna	measured	pinned	4	ratio_vs_best	168.632137	4	1.0000	0	0		
baseline	w-512	(set)	match-compliance			pcrec_c4c70f2c_vm-caps-simdna				baseline_identity	row-best-fallback					pcrec_c4c70f2c_vm-caps-simdna (row-best fallback -- interp absent from this group)	
rank	w-512	(set)	match-compliance	whole-subject	separate artifact	pcrec_c4c70f2c_vm-caps-simdna	measured	pinned	1	median_ns	397.201282	40	1.0000	0	0		
rank	w-512	(set)	match-compliance	whole-subject	separate artifact	pcrec_c4c70f2c_vm-caps-simdna	measured	pinned	1	min_ns	393.600817	40	1.0000	0	0		
rank	w-512	(set)	match-compliance	whole-subject	separate artifact	pcrec_c4c70f2c_vm-caps-simdna	measured	pinned	1	max_ns	408.871768	40	1.0000	0	0		
rank	w-512	(set)	match-compliance	whole-subject	separate artifact	pcrec_c4c70f2c_vm-caps-simdna	measured	pinned	1	stddev_ns	5.493776	40	1.0000	0	0		
rank	w-512	(set)	match-compliance	whole-subject	separate artifact	pcrec_c4c70f2c_vm-caps-simdna	measured	pinned	1	ratio_vs_baseline	1.000000	40	1.0000	0	0		
rank	w-512	(set)	match-compliance	whole-subject	separate artifact	pcrec_c4c70f2c_vm-caps-simdna	measured	pinned	1	ratio_vs_best	1.000000	40	1.0000	0	0		
rank	w-512	(set)	match-compliance	whole-subject	separate artifact	rust_1.13.1_default-caps-simdna	measured	pinned	2	median_ns	1030.256048	40	1.0000	0	0		
rank	w-512	(set)	match-compliance	whole-subject	separate artifact	rust_1.13.1_default-caps-simdna	measured	pinned	2	min_ns	1029.863277	40	1.0000	0	0		
rank	w-512	(set)	match-compliance	whole-subject	separate artifact	rust_1.13.1_default-caps-simdna	measured	pinned	2	max_ns	1035.648089	40	1.0000	0	0		
rank	w-512	(set)	match-compliance	whole-subject	separate artifact	rust_1.13.1_default-caps-simdna	measured	pinned	2	stddev_ns	2.193127	40	1.0000	0	0		
rank	w-512	(set)	match-compliance	whole-subject	separate artifact	rust_1.13.1_default-caps-simdna	measured	pinned	2	ratio_vs_baseline	2.593788	40	1.0000	0	0		
rank	w-512	(set)	match-compliance	whole-subject	separate artifact	rust_1.13.1_default-caps-simdna	measured	pinned	2	ratio_vs_best	2.593788	40	1.0000	0	0		
rank	w-512	(set)	match-compliance	whole-subject	separate artifact	pcrec_c4c70f2c_auto-caps-simdna	measured	pinned	3	median_ns	1491.547409	40	1.0000	0	0		
rank	w-512	(set)	match-compliance	whole-subject	separate artifact	pcrec_c4c70f2c_auto-caps-simdna	measured	pinned	3	min_ns	1490.583828	40	1.0000	0	0		
rank	w-512	(set)	match-compliance	whole-subject	separate artifact	pcrec_c4c70f2c_auto-caps-simdna	measured	pinned	3	max_ns	1500.276191	40	1.0000	0	0		
rank	w-512	(set)	match-compliance	whole-subject	separate artifact	pcrec_c4c70f2c_auto-caps-simdna	measured	pinned	3	stddev_ns	3.741835	40	1.0000	0	0		
rank	w-512	(set)	match-compliance	whole-subject	separate artifact	pcrec_c4c70f2c_auto-caps-simdna	measured	pinned	3	ratio_vs_baseline	3.755142	40	1.0000	0	0		
rank	w-512	(set)	match-compliance	whole-subject	separate artifact	pcrec_c4c70f2c_auto-caps-simdna	measured	pinned	3	ratio_vs_best	3.755142	40	1.0000	0	0		
rank	w-512	(set)	match-compliance	plain	same program	libpcre2_10.46_jit-caps-simdna	measured	pinned	4	median_ns	104066.334750	40	1.0000	0	0		
rank	w-512	(set)	match-compliance	plain	same program	libpcre2_10.46_jit-caps-simdna	measured	pinned	4	min_ns	102559.455522	40	1.0000	0	0		
rank	w-512	(set)	match-compliance	plain	same program	libpcre2_10.46_jit-caps-simdna	measured	pinned	4	max_ns	106565.710769	40	1.0000	0	0		
rank	w-512	(set)	match-compliance	plain	same program	libpcre2_10.46_jit-caps-simdna	measured	pinned	4	stddev_ns	1419.636598	40	1.0000	0	0		
rank	w-512	(set)	match-compliance	plain	same program	libpcre2_10.46_jit-caps-simdna	measured	pinned	4	ratio_vs_baseline	261.998990	40	1.0000	0	0		
rank	w-512	(set)	match-compliance	plain	same program	libpcre2_10.46_jit-caps-simdna	measured	pinned	4	ratio_vs_best	261.998990	40	1.0000	0	0		
baseline	w-512	(set)	short-subject-search			rust_1.13.1_default-caps-simdna				baseline_identity	row-best-fallback					rust_1.13.1_default-caps-simdna (row-best fallback -- interp absent from this group)	
rank	w-512	(set)	short-subject-search	plain	same program	rust_1.13.1_default-caps-simdna	measured	pinned	1	median_ns	12672.258921	40	1.0000	0	0		
rank	w-512	(set)	short-subject-search	plain	same program	rust_1.13.1_default-caps-simdna	measured	pinned	1	min_ns	12634.298554	40	1.0000	0	0		
rank	w-512	(set)	short-subject-search	plain	same program	rust_1.13.1_default-caps-simdna	measured	pinned	1	max_ns	12789.745952	40	1.0000	0	0		
rank	w-512	(set)	short-subject-search	plain	same program	rust_1.13.1_default-caps-simdna	measured	pinned	1	stddev_ns	58.993046	40	1.0000	0	0		
rank	w-512	(set)	short-subject-search	plain	same program	rust_1.13.1_default-caps-simdna	measured	pinned	1	ratio_vs_baseline	1.000000	40	1.0000	0	0		
rank	w-512	(set)	short-subject-search	plain	same program	rust_1.13.1_default-caps-simdna	measured	pinned	1	ratio_vs_best	1.000000	40	1.0000	0	0		
rank	w-512	(set)	short-subject-search	plain	same program	pcrec_c4c70f2c_auto-caps-simdna	measured	pinned	2	median_ns	13687.619173	40	1.0000	0	0		
rank	w-512	(set)	short-subject-search	plain	same program	pcrec_c4c70f2c_auto-caps-simdna	measured	pinned	2	min_ns	13683.542768	40	1.0000	0	0		
rank	w-512	(set)	short-subject-search	plain	same program	pcrec_c4c70f2c_auto-caps-simdna	measured	pinned	2	max_ns	13799.842857	40	1.0000	0	0		
rank	w-512	(set)	short-subject-search	plain	same program	pcrec_c4c70f2c_auto-caps-simdna	measured	pinned	2	stddev_ns	45.212655	40	1.0000	0	0		
rank	w-512	(set)	short-subject-search	plain	same program	pcrec_c4c70f2c_auto-caps-simdna	measured	pinned	2	ratio_vs_baseline	1.080125	40	1.0000	0	0		
rank	w-512	(set)	short-subject-search	plain	same program	pcrec_c4c70f2c_auto-caps-simdna	measured	pinned	2	ratio_vs_best	1.080125	40	1.0000	0	0		
rank	w-512	(set)	short-subject-search	plain	same program	pcrec_c4c70f2c_vm-caps-simdna	measured	pinned	3	median_ns	53978.253254	40	1.0000	0	0		
rank	w-512	(set)	short-subject-search	plain	same program	pcrec_c4c70f2c_vm-caps-simdna	measured	pinned	3	min_ns	52663.481083	40	1.0000	0	0		
rank	w-512	(set)	short-subject-search	plain	same program	pcrec_c4c70f2c_vm-caps-simdna	measured	pinned	3	max_ns	54869.560901	40	1.0000	0	0		
rank	w-512	(set)	short-subject-search	plain	same program	pcrec_c4c70f2c_vm-caps-simdna	measured	pinned	3	stddev_ns	768.952311	40	1.0000	0	0		
rank	w-512	(set)	short-subject-search	plain	same program	pcrec_c4c70f2c_vm-caps-simdna	measured	pinned	3	ratio_vs_baseline	4.259560	40	1.0000	0	0		
rank	w-512	(set)	short-subject-search	plain	same program	pcrec_c4c70f2c_vm-caps-simdna	measured	pinned	3	ratio_vs_best	4.259560	40	1.0000	0	0		
rank	w-512	(set)	short-subject-search	plain	same program	libpcre2_10.46_jit-caps-simdna	measured	pinned	4	median_ns	2686417.002584	40	1.0000	0	0		
rank	w-512	(set)	short-subject-search	plain	same program	libpcre2_10.46_jit-caps-simdna	measured	pinned	4	min_ns	2677196.563307	40	1.0000	0	0		
rank	w-512	(set)	short-subject-search	plain	same program	libpcre2_10.46_jit-caps-simdna	measured	pinned	4	max_ns	2714353.155039	40	1.0000	0	0		
rank	w-512	(set)	short-subject-search	plain	same program	libpcre2_10.46_jit-caps-simdna	measured	pinned	4	stddev_ns	13097.974103	40	1.0000	0	0		
rank	w-512	(set)	short-subject-search	plain	same program	libpcre2_10.46_jit-caps-simdna	measured	pinned	4	ratio_vs_baseline	211.991960	40	1.0000	0	0		
rank	w-512	(set)	short-subject-search	plain	same program	libpcre2_10.46_jit-caps-simdna	measured	pinned	4	ratio_vs_best	211.991960	40	1.0000	0	0		
baseline	w-64	(set)	large-subject-throughput			rust_1.13.1_default-caps-simdna				baseline_identity	row-best-fallback					rust_1.13.1_default-caps-simdna (row-best fallback -- interp absent from this group)	
rank	w-64	(set)	large-subject-throughput	plain	same program	rust_1.13.1_default-caps-simdna	measured	pinned	1	median_ns	2218165.732283	4	1.0000	0	0		
rank	w-64	(set)	large-subject-throughput	plain	same program	rust_1.13.1_default-caps-simdna	measured	pinned	1	min_ns	2211682.244094	4	1.0000	0	0		
rank	w-64	(set)	large-subject-throughput	plain	same program	rust_1.13.1_default-caps-simdna	measured	pinned	1	max_ns	2219860.385827	4	1.0000	0	0		
rank	w-64	(set)	large-subject-throughput	plain	same program	rust_1.13.1_default-caps-simdna	measured	pinned	1	stddev_ns	2863.497090	4	1.0000	0	0		
rank	w-64	(set)	large-subject-throughput	plain	same program	rust_1.13.1_default-caps-simdna	measured	pinned	1	ratio_vs_baseline	1.000000	4	1.0000	0	0		
rank	w-64	(set)	large-subject-throughput	plain	same program	rust_1.13.1_default-caps-simdna	measured	pinned	1	ratio_vs_best	1.000000	4	1.0000	0	0		
rank	w-64	(set)	large-subject-throughput	plain	same program	pcrec_c4c70f2c_auto-caps-simdna	measured	pinned	2	median_ns	3405732.019802	4	1.0000	0	0		
rank	w-64	(set)	large-subject-throughput	plain	same program	pcrec_c4c70f2c_auto-caps-simdna	measured	pinned	2	min_ns	3401671.495050	4	1.0000	0	0		
rank	w-64	(set)	large-subject-throughput	plain	same program	pcrec_c4c70f2c_auto-caps-simdna	measured	pinned	2	max_ns	3409561.237624	4	1.0000	0	0		
rank	w-64	(set)	large-subject-throughput	plain	same program	pcrec_c4c70f2c_auto-caps-simdna	measured	pinned	2	stddev_ns	2893.596784	4	1.0000	0	0		
rank	w-64	(set)	large-subject-throughput	plain	same program	pcrec_c4c70f2c_auto-caps-simdna	measured	pinned	2	ratio_vs_baseline	1.535382	4	1.0000	0	0		
rank	w-64	(set)	large-subject-throughput	plain	same program	pcrec_c4c70f2c_auto-caps-simdna	measured	pinned	2	ratio_vs_best	1.535382	4	1.0000	0	0		
rank	w-64	(set)	large-subject-throughput	plain	same program	pcrec_c4c70f2c_vm-caps-simdna	measured	pinned	3	median_ns	13595434.000000	4	1.0000	0	0		
rank	w-64	(set)	large-subject-throughput	plain	same program	pcrec_c4c70f2c_vm-caps-simdna	measured	pinned	3	min_ns	13591412.076923	4	1.0000	0	0		
rank	w-64	(set)	large-subject-throughput	plain	same program	pcrec_c4c70f2c_vm-caps-simdna	measured	pinned	3	max_ns	13596596.230769	4	1.0000	0	0		
rank	w-64	(set)	large-subject-throughput	plain	same program	pcrec_c4c70f2c_vm-caps-simdna	measured	pinned	3	stddev_ns	2027.692134	4	1.0000	0	0		
rank	w-64	(set)	large-subject-throughput	plain	same program	pcrec_c4c70f2c_vm-caps-simdna	measured	pinned	3	ratio_vs_baseline	6.129134	4	1.0000	0	0		
rank	w-64	(set)	large-subject-throughput	plain	same program	pcrec_c4c70f2c_vm-caps-simdna	measured	pinned	3	ratio_vs_best	6.129134	4	1.0000	0	0		
rank	w-64	(set)	large-subject-throughput	plain	same program	libpcre2_10.46_jit-caps-simdna	measured	pinned	4	median_ns	33900637.727273	4	1.0000	0	0		
rank	w-64	(set)	large-subject-throughput	plain	same program	libpcre2_10.46_jit-caps-simdna	measured	pinned	4	min_ns	31846718.818182	4	1.0000	0	0		
rank	w-64	(set)	large-subject-throughput	plain	same program	libpcre2_10.46_jit-caps-simdna	measured	pinned	4	max_ns	35951438.545455	4	1.0000	0	0		
rank	w-64	(set)	large-subject-throughput	plain	same program	libpcre2_10.46_jit-caps-simdna	measured	pinned	4	stddev_ns	1304754.773992	4	1.0000	0	0		
rank	w-64	(set)	large-subject-throughput	plain	same program	libpcre2_10.46_jit-caps-simdna	measured	pinned	4	ratio_vs_baseline	15.283185	4	1.0000	0	0		
rank	w-64	(set)	large-subject-throughput	plain	same program	libpcre2_10.46_jit-caps-simdna	measured	pinned	4	ratio_vs_best	15.283185	4	1.0000	0	0		
baseline	w-64	(set)	match-compliance			pcrec_c4c70f2c_vm-caps-simdna				baseline_identity	row-best-fallback					pcrec_c4c70f2c_vm-caps-simdna (row-best fallback -- interp absent from this group)	
rank	w-64	(set)	match-compliance	whole-subject	separate artifact	pcrec_c4c70f2c_vm-caps-simdna	measured	pinned	1	median_ns	396.379948	40	1.0000	0	0		
rank	w-64	(set)	match-compliance	whole-subject	separate artifact	pcrec_c4c70f2c_vm-caps-simdna	measured	pinned	1	min_ns	394.835690	40	1.0000	0	0		
rank	w-64	(set)	match-compliance	whole-subject	separate artifact	pcrec_c4c70f2c_vm-caps-simdna	measured	pinned	1	max_ns	396.754319	40	1.0000	0	0		
rank	w-64	(set)	match-compliance	whole-subject	separate artifact	pcrec_c4c70f2c_vm-caps-simdna	measured	pinned	1	stddev_ns	0.674103	40	1.0000	0	0		
rank	w-64	(set)	match-compliance	whole-subject	separate artifact	pcrec_c4c70f2c_vm-caps-simdna	measured	pinned	1	ratio_vs_baseline	1.000000	40	1.0000	0	0		
rank	w-64	(set)	match-compliance	whole-subject	separate artifact	pcrec_c4c70f2c_vm-caps-simdna	measured	pinned	1	ratio_vs_best	1.000000	40	1.0000	0	0		
rank	w-64	(set)	match-compliance	whole-subject	separate artifact	pcrec_c4c70f2c_auto-caps-simdna	measured	pinned	2	median_ns	514.147963	40	1.0000	0	0		
rank	w-64	(set)	match-compliance	whole-subject	separate artifact	pcrec_c4c70f2c_auto-caps-simdna	measured	pinned	2	min_ns	511.077375	40	1.0000	0	0		
rank	w-64	(set)	match-compliance	whole-subject	separate artifact	pcrec_c4c70f2c_auto-caps-simdna	measured	pinned	2	max_ns	529.117807	40	1.0000	0	0		
rank	w-64	(set)	match-compliance	whole-subject	separate artifact	pcrec_c4c70f2c_auto-caps-simdna	measured	pinned	2	stddev_ns	6.457791	40	1.0000	0	0		
rank	w-64	(set)	match-compliance	whole-subject	separate artifact	pcrec_c4c70f2c_auto-caps-simdna	measured	pinned	2	ratio_vs_baseline	1.297109	40	1.0000	0	0		
rank	w-64	(set)	match-compliance	whole-subject	separate artifact	pcrec_c4c70f2c_auto-caps-simdna	measured	pinned	2	ratio_vs_best	1.297109	40	1.0000	0	0		
rank	w-64	(set)	match-compliance	whole-subject	separate artifact	rust_1.13.1_default-caps-simdna	measured	pinned	3	median_ns	780.880245	40	1.0000	0	0		
rank	w-64	(set)	match-compliance	whole-subject	separate artifact	rust_1.13.1_default-caps-simdna	measured	pinned	3	min_ns	779.945470	40	1.0000	0	0		
rank	w-64	(set)	match-compliance	whole-subject	separate artifact	rust_1.13.1_default-caps-simdna	measured	pinned	3	max_ns	782.362037	40	1.0000	0	0		
rank	w-64	(set)	match-compliance	whole-subject	separate artifact	rust_1.13.1_default-caps-simdna	measured	pinned	3	stddev_ns	0.948852	40	1.0000	0	0		
rank	w-64	(set)	match-compliance	whole-subject	separate artifact	rust_1.13.1_default-caps-simdna	measured	pinned	3	ratio_vs_baseline	1.970030	40	1.0000	0	0		
rank	w-64	(set)	match-compliance	whole-subject	separate artifact	rust_1.13.1_default-caps-simdna	measured	pinned	3	ratio_vs_best	1.970030	40	1.0000	0	0		
rank	w-64	(set)	match-compliance	plain	same program	libpcre2_10.46_jit-caps-simdna	measured	pinned	4	median_ns	15602.271742	40	1.0000	0	0		
rank	w-64	(set)	match-compliance	plain	same program	libpcre2_10.46_jit-caps-simdna	measured	pinned	4	min_ns	15554.083050	40	1.0000	0	0		
rank	w-64	(set)	match-compliance	plain	same program	libpcre2_10.46_jit-caps-simdna	measured	pinned	4	max_ns	16874.287000	40	1.0000	0	0		
rank	w-64	(set)	match-compliance	plain	same program	libpcre2_10.46_jit-caps-simdna	measured	pinned	4	stddev_ns	507.154531	40	1.0000	0	0		
rank	w-64	(set)	match-compliance	plain	same program	libpcre2_10.46_jit-caps-simdna	measured	pinned	4	ratio_vs_baseline	39.361910	40	1.0000	0	0		
rank	w-64	(set)	match-compliance	plain	same program	libpcre2_10.46_jit-caps-simdna	measured	pinned	4	ratio_vs_best	39.361910	40	1.0000	0	0		
baseline	w-64	(set)	short-subject-search			pcrec_c4c70f2c_auto-caps-simdna				baseline_identity	row-best-fallback					pcrec_c4c70f2c_auto-caps-simdna (row-best fallback -- interp absent from this group)	
rank	w-64	(set)	short-subject-search	plain	same program	pcrec_c4c70f2c_auto-caps-simdna	measured	pinned	1	median_ns	7415.262049	40	1.0000	0	0		
rank	w-64	(set)	short-subject-search	plain	same program	pcrec_c4c70f2c_auto-caps-simdna	measured	pinned	1	min_ns	7410.917052	40	1.0000	0	0		
rank	w-64	(set)	short-subject-search	plain	same program	pcrec_c4c70f2c_auto-caps-simdna	measured	pinned	1	max_ns	7431.553800	40	1.0000	0	0		
rank	w-64	(set)	short-subject-search	plain	same program	pcrec_c4c70f2c_auto-caps-simdna	measured	pinned	1	stddev_ns	7.179337	40	1.0000	0	0		
rank	w-64	(set)	short-subject-search	plain	same program	pcrec_c4c70f2c_auto-caps-simdna	measured	pinned	1	ratio_vs_baseline	1.000000	40	1.0000	0	0		
rank	w-64	(set)	short-subject-search	plain	same program	pcrec_c4c70f2c_auto-caps-simdna	measured	pinned	1	ratio_vs_best	1.000000	40	1.0000	0	0		
rank	w-64	(set)	short-subject-search	plain	same program	rust_1.13.1_default-caps-simdna	measured	pinned	2	median_ns	10055.799876	40	1.0000	0	0		
rank	w-64	(set)	short-subject-search	plain	same program	rust_1.13.1_default-caps-simdna	measured	pinned	2	min_ns	10051.028693	40	1.0000	0	0		
rank	w-64	(set)	short-subject-search	plain	same program	rust_1.13.1_default-caps-simdna	measured	pinned	2	max_ns	10128.468793	40	1.0000	0	0		
rank	w-64	(set)	short-subject-search	plain	same program	rust_1.13.1_default-caps-simdna	measured	pinned	2	stddev_ns	29.554434	40	1.0000	0	0		
rank	w-64	(set)	short-subject-search	plain	same program	rust_1.13.1_default-caps-simdna	measured	pinned	2	ratio_vs_baseline	1.356095	40	1.0000	0	0		
rank	w-64	(set)	short-subject-search	plain	same program	rust_1.13.1_default-caps-simdna	measured	pinned	2	ratio_vs_best	1.356095	40	1.0000	0	0		
rank	w-64	(set)	short-subject-search	plain	same program	pcrec_c4c70f2c_vm-caps-simdna	measured	pinned	3	median_ns	49989.785794	40	1.0000	0	0		
rank	w-64	(set)	short-subject-search	plain	same program	pcrec_c4c70f2c_vm-caps-simdna	measured	pinned	3	min_ns	49749.490766	40	1.0000	0	0		
rank	w-64	(set)	short-subject-search	plain	same program	pcrec_c4c70f2c_vm-caps-simdna	measured	pinned	3	max_ns	50348.157961	40	1.0000	0	0		
rank	w-64	(set)	short-subject-search	plain	same program	pcrec_c4c70f2c_vm-caps-simdna	measured	pinned	3	stddev_ns	195.729579	40	1.0000	0	0		
rank	w-64	(set)	short-subject-search	plain	same program	pcrec_c4c70f2c_vm-caps-simdna	measured	pinned	3	ratio_vs_baseline	6.741473	40	1.0000	0	0		
rank	w-64	(set)	short-subject-search	plain	same program	pcrec_c4c70f2c_vm-caps-simdna	measured	pinned	3	ratio_vs_best	6.741473	40	1.0000	0	0		
rank	w-64	(set)	short-subject-search	plain	same program	libpcre2_10.46_jit-caps-simdna	measured	pinned	4	median_ns	159737.006100	40	1.0000	0	0		
rank	w-64	(set)	short-subject-search	plain	same program	libpcre2_10.46_jit-caps-simdna	measured	pinned	4	min_ns	151157.717062	40	1.0000	0	0		
rank	w-64	(set)	short-subject-search	plain	same program	libpcre2_10.46_jit-caps-simdna	measured	pinned	4	max_ns	166445.197544	40	1.0000	0	0		
rank	w-64	(set)	short-subject-search	plain	same program	libpcre2_10.46_jit-caps-simdna	measured	pinned	4	stddev_ns	5527.666705	40	1.0000	0	0		
rank	w-64	(set)	short-subject-search	plain	same program	libpcre2_10.46_jit-caps-simdna	measured	pinned	4	ratio_vs_baseline	21.541654	40	1.0000	0	0		
rank	w-64	(set)	short-subject-search	plain	same program	libpcre2_10.46_jit-caps-simdna	measured	pinned	4	ratio_vs_best	21.541654	40	1.0000	0	0		
baseline	w-8	(set)	large-subject-throughput			rust_1.13.1_default-caps-simdna				baseline_identity	row-best-fallback					rust_1.13.1_default-caps-simdna (row-best fallback -- interp absent from this group)	
rank	w-8	(set)	large-subject-throughput	plain	same program	rust_1.13.1_default-caps-simdna	measured	pinned	1	median_ns	194929.057554	4	1.0000	0	0		
rank	w-8	(set)	large-subject-throughput	plain	same program	rust_1.13.1_default-caps-simdna	measured	pinned	1	min_ns	194807.978417	4	1.0000	0	0		
rank	w-8	(set)	large-subject-throughput	plain	same program	rust_1.13.1_default-caps-simdna	measured	pinned	1	max_ns	194970.922302	4	1.0000	0	0		
rank	w-8	(set)	large-subject-throughput	plain	same program	rust_1.13.1_default-caps-simdna	measured	pinned	1	stddev_ns	55.899004	4	1.0000	0	0		
rank	w-8	(set)	large-subject-throughput	plain	same program	rust_1.13.1_default-caps-simdna	measured	pinned	1	ratio_vs_baseline	1.000000	4	1.0000	0	0		
rank	w-8	(set)	large-subject-throughput	plain	same program	rust_1.13.1_default-caps-simdna	measured	pinned	1	ratio_vs_best	1.000000	4	1.0000	0	0		
rank	w-8	(set)	large-subject-throughput	plain	same program	pcrec_c4c70f2c_auto-caps-simdna	measured	pinned	2	median_ns	2254017.794872	4	1.0000	0	0		
rank	w-8	(set)	large-subject-throughput	plain	same program	pcrec_c4c70f2c_auto-caps-simdna	measured	pinned	2	min_ns	2248850.269231	4	1.0000	0	0		
rank	w-8	(set)	large-subject-throughput	plain	same program	pcrec_c4c70f2c_auto-caps-simdna	measured	pinned	2	max_ns	2256614.147436	4	1.0000	0	0		
rank	w-8	(set)	large-subject-throughput	plain	same program	pcrec_c4c70f2c_auto-caps-simdna	measured	pinned	2	stddev_ns	2731.482761	4	1.0000	0	0		
rank	w-8	(set)	large-subject-throughput	plain	same program	pcrec_c4c70f2c_auto-caps-simdna	measured	pinned	2	ratio_vs_baseline	11.563272	4	1.0000	0	0		
rank	w-8	(set)	large-subject-throughput	plain	same program	pcrec_c4c70f2c_auto-caps-simdna	measured	pinned	2	ratio_vs_best	11.563272	4	1.0000	0	0		
rank	w-8	(set)	large-subject-throughput	plain	same program	libpcre2_10.46_jit-caps-simdna	measured	pinned	3	median_ns	3290992.900990	4	1.0000	0	0		
rank	w-8	(set)	large-subject-throughput	plain	same program	libpcre2_10.46_jit-caps-simdna	measured	pinned	3	min_ns	3288416.524752	4	1.0000	0	0		
rank	w-8	(set)	large-subject-throughput	plain	same program	libpcre2_10.46_jit-caps-simdna	measured	pinned	3	max_ns	3294381.524752	4	1.0000	0	0		
rank	w-8	(set)	large-subject-throughput	plain	same program	libpcre2_10.46_jit-caps-simdna	measured	pinned	3	stddev_ns	2500.987607	4	1.0000	0	0		
rank	w-8	(set)	large-subject-throughput	plain	same program	libpcre2_10.46_jit-caps-simdna	measured	pinned	3	ratio_vs_baseline	16.883029	4	1.0000	0	0		
rank	w-8	(set)	large-subject-throughput	plain	same program	libpcre2_10.46_jit-caps-simdna	measured	pinned	3	ratio_vs_best	16.883029	4	1.0000	0	0		
rank	w-8	(set)	large-subject-throughput	plain	same program	pcrec_c4c70f2c_vm-caps-simdna	measured	pinned	4	median_ns	8961080.025641	4	1.0000	0	0		
rank	w-8	(set)	large-subject-throughput	plain	same program	pcrec_c4c70f2c_vm-caps-simdna	measured	pinned	4	min_ns	8952244.589744	4	1.0000	0	0		
rank	w-8	(set)	large-subject-throughput	plain	same program	pcrec_c4c70f2c_vm-caps-simdna	measured	pinned	4	max_ns	8999468.897436	4	1.0000	0	0		
rank	w-8	(set)	large-subject-throughput	plain	same program	pcrec_c4c70f2c_vm-caps-simdna	measured	pinned	4	stddev_ns	16669.689975	4	1.0000	0	0		
rank	w-8	(set)	large-subject-throughput	plain	same program	pcrec_c4c70f2c_vm-caps-simdna	measured	pinned	4	ratio_vs_baseline	45.970981	4	1.0000	0	0		
rank	w-8	(set)	large-subject-throughput	plain	same program	pcrec_c4c70f2c_vm-caps-simdna	measured	pinned	4	ratio_vs_best	45.970981	4	1.0000	0	0		
baseline	w-8	(set)	match-compliance			pcrec_c4c70f2c_vm-caps-simdna				baseline_identity	row-best-fallback					pcrec_c4c70f2c_vm-caps-simdna (row-best fallback -- interp absent from this group)	
rank	w-8	(set)	match-compliance	whole-subject	separate artifact	pcrec_c4c70f2c_vm-caps-simdna	measured	pinned	1	median_ns	359.476761	40	1.0000	0	0		
rank	w-8	(set)	match-compliance	whole-subject	separate artifact	pcrec_c4c70f2c_vm-caps-simdna	measured	pinned	1	min_ns	359.164118	40	1.0000	0	0		
rank	w-8	(set)	match-compliance	whole-subject	separate artifact	pcrec_c4c70f2c_vm-caps-simdna	measured	pinned	1	max_ns	361.940186	40	1.0000	0	0		
rank	w-8	(set)	match-compliance	whole-subject	separate artifact	pcrec_c4c70f2c_vm-caps-simdna	measured	pinned	1	stddev_ns	1.193485	40	1.0000	0	0		
rank	w-8	(set)	match-compliance	whole-subject	separate artifact	pcrec_c4c70f2c_vm-caps-simdna	measured	pinned	1	ratio_vs_baseline	1.000000	40	1.0000	0	0		
rank	w-8	(set)	match-compliance	whole-subject	separate artifact	pcrec_c4c70f2c_vm-caps-simdna	measured	pinned	1	ratio_vs_best	1.000000	40	1.0000	0	0		
rank	w-8	(set)	match-compliance	whole-subject	separate artifact	pcrec_c4c70f2c_auto-caps-simdna	measured	pinned	2	median_ns	454.139078	40	1.0000	0	0		
rank	w-8	(set)	match-compliance	whole-subject	separate artifact	pcrec_c4c70f2c_auto-caps-simdna	measured	pinned	2	min_ns	452.889012	40	1.0000	0	0		
rank	w-8	(set)	match-compliance	whole-subject	separate artifact	pcrec_c4c70f2c_auto-caps-simdna	measured	pinned	2	max_ns	473.242479	40	1.0000	0	0		
rank	w-8	(set)	match-compliance	whole-subject	separate artifact	pcrec_c4c70f2c_auto-caps-simdna	measured	pinned	2	stddev_ns	7.592184	40	1.0000	0	0		
rank	w-8	(set)	match-compliance	whole-subject	separate artifact	pcrec_c4c70f2c_auto-caps-simdna	measured	pinned	2	ratio_vs_baseline	1.263334	40	1.0000	0	0		
rank	w-8	(set)	match-compliance	whole-subject	separate artifact	pcrec_c4c70f2c_auto-caps-simdna	measured	pinned	2	ratio_vs_best	1.263334	40	1.0000	0	0		
rank	w-8	(set)	match-compliance	whole-subject	separate artifact	rust_1.13.1_default-caps-simdna	measured	pinned	3	median_ns	775.513637	40	1.0000	0	0		
rank	w-8	(set)	match-compliance	whole-subject	separate artifact	rust_1.13.1_default-caps-simdna	measured	pinned	3	min_ns	773.502134	40	1.0000	0	0		
rank	w-8	(set)	match-compliance	whole-subject	separate artifact	rust_1.13.1_default-caps-simdna	measured	pinned	3	max_ns	807.752166	40	1.0000	0	0		
rank	w-8	(set)	match-compliance	whole-subject	separate artifact	rust_1.13.1_default-caps-simdna	measured	pinned	3	stddev_ns	13.059773	40	1.0000	0	0		
rank	w-8	(set)	match-compliance	whole-subject	separate artifact	rust_1.13.1_default-caps-simdna	measured	pinned	3	ratio_vs_baseline	2.157340	40	1.0000	0	0		
rank	w-8	(set)	match-compliance	whole-subject	separate artifact	rust_1.13.1_default-caps-simdna	measured	pinned	3	ratio_vs_best	2.157340	40	1.0000	0	0		
rank	w-8	(set)	match-compliance	plain	same program	libpcre2_10.46_jit-caps-simdna	measured	pinned	4	median_ns	3030.113503	40	1.0000	0	0		
rank	w-8	(set)	match-compliance	plain	same program	libpcre2_10.46_jit-caps-simdna	measured	pinned	4	min_ns	3004.477658	40	1.0000	0	0		
rank	w-8	(set)	match-compliance	plain	same program	libpcre2_10.46_jit-caps-simdna	measured	pinned	4	max_ns	3096.130675	40	1.0000	0	0		
rank	w-8	(set)	match-compliance	plain	same program	libpcre2_10.46_jit-caps-simdna	measured	pinned	4	stddev_ns	31.156415	40	1.0000	0	0		
rank	w-8	(set)	match-compliance	plain	same program	libpcre2_10.46_jit-caps-simdna	measured	pinned	4	ratio_vs_baseline	8.429233	40	1.0000	0	0		
rank	w-8	(set)	match-compliance	plain	same program	libpcre2_10.46_jit-caps-simdna	measured	pinned	4	ratio_vs_best	8.429233	40	1.0000	0	0		
baseline	w-8	(set)	short-subject-search			rust_1.13.1_default-caps-simdna				baseline_identity	row-best-fallback					rust_1.13.1_default-caps-simdna (row-best fallback -- interp absent from this group)	
rank	w-8	(set)	short-subject-search	plain	same program	rust_1.13.1_default-caps-simdna	measured	pinned	1	median_ns	2746.199338	40	1.0000	0	0		
rank	w-8	(set)	short-subject-search	plain	same program	rust_1.13.1_default-caps-simdna	measured	pinned	1	min_ns	2745.086969	40	1.0000	0	0		
rank	w-8	(set)	short-subject-search	plain	same program	rust_1.13.1_default-caps-simdna	measured	pinned	1	max_ns	2748.992014	40	1.0000	0	0		
rank	w-8	(set)	short-subject-search	plain	same program	rust_1.13.1_default-caps-simdna	measured	pinned	1	stddev_ns	1.332055	40	1.0000	0	0		
rank	w-8	(set)	short-subject-search	plain	same program	rust_1.13.1_default-caps-simdna	measured	pinned	1	ratio_vs_baseline	1.000000	40	1.0000	0	0		
rank	w-8	(set)	short-subject-search	plain	same program	rust_1.13.1_default-caps-simdna	measured	pinned	1	ratio_vs_best	1.000000	40	1.0000	0	0		
rank	w-8	(set)	short-subject-search	plain	same program	pcrec_c4c70f2c_auto-caps-simdna	measured	pinned	2	median_ns	4605.427083	40	1.0000	0	0		
rank	w-8	(set)	short-subject-search	plain	same program	pcrec_c4c70f2c_auto-caps-simdna	measured	pinned	2	min_ns	4599.378139	40	1.0000	0	0		
rank	w-8	(set)	short-subject-search	plain	same program	pcrec_c4c70f2c_auto-caps-simdna	measured	pinned	2	max_ns	4612.753585	40	1.0000	0	0		
rank	w-8	(set)	short-subject-search	plain	same program	pcrec_c4c70f2c_auto-caps-simdna	measured	pinned	2	stddev_ns	4.960853	40	1.0000	0	0		
rank	w-8	(set)	short-subject-search	plain	same program	pcrec_c4c70f2c_auto-caps-simdna	measured	pinned	2	ratio_vs_baseline	1.677018	40	1.0000	0	0		
rank	w-8	(set)	short-subject-search	plain	same program	pcrec_c4c70f2c_auto-caps-simdna	measured	pinned	2	ratio_vs_best	1.677018	40	1.0000	0	0		
rank	w-8	(set)	short-subject-search	plain	same program	libpcre2_10.46_jit-caps-simdna	measured	pinned	3	median_ns	11342.927003	40	1.0000	0	0		
rank	w-8	(set)	short-subject-search	plain	same program	libpcre2_10.46_jit-caps-simdna	measured	pinned	3	min_ns	11312.513201	40	1.0000	0	0		
rank	w-8	(set)	short-subject-search	plain	same program	libpcre2_10.46_jit-caps-simdna	measured	pinned	3	max_ns	11405.969562	40	1.0000	0	0		
rank	w-8	(set)	short-subject-search	plain	same program	libpcre2_10.46_jit-caps-simdna	measured	pinned	3	stddev_ns	31.504109	40	1.0000	0	0		
rank	w-8	(set)	short-subject-search	plain	same program	libpcre2_10.46_jit-caps-simdna	measured	pinned	3	ratio_vs_baseline	4.130409	40	1.0000	0	0		
rank	w-8	(set)	short-subject-search	plain	same program	libpcre2_10.46_jit-caps-simdna	measured	pinned	3	ratio_vs_best	4.130409	40	1.0000	0	0		
rank	w-8	(set)	short-subject-search	plain	same program	pcrec_c4c70f2c_vm-caps-simdna	measured	pinned	4	median_ns	32266.728016	40	1.0000	0	0		
rank	w-8	(set)	short-subject-search	plain	same program	pcrec_c4c70f2c_vm-caps-simdna	measured	pinned	4	min_ns	30961.953491	40	1.0000	0	0		
rank	w-8	(set)	short-subject-search	plain	same program	pcrec_c4c70f2c_vm-caps-simdna	measured	pinned	4	max_ns	33157.246123	40	1.0000	0	0		
rank	w-8	(set)	short-subject-search	plain	same program	pcrec_c4c70f2c_vm-caps-simdna	measured	pinned	4	stddev_ns	797.755678	40	1.0000	0	0		
rank	w-8	(set)	short-subject-search	plain	same program	pcrec_c4c70f2c_vm-caps-simdna	measured	pinned	4	ratio_vs_baseline	11.749594	40	1.0000	0	0		
rank	w-8	(set)	short-subject-search	plain	same program	pcrec_c4c70f2c_vm-caps-simdna	measured	pinned	4	ratio_vs_best	11.749594	40	1.0000	0	0		
baseline	w-96	(set)	large-subject-throughput			rust_1.13.1_default-caps-simdna				baseline_identity	row-best-fallback					rust_1.13.1_default-caps-simdna (row-best fallback -- interp absent from this group)	
rank	w-96	(set)	large-subject-throughput	plain	same program	rust_1.13.1_default-caps-simdna	measured	pinned	1	median_ns	1736660.213542	4	1.0000	0	0		
rank	w-96	(set)	large-subject-throughput	plain	same program	rust_1.13.1_default-caps-simdna	measured	pinned	1	min_ns	1735894.208333	4	1.0000	0	0		
rank	w-96	(set)	large-subject-throughput	plain	same program	rust_1.13.1_default-caps-simdna	measured	pinned	1	max_ns	1737450.364583	4	1.0000	0	0		
rank	w-96	(set)	large-subject-throughput	plain	same program	rust_1.13.1_default-caps-simdna	measured	pinned	1	stddev_ns	585.632313	4	1.0000	0	0		
rank	w-96	(set)	large-subject-throughput	plain	same program	rust_1.13.1_default-caps-simdna	measured	pinned	1	ratio_vs_baseline	1.000000	4	1.0000	0	0		
rank	w-96	(set)	large-subject-throughput	plain	same program	rust_1.13.1_default-caps-simdna	measured	pinned	1	ratio_vs_best	1.000000	4	1.0000	0	0		
rank	w-96	(set)	large-subject-throughput	plain	same program	pcrec_c4c70f2c_auto-caps-simdna	measured	pinned	2	median_ns	3129044.657407	4	1.0000	0	0		
rank	w-96	(set)	large-subject-throughput	plain	same program	pcrec_c4c70f2c_auto-caps-simdna	measured	pinned	2	min_ns	3121407.759259	4	1.0000	0	0		
rank	w-96	(set)	large-subject-throughput	plain	same program	pcrec_c4c70f2c_auto-caps-simdna	measured	pinned	2	max_ns	3133723.287037	4	1.0000	0	0		
rank	w-96	(set)	large-subject-throughput	plain	same program	pcrec_c4c70f2c_auto-caps-simdna	measured	pinned	2	stddev_ns	5030.472640	4	1.0000	0	0		
rank	w-96	(set)	large-subject-throughput	plain	same program	pcrec_c4c70f2c_auto-caps-simdna	measured	pinned	2	ratio_vs_baseline	1.801760	4	1.0000	0	0		
rank	w-96	(set)	large-subject-throughput	plain	same program	pcrec_c4c70f2c_auto-caps-simdna	measured	pinned	2	ratio_vs_best	1.801760	4	1.0000	0	0		
rank	w-96	(set)	large-subject-throughput	plain	same program	pcrec_c4c70f2c_vm-caps-simdna	measured	pinned	3	median_ns	14652170.250000	4	1.0000	0	0		
rank	w-96	(set)	large-subject-throughput	plain	same program	pcrec_c4c70f2c_vm-caps-simdna	measured	pinned	3	min_ns	14610139.166667	4	1.0000	0	0		
rank	w-96	(set)	large-subject-throughput	plain	same program	pcrec_c4c70f2c_vm-caps-simdna	measured	pinned	3	max_ns	14690774.083333	4	1.0000	0	0		
rank	w-96	(set)	large-subject-throughput	plain	same program	pcrec_c4c70f2c_vm-caps-simdna	measured	pinned	3	stddev_ns	27075.840576	4	1.0000	0	0		
rank	w-96	(set)	large-subject-throughput	plain	same program	pcrec_c4c70f2c_vm-caps-simdna	measured	pinned	3	ratio_vs_baseline	8.436982	4	1.0000	0	0		
rank	w-96	(set)	large-subject-throughput	plain	same program	pcrec_c4c70f2c_vm-caps-simdna	measured	pinned	3	ratio_vs_best	8.436982	4	1.0000	0	0		
rank	w-96	(set)	large-subject-throughput	plain	same program	libpcre2_10.46_jit-caps-simdna	measured	pinned	4	median_ns	69131576.400000	4	1.0000	0	0		
rank	w-96	(set)	large-subject-throughput	plain	same program	libpcre2_10.46_jit-caps-simdna	measured	pinned	4	min_ns	62774132.600000	4	1.0000	0	0		
rank	w-96	(set)	large-subject-throughput	plain	same program	libpcre2_10.46_jit-caps-simdna	measured	pinned	4	max_ns	75520030.000000	4	1.0000	0	0		
rank	w-96	(set)	large-subject-throughput	plain	same program	libpcre2_10.46_jit-caps-simdna	measured	pinned	4	stddev_ns	4039309.115725	4	1.0000	0	0		
rank	w-96	(set)	large-subject-throughput	plain	same program	libpcre2_10.46_jit-caps-simdna	measured	pinned	4	ratio_vs_baseline	39.807198	4	1.0000	0	0		
rank	w-96	(set)	large-subject-throughput	plain	same program	libpcre2_10.46_jit-caps-simdna	measured	pinned	4	ratio_vs_best	39.807198	4	1.0000	0	0		
baseline	w-96	(set)	match-compliance			pcrec_c4c70f2c_vm-caps-simdna				baseline_identity	row-best-fallback					pcrec_c4c70f2c_vm-caps-simdna (row-best fallback -- interp absent from this group)	
rank	w-96	(set)	match-compliance	whole-subject	separate artifact	pcrec_c4c70f2c_vm-caps-simdna	measured	pinned	1	median_ns	375.058359	40	1.0000	0	0		
rank	w-96	(set)	match-compliance	whole-subject	separate artifact	pcrec_c4c70f2c_vm-caps-simdna	measured	pinned	1	min_ns	374.065520	40	1.0000	0	0		
rank	w-96	(set)	match-compliance	whole-subject	separate artifact	pcrec_c4c70f2c_vm-caps-simdna	measured	pinned	1	max_ns	379.250193	40	1.0000	0	0		
rank	w-96	(set)	match-compliance	whole-subject	separate artifact	pcrec_c4c70f2c_vm-caps-simdna	measured	pinned	1	stddev_ns	1.993786	40	1.0000	0	0		
rank	w-96	(set)	match-compliance	whole-subject	separate artifact	pcrec_c4c70f2c_vm-caps-simdna	measured	pinned	1	ratio_vs_baseline	1.000000	40	1.0000	0	0		
rank	w-96	(set)	match-compliance	whole-subject	separate artifact	pcrec_c4c70f2c_vm-caps-simdna	measured	pinned	1	ratio_vs_best	1.000000	40	1.0000	0	0		
rank	w-96	(set)	match-compliance	whole-subject	separate artifact	pcrec_c4c70f2c_auto-caps-simdna	measured	pinned	2	median_ns	510.034920	40	1.0000	0	0		
rank	w-96	(set)	match-compliance	whole-subject	separate artifact	pcrec_c4c70f2c_auto-caps-simdna	measured	pinned	2	min_ns	498.851157	40	1.0000	0	0		
rank	w-96	(set)	match-compliance	whole-subject	separate artifact	pcrec_c4c70f2c_auto-caps-simdna	measured	pinned	2	max_ns	531.462456	40	1.0000	0	0		
rank	w-96	(set)	match-compliance	whole-subject	separate artifact	pcrec_c4c70f2c_auto-caps-simdna	measured	pinned	2	stddev_ns	10.815616	40	1.0000	0	0		
rank	w-96	(set)	match-compliance	whole-subject	separate artifact	pcrec_c4c70f2c_auto-caps-simdna	measured	pinned	2	ratio_vs_baseline	1.359881	40	1.0000	0	0		
rank	w-96	(set)	match-compliance	whole-subject	separate artifact	pcrec_c4c70f2c_auto-caps-simdna	measured	pinned	2	ratio_vs_best	1.359881	40	1.0000	0	0		
rank	w-96	(set)	match-compliance	whole-subject	separate artifact	rust_1.13.1_default-caps-simdna	measured	pinned	3	median_ns	780.128428	40	1.0000	0	0		
rank	w-96	(set)	match-compliance	whole-subject	separate artifact	rust_1.13.1_default-caps-simdna	measured	pinned	3	min_ns	779.895936	40	1.0000	0	0		
rank	w-96	(set)	match-compliance	whole-subject	separate artifact	rust_1.13.1_default-caps-simdna	measured	pinned	3	max_ns	780.737890	40	1.0000	0	0		
rank	w-96	(set)	match-compliance	whole-subject	separate artifact	rust_1.13.1_default-caps-simdna	measured	pinned	3	stddev_ns	0.347706	40	1.0000	0	0		
rank	w-96	(set)	match-compliance	whole-subject	separate artifact	rust_1.13.1_default-caps-simdna	measured	pinned	3	ratio_vs_baseline	2.080019	40	1.0000	0	0		
rank	w-96	(set)	match-compliance	whole-subject	separate artifact	rust_1.13.1_default-caps-simdna	measured	pinned	3	ratio_vs_best	2.080019	40	1.0000	0	0		
rank	w-96	(set)	match-compliance	plain	same program	libpcre2_10.46_jit-caps-simdna	measured	pinned	4	median_ns	22528.703305	40	1.0000	0	0		
rank	w-96	(set)	match-compliance	plain	same program	libpcre2_10.46_jit-caps-simdna	measured	pinned	4	min_ns	22047.715278	40	1.0000	0	0		
rank	w-96	(set)	match-compliance	plain	same program	libpcre2_10.46_jit-caps-simdna	measured	pinned	4	max_ns	22765.621240	40	1.0000	0	0		
rank	w-96	(set)	match-compliance	plain	same program	libpcre2_10.46_jit-caps-simdna	measured	pinned	4	stddev_ns	263.631352	40	1.0000	0	0		
rank	w-96	(set)	match-compliance	plain	same program	libpcre2_10.46_jit-caps-simdna	measured	pinned	4	ratio_vs_baseline	60.067194	40	1.0000	0	0		
rank	w-96	(set)	match-compliance	plain	same program	libpcre2_10.46_jit-caps-simdna	measured	pinned	4	ratio_vs_best	60.067194	40	1.0000	0	0		
baseline	w-96	(set)	short-subject-search			pcrec_c4c70f2c_auto-caps-simdna				baseline_identity	row-best-fallback					pcrec_c4c70f2c_auto-caps-simdna (row-best fallback -- interp absent from this group)	
rank	w-96	(set)	short-subject-search	plain	same program	pcrec_c4c70f2c_auto-caps-simdna	measured	pinned	1	median_ns	7572.836546	40	1.0000	0	0		
rank	w-96	(set)	short-subject-search	plain	same program	pcrec_c4c70f2c_auto-caps-simdna	measured	pinned	1	min_ns	7561.850699	40	1.0000	0	0		
rank	w-96	(set)	short-subject-search	plain	same program	pcrec_c4c70f2c_auto-caps-simdna	measured	pinned	1	max_ns	7608.233162	40	1.0000	0	0		
rank	w-96	(set)	short-subject-search	plain	same program	pcrec_c4c70f2c_auto-caps-simdna	measured	pinned	1	stddev_ns	16.583774	40	1.0000	0	0		
rank	w-96	(set)	short-subject-search	plain	same program	pcrec_c4c70f2c_auto-caps-simdna	measured	pinned	1	ratio_vs_baseline	1.000000	40	1.0000	0	0		
rank	w-96	(set)	short-subject-search	plain	same program	pcrec_c4c70f2c_auto-caps-simdna	measured	pinned	1	ratio_vs_best	1.000000	40	1.0000	0	0		
rank	w-96	(set)	short-subject-search	plain	same program	rust_1.13.1_default-caps-simdna	measured	pinned	2	median_ns	11454.126961	40	1.0000	0	0		
rank	w-96	(set)	short-subject-search	plain	same program	rust_1.13.1_default-caps-simdna	measured	pinned	2	min_ns	11432.697207	40	1.0000	0	0		
rank	w-96	(set)	short-subject-search	plain	same program	rust_1.13.1_default-caps-simdna	measured	pinned	2	max_ns	11839.299793	40	1.0000	0	0		
rank	w-96	(set)	short-subject-search	plain	same program	rust_1.13.1_default-caps-simdna	measured	pinned	2	stddev_ns	155.753321	40	1.0000	0	0		
rank	w-96	(set)	short-subject-search	plain	same program	rust_1.13.1_default-caps-simdna	measured	pinned	2	ratio_vs_baseline	1.512528	40	1.0000	0	0		
rank	w-96	(set)	short-subject-search	plain	same program	rust_1.13.1_default-caps-simdna	measured	pinned	2	ratio_vs_best	1.512528	40	1.0000	0	0		
rank	w-96	(set)	short-subject-search	plain	same program	pcrec_c4c70f2c_vm-caps-simdna	measured	pinned	3	median_ns	50584.924656	40	1.0000	0	0		
rank	w-96	(set)	short-subject-search	plain	same program	pcrec_c4c70f2c_vm-caps-simdna	measured	pinned	3	min_ns	50309.319803	40	1.0000	0	0		
rank	w-96	(set)	short-subject-search	plain	same program	pcrec_c4c70f2c_vm-caps-simdna	measured	pinned	3	max_ns	52267.454301	40	1.0000	0	0		
rank	w-96	(set)	short-subject-search	plain	same program	pcrec_c4c70f2c_vm-caps-simdna	measured	pinned	3	stddev_ns	783.706515	40	1.0000	0	0		
rank	w-96	(set)	short-subject-search	plain	same program	pcrec_c4c70f2c_vm-caps-simdna	measured	pinned	3	ratio_vs_baseline	6.679786	40	1.0000	0	0		
rank	w-96	(set)	short-subject-search	plain	same program	pcrec_c4c70f2c_vm-caps-simdna	measured	pinned	3	ratio_vs_best	6.679786	40	1.0000	0	0		
rank	w-96	(set)	short-subject-search	plain	same program	libpcre2_10.46_jit-caps-simdna	measured	pinned	4	median_ns	350483.129809	40	1.0000	0	0		
rank	w-96	(set)	short-subject-search	plain	same program	libpcre2_10.46_jit-caps-simdna	measured	pinned	4	min_ns	324336.144213	40	1.0000	0	0		
rank	w-96	(set)	short-subject-search	plain	same program	libpcre2_10.46_jit-caps-simdna	measured	pinned	4	max_ns	353459.236401	40	1.0000	0	0		
rank	w-96	(set)	short-subject-search	plain	same program	libpcre2_10.46_jit-caps-simdna	measured	pinned	4	stddev_ns	13335.493942	40	1.0000	0	0		
rank	w-96	(set)	short-subject-search	plain	same program	libpcre2_10.46_jit-caps-simdna	measured	pinned	4	ratio_vs_baseline	46.281618	40	1.0000	0	0		
rank	w-96	(set)	short-subject-search	plain	same program	libpcre2_10.46_jit-caps-simdna	measured	pinned	4	ratio_vs_best	46.281618	40	1.0000	0	0		
baseline	wb-256	(set)	large-subject-throughput			rust_1.13.1_default-caps-simdna				baseline_identity	row-best-fallback					rust_1.13.1_default-caps-simdna (row-best fallback -- interp absent from this group)	
rank	wb-256	(set)	large-subject-throughput	plain	same program	rust_1.13.1_default-caps-simdna	measured	pinned	1	median_ns	1887843.722222	4	1.0000	0	0		
rank	wb-256	(set)	large-subject-throughput	plain	same program	rust_1.13.1_default-caps-simdna	measured	pinned	1	min_ns	1884249.027778	4	1.0000	0	0		
rank	wb-256	(set)	large-subject-throughput	plain	same program	rust_1.13.1_default-caps-simdna	measured	pinned	1	max_ns	1893167.416667	4	1.0000	0	0		
rank	wb-256	(set)	large-subject-throughput	plain	same program	rust_1.13.1_default-caps-simdna	measured	pinned	1	stddev_ns	3185.178062	4	1.0000	0	0		
rank	wb-256	(set)	large-subject-throughput	plain	same program	rust_1.13.1_default-caps-simdna	measured	pinned	1	ratio_vs_baseline	1.000000	4	1.0000	0	0		
rank	wb-256	(set)	large-subject-throughput	plain	same program	rust_1.13.1_default-caps-simdna	measured	pinned	1	ratio_vs_best	1.000000	4	1.0000	0	0		
rank	wb-256	(set)	large-subject-throughput	plain	same program	pcrec_c4c70f2c_auto-caps-simdna	measured	pinned	2	median_ns	3087194.155963	4	1.0000	0	0		
rank	wb-256	(set)	large-subject-throughput	plain	same program	pcrec_c4c70f2c_auto-caps-simdna	measured	pinned	2	min_ns	3082695.403670	4	1.0000	0	0		
rank	wb-256	(set)	large-subject-throughput	plain	same program	pcrec_c4c70f2c_auto-caps-simdna	measured	pinned	2	max_ns	3091410.972477	4	1.0000	0	0		
rank	wb-256	(set)	large-subject-throughput	plain	same program	pcrec_c4c70f2c_auto-caps-simdna	measured	pinned	2	stddev_ns	2780.196838	4	1.0000	0	0		
rank	wb-256	(set)	large-subject-throughput	plain	same program	pcrec_c4c70f2c_auto-caps-simdna	measured	pinned	2	ratio_vs_baseline	1.635302	4	1.0000	0	0		
rank	wb-256	(set)	large-subject-throughput	plain	same program	pcrec_c4c70f2c_auto-caps-simdna	measured	pinned	2	ratio_vs_best	1.635302	4	1.0000	0	0		
rank	wb-256	(set)	large-subject-throughput	plain	same program	pcrec_c4c70f2c_vm-caps-simdna	measured	pinned	3	median_ns	7267640.000000	4	1.0000	0	0		
rank	wb-256	(set)	large-subject-throughput	plain	same program	pcrec_c4c70f2c_vm-caps-simdna	measured	pinned	3	min_ns	7245893.208333	4	1.0000	0	0		
rank	wb-256	(set)	large-subject-throughput	plain	same program	pcrec_c4c70f2c_vm-caps-simdna	measured	pinned	3	max_ns	7269373.937500	4	1.0000	0	0		
rank	wb-256	(set)	large-subject-throughput	plain	same program	pcrec_c4c70f2c_vm-caps-simdna	measured	pinned	3	stddev_ns	8893.762127	4	1.0000	0	0		
rank	wb-256	(set)	large-subject-throughput	plain	same program	pcrec_c4c70f2c_vm-caps-simdna	measured	pinned	3	ratio_vs_baseline	3.849704	4	1.0000	0	0		
rank	wb-256	(set)	large-subject-throughput	plain	same program	pcrec_c4c70f2c_vm-caps-simdna	measured	pinned	3	ratio_vs_best	3.849704	4	1.0000	0	0		
rank	wb-256	(set)	large-subject-throughput	plain	same program	libpcre2_10.46_jit-caps-simdna	measured	pinned	4	median_ns	38231801.000000	4	1.0000	0	0		
rank	wb-256	(set)	large-subject-throughput	plain	same program	libpcre2_10.46_jit-caps-simdna	measured	pinned	4	min_ns	37767658.666667	4	1.0000	0	0		
rank	wb-256	(set)	large-subject-throughput	plain	same program	libpcre2_10.46_jit-caps-simdna	measured	pinned	4	max_ns	40771999.888889	4	1.0000	0	0		
rank	wb-256	(set)	large-subject-throughput	plain	same program	libpcre2_10.46_jit-caps-simdna	measured	pinned	4	stddev_ns	1086629.035683	4	1.0000	0	0		
rank	wb-256	(set)	large-subject-throughput	plain	same program	libpcre2_10.46_jit-caps-simdna	measured	pinned	4	ratio_vs_baseline	20.251571	4	1.0000	0	0		
rank	wb-256	(set)	large-subject-throughput	plain	same program	libpcre2_10.46_jit-caps-simdna	measured	pinned	4	ratio_vs_best	20.251571	4	1.0000	0	0		
baseline	wb-256	(set)	match-compliance			pcrec_c4c70f2c_vm-caps-simdna				baseline_identity	row-best-fallback					pcrec_c4c70f2c_vm-caps-simdna (row-best fallback -- interp absent from this group)	
rank	wb-256	(set)	match-compliance	whole-subject	separate artifact	pcrec_c4c70f2c_vm-caps-simdna	measured	pinned	1	median_ns	415.804050	40	1.0000	0	0		
rank	wb-256	(set)	match-compliance	whole-subject	separate artifact	pcrec_c4c70f2c_vm-caps-simdna	measured	pinned	1	min_ns	413.760041	40	1.0000	0	0		
rank	wb-256	(set)	match-compliance	whole-subject	separate artifact	pcrec_c4c70f2c_vm-caps-simdna	measured	pinned	1	max_ns	416.422440	40	1.0000	0	0		
rank	wb-256	(set)	match-compliance	whole-subject	separate artifact	pcrec_c4c70f2c_vm-caps-simdna	measured	pinned	1	stddev_ns	0.955688	40	1.0000	0	0		
rank	wb-256	(set)	match-compliance	whole-subject	separate artifact	pcrec_c4c70f2c_vm-caps-simdna	measured	pinned	1	ratio_vs_baseline	1.000000	40	1.0000	0	0		
rank	wb-256	(set)	match-compliance	whole-subject	separate artifact	pcrec_c4c70f2c_vm-caps-simdna	measured	pinned	1	ratio_vs_best	1.000000	40	1.0000	0	0		
rank	wb-256	(set)	match-compliance	whole-subject	separate artifact	rust_1.13.1_default-caps-simdna	measured	pinned	2	median_ns	906.982976	40	1.0000	0	0		
rank	wb-256	(set)	match-compliance	whole-subject	separate artifact	rust_1.13.1_default-caps-simdna	measured	pinned	2	min_ns	901.892145	40	1.0000	0	0		
rank	wb-256	(set)	match-compliance	whole-subject	separate artifact	rust_1.13.1_default-caps-simdna	measured	pinned	2	max_ns	940.847955	40	1.0000	0	0		
rank	wb-256	(set)	match-compliance	whole-subject	separate artifact	rust_1.13.1_default-caps-simdna	measured	pinned	2	stddev_ns	16.367459	40	1.0000	0	0		
rank	wb-256	(set)	match-compliance	whole-subject	separate artifact	rust_1.13.1_default-caps-simdna	measured	pinned	2	ratio_vs_baseline	2.181275	40	1.0000	0	0		
rank	wb-256	(set)	match-compliance	whole-subject	separate artifact	rust_1.13.1_default-caps-simdna	measured	pinned	2	ratio_vs_best	2.181275	40	1.0000	0	0		
rank	wb-256	(set)	match-compliance	whole-subject	separate artifact	pcrec_c4c70f2c_auto-caps-simdna	measured	pinned	3	median_ns	1073.482999	40	1.0000	0	0		
rank	wb-256	(set)	match-compliance	whole-subject	separate artifact	pcrec_c4c70f2c_auto-caps-simdna	measured	pinned	3	min_ns	1071.468224	40	1.0000	0	0		
rank	wb-256	(set)	match-compliance	whole-subject	separate artifact	pcrec_c4c70f2c_auto-caps-simdna	measured	pinned	3	max_ns	1083.724724	40	1.0000	0	0		
rank	wb-256	(set)	match-compliance	whole-subject	separate artifact	pcrec_c4c70f2c_auto-caps-simdna	measured	pinned	3	stddev_ns	4.365262	40	1.0000	0	0		
rank	wb-256	(set)	match-compliance	whole-subject	separate artifact	pcrec_c4c70f2c_auto-caps-simdna	measured	pinned	3	ratio_vs_baseline	2.581704	40	1.0000	0	0		
rank	wb-256	(set)	match-compliance	whole-subject	separate artifact	pcrec_c4c70f2c_auto-caps-simdna	measured	pinned	3	ratio_vs_best	2.581704	40	1.0000	0	0		
rank	wb-256	(set)	match-compliance	plain	same program	libpcre2_10.46_jit-caps-simdna	measured	pinned	4	median_ns	55302.454898	40	1.0000	0	0		
rank	wb-256	(set)	match-compliance	plain	same program	libpcre2_10.46_jit-caps-simdna	measured	pinned	4	min_ns	54281.779189	40	1.0000	0	0		
rank	wb-256	(set)	match-compliance	plain	same program	libpcre2_10.46_jit-caps-simdna	measured	pinned	4	max_ns	58367.769525	40	1.0000	0	0		
rank	wb-256	(set)	match-compliance	plain	same program	libpcre2_10.46_jit-caps-simdna	measured	pinned	4	stddev_ns	1397.385648	40	1.0000	0	0		
rank	wb-256	(set)	match-compliance	plain	same program	libpcre2_10.46_jit-caps-simdna	measured	pinned	4	ratio_vs_baseline	133.001242	40	1.0000	0	0		
rank	wb-256	(set)	match-compliance	plain	same program	libpcre2_10.46_jit-caps-simdna	measured	pinned	4	ratio_vs_best	133.001242	40	1.0000	0	0		
baseline	wb-256	(set)	short-subject-search			pcrec_c4c70f2c_auto-caps-simdna				baseline_identity	row-best-fallback					pcrec_c4c70f2c_auto-caps-simdna (row-best fallback -- interp absent from this group)	
rank	wb-256	(set)	short-subject-search	plain	same program	pcrec_c4c70f2c_auto-caps-simdna	measured	pinned	1	median_ns	10113.839465	40	1.0000	0	0		
rank	wb-256	(set)	short-subject-search	plain	same program	pcrec_c4c70f2c_auto-caps-simdna	measured	pinned	1	min_ns	10063.092317	40	1.0000	0	0		
rank	wb-256	(set)	short-subject-search	plain	same program	pcrec_c4c70f2c_auto-caps-simdna	measured	pinned	1	max_ns	10230.019443	40	1.0000	0	0		
rank	wb-256	(set)	short-subject-search	plain	same program	pcrec_c4c70f2c_auto-caps-simdna	measured	pinned	1	stddev_ns	59.804430	40	1.0000	0	0		
rank	wb-256	(set)	short-subject-search	plain	same program	pcrec_c4c70f2c_auto-caps-simdna	measured	pinned	1	ratio_vs_baseline	1.000000	40	1.0000	0	0		
rank	wb-256	(set)	short-subject-search	plain	same program	pcrec_c4c70f2c_auto-caps-simdna	measured	pinned	1	ratio_vs_best	1.000000	40	1.0000	0	0		
rank	wb-256	(set)	short-subject-search	plain	same program	rust_1.13.1_default-caps-simdna	measured	pinned	2	median_ns	11268.312892	40	1.0000	0	0		
rank	wb-256	(set)	short-subject-search	plain	same program	rust_1.13.1_default-caps-simdna	measured	pinned	2	min_ns	11251.730777	40	1.0000	0	0		
rank	wb-256	(set)	short-subject-search	plain	same program	rust_1.13.1_default-caps-simdna	measured	pinned	2	max_ns	11281.846764	40	1.0000	0	0		
rank	wb-256	(set)	short-subject-search	plain	same program	rust_1.13.1_default-caps-simdna	measured	pinned	2	stddev_ns	11.191897	40	1.0000	0	0		
rank	wb-256	(set)	short-subject-search	plain	same program	rust_1.13.1_default-caps-simdna	measured	pinned	2	ratio_vs_baseline	1.114148	40	1.0000	0	0		
rank	wb-256	(set)	short-subject-search	plain	same program	rust_1.13.1_default-caps-simdna	measured	pinned	2	ratio_vs_best	1.114148	40	1.0000	0	0		
rank	wb-256	(set)	short-subject-search	plain	same program	pcrec_c4c70f2c_vm-caps-simdna	measured	pinned	3	median_ns	32003.573674	40	1.0000	0	0		
rank	wb-256	(set)	short-subject-search	plain	same program	pcrec_c4c70f2c_vm-caps-simdna	measured	pinned	3	min_ns	31534.761777	40	1.0000	0	0		
rank	wb-256	(set)	short-subject-search	plain	same program	pcrec_c4c70f2c_vm-caps-simdna	measured	pinned	3	max_ns	32698.824510	40	1.0000	0	0		
rank	wb-256	(set)	short-subject-search	plain	same program	pcrec_c4c70f2c_vm-caps-simdna	measured	pinned	3	stddev_ns	390.507192	40	1.0000	0	0		
rank	wb-256	(set)	short-subject-search	plain	same program	pcrec_c4c70f2c_vm-caps-simdna	measured	pinned	3	ratio_vs_baseline	3.164335	40	1.0000	0	0		
rank	wb-256	(set)	short-subject-search	plain	same program	pcrec_c4c70f2c_vm-caps-simdna	measured	pinned	3	ratio_vs_best	3.164335	40	1.0000	0	0		
rank	wb-256	(set)	short-subject-search	plain	same program	libpcre2_10.46_jit-caps-simdna	measured	pinned	4	median_ns	209392.724577	40	1.0000	0	0		
rank	wb-256	(set)	short-subject-search	plain	same program	libpcre2_10.46_jit-caps-simdna	measured	pinned	4	min_ns	207039.366285	40	1.0000	0	0		
rank	wb-256	(set)	short-subject-search	plain	same program	libpcre2_10.46_jit-caps-simdna	measured	pinned	4	max_ns	222179.871070	40	1.0000	0	0		
rank	wb-256	(set)	short-subject-search	plain	same program	libpcre2_10.46_jit-caps-simdna	measured	pinned	4	stddev_ns	5353.661607	40	1.0000	0	0		
rank	wb-256	(set)	short-subject-search	plain	same program	libpcre2_10.46_jit-caps-simdna	measured	pinned	4	ratio_vs_baseline	20.703584	40	1.0000	0	0		
rank	wb-256	(set)	short-subject-search	plain	same program	libpcre2_10.46_jit-caps-simdna	measured	pinned	4	ratio_vs_best	20.703584	40	1.0000	0	0		
baseline	wb-512	(set)	large-subject-throughput			rust_1.13.1_default-caps-simdna				baseline_identity	row-best-fallback					rust_1.13.1_default-caps-simdna (row-best fallback -- interp absent from this group)	
rank	wb-512	(set)	large-subject-throughput	plain	same program	rust_1.13.1_default-caps-simdna	measured	pinned	1	median_ns	2232315.565217	4	1.0000	0	0		
rank	wb-512	(set)	large-subject-throughput	plain	same program	rust_1.13.1_default-caps-simdna	measured	pinned	1	min_ns	2204656.652174	4	1.0000	0	0		
rank	wb-512	(set)	large-subject-throughput	plain	same program	rust_1.13.1_default-caps-simdna	measured	pinned	1	max_ns	2245529.956522	4	1.0000	0	0		
rank	wb-512	(set)	large-subject-throughput	plain	same program	rust_1.13.1_default-caps-simdna	measured	pinned	1	stddev_ns	13563.028592	4	1.0000	0	0		
rank	wb-512	(set)	large-subject-throughput	plain	same program	rust_1.13.1_default-caps-simdna	measured	pinned	1	ratio_vs_baseline	1.000000	4	1.0000	0	0		
rank	wb-512	(set)	large-subject-throughput	plain	same program	rust_1.13.1_default-caps-simdna	measured	pinned	1	ratio_vs_best	1.000000	4	1.0000	0	0		
rank	wb-512	(set)	large-subject-throughput	plain	same program	pcrec_c4c70f2c_auto-caps-simdna	measured	pinned	2	median_ns	3987729.566265	4	1.0000	0	0		
rank	wb-512	(set)	large-subject-throughput	plain	same program	pcrec_c4c70f2c_auto-caps-simdna	measured	pinned	2	min_ns	3986861.265060	4	1.0000	0	0		
rank	wb-512	(set)	large-subject-throughput	plain	same program	pcrec_c4c70f2c_auto-caps-simdna	measured	pinned	2	max_ns	3989586.325301	4	1.0000	0	0		
rank	wb-512	(set)	large-subject-throughput	plain	same program	pcrec_c4c70f2c_auto-caps-simdna	measured	pinned	2	stddev_ns	1010.859164	4	1.0000	0	0		
rank	wb-512	(set)	large-subject-throughput	plain	same program	pcrec_c4c70f2c_auto-caps-simdna	measured	pinned	2	ratio_vs_baseline	1.786365	4	1.0000	0	0		
rank	wb-512	(set)	large-subject-throughput	plain	same program	pcrec_c4c70f2c_auto-caps-simdna	measured	pinned	2	ratio_vs_best	1.786365	4	1.0000	0	0		
rank	wb-512	(set)	large-subject-throughput	plain	same program	pcrec_c4c70f2c_vm-caps-simdna	measured	pinned	3	median_ns	7947058.045455	4	1.0000	0	0		
rank	wb-512	(set)	large-subject-throughput	plain	same program	pcrec_c4c70f2c_vm-caps-simdna	measured	pinned	3	min_ns	7944983.500000	4	1.0000	0	0		
rank	wb-512	(set)	large-subject-throughput	plain	same program	pcrec_c4c70f2c_vm-caps-simdna	measured	pinned	3	max_ns	7958076.272727	4	1.0000	0	0		
rank	wb-512	(set)	large-subject-throughput	plain	same program	pcrec_c4c70f2c_vm-caps-simdna	measured	pinned	3	stddev_ns	5246.602274	4	1.0000	0	0		
rank	wb-512	(set)	large-subject-throughput	plain	same program	pcrec_c4c70f2c_vm-caps-simdna	measured	pinned	3	ratio_vs_baseline	3.560007	4	1.0000	0	0		
rank	wb-512	(set)	large-subject-throughput	plain	same program	pcrec_c4c70f2c_vm-caps-simdna	measured	pinned	3	ratio_vs_best	3.560007	4	1.0000	0	0		
rank	wb-512	(set)	large-subject-throughput	plain	same program	libpcre2_10.46_jit-caps-simdna	measured	pinned	4	median_ns	88635041.000000	4	1.0000	0	0		
rank	wb-512	(set)	large-subject-throughput	plain	same program	libpcre2_10.46_jit-caps-simdna	measured	pinned	4	min_ns	88213198.750000	4	1.0000	0	0		
rank	wb-512	(set)	large-subject-throughput	plain	same program	libpcre2_10.46_jit-caps-simdna	measured	pinned	4	max_ns	89732477.000000	4	1.0000	0	0		
rank	wb-512	(set)	large-subject-throughput	plain	same program	libpcre2_10.46_jit-caps-simdna	measured	pinned	4	stddev_ns	593785.927846	4	1.0000	0	0		
rank	wb-512	(set)	large-subject-throughput	plain	same program	libpcre2_10.46_jit-caps-simdna	measured	pinned	4	ratio_vs_baseline	39.705426	4	1.0000	0	0		
rank	wb-512	(set)	large-subject-throughput	plain	same program	libpcre2_10.46_jit-caps-simdna	measured	pinned	4	ratio_vs_best	39.705426	4	1.0000	0	0		
baseline	wb-512	(set)	match-compliance			pcrec_c4c70f2c_vm-caps-simdna				baseline_identity	row-best-fallback					pcrec_c4c70f2c_vm-caps-simdna (row-best fallback -- interp absent from this group)	
rank	wb-512	(set)	match-compliance	whole-subject	separate artifact	pcrec_c4c70f2c_vm-caps-simdna	measured	pinned	1	median_ns	410.222735	40	1.0000	0	0		
rank	wb-512	(set)	match-compliance	whole-subject	separate artifact	pcrec_c4c70f2c_vm-caps-simdna	measured	pinned	1	min_ns	409.827189	40	1.0000	0	0		
rank	wb-512	(set)	match-compliance	whole-subject	separate artifact	pcrec_c4c70f2c_vm-caps-simdna	measured	pinned	1	max_ns	458.454508	40	1.0000	0	0		
rank	wb-512	(set)	match-compliance	whole-subject	separate artifact	pcrec_c4c70f2c_vm-caps-simdna	measured	pinned	1	stddev_ns	19.188829	40	1.0000	0	0		
rank	wb-512	(set)	match-compliance	whole-subject	separate artifact	pcrec_c4c70f2c_vm-caps-simdna	measured	pinned	1	ratio_vs_baseline	1.000000	40	1.0000	0	0		
rank	wb-512	(set)	match-compliance	whole-subject	separate artifact	pcrec_c4c70f2c_vm-caps-simdna	measured	pinned	1	ratio_vs_best	1.000000	40	1.0000	0	0		
rank	wb-512	(set)	match-compliance	whole-subject	separate artifact	rust_1.13.1_default-caps-simdna	measured	pinned	2	median_ns	1015.451406	40	1.0000	0	0		
rank	wb-512	(set)	match-compliance	whole-subject	separate artifact	rust_1.13.1_default-caps-simdna	measured	pinned	2	min_ns	1013.595157	40	1.0000	0	0		
rank	wb-512	(set)	match-compliance	whole-subject	separate artifact	rust_1.13.1_default-caps-simdna	measured	pinned	2	max_ns	1038.426560	40	1.0000	0	0		
rank	wb-512	(set)	match-compliance	whole-subject	separate artifact	rust_1.13.1_default-caps-simdna	measured	pinned	2	stddev_ns	9.456595	40	1.0000	0	0		
rank	wb-512	(set)	match-compliance	whole-subject	separate artifact	rust_1.13.1_default-caps-simdna	measured	pinned	2	ratio_vs_baseline	2.475366	40	1.0000	0	0		
rank	wb-512	(set)	match-compliance	whole-subject	separate artifact	rust_1.13.1_default-caps-simdna	measured	pinned	2	ratio_vs_best	2.475366	40	1.0000	0	0		
rank	wb-512	(set)	match-compliance	whole-subject	separate artifact	pcrec_c4c70f2c_auto-caps-simdna	measured	pinned	3	median_ns	1473.675459	40	1.0000	0	0		
rank	wb-512	(set)	match-compliance	whole-subject	separate artifact	pcrec_c4c70f2c_auto-caps-simdna	measured	pinned	3	min_ns	1471.318962	40	1.0000	0	0		
rank	wb-512	(set)	match-compliance	whole-subject	separate artifact	pcrec_c4c70f2c_auto-caps-simdna	measured	pinned	3	max_ns	1477.259731	40	1.0000	0	0		
rank	wb-512	(set)	match-compliance	whole-subject	separate artifact	pcrec_c4c70f2c_auto-caps-simdna	measured	pinned	3	stddev_ns	2.101170	40	1.0000	0	0		
rank	wb-512	(set)	match-compliance	whole-subject	separate artifact	pcrec_c4c70f2c_auto-caps-simdna	measured	pinned	3	ratio_vs_baseline	3.592379	40	1.0000	0	0		
rank	wb-512	(set)	match-compliance	whole-subject	separate artifact	pcrec_c4c70f2c_auto-caps-simdna	measured	pinned	3	ratio_vs_best	3.592379	40	1.0000	0	0		
rank	wb-512	(set)	match-compliance	plain	same program	libpcre2_10.46_jit-caps-simdna	measured	pinned	4	median_ns	109545.183632	40	1.0000	0	0		
rank	wb-512	(set)	match-compliance	plain	same program	libpcre2_10.46_jit-caps-simdna	measured	pinned	4	min_ns	104887.872343	40	1.0000	0	0		
rank	wb-512	(set)	match-compliance	plain	same program	libpcre2_10.46_jit-caps-simdna	measured	pinned	4	max_ns	166132.600893	40	1.0000	0	0		
rank	wb-512	(set)	match-compliance	plain	same program	libpcre2_10.46_jit-caps-simdna	measured	pinned	4	stddev_ns	23330.836701	40	1.0000	0	0		
rank	wb-512	(set)	match-compliance	plain	same program	libpcre2_10.46_jit-caps-simdna	measured	pinned	4	ratio_vs_baseline	267.038304	40	1.0000	0	0		
rank	wb-512	(set)	match-compliance	plain	same program	libpcre2_10.46_jit-caps-simdna	measured	pinned	4	ratio_vs_best	267.038304	40	1.0000	0	0		
baseline	wb-512	(set)	short-subject-search			rust_1.13.1_default-caps-simdna				baseline_identity	row-best-fallback					rust_1.13.1_default-caps-simdna (row-best fallback -- interp absent from this group)	
rank	wb-512	(set)	short-subject-search	plain	same program	rust_1.13.1_default-caps-simdna	measured	pinned	1	median_ns	11961.230062	40	1.0000	0	0		
rank	wb-512	(set)	short-subject-search	plain	same program	rust_1.13.1_default-caps-simdna	measured	pinned	1	min_ns	11948.634234	40	1.0000	0	0		
rank	wb-512	(set)	short-subject-search	plain	same program	rust_1.13.1_default-caps-simdna	measured	pinned	1	max_ns	11970.851409	40	1.0000	0	0		
rank	wb-512	(set)	short-subject-search	plain	same program	rust_1.13.1_default-caps-simdna	measured	pinned	1	stddev_ns	8.478578	40	1.0000	0	0		
rank	wb-512	(set)	short-subject-search	plain	same program	rust_1.13.1_default-caps-simdna	measured	pinned	1	ratio_vs_baseline	1.000000	40	1.0000	0	0		
rank	wb-512	(set)	short-subject-search	plain	same program	rust_1.13.1_default-caps-simdna	measured	pinned	1	ratio_vs_best	1.000000	40	1.0000	0	0		
rank	wb-512	(set)	short-subject-search	plain	same program	pcrec_c4c70f2c_auto-caps-simdna	measured	pinned	2	median_ns	14712.248430	40	1.0000	0	0		
rank	wb-512	(set)	short-subject-search	plain	same program	pcrec_c4c70f2c_auto-caps-simdna	measured	pinned	2	min_ns	14692.681614	40	1.0000	0	0		
rank	wb-512	(set)	short-subject-search	plain	same program	pcrec_c4c70f2c_auto-caps-simdna	measured	pinned	2	max_ns	14714.600330	40	1.0000	0	0		
rank	wb-512	(set)	short-subject-search	plain	same program	pcrec_c4c70f2c_auto-caps-simdna	measured	pinned	2	stddev_ns	8.829840	40	1.0000	0	0		
rank	wb-512	(set)	short-subject-search	plain	same program	pcrec_c4c70f2c_auto-caps-simdna	measured	pinned	2	ratio_vs_baseline	1.229995	40	1.0000	0	0		
rank	wb-512	(set)	short-subject-search	plain	same program	pcrec_c4c70f2c_auto-caps-simdna	measured	pinned	2	ratio_vs_best	1.229995	40	1.0000	0	0		
rank	wb-512	(set)	short-subject-search	plain	same program	pcrec_c4c70f2c_vm-caps-simdna	measured	pinned	3	median_ns	34815.973618	40	1.0000	0	0		
rank	wb-512	(set)	short-subject-search	plain	same program	pcrec_c4c70f2c_vm-caps-simdna	measured	pinned	3	min_ns	34785.573839	40	1.0000	0	0		
rank	wb-512	(set)	short-subject-search	plain	same program	pcrec_c4c70f2c_vm-caps-simdna	measured	pinned	3	max_ns	35767.933379	40	1.0000	0	0		
rank	wb-512	(set)	short-subject-search	plain	same program	pcrec_c4c70f2c_vm-caps-simdna	measured	pinned	3	stddev_ns	385.562488	40	1.0000	0	0		
rank	wb-512	(set)	short-subject-search	plain	same program	pcrec_c4c70f2c_vm-caps-simdna	measured	pinned	3	ratio_vs_baseline	2.910735	40	1.0000	0	0		
rank	wb-512	(set)	short-subject-search	plain	same program	pcrec_c4c70f2c_vm-caps-simdna	measured	pinned	3	ratio_vs_best	2.910735	40	1.0000	0	0		
rank	wb-512	(set)	short-subject-search	plain	same program	libpcre2_10.46_jit-caps-simdna	measured	pinned	4	median_ns	482799.106758	40	1.0000	0	0		
rank	wb-512	(set)	short-subject-search	plain	same program	libpcre2_10.46_jit-caps-simdna	measured	pinned	4	min_ns	479964.483162	40	1.0000	0	0		
rank	wb-512	(set)	short-subject-search	plain	same program	libpcre2_10.46_jit-caps-simdna	measured	pinned	4	max_ns	490473.886140	40	1.0000	0	0		
rank	wb-512	(set)	short-subject-search	plain	same program	libpcre2_10.46_jit-caps-simdna	measured	pinned	4	stddev_ns	3699.902079	40	1.0000	0	0		
rank	wb-512	(set)	short-subject-search	plain	same program	libpcre2_10.46_jit-caps-simdna	measured	pinned	4	ratio_vs_baseline	40.363667	40	1.0000	0	0		
rank	wb-512	(set)	short-subject-search	plain	same program	libpcre2_10.46_jit-caps-simdna	measured	pinned	4	ratio_vs_best	40.363667	40	1.0000	0	0		
query_yes_beats_nocaps										hit_count	0						
compile	ci-256			plain	same program	libpcre2_10.46_jit-caps-simdna				median_total_ns	446312.000000	5					
compile	ci-256			plain	same program	libpcre2_10.46_jit-caps-simdna				jitter	0.161						
compile	ci-256			plain	same program	libpcre2_10.46_jit-caps-simdna				artifact_bytes	4614						
compile_stamp						libpcre2_10.46_jit-caps-simdna				engine	-						
compile_stamp						libpcre2_10.46_jit-caps-simdna				entry	plain entry						
compile_stamp						libpcre2_10.46_jit-caps-simdna				prefilter	-						
compile_stamp						libpcre2_10.46_jit-caps-simdna				vm_rungs	-						
compile_stamp						libpcre2_10.46_jit-caps-simdna				buffers	n/s						
compile_stamp						libpcre2_10.46_jit-caps-simdna				frame	n/s						
compile	ci-512			plain	same program	libpcre2_10.46_jit-caps-simdna				median_total_ns	2417942.000000	5					
compile	ci-512			plain	same program	libpcre2_10.46_jit-caps-simdna				jitter	0.051						
compile	ci-512			plain	same program	libpcre2_10.46_jit-caps-simdna				artifact_bytes	9196						
compile	clsa-1024			plain	same program	libpcre2_10.46_jit-caps-simdna				median_total_ns	2160502.000000	5					
compile	clsa-1024			plain	same program	libpcre2_10.46_jit-caps-simdna				jitter	0.038						
compile	clsa-1024			plain	same program	libpcre2_10.46_jit-caps-simdna				artifact_bytes	52382						
compile	clsa-256			plain	same program	libpcre2_10.46_jit-caps-simdna				median_total_ns	532674.000000	5					
compile	clsa-256			plain	same program	libpcre2_10.46_jit-caps-simdna				jitter	0.104						
compile	clsa-256			plain	same program	libpcre2_10.46_jit-caps-simdna				artifact_bytes	13062						
compile	clsa-64			plain	same program	libpcre2_10.46_jit-caps-simdna				median_total_ns	299110.000000	5					
compile	clsa-64			plain	same program	libpcre2_10.46_jit-caps-simdna				jitter	0.293						
compile	clsa-64			plain	same program	libpcre2_10.46_jit-caps-simdna				artifact_bytes	3384						
compile	clsd-1024			plain	same program	libpcre2_10.46_jit-caps-simdna				median_total_ns	4708925.000000	5					
compile	clsd-1024			plain	same program	libpcre2_10.46_jit-caps-simdna				jitter	0.040						
compile	clsd-1024			plain	same program	libpcre2_10.46_jit-caps-simdna				artifact_bytes	52382						
compile	clsd-256			plain	same program	libpcre2_10.46_jit-caps-simdna				median_total_ns	1226895.000000	5					
compile	clsd-256			plain	same program	libpcre2_10.46_jit-caps-simdna				jitter	0.155						
compile	clsd-256			plain	same program	libpcre2_10.46_jit-caps-simdna				artifact_bytes	13062						
compile	clsd-64			plain	same program	libpcre2_10.46_jit-caps-simdna				median_total_ns	257692.000000	5					
compile	clsd-64			plain	same program	libpcre2_10.46_jit-caps-simdna				jitter	0.288						
compile	clsd-64			plain	same program	libpcre2_10.46_jit-caps-simdna				artifact_bytes	3384						
compile	cnt-64			plain	same program	libpcre2_10.46_jit-caps-simdna				median_total_ns	103331.000000	5					
compile	cnt-64			plain	same program	libpcre2_10.46_jit-caps-simdna				jitter	0.317						
compile	cnt-64			plain	same program	libpcre2_10.46_jit-caps-simdna				artifact_bytes	3506						
compile	floor			plain	same program	libpcre2_10.46_jit-caps-simdna				median_total_ns	13650.000000	5					
compile	floor			plain	same program	libpcre2_10.46_jit-caps-simdna				jitter	timer-floor						
compile	floor			plain	same program	libpcre2_10.46_jit-caps-simdna				artifact_bytes	161						
compile	nar4-256			plain	same program	libpcre2_10.46_jit-caps-simdna				median_total_ns	429272.000000	5					
compile	nar4-256			plain	same program	libpcre2_10.46_jit-caps-simdna				jitter	0.110						
compile	nar4-256			plain	same program	libpcre2_10.46_jit-caps-simdna				artifact_bytes	4984						
compile	nar4-512			plain	same program	libpcre2_10.46_jit-caps-simdna				median_total_ns	2287013.000000	5					
compile	nar4-512			plain	same program	libpcre2_10.46_jit-caps-simdna				jitter	0.056						
compile	nar4-512			plain	same program	libpcre2_10.46_jit-caps-simdna				artifact_bytes	9634						
compile	nar4-64			plain	same program	libpcre2_10.46_jit-caps-simdna				median_total_ns	217581.000000	5					
compile	nar4-64			plain	same program	libpcre2_10.46_jit-caps-simdna				jitter	0.321						
compile	nar4-64			plain	same program	libpcre2_10.46_jit-caps-simdna				artifact_bytes	1362						
compile	pfx3-256			plain	same program	libpcre2_10.46_jit-caps-simdna				median_total_ns	438142.000000	5					
compile	pfx3-256			plain	same program	libpcre2_10.46_jit-caps-simdna				jitter	0.132						
compile	pfx3-256			plain	same program	libpcre2_10.46_jit-caps-simdna				artifact_bytes	5464						
compile	pfx3-512			plain	same program	libpcre2_10.46_jit-caps-simdna				median_total_ns	2386651.000000	5					
compile	pfx3-512			plain	same program	libpcre2_10.46_jit-caps-simdna				jitter	0.056						
compile	pfx3-512			plain	same program	libpcre2_10.46_jit-caps-simdna				artifact_bytes	10854						
compile	s-2048			plain	same program	libpcre2_10.46_jit-caps-simdna				median_total_ns	3297647.000000	5					
compile	s-2048			plain	same program	libpcre2_10.46_jit-caps-simdna				jitter	0.030						
compile	s-2048			plain	same program	libpcre2_10.46_jit-caps-simdna				artifact_bytes	26484						
compile	s-256			plain	same program	libpcre2_10.46_jit-caps-simdna				median_total_ns	337842.000000	5					
compile	s-256			plain	same program	libpcre2_10.46_jit-caps-simdna				jitter	0.144						
compile	s-256			plain	same program	libpcre2_10.46_jit-caps-simdna				artifact_bytes	3402						
compile	s-4096			plain	same program	libpcre2_10.46_jit-caps-simdna				median_total_ns	5222267.000000	5					
compile	s-4096			plain	same program	libpcre2_10.46_jit-caps-simdna				jitter	0.706						
compile	s-4096			plain	same program	libpcre2_10.46_jit-caps-simdna				artifact_bytes	52938						
compile	s-512			plain	same program	libpcre2_10.46_jit-caps-simdna				median_total_ns	790174.000000	5					
compile	s-512			plain	same program	libpcre2_10.46_jit-caps-simdna				jitter	0.057						
compile	s-512			plain	same program	libpcre2_10.46_jit-caps-simdna				artifact_bytes	6714						
compile	sfx-256			plain	same program	libpcre2_10.46_jit-caps-simdna				median_total_ns	1131236.000000	5					
compile	sfx-256			plain	same program	libpcre2_10.46_jit-caps-simdna				jitter	0.102						
compile	sfx-256			plain	same program	libpcre2_10.46_jit-caps-simdna				artifact_bytes	5482						
compile	sfx-512			plain	same program	libpcre2_10.46_jit-caps-simdna				median_total_ns	969225.000000	5					
compile	sfx-512			plain	same program	libpcre2_10.46_jit-caps-simdna				jitter	0.057						
compile	sfx-512			plain	same program	libpcre2_10.46_jit-caps-simdna				artifact_bytes	10784						
compile	sfx-64			plain	same program	libpcre2_10.46_jit-caps-simdna				median_total_ns	94169.000000	5					
compile	sfx-64			plain	same program	libpcre2_10.46_jit-caps-simdna				jitter	0.326						
compile	sfx-64			plain	same program	libpcre2_10.46_jit-caps-simdna				artifact_bytes	1512						
compile	sh1-256			plain	same program	libpcre2_10.46_jit-caps-simdna				median_total_ns	419971.000000	5					
compile	sh1-256			plain	same program	libpcre2_10.46_jit-caps-simdna				jitter	0.115						
compile	sh1-256			plain	same program	libpcre2_10.46_jit-caps-simdna				artifact_bytes	5038						
compile	sh1-512			plain	same program	libpcre2_10.46_jit-caps-simdna				median_total_ns	2328372.000000	5					
compile	sh1-512			plain	same program	libpcre2_10.46_jit-caps-simdna				jitter	0.059						
compile	sh1-512			plain	same program	libpcre2_10.46_jit-caps-simdna				artifact_bytes	9950						
compile	sh1-64			plain	same program	libpcre2_10.46_jit-caps-simdna				median_total_ns	216571.000000	5					
compile	sh1-64			plain	same program	libpcre2_10.46_jit-caps-simdna				jitter	0.373						
compile	sh1-64			plain	same program	libpcre2_10.46_jit-caps-simdna				artifact_bytes	1316						
compile	srt-256			plain	same program	libpcre2_10.46_jit-caps-simdna				median_total_ns	396503.000000	5					
compile	srt-256			plain	same program	libpcre2_10.46_jit-caps-simdna				jitter	0.122						
compile	srt-256			plain	same program	libpcre2_10.46_jit-caps-simdna				artifact_bytes	4614						
compile	srt-512			plain	same program	libpcre2_10.46_jit-caps-simdna				median_total_ns	2222701.000000	5					
compile	srt-512			plain	same program	libpcre2_10.46_jit-caps-simdna				jitter	0.052						
compile	srt-512			plain	same program	libpcre2_10.46_jit-caps-simdna				artifact_bytes	9196						
compile	w-1024			plain	same program	libpcre2_10.46_jit-caps-simdna				median_total_ns	1889240.000000	5					
compile	w-1024			plain	same program	libpcre2_10.46_jit-caps-simdna				jitter	0.051						
compile	w-1024			plain	same program	libpcre2_10.46_jit-caps-simdna				artifact_bytes	18590						
compile	w-128			plain	same program	libpcre2_10.46_jit-caps-simdna				median_total_ns	152991.000000	5					
compile	w-128			plain	same program	libpcre2_10.46_jit-caps-simdna				jitter	0.267						
compile	w-128			plain	same program	libpcre2_10.46_jit-caps-simdna				artifact_bytes	2396						
compile	w-192			plain	same program	libpcre2_10.46_jit-caps-simdna				median_total_ns	231681.000000	5					
compile	w-192			plain	same program	libpcre2_10.46_jit-caps-simdna				jitter	0.340						
compile	w-192			plain	same program	libpcre2_10.46_jit-caps-simdna				artifact_bytes	3494						
compile	w-2048			plain	same program	libpcre2_10.46_jit-caps-simdna				median_total_ns	3108037.000000	5					
compile	w-2048			plain	same program	libpcre2_10.46_jit-caps-simdna				jitter	0.043						
compile	w-2048			plain	same program	libpcre2_10.46_jit-caps-simdna				artifact_bytes	37194						
compile	w-256			plain	same program	libpcre2_10.46_jit-caps-simdna				median_total_ns	399112.000000	5					
compile	w-256			plain	same program	libpcre2_10.46_jit-caps-simdna				jitter	0.125						
compile	w-256			plain	same program	libpcre2_10.46_jit-caps-simdna				artifact_bytes	4614						
compile	w-384			plain	same program	libpcre2_10.46_jit-caps-simdna				median_total_ns	624342.000000	5					
compile	w-384			plain	same program	libpcre2_10.46_jit-caps-simdna				jitter	0.069						
compile	w-384			plain	same program	libpcre2_10.46_jit-caps-simdna				artifact_bytes	6894						
compile	w-512			plain	same program	libpcre2_10.46_jit-caps-simdna				median_total_ns	893705.000000	5					
compile	w-512			plain	same program	libpcre2_10.46_jit-caps-simdna				jitter	0.066						
compile	w-512			plain	same program	libpcre2_10.46_jit-caps-simdna				artifact_bytes	9196						
compile	w-64			plain	same program	libpcre2_10.46_jit-caps-simdna				median_total_ns	85950.000000	5					
compile	w-64			plain	same program	libpcre2_10.46_jit-caps-simdna				jitter	0.378						
compile	w-64			plain	same program	libpcre2_10.46_jit-caps-simdna				artifact_bytes	1272						
compile	w-8			plain	same program	libpcre2_10.46_jit-caps-simdna				median_total_ns	16660.000000	5					
compile	w-8			plain	same program	libpcre2_10.46_jit-caps-simdna				jitter	timer-floor						
compile	w-8			plain	same program	libpcre2_10.46_jit-caps-simdna				artifact_bytes	276						
compile	w-96			plain	same program	libpcre2_10.46_jit-caps-simdna				median_total_ns	119391.000000	5					
compile	w-96			plain	same program	libpcre2_10.46_jit-caps-simdna				jitter	0.325						
compile	w-96			plain	same program	libpcre2_10.46_jit-caps-simdna				artifact_bytes	1860						
compile	wb-256			plain	same program	libpcre2_10.46_jit-caps-simdna				median_total_ns	1006945.000000	5					
compile	wb-256			plain	same program	libpcre2_10.46_jit-caps-simdna				jitter	0.125						
compile	wb-256			plain	same program	libpcre2_10.46_jit-caps-simdna				artifact_bytes	4616						
compile	wb-512			plain	same program	libpcre2_10.46_jit-caps-simdna				median_total_ns	889835.000000	5					
compile	wb-512			plain	same program	libpcre2_10.46_jit-caps-simdna				jitter	0.064						
compile	wb-512			plain	same program	libpcre2_10.46_jit-caps-simdna				artifact_bytes	9198						
compile	ci-256			plain	same program	pcrec_c4c70f2c_auto-caps-simdna				median_total_ns	448644551.000000	5					
compile	ci-256			plain	same program	pcrec_c4c70f2c_auto-caps-simdna				jitter	0.019						
compile	ci-256			plain	same program	pcrec_c4c70f2c_auto-caps-simdna				artifact_bytes	311400						
compile	ci-256			plain	same program	pcrec_c4c70f2c_auto-caps-simdna				emit_bytes	992252						
compile	ci-256			plain	same program	pcrec_c4c70f2c_auto-caps-simdna				emit_code_bytes	22222						
compile	ci-256			plain	same program	pcrec_c4c70f2c_auto-caps-simdna				warned_emit_bytes	992252						
compile_stamp						pcrec_c4c70f2c_auto-caps-simdna				engine	dfa						
compile_stamp						pcrec_c4c70f2c_auto-caps-simdna				entry	plain entry						
compile_stamp						pcrec_c4c70f2c_auto-caps-simdna				prefilter	-						
compile_stamp						pcrec_c4c70f2c_auto-caps-simdna				vm_rungs	-						
compile_stamp						pcrec_c4c70f2c_auto-caps-simdna				buffers	0 (DFA)						
compile_stamp						pcrec_c4c70f2c_auto-caps-simdna				frame	0 (DFA)						
compile_stamp						pcrec_c4c70f2c_auto-caps-simdna				dfa_prefilter_offsets	none						
compile_stamp						pcrec_c4c70f2c_auto-caps-simdna				dfa_match	unwrapped						
compile_stamp						pcrec_c4c70f2c_auto-caps-simdna				dfa_scan_edge	bitmap						
compile_stamp						pcrec_c4c70f2c_auto-caps-simdna				scan_edges	4						
compile_stamp						pcrec_c4c70f2c_auto-caps-simdna				scan_edges_match	4						
compile_stamp						pcrec_c4c70f2c_auto-caps-simdna				engine_sel	selected						
compile	ci-256			whole-subject	separate artifact	pcrec_c4c70f2c_auto-caps-simdna				median_total_ns	430748556.000000	5					
compile	ci-256			whole-subject	separate artifact	pcrec_c4c70f2c_auto-caps-simdna				jitter	0.008						
compile	ci-256			whole-subject	separate artifact	pcrec_c4c70f2c_auto-caps-simdna				artifact_bytes	237424						
compile	ci-256			whole-subject	separate artifact	pcrec_c4c70f2c_auto-caps-simdna				emit_bytes	715132						
compile	ci-256			whole-subject	separate artifact	pcrec_c4c70f2c_auto-caps-simdna				emit_code_bytes	20377						
compile	ci-256			whole-subject	separate artifact	pcrec_c4c70f2c_auto-caps-simdna				warned_emit_bytes	715132						
compile	ci-512			plain	same program	pcrec_c4c70f2c_auto-caps-simdna				median_total_ns	581313393.000000	5					
compile	ci-512			plain	same program	pcrec_c4c70f2c_auto-caps-simdna				jitter	0.010						
compile	ci-512			plain	same program	pcrec_c4c70f2c_auto-caps-simdna				artifact_bytes	339728						
compile	ci-512			plain	same program	pcrec_c4c70f2c_auto-caps-simdna				emit_bytes	978374						
compile	ci-512			plain	same program	pcrec_c4c70f2c_auto-caps-simdna				emit_code_bytes	21255						
compile	ci-512			plain	same program	pcrec_c4c70f2c_auto-caps-simdna				warned_emit_bytes	978374						
compile	ci-512			whole-subject	separate artifact	pcrec_c4c70f2c_auto-caps-simdna				median_total_ns	690777294.000000	5					
compile	ci-512			whole-subject	separate artifact	pcrec_c4c70f2c_auto-caps-simdna				jitter	0.009						
compile	ci-512			whole-subject	separate artifact	pcrec_c4c70f2c_auto-caps-simdna				artifact_bytes	311152						
compile	ci-512			whole-subject	separate artifact	pcrec_c4c70f2c_auto-caps-simdna				emit_bytes	688263						
compile	ci-512			whole-subject	separate artifact	pcrec_c4c70f2c_auto-caps-simdna				emit_code_bytes	22459						
compile	ci-512			whole-subject	separate artifact	pcrec_c4c70f2c_auto-caps-simdna				warned_emit_bytes	688263						
compile	clsa-1024			plain	same program	pcrec_c4c70f2c_auto-caps-simdna				median_total_ns		1					
compile	clsa-1024			whole-subject	separate artifact	pcrec_c4c70f2c_auto-caps-simdna				median_total_ns		1					
compile	clsa-256			plain	same program	pcrec_c4c70f2c_auto-caps-simdna				median_total_ns	636192043.000000	5					
compile	clsa-256			plain	same program	pcrec_c4c70f2c_auto-caps-simdna				jitter	0.033						
compile	clsa-256			plain	same program	pcrec_c4c70f2c_auto-caps-simdna				artifact_bytes	306920						
compile	clsa-256			plain	same program	pcrec_c4c70f2c_auto-caps-simdna				emit_bytes	982302						
compile	clsa-256			plain	same program	pcrec_c4c70f2c_auto-caps-simdna				emit_code_bytes	23265						
compile	clsa-256			plain	same program	pcrec_c4c70f2c_auto-caps-simdna				warned_emit_bytes	982302						
compile	clsa-256			whole-subject	separate artifact	pcrec_c4c70f2c_auto-caps-simdna				median_total_ns	841830726.000000	5					
compile	clsa-256			whole-subject	separate artifact	pcrec_c4c70f2c_auto-caps-simdna				jitter	0.001						
compile	clsa-256			whole-subject	separate artifact	pcrec_c4c70f2c_auto-caps-simdna				artifact_bytes	265904						
compile	clsa-256			whole-subject	separate artifact	pcrec_c4c70f2c_auto-caps-simdna				emit_bytes	802897						
compile	clsa-256			whole-subject	separate artifact	pcrec_c4c70f2c_auto-caps-simdna				emit_code_bytes	21540						
compile	clsa-256			whole-subject	separate artifact	pcrec_c4c70f2c_auto-caps-simdna				warned_emit_bytes	802897						
compile	clsa-64			plain	same program	pcrec_c4c70f2c_auto-caps-simdna				median_total_ns	264739032.000000	5					
compile	clsa-64			plain	same program	pcrec_c4c70f2c_auto-caps-simdna				jitter	0.019						
compile	clsa-64			plain	same program	pcrec_c4c70f2c_auto-caps-simdna				artifact_bytes	106216						
compile	clsa-64			plain	same program	pcrec_c4c70f2c_auto-caps-simdna				emit_bytes	291775						
compile	clsa-64			plain	same program	pcrec_c4c70f2c_auto-caps-simdna				emit_code_bytes	20770						
compile	clsa-64			plain	same program	pcrec_c4c70f2c_auto-caps-simdna				warned_emit_bytes	291775						
compile	clsa-64			whole-subject	separate artifact	pcrec_c4c70f2c_auto-caps-simdna				median_total_ns	303053186.000000	5					
compile	clsa-64			whole-subject	separate artifact	pcrec_c4c70f2c_auto-caps-simdna				jitter	0.020						
compile	clsa-64			whole-subject	separate artifact	pcrec_c4c70f2c_auto-caps-simdna				artifact_bytes	118648						
compile	clsa-64			whole-subject	separate artifact	pcrec_c4c70f2c_auto-caps-simdna				emit_bytes	331961						
compile	clsa-64			whole-subject	separate artifact	pcrec_c4c70f2c_auto-caps-simdna				emit_code_bytes	22573						
compile	clsa-64			whole-subject	separate artifact	pcrec_c4c70f2c_auto-caps-simdna				warned_emit_bytes	331961						
compile	clsd-1024			plain	same program	pcrec_c4c70f2c_auto-caps-simdna				median_total_ns		1					
compile	clsd-1024			whole-subject	separate artifact	pcrec_c4c70f2c_auto-caps-simdna				median_total_ns		1					
compile	clsd-256			plain	same program	pcrec_c4c70f2c_auto-caps-simdna				median_total_ns	626921944.000000	5					
compile	clsd-256			plain	same program	pcrec_c4c70f2c_auto-caps-simdna				jitter	0.024						
compile	clsd-256			plain	same program	pcrec_c4c70f2c_auto-caps-simdna				artifact_bytes	237144						
compile	clsd-256			plain	same program	pcrec_c4c70f2c_auto-caps-simdna				emit_bytes	712695						
compile	clsd-256			plain	same program	pcrec_c4c70f2c_auto-caps-simdna				emit_code_bytes	20278						
compile	clsd-256			plain	same program	pcrec_c4c70f2c_auto-caps-simdna				warned_emit_bytes	712695						
compile	clsd-256			whole-subject	separate artifact	pcrec_c4c70f2c_auto-caps-simdna				median_total_ns	772852619.000000	5					
compile	clsd-256			whole-subject	separate artifact	pcrec_c4c70f2c_auto-caps-simdna				jitter	0.007						
compile	clsd-256			whole-subject	separate artifact	pcrec_c4c70f2c_auto-caps-simdna				artifact_bytes	241328						
compile	clsd-256			whole-subject	separate artifact	pcrec_c4c70f2c_auto-caps-simdna				emit_bytes	733214						
compile	clsd-256			whole-subject	separate artifact	pcrec_c4c70f2c_auto-caps-simdna				emit_code_bytes	21540						
compile	clsd-256			whole-subject	separate artifact	pcrec_c4c70f2c_auto-caps-simdna				warned_emit_bytes	733214						
compile	clsd-64			plain	same program	pcrec_c4c70f2c_auto-caps-simdna				median_total_ns	279471021.000000	5					
compile	clsd-64			plain	same program	pcrec_c4c70f2c_auto-caps-simdna				jitter	0.028						
compile	clsd-64			plain	same program	pcrec_c4c70f2c_auto-caps-simdna				artifact_bytes	110312						
compile	clsd-64			plain	same program	pcrec_c4c70f2c_auto-caps-simdna				emit_bytes	308503						
compile	clsd-64			plain	same program	pcrec_c4c70f2c_auto-caps-simdna				emit_code_bytes	20770						
compile	clsd-64			plain	same program	pcrec_c4c70f2c_auto-caps-simdna				warned_emit_bytes	308503						
compile	clsd-64			whole-subject	separate artifact	pcrec_c4c70f2c_auto-caps-simdna				median_total_ns	296389782.000000	5					
compile	clsd-64			whole-subject	separate artifact	pcrec_c4c70f2c_auto-caps-simdna				jitter	0.027						
compile	clsd-64			whole-subject	separate artifact	pcrec_c4c70f2c_auto-caps-simdna				artifact_bytes	114552						
compile	clsd-64			whole-subject	separate artifact	pcrec_c4c70f2c_auto-caps-simdna				emit_bytes	318837						
compile	clsd-64			whole-subject	separate artifact	pcrec_c4c70f2c_auto-caps-simdna				emit_code_bytes	22573						
compile	clsd-64			whole-subject	separate artifact	pcrec_c4c70f2c_auto-caps-simdna				warned_emit_bytes	318837						
compile	cnt-64			plain	same program	pcrec_c4c70f2c_auto-caps-simdna				median_total_ns	396144121.000000	5					
compile	cnt-64			plain	same program	pcrec_c4c70f2c_auto-caps-simdna				jitter	0.028						
compile	cnt-64			plain	same program	pcrec_c4c70f2c_auto-caps-simdna				artifact_bytes	261864						
compile	cnt-64			plain	same program	pcrec_c4c70f2c_auto-caps-simdna				emit_bytes	841976						
compile	cnt-64			plain	same program	pcrec_c4c70f2c_auto-caps-simdna				emit_code_bytes	22572						
compile	cnt-64			plain	same program	pcrec_c4c70f2c_auto-caps-simdna				warned_emit_bytes	841976						
compile	cnt-64			whole-subject	separate artifact	pcrec_c4c70f2c_auto-caps-simdna				median_total_ns	499872472.000000	5					
compile	cnt-64			whole-subject	separate artifact	pcrec_c4c70f2c_auto-caps-simdna				jitter	0.031						
compile	cnt-64			whole-subject	separate artifact	pcrec_c4c70f2c_auto-caps-simdna				artifact_bytes	270000						
compile	cnt-64			whole-subject	separate artifact	pcrec_c4c70f2c_auto-caps-simdna				emit_bytes	823679						
compile	cnt-64			whole-subject	separate artifact	pcrec_c4c70f2c_auto-caps-simdna				emit_code_bytes	20740						
compile	cnt-64			whole-subject	separate artifact	pcrec_c4c70f2c_auto-caps-simdna				warned_emit_bytes	823679						
compile	floor			plain	same program	pcrec_c4c70f2c_auto-caps-simdna				median_total_ns	162263950.000000	5					
compile	floor			plain	same program	pcrec_c4c70f2c_auto-caps-simdna				jitter	0.028						
compile	floor			plain	same program	pcrec_c4c70f2c_auto-caps-simdna				artifact_bytes	28400						
compile	floor			plain	same program	pcrec_c4c70f2c_auto-caps-simdna				emit_bytes	20396						
compile	floor			plain	same program	pcrec_c4c70f2c_auto-caps-simdna				emit_code_bytes	15399						
compile	floor			whole-subject	separate artifact	pcrec_c4c70f2c_auto-caps-simdna				median_total_ns	176537566.000000	5					
compile	floor			whole-subject	separate artifact	pcrec_c4c70f2c_auto-caps-simdna				jitter	0.015						
compile	floor			whole-subject	separate artifact	pcrec_c4c70f2c_auto-caps-simdna				artifact_bytes	28544						
compile	floor			whole-subject	separate artifact	pcrec_c4c70f2c_auto-caps-simdna				emit_bytes	23324						
compile	floor			whole-subject	separate artifact	pcrec_c4c70f2c_auto-caps-simdna				emit_code_bytes	18001						
compile	nar4-256			plain	same program	pcrec_c4c70f2c_auto-caps-simdna				median_total_ns	646723759.000000	5					
compile	nar4-256			plain	same program	pcrec_c4c70f2c_auto-caps-simdna				jitter	0.032						
compile	nar4-256			plain	same program	pcrec_c4c70f2c_auto-caps-simdna				artifact_bytes	302824						
compile	nar4-256			plain	same program	pcrec_c4c70f2c_auto-caps-simdna				emit_bytes	922619						
compile	nar4-256			plain	same program	pcrec_c4c70f2c_auto-caps-simdna				emit_code_bytes	22167						
compile	nar4-256			plain	same program	pcrec_c4c70f2c_auto-caps-simdna				warned_emit_bytes	922619						
compile	nar4-256			whole-subject	separate artifact	pcrec_c4c70f2c_auto-caps-simdna				median_total_ns	796483205.000000	5					
compile	nar4-256			whole-subject	separate artifact	pcrec_c4c70f2c_auto-caps-simdna				jitter	0.009						
compile	nar4-256			whole-subject	separate artifact	pcrec_c4c70f2c_auto-caps-simdna				artifact_bytes	315256						
compile	nar4-256			whole-subject	separate artifact	pcrec_c4c70f2c_auto-caps-simdna				emit_bytes	960382						
compile	nar4-256			whole-subject	separate artifact	pcrec_c4c70f2c_auto-caps-simdna				emit_code_bytes	23970						
compile	nar4-256			whole-subject	separate artifact	pcrec_c4c70f2c_auto-caps-simdna				warned_emit_bytes	960382						
compile	nar4-512			plain	same program	pcrec_c4c70f2c_auto-caps-simdna				median_total_ns	1465354072.000000	5					
compile	nar4-512			plain	same program	pcrec_c4c70f2c_auto-caps-simdna				jitter	0.012						
compile	nar4-512			plain	same program	pcrec_c4c70f2c_auto-caps-simdna				artifact_bytes	253528						
compile	nar4-512			plain	same program	pcrec_c4c70f2c_auto-caps-simdna				emit_bytes	493837						
compile	nar4-512			plain	same program	pcrec_c4c70f2c_auto-caps-simdna				emit_code_bytes	21335						
compile	nar4-512			plain	same program	pcrec_c4c70f2c_auto-caps-simdna				warned_emit_bytes	493837						
compile	nar4-512			whole-subject	separate artifact	pcrec_c4c70f2c_auto-caps-simdna				median_total_ns	1990036794.000000	5					
compile	nar4-512			whole-subject	separate artifact	pcrec_c4c70f2c_auto-caps-simdna				jitter	0.029						
compile	nar4-512			whole-subject	separate artifact	pcrec_c4c70f2c_auto-caps-simdna				artifact_bytes	265904						
compile	nar4-512			whole-subject	separate artifact	pcrec_c4c70f2c_auto-caps-simdna				emit_bytes	522622						
compile	nar4-512			whole-subject	separate artifact	pcrec_c4c70f2c_auto-caps-simdna				emit_code_bytes	22562						
compile	nar4-512			whole-subject	separate artifact	pcrec_c4c70f2c_auto-caps-simdna				warned_emit_bytes	522622						
compile	nar4-64			plain	same program	pcrec_c4c70f2c_auto-caps-simdna				median_total_ns	263754600.000000	5					
compile	nar4-64			plain	same program	pcrec_c4c70f2c_auto-caps-simdna				jitter	0.026						
compile	nar4-64			plain	same program	pcrec_c4c70f2c_auto-caps-simdna				artifact_bytes	106216						
compile	nar4-64			plain	same program	pcrec_c4c70f2c_auto-caps-simdna				emit_bytes	282384						
compile	nar4-64			plain	same program	pcrec_c4c70f2c_auto-caps-simdna				emit_code_bytes	20436						
compile	nar4-64			plain	same program	pcrec_c4c70f2c_auto-caps-simdna				warned_emit_bytes	282384						
compile	nar4-64			whole-subject	separate artifact	pcrec_c4c70f2c_auto-caps-simdna				median_total_ns	275872901.000000	5					
compile	nar4-64			whole-subject	separate artifact	pcrec_c4c70f2c_auto-caps-simdna				jitter	0.036						
compile	nar4-64			whole-subject	separate artifact	pcrec_c4c70f2c_auto-caps-simdna				artifact_bytes	110456						
compile	nar4-64			whole-subject	separate artifact	pcrec_c4c70f2c_auto-caps-simdna				emit_bytes	294435						
compile	nar4-64			whole-subject	separate artifact	pcrec_c4c70f2c_auto-caps-simdna				emit_code_bytes	22239						
compile	nar4-64			whole-subject	separate artifact	pcrec_c4c70f2c_auto-caps-simdna				warned_emit_bytes	294435						
compile	pfx3-256			plain	same program	pcrec_c4c70f2c_auto-caps-simdna				median_total_ns	321925727.000000	5					
compile	pfx3-256			plain	same program	pcrec_c4c70f2c_auto-caps-simdna				jitter	0.018						
compile	pfx3-256			plain	same program	pcrec_c4c70f2c_auto-caps-simdna				artifact_bytes	204528						
compile	pfx3-256			plain	same program	pcrec_c4c70f2c_auto-caps-simdna				emit_bytes	594730						
compile	pfx3-256			plain	same program	pcrec_c4c70f2c_auto-caps-simdna				emit_code_bytes	22968						
compile	pfx3-256			plain	same program	pcrec_c4c70f2c_auto-caps-simdna				warned_emit_bytes	594730						
compile	pfx3-256			whole-subject	separate artifact	pcrec_c4c70f2c_auto-caps-simdna				median_total_ns	338856797.000000	5					
compile	pfx3-256			whole-subject	separate artifact	pcrec_c4c70f2c_auto-caps-simdna				jitter	0.014						
compile	pfx3-256			whole-subject	separate artifact	pcrec_c4c70f2c_auto-caps-simdna				artifact_bytes	212864						
compile	pfx3-256			whole-subject	separate artifact	pcrec_c4c70f2c_auto-caps-simdna				emit_bytes	614556						
compile	pfx3-256			whole-subject	separate artifact	pcrec_c4c70f2c_auto-caps-simdna				emit_code_bytes	24948						
compile	pfx3-256			whole-subject	separate artifact	pcrec_c4c70f2c_auto-caps-simdna				warned_emit_bytes	614556						
compile	pfx3-512			plain	same program	pcrec_c4c70f2c_auto-caps-simdna				median_total_ns	383798618.000000	5					
compile	pfx3-512			plain	same program	pcrec_c4c70f2c_auto-caps-simdna				jitter	0.012						
compile	pfx3-512			plain	same program	pcrec_c4c70f2c_auto-caps-simdna				artifact_bytes	249440						
compile	pfx3-512			plain	same program	pcrec_c4c70f2c_auto-caps-simdna				emit_bytes	690037						
compile	pfx3-512			plain	same program	pcrec_c4c70f2c_auto-caps-simdna				emit_code_bytes	22547						
compile	pfx3-512			plain	same program	pcrec_c4c70f2c_auto-caps-simdna				warned_emit_bytes	690037						
compile	pfx3-512			whole-subject	separate artifact	pcrec_c4c70f2c_auto-caps-simdna				median_total_ns	402606844.000000	5					
compile	pfx3-512			whole-subject	separate artifact	pcrec_c4c70f2c_auto-caps-simdna				jitter	0.030						
compile	pfx3-512			whole-subject	separate artifact	pcrec_c4c70f2c_auto-caps-simdna				artifact_bytes	257720						
compile	pfx3-512			whole-subject	separate artifact	pcrec_c4c70f2c_auto-caps-simdna				emit_bytes	713022						
compile	pfx3-512			whole-subject	separate artifact	pcrec_c4c70f2c_auto-caps-simdna				emit_code_bytes	23986						
compile	pfx3-512			whole-subject	separate artifact	pcrec_c4c70f2c_auto-caps-simdna				warned_emit_bytes	713022						
compile	s-2048			plain	same program	pcrec_c4c70f2c_auto-caps-simdna				median_total_ns	5444340400.000000	5					
compile	s-2048			plain	same program	pcrec_c4c70f2c_auto-caps-simdna				jitter	0.004						
compile	s-2048			plain	same program	pcrec_c4c70f2c_auto-caps-simdna				artifact_bytes	388696						
compile	s-2048			plain	same program	pcrec_c4c70f2c_auto-caps-simdna				emit_bytes	936612						
compile	s-2048			plain	same program	pcrec_c4c70f2c_auto-caps-simdna				emit_code_bytes	28992						
compile	s-2048			plain	same program	pcrec_c4c70f2c_auto-caps-simdna				warned_emit_bytes	936612						
compile	s-2048			whole-subject	separate artifact	pcrec_c4c70f2c_auto-caps-simdna				median_total_ns		1					
compile	s-256			plain	same program	pcrec_c4c70f2c_auto-caps-simdna				median_total_ns	352800211.000000	5					
compile	s-256			plain	same program	pcrec_c4c70f2c_auto-caps-simdna				jitter	0.034						
compile	s-256			plain	same program	pcrec_c4c70f2c_auto-caps-simdna				artifact_bytes	155368						
compile	s-256			plain	same program	pcrec_c4c70f2c_auto-caps-simdna				emit_bytes	456804						
compile	s-256			plain	same program	pcrec_c4c70f2c_auto-caps-simdna				emit_code_bytes	20867						
compile	s-256			plain	same program	pcrec_c4c70f2c_auto-caps-simdna				warned_emit_bytes	456804						
compile	s-256			whole-subject	separate artifact	pcrec_c4c70f2c_auto-caps-simdna				median_total_ns	414974162.000000	5					
compile	s-256			whole-subject	separate artifact	pcrec_c4c70f2c_auto-caps-simdna				jitter	0.018						
compile	s-256			whole-subject	separate artifact	pcrec_c4c70f2c_auto-caps-simdna				artifact_bytes	163704						
compile	s-256			whole-subject	separate artifact	pcrec_c4c70f2c_auto-caps-simdna				emit_bytes	491649						
compile	s-256			whole-subject	separate artifact	pcrec_c4c70f2c_auto-caps-simdna				emit_code_bytes	22666						
compile	s-256			whole-subject	separate artifact	pcrec_c4c70f2c_auto-caps-simdna				warned_emit_bytes	491649						
compile	s-4096			plain	same program	pcrec_c4c70f2c_auto-caps-simdna				median_total_ns		1					
compile	s-4096			whole-subject	separate artifact	pcrec_c4c70f2c_auto-caps-simdna				median_total_ns		1					
compile	s-512			plain	same program	pcrec_c4c70f2c_auto-caps-simdna				median_total_ns	696202990.000000	5					
compile	s-512			plain	same program	pcrec_c4c70f2c_auto-caps-simdna				jitter	0.020						
compile	s-512			plain	same program	pcrec_c4c70f2c_auto-caps-simdna				artifact_bytes	270056						
compile	s-512			plain	same program	pcrec_c4c70f2c_auto-caps-simdna				emit_bytes	846317						
compile	s-512			plain	same program	pcrec_c4c70f2c_auto-caps-simdna				emit_code_bytes	22905						
compile	s-512			plain	same program	pcrec_c4c70f2c_auto-caps-simdna				warned_emit_bytes	846317						
compile	s-512			whole-subject	separate artifact	pcrec_c4c70f2c_auto-caps-simdna				median_total_ns	934081834.000000	5					
compile	s-512			whole-subject	separate artifact	pcrec_c4c70f2c_auto-caps-simdna				jitter	0.009						
compile	s-512			whole-subject	separate artifact	pcrec_c4c70f2c_auto-caps-simdna				artifact_bytes	294776						
compile	s-512			whole-subject	separate artifact	pcrec_c4c70f2c_auto-caps-simdna				emit_bytes	931069						
compile	s-512			whole-subject	separate artifact	pcrec_c4c70f2c_auto-caps-simdna				emit_code_bytes	24704						
compile	s-512			whole-subject	separate artifact	pcrec_c4c70f2c_auto-caps-simdna				warned_emit_bytes	931069						
compile	sfx-256			plain	same program	pcrec_c4c70f2c_auto-caps-simdna				median_total_ns	623192355.000000	5					
compile	sfx-256			plain	same program	pcrec_c4c70f2c_auto-caps-simdna				jitter	0.014						
compile	sfx-256			plain	same program	pcrec_c4c70f2c_auto-caps-simdna				artifact_bytes	237344						
compile	sfx-256			plain	same program	pcrec_c4c70f2c_auto-caps-simdna				emit_bytes	729687						
compile	sfx-256			plain	same program	pcrec_c4c70f2c_auto-caps-simdna				emit_code_bytes	23080						
compile	sfx-256			plain	same program	pcrec_c4c70f2c_auto-caps-simdna				warned_emit_bytes	729687						
compile	sfx-256			whole-subject	separate artifact	pcrec_c4c70f2c_auto-caps-simdna				median_total_ns	747513604.000000	5					
compile	sfx-256			whole-subject	separate artifact	pcrec_c4c70f2c_auto-caps-simdna				jitter	0.011						
compile	sfx-256			whole-subject	separate artifact	pcrec_c4c70f2c_auto-caps-simdna				artifact_bytes	245680						
compile	sfx-256			whole-subject	separate artifact	pcrec_c4c70f2c_auto-caps-simdna				emit_bytes	751580						
compile	sfx-256			whole-subject	separate artifact	pcrec_c4c70f2c_auto-caps-simdna				emit_code_bytes	24883						
compile	sfx-256			whole-subject	separate artifact	pcrec_c4c70f2c_auto-caps-simdna				warned_emit_bytes	751580						
compile	sfx-512			plain	same program	pcrec_c4c70f2c_auto-caps-simdna				median_total_ns	1446504142.000000	5					
compile	sfx-512			plain	same program	pcrec_c4c70f2c_auto-caps-simdna				jitter	0.023						
compile	sfx-512			plain	same program	pcrec_c4c70f2c_auto-caps-simdna				artifact_bytes	306824						
compile	sfx-512			plain	same program	pcrec_c4c70f2c_auto-caps-simdna				emit_bytes	943320						
compile	sfx-512			plain	same program	pcrec_c4c70f2c_auto-caps-simdna				emit_code_bytes	22615						
compile	sfx-512			plain	same program	pcrec_c4c70f2c_auto-caps-simdna				warned_emit_bytes	943320						
compile	sfx-512			whole-subject	separate artifact	pcrec_c4c70f2c_auto-caps-simdna				median_total_ns	1865926816.000000	5					
compile	sfx-512			whole-subject	separate artifact	pcrec_c4c70f2c_auto-caps-simdna				jitter	0.003						
compile	sfx-512			whole-subject	separate artifact	pcrec_c4c70f2c_auto-caps-simdna				artifact_bytes	311016						
compile	sfx-512			whole-subject	separate artifact	pcrec_c4c70f2c_auto-caps-simdna				emit_bytes	970557						
compile	sfx-512			whole-subject	separate artifact	pcrec_c4c70f2c_auto-caps-simdna				emit_code_bytes	23877						
compile	sfx-512			whole-subject	separate artifact	pcrec_c4c70f2c_auto-caps-simdna				warned_emit_bytes	970557						
compile	sfx-64			plain	same program	pcrec_c4c70f2c_auto-caps-simdna				median_total_ns	265833370.000000	5					
compile	sfx-64			plain	same program	pcrec_c4c70f2c_auto-caps-simdna				jitter	0.034						
compile	sfx-64			plain	same program	pcrec_c4c70f2c_auto-caps-simdna				artifact_bytes	93984						
compile	sfx-64			plain	same program	pcrec_c4c70f2c_auto-caps-simdna				emit_bytes	247820						
compile	sfx-64			plain	same program	pcrec_c4c70f2c_auto-caps-simdna				emit_code_bytes	21171						
compile	sfx-64			whole-subject	separate artifact	pcrec_c4c70f2c_auto-caps-simdna				median_total_ns	284056485.000000	5					
compile	sfx-64			whole-subject	separate artifact	pcrec_c4c70f2c_auto-caps-simdna				jitter	0.021						
compile	sfx-64			whole-subject	separate artifact	pcrec_c4c70f2c_auto-caps-simdna				artifact_bytes	98224						
compile	sfx-64			whole-subject	separate artifact	pcrec_c4c70f2c_auto-caps-simdna				emit_bytes	256742						
compile	sfx-64			whole-subject	separate artifact	pcrec_c4c70f2c_auto-caps-simdna				emit_code_bytes	22974						
compile	sfx-64			whole-subject	separate artifact	pcrec_c4c70f2c_auto-caps-simdna				warned_emit_bytes	256742						
compile	sh1-256			plain	same program	pcrec_c4c70f2c_auto-caps-simdna				median_total_ns	383321692.000000	5					
compile	sh1-256			plain	same program	pcrec_c4c70f2c_auto-caps-simdna				jitter	0.028						
compile	sh1-256			plain	same program	pcrec_c4c70f2c_auto-caps-simdna				artifact_bytes	278256						
compile	sh1-256			plain	same program	pcrec_c4c70f2c_auto-caps-simdna				emit_bytes	835137						
compile	sh1-256			plain	same program	pcrec_c4c70f2c_auto-caps-simdna				emit_code_bytes	22276						
compile	sh1-256			plain	same program	pcrec_c4c70f2c_auto-caps-simdna				warned_emit_bytes	835137						
compile	sh1-256			whole-subject	separate artifact	pcrec_c4c70f2c_auto-caps-simdna				median_total_ns	397191658.000000	5					
compile	sh1-256			whole-subject	separate artifact	pcrec_c4c70f2c_auto-caps-simdna				jitter	0.016						
compile	sh1-256			whole-subject	separate artifact	pcrec_c4c70f2c_auto-caps-simdna				artifact_bytes	286592						
compile	sh1-256			whole-subject	separate artifact	pcrec_c4c70f2c_auto-caps-simdna				emit_bytes	864519						
compile	sh1-256			whole-subject	separate artifact	pcrec_c4c70f2c_auto-caps-simdna				emit_code_bytes	24184						
compile	sh1-256			whole-subject	separate artifact	pcrec_c4c70f2c_auto-caps-simdna				warned_emit_bytes	864519						
compile	sh1-512			plain	same program	pcrec_c4c70f2c_auto-caps-simdna				median_total_ns	488886054.000000	5					
compile	sh1-512			plain	same program	pcrec_c4c70f2c_auto-caps-simdna				jitter	0.026						
compile	sh1-512			plain	same program	pcrec_c4c70f2c_auto-caps-simdna				artifact_bytes	339552						
compile	sh1-512			plain	same program	pcrec_c4c70f2c_auto-caps-simdna				emit_bytes	966951						
compile	sh1-512			plain	same program	pcrec_c4c70f2c_auto-caps-simdna				emit_code_bytes	21621						
compile	sh1-512			plain	same program	pcrec_c4c70f2c_auto-caps-simdna				warned_emit_bytes	966951						
compile	sh1-512			whole-subject	separate artifact	pcrec_c4c70f2c_auto-caps-simdna				median_total_ns	537593632.000000	5					
compile	sh1-512			whole-subject	separate artifact	pcrec_c4c70f2c_auto-caps-simdna				jitter	0.018						
compile	sh1-512			whole-subject	separate artifact	pcrec_c4c70f2c_auto-caps-simdna				artifact_bytes	249528						
compile	sh1-512			whole-subject	separate artifact	pcrec_c4c70f2c_auto-caps-simdna				emit_bytes	484117						
compile	sh1-512			whole-subject	separate artifact	pcrec_c4c70f2c_auto-caps-simdna				emit_code_bytes	22908						
compile	sh1-512			whole-subject	separate artifact	pcrec_c4c70f2c_auto-caps-simdna				warned_emit_bytes	484117						
compile	sh1-64			plain	same program	pcrec_c4c70f2c_auto-caps-simdna				median_total_ns	231667309.000000	5					
compile	sh1-64			plain	same program	pcrec_c4c70f2c_auto-caps-simdna				jitter	0.030						
compile	sh1-64			plain	same program	pcrec_c4c70f2c_auto-caps-simdna				artifact_bytes	93936						
compile	sh1-64			plain	same program	pcrec_c4c70f2c_auto-caps-simdna				emit_bytes	239363						
compile	sh1-64			plain	same program	pcrec_c4c70f2c_auto-caps-simdna				emit_code_bytes	18581						
compile	sh1-64			whole-subject	separate artifact	pcrec_c4c70f2c_auto-caps-simdna				median_total_ns	239992583.000000	5					
compile	sh1-64			whole-subject	separate artifact	pcrec_c4c70f2c_auto-caps-simdna				jitter	0.028						
compile	sh1-64			whole-subject	separate artifact	pcrec_c4c70f2c_auto-caps-simdna				artifact_bytes	98176						
compile	sh1-64			whole-subject	separate artifact	pcrec_c4c70f2c_auto-caps-simdna				emit_bytes	249718						
compile	sh1-64			whole-subject	separate artifact	pcrec_c4c70f2c_auto-caps-simdna				emit_code_bytes	20489						
compile	srt-256			plain	same program	pcrec_c4c70f2c_auto-caps-simdna				median_total_ns	448369008.000000	5					
compile	srt-256			plain	same program	pcrec_c4c70f2c_auto-caps-simdna				jitter	0.022						
compile	srt-256			plain	same program	pcrec_c4c70f2c_auto-caps-simdna				artifact_bytes	306920						
compile	srt-256			plain	same program	pcrec_c4c70f2c_auto-caps-simdna				emit_bytes	980211						
compile	srt-256			plain	same program	pcrec_c4c70f2c_auto-caps-simdna				emit_code_bytes	21985						
compile	srt-256			plain	same program	pcrec_c4c70f2c_auto-caps-simdna				warned_emit_bytes	980211						
compile	srt-256			whole-subject	separate artifact	pcrec_c4c70f2c_auto-caps-simdna				median_total_ns	440079756.000000	5					
compile	srt-256			whole-subject	separate artifact	pcrec_c4c70f2c_auto-caps-simdna				jitter	0.013						
compile	srt-256			whole-subject	separate artifact	pcrec_c4c70f2c_auto-caps-simdna				artifact_bytes	233136						
compile	srt-256			whole-subject	separate artifact	pcrec_c4c70f2c_auto-caps-simdna				emit_bytes	709115						
compile	srt-256			whole-subject	separate artifact	pcrec_c4c70f2c_auto-caps-simdna				emit_code_bytes	20260						
compile	srt-256			whole-subject	separate artifact	pcrec_c4c70f2c_auto-caps-simdna				warned_emit_bytes	709115						
compile	srt-512			plain	same program	pcrec_c4c70f2c_auto-caps-simdna				median_total_ns	588034810.000000	5					
compile	srt-512			plain	same program	pcrec_c4c70f2c_auto-caps-simdna				jitter	0.010						
compile	srt-512			plain	same program	pcrec_c4c70f2c_auto-caps-simdna				artifact_bytes	339544						
compile	srt-512			plain	same program	pcrec_c4c70f2c_auto-caps-simdna				emit_bytes	972356						
compile	srt-512			plain	same program	pcrec_c4c70f2c_auto-caps-simdna				emit_code_bytes	21137						
compile	srt-512			plain	same program	pcrec_c4c70f2c_auto-caps-simdna				warned_emit_bytes	972356						
compile	srt-512			whole-subject	separate artifact	pcrec_c4c70f2c_auto-caps-simdna				median_total_ns	713525264.000000	5					
compile	srt-512			whole-subject	separate artifact	pcrec_c4c70f2c_auto-caps-simdna				jitter	0.022						
compile	srt-512			whole-subject	separate artifact	pcrec_c4c70f2c_auto-caps-simdna				artifact_bytes	306864						
compile	srt-512			whole-subject	separate artifact	pcrec_c4c70f2c_auto-caps-simdna				emit_bytes	682245						
compile	srt-512			whole-subject	separate artifact	pcrec_c4c70f2c_auto-caps-simdna				emit_code_bytes	22341						
compile	srt-512			whole-subject	separate artifact	pcrec_c4c70f2c_auto-caps-simdna				warned_emit_bytes	682245						
compile	w-1024			plain	same program	pcrec_c4c70f2c_auto-caps-simdna				median_total_ns		1					
compile	w-1024			whole-subject	separate artifact	pcrec_c4c70f2c_auto-caps-simdna				median_total_ns		1					
compile	w-128			plain	same program	pcrec_c4c70f2c_auto-caps-simdna				median_total_ns	361570958.000000	5					
compile	w-128			plain	same program	pcrec_c4c70f2c_auto-caps-simdna				jitter	0.014						
compile	w-128			plain	same program	pcrec_c4c70f2c_auto-caps-simdna				artifact_bytes	175848						
compile	w-128			plain	same program	pcrec_c4c70f2c_auto-caps-simdna				emit_bytes	528909						
compile	w-128			plain	same program	pcrec_c4c70f2c_auto-caps-simdna				emit_code_bytes	20933						
compile	w-128			plain	same program	pcrec_c4c70f2c_auto-caps-simdna				warned_emit_bytes	528909						
compile	w-128			whole-subject	separate artifact	pcrec_c4c70f2c_auto-caps-simdna				median_total_ns	414629769.000000	5					
compile	w-128			whole-subject	separate artifact	pcrec_c4c70f2c_auto-caps-simdna				jitter	0.017						
compile	w-128			whole-subject	separate artifact	pcrec_c4c70f2c_auto-caps-simdna				artifact_bytes	184184						
compile	w-128			whole-subject	separate artifact	pcrec_c4c70f2c_auto-caps-simdna				emit_bytes	558126						
compile	w-128			whole-subject	separate artifact	pcrec_c4c70f2c_auto-caps-simdna				emit_code_bytes	22736						
compile	w-128			whole-subject	separate artifact	pcrec_c4c70f2c_auto-caps-simdna				warned_emit_bytes	558126						
compile	w-192			plain	same program	pcrec_c4c70f2c_auto-caps-simdna				median_total_ns	485140094.000000	5					
compile	w-192			plain	same program	pcrec_c4c70f2c_auto-caps-simdna				jitter	0.033						
compile	w-192			plain	same program	pcrec_c4c70f2c_auto-caps-simdna				artifact_bytes	241384						
compile	w-192			plain	same program	pcrec_c4c70f2c_auto-caps-simdna				emit_bytes	750363						
compile	w-192			plain	same program	pcrec_c4c70f2c_auto-caps-simdna				emit_code_bytes	21457						
compile	w-192			plain	same program	pcrec_c4c70f2c_auto-caps-simdna				warned_emit_bytes	750363						
compile	w-192			whole-subject	separate artifact	pcrec_c4c70f2c_auto-caps-simdna				median_total_ns	579771767.000000	5					
compile	w-192			whole-subject	separate artifact	pcrec_c4c70f2c_auto-caps-simdna				jitter	0.008						
compile	w-192			whole-subject	separate artifact	pcrec_c4c70f2c_auto-caps-simdna				artifact_bytes	253816						
compile	w-192			whole-subject	separate artifact	pcrec_c4c70f2c_auto-caps-simdna				emit_bytes	791979						
compile	w-192			whole-subject	separate artifact	pcrec_c4c70f2c_auto-caps-simdna				emit_code_bytes	23260						
compile	w-192			whole-subject	separate artifact	pcrec_c4c70f2c_auto-caps-simdna				warned_emit_bytes	791979						
compile	w-2048			plain	same program	pcrec_c4c70f2c_auto-caps-simdna				median_total_ns		1					
compile	w-2048			whole-subject	separate artifact	pcrec_c4c70f2c_auto-caps-simdna				median_total_ns		1					
compile	w-256			plain	same program	pcrec_c4c70f2c_auto-caps-simdna				median_total_ns	614881421.000000	5					
compile	w-256			plain	same program	pcrec_c4c70f2c_auto-caps-simdna				jitter	0.050						
compile	w-256			plain	same program	pcrec_c4c70f2c_auto-caps-simdna				artifact_bytes	306920						
compile	w-256			plain	same program	pcrec_c4c70f2c_auto-caps-simdna				emit_bytes	980211						
compile	w-256			plain	same program	pcrec_c4c70f2c_auto-caps-simdna				emit_code_bytes	21985						
compile	w-256			plain	same program	pcrec_c4c70f2c_auto-caps-simdna				warned_emit_bytes	980211						
compile	w-256			whole-subject	separate artifact	pcrec_c4c70f2c_auto-caps-simdna				median_total_ns	714913810.000000	5					
compile	w-256			whole-subject	separate artifact	pcrec_c4c70f2c_auto-caps-simdna				jitter	0.015						
compile	w-256			whole-subject	separate artifact	pcrec_c4c70f2c_auto-caps-simdna				artifact_bytes	233136						
compile	w-256			whole-subject	separate artifact	pcrec_c4c70f2c_auto-caps-simdna				emit_bytes	709115						
compile	w-256			whole-subject	separate artifact	pcrec_c4c70f2c_auto-caps-simdna				emit_code_bytes	20260						
compile	w-256			whole-subject	separate artifact	pcrec_c4c70f2c_auto-caps-simdna				warned_emit_bytes	709115						
compile	w-384			plain	same program	pcrec_c4c70f2c_auto-caps-simdna				median_total_ns	889412106.000000	5					
compile	w-384			plain	same program	pcrec_c4c70f2c_auto-caps-simdna				jitter	0.012						
compile	w-384			plain	same program	pcrec_c4c70f2c_auto-caps-simdna				artifact_bytes	310872						
compile	w-384			plain	same program	pcrec_c4c70f2c_auto-caps-simdna				emit_bytes	971580						
compile	w-384			plain	same program	pcrec_c4c70f2c_auto-caps-simdna				emit_code_bytes	20070						
compile	w-384			plain	same program	pcrec_c4c70f2c_auto-caps-simdna				warned_emit_bytes	971580						
compile	w-384			whole-subject	separate artifact	pcrec_c4c70f2c_auto-caps-simdna				median_total_ns	1179421895.000000	5					
compile	w-384			whole-subject	separate artifact	pcrec_c4c70f2c_auto-caps-simdna				jitter	0.003						
compile	w-384			whole-subject	separate artifact	pcrec_c4c70f2c_auto-caps-simdna				artifact_bytes	237232						
compile	w-384			whole-subject	separate artifact	pcrec_c4c70f2c_auto-caps-simdna				emit_bytes	508895						
compile	w-384			whole-subject	separate artifact	pcrec_c4c70f2c_auto-caps-simdna				emit_code_bytes	21253						
compile	w-384			whole-subject	separate artifact	pcrec_c4c70f2c_auto-caps-simdna				warned_emit_bytes	508895						
compile	w-512			plain	same program	pcrec_c4c70f2c_auto-caps-simdna				median_total_ns	1190481585.000000	5					
compile	w-512			plain	same program	pcrec_c4c70f2c_auto-caps-simdna				jitter	0.017						
compile	w-512			plain	same program	pcrec_c4c70f2c_auto-caps-simdna				artifact_bytes	339544						
compile	w-512			plain	same program	pcrec_c4c70f2c_auto-caps-simdna				emit_bytes	972355						
compile	w-512			plain	same program	pcrec_c4c70f2c_auto-caps-simdna				emit_code_bytes	21136						
compile	w-512			plain	same program	pcrec_c4c70f2c_auto-caps-simdna				warned_emit_bytes	972355						
compile	w-512			whole-subject	separate artifact	pcrec_c4c70f2c_auto-caps-simdna				median_total_ns	1658608097.000000	5					
compile	w-512			whole-subject	separate artifact	pcrec_c4c70f2c_auto-caps-simdna				jitter	0.064						
compile	w-512			whole-subject	separate artifact	pcrec_c4c70f2c_auto-caps-simdna				artifact_bytes	306864						
compile	w-512			whole-subject	separate artifact	pcrec_c4c70f2c_auto-caps-simdna				emit_bytes	682244						
compile	w-512			whole-subject	separate artifact	pcrec_c4c70f2c_auto-caps-simdna				emit_code_bytes	22340						
compile	w-512			whole-subject	separate artifact	pcrec_c4c70f2c_auto-caps-simdna				warned_emit_bytes	682244						
compile	w-64			plain	same program	pcrec_c4c70f2c_auto-caps-simdna				median_total_ns	270490603.000000	5					
compile	w-64			plain	same program	pcrec_c4c70f2c_auto-caps-simdna				jitter	0.034						
compile	w-64			plain	same program	pcrec_c4c70f2c_auto-caps-simdna				artifact_bytes	106216						
compile	w-64			plain	same program	pcrec_c4c70f2c_auto-caps-simdna				emit_bytes	290681						
compile	w-64			plain	same program	pcrec_c4c70f2c_auto-caps-simdna				emit_code_bytes	20450						
compile	w-64			plain	same program	pcrec_c4c70f2c_auto-caps-simdna				warned_emit_bytes	290681						
compile	w-64			whole-subject	separate artifact	pcrec_c4c70f2c_auto-caps-simdna				median_total_ns	281567333.000000	5					
compile	w-64			whole-subject	separate artifact	pcrec_c4c70f2c_auto-caps-simdna				jitter	0.051						
compile	w-64			whole-subject	separate artifact	pcrec_c4c70f2c_auto-caps-simdna				artifact_bytes	110456						
compile	w-64			whole-subject	separate artifact	pcrec_c4c70f2c_auto-caps-simdna				emit_bytes	308090						
compile	w-64			whole-subject	separate artifact	pcrec_c4c70f2c_auto-caps-simdna				emit_code_bytes	22253						
compile	w-64			whole-subject	separate artifact	pcrec_c4c70f2c_auto-caps-simdna				warned_emit_bytes	308090						
compile	w-8			plain	same program	pcrec_c4c70f2c_auto-caps-simdna				median_total_ns	180363806.000000	5					
compile	w-8			plain	same program	pcrec_c4c70f2c_auto-caps-simdna				jitter	0.027						
compile	w-8			plain	same program	pcrec_c4c70f2c_auto-caps-simdna				artifact_bytes	32488						
compile	w-8			plain	same program	pcrec_c4c70f2c_auto-caps-simdna				emit_bytes	45631						
compile	w-8			plain	same program	pcrec_c4c70f2c_auto-caps-simdna				emit_code_bytes	17997						
compile	w-8			whole-subject	separate artifact	pcrec_c4c70f2c_auto-caps-simdna				median_total_ns	191684816.000000	5					
compile	w-8			whole-subject	separate artifact	pcrec_c4c70f2c_auto-caps-simdna				jitter	0.018						
compile	w-8			whole-subject	separate artifact	pcrec_c4c70f2c_auto-caps-simdna				artifact_bytes	36728						
compile	w-8			whole-subject	separate artifact	pcrec_c4c70f2c_auto-caps-simdna				emit_bytes	49385						
compile	w-8			whole-subject	separate artifact	pcrec_c4c70f2c_auto-caps-simdna				emit_code_bytes	19800						
compile	w-96			plain	same program	pcrec_c4c70f2c_auto-caps-simdna				median_total_ns	311950876.000000	5					
compile	w-96			plain	same program	pcrec_c4c70f2c_auto-caps-simdna				jitter	0.017						
compile	w-96			plain	same program	pcrec_c4c70f2c_auto-caps-simdna				artifact_bytes	143080						
compile	w-96			plain	same program	pcrec_c4c70f2c_auto-caps-simdna				emit_bytes	420347						
compile	w-96			plain	same program	pcrec_c4c70f2c_auto-caps-simdna				emit_code_bytes	20679						
compile	w-96			plain	same program	pcrec_c4c70f2c_auto-caps-simdna				warned_emit_bytes	420347						
compile	w-96			whole-subject	separate artifact	pcrec_c4c70f2c_auto-caps-simdna				median_total_ns	342016184.000000	5					
compile	w-96			whole-subject	separate artifact	pcrec_c4c70f2c_auto-caps-simdna				jitter	0.052						
compile	w-96			whole-subject	separate artifact	pcrec_c4c70f2c_auto-caps-simdna				artifact_bytes	151416						
compile	w-96			whole-subject	separate artifact	pcrec_c4c70f2c_auto-caps-simdna				emit_bytes	443562						
compile	w-96			whole-subject	separate artifact	pcrec_c4c70f2c_auto-caps-simdna				emit_code_bytes	22482						
compile	w-96			whole-subject	separate artifact	pcrec_c4c70f2c_auto-caps-simdna				warned_emit_bytes	443562						
compile	wb-256			plain	same program	pcrec_c4c70f2c_auto-caps-simdna				median_total_ns	590420021.000000	5					
compile	wb-256			plain	same program	pcrec_c4c70f2c_auto-caps-simdna				jitter	0.009						
compile	wb-256			plain	same program	pcrec_c4c70f2c_auto-caps-simdna				artifact_bytes	266032						
compile	wb-256			plain	same program	pcrec_c4c70f2c_auto-caps-simdna				emit_bytes	800778						
compile	wb-256			plain	same program	pcrec_c4c70f2c_auto-caps-simdna				emit_code_bytes	20118						
compile	wb-256			plain	same program	pcrec_c4c70f2c_auto-caps-simdna				warned_emit_bytes	800778						
compile	wb-256			whole-subject	separate artifact	pcrec_c4c70f2c_auto-caps-simdna				median_total_ns	717035254.000000	5					
compile	wb-256			whole-subject	separate artifact	pcrec_c4c70f2c_auto-caps-simdna				jitter	0.021						
compile	wb-256			whole-subject	separate artifact	pcrec_c4c70f2c_auto-caps-simdna				artifact_bytes	274312						
compile	wb-256			whole-subject	separate artifact	pcrec_c4c70f2c_auto-caps-simdna				emit_bytes	819060						
compile	wb-256			whole-subject	separate artifact	pcrec_c4c70f2c_auto-caps-simdna				emit_code_bytes	21550						
compile	wb-256			whole-subject	separate artifact	pcrec_c4c70f2c_auto-caps-simdna				warned_emit_bytes	819060						
compile	wb-512			plain	same program	pcrec_c4c70f2c_auto-caps-simdna				median_total_ns	1244512870.000000	5					
compile	wb-512			plain	same program	pcrec_c4c70f2c_auto-caps-simdna				jitter	0.009						
compile	wb-512			plain	same program	pcrec_c4c70f2c_auto-caps-simdna				artifact_bytes	376624						
compile	wb-512			plain	same program	pcrec_c4c70f2c_auto-caps-simdna				emit_bytes	907930						
compile	wb-512			plain	same program	pcrec_c4c70f2c_auto-caps-simdna				emit_code_bytes	22243						
compile	wb-512			plain	same program	pcrec_c4c70f2c_auto-caps-simdna				warned_emit_bytes	907930						
compile	wb-512			whole-subject	separate artifact	pcrec_c4c70f2c_auto-caps-simdna				median_total_ns	1582950767.000000	5					
compile	wb-512			whole-subject	separate artifact	pcrec_c4c70f2c_auto-caps-simdna				jitter	0.057						
compile	wb-512			whole-subject	separate artifact	pcrec_c4c70f2c_auto-caps-simdna				artifact_bytes	389000						
compile	wb-512			whole-subject	separate artifact	pcrec_c4c70f2c_auto-caps-simdna				emit_bytes	928245						
compile	wb-512			whole-subject	separate artifact	pcrec_c4c70f2c_auto-caps-simdna				emit_code_bytes	23640						
compile	wb-512			whole-subject	separate artifact	pcrec_c4c70f2c_auto-caps-simdna				warned_emit_bytes	928245						
compile	ci-256			plain	same program	pcrec_c4c70f2c_vm-caps-simdna				median_total_ns	2437643043.000000	5					
compile	ci-256			plain	same program	pcrec_c4c70f2c_vm-caps-simdna				jitter	0.005						
compile	ci-256			plain	same program	pcrec_c4c70f2c_vm-caps-simdna				artifact_bytes	97624						
compile	ci-256			plain	same program	pcrec_c4c70f2c_vm-caps-simdna				emit_bytes	361897						
compile	ci-256			plain	same program	pcrec_c4c70f2c_vm-caps-simdna				emit_code_bytes	361897						
compile	ci-256			plain	same program	pcrec_c4c70f2c_vm-caps-simdna				warned_emit_bytes	361897						
compile_stamp						pcrec_c4c70f2c_vm-caps-simdna				engine	vm						
compile_stamp						pcrec_c4c70f2c_vm-caps-simdna				entry	plain entry						
compile_stamp						pcrec_c4c70f2c_vm-caps-simdna				prefilter	none						
compile_stamp						pcrec_c4c70f2c_vm-caps-simdna				vm_rungs	-						
compile_stamp						pcrec_c4c70f2c_vm-caps-simdna				buffers	256/1 (stamped default)						
compile_stamp						pcrec_c4c70f2c_vm-caps-simdna				frame	24						
compile_stamp						pcrec_c4c70f2c_vm-caps-simdna				scan_edges	0						
compile_stamp						pcrec_c4c70f2c_vm-caps-simdna				scan_edges_match	0						
compile_stamp						pcrec_c4c70f2c_vm-caps-simdna				engine_sel	forced						
compile	ci-256			whole-subject	separate artifact	pcrec_c4c70f2c_vm-caps-simdna				median_total_ns	2709697897.000000	5					
compile	ci-256			whole-subject	separate artifact	pcrec_c4c70f2c_vm-caps-simdna				jitter	0.002						
compile	ci-256			whole-subject	separate artifact	pcrec_c4c70f2c_vm-caps-simdna				artifact_bytes	101720						
compile	ci-256			whole-subject	separate artifact	pcrec_c4c70f2c_vm-caps-simdna				emit_bytes	362130						
compile	ci-256			whole-subject	separate artifact	pcrec_c4c70f2c_vm-caps-simdna				emit_code_bytes	362130						
compile	ci-256			whole-subject	separate artifact	pcrec_c4c70f2c_vm-caps-simdna				warned_emit_bytes	362130						
compile	ci-512			plain	same program	pcrec_c4c70f2c_vm-caps-simdna				median_total_ns		1					
compile	ci-512			whole-subject	separate artifact	pcrec_c4c70f2c_vm-caps-simdna				median_total_ns		1					
compile	clsa-1024			plain	same program	pcrec_c4c70f2c_vm-caps-simdna				median_total_ns		1					
compile	clsa-1024			whole-subject	separate artifact	pcrec_c4c70f2c_vm-caps-simdna				median_total_ns		1					
compile	clsa-256			plain	same program	pcrec_c4c70f2c_vm-caps-simdna				median_total_ns	1273964613.000000	5					
compile	clsa-256			plain	same program	pcrec_c4c70f2c_vm-caps-simdna				jitter	0.004						
compile	clsa-256			plain	same program	pcrec_c4c70f2c_vm-caps-simdna				artifact_bytes	64856						
compile	clsa-256			plain	same program	pcrec_c4c70f2c_vm-caps-simdna				emit_bytes	154471						
compile	clsa-256			plain	same program	pcrec_c4c70f2c_vm-caps-simdna				emit_code_bytes	154471						
compile	clsa-256			whole-subject	separate artifact	pcrec_c4c70f2c_vm-caps-simdna				median_total_ns	1299466784.000000	5					
compile	clsa-256			whole-subject	separate artifact	pcrec_c4c70f2c_vm-caps-simdna				jitter	0.004						
compile	clsa-256			whole-subject	separate artifact	pcrec_c4c70f2c_vm-caps-simdna				artifact_bytes	64856						
compile	clsa-256			whole-subject	separate artifact	pcrec_c4c70f2c_vm-caps-simdna				emit_bytes	154702						
compile	clsa-256			whole-subject	separate artifact	pcrec_c4c70f2c_vm-caps-simdna				emit_code_bytes	154702						
compile	clsa-64			plain	same program	pcrec_c4c70f2c_vm-caps-simdna				median_total_ns	413503567.000000	5					
compile	clsa-64			plain	same program	pcrec_c4c70f2c_vm-caps-simdna				jitter	0.021						
compile	clsa-64			plain	same program	pcrec_c4c70f2c_vm-caps-simdna				artifact_bytes	36184						
compile	clsa-64			plain	same program	pcrec_c4c70f2c_vm-caps-simdna				emit_bytes	53956						
compile	clsa-64			plain	same program	pcrec_c4c70f2c_vm-caps-simdna				emit_code_bytes	53956						
compile	clsa-64			whole-subject	separate artifact	pcrec_c4c70f2c_vm-caps-simdna				median_total_ns	421722262.000000	5					
compile	clsa-64			whole-subject	separate artifact	pcrec_c4c70f2c_vm-caps-simdna				jitter	0.012						
compile	clsa-64			whole-subject	separate artifact	pcrec_c4c70f2c_vm-caps-simdna				artifact_bytes	36184						
compile	clsa-64			whole-subject	separate artifact	pcrec_c4c70f2c_vm-caps-simdna				emit_bytes	54187						
compile	clsa-64			whole-subject	separate artifact	pcrec_c4c70f2c_vm-caps-simdna				emit_code_bytes	54187						
compile	clsd-1024			plain	same program	pcrec_c4c70f2c_vm-caps-simdna				median_total_ns		1					
compile	clsd-1024			whole-subject	separate artifact	pcrec_c4c70f2c_vm-caps-simdna				median_total_ns		1					
compile	clsd-256			plain	same program	pcrec_c4c70f2c_vm-caps-simdna				median_total_ns	1276144917.000000	5					
compile	clsd-256			plain	same program	pcrec_c4c70f2c_vm-caps-simdna				jitter	0.002						
compile	clsd-256			plain	same program	pcrec_c4c70f2c_vm-caps-simdna				artifact_bytes	64856						
compile	clsd-256			plain	same program	pcrec_c4c70f2c_vm-caps-simdna				emit_bytes	154215						
compile	clsd-256			plain	same program	pcrec_c4c70f2c_vm-caps-simdna				emit_code_bytes	154215						
compile	clsd-256			whole-subject	separate artifact	pcrec_c4c70f2c_vm-caps-simdna				median_total_ns	1304788343.000000	5					
compile	clsd-256			whole-subject	separate artifact	pcrec_c4c70f2c_vm-caps-simdna				jitter	0.002						
compile	clsd-256			whole-subject	separate artifact	pcrec_c4c70f2c_vm-caps-simdna				artifact_bytes	64856						
compile	clsd-256			whole-subject	separate artifact	pcrec_c4c70f2c_vm-caps-simdna				emit_bytes	154446						
compile	clsd-256			whole-subject	separate artifact	pcrec_c4c70f2c_vm-caps-simdna				emit_code_bytes	154446						
compile	clsd-64			plain	same program	pcrec_c4c70f2c_vm-caps-simdna				median_total_ns	408739341.000000	5					
compile	clsd-64			plain	same program	pcrec_c4c70f2c_vm-caps-simdna				jitter	0.008						
compile	clsd-64			plain	same program	pcrec_c4c70f2c_vm-caps-simdna				artifact_bytes	36184						
compile	clsd-64			plain	same program	pcrec_c4c70f2c_vm-caps-simdna				emit_bytes	53892						
compile	clsd-64			plain	same program	pcrec_c4c70f2c_vm-caps-simdna				emit_code_bytes	53892						
compile	clsd-64			whole-subject	separate artifact	pcrec_c4c70f2c_vm-caps-simdna				median_total_ns	422755678.000000	5					
compile	clsd-64			whole-subject	separate artifact	pcrec_c4c70f2c_vm-caps-simdna				jitter	0.015						
compile	clsd-64			whole-subject	separate artifact	pcrec_c4c70f2c_vm-caps-simdna				artifact_bytes	36184						
compile	clsd-64			whole-subject	separate artifact	pcrec_c4c70f2c_vm-caps-simdna				emit_bytes	54123						
compile	clsd-64			whole-subject	separate artifact	pcrec_c4c70f2c_vm-caps-simdna				emit_code_bytes	54123						
compile	cnt-64			plain	same program	pcrec_c4c70f2c_vm-caps-simdna				median_total_ns	732252348.000000	5					
compile	cnt-64			plain	same program	pcrec_c4c70f2c_vm-caps-simdna				jitter	0.007						
compile	cnt-64			plain	same program	pcrec_c4c70f2c_vm-caps-simdna				artifact_bytes	48472						
compile	cnt-64			plain	same program	pcrec_c4c70f2c_vm-caps-simdna				emit_bytes	110578						
compile	cnt-64			plain	same program	pcrec_c4c70f2c_vm-caps-simdna				emit_code_bytes	110578						
compile	cnt-64			whole-subject	separate artifact	pcrec_c4c70f2c_vm-caps-simdna				median_total_ns	751790990.000000	5					
compile	cnt-64			whole-subject	separate artifact	pcrec_c4c70f2c_vm-caps-simdna				jitter	0.014						
compile	cnt-64			whole-subject	separate artifact	pcrec_c4c70f2c_vm-caps-simdna				artifact_bytes	48472						
compile	cnt-64			whole-subject	separate artifact	pcrec_c4c70f2c_vm-caps-simdna				emit_bytes	110809						
compile	cnt-64			whole-subject	separate artifact	pcrec_c4c70f2c_vm-caps-simdna				emit_code_bytes	110809						
compile	floor			plain	same program	pcrec_c4c70f2c_vm-caps-simdna				median_total_ns	150605644.000000	5					
compile	floor			plain	same program	pcrec_c4c70f2c_vm-caps-simdna				jitter	0.042						
compile	floor			plain	same program	pcrec_c4c70f2c_vm-caps-simdna				artifact_bytes	23912						
compile	floor			plain	same program	pcrec_c4c70f2c_vm-caps-simdna				emit_bytes	20198						
compile	floor			plain	same program	pcrec_c4c70f2c_vm-caps-simdna				emit_code_bytes	20198						
compile	floor			whole-subject	separate artifact	pcrec_c4c70f2c_vm-caps-simdna				median_total_ns	153864090.000000	5					
compile	floor			whole-subject	separate artifact	pcrec_c4c70f2c_vm-caps-simdna				jitter	0.019						
compile	floor			whole-subject	separate artifact	pcrec_c4c70f2c_vm-caps-simdna				artifact_bytes	23912						
compile	floor			whole-subject	separate artifact	pcrec_c4c70f2c_vm-caps-simdna				emit_bytes	20421						
compile	floor			whole-subject	separate artifact	pcrec_c4c70f2c_vm-caps-simdna				emit_code_bytes	20421						
compile	nar4-256			plain	same program	pcrec_c4c70f2c_vm-caps-simdna				median_total_ns	829719212.000000	5					
compile	nar4-256			plain	same program	pcrec_c4c70f2c_vm-caps-simdna				jitter	0.007						
compile	nar4-256			plain	same program	pcrec_c4c70f2c_vm-caps-simdna				artifact_bytes	52576						
compile	nar4-256			plain	same program	pcrec_c4c70f2c_vm-caps-simdna				emit_bytes	139510						
compile	nar4-256			plain	same program	pcrec_c4c70f2c_vm-caps-simdna				emit_code_bytes	139510						
compile	nar4-256			whole-subject	separate artifact	pcrec_c4c70f2c_vm-caps-simdna				median_total_ns	850193290.000000	5					
compile	nar4-256			whole-subject	separate artifact	pcrec_c4c70f2c_vm-caps-simdna				jitter	0.010						
compile	nar4-256			whole-subject	separate artifact	pcrec_c4c70f2c_vm-caps-simdna				artifact_bytes	52576						
compile	nar4-256			whole-subject	separate artifact	pcrec_c4c70f2c_vm-caps-simdna				emit_bytes	139741						
compile	nar4-256			whole-subject	separate artifact	pcrec_c4c70f2c_vm-caps-simdna				emit_code_bytes	139741						
compile	nar4-512			plain	same program	pcrec_c4c70f2c_vm-caps-simdna				median_total_ns	1457937733.000000	5					
compile	nar4-512			plain	same program	pcrec_c4c70f2c_vm-caps-simdna				jitter	0.007						
compile	nar4-512			plain	same program	pcrec_c4c70f2c_vm-caps-simdna				artifact_bytes	68960						
compile	nar4-512			plain	same program	pcrec_c4c70f2c_vm-caps-simdna				emit_bytes	251979						
compile	nar4-512			plain	same program	pcrec_c4c70f2c_vm-caps-simdna				emit_code_bytes	251979						
compile	nar4-512			plain	same program	pcrec_c4c70f2c_vm-caps-simdna				warned_emit_bytes	251979						
compile	nar4-512			whole-subject	separate artifact	pcrec_c4c70f2c_vm-caps-simdna				median_total_ns	1482462630.000000	5					
compile	nar4-512			whole-subject	separate artifact	pcrec_c4c70f2c_vm-caps-simdna				jitter	0.006						
compile	nar4-512			whole-subject	separate artifact	pcrec_c4c70f2c_vm-caps-simdna				artifact_bytes	73056						
compile	nar4-512			whole-subject	separate artifact	pcrec_c4c70f2c_vm-caps-simdna				emit_bytes	252212						
compile	nar4-512			whole-subject	separate artifact	pcrec_c4c70f2c_vm-caps-simdna				emit_code_bytes	252212						
compile	nar4-512			whole-subject	separate artifact	pcrec_c4c70f2c_vm-caps-simdna				warned_emit_bytes	252212						
compile	nar4-64			plain	same program	pcrec_c4c70f2c_vm-caps-simdna				median_total_ns	291623667.000000	5					
compile	nar4-64			plain	same program	pcrec_c4c70f2c_vm-caps-simdna				jitter	0.019						
compile	nar4-64			plain	same program	pcrec_c4c70f2c_vm-caps-simdna				artifact_bytes	36192						
compile	nar4-64			plain	same program	pcrec_c4c70f2c_vm-caps-simdna				emit_bytes	49278						
compile	nar4-64			plain	same program	pcrec_c4c70f2c_vm-caps-simdna				emit_code_bytes	49278						
compile	nar4-64			whole-subject	separate artifact	pcrec_c4c70f2c_vm-caps-simdna				median_total_ns	303590639.000000	5					
compile	nar4-64			whole-subject	separate artifact	pcrec_c4c70f2c_vm-caps-simdna				jitter	0.002						
compile	nar4-64			whole-subject	separate artifact	pcrec_c4c70f2c_vm-caps-simdna				artifact_bytes	36192						
compile	nar4-64			whole-subject	separate artifact	pcrec_c4c70f2c_vm-caps-simdna				emit_bytes	49509						
compile	nar4-64			whole-subject	separate artifact	pcrec_c4c70f2c_vm-caps-simdna				emit_code_bytes	49509						
compile	pfx3-256			plain	same program	pcrec_c4c70f2c_vm-caps-simdna				median_total_ns	813793087.000000	5					
compile	pfx3-256			plain	same program	pcrec_c4c70f2c_vm-caps-simdna				jitter	0.014						
compile	pfx3-256			plain	same program	pcrec_c4c70f2c_vm-caps-simdna				artifact_bytes	56720						
compile	pfx3-256			plain	same program	pcrec_c4c70f2c_vm-caps-simdna				emit_bytes	133781						
compile	pfx3-256			plain	same program	pcrec_c4c70f2c_vm-caps-simdna				emit_code_bytes	133781						
compile	pfx3-256			whole-subject	separate artifact	pcrec_c4c70f2c_vm-caps-simdna				median_total_ns	830386826.000000	5					
compile	pfx3-256			whole-subject	separate artifact	pcrec_c4c70f2c_vm-caps-simdna				jitter	0.004						
compile	pfx3-256			whole-subject	separate artifact	pcrec_c4c70f2c_vm-caps-simdna				artifact_bytes	56720						
compile	pfx3-256			whole-subject	separate artifact	pcrec_c4c70f2c_vm-caps-simdna				emit_bytes	134012						
compile	pfx3-256			whole-subject	separate artifact	pcrec_c4c70f2c_vm-caps-simdna				emit_code_bytes	134012						
compile	pfx3-512			plain	same program	pcrec_c4c70f2c_vm-caps-simdna				median_total_ns	1476857040.000000	5					
compile	pfx3-512			plain	same program	pcrec_c4c70f2c_vm-caps-simdna				jitter	0.012						
compile	pfx3-512			plain	same program	pcrec_c4c70f2c_vm-caps-simdna				artifact_bytes	64912						
compile	pfx3-512			plain	same program	pcrec_c4c70f2c_vm-caps-simdna				emit_bytes	247312						
compile	pfx3-512			plain	same program	pcrec_c4c70f2c_vm-caps-simdna				emit_code_bytes	247312						
compile	pfx3-512			whole-subject	separate artifact	pcrec_c4c70f2c_vm-caps-simdna				median_total_ns	1497397080.000000	5					
compile	pfx3-512			whole-subject	separate artifact	pcrec_c4c70f2c_vm-caps-simdna				jitter	0.006						
compile	pfx3-512			whole-subject	separate artifact	pcrec_c4c70f2c_vm-caps-simdna				artifact_bytes	64912						
compile	pfx3-512			whole-subject	separate artifact	pcrec_c4c70f2c_vm-caps-simdna				emit_bytes	247545						
compile	pfx3-512			whole-subject	separate artifact	pcrec_c4c70f2c_vm-caps-simdna				emit_code_bytes	247545						
compile	s-2048			plain	same program	pcrec_c4c70f2c_vm-caps-simdna				median_total_ns		1					
compile	s-2048			whole-subject	separate artifact	pcrec_c4c70f2c_vm-caps-simdna				median_total_ns		1					
compile	s-256			plain	same program	pcrec_c4c70f2c_vm-caps-simdna				median_total_ns	747812810.000000	5					
compile	s-256			plain	same program	pcrec_c4c70f2c_vm-caps-simdna				jitter	0.016						
compile	s-256			plain	same program	pcrec_c4c70f2c_vm-caps-simdna				artifact_bytes	52576						
compile	s-256			plain	same program	pcrec_c4c70f2c_vm-caps-simdna				emit_bytes	129054						
compile	s-256			plain	same program	pcrec_c4c70f2c_vm-caps-simdna				emit_code_bytes	129054						
compile	s-256			whole-subject	separate artifact	pcrec_c4c70f2c_vm-caps-simdna				median_total_ns	737956048.000000	5					
compile	s-256			whole-subject	separate artifact	pcrec_c4c70f2c_vm-caps-simdna				jitter	0.015						
compile	s-256			whole-subject	separate artifact	pcrec_c4c70f2c_vm-caps-simdna				artifact_bytes	52576						
compile	s-256			whole-subject	separate artifact	pcrec_c4c70f2c_vm-caps-simdna				emit_bytes	129281						
compile	s-256			whole-subject	separate artifact	pcrec_c4c70f2c_vm-caps-simdna				emit_code_bytes	129281						
compile	s-4096			plain	same program	pcrec_c4c70f2c_vm-caps-simdna				median_total_ns		1					
compile	s-4096			whole-subject	separate artifact	pcrec_c4c70f2c_vm-caps-simdna				median_total_ns		1					
compile	s-512			plain	same program	pcrec_c4c70f2c_vm-caps-simdna				median_total_ns	1342282221.000000	5					
compile	s-512			plain	same program	pcrec_c4c70f2c_vm-caps-simdna				jitter	0.003						
compile	s-512			plain	same program	pcrec_c4c70f2c_vm-caps-simdna				artifact_bytes	64864						
compile	s-512			plain	same program	pcrec_c4c70f2c_vm-caps-simdna				emit_bytes	240034						
compile	s-512			plain	same program	pcrec_c4c70f2c_vm-caps-simdna				emit_code_bytes	240034						
compile	s-512			whole-subject	separate artifact	pcrec_c4c70f2c_vm-caps-simdna				median_total_ns	1367739597.000000	5					
compile	s-512			whole-subject	separate artifact	pcrec_c4c70f2c_vm-caps-simdna				jitter	0.002						
compile	s-512			whole-subject	separate artifact	pcrec_c4c70f2c_vm-caps-simdna				artifact_bytes	64864						
compile	s-512			whole-subject	separate artifact	pcrec_c4c70f2c_vm-caps-simdna				emit_bytes	240263						
compile	s-512			whole-subject	separate artifact	pcrec_c4c70f2c_vm-caps-simdna				emit_code_bytes	240263						
compile	sfx-256			plain	same program	pcrec_c4c70f2c_vm-caps-simdna				median_total_ns	797065240.000000	5					
compile	sfx-256			plain	same program	pcrec_c4c70f2c_vm-caps-simdna				jitter	0.011						
compile	sfx-256			plain	same program	pcrec_c4c70f2c_vm-caps-simdna				artifact_bytes	56720						
compile	sfx-256			plain	same program	pcrec_c4c70f2c_vm-caps-simdna				emit_bytes	139831						
compile	sfx-256			plain	same program	pcrec_c4c70f2c_vm-caps-simdna				emit_code_bytes	139831						
compile	sfx-256			whole-subject	separate artifact	pcrec_c4c70f2c_vm-caps-simdna				median_total_ns	819616578.000000	5					
compile	sfx-256			whole-subject	separate artifact	pcrec_c4c70f2c_vm-caps-simdna				jitter	0.007						
compile	sfx-256			whole-subject	separate artifact	pcrec_c4c70f2c_vm-caps-simdna				artifact_bytes	56720						
compile	sfx-256			whole-subject	separate artifact	pcrec_c4c70f2c_vm-caps-simdna				emit_bytes	140062						
compile	sfx-256			whole-subject	separate artifact	pcrec_c4c70f2c_vm-caps-simdna				emit_code_bytes	140062						
compile	sfx-512			plain	same program	pcrec_c4c70f2c_vm-caps-simdna				median_total_ns	1527247807.000000	5					
compile	sfx-512			plain	same program	pcrec_c4c70f2c_vm-caps-simdna				jitter	0.001						
compile	sfx-512			plain	same program	pcrec_c4c70f2c_vm-caps-simdna				artifact_bytes	69008						
compile	sfx-512			plain	same program	pcrec_c4c70f2c_vm-caps-simdna				emit_bytes	264308						
compile	sfx-512			plain	same program	pcrec_c4c70f2c_vm-caps-simdna				emit_code_bytes	264308						
compile	sfx-512			plain	same program	pcrec_c4c70f2c_vm-caps-simdna				warned_emit_bytes	264308						
compile	sfx-512			whole-subject	separate artifact	pcrec_c4c70f2c_vm-caps-simdna				median_total_ns	1539537071.000000	5					
compile	sfx-512			whole-subject	separate artifact	pcrec_c4c70f2c_vm-caps-simdna				jitter	0.006						
compile	sfx-512			whole-subject	separate artifact	pcrec_c4c70f2c_vm-caps-simdna				artifact_bytes	69008						
compile	sfx-512			whole-subject	separate artifact	pcrec_c4c70f2c_vm-caps-simdna				emit_bytes	264541						
compile	sfx-512			whole-subject	separate artifact	pcrec_c4c70f2c_vm-caps-simdna				emit_code_bytes	264541						
compile	sfx-512			whole-subject	separate artifact	pcrec_c4c70f2c_vm-caps-simdna				warned_emit_bytes	264541						
compile	sfx-64			plain	same program	pcrec_c4c70f2c_vm-caps-simdna				median_total_ns	305563210.000000	5					
compile	sfx-64			plain	same program	pcrec_c4c70f2c_vm-caps-simdna				jitter	0.014						
compile	sfx-64			plain	same program	pcrec_c4c70f2c_vm-caps-simdna				artifact_bytes	36240						
compile	sfx-64			plain	same program	pcrec_c4c70f2c_vm-caps-simdna				emit_bytes	51576						
compile	sfx-64			plain	same program	pcrec_c4c70f2c_vm-caps-simdna				emit_code_bytes	51576						
compile	sfx-64			whole-subject	separate artifact	pcrec_c4c70f2c_vm-caps-simdna				median_total_ns	312149713.000000	5					
compile	sfx-64			whole-subject	separate artifact	pcrec_c4c70f2c_vm-caps-simdna				jitter	0.024						
compile	sfx-64			whole-subject	separate artifact	pcrec_c4c70f2c_vm-caps-simdna				artifact_bytes	36240						
compile	sfx-64			whole-subject	separate artifact	pcrec_c4c70f2c_vm-caps-simdna				emit_bytes	51807						
compile	sfx-64			whole-subject	separate artifact	pcrec_c4c70f2c_vm-caps-simdna				emit_code_bytes	51807						
compile	sh1-256			plain	same program	pcrec_c4c70f2c_vm-caps-simdna				median_total_ns	760328667.000000	5					
compile	sh1-256			plain	same program	pcrec_c4c70f2c_vm-caps-simdna				jitter	0.005						
compile	sh1-256			plain	same program	pcrec_c4c70f2c_vm-caps-simdna				artifact_bytes	52624						
compile	sh1-256			plain	same program	pcrec_c4c70f2c_vm-caps-simdna				emit_bytes	132898						
compile	sh1-256			plain	same program	pcrec_c4c70f2c_vm-caps-simdna				emit_code_bytes	132898						
compile	sh1-256			whole-subject	separate artifact	pcrec_c4c70f2c_vm-caps-simdna				median_total_ns	772784152.000000	5					
compile	sh1-256			whole-subject	separate artifact	pcrec_c4c70f2c_vm-caps-simdna				jitter	0.010						
compile	sh1-256			whole-subject	separate artifact	pcrec_c4c70f2c_vm-caps-simdna				artifact_bytes	56720						
compile	sh1-256			whole-subject	separate artifact	pcrec_c4c70f2c_vm-caps-simdna				emit_bytes	133129						
compile	sh1-256			whole-subject	separate artifact	pcrec_c4c70f2c_vm-caps-simdna				emit_code_bytes	133129						
compile	sh1-512			plain	same program	pcrec_c4c70f2c_vm-caps-simdna				median_total_ns	1423515620.000000	5					
compile	sh1-512			plain	same program	pcrec_c4c70f2c_vm-caps-simdna				jitter	0.002						
compile	sh1-512			plain	same program	pcrec_c4c70f2c_vm-caps-simdna				artifact_bytes	64912						
compile	sh1-512			plain	same program	pcrec_c4c70f2c_vm-caps-simdna				emit_bytes	249664						
compile	sh1-512			plain	same program	pcrec_c4c70f2c_vm-caps-simdna				emit_code_bytes	249664						
compile	sh1-512			whole-subject	separate artifact	pcrec_c4c70f2c_vm-caps-simdna				median_total_ns	1441135925.000000	5					
compile	sh1-512			whole-subject	separate artifact	pcrec_c4c70f2c_vm-caps-simdna				jitter	0.006						
compile	sh1-512			whole-subject	separate artifact	pcrec_c4c70f2c_vm-caps-simdna				artifact_bytes	64912						
compile	sh1-512			whole-subject	separate artifact	pcrec_c4c70f2c_vm-caps-simdna				emit_bytes	249897						
compile	sh1-512			whole-subject	separate artifact	pcrec_c4c70f2c_vm-caps-simdna				emit_code_bytes	249897						
compile	sh1-64			plain	same program	pcrec_c4c70f2c_vm-caps-simdna				median_total_ns	302320711.000000	5					
compile	sh1-64			plain	same program	pcrec_c4c70f2c_vm-caps-simdna				jitter	0.036						
compile	sh1-64			plain	same program	pcrec_c4c70f2c_vm-caps-simdna				artifact_bytes	36240						
compile	sh1-64			plain	same program	pcrec_c4c70f2c_vm-caps-simdna				emit_bytes	50121						
compile	sh1-64			plain	same program	pcrec_c4c70f2c_vm-caps-simdna				emit_code_bytes	50121						
compile	sh1-64			whole-subject	separate artifact	pcrec_c4c70f2c_vm-caps-simdna				median_total_ns	315462921.000000	5					
compile	sh1-64			whole-subject	separate artifact	pcrec_c4c70f2c_vm-caps-simdna				jitter	0.021						
compile	sh1-64			whole-subject	separate artifact	pcrec_c4c70f2c_vm-caps-simdna				artifact_bytes	36240						
compile	sh1-64			whole-subject	separate artifact	pcrec_c4c70f2c_vm-caps-simdna				emit_bytes	50352						
compile	sh1-64			whole-subject	separate artifact	pcrec_c4c70f2c_vm-caps-simdna				emit_code_bytes	50352						
compile	srt-256			plain	same program	pcrec_c4c70f2c_vm-caps-simdna				median_total_ns	748900724.000000	5					
compile	srt-256			plain	same program	pcrec_c4c70f2c_vm-caps-simdna				jitter	0.015						
compile	srt-256			plain	same program	pcrec_c4c70f2c_vm-caps-simdna				artifact_bytes	52576						
compile	srt-256			plain	same program	pcrec_c4c70f2c_vm-caps-simdna				emit_bytes	132537						
compile	srt-256			plain	same program	pcrec_c4c70f2c_vm-caps-simdna				emit_code_bytes	132537						
compile	srt-256			whole-subject	separate artifact	pcrec_c4c70f2c_vm-caps-simdna				median_total_ns	764492427.000000	5					
compile	srt-256			whole-subject	separate artifact	pcrec_c4c70f2c_vm-caps-simdna				jitter	0.008						
compile	srt-256			whole-subject	separate artifact	pcrec_c4c70f2c_vm-caps-simdna				artifact_bytes	56672						
compile	srt-256			whole-subject	separate artifact	pcrec_c4c70f2c_vm-caps-simdna				emit_bytes	132768						
compile	srt-256			whole-subject	separate artifact	pcrec_c4c70f2c_vm-caps-simdna				emit_code_bytes	132768						
compile	srt-512			plain	same program	pcrec_c4c70f2c_vm-caps-simdna				median_total_ns	1370956583.000000	5					
compile	srt-512			plain	same program	pcrec_c4c70f2c_vm-caps-simdna				jitter	0.005						
compile	srt-512			plain	same program	pcrec_c4c70f2c_vm-caps-simdna				artifact_bytes	68960						
compile	srt-512			plain	same program	pcrec_c4c70f2c_vm-caps-simdna				emit_bytes	247743						
compile	srt-512			plain	same program	pcrec_c4c70f2c_vm-caps-simdna				emit_code_bytes	247743						
compile	srt-512			whole-subject	separate artifact	pcrec_c4c70f2c_vm-caps-simdna				median_total_ns	1394938369.000000	5					
compile	srt-512			whole-subject	separate artifact	pcrec_c4c70f2c_vm-caps-simdna				jitter	0.008						
compile	srt-512			whole-subject	separate artifact	pcrec_c4c70f2c_vm-caps-simdna				artifact_bytes	68960						
compile	srt-512			whole-subject	separate artifact	pcrec_c4c70f2c_vm-caps-simdna				emit_bytes	247976						
compile	srt-512			whole-subject	separate artifact	pcrec_c4c70f2c_vm-caps-simdna				emit_code_bytes	247976						
compile	w-1024			plain	same program	pcrec_c4c70f2c_vm-caps-simdna				median_total_ns	3830489651.000000	5					
compile	w-1024			plain	same program	pcrec_c4c70f2c_vm-caps-simdna				jitter	0.002						
compile	w-1024			plain	same program	pcrec_c4c70f2c_vm-caps-simdna				artifact_bytes	105824						
compile	w-1024			plain	same program	pcrec_c4c70f2c_vm-caps-simdna				emit_bytes	488070						
compile	w-1024			plain	same program	pcrec_c4c70f2c_vm-caps-simdna				emit_code_bytes	488070						
compile	w-1024			plain	same program	pcrec_c4c70f2c_vm-caps-simdna				warned_emit_bytes	488070						
compile	w-1024			whole-subject	separate artifact	pcrec_c4c70f2c_vm-caps-simdna				median_total_ns	3866984744.000000	5					
compile	w-1024			whole-subject	separate artifact	pcrec_c4c70f2c_vm-caps-simdna				jitter	0.004						
compile	w-1024			whole-subject	separate artifact	pcrec_c4c70f2c_vm-caps-simdna				artifact_bytes	105824						
compile	w-1024			whole-subject	separate artifact	pcrec_c4c70f2c_vm-caps-simdna				emit_bytes	488303						
compile	w-1024			whole-subject	separate artifact	pcrec_c4c70f2c_vm-caps-simdna				emit_code_bytes	488303						
compile	w-1024			whole-subject	separate artifact	pcrec_c4c70f2c_vm-caps-simdna				warned_emit_bytes	488303						
compile	w-128			plain	same program	pcrec_c4c70f2c_vm-caps-simdna				median_total_ns	438109208.000000	5					
compile	w-128			plain	same program	pcrec_c4c70f2c_vm-caps-simdna				jitter	0.011						
compile	w-128			plain	same program	pcrec_c4c70f2c_vm-caps-simdna				artifact_bytes	40288						
compile	w-128			plain	same program	pcrec_c4c70f2c_vm-caps-simdna				emit_bytes	77201						
compile	w-128			plain	same program	pcrec_c4c70f2c_vm-caps-simdna				emit_code_bytes	77201						
compile	w-128			whole-subject	separate artifact	pcrec_c4c70f2c_vm-caps-simdna				median_total_ns	443998927.000000	5					
compile	w-128			whole-subject	separate artifact	pcrec_c4c70f2c_vm-caps-simdna				jitter	0.010						
compile	w-128			whole-subject	separate artifact	pcrec_c4c70f2c_vm-caps-simdna				artifact_bytes	40288						
compile	w-128			whole-subject	separate artifact	pcrec_c4c70f2c_vm-caps-simdna				emit_bytes	77432						
compile	w-128			whole-subject	separate artifact	pcrec_c4c70f2c_vm-caps-simdna				emit_code_bytes	77432						
compile	w-192			plain	same program	pcrec_c4c70f2c_vm-caps-simdna				median_total_ns	590087030.000000	5					
compile	w-192			plain	same program	pcrec_c4c70f2c_vm-caps-simdna				jitter	0.009						
compile	w-192			plain	same program	pcrec_c4c70f2c_vm-caps-simdna				artifact_bytes	48480						
compile	w-192			plain	same program	pcrec_c4c70f2c_vm-caps-simdna				emit_bytes	104670						
compile	w-192			plain	same program	pcrec_c4c70f2c_vm-caps-simdna				emit_code_bytes	104670						
compile	w-192			whole-subject	separate artifact	pcrec_c4c70f2c_vm-caps-simdna				median_total_ns	597769239.000000	5					
compile	w-192			whole-subject	separate artifact	pcrec_c4c70f2c_vm-caps-simdna				jitter	0.007						
compile	w-192			whole-subject	separate artifact	pcrec_c4c70f2c_vm-caps-simdna				artifact_bytes	48480						
compile	w-192			whole-subject	separate artifact	pcrec_c4c70f2c_vm-caps-simdna				emit_bytes	104901						
compile	w-192			whole-subject	separate artifact	pcrec_c4c70f2c_vm-caps-simdna				emit_code_bytes	104901						
compile	w-2048			plain	same program	pcrec_c4c70f2c_vm-caps-simdna				median_total_ns		1					
compile	w-2048			whole-subject	separate artifact	pcrec_c4c70f2c_vm-caps-simdna				median_total_ns		1					
compile	w-256			plain	same program	pcrec_c4c70f2c_vm-caps-simdna				median_total_ns	750055563.000000	5					
compile	w-256			plain	same program	pcrec_c4c70f2c_vm-caps-simdna				jitter	0.008						
compile	w-256			plain	same program	pcrec_c4c70f2c_vm-caps-simdna				artifact_bytes	56672						
compile	w-256			plain	same program	pcrec_c4c70f2c_vm-caps-simdna				emit_bytes	132537						
compile	w-256			plain	same program	pcrec_c4c70f2c_vm-caps-simdna				emit_code_bytes	132537						
compile	w-256			whole-subject	separate artifact	pcrec_c4c70f2c_vm-caps-simdna				median_total_ns	763673904.000000	5					
compile	w-256			whole-subject	separate artifact	pcrec_c4c70f2c_vm-caps-simdna				jitter	0.007						
compile	w-256			whole-subject	separate artifact	pcrec_c4c70f2c_vm-caps-simdna				artifact_bytes	56672						
compile	w-256			whole-subject	separate artifact	pcrec_c4c70f2c_vm-caps-simdna				emit_bytes	132768						
compile	w-256			whole-subject	separate artifact	pcrec_c4c70f2c_vm-caps-simdna				emit_code_bytes	132768						
compile	w-384			plain	same program	pcrec_c4c70f2c_vm-caps-simdna				median_total_ns	999959358.000000	5					
compile	w-384			plain	same program	pcrec_c4c70f2c_vm-caps-simdna				jitter	0.008						
compile	w-384			plain	same program	pcrec_c4c70f2c_vm-caps-simdna				artifact_bytes	60768						
compile	w-384			plain	same program	pcrec_c4c70f2c_vm-caps-simdna				emit_bytes	190430						
compile	w-384			plain	same program	pcrec_c4c70f2c_vm-caps-simdna				emit_code_bytes	190430						
compile	w-384			whole-subject	separate artifact	pcrec_c4c70f2c_vm-caps-simdna				median_total_ns	1012430195.000000	5					
compile	w-384			whole-subject	separate artifact	pcrec_c4c70f2c_vm-caps-simdna				jitter	0.009						
compile	w-384			whole-subject	separate artifact	pcrec_c4c70f2c_vm-caps-simdna				artifact_bytes	60768						
compile	w-384			whole-subject	separate artifact	pcrec_c4c70f2c_vm-caps-simdna				emit_bytes	190663						
compile	w-384			whole-subject	separate artifact	pcrec_c4c70f2c_vm-caps-simdna				emit_code_bytes	190663						
compile	w-512			plain	same program	pcrec_c4c70f2c_vm-caps-simdna				median_total_ns	1395076501.000000	5					
compile	w-512			plain	same program	pcrec_c4c70f2c_vm-caps-simdna				jitter	0.011						
compile	w-512			plain	same program	pcrec_c4c70f2c_vm-caps-simdna				artifact_bytes	68960						
compile	w-512			plain	same program	pcrec_c4c70f2c_vm-caps-simdna				emit_bytes	247742						
compile	w-512			plain	same program	pcrec_c4c70f2c_vm-caps-simdna				emit_code_bytes	247742						
compile	w-512			whole-subject	separate artifact	pcrec_c4c70f2c_vm-caps-simdna				median_total_ns	1411386595.000000	5					
compile	w-512			whole-subject	separate artifact	pcrec_c4c70f2c_vm-caps-simdna				jitter	0.004						
compile	w-512			whole-subject	separate artifact	pcrec_c4c70f2c_vm-caps-simdna				artifact_bytes	68960						
compile	w-512			whole-subject	separate artifact	pcrec_c4c70f2c_vm-caps-simdna				emit_bytes	247975						
compile	w-512			whole-subject	separate artifact	pcrec_c4c70f2c_vm-caps-simdna				emit_code_bytes	247975						
compile	w-64			plain	same program	pcrec_c4c70f2c_vm-caps-simdna				median_total_ns	299418728.000000	5					
compile	w-64			plain	same program	pcrec_c4c70f2c_vm-caps-simdna				jitter	0.014						
compile	w-64			plain	same program	pcrec_c4c70f2c_vm-caps-simdna				artifact_bytes	36192						
compile	w-64			plain	same program	pcrec_c4c70f2c_vm-caps-simdna				emit_bytes	49998						
compile	w-64			plain	same program	pcrec_c4c70f2c_vm-caps-simdna				emit_code_bytes	49998						
compile	w-64			whole-subject	separate artifact	pcrec_c4c70f2c_vm-caps-simdna				median_total_ns	304901487.000000	5					
compile	w-64			whole-subject	separate artifact	pcrec_c4c70f2c_vm-caps-simdna				jitter	0.027						
compile	w-64			whole-subject	separate artifact	pcrec_c4c70f2c_vm-caps-simdna				artifact_bytes	36192						
compile	w-64			whole-subject	separate artifact	pcrec_c4c70f2c_vm-caps-simdna				emit_bytes	50229						
compile	w-64			whole-subject	separate artifact	pcrec_c4c70f2c_vm-caps-simdna				emit_code_bytes	50229						
compile	w-8			plain	same program	pcrec_c4c70f2c_vm-caps-simdna				median_total_ns	181177735.000000	5					
compile	w-8			plain	same program	pcrec_c4c70f2c_vm-caps-simdna				jitter	0.046						
compile	w-8			plain	same program	pcrec_c4c70f2c_vm-caps-simdna				artifact_bytes	28000						
compile	w-8			plain	same program	pcrec_c4c70f2c_vm-caps-simdna				emit_bytes	23723						
compile	w-8			plain	same program	pcrec_c4c70f2c_vm-caps-simdna				emit_code_bytes	23723						
compile	w-8			whole-subject	separate artifact	pcrec_c4c70f2c_vm-caps-simdna				median_total_ns	182102078.000000	5					
compile	w-8			whole-subject	separate artifact	pcrec_c4c70f2c_vm-caps-simdna				jitter	0.028						
compile	w-8			whole-subject	separate artifact	pcrec_c4c70f2c_vm-caps-simdna				artifact_bytes	28000						
compile	w-8			whole-subject	separate artifact	pcrec_c4c70f2c_vm-caps-simdna				emit_bytes	23952						
compile	w-8			whole-subject	separate artifact	pcrec_c4c70f2c_vm-caps-simdna				emit_code_bytes	23952						
compile	w-96			plain	same program	pcrec_c4c70f2c_vm-caps-simdna				median_total_ns	374993196.000000	5					
compile	w-96			plain	same program	pcrec_c4c70f2c_vm-caps-simdna				jitter	0.006						
compile	w-96			plain	same program	pcrec_c4c70f2c_vm-caps-simdna				artifact_bytes	36192						
compile	w-96			plain	same program	pcrec_c4c70f2c_vm-caps-simdna				emit_bytes	63809						
compile	w-96			plain	same program	pcrec_c4c70f2c_vm-caps-simdna				emit_code_bytes	63809						
compile	w-96			whole-subject	separate artifact	pcrec_c4c70f2c_vm-caps-simdna				median_total_ns	378450214.000000	5					
compile	w-96			whole-subject	separate artifact	pcrec_c4c70f2c_vm-caps-simdna				jitter	0.017						
compile	w-96			whole-subject	separate artifact	pcrec_c4c70f2c_vm-caps-simdna				artifact_bytes	40288						
compile	w-96			whole-subject	separate artifact	pcrec_c4c70f2c_vm-caps-simdna				emit_bytes	64040						
compile	w-96			whole-subject	separate artifact	pcrec_c4c70f2c_vm-caps-simdna				emit_code_bytes	64040						
compile	wb-256			plain	same program	pcrec_c4c70f2c_vm-caps-simdna				median_total_ns	832831438.000000	5					
compile	wb-256			plain	same program	pcrec_c4c70f2c_vm-caps-simdna				jitter	0.007						
compile	wb-256			plain	same program	pcrec_c4c70f2c_vm-caps-simdna				artifact_bytes	56712						
compile	wb-256			plain	same program	pcrec_c4c70f2c_vm-caps-simdna				emit_bytes	133421						
compile	wb-256			plain	same program	pcrec_c4c70f2c_vm-caps-simdna				emit_code_bytes	133190						
compile	wb-256			whole-subject	separate artifact	pcrec_c4c70f2c_vm-caps-simdna				median_total_ns	834036995.000000	5					
compile	wb-256			whole-subject	separate artifact	pcrec_c4c70f2c_vm-caps-simdna				jitter	0.006						
compile	wb-256			whole-subject	separate artifact	pcrec_c4c70f2c_vm-caps-simdna				artifact_bytes	56712						
compile	wb-256			whole-subject	separate artifact	pcrec_c4c70f2c_vm-caps-simdna				emit_bytes	133652						
compile	wb-256			whole-subject	separate artifact	pcrec_c4c70f2c_vm-caps-simdna				emit_code_bytes	133421						
compile	wb-512			plain	same program	pcrec_c4c70f2c_vm-caps-simdna				median_total_ns	1545396433.000000	5					
compile	wb-512			plain	same program	pcrec_c4c70f2c_vm-caps-simdna				jitter	0.003						
compile	wb-512			plain	same program	pcrec_c4c70f2c_vm-caps-simdna				artifact_bytes	64904						
compile	wb-512			plain	same program	pcrec_c4c70f2c_vm-caps-simdna				emit_bytes	248630						
compile	wb-512			plain	same program	pcrec_c4c70f2c_vm-caps-simdna				emit_code_bytes	248399						
compile	wb-512			whole-subject	separate artifact	pcrec_c4c70f2c_vm-caps-simdna				median_total_ns	1538824197.000000	5					
compile	wb-512			whole-subject	separate artifact	pcrec_c4c70f2c_vm-caps-simdna				jitter	0.002						
compile	wb-512			whole-subject	separate artifact	pcrec_c4c70f2c_vm-caps-simdna				artifact_bytes	64904						
compile	wb-512			whole-subject	separate artifact	pcrec_c4c70f2c_vm-caps-simdna				emit_bytes	248863						
compile	wb-512			whole-subject	separate artifact	pcrec_c4c70f2c_vm-caps-simdna				emit_code_bytes	248632						
compile	ci-256			plain	same program	rust_1.13.1_default-caps-simdna				median_total_ns	2125882.000000	5					
compile	ci-256			plain	same program	rust_1.13.1_default-caps-simdna				jitter	0.188						
compile_stamp						rust_1.13.1_default-caps-simdna				engine	-						
compile_stamp						rust_1.13.1_default-caps-simdna				entry	plain entry						
compile_stamp						rust_1.13.1_default-caps-simdna				prefilter	-						
compile_stamp						rust_1.13.1_default-caps-simdna				vm_rungs	-						
compile_stamp						rust_1.13.1_default-caps-simdna				buffers	n/s						
compile_stamp						rust_1.13.1_default-caps-simdna				frame	n/s						
compile	ci-256			whole-subject	separate artifact	rust_1.13.1_default-caps-simdna				median_total_ns	2457843.000000	5					
compile	ci-256			whole-subject	separate artifact	rust_1.13.1_default-caps-simdna				jitter	0.208						
compile	ci-512			plain	same program	rust_1.13.1_default-caps-simdna				median_total_ns	3800190.000000	5					
compile	ci-512			plain	same program	rust_1.13.1_default-caps-simdna				jitter	1.091						
compile	ci-512			whole-subject	separate artifact	rust_1.13.1_default-caps-simdna				median_total_ns	3627879.000000	5					
compile	ci-512			whole-subject	separate artifact	rust_1.13.1_default-caps-simdna				jitter	1.047						
compile	clsa-1024			plain	same program	rust_1.13.1_default-caps-simdna				median_total_ns	3530328.000000	5					
compile	clsa-1024			plain	same program	rust_1.13.1_default-caps-simdna				jitter	1.068						
compile	clsa-1024			whole-subject	separate artifact	rust_1.13.1_default-caps-simdna				median_total_ns	3572009.000000	5					
compile	clsa-1024			whole-subject	separate artifact	rust_1.13.1_default-caps-simdna				jitter	1.040						
compile	clsa-256			plain	same program	rust_1.13.1_default-caps-simdna				median_total_ns	1263016.000000	5					
compile	clsa-256			plain	same program	rust_1.13.1_default-caps-simdna				jitter	0.228						
compile	clsa-256			whole-subject	separate artifact	rust_1.13.1_default-caps-simdna				median_total_ns	1098946.000000	5					
compile	clsa-256			whole-subject	separate artifact	rust_1.13.1_default-caps-simdna				jitter	0.256						
compile	clsa-64			plain	same program	rust_1.13.1_default-caps-simdna				median_total_ns	560363.000000	5					
compile	clsa-64			plain	same program	rust_1.13.1_default-caps-simdna				jitter	0.321						
compile	clsa-64			whole-subject	separate artifact	rust_1.13.1_default-caps-simdna				median_total_ns	625474.000000	5					
compile	clsa-64			whole-subject	separate artifact	rust_1.13.1_default-caps-simdna				jitter	0.415						
compile	clsd-1024			plain	same program	rust_1.13.1_default-caps-simdna				median_total_ns	4848825.000000	5					
compile	clsd-1024			plain	same program	rust_1.13.1_default-caps-simdna				jitter	0.241						
compile	clsd-1024			whole-subject	separate artifact	rust_1.13.1_default-caps-simdna				median_total_ns	3373657.000000	5					
compile	clsd-1024			whole-subject	separate artifact	rust_1.13.1_default-caps-simdna				jitter	1.111						
compile	clsd-256			plain	same program	rust_1.13.1_default-caps-simdna				median_total_ns	1590219.000000	5					
compile	clsd-256			plain	same program	rust_1.13.1_default-caps-simdna				jitter	0.178						
compile	clsd-256			whole-subject	separate artifact	rust_1.13.1_default-caps-simdna				median_total_ns	887425.000000	5					
compile	clsd-256			whole-subject	separate artifact	rust_1.13.1_default-caps-simdna				jitter	0.262						
compile	clsd-64			plain	same program	rust_1.13.1_default-caps-simdna				median_total_ns	1631878.000000	5					
compile	clsd-64			plain	same program	rust_1.13.1_default-caps-simdna				jitter	0.205						
compile	clsd-64			whole-subject	separate artifact	rust_1.13.1_default-caps-simdna				median_total_ns	245731.000000	5					
compile	clsd-64			whole-subject	separate artifact	rust_1.13.1_default-caps-simdna				jitter	0.516						
compile	cnt-64			plain	same program	rust_1.13.1_default-caps-simdna				median_total_ns	2054530.000000	5					
compile	cnt-64			plain	same program	rust_1.13.1_default-caps-simdna				jitter	0.210						
compile	cnt-64			whole-subject	separate artifact	rust_1.13.1_default-caps-simdna				median_total_ns	715064.000000	5					
compile	cnt-64			whole-subject	separate artifact	rust_1.13.1_default-caps-simdna				jitter	0.285						
compile	floor			plain	same program	rust_1.13.1_default-caps-simdna				median_total_ns	10710.000000	5					
compile	floor			plain	same program	rust_1.13.1_default-caps-simdna				jitter	timer-floor						
compile	floor			whole-subject	separate artifact	rust_1.13.1_default-caps-simdna				median_total_ns	11780.000000	5					
compile	floor			whole-subject	separate artifact	rust_1.13.1_default-caps-simdna				jitter	timer-floor						
compile	nar4-256			plain	same program	rust_1.13.1_default-caps-simdna				median_total_ns	1457308.000000	5					
compile	nar4-256			plain	same program	rust_1.13.1_default-caps-simdna				jitter	0.220						
compile	nar4-256			whole-subject	separate artifact	rust_1.13.1_default-caps-simdna				median_total_ns	2811805.000000	5					
compile	nar4-256			whole-subject	separate artifact	rust_1.13.1_default-caps-simdna				jitter	0.214						
compile	nar4-512			plain	same program	rust_1.13.1_default-caps-simdna				median_total_ns	5388388.000000	5					
compile	nar4-512			plain	same program	rust_1.13.1_default-caps-simdna				jitter	0.376						
compile	nar4-512			whole-subject	separate artifact	rust_1.13.1_default-caps-simdna				median_total_ns	4744595.000000	5					
compile	nar4-512			whole-subject	separate artifact	rust_1.13.1_default-caps-simdna				jitter	0.390						
compile	nar4-64			plain	same program	rust_1.13.1_default-caps-simdna				median_total_ns	505632.000000	5					
compile	nar4-64			plain	same program	rust_1.13.1_default-caps-simdna				jitter	0.295						
compile	nar4-64			whole-subject	separate artifact	rust_1.13.1_default-caps-simdna				median_total_ns	736754.000000	5					
compile	nar4-64			whole-subject	separate artifact	rust_1.13.1_default-caps-simdna				jitter	0.376						
compile	pfx3-256			plain	same program	rust_1.13.1_default-caps-simdna				median_total_ns	2885086.000000	5					
compile	pfx3-256			plain	same program	rust_1.13.1_default-caps-simdna				jitter	0.196						
compile	pfx3-256			whole-subject	separate artifact	rust_1.13.1_default-caps-simdna				median_total_ns	2648134.000000	5					
compile	pfx3-256			whole-subject	separate artifact	rust_1.13.1_default-caps-simdna				jitter	0.206						
compile	pfx3-512			plain	same program	rust_1.13.1_default-caps-simdna				median_total_ns	2820975.000000	5					
compile	pfx3-512			plain	same program	rust_1.13.1_default-caps-simdna				jitter	0.185						
compile	pfx3-512			whole-subject	separate artifact	rust_1.13.1_default-caps-simdna				median_total_ns	2681144.000000	5					
compile	pfx3-512			whole-subject	separate artifact	rust_1.13.1_default-caps-simdna				jitter	0.198						
compile	s-2048			plain	same program	rust_1.13.1_default-caps-simdna				median_total_ns	5724740.000000	5					
compile	s-2048			plain	same program	rust_1.13.1_default-caps-simdna				jitter	0.255						
compile	s-2048			whole-subject	separate artifact	rust_1.13.1_default-caps-simdna				median_total_ns	5077377.000000	5					
compile	s-2048			whole-subject	separate artifact	rust_1.13.1_default-caps-simdna				jitter	0.213						
compile	s-256			plain	same program	rust_1.13.1_default-caps-simdna				median_total_ns	1149416.000000	5					
compile	s-256			plain	same program	rust_1.13.1_default-caps-simdna				jitter	0.184						
compile	s-256			whole-subject	separate artifact	rust_1.13.1_default-caps-simdna				median_total_ns	697303.000000	5					
compile	s-256			whole-subject	separate artifact	rust_1.13.1_default-caps-simdna				jitter	0.257						
compile	s-4096			plain	same program	rust_1.13.1_default-caps-simdna				median_total_ns	8208313.000000	5					
compile	s-4096			plain	same program	rust_1.13.1_default-caps-simdna				jitter	0.156						
compile	s-4096			whole-subject	separate artifact	rust_1.13.1_default-caps-simdna				median_total_ns	9535460.000000	5					
compile	s-4096			whole-subject	separate artifact	rust_1.13.1_default-caps-simdna				jitter	0.292						
compile	s-512			plain	same program	rust_1.13.1_default-caps-simdna				median_total_ns	1570148.000000	5					
compile	s-512			plain	same program	rust_1.13.1_default-caps-simdna				jitter	0.189						
compile	s-512			whole-subject	separate artifact	rust_1.13.1_default-caps-simdna				median_total_ns	3325638.000000	5					
compile	s-512			whole-subject	separate artifact	rust_1.13.1_default-caps-simdna				jitter	0.220						
compile	sfx-256			plain	same program	rust_1.13.1_default-caps-simdna				median_total_ns	3217837.000000	5					
compile	sfx-256			plain	same program	rust_1.13.1_default-caps-simdna				jitter	0.324						
compile	sfx-256			whole-subject	separate artifact	rust_1.13.1_default-caps-simdna				median_total_ns	2750815.000000	5					
compile	sfx-256			whole-subject	separate artifact	rust_1.13.1_default-caps-simdna				jitter	0.183						
compile	sfx-512			plain	same program	rust_1.13.1_default-caps-simdna				median_total_ns	3636589.000000	5					
compile	sfx-512			plain	same program	rust_1.13.1_default-caps-simdna				jitter	0.595						
compile	sfx-512			whole-subject	separate artifact	rust_1.13.1_default-caps-simdna				median_total_ns	1996711.000000	5					
compile	sfx-512			whole-subject	separate artifact	rust_1.13.1_default-caps-simdna				jitter	0.233						
compile	sfx-64			plain	same program	rust_1.13.1_default-caps-simdna				median_total_ns	532252.000000	5					
compile	sfx-64			plain	same program	rust_1.13.1_default-caps-simdna				jitter	0.298						
compile	sfx-64			whole-subject	separate artifact	rust_1.13.1_default-caps-simdna				median_total_ns	320012.000000	5					
compile	sfx-64			whole-subject	separate artifact	rust_1.13.1_default-caps-simdna				jitter	0.394						
compile	sh1-256			plain	same program	rust_1.13.1_default-caps-simdna				median_total_ns	1177196.000000	5					
compile	sh1-256			plain	same program	rust_1.13.1_default-caps-simdna				jitter	0.227						
compile	sh1-256			whole-subject	separate artifact	rust_1.13.1_default-caps-simdna				median_total_ns	2673744.000000	5					
compile	sh1-256			whole-subject	separate artifact	rust_1.13.1_default-caps-simdna				jitter	0.207						
compile	sh1-512			plain	same program	rust_1.13.1_default-caps-simdna				median_total_ns	2808585.000000	5					
compile	sh1-512			plain	same program	rust_1.13.1_default-caps-simdna				jitter	0.162						
compile	sh1-512			whole-subject	separate artifact	rust_1.13.1_default-caps-simdna				median_total_ns	2035991.000000	5					
compile	sh1-512			whole-subject	separate artifact	rust_1.13.1_default-caps-simdna				jitter	0.198						
compile	sh1-64			plain	same program	rust_1.13.1_default-caps-simdna				median_total_ns	322222.000000	5					
compile	sh1-64			plain	same program	rust_1.13.1_default-caps-simdna				jitter	0.410						
compile	sh1-64			whole-subject	separate artifact	rust_1.13.1_default-caps-simdna				median_total_ns	349792.000000	5					
compile	sh1-64			whole-subject	separate artifact	rust_1.13.1_default-caps-simdna				jitter	0.424						
compile	srt-256			plain	same program	rust_1.13.1_default-caps-simdna				median_total_ns	2901755.000000	5					
compile	srt-256			plain	same program	rust_1.13.1_default-caps-simdna				jitter	0.179						
compile	srt-256			whole-subject	separate artifact	rust_1.13.1_default-caps-simdna				median_total_ns	1258046.000000	5					
compile	srt-256			whole-subject	separate artifact	rust_1.13.1_default-caps-simdna				jitter	0.229						
compile	srt-512			plain	same program	rust_1.13.1_default-caps-simdna				median_total_ns	2948526.000000	5					
compile	srt-512			plain	same program	rust_1.13.1_default-caps-simdna				jitter	0.785						
compile	srt-512			whole-subject	separate artifact	rust_1.13.1_default-caps-simdna				median_total_ns	4987116.000000	5					
compile	srt-512			whole-subject	separate artifact	rust_1.13.1_default-caps-simdna				jitter	0.368						
compile	w-1024			plain	same program	rust_1.13.1_default-caps-simdna				median_total_ns	4231972.000000	5					
compile	w-1024			plain	same program	rust_1.13.1_default-caps-simdna				jitter	1.056						
compile	w-1024			whole-subject	separate artifact	rust_1.13.1_default-caps-simdna				median_total_ns	3710370.000000	5					
compile	w-1024			whole-subject	separate artifact	rust_1.13.1_default-caps-simdna				jitter	0.212						
compile	w-128			plain	same program	rust_1.13.1_default-caps-simdna				median_total_ns	2465073.000000	5					
compile	w-128			plain	same program	rust_1.13.1_default-caps-simdna				jitter	0.160						
compile	w-128			whole-subject	separate artifact	rust_1.13.1_default-caps-simdna				median_total_ns	523253.000000	5					
compile	w-128			whole-subject	separate artifact	rust_1.13.1_default-caps-simdna				jitter	0.287						
compile	w-192			plain	same program	rust_1.13.1_default-caps-simdna				median_total_ns	1426898.000000	5					
compile	w-192			plain	same program	rust_1.13.1_default-caps-simdna				jitter	0.145						
compile	w-192			whole-subject	separate artifact	rust_1.13.1_default-caps-simdna				median_total_ns	937495.000000	5					
compile	w-192			whole-subject	separate artifact	rust_1.13.1_default-caps-simdna				jitter	0.249						
compile	w-2048			plain	same program	rust_1.13.1_default-caps-simdna				median_total_ns	8654255.000000	5					
compile	w-2048			plain	same program	rust_1.13.1_default-caps-simdna				jitter	0.235						
compile	w-2048			whole-subject	separate artifact	rust_1.13.1_default-caps-simdna				median_total_ns	8641416.000000	5					
compile	w-2048			whole-subject	separate artifact	rust_1.13.1_default-caps-simdna				jitter	0.140						
compile	w-256			plain	same program	rust_1.13.1_default-caps-simdna				median_total_ns	2955906.000000	5					
compile	w-256			plain	same program	rust_1.13.1_default-caps-simdna				jitter	0.203						
compile	w-256			whole-subject	separate artifact	rust_1.13.1_default-caps-simdna				median_total_ns	2619853.000000	5					
compile	w-256			whole-subject	separate artifact	rust_1.13.1_default-caps-simdna				jitter	0.200						
compile	w-384			plain	same program	rust_1.13.1_default-caps-simdna				median_total_ns	1655059.000000	5					
compile	w-384			plain	same program	rust_1.13.1_default-caps-simdna				jitter	0.217						
compile	w-384			whole-subject	separate artifact	rust_1.13.1_default-caps-simdna				median_total_ns	3931450.000000	5					
compile	w-384			whole-subject	separate artifact	rust_1.13.1_default-caps-simdna				jitter	0.356						
compile	w-512			plain	same program	rust_1.13.1_default-caps-simdna				median_total_ns	2262112.000000	5					
compile	w-512			plain	same program	rust_1.13.1_default-caps-simdna				jitter	0.177						
compile	w-512			whole-subject	separate artifact	rust_1.13.1_default-caps-simdna				median_total_ns	2085710.000000	5					
compile	w-512			whole-subject	separate artifact	rust_1.13.1_default-caps-simdna				jitter	0.188						
compile	w-64			plain	same program	rust_1.13.1_default-caps-simdna				median_total_ns	1281617.000000	5					
compile	w-64			plain	same program	rust_1.13.1_default-caps-simdna				jitter	0.239						
compile	w-64			whole-subject	separate artifact	rust_1.13.1_default-caps-simdna				median_total_ns	677274.000000	5					
compile	w-64			whole-subject	separate artifact	rust_1.13.1_default-caps-simdna				jitter	0.415						
compile	w-8			plain	same program	rust_1.13.1_default-caps-simdna				median_total_ns	68340.000000	5					
compile	w-8			plain	same program	rust_1.13.1_default-caps-simdna				jitter	1.592						
compile	w-8			whole-subject	separate artifact	rust_1.13.1_default-caps-simdna				median_total_ns	132191.000000	5					
compile	w-8			whole-subject	separate artifact	rust_1.13.1_default-caps-simdna				jitter	1.609						
compile	w-96			plain	same program	rust_1.13.1_default-caps-simdna				median_total_ns	748814.000000	5					
compile	w-96			plain	same program	rust_1.13.1_default-caps-simdna				jitter	0.196						
compile	w-96			whole-subject	separate artifact	rust_1.13.1_default-caps-simdna				median_total_ns	1057206.000000	5					
compile	w-96			whole-subject	separate artifact	rust_1.13.1_default-caps-simdna				jitter	0.319						
compile	wb-256			plain	same program	rust_1.13.1_default-caps-simdna				median_total_ns	1759989.000000	5					
compile	wb-256			plain	same program	rust_1.13.1_default-caps-simdna				jitter	0.164						
compile	wb-256			whole-subject	separate artifact	rust_1.13.1_default-caps-simdna				median_total_ns	4089221.000000	5					
compile	wb-256			whole-subject	separate artifact	rust_1.13.1_default-caps-simdna				jitter	0.319						
compile	wb-512			plain	same program	rust_1.13.1_default-caps-simdna				median_total_ns	2938995.000000	5					
compile	wb-512			plain	same program	rust_1.13.1_default-caps-simdna				jitter	1.137						
compile	wb-512			whole-subject	separate artifact	rust_1.13.1_default-caps-simdna				median_total_ns	2410113.000000	5					
compile	wb-512			whole-subject	separate artifact	rust_1.13.1_default-caps-simdna				jitter	0.373						
