# reporter: v12 (2026-09-02); filters: subbench=loglines, version=0.1, until=2026-08-30T11:00:00Z; source: store/index.tsv (13 record(s) matching this query); records: 10; excluded_invalid: 0; superseded: 3; newer_not_measured: 0; subbench_versions: loglines@0.1; machines: budu-ryzen1600; schema_versions: 1.3; grain: set; single_subject_regimes: ; include_unmeasured: False; include_scratch: False; all_records: False; x13_rules: v1.1-1.3 X13 (both samples quiet) on 10; mixed_x13: False; include_provenance: False; worst_other_core_busy: n/a
section	pattern	subject_or_na	regime_or_na	form	fact	testee	status	tier	rank_or_na	metric	value	n	pass_rate	n_gave_up	n_wrong	gave_up_summary	delta_verdict
record						loglines@0.1__libpcre2_10.46_interp-caps-simdna__budu-ryzen1600__20260829T194349Z				agreement	n/a (v1.3)						
record						loglines@0.1__libpcre2_10.46_jit-caps-simdna__budu-ryzen1600__20260829T195307Z				agreement	n/a (v1.3)						
record						loglines@0.1__pcrec_35e1ab1_auto-caps-simdna__budu-ryzen1600__20260828T151853Z				agreement	n/a (v1.3)						
record						loglines@0.1__pcrec_35e1ab1_auto-nocaps-simdna__budu-ryzen1600__20260828T152628Z				agreement	n/a (v1.3)						
record						loglines@0.1__pcrec_35e1ab1_vm-caps-simdna__budu-ryzen1600__20260828T153358Z				agreement	n/a (v1.3)						
record						loglines@0.1__pcrec_35e1ab1_vm-in-caps-simdna__budu-ryzen1600__20260828T154234Z				agreement	n/a (v1.3)						
record						loglines@0.1__pcrec_36d5963_auto-caps-simdna__budu-ryzen1600__20260829T200241Z				agreement	n/a (v1.3)						
record						loglines@0.1__pcrec_36d5963_auto-nocaps-simdna__budu-ryzen1600__20260829T205545Z				agreement	n/a (v1.3)						
record						loglines@0.1__pcrec_36d5963_vm-caps-simdna__budu-ryzen1600__20260829T202021Z				agreement	n/a (v1.3)						
record						loglines@0.1__pcrec_36d5963_vm-in-caps-simdna__budu-ryzen1600__20260829T202912Z				agreement	n/a (v1.3)						
rank	bignum	(set)	large-subject-throughput	plain	same program	libpcre2_10.46_jit-caps-simdna	measured	pinned	1	median_ns	11326581.259259	12	1.0000	0	0		
rank	bignum	(set)	large-subject-throughput	plain	same program	libpcre2_10.46_jit-caps-simdna	measured	pinned	1	min_ns	11300138.530864	12	1.0000	0	0		
rank	bignum	(set)	large-subject-throughput	plain	same program	libpcre2_10.46_jit-caps-simdna	measured	pinned	1	max_ns	11340994.185185	12	1.0000	0	0		
rank	bignum	(set)	large-subject-throughput	plain	same program	libpcre2_10.46_jit-caps-simdna	measured	pinned	1	stddev_ns	13513.945006	12	1.0000	0	0		
rank	bignum	(set)	large-subject-throughput	plain	same program	libpcre2_10.46_jit-caps-simdna	measured	pinned	1	ratio_vs_baseline	0.195582	12	1.0000	0	0		
rank	bignum	(set)	large-subject-throughput	plain	same program	libpcre2_10.46_jit-caps-simdna	measured	pinned	1	ratio_vs_best	1.000000	12	1.0000	0	0		
rank	bignum	(set)	large-subject-throughput	plain	same program	pcrec_35e1ab1_auto-caps-simdna	measured	pinned	2	median_ns	12998717.970149	12	1.0000	0	0		
rank	bignum	(set)	large-subject-throughput	plain	same program	pcrec_35e1ab1_auto-caps-simdna	measured	pinned	2	min_ns	12982283.552239	12	1.0000	0	0		
rank	bignum	(set)	large-subject-throughput	plain	same program	pcrec_35e1ab1_auto-caps-simdna	measured	pinned	2	max_ns	13026096.805970	12	1.0000	0	0		
rank	bignum	(set)	large-subject-throughput	plain	same program	pcrec_35e1ab1_auto-caps-simdna	measured	pinned	2	stddev_ns	14128.226909	12	1.0000	0	0		
rank	bignum	(set)	large-subject-throughput	plain	same program	pcrec_35e1ab1_auto-caps-simdna	measured	pinned	2	ratio_vs_baseline	0.224456	12	1.0000	0	0		
rank	bignum	(set)	large-subject-throughput	plain	same program	pcrec_35e1ab1_auto-caps-simdna	measured	pinned	2	ratio_vs_best	1.147629	12	1.0000	0	0		
rank	bignum	(set)	large-subject-throughput	plain	same program	pcrec_36d5963_auto-nocaps-simdna	measured	pinned	3	median_ns	13016077.588235	12	1.0000	0	0		unchanged (within spread)
rank	bignum	(set)	large-subject-throughput	plain	same program	pcrec_36d5963_auto-nocaps-simdna	measured	pinned	3	min_ns	13011915.352941	12	1.0000	0	0		unchanged (within spread)
rank	bignum	(set)	large-subject-throughput	plain	same program	pcrec_36d5963_auto-nocaps-simdna	measured	pinned	3	max_ns	13173916.897059	12	1.0000	0	0		unchanged (within spread)
rank	bignum	(set)	large-subject-throughput	plain	same program	pcrec_36d5963_auto-nocaps-simdna	measured	pinned	3	stddev_ns	62812.077465	12	1.0000	0	0		unchanged (within spread)
rank	bignum	(set)	large-subject-throughput	plain	same program	pcrec_36d5963_auto-nocaps-simdna	measured	pinned	3	ratio_vs_baseline	0.224755	12	1.0000	0	0		unchanged (within spread)
rank	bignum	(set)	large-subject-throughput	plain	same program	pcrec_36d5963_auto-nocaps-simdna	measured	pinned	3	ratio_vs_best	1.149162	12	1.0000	0	0		unchanged (within spread)
rank	bignum	(set)	large-subject-throughput	plain	same program	pcrec_35e1ab1_auto-nocaps-simdna	measured	pinned	4	median_ns	13021675.671642	12	1.0000	0	0		
rank	bignum	(set)	large-subject-throughput	plain	same program	pcrec_35e1ab1_auto-nocaps-simdna	measured	pinned	4	min_ns	13002749.283582	12	1.0000	0	0		
rank	bignum	(set)	large-subject-throughput	plain	same program	pcrec_35e1ab1_auto-nocaps-simdna	measured	pinned	4	max_ns	13099927.940299	12	1.0000	0	0		
rank	bignum	(set)	large-subject-throughput	plain	same program	pcrec_35e1ab1_auto-nocaps-simdna	measured	pinned	4	stddev_ns	37278.057751	12	1.0000	0	0		
rank	bignum	(set)	large-subject-throughput	plain	same program	pcrec_35e1ab1_auto-nocaps-simdna	measured	pinned	4	ratio_vs_baseline	0.224852	12	1.0000	0	0		
rank	bignum	(set)	large-subject-throughput	plain	same program	pcrec_35e1ab1_auto-nocaps-simdna	measured	pinned	4	ratio_vs_best	1.149656	12	1.0000	0	0		
rank	bignum	(set)	large-subject-throughput	plain	same program	pcrec_36d5963_auto-caps-simdna	measured	pinned	5	median_ns	13029648.626866	12	1.0000	0	0		unchanged (within spread)
rank	bignum	(set)	large-subject-throughput	plain	same program	pcrec_36d5963_auto-caps-simdna	measured	pinned	5	min_ns	12982615.522388	12	1.0000	0	0		unchanged (within spread)
rank	bignum	(set)	large-subject-throughput	plain	same program	pcrec_36d5963_auto-caps-simdna	measured	pinned	5	max_ns	13061815.104478	12	1.0000	0	0		unchanged (within spread)
rank	bignum	(set)	large-subject-throughput	plain	same program	pcrec_36d5963_auto-caps-simdna	measured	pinned	5	stddev_ns	25946.723461	12	1.0000	0	0		unchanged (within spread)
rank	bignum	(set)	large-subject-throughput	plain	same program	pcrec_36d5963_auto-caps-simdna	measured	pinned	5	ratio_vs_baseline	0.224990	12	1.0000	0	0		unchanged (within spread)
rank	bignum	(set)	large-subject-throughput	plain	same program	pcrec_36d5963_auto-caps-simdna	measured	pinned	5	ratio_vs_best	1.150360	12	1.0000	0	0		unchanged (within spread)
rank	bignum	(set)	large-subject-throughput	plain	same program	pcrec_35e1ab1_vm-caps-simdna	measured	pinned	6	median_ns	34334507.291667	12	1.0000	0	0		
rank	bignum	(set)	large-subject-throughput	plain	same program	pcrec_35e1ab1_vm-caps-simdna	measured	pinned	6	min_ns	34305984.625000	12	1.0000	0	0		
rank	bignum	(set)	large-subject-throughput	plain	same program	pcrec_35e1ab1_vm-caps-simdna	measured	pinned	6	max_ns	34337590.250000	12	1.0000	0	0		
rank	bignum	(set)	large-subject-throughput	plain	same program	pcrec_35e1ab1_vm-caps-simdna	measured	pinned	6	stddev_ns	14352.320352	12	1.0000	0	0		
rank	bignum	(set)	large-subject-throughput	plain	same program	pcrec_35e1ab1_vm-caps-simdna	measured	pinned	6	ratio_vs_baseline	0.592872	12	1.0000	0	0		
rank	bignum	(set)	large-subject-throughput	plain	same program	pcrec_35e1ab1_vm-caps-simdna	measured	pinned	6	ratio_vs_best	3.031321	12	1.0000	0	0		
rank	bignum	(set)	large-subject-throughput	plain	same program	pcrec_36d5963_vm-in-caps-simdna	measured	pinned	7	median_ns	34374257.750000	12	1.0000	0	0		faster ×1.00
rank	bignum	(set)	large-subject-throughput	plain	same program	pcrec_36d5963_vm-in-caps-simdna	measured	pinned	7	min_ns	34324102.333333	12	1.0000	0	0		faster ×1.00
rank	bignum	(set)	large-subject-throughput	plain	same program	pcrec_36d5963_vm-in-caps-simdna	measured	pinned	7	max_ns	34383110.333333	12	1.0000	0	0		faster ×1.00
rank	bignum	(set)	large-subject-throughput	plain	same program	pcrec_36d5963_vm-in-caps-simdna	measured	pinned	7	stddev_ns	24206.422165	12	1.0000	0	0		faster ×1.00
rank	bignum	(set)	large-subject-throughput	plain	same program	pcrec_36d5963_vm-in-caps-simdna	measured	pinned	7	ratio_vs_baseline	0.593558	12	1.0000	0	0		faster ×1.00
rank	bignum	(set)	large-subject-throughput	plain	same program	pcrec_36d5963_vm-in-caps-simdna	measured	pinned	7	ratio_vs_best	3.034831	12	1.0000	0	0		faster ×1.00
rank	bignum	(set)	large-subject-throughput	plain	same program	pcrec_36d5963_vm-caps-simdna	measured	pinned	8	median_ns	34411627.958333	12	1.0000	0	0		slower ×1.00
rank	bignum	(set)	large-subject-throughput	plain	same program	pcrec_36d5963_vm-caps-simdna	measured	pinned	8	min_ns	34346950.500000	12	1.0000	0	0		slower ×1.00
rank	bignum	(set)	large-subject-throughput	plain	same program	pcrec_36d5963_vm-caps-simdna	measured	pinned	8	max_ns	34414841.291667	12	1.0000	0	0		slower ×1.00
rank	bignum	(set)	large-subject-throughput	plain	same program	pcrec_36d5963_vm-caps-simdna	measured	pinned	8	stddev_ns	25796.794567	12	1.0000	0	0		slower ×1.00
rank	bignum	(set)	large-subject-throughput	plain	same program	pcrec_36d5963_vm-caps-simdna	measured	pinned	8	ratio_vs_baseline	0.594203	12	1.0000	0	0		slower ×1.00
rank	bignum	(set)	large-subject-throughput	plain	same program	pcrec_36d5963_vm-caps-simdna	measured	pinned	8	ratio_vs_best	3.038130	12	1.0000	0	0		slower ×1.00
rank	bignum	(set)	large-subject-throughput	plain	same program	pcrec_35e1ab1_vm-in-caps-simdna	measured	pinned	9	median_ns	34479423.500000	12	1.0000	0	0		
rank	bignum	(set)	large-subject-throughput	plain	same program	pcrec_35e1ab1_vm-in-caps-simdna	measured	pinned	9	min_ns	34386730.458333	12	1.0000	0	0		
rank	bignum	(set)	large-subject-throughput	plain	same program	pcrec_35e1ab1_vm-in-caps-simdna	measured	pinned	9	max_ns	34510461.583333	12	1.0000	0	0		
rank	bignum	(set)	large-subject-throughput	plain	same program	pcrec_35e1ab1_vm-in-caps-simdna	measured	pinned	9	stddev_ns	48296.915122	12	1.0000	0	0		
rank	bignum	(set)	large-subject-throughput	plain	same program	pcrec_35e1ab1_vm-in-caps-simdna	measured	pinned	9	ratio_vs_baseline	0.595374	12	1.0000	0	0		
rank	bignum	(set)	large-subject-throughput	plain	same program	pcrec_35e1ab1_vm-in-caps-simdna	measured	pinned	9	ratio_vs_best	3.044116	12	1.0000	0	0		
rank	bignum	(set)	large-subject-throughput	plain	same program	libpcre2_10.46_interp-caps-simdna	measured	pinned	10	median_ns	57912203.066667	12	1.0000	0	0		
rank	bignum	(set)	large-subject-throughput	plain	same program	libpcre2_10.46_interp-caps-simdna	measured	pinned	10	min_ns	57843237.333333	12	1.0000	0	0		
rank	bignum	(set)	large-subject-throughput	plain	same program	libpcre2_10.46_interp-caps-simdna	measured	pinned	10	max_ns	58260875.133333	12	1.0000	0	0		
rank	bignum	(set)	large-subject-throughput	plain	same program	libpcre2_10.46_interp-caps-simdna	measured	pinned	10	stddev_ns	149570.015607	12	1.0000	0	0		
rank	bignum	(set)	large-subject-throughput	plain	same program	libpcre2_10.46_interp-caps-simdna	measured	pinned	10	ratio_vs_baseline	1.000000	12	1.0000	0	0		
rank	bignum	(set)	large-subject-throughput	plain	same program	libpcre2_10.46_interp-caps-simdna	measured	pinned	10	ratio_vs_best	5.112946	12	1.0000	0	0		
rank	bignum	(set)	short-subject-search	plain	same program	libpcre2_10.46_jit-caps-simdna	measured	pinned	1	median_ns	395230.688918	112	1.0000	0	0		
rank	bignum	(set)	short-subject-search	plain	same program	libpcre2_10.46_jit-caps-simdna	measured	pinned	1	min_ns	394746.876304	112	1.0000	0	0		
rank	bignum	(set)	short-subject-search	plain	same program	libpcre2_10.46_jit-caps-simdna	measured	pinned	1	max_ns	395988.701791	112	1.0000	0	0		
rank	bignum	(set)	short-subject-search	plain	same program	libpcre2_10.46_jit-caps-simdna	measured	pinned	1	stddev_ns	457.201388	112	1.0000	0	0		
rank	bignum	(set)	short-subject-search	plain	same program	libpcre2_10.46_jit-caps-simdna	measured	pinned	1	ratio_vs_baseline	0.175555	112	1.0000	0	0		
rank	bignum	(set)	short-subject-search	plain	same program	libpcre2_10.46_jit-caps-simdna	measured	pinned	1	ratio_vs_best	1.000000	112	1.0000	0	0		
rank	bignum	(set)	short-subject-search	plain	same program	pcrec_35e1ab1_auto-nocaps-simdna	measured	pinned	2	median_ns	423613.317006	112	1.0000	0	0		
rank	bignum	(set)	short-subject-search	plain	same program	pcrec_35e1ab1_auto-nocaps-simdna	measured	pinned	2	min_ns	423211.012829	112	1.0000	0	0		
rank	bignum	(set)	short-subject-search	plain	same program	pcrec_35e1ab1_auto-nocaps-simdna	measured	pinned	2	max_ns	424940.369222	112	1.0000	0	0		
rank	bignum	(set)	short-subject-search	plain	same program	pcrec_35e1ab1_auto-nocaps-simdna	measured	pinned	2	stddev_ns	607.759050	112	1.0000	0	0		
rank	bignum	(set)	short-subject-search	plain	same program	pcrec_35e1ab1_auto-nocaps-simdna	measured	pinned	2	ratio_vs_baseline	0.188162	112	1.0000	0	0		
rank	bignum	(set)	short-subject-search	plain	same program	pcrec_35e1ab1_auto-nocaps-simdna	measured	pinned	2	ratio_vs_best	1.071813	112	1.0000	0	0		
rank	bignum	(set)	short-subject-search	plain	same program	pcrec_35e1ab1_auto-caps-simdna	measured	pinned	3	median_ns	423660.251662	112	1.0000	0	0		
rank	bignum	(set)	short-subject-search	plain	same program	pcrec_35e1ab1_auto-caps-simdna	measured	pinned	3	min_ns	423618.242978	112	1.0000	0	0		
rank	bignum	(set)	short-subject-search	plain	same program	pcrec_35e1ab1_auto-caps-simdna	measured	pinned	3	max_ns	424874.925815	112	1.0000	0	0		
rank	bignum	(set)	short-subject-search	plain	same program	pcrec_35e1ab1_auto-caps-simdna	measured	pinned	3	stddev_ns	478.119741	112	1.0000	0	0		
rank	bignum	(set)	short-subject-search	plain	same program	pcrec_35e1ab1_auto-caps-simdna	measured	pinned	3	ratio_vs_baseline	0.188183	112	1.0000	0	0		
rank	bignum	(set)	short-subject-search	plain	same program	pcrec_35e1ab1_auto-caps-simdna	measured	pinned	3	ratio_vs_best	1.071932	112	1.0000	0	0		
rank	bignum	(set)	short-subject-search	plain	same program	pcrec_36d5963_auto-caps-simdna	measured	pinned	4	median_ns	424527.772508	112	1.0000	0	0		unchanged (within spread)
rank	bignum	(set)	short-subject-search	plain	same program	pcrec_36d5963_auto-caps-simdna	measured	pinned	4	min_ns	423963.167222	112	1.0000	0	0		unchanged (within spread)
rank	bignum	(set)	short-subject-search	plain	same program	pcrec_36d5963_auto-caps-simdna	measured	pinned	4	max_ns	424703.917275	112	1.0000	0	0		unchanged (within spread)
rank	bignum	(set)	short-subject-search	plain	same program	pcrec_36d5963_auto-caps-simdna	measured	pinned	4	stddev_ns	262.609045	112	1.0000	0	0		unchanged (within spread)
rank	bignum	(set)	short-subject-search	plain	same program	pcrec_36d5963_auto-caps-simdna	measured	pinned	4	ratio_vs_baseline	0.188569	112	1.0000	0	0		unchanged (within spread)
rank	bignum	(set)	short-subject-search	plain	same program	pcrec_36d5963_auto-caps-simdna	measured	pinned	4	ratio_vs_best	1.074127	112	1.0000	0	0		unchanged (within spread)
rank	bignum	(set)	short-subject-search	plain	same program	pcrec_36d5963_auto-nocaps-simdna	measured	pinned	5	median_ns	425788.304612	112	1.0000	0	0		slower ×1.01
rank	bignum	(set)	short-subject-search	plain	same program	pcrec_36d5963_auto-nocaps-simdna	measured	pinned	5	min_ns	424746.990329	112	1.0000	0	0		slower ×1.01
rank	bignum	(set)	short-subject-search	plain	same program	pcrec_36d5963_auto-nocaps-simdna	measured	pinned	5	max_ns	426765.805431	112	1.0000	0	0		slower ×1.01
rank	bignum	(set)	short-subject-search	plain	same program	pcrec_36d5963_auto-nocaps-simdna	measured	pinned	5	stddev_ns	645.109070	112	1.0000	0	0		slower ×1.01
rank	bignum	(set)	short-subject-search	plain	same program	pcrec_36d5963_auto-nocaps-simdna	measured	pinned	5	ratio_vs_baseline	0.189128	112	1.0000	0	0		slower ×1.01
rank	bignum	(set)	short-subject-search	plain	same program	pcrec_36d5963_auto-nocaps-simdna	measured	pinned	5	ratio_vs_best	1.077316	112	1.0000	0	0		slower ×1.01
rank	bignum	(set)	short-subject-search	plain	same program	pcrec_36d5963_vm-in-caps-simdna	measured	pinned	6	median_ns	1282948.892143	112	1.0000	0	0		unchanged (within spread)
rank	bignum	(set)	short-subject-search	plain	same program	pcrec_36d5963_vm-in-caps-simdna	measured	pinned	6	min_ns	1281711.487724	112	1.0000	0	0		unchanged (within spread)
rank	bignum	(set)	short-subject-search	plain	same program	pcrec_36d5963_vm-in-caps-simdna	measured	pinned	6	max_ns	1286227.234479	112	1.0000	0	0		unchanged (within spread)
rank	bignum	(set)	short-subject-search	plain	same program	pcrec_36d5963_vm-in-caps-simdna	measured	pinned	6	stddev_ns	1705.079460	112	1.0000	0	0		unchanged (within spread)
rank	bignum	(set)	short-subject-search	plain	same program	pcrec_36d5963_vm-in-caps-simdna	measured	pinned	6	ratio_vs_baseline	0.569866	112	1.0000	0	0		unchanged (within spread)
rank	bignum	(set)	short-subject-search	plain	same program	pcrec_36d5963_vm-in-caps-simdna	measured	pinned	6	ratio_vs_best	3.246076	112	1.0000	0	0		unchanged (within spread)
rank	bignum	(set)	short-subject-search	plain	same program	pcrec_35e1ab1_vm-in-caps-simdna	measured	pinned	7	median_ns	1282979.195460	112	1.0000	0	0		
rank	bignum	(set)	short-subject-search	plain	same program	pcrec_35e1ab1_vm-in-caps-simdna	measured	pinned	7	min_ns	1281073.202971	112	1.0000	0	0		
rank	bignum	(set)	short-subject-search	plain	same program	pcrec_35e1ab1_vm-in-caps-simdna	measured	pinned	7	max_ns	1284405.411784	112	1.0000	0	0		
rank	bignum	(set)	short-subject-search	plain	same program	pcrec_35e1ab1_vm-in-caps-simdna	measured	pinned	7	stddev_ns	1203.553114	112	1.0000	0	0		
rank	bignum	(set)	short-subject-search	plain	same program	pcrec_35e1ab1_vm-in-caps-simdna	measured	pinned	7	ratio_vs_baseline	0.569879	112	1.0000	0	0		
rank	bignum	(set)	short-subject-search	plain	same program	pcrec_35e1ab1_vm-in-caps-simdna	measured	pinned	7	ratio_vs_best	3.246153	112	1.0000	0	0		
rank	bignum	(set)	short-subject-search	plain	same program	pcrec_35e1ab1_vm-caps-simdna	measured	pinned	8	median_ns	1283326.649366	112	1.0000	0	0		
rank	bignum	(set)	short-subject-search	plain	same program	pcrec_35e1ab1_vm-caps-simdna	measured	pinned	8	min_ns	1281698.134846	112	1.0000	0	0		
rank	bignum	(set)	short-subject-search	plain	same program	pcrec_35e1ab1_vm-caps-simdna	measured	pinned	8	max_ns	1284467.640688	112	1.0000	0	0		
rank	bignum	(set)	short-subject-search	plain	same program	pcrec_35e1ab1_vm-caps-simdna	measured	pinned	8	stddev_ns	946.568920	112	1.0000	0	0		
rank	bignum	(set)	short-subject-search	plain	same program	pcrec_35e1ab1_vm-caps-simdna	measured	pinned	8	ratio_vs_baseline	0.570034	112	1.0000	0	0		
rank	bignum	(set)	short-subject-search	plain	same program	pcrec_35e1ab1_vm-caps-simdna	measured	pinned	8	ratio_vs_best	3.247032	112	1.0000	0	0		
rank	bignum	(set)	short-subject-search	plain	same program	pcrec_36d5963_vm-caps-simdna	measured	pinned	9	median_ns	1283403.163272	112	1.0000	0	0		unchanged (within spread)
rank	bignum	(set)	short-subject-search	plain	same program	pcrec_36d5963_vm-caps-simdna	measured	pinned	9	min_ns	1282414.212521	112	1.0000	0	0		unchanged (within spread)
rank	bignum	(set)	short-subject-search	plain	same program	pcrec_36d5963_vm-caps-simdna	measured	pinned	9	max_ns	1284350.353422	112	1.0000	0	0		unchanged (within spread)
rank	bignum	(set)	short-subject-search	plain	same program	pcrec_36d5963_vm-caps-simdna	measured	pinned	9	stddev_ns	654.155958	112	1.0000	0	0		unchanged (within spread)
rank	bignum	(set)	short-subject-search	plain	same program	pcrec_36d5963_vm-caps-simdna	measured	pinned	9	ratio_vs_baseline	0.570068	112	1.0000	0	0		unchanged (within spread)
rank	bignum	(set)	short-subject-search	plain	same program	pcrec_36d5963_vm-caps-simdna	measured	pinned	9	ratio_vs_best	3.247225	112	1.0000	0	0		unchanged (within spread)
rank	bignum	(set)	short-subject-search	plain	same program	libpcre2_10.46_interp-caps-simdna	measured	pinned	10	median_ns	2251317.534088	112	1.0000	0	0		
rank	bignum	(set)	short-subject-search	plain	same program	libpcre2_10.46_interp-caps-simdna	measured	pinned	10	min_ns	2249541.395706	112	1.0000	0	0		
rank	bignum	(set)	short-subject-search	plain	same program	libpcre2_10.46_interp-caps-simdna	measured	pinned	10	max_ns	2253845.434871	112	1.0000	0	0		
rank	bignum	(set)	short-subject-search	plain	same program	libpcre2_10.46_interp-caps-simdna	measured	pinned	10	stddev_ns	1414.888825	112	1.0000	0	0		
rank	bignum	(set)	short-subject-search	plain	same program	libpcre2_10.46_interp-caps-simdna	measured	pinned	10	ratio_vs_baseline	1.000000	112	1.0000	0	0		
rank	bignum	(set)	short-subject-search	plain	same program	libpcre2_10.46_interp-caps-simdna	measured	pinned	10	ratio_vs_best	5.696211	112	1.0000	0	0		
rank	floor	(set)	large-subject-throughput	plain	same program	pcrec_35e1ab1_auto-caps-simdna	measured	pinned	1	median_ns	2910847.846429	12	1.0000	0	0		
rank	floor	(set)	large-subject-throughput	plain	same program	pcrec_35e1ab1_auto-caps-simdna	measured	pinned	1	min_ns	2905211.671429	12	1.0000	0	0		
rank	floor	(set)	large-subject-throughput	plain	same program	pcrec_35e1ab1_auto-caps-simdna	measured	pinned	1	max_ns	2933817.335714	12	1.0000	0	0		
rank	floor	(set)	large-subject-throughput	plain	same program	pcrec_35e1ab1_auto-caps-simdna	measured	pinned	1	stddev_ns	10284.431635	12	1.0000	0	0		
rank	floor	(set)	large-subject-throughput	plain	same program	pcrec_35e1ab1_auto-caps-simdna	measured	pinned	1	ratio_vs_baseline	0.201100	12	1.0000	0	0		
rank	floor	(set)	large-subject-throughput	plain	same program	pcrec_35e1ab1_auto-caps-simdna	measured	pinned	1	ratio_vs_best	1.000000	12	1.0000	0	0		
rank	floor	(set)	large-subject-throughput	plain	same program	pcrec_35e1ab1_auto-nocaps-simdna	measured	pinned	2	median_ns	2911819.174074	12	1.0000	0	0		
rank	floor	(set)	large-subject-throughput	plain	same program	pcrec_35e1ab1_auto-nocaps-simdna	measured	pinned	2	min_ns	2909312.237037	12	1.0000	0	0		
rank	floor	(set)	large-subject-throughput	plain	same program	pcrec_35e1ab1_auto-nocaps-simdna	measured	pinned	2	max_ns	2929366.462963	12	1.0000	0	0		
rank	floor	(set)	large-subject-throughput	plain	same program	pcrec_35e1ab1_auto-nocaps-simdna	measured	pinned	2	stddev_ns	7397.604814	12	1.0000	0	0		
rank	floor	(set)	large-subject-throughput	plain	same program	pcrec_35e1ab1_auto-nocaps-simdna	measured	pinned	2	ratio_vs_baseline	0.201167	12	1.0000	0	0		
rank	floor	(set)	large-subject-throughput	plain	same program	pcrec_35e1ab1_auto-nocaps-simdna	measured	pinned	2	ratio_vs_best	1.000334	12	1.0000	0	0		
rank	floor	(set)	large-subject-throughput	plain	same program	pcrec_36d5963_auto-caps-simdna	measured	pinned	3	median_ns	2915685.828571	12	1.0000	0	0		unchanged (within spread)
rank	floor	(set)	large-subject-throughput	plain	same program	pcrec_36d5963_auto-caps-simdna	measured	pinned	3	min_ns	2913348.310714	12	1.0000	0	0		unchanged (within spread)
rank	floor	(set)	large-subject-throughput	plain	same program	pcrec_36d5963_auto-caps-simdna	measured	pinned	3	max_ns	2917377.942857	12	1.0000	0	0		unchanged (within spread)
rank	floor	(set)	large-subject-throughput	plain	same program	pcrec_36d5963_auto-caps-simdna	measured	pinned	3	stddev_ns	1766.981211	12	1.0000	0	0		unchanged (within spread)
rank	floor	(set)	large-subject-throughput	plain	same program	pcrec_36d5963_auto-caps-simdna	measured	pinned	3	ratio_vs_baseline	0.201434	12	1.0000	0	0		unchanged (within spread)
rank	floor	(set)	large-subject-throughput	plain	same program	pcrec_36d5963_auto-caps-simdna	measured	pinned	3	ratio_vs_best	1.001662	12	1.0000	0	0		unchanged (within spread)
rank	floor	(set)	large-subject-throughput	plain	same program	pcrec_36d5963_auto-nocaps-simdna	measured	pinned	4	median_ns	2917802.985612	12	1.0000	0	0		unchanged (within spread)
rank	floor	(set)	large-subject-throughput	plain	same program	pcrec_36d5963_auto-nocaps-simdna	measured	pinned	4	min_ns	2910645.420863	12	1.0000	0	0		unchanged (within spread)
rank	floor	(set)	large-subject-throughput	plain	same program	pcrec_36d5963_auto-nocaps-simdna	measured	pinned	4	max_ns	3375861.007194	12	1.0000	0	0		unchanged (within spread)
rank	floor	(set)	large-subject-throughput	plain	same program	pcrec_36d5963_auto-nocaps-simdna	measured	pinned	4	stddev_ns	183178.038451	12	1.0000	0	0		unchanged (within spread)
rank	floor	(set)	large-subject-throughput	plain	same program	pcrec_36d5963_auto-nocaps-simdna	measured	pinned	4	ratio_vs_baseline	0.201581	12	1.0000	0	0		unchanged (within spread)
rank	floor	(set)	large-subject-throughput	plain	same program	pcrec_36d5963_auto-nocaps-simdna	measured	pinned	4	ratio_vs_best	1.002389	12	1.0000	0	0		unchanged (within spread)
rank	floor	(set)	large-subject-throughput	plain	same program	libpcre2_10.46_jit-caps-simdna	measured	pinned	5	median_ns	6704695.098361	12	1.0000	0	0		
rank	floor	(set)	large-subject-throughput	plain	same program	libpcre2_10.46_jit-caps-simdna	measured	pinned	5	min_ns	6668162.672131	12	1.0000	0	0		
rank	floor	(set)	large-subject-throughput	plain	same program	libpcre2_10.46_jit-caps-simdna	measured	pinned	5	max_ns	6723238.565574	12	1.0000	0	0		
rank	floor	(set)	large-subject-throughput	plain	same program	libpcre2_10.46_jit-caps-simdna	measured	pinned	5	stddev_ns	18305.581420	12	1.0000	0	0		
rank	floor	(set)	large-subject-throughput	plain	same program	libpcre2_10.46_jit-caps-simdna	measured	pinned	5	ratio_vs_baseline	0.463203	12	1.0000	0	0		
rank	floor	(set)	large-subject-throughput	plain	same program	libpcre2_10.46_jit-caps-simdna	measured	pinned	5	ratio_vs_best	2.303348	12	1.0000	0	0		
rank	floor	(set)	large-subject-throughput	plain	same program	libpcre2_10.46_interp-caps-simdna	measured	pinned	6	median_ns	14474624.620690	12	1.0000	0	0		
rank	floor	(set)	large-subject-throughput	plain	same program	libpcre2_10.46_interp-caps-simdna	measured	pinned	6	min_ns	14253368.603448	12	1.0000	0	0		
rank	floor	(set)	large-subject-throughput	plain	same program	libpcre2_10.46_interp-caps-simdna	measured	pinned	6	max_ns	17535782.362069	12	1.0000	0	0		
rank	floor	(set)	large-subject-throughput	plain	same program	libpcre2_10.46_interp-caps-simdna	measured	pinned	6	stddev_ns	1253363.027351	12	1.0000	0	0		
rank	floor	(set)	large-subject-throughput	plain	same program	libpcre2_10.46_interp-caps-simdna	measured	pinned	6	ratio_vs_baseline	1.000000	12	1.0000	0	0		
rank	floor	(set)	large-subject-throughput	plain	same program	libpcre2_10.46_interp-caps-simdna	measured	pinned	6	ratio_vs_best	4.972649	12	1.0000	0	0		
rank	floor	(set)	large-subject-throughput	plain	same program	pcrec_35e1ab1_vm-caps-simdna	measured	pinned	7	median_ns	15914353.784314	12	1.0000	0	0		
rank	floor	(set)	large-subject-throughput	plain	same program	pcrec_35e1ab1_vm-caps-simdna	measured	pinned	7	min_ns	15864106.196078	12	1.0000	0	0		
rank	floor	(set)	large-subject-throughput	plain	same program	pcrec_35e1ab1_vm-caps-simdna	measured	pinned	7	max_ns	17824709.156863	12	1.0000	0	0		
rank	floor	(set)	large-subject-throughput	plain	same program	pcrec_35e1ab1_vm-caps-simdna	measured	pinned	7	stddev_ns	766042.985318	12	1.0000	0	0		
rank	floor	(set)	large-subject-throughput	plain	same program	pcrec_35e1ab1_vm-caps-simdna	measured	pinned	7	ratio_vs_baseline	1.099466	12	1.0000	0	0		
rank	floor	(set)	large-subject-throughput	plain	same program	pcrec_35e1ab1_vm-caps-simdna	measured	pinned	7	ratio_vs_best	5.467257	12	1.0000	0	0		
rank	floor	(set)	large-subject-throughput	plain	same program	pcrec_36d5963_vm-caps-simdna	measured	pinned	8	median_ns	15957178.549020	12	1.0000	0	0		unchanged (within spread)
rank	floor	(set)	large-subject-throughput	plain	same program	pcrec_36d5963_vm-caps-simdna	measured	pinned	8	min_ns	15926174.058824	12	1.0000	0	0		unchanged (within spread)
rank	floor	(set)	large-subject-throughput	plain	same program	pcrec_36d5963_vm-caps-simdna	measured	pinned	8	max_ns	16100872.078431	12	1.0000	0	0		unchanged (within spread)
rank	floor	(set)	large-subject-throughput	plain	same program	pcrec_36d5963_vm-caps-simdna	measured	pinned	8	stddev_ns	62011.023443	12	1.0000	0	0		unchanged (within spread)
rank	floor	(set)	large-subject-throughput	plain	same program	pcrec_36d5963_vm-caps-simdna	measured	pinned	8	ratio_vs_baseline	1.102424	12	1.0000	0	0		unchanged (within spread)
rank	floor	(set)	large-subject-throughput	plain	same program	pcrec_36d5963_vm-caps-simdna	measured	pinned	8	ratio_vs_best	5.481969	12	1.0000	0	0		unchanged (within spread)
rank	floor	(set)	large-subject-throughput	plain	same program	pcrec_36d5963_vm-in-caps-simdna	measured	pinned	9	median_ns	16115320.745455	12	1.0000	0	0		unchanged (within spread)
rank	floor	(set)	large-subject-throughput	plain	same program	pcrec_36d5963_vm-in-caps-simdna	measured	pinned	9	min_ns	16094785.909091	12	1.0000	0	0		unchanged (within spread)
rank	floor	(set)	large-subject-throughput	plain	same program	pcrec_36d5963_vm-in-caps-simdna	measured	pinned	9	max_ns	16187837.745455	12	1.0000	0	0		unchanged (within spread)
rank	floor	(set)	large-subject-throughput	plain	same program	pcrec_36d5963_vm-in-caps-simdna	measured	pinned	9	stddev_ns	32892.573286	12	1.0000	0	0		unchanged (within spread)
rank	floor	(set)	large-subject-throughput	plain	same program	pcrec_36d5963_vm-in-caps-simdna	measured	pinned	9	ratio_vs_baseline	1.113350	12	1.0000	0	0		unchanged (within spread)
rank	floor	(set)	large-subject-throughput	plain	same program	pcrec_36d5963_vm-in-caps-simdna	measured	pinned	9	ratio_vs_best	5.536298	12	1.0000	0	0		unchanged (within spread)
rank	floor	(set)	large-subject-throughput	plain	same program	pcrec_35e1ab1_vm-in-caps-simdna	measured	pinned	10	median_ns	16159888.920000	12	1.0000	0	0		
rank	floor	(set)	large-subject-throughput	plain	same program	pcrec_35e1ab1_vm-in-caps-simdna	measured	pinned	10	min_ns	16142447.820000	12	1.0000	0	0		
rank	floor	(set)	large-subject-throughput	plain	same program	pcrec_35e1ab1_vm-in-caps-simdna	measured	pinned	10	max_ns	16240836.780000	12	1.0000	0	0		
rank	floor	(set)	large-subject-throughput	plain	same program	pcrec_35e1ab1_vm-in-caps-simdna	measured	pinned	10	stddev_ns	34920.575867	12	1.0000	0	0		
rank	floor	(set)	large-subject-throughput	plain	same program	pcrec_35e1ab1_vm-in-caps-simdna	measured	pinned	10	ratio_vs_baseline	1.116429	12	1.0000	0	0		
rank	floor	(set)	large-subject-throughput	plain	same program	pcrec_35e1ab1_vm-in-caps-simdna	measured	pinned	10	ratio_vs_best	5.551609	12	1.0000	0	0		
rank	floor	(set)	short-subject-search	plain	same program	pcrec_35e1ab1_auto-caps-simdna	measured	pinned	1	median_ns	2036.851937	112	1.0000	0	0		
rank	floor	(set)	short-subject-search	plain	same program	pcrec_35e1ab1_auto-caps-simdna	measured	pinned	1	min_ns	2032.113712	112	1.0000	0	0		
rank	floor	(set)	short-subject-search	plain	same program	pcrec_35e1ab1_auto-caps-simdna	measured	pinned	1	max_ns	2052.487070	112	1.0000	0	0		
rank	floor	(set)	short-subject-search	plain	same program	pcrec_35e1ab1_auto-caps-simdna	measured	pinned	1	stddev_ns	7.398568	112	1.0000	0	0		
rank	floor	(set)	short-subject-search	plain	same program	pcrec_35e1ab1_auto-caps-simdna	measured	pinned	1	ratio_vs_baseline	0.181053	112	1.0000	0	0		
rank	floor	(set)	short-subject-search	plain	same program	pcrec_35e1ab1_auto-caps-simdna	measured	pinned	1	ratio_vs_best	1.000000	112	1.0000	0	0		
rank	floor	(set)	short-subject-search	plain	same program	pcrec_36d5963_auto-nocaps-simdna	measured	pinned	2	median_ns	2043.756229	112	1.0000	0	0		unchanged (within spread)
rank	floor	(set)	short-subject-search	plain	same program	pcrec_36d5963_auto-nocaps-simdna	measured	pinned	2	min_ns	2039.616387	112	1.0000	0	0		unchanged (within spread)
rank	floor	(set)	short-subject-search	plain	same program	pcrec_36d5963_auto-nocaps-simdna	measured	pinned	2	max_ns	2057.608941	112	1.0000	0	0		unchanged (within spread)
rank	floor	(set)	short-subject-search	plain	same program	pcrec_36d5963_auto-nocaps-simdna	measured	pinned	2	stddev_ns	6.239287	112	1.0000	0	0		unchanged (within spread)
rank	floor	(set)	short-subject-search	plain	same program	pcrec_36d5963_auto-nocaps-simdna	measured	pinned	2	ratio_vs_baseline	0.181666	112	1.0000	0	0		unchanged (within spread)
rank	floor	(set)	short-subject-search	plain	same program	pcrec_36d5963_auto-nocaps-simdna	measured	pinned	2	ratio_vs_best	1.003390	112	1.0000	0	0		unchanged (within spread)
rank	floor	(set)	short-subject-search	plain	same program	pcrec_36d5963_auto-caps-simdna	measured	pinned	3	median_ns	2055.127956	112	1.0000	0	0		unchanged (within spread)
rank	floor	(set)	short-subject-search	plain	same program	pcrec_36d5963_auto-caps-simdna	measured	pinned	3	min_ns	2049.845740	112	1.0000	0	0		unchanged (within spread)
rank	floor	(set)	short-subject-search	plain	same program	pcrec_36d5963_auto-caps-simdna	measured	pinned	3	max_ns	2075.949635	112	1.0000	0	0		unchanged (within spread)
rank	floor	(set)	short-subject-search	plain	same program	pcrec_36d5963_auto-caps-simdna	measured	pinned	3	stddev_ns	9.633746	112	1.0000	0	0		unchanged (within spread)
rank	floor	(set)	short-subject-search	plain	same program	pcrec_36d5963_auto-caps-simdna	measured	pinned	3	ratio_vs_baseline	0.182677	112	1.0000	0	0		unchanged (within spread)
rank	floor	(set)	short-subject-search	plain	same program	pcrec_36d5963_auto-caps-simdna	measured	pinned	3	ratio_vs_best	1.008973	112	1.0000	0	0		unchanged (within spread)
rank	floor	(set)	short-subject-search	plain	same program	pcrec_35e1ab1_auto-nocaps-simdna	measured	pinned	4	median_ns	2071.804592	112	1.0000	0	0		
rank	floor	(set)	short-subject-search	plain	same program	pcrec_35e1ab1_auto-nocaps-simdna	measured	pinned	4	min_ns	2051.333095	112	1.0000	0	0		
rank	floor	(set)	short-subject-search	plain	same program	pcrec_35e1ab1_auto-nocaps-simdna	measured	pinned	4	max_ns	2099.078836	112	1.0000	0	0		
rank	floor	(set)	short-subject-search	plain	same program	pcrec_35e1ab1_auto-nocaps-simdna	measured	pinned	4	stddev_ns	16.307793	112	1.0000	0	0		
rank	floor	(set)	short-subject-search	plain	same program	pcrec_35e1ab1_auto-nocaps-simdna	measured	pinned	4	ratio_vs_baseline	0.184160	112	1.0000	0	0		
rank	floor	(set)	short-subject-search	plain	same program	pcrec_35e1ab1_auto-nocaps-simdna	measured	pinned	4	ratio_vs_best	1.017160	112	1.0000	0	0		
rank	floor	(set)	short-subject-search	plain	same program	pcrec_36d5963_vm-caps-simdna	measured	pinned	5	median_ns	4455.375506	112	1.0000	0	0		unchanged (within spread)
rank	floor	(set)	short-subject-search	plain	same program	pcrec_36d5963_vm-caps-simdna	measured	pinned	5	min_ns	4451.513383	112	1.0000	0	0		unchanged (within spread)
rank	floor	(set)	short-subject-search	plain	same program	pcrec_36d5963_vm-caps-simdna	measured	pinned	5	max_ns	4474.148442	112	1.0000	0	0		unchanged (within spread)
rank	floor	(set)	short-subject-search	plain	same program	pcrec_36d5963_vm-caps-simdna	measured	pinned	5	stddev_ns	8.604212	112	1.0000	0	0		unchanged (within spread)
rank	floor	(set)	short-subject-search	plain	same program	pcrec_36d5963_vm-caps-simdna	measured	pinned	5	ratio_vs_baseline	0.396032	112	1.0000	0	0		unchanged (within spread)
rank	floor	(set)	short-subject-search	plain	same program	pcrec_36d5963_vm-caps-simdna	measured	pinned	5	ratio_vs_best	2.187383	112	1.0000	0	0		unchanged (within spread)
rank	floor	(set)	short-subject-search	plain	same program	pcrec_36d5963_vm-in-caps-simdna	measured	pinned	6	median_ns	4523.365910	112	1.0000	0	0		faster ×1.03
rank	floor	(set)	short-subject-search	plain	same program	pcrec_36d5963_vm-in-caps-simdna	measured	pinned	6	min_ns	4503.701298	112	1.0000	0	0		faster ×1.03
rank	floor	(set)	short-subject-search	plain	same program	pcrec_36d5963_vm-in-caps-simdna	measured	pinned	6	max_ns	4555.896674	112	1.0000	0	0		faster ×1.03
rank	floor	(set)	short-subject-search	plain	same program	pcrec_36d5963_vm-in-caps-simdna	measured	pinned	6	stddev_ns	17.106063	112	1.0000	0	0		faster ×1.03
rank	floor	(set)	short-subject-search	plain	same program	pcrec_36d5963_vm-in-caps-simdna	measured	pinned	6	ratio_vs_baseline	0.402075	112	1.0000	0	0		faster ×1.03
rank	floor	(set)	short-subject-search	plain	same program	pcrec_36d5963_vm-in-caps-simdna	measured	pinned	6	ratio_vs_best	2.220763	112	1.0000	0	0		faster ×1.03
rank	floor	(set)	short-subject-search	plain	same program	pcrec_35e1ab1_vm-caps-simdna	measured	pinned	7	median_ns	4593.434027	112	1.0000	0	0		
rank	floor	(set)	short-subject-search	plain	same program	pcrec_35e1ab1_vm-caps-simdna	measured	pinned	7	min_ns	4581.390099	112	1.0000	0	0		
rank	floor	(set)	short-subject-search	plain	same program	pcrec_35e1ab1_vm-caps-simdna	measured	pinned	7	max_ns	4946.466043	112	1.0000	0	0		
rank	floor	(set)	short-subject-search	plain	same program	pcrec_35e1ab1_vm-caps-simdna	measured	pinned	7	stddev_ns	139.776623	112	1.0000	0	0		
rank	floor	(set)	short-subject-search	plain	same program	pcrec_35e1ab1_vm-caps-simdna	measured	pinned	7	ratio_vs_baseline	0.408304	112	1.0000	0	0		
rank	floor	(set)	short-subject-search	plain	same program	pcrec_35e1ab1_vm-caps-simdna	measured	pinned	7	ratio_vs_best	2.255163	112	1.0000	0	0		
rank	floor	(set)	short-subject-search	plain	same program	pcrec_35e1ab1_vm-in-caps-simdna	measured	pinned	8	median_ns	4643.458285	112	1.0000	0	0		
rank	floor	(set)	short-subject-search	plain	same program	pcrec_35e1ab1_vm-in-caps-simdna	measured	pinned	8	min_ns	4632.876567	112	1.0000	0	0		
rank	floor	(set)	short-subject-search	plain	same program	pcrec_35e1ab1_vm-in-caps-simdna	measured	pinned	8	max_ns	4686.589738	112	1.0000	0	0		
rank	floor	(set)	short-subject-search	plain	same program	pcrec_35e1ab1_vm-in-caps-simdna	measured	pinned	8	stddev_ns	19.022139	112	1.0000	0	0		
rank	floor	(set)	short-subject-search	plain	same program	pcrec_35e1ab1_vm-in-caps-simdna	measured	pinned	8	ratio_vs_baseline	0.412750	112	1.0000	0	0		
rank	floor	(set)	short-subject-search	plain	same program	pcrec_35e1ab1_vm-in-caps-simdna	measured	pinned	8	ratio_vs_best	2.279723	112	1.0000	0	0		
rank	floor	(set)	short-subject-search	plain	same program	libpcre2_10.46_jit-caps-simdna	measured	pinned	9	median_ns	5096.923244	112	1.0000	0	0		
rank	floor	(set)	short-subject-search	plain	same program	libpcre2_10.46_jit-caps-simdna	measured	pinned	9	min_ns	5022.650222	112	1.0000	0	0		
rank	floor	(set)	short-subject-search	plain	same program	libpcre2_10.46_jit-caps-simdna	measured	pinned	9	max_ns	6407.431559	112	1.0000	0	0		
rank	floor	(set)	short-subject-search	plain	same program	libpcre2_10.46_jit-caps-simdna	measured	pinned	9	stddev_ns	558.331306	112	1.0000	0	0		
rank	floor	(set)	short-subject-search	plain	same program	libpcre2_10.46_jit-caps-simdna	measured	pinned	9	ratio_vs_baseline	0.453058	112	1.0000	0	0		
rank	floor	(set)	short-subject-search	plain	same program	libpcre2_10.46_jit-caps-simdna	measured	pinned	9	ratio_vs_best	2.502353	112	1.0000	0	0		
rank	floor	(set)	short-subject-search	plain	same program	libpcre2_10.46_interp-caps-simdna	measured	pinned	10	median_ns	11250.046265	112	1.0000	0	0		
rank	floor	(set)	short-subject-search	plain	same program	libpcre2_10.46_interp-caps-simdna	measured	pinned	10	min_ns	10905.786895	112	1.0000	0	0		
rank	floor	(set)	short-subject-search	plain	same program	libpcre2_10.46_interp-caps-simdna	measured	pinned	10	max_ns	11285.571130	112	1.0000	0	0		
rank	floor	(set)	short-subject-search	plain	same program	libpcre2_10.46_interp-caps-simdna	measured	pinned	10	stddev_ns	140.780714	112	1.0000	0	0		
rank	floor	(set)	short-subject-search	plain	same program	libpcre2_10.46_interp-caps-simdna	measured	pinned	10	ratio_vs_baseline	1.000000	112	1.0000	0	0		
rank	floor	(set)	short-subject-search	plain	same program	libpcre2_10.46_interp-caps-simdna	measured	pinned	10	ratio_vs_best	5.523252	112	1.0000	0	0		
rank	hex32-id	(set)	large-subject-throughput	plain	same program	pcrec_35e1ab1_auto-nocaps-simdna	measured	pinned	1	median_ns	12962618.895522	12	1.0000	0	0		
rank	hex32-id	(set)	large-subject-throughput	plain	same program	pcrec_35e1ab1_auto-nocaps-simdna	measured	pinned	1	min_ns	12949288.970149	12	1.0000	0	0		
rank	hex32-id	(set)	large-subject-throughput	plain	same program	pcrec_35e1ab1_auto-nocaps-simdna	measured	pinned	1	max_ns	12971152.402985	12	1.0000	0	0		
rank	hex32-id	(set)	large-subject-throughput	plain	same program	pcrec_35e1ab1_auto-nocaps-simdna	measured	pinned	1	stddev_ns	7672.055136	12	1.0000	0	0		
rank	hex32-id	(set)	large-subject-throughput	plain	same program	pcrec_35e1ab1_auto-nocaps-simdna	measured	pinned	1	ratio_vs_baseline	0.133469	12	1.0000	0	0		
rank	hex32-id	(set)	large-subject-throughput	plain	same program	pcrec_35e1ab1_auto-nocaps-simdna	measured	pinned	1	ratio_vs_best	1.000000	12	1.0000	0	0		
rank	hex32-id	(set)	large-subject-throughput	plain	same program	pcrec_35e1ab1_auto-caps-simdna	measured	pinned	2	median_ns	12989776.298507	12	1.0000	0	0		
rank	hex32-id	(set)	large-subject-throughput	plain	same program	pcrec_35e1ab1_auto-caps-simdna	measured	pinned	2	min_ns	12979108.925373	12	1.0000	0	0		
rank	hex32-id	(set)	large-subject-throughput	plain	same program	pcrec_35e1ab1_auto-caps-simdna	measured	pinned	2	max_ns	13057382.044776	12	1.0000	0	0		
rank	hex32-id	(set)	large-subject-throughput	plain	same program	pcrec_35e1ab1_auto-caps-simdna	measured	pinned	2	stddev_ns	28529.403817	12	1.0000	0	0		
rank	hex32-id	(set)	large-subject-throughput	plain	same program	pcrec_35e1ab1_auto-caps-simdna	measured	pinned	2	ratio_vs_baseline	0.133749	12	1.0000	0	0		
rank	hex32-id	(set)	large-subject-throughput	plain	same program	pcrec_35e1ab1_auto-caps-simdna	measured	pinned	2	ratio_vs_best	1.002095	12	1.0000	0	0		
rank	hex32-id	(set)	large-subject-throughput	plain	same program	pcrec_36d5963_auto-caps-simdna	measured	pinned	3	median_ns	12990341.911765	12	1.0000	0	0		unchanged (within spread)
rank	hex32-id	(set)	large-subject-throughput	plain	same program	pcrec_36d5963_auto-caps-simdna	measured	pinned	3	min_ns	12974419.029412	12	1.0000	0	0		unchanged (within spread)
rank	hex32-id	(set)	large-subject-throughput	plain	same program	pcrec_36d5963_auto-caps-simdna	measured	pinned	3	max_ns	13013715.279412	12	1.0000	0	0		unchanged (within spread)
rank	hex32-id	(set)	large-subject-throughput	plain	same program	pcrec_36d5963_auto-caps-simdna	measured	pinned	3	stddev_ns	13475.831900	12	1.0000	0	0		unchanged (within spread)
rank	hex32-id	(set)	large-subject-throughput	plain	same program	pcrec_36d5963_auto-caps-simdna	measured	pinned	3	ratio_vs_baseline	0.133754	12	1.0000	0	0		unchanged (within spread)
rank	hex32-id	(set)	large-subject-throughput	plain	same program	pcrec_36d5963_auto-caps-simdna	measured	pinned	3	ratio_vs_best	1.002139	12	1.0000	0	0		unchanged (within spread)
rank	hex32-id	(set)	large-subject-throughput	plain	same program	pcrec_36d5963_auto-nocaps-simdna	measured	pinned	4	median_ns	13009844.402985	12	1.0000	0	0		slower ×1.00
rank	hex32-id	(set)	large-subject-throughput	plain	same program	pcrec_36d5963_auto-nocaps-simdna	measured	pinned	4	min_ns	12972808.373134	12	1.0000	0	0		slower ×1.00
rank	hex32-id	(set)	large-subject-throughput	plain	same program	pcrec_36d5963_auto-nocaps-simdna	measured	pinned	4	max_ns	13020350.746269	12	1.0000	0	0		slower ×1.00
rank	hex32-id	(set)	large-subject-throughput	plain	same program	pcrec_36d5963_auto-nocaps-simdna	measured	pinned	4	stddev_ns	16541.299261	12	1.0000	0	0		slower ×1.00
rank	hex32-id	(set)	large-subject-throughput	plain	same program	pcrec_36d5963_auto-nocaps-simdna	measured	pinned	4	ratio_vs_baseline	0.133955	12	1.0000	0	0		slower ×1.00
rank	hex32-id	(set)	large-subject-throughput	plain	same program	pcrec_36d5963_auto-nocaps-simdna	measured	pinned	4	ratio_vs_best	1.003643	12	1.0000	0	0		slower ×1.00
rank	hex32-id	(set)	large-subject-throughput	plain	same program	libpcre2_10.46_jit-caps-simdna	measured	pinned	5	median_ns	15359260.466667	12	1.0000	0	0		
rank	hex32-id	(set)	large-subject-throughput	plain	same program	libpcre2_10.46_jit-caps-simdna	measured	pinned	5	min_ns	15356026.616667	12	1.0000	0	0		
rank	hex32-id	(set)	large-subject-throughput	plain	same program	libpcre2_10.46_jit-caps-simdna	measured	pinned	5	max_ns	15434587.600000	12	1.0000	0	0		
rank	hex32-id	(set)	large-subject-throughput	plain	same program	libpcre2_10.46_jit-caps-simdna	measured	pinned	5	stddev_ns	30070.159750	12	1.0000	0	0		
rank	hex32-id	(set)	large-subject-throughput	plain	same program	libpcre2_10.46_jit-caps-simdna	measured	pinned	5	ratio_vs_baseline	0.158146	12	1.0000	0	0		
rank	hex32-id	(set)	large-subject-throughput	plain	same program	libpcre2_10.46_jit-caps-simdna	measured	pinned	5	ratio_vs_best	1.184889	12	1.0000	0	0		
rank	hex32-id	(set)	large-subject-throughput	plain	same program	pcrec_35e1ab1_vm-caps-simdna	measured	pinned	6	median_ns	35527114.750000	12	1.0000	0	0		
rank	hex32-id	(set)	large-subject-throughput	plain	same program	pcrec_35e1ab1_vm-caps-simdna	measured	pinned	6	min_ns	35453747.250000	12	1.0000	0	0		
rank	hex32-id	(set)	large-subject-throughput	plain	same program	pcrec_35e1ab1_vm-caps-simdna	measured	pinned	6	max_ns	35709840.416667	12	1.0000	0	0		
rank	hex32-id	(set)	large-subject-throughput	plain	same program	pcrec_35e1ab1_vm-caps-simdna	measured	pinned	6	stddev_ns	86627.002570	12	1.0000	0	0		
rank	hex32-id	(set)	large-subject-throughput	plain	same program	pcrec_35e1ab1_vm-caps-simdna	measured	pinned	6	ratio_vs_baseline	0.365803	12	1.0000	0	0		
rank	hex32-id	(set)	large-subject-throughput	plain	same program	pcrec_35e1ab1_vm-caps-simdna	measured	pinned	6	ratio_vs_best	2.740736	12	1.0000	0	0		
rank	hex32-id	(set)	large-subject-throughput	plain	same program	pcrec_36d5963_vm-caps-simdna	measured	pinned	7	median_ns	35550826.250000	12	1.0000	0	0		unchanged (within spread)
rank	hex32-id	(set)	large-subject-throughput	plain	same program	pcrec_36d5963_vm-caps-simdna	measured	pinned	7	min_ns	35504107.250000	12	1.0000	0	0		unchanged (within spread)
rank	hex32-id	(set)	large-subject-throughput	plain	same program	pcrec_36d5963_vm-caps-simdna	measured	pinned	7	max_ns	35580402.208333	12	1.0000	0	0		unchanged (within spread)
rank	hex32-id	(set)	large-subject-throughput	plain	same program	pcrec_36d5963_vm-caps-simdna	measured	pinned	7	stddev_ns	26680.673888	12	1.0000	0	0		unchanged (within spread)
rank	hex32-id	(set)	large-subject-throughput	plain	same program	pcrec_36d5963_vm-caps-simdna	measured	pinned	7	ratio_vs_baseline	0.366047	12	1.0000	0	0		unchanged (within spread)
rank	hex32-id	(set)	large-subject-throughput	plain	same program	pcrec_36d5963_vm-caps-simdna	measured	pinned	7	ratio_vs_best	2.742565	12	1.0000	0	0		unchanged (within spread)
rank	hex32-id	(set)	large-subject-throughput	plain	same program	pcrec_35e1ab1_vm-in-caps-simdna	measured	pinned	8	median_ns	35605021.304348	12	1.0000	0	0		
rank	hex32-id	(set)	large-subject-throughput	plain	same program	pcrec_35e1ab1_vm-in-caps-simdna	measured	pinned	8	min_ns	35507413.391304	12	1.0000	0	0		
rank	hex32-id	(set)	large-subject-throughput	plain	same program	pcrec_35e1ab1_vm-in-caps-simdna	measured	pinned	8	max_ns	35662034.739130	12	1.0000	0	0		
rank	hex32-id	(set)	large-subject-throughput	plain	same program	pcrec_35e1ab1_vm-in-caps-simdna	measured	pinned	8	stddev_ns	51990.428608	12	1.0000	0	0		
rank	hex32-id	(set)	large-subject-throughput	plain	same program	pcrec_35e1ab1_vm-in-caps-simdna	measured	pinned	8	ratio_vs_baseline	0.366605	12	1.0000	0	0		
rank	hex32-id	(set)	large-subject-throughput	plain	same program	pcrec_35e1ab1_vm-in-caps-simdna	measured	pinned	8	ratio_vs_best	2.746746	12	1.0000	0	0		
rank	hex32-id	(set)	large-subject-throughput	plain	same program	pcrec_36d5963_vm-in-caps-simdna	measured	pinned	9	median_ns	35857986.583333	12	1.0000	0	0		slower ×1.01
rank	hex32-id	(set)	large-subject-throughput	plain	same program	pcrec_36d5963_vm-in-caps-simdna	measured	pinned	9	min_ns	35601636.708333	12	1.0000	0	0		slower ×1.01
rank	hex32-id	(set)	large-subject-throughput	plain	same program	pcrec_36d5963_vm-in-caps-simdna	measured	pinned	9	max_ns	35926424.916667	12	1.0000	0	0		slower ×1.01
rank	hex32-id	(set)	large-subject-throughput	plain	same program	pcrec_36d5963_vm-in-caps-simdna	measured	pinned	9	stddev_ns	113519.244604	12	1.0000	0	0		slower ×1.01
rank	hex32-id	(set)	large-subject-throughput	plain	same program	pcrec_36d5963_vm-in-caps-simdna	measured	pinned	9	ratio_vs_baseline	0.369210	12	1.0000	0	0		slower ×1.01
rank	hex32-id	(set)	large-subject-throughput	plain	same program	pcrec_36d5963_vm-in-caps-simdna	measured	pinned	9	ratio_vs_best	2.766261	12	1.0000	0	0		slower ×1.01
rank	hex32-id	(set)	large-subject-throughput	plain	same program	libpcre2_10.46_interp-caps-simdna	measured	pinned	10	median_ns	97120905.333333	12	1.0000	0	0		
rank	hex32-id	(set)	large-subject-throughput	plain	same program	libpcre2_10.46_interp-caps-simdna	measured	pinned	10	min_ns	96869780.555556	12	1.0000	0	0		
rank	hex32-id	(set)	large-subject-throughput	plain	same program	libpcre2_10.46_interp-caps-simdna	measured	pinned	10	max_ns	97569687.111111	12	1.0000	0	0		
rank	hex32-id	(set)	large-subject-throughput	plain	same program	libpcre2_10.46_interp-caps-simdna	measured	pinned	10	stddev_ns	256260.173861	12	1.0000	0	0		
rank	hex32-id	(set)	large-subject-throughput	plain	same program	libpcre2_10.46_interp-caps-simdna	measured	pinned	10	ratio_vs_baseline	1.000000	12	1.0000	0	0		
rank	hex32-id	(set)	large-subject-throughput	plain	same program	libpcre2_10.46_interp-caps-simdna	measured	pinned	10	ratio_vs_best	7.492383	12	1.0000	0	0		
rank	hex32-id	(set)	short-subject-search	plain	same program	pcrec_35e1ab1_auto-nocaps-simdna	measured	pinned	1	median_ns	430198.706637	112	1.0000	0	0		
rank	hex32-id	(set)	short-subject-search	plain	same program	pcrec_35e1ab1_auto-nocaps-simdna	measured	pinned	1	min_ns	429762.433096	112	1.0000	0	0		
rank	hex32-id	(set)	short-subject-search	plain	same program	pcrec_35e1ab1_auto-nocaps-simdna	measured	pinned	1	max_ns	430490.076600	112	1.0000	0	0		
rank	hex32-id	(set)	short-subject-search	plain	same program	pcrec_35e1ab1_auto-nocaps-simdna	measured	pinned	1	stddev_ns	245.532533	112	1.0000	0	0		
rank	hex32-id	(set)	short-subject-search	plain	same program	pcrec_35e1ab1_auto-nocaps-simdna	measured	pinned	1	ratio_vs_baseline	0.117040	112	1.0000	0	0		
rank	hex32-id	(set)	short-subject-search	plain	same program	pcrec_35e1ab1_auto-nocaps-simdna	measured	pinned	1	ratio_vs_best	1.000000	112	1.0000	0	0		
rank	hex32-id	(set)	short-subject-search	plain	same program	pcrec_35e1ab1_auto-caps-simdna	measured	pinned	2	median_ns	430555.919450	112	1.0000	0	0		
rank	hex32-id	(set)	short-subject-search	plain	same program	pcrec_35e1ab1_auto-caps-simdna	measured	pinned	2	min_ns	430085.930021	112	1.0000	0	0		
rank	hex32-id	(set)	short-subject-search	plain	same program	pcrec_35e1ab1_auto-caps-simdna	measured	pinned	2	max_ns	431032.249683	112	1.0000	0	0		
rank	hex32-id	(set)	short-subject-search	plain	same program	pcrec_35e1ab1_auto-caps-simdna	measured	pinned	2	stddev_ns	321.577051	112	1.0000	0	0		
rank	hex32-id	(set)	short-subject-search	plain	same program	pcrec_35e1ab1_auto-caps-simdna	measured	pinned	2	ratio_vs_baseline	0.117137	112	1.0000	0	0		
rank	hex32-id	(set)	short-subject-search	plain	same program	pcrec_35e1ab1_auto-caps-simdna	measured	pinned	2	ratio_vs_best	1.000830	112	1.0000	0	0		
rank	hex32-id	(set)	short-subject-search	plain	same program	pcrec_36d5963_auto-caps-simdna	measured	pinned	3	median_ns	430700.670626	112	1.0000	0	0		unchanged (within spread)
rank	hex32-id	(set)	short-subject-search	plain	same program	pcrec_36d5963_auto-caps-simdna	measured	pinned	3	min_ns	430438.441323	112	1.0000	0	0		unchanged (within spread)
rank	hex32-id	(set)	short-subject-search	plain	same program	pcrec_36d5963_auto-caps-simdna	measured	pinned	3	max_ns	432188.257137	112	1.0000	0	0		unchanged (within spread)
rank	hex32-id	(set)	short-subject-search	plain	same program	pcrec_36d5963_auto-caps-simdna	measured	pinned	3	stddev_ns	640.676553	112	1.0000	0	0		unchanged (within spread)
rank	hex32-id	(set)	short-subject-search	plain	same program	pcrec_36d5963_auto-caps-simdna	measured	pinned	3	ratio_vs_baseline	0.117176	112	1.0000	0	0		unchanged (within spread)
rank	hex32-id	(set)	short-subject-search	plain	same program	pcrec_36d5963_auto-caps-simdna	measured	pinned	3	ratio_vs_best	1.001167	112	1.0000	0	0		unchanged (within spread)
rank	hex32-id	(set)	short-subject-search	plain	same program	pcrec_36d5963_auto-nocaps-simdna	measured	pinned	4	median_ns	431253.804665	112	1.0000	0	0		unchanged (within spread)
rank	hex32-id	(set)	short-subject-search	plain	same program	pcrec_36d5963_auto-nocaps-simdna	measured	pinned	4	min_ns	430519.546672	112	1.0000	0	0		unchanged (within spread)
rank	hex32-id	(set)	short-subject-search	plain	same program	pcrec_36d5963_auto-nocaps-simdna	measured	pinned	4	max_ns	439711.147889	112	1.0000	0	0		unchanged (within spread)
rank	hex32-id	(set)	short-subject-search	plain	same program	pcrec_36d5963_auto-nocaps-simdna	measured	pinned	4	stddev_ns	3466.658370	112	1.0000	0	0		unchanged (within spread)
rank	hex32-id	(set)	short-subject-search	plain	same program	pcrec_36d5963_auto-nocaps-simdna	measured	pinned	4	ratio_vs_baseline	0.117327	112	1.0000	0	0		unchanged (within spread)
rank	hex32-id	(set)	short-subject-search	plain	same program	pcrec_36d5963_auto-nocaps-simdna	measured	pinned	4	ratio_vs_best	1.002453	112	1.0000	0	0		unchanged (within spread)
rank	hex32-id	(set)	short-subject-search	plain	same program	libpcre2_10.46_jit-caps-simdna	measured	pinned	5	median_ns	489798.184294	112	1.0000	0	0		
rank	hex32-id	(set)	short-subject-search	plain	same program	libpcre2_10.46_jit-caps-simdna	measured	pinned	5	min_ns	489188.263435	112	1.0000	0	0		
rank	hex32-id	(set)	short-subject-search	plain	same program	libpcre2_10.46_jit-caps-simdna	measured	pinned	5	max_ns	492675.511874	112	1.0000	0	0		
rank	hex32-id	(set)	short-subject-search	plain	same program	libpcre2_10.46_jit-caps-simdna	measured	pinned	5	stddev_ns	1263.007089	112	1.0000	0	0		
rank	hex32-id	(set)	short-subject-search	plain	same program	libpcre2_10.46_jit-caps-simdna	measured	pinned	5	ratio_vs_baseline	0.133254	112	1.0000	0	0		
rank	hex32-id	(set)	short-subject-search	plain	same program	libpcre2_10.46_jit-caps-simdna	measured	pinned	5	ratio_vs_best	1.138539	112	1.0000	0	0		
rank	hex32-id	(set)	short-subject-search	plain	same program	pcrec_35e1ab1_vm-caps-simdna	measured	pinned	6	median_ns	1360094.728732	112	1.0000	0	0		
rank	hex32-id	(set)	short-subject-search	plain	same program	pcrec_35e1ab1_vm-caps-simdna	measured	pinned	6	min_ns	1359483.730457	112	1.0000	0	0		
rank	hex32-id	(set)	short-subject-search	plain	same program	pcrec_35e1ab1_vm-caps-simdna	measured	pinned	6	max_ns	1365669.993270	112	1.0000	0	0		
rank	hex32-id	(set)	short-subject-search	plain	same program	pcrec_35e1ab1_vm-caps-simdna	measured	pinned	6	stddev_ns	2259.619680	112	1.0000	0	0		
rank	hex32-id	(set)	short-subject-search	plain	same program	pcrec_35e1ab1_vm-caps-simdna	measured	pinned	6	ratio_vs_baseline	0.370027	112	1.0000	0	0		
rank	hex32-id	(set)	short-subject-search	plain	same program	pcrec_35e1ab1_vm-caps-simdna	measured	pinned	6	ratio_vs_best	3.161550	112	1.0000	0	0		
rank	hex32-id	(set)	short-subject-search	plain	same program	pcrec_35e1ab1_vm-in-caps-simdna	measured	pinned	7	median_ns	1361237.510695	112	1.0000	0	0		
rank	hex32-id	(set)	short-subject-search	plain	same program	pcrec_35e1ab1_vm-in-caps-simdna	measured	pinned	7	min_ns	1358857.209652	112	1.0000	0	0		
rank	hex32-id	(set)	short-subject-search	plain	same program	pcrec_35e1ab1_vm-in-caps-simdna	measured	pinned	7	max_ns	1364435.580873	112	1.0000	0	0		
rank	hex32-id	(set)	short-subject-search	plain	same program	pcrec_35e1ab1_vm-in-caps-simdna	measured	pinned	7	stddev_ns	1854.780102	112	1.0000	0	0		
rank	hex32-id	(set)	short-subject-search	plain	same program	pcrec_35e1ab1_vm-in-caps-simdna	measured	pinned	7	ratio_vs_baseline	0.370338	112	1.0000	0	0		
rank	hex32-id	(set)	short-subject-search	plain	same program	pcrec_35e1ab1_vm-in-caps-simdna	measured	pinned	7	ratio_vs_best	3.164206	112	1.0000	0	0		
rank	hex32-id	(set)	short-subject-search	plain	same program	pcrec_36d5963_vm-caps-simdna	measured	pinned	8	median_ns	1361399.098364	112	1.0000	0	0		unchanged (within spread)
rank	hex32-id	(set)	short-subject-search	plain	same program	pcrec_36d5963_vm-caps-simdna	measured	pinned	8	min_ns	1360277.925471	112	1.0000	0	0		unchanged (within spread)
rank	hex32-id	(set)	short-subject-search	plain	same program	pcrec_36d5963_vm-caps-simdna	measured	pinned	8	max_ns	1364270.832266	112	1.0000	0	0		unchanged (within spread)
rank	hex32-id	(set)	short-subject-search	plain	same program	pcrec_36d5963_vm-caps-simdna	measured	pinned	8	stddev_ns	1656.708218	112	1.0000	0	0		unchanged (within spread)
rank	hex32-id	(set)	short-subject-search	plain	same program	pcrec_36d5963_vm-caps-simdna	measured	pinned	8	ratio_vs_baseline	0.370382	112	1.0000	0	0		unchanged (within spread)
rank	hex32-id	(set)	short-subject-search	plain	same program	pcrec_36d5963_vm-caps-simdna	measured	pinned	8	ratio_vs_best	3.164582	112	1.0000	0	0		unchanged (within spread)
rank	hex32-id	(set)	short-subject-search	plain	same program	pcrec_36d5963_vm-in-caps-simdna	measured	pinned	9	median_ns	1362072.350710	112	1.0000	0	0		unchanged (within spread)
rank	hex32-id	(set)	short-subject-search	plain	same program	pcrec_36d5963_vm-in-caps-simdna	measured	pinned	9	min_ns	1359393.805334	112	1.0000	0	0		unchanged (within spread)
rank	hex32-id	(set)	short-subject-search	plain	same program	pcrec_36d5963_vm-in-caps-simdna	measured	pinned	9	max_ns	1366107.288708	112	1.0000	0	0		unchanged (within spread)
rank	hex32-id	(set)	short-subject-search	plain	same program	pcrec_36d5963_vm-in-caps-simdna	measured	pinned	9	stddev_ns	2395.538849	112	1.0000	0	0		unchanged (within spread)
rank	hex32-id	(set)	short-subject-search	plain	same program	pcrec_36d5963_vm-in-caps-simdna	measured	pinned	9	ratio_vs_baseline	0.370565	112	1.0000	0	0		unchanged (within spread)
rank	hex32-id	(set)	short-subject-search	plain	same program	pcrec_36d5963_vm-in-caps-simdna	measured	pinned	9	ratio_vs_best	3.166147	112	1.0000	0	0		unchanged (within spread)
rank	hex32-id	(set)	short-subject-search	plain	same program	libpcre2_10.46_interp-caps-simdna	measured	pinned	10	median_ns	3675660.565667	112	1.0000	0	0		
rank	hex32-id	(set)	short-subject-search	plain	same program	libpcre2_10.46_interp-caps-simdna	measured	pinned	10	min_ns	3674067.403837	112	1.0000	0	0		
rank	hex32-id	(set)	short-subject-search	plain	same program	libpcre2_10.46_interp-caps-simdna	measured	pinned	10	max_ns	3698305.692573	112	1.0000	0	0		
rank	hex32-id	(set)	short-subject-search	plain	same program	libpcre2_10.46_interp-caps-simdna	measured	pinned	10	stddev_ns	9175.279988	112	1.0000	0	0		
rank	hex32-id	(set)	short-subject-search	plain	same program	libpcre2_10.46_interp-caps-simdna	measured	pinned	10	ratio_vs_baseline	1.000000	112	1.0000	0	0		
rank	hex32-id	(set)	short-subject-search	plain	same program	libpcre2_10.46_interp-caps-simdna	measured	pinned	10	ratio_vs_best	8.544100	112	1.0000	0	0		
rank	http-5xx	(set)	large-subject-throughput	plain	same program	pcrec_36d5963_auto-nocaps-simdna	measured	pinned	1	median_ns	252553.925597	12	1.0000	0	0		unchanged (within spread)
rank	http-5xx	(set)	large-subject-throughput	plain	same program	pcrec_36d5963_auto-nocaps-simdna	measured	pinned	1	min_ns	252283.661092	12	1.0000	0	0		unchanged (within spread)
rank	http-5xx	(set)	large-subject-throughput	plain	same program	pcrec_36d5963_auto-nocaps-simdna	measured	pinned	1	max_ns	254399.629010	12	1.0000	0	0		unchanged (within spread)
rank	http-5xx	(set)	large-subject-throughput	plain	same program	pcrec_36d5963_auto-nocaps-simdna	measured	pinned	1	stddev_ns	793.361499	12	1.0000	0	0		unchanged (within spread)
rank	http-5xx	(set)	large-subject-throughput	plain	same program	pcrec_36d5963_auto-nocaps-simdna	measured	pinned	1	ratio_vs_baseline	0.131269	12	1.0000	0	0		unchanged (within spread)
rank	http-5xx	(set)	large-subject-throughput	plain	same program	pcrec_36d5963_auto-nocaps-simdna	measured	pinned	1	ratio_vs_best	1.000000	12	1.0000	0	0		unchanged (within spread)
rank	http-5xx	(set)	large-subject-throughput	plain	same program	pcrec_35e1ab1_auto-caps-simdna	measured	pinned	2	median_ns	252593.608562	12	1.0000	0	0		
rank	http-5xx	(set)	large-subject-throughput	plain	same program	pcrec_35e1ab1_auto-caps-simdna	measured	pinned	2	min_ns	251895.692331	12	1.0000	0	0		
rank	http-5xx	(set)	large-subject-throughput	plain	same program	pcrec_35e1ab1_auto-caps-simdna	measured	pinned	2	max_ns	253367.237758	12	1.0000	0	0		
rank	http-5xx	(set)	large-subject-throughput	plain	same program	pcrec_35e1ab1_auto-caps-simdna	measured	pinned	2	stddev_ns	526.462910	12	1.0000	0	0		
rank	http-5xx	(set)	large-subject-throughput	plain	same program	pcrec_35e1ab1_auto-caps-simdna	measured	pinned	2	ratio_vs_baseline	0.131290	12	1.0000	0	0		
rank	http-5xx	(set)	large-subject-throughput	plain	same program	pcrec_35e1ab1_auto-caps-simdna	measured	pinned	2	ratio_vs_best	1.000157	12	1.0000	0	0		
rank	http-5xx	(set)	large-subject-throughput	plain	same program	pcrec_35e1ab1_auto-nocaps-simdna	measured	pinned	3	median_ns	253193.351092	12	1.0000	0	0		
rank	http-5xx	(set)	large-subject-throughput	plain	same program	pcrec_35e1ab1_auto-nocaps-simdna	measured	pinned	3	min_ns	252698.236157	12	1.0000	0	0		
rank	http-5xx	(set)	large-subject-throughput	plain	same program	pcrec_35e1ab1_auto-nocaps-simdna	measured	pinned	3	max_ns	275165.404071	12	1.0000	0	0		
rank	http-5xx	(set)	large-subject-throughput	plain	same program	pcrec_35e1ab1_auto-nocaps-simdna	measured	pinned	3	stddev_ns	8724.076334	12	1.0000	0	0		
rank	http-5xx	(set)	large-subject-throughput	plain	same program	pcrec_35e1ab1_auto-nocaps-simdna	measured	pinned	3	ratio_vs_baseline	0.131601	12	1.0000	0	0		
rank	http-5xx	(set)	large-subject-throughput	plain	same program	pcrec_35e1ab1_auto-nocaps-simdna	measured	pinned	3	ratio_vs_best	1.002532	12	1.0000	0	0		
rank	http-5xx	(set)	large-subject-throughput	plain	same program	pcrec_36d5963_auto-caps-simdna	measured	pinned	4	median_ns	253747.557393	12	1.0000	0	0		unchanged (within spread)
rank	http-5xx	(set)	large-subject-throughput	plain	same program	pcrec_36d5963_auto-caps-simdna	measured	pinned	4	min_ns	253083.881905	12	1.0000	0	0		unchanged (within spread)
rank	http-5xx	(set)	large-subject-throughput	plain	same program	pcrec_36d5963_auto-caps-simdna	measured	pinned	4	max_ns	258680.067813	12	1.0000	0	0		unchanged (within spread)
rank	http-5xx	(set)	large-subject-throughput	plain	same program	pcrec_36d5963_auto-caps-simdna	measured	pinned	4	stddev_ns	2067.800293	12	1.0000	0	0		unchanged (within spread)
rank	http-5xx	(set)	large-subject-throughput	plain	same program	pcrec_36d5963_auto-caps-simdna	measured	pinned	4	ratio_vs_baseline	0.131889	12	1.0000	0	0		unchanged (within spread)
rank	http-5xx	(set)	large-subject-throughput	plain	same program	pcrec_36d5963_auto-caps-simdna	measured	pinned	4	ratio_vs_best	1.004726	12	1.0000	0	0		unchanged (within spread)
rank	http-5xx	(set)	large-subject-throughput	plain	same program	libpcre2_10.46_interp-caps-simdna	measured	pinned	5	median_ns	1923941.774492	12	1.0000	0	0		
rank	http-5xx	(set)	large-subject-throughput	plain	same program	libpcre2_10.46_interp-caps-simdna	measured	pinned	5	min_ns	1922156.515712	12	1.0000	0	0		
rank	http-5xx	(set)	large-subject-throughput	plain	same program	libpcre2_10.46_interp-caps-simdna	measured	pinned	5	max_ns	1947837.734750	12	1.0000	0	0		
rank	http-5xx	(set)	large-subject-throughput	plain	same program	libpcre2_10.46_interp-caps-simdna	measured	pinned	5	stddev_ns	9694.676985	12	1.0000	0	0		
rank	http-5xx	(set)	large-subject-throughput	plain	same program	libpcre2_10.46_interp-caps-simdna	measured	pinned	5	ratio_vs_baseline	1.000000	12	1.0000	0	0		
rank	http-5xx	(set)	large-subject-throughput	plain	same program	libpcre2_10.46_interp-caps-simdna	measured	pinned	5	ratio_vs_best	7.617944	12	1.0000	0	0		
rank	http-5xx	(set)	large-subject-throughput	plain	same program	libpcre2_10.46_jit-caps-simdna	measured	pinned	6	median_ns	3209870.350598	12	1.0000	0	0		
rank	http-5xx	(set)	large-subject-throughput	plain	same program	libpcre2_10.46_jit-caps-simdna	measured	pinned	6	min_ns	3208199.111554	12	1.0000	0	0		
rank	http-5xx	(set)	large-subject-throughput	plain	same program	libpcre2_10.46_jit-caps-simdna	measured	pinned	6	max_ns	3211622.920319	12	1.0000	0	0		
rank	http-5xx	(set)	large-subject-throughput	plain	same program	libpcre2_10.46_jit-caps-simdna	measured	pinned	6	stddev_ns	1142.450616	12	1.0000	0	0		
rank	http-5xx	(set)	large-subject-throughput	plain	same program	libpcre2_10.46_jit-caps-simdna	measured	pinned	6	ratio_vs_baseline	1.668382	12	1.0000	0	0		
rank	http-5xx	(set)	large-subject-throughput	plain	same program	libpcre2_10.46_jit-caps-simdna	measured	pinned	6	ratio_vs_best	12.709643	12	1.0000	0	0		
rank	http-5xx	(set)	large-subject-throughput	plain	same program	pcrec_35e1ab1_vm-caps-simdna	measured	pinned	7	median_ns	13226855.803279	12	1.0000	0	0		
rank	http-5xx	(set)	large-subject-throughput	plain	same program	pcrec_35e1ab1_vm-caps-simdna	measured	pinned	7	min_ns	13221854.819672	12	1.0000	0	0		
rank	http-5xx	(set)	large-subject-throughput	plain	same program	pcrec_35e1ab1_vm-caps-simdna	measured	pinned	7	max_ns	13277083.819672	12	1.0000	0	0		
rank	http-5xx	(set)	large-subject-throughput	plain	same program	pcrec_35e1ab1_vm-caps-simdna	measured	pinned	7	stddev_ns	20495.478778	12	1.0000	0	0		
rank	http-5xx	(set)	large-subject-throughput	plain	same program	pcrec_35e1ab1_vm-caps-simdna	measured	pinned	7	ratio_vs_baseline	6.874873	12	1.0000	0	0		
rank	http-5xx	(set)	large-subject-throughput	plain	same program	pcrec_35e1ab1_vm-caps-simdna	measured	pinned	7	ratio_vs_best	52.372402	12	1.0000	0	0		
rank	http-5xx	(set)	large-subject-throughput	plain	same program	pcrec_36d5963_vm-in-caps-simdna	measured	pinned	8	median_ns	13242133.967213	12	1.0000	0	0		unchanged (within spread)
rank	http-5xx	(set)	large-subject-throughput	plain	same program	pcrec_36d5963_vm-in-caps-simdna	measured	pinned	8	min_ns	13227446.016393	12	1.0000	0	0		unchanged (within spread)
rank	http-5xx	(set)	large-subject-throughput	plain	same program	pcrec_36d5963_vm-in-caps-simdna	measured	pinned	8	max_ns	13341633.081967	12	1.0000	0	0		unchanged (within spread)
rank	http-5xx	(set)	large-subject-throughput	plain	same program	pcrec_36d5963_vm-in-caps-simdna	measured	pinned	8	stddev_ns	41590.086210	12	1.0000	0	0		unchanged (within spread)
rank	http-5xx	(set)	large-subject-throughput	plain	same program	pcrec_36d5963_vm-in-caps-simdna	measured	pinned	8	ratio_vs_baseline	6.882814	12	1.0000	0	0		unchanged (within spread)
rank	http-5xx	(set)	large-subject-throughput	plain	same program	pcrec_36d5963_vm-in-caps-simdna	measured	pinned	8	ratio_vs_best	52.432897	12	1.0000	0	0		unchanged (within spread)
rank	http-5xx	(set)	large-subject-throughput	plain	same program	pcrec_35e1ab1_vm-in-caps-simdna	measured	pinned	9	median_ns	13262904.064516	12	1.0000	0	0		
rank	http-5xx	(set)	large-subject-throughput	plain	same program	pcrec_35e1ab1_vm-in-caps-simdna	measured	pinned	9	min_ns	13236872.290323	12	1.0000	0	0		
rank	http-5xx	(set)	large-subject-throughput	plain	same program	pcrec_35e1ab1_vm-in-caps-simdna	measured	pinned	9	max_ns	13401289.596774	12	1.0000	0	0		
rank	http-5xx	(set)	large-subject-throughput	plain	same program	pcrec_35e1ab1_vm-in-caps-simdna	measured	pinned	9	stddev_ns	66001.787516	12	1.0000	0	0		
rank	http-5xx	(set)	large-subject-throughput	plain	same program	pcrec_35e1ab1_vm-in-caps-simdna	measured	pinned	9	ratio_vs_baseline	6.893610	12	1.0000	0	0		
rank	http-5xx	(set)	large-subject-throughput	plain	same program	pcrec_35e1ab1_vm-in-caps-simdna	measured	pinned	9	ratio_vs_best	52.515137	12	1.0000	0	0		
rank	http-5xx	(set)	large-subject-throughput	plain	same program	pcrec_36d5963_vm-caps-simdna	measured	pinned	10	median_ns	13317927.451613	12	1.0000	0	0		unchanged (within spread)
rank	http-5xx	(set)	large-subject-throughput	plain	same program	pcrec_36d5963_vm-caps-simdna	measured	pinned	10	min_ns	13270607.161290	12	1.0000	0	0		unchanged (within spread)
rank	http-5xx	(set)	large-subject-throughput	plain	same program	pcrec_36d5963_vm-caps-simdna	measured	pinned	10	max_ns	13458694.806452	12	1.0000	0	0		unchanged (within spread)
rank	http-5xx	(set)	large-subject-throughput	plain	same program	pcrec_36d5963_vm-caps-simdna	measured	pinned	10	stddev_ns	66184.101896	12	1.0000	0	0		unchanged (within spread)
rank	http-5xx	(set)	large-subject-throughput	plain	same program	pcrec_36d5963_vm-caps-simdna	measured	pinned	10	ratio_vs_baseline	6.922209	12	1.0000	0	0		unchanged (within spread)
rank	http-5xx	(set)	large-subject-throughput	plain	same program	pcrec_36d5963_vm-caps-simdna	measured	pinned	10	ratio_vs_best	52.733005	12	1.0000	0	0		unchanged (within spread)
rank	http-5xx	(set)	short-subject-search	plain	same program	pcrec_35e1ab1_auto-caps-simdna	measured	pinned	1	median_ns	7012.649637	112	1.0000	0	0		
rank	http-5xx	(set)	short-subject-search	plain	same program	pcrec_35e1ab1_auto-caps-simdna	measured	pinned	1	min_ns	7007.760231	112	1.0000	0	0		
rank	http-5xx	(set)	short-subject-search	plain	same program	pcrec_35e1ab1_auto-caps-simdna	measured	pinned	1	max_ns	7045.671913	112	1.0000	0	0		
rank	http-5xx	(set)	short-subject-search	plain	same program	pcrec_35e1ab1_auto-caps-simdna	measured	pinned	1	stddev_ns	13.801223	112	1.0000	0	0		
rank	http-5xx	(set)	short-subject-search	plain	same program	pcrec_35e1ab1_auto-caps-simdna	measured	pinned	1	ratio_vs_baseline	0.122501	112	1.0000	0	0		
rank	http-5xx	(set)	short-subject-search	plain	same program	pcrec_35e1ab1_auto-caps-simdna	measured	pinned	1	ratio_vs_best	1.000000	112	1.0000	0	0		
rank	http-5xx	(set)	short-subject-search	plain	same program	pcrec_35e1ab1_auto-nocaps-simdna	measured	pinned	2	median_ns	7018.864104	112	1.0000	0	0		
rank	http-5xx	(set)	short-subject-search	plain	same program	pcrec_35e1ab1_auto-nocaps-simdna	measured	pinned	2	min_ns	7013.380881	112	1.0000	0	0		
rank	http-5xx	(set)	short-subject-search	plain	same program	pcrec_35e1ab1_auto-nocaps-simdna	measured	pinned	2	max_ns	7082.358087	112	1.0000	0	0		
rank	http-5xx	(set)	short-subject-search	plain	same program	pcrec_35e1ab1_auto-nocaps-simdna	measured	pinned	2	stddev_ns	26.350644	112	1.0000	0	0		
rank	http-5xx	(set)	short-subject-search	plain	same program	pcrec_35e1ab1_auto-nocaps-simdna	measured	pinned	2	ratio_vs_baseline	0.122610	112	1.0000	0	0		
rank	http-5xx	(set)	short-subject-search	plain	same program	pcrec_35e1ab1_auto-nocaps-simdna	measured	pinned	2	ratio_vs_best	1.000886	112	1.0000	0	0		
rank	http-5xx	(set)	short-subject-search	plain	same program	pcrec_36d5963_auto-caps-simdna	measured	pinned	3	median_ns	7257.973225	112	1.0000	0	0		slower ×1.03
rank	http-5xx	(set)	short-subject-search	plain	same program	pcrec_36d5963_auto-caps-simdna	measured	pinned	3	min_ns	7229.512954	112	1.0000	0	0		slower ×1.03
rank	http-5xx	(set)	short-subject-search	plain	same program	pcrec_36d5963_auto-caps-simdna	measured	pinned	3	max_ns	7305.475488	112	1.0000	0	0		slower ×1.03
rank	http-5xx	(set)	short-subject-search	plain	same program	pcrec_36d5963_auto-caps-simdna	measured	pinned	3	stddev_ns	26.444473	112	1.0000	0	0		slower ×1.03
rank	http-5xx	(set)	short-subject-search	plain	same program	pcrec_36d5963_auto-caps-simdna	measured	pinned	3	ratio_vs_baseline	0.126786	112	1.0000	0	0		slower ×1.03
rank	http-5xx	(set)	short-subject-search	plain	same program	pcrec_36d5963_auto-caps-simdna	measured	pinned	3	ratio_vs_best	1.034983	112	1.0000	0	0		slower ×1.03
rank	http-5xx	(set)	short-subject-search	plain	same program	pcrec_36d5963_auto-nocaps-simdna	measured	pinned	4	median_ns	7269.574866	112	1.0000	0	0		slower ×1.04
rank	http-5xx	(set)	short-subject-search	plain	same program	pcrec_36d5963_auto-nocaps-simdna	measured	pinned	4	min_ns	7224.834460	112	1.0000	0	0		slower ×1.04
rank	http-5xx	(set)	short-subject-search	plain	same program	pcrec_36d5963_auto-nocaps-simdna	measured	pinned	4	max_ns	7274.006390	112	1.0000	0	0		slower ×1.04
rank	http-5xx	(set)	short-subject-search	plain	same program	pcrec_36d5963_auto-nocaps-simdna	measured	pinned	4	stddev_ns	19.477947	112	1.0000	0	0		slower ×1.04
rank	http-5xx	(set)	short-subject-search	plain	same program	pcrec_36d5963_auto-nocaps-simdna	measured	pinned	4	ratio_vs_baseline	0.126989	112	1.0000	0	0		slower ×1.04
rank	http-5xx	(set)	short-subject-search	plain	same program	pcrec_36d5963_auto-nocaps-simdna	measured	pinned	4	ratio_vs_best	1.036637	112	1.0000	0	0		slower ×1.04
rank	http-5xx	(set)	short-subject-search	plain	same program	libpcre2_10.46_interp-caps-simdna	measured	pinned	5	median_ns	57245.677021	112	1.0000	0	0		
rank	http-5xx	(set)	short-subject-search	plain	same program	libpcre2_10.46_interp-caps-simdna	measured	pinned	5	min_ns	57053.115577	112	1.0000	0	0		
rank	http-5xx	(set)	short-subject-search	plain	same program	libpcre2_10.46_interp-caps-simdna	measured	pinned	5	max_ns	58874.253008	112	1.0000	0	0		
rank	http-5xx	(set)	short-subject-search	plain	same program	libpcre2_10.46_interp-caps-simdna	measured	pinned	5	stddev_ns	672.200579	112	1.0000	0	0		
rank	http-5xx	(set)	short-subject-search	plain	same program	libpcre2_10.46_interp-caps-simdna	measured	pinned	5	ratio_vs_baseline	1.000000	112	1.0000	0	0		
rank	http-5xx	(set)	short-subject-search	plain	same program	libpcre2_10.46_interp-caps-simdna	measured	pinned	5	ratio_vs_best	8.163202	112	1.0000	0	0		
rank	http-5xx	(set)	short-subject-search	plain	same program	libpcre2_10.46_jit-caps-simdna	measured	pinned	6	median_ns	104930.829174	112	1.0000	0	0		
rank	http-5xx	(set)	short-subject-search	plain	same program	libpcre2_10.46_jit-caps-simdna	measured	pinned	6	min_ns	104888.353409	112	1.0000	0	0		
rank	http-5xx	(set)	short-subject-search	plain	same program	libpcre2_10.46_jit-caps-simdna	measured	pinned	6	max_ns	105232.967264	112	1.0000	0	0		
rank	http-5xx	(set)	short-subject-search	plain	same program	libpcre2_10.46_jit-caps-simdna	measured	pinned	6	stddev_ns	128.178739	112	1.0000	0	0		
rank	http-5xx	(set)	short-subject-search	plain	same program	libpcre2_10.46_jit-caps-simdna	measured	pinned	6	ratio_vs_baseline	1.832991	112	1.0000	0	0		
rank	http-5xx	(set)	short-subject-search	plain	same program	libpcre2_10.46_jit-caps-simdna	measured	pinned	6	ratio_vs_best	14.963079	112	1.0000	0	0		
rank	http-5xx	(set)	short-subject-search	plain	same program	pcrec_35e1ab1_vm-caps-simdna	measured	pinned	7	median_ns	503333.719130	112	1.0000	0	0		
rank	http-5xx	(set)	short-subject-search	plain	same program	pcrec_35e1ab1_vm-caps-simdna	measured	pinned	7	min_ns	502782.140787	112	1.0000	0	0		
rank	http-5xx	(set)	short-subject-search	plain	same program	pcrec_35e1ab1_vm-caps-simdna	measured	pinned	7	max_ns	506424.472033	112	1.0000	0	0		
rank	http-5xx	(set)	short-subject-search	plain	same program	pcrec_35e1ab1_vm-caps-simdna	measured	pinned	7	stddev_ns	1338.864781	112	1.0000	0	0		
rank	http-5xx	(set)	short-subject-search	plain	same program	pcrec_35e1ab1_vm-caps-simdna	measured	pinned	7	ratio_vs_baseline	8.792519	112	1.0000	0	0		
rank	http-5xx	(set)	short-subject-search	plain	same program	pcrec_35e1ab1_vm-caps-simdna	measured	pinned	7	ratio_vs_best	71.775113	112	1.0000	0	0		
rank	http-5xx	(set)	short-subject-search	plain	same program	pcrec_35e1ab1_vm-in-caps-simdna	measured	pinned	8	median_ns	503403.027659	112	1.0000	0	0		
rank	http-5xx	(set)	short-subject-search	plain	same program	pcrec_35e1ab1_vm-in-caps-simdna	measured	pinned	8	min_ns	502488.562784	112	1.0000	0	0		
rank	http-5xx	(set)	short-subject-search	plain	same program	pcrec_35e1ab1_vm-in-caps-simdna	measured	pinned	8	max_ns	503630.038823	112	1.0000	0	0		
rank	http-5xx	(set)	short-subject-search	plain	same program	pcrec_35e1ab1_vm-in-caps-simdna	measured	pinned	8	stddev_ns	489.280087	112	1.0000	0	0		
rank	http-5xx	(set)	short-subject-search	plain	same program	pcrec_35e1ab1_vm-in-caps-simdna	measured	pinned	8	ratio_vs_baseline	8.793730	112	1.0000	0	0		
rank	http-5xx	(set)	short-subject-search	plain	same program	pcrec_35e1ab1_vm-in-caps-simdna	measured	pinned	8	ratio_vs_best	71.784996	112	1.0000	0	0		
rank	http-5xx	(set)	short-subject-search	plain	same program	pcrec_36d5963_vm-caps-simdna	measured	pinned	9	median_ns	503515.632119	112	1.0000	0	0		unchanged (within spread)
rank	http-5xx	(set)	short-subject-search	plain	same program	pcrec_36d5963_vm-caps-simdna	measured	pinned	9	min_ns	502666.512867	112	1.0000	0	0		unchanged (within spread)
rank	http-5xx	(set)	short-subject-search	plain	same program	pcrec_36d5963_vm-caps-simdna	measured	pinned	9	max_ns	504927.021868	112	1.0000	0	0		unchanged (within spread)
rank	http-5xx	(set)	short-subject-search	plain	same program	pcrec_36d5963_vm-caps-simdna	measured	pinned	9	stddev_ns	777.948029	112	1.0000	0	0		unchanged (within spread)
rank	http-5xx	(set)	short-subject-search	plain	same program	pcrec_36d5963_vm-caps-simdna	measured	pinned	9	ratio_vs_baseline	8.795697	112	1.0000	0	0		unchanged (within spread)
rank	http-5xx	(set)	short-subject-search	plain	same program	pcrec_36d5963_vm-caps-simdna	measured	pinned	9	ratio_vs_best	71.801054	112	1.0000	0	0		unchanged (within spread)
rank	http-5xx	(set)	short-subject-search	plain	same program	pcrec_36d5963_vm-in-caps-simdna	measured	pinned	10	median_ns	503924.774116	112	1.0000	0	0		unchanged (within spread)
rank	http-5xx	(set)	short-subject-search	plain	same program	pcrec_36d5963_vm-in-caps-simdna	measured	pinned	10	min_ns	503406.230775	112	1.0000	0	0		unchanged (within spread)
rank	http-5xx	(set)	short-subject-search	plain	same program	pcrec_36d5963_vm-in-caps-simdna	measured	pinned	10	max_ns	504287.655256	112	1.0000	0	0		unchanged (within spread)
rank	http-5xx	(set)	short-subject-search	plain	same program	pcrec_36d5963_vm-in-caps-simdna	measured	pinned	10	stddev_ns	335.255431	112	1.0000	0	0		unchanged (within spread)
rank	http-5xx	(set)	short-subject-search	plain	same program	pcrec_36d5963_vm-in-caps-simdna	measured	pinned	10	ratio_vs_baseline	8.802844	112	1.0000	0	0		unchanged (within spread)
rank	http-5xx	(set)	short-subject-search	plain	same program	pcrec_36d5963_vm-in-caps-simdna	measured	pinned	10	ratio_vs_best	71.859397	112	1.0000	0	0		unchanged (within spread)
rank	ipv4	(set)	large-subject-throughput	plain	same program	pcrec_36d5963_auto-caps-simdna	measured	pinned	1	median_ns	6907388.841379	12	1.0000	0	0		unchanged (within spread)
rank	ipv4	(set)	large-subject-throughput	plain	same program	pcrec_36d5963_auto-caps-simdna	measured	pinned	1	min_ns	6898329.337931	12	1.0000	0	0		unchanged (within spread)
rank	ipv4	(set)	large-subject-throughput	plain	same program	pcrec_36d5963_auto-caps-simdna	measured	pinned	1	max_ns	6918569.468966	12	1.0000	0	0		unchanged (within spread)
rank	ipv4	(set)	large-subject-throughput	plain	same program	pcrec_36d5963_auto-caps-simdna	measured	pinned	1	stddev_ns	6441.798693	12	1.0000	0	0		unchanged (within spread)
rank	ipv4	(set)	large-subject-throughput	plain	same program	pcrec_36d5963_auto-caps-simdna	measured	pinned	1	ratio_vs_baseline	0.034463	12	1.0000	0	0		unchanged (within spread)
rank	ipv4	(set)	large-subject-throughput	plain	same program	pcrec_36d5963_auto-caps-simdna	measured	pinned	1	ratio_vs_best	1.000000	12	1.0000	0	0		unchanged (within spread)
rank	ipv4	(set)	large-subject-throughput	plain	same program	pcrec_35e1ab1_auto-caps-simdna	measured	pinned	2	median_ns	6912530.319444	12	1.0000	0	0		
rank	ipv4	(set)	large-subject-throughput	plain	same program	pcrec_35e1ab1_auto-caps-simdna	measured	pinned	2	min_ns	6895599.805556	12	1.0000	0	0		
rank	ipv4	(set)	large-subject-throughput	plain	same program	pcrec_35e1ab1_auto-caps-simdna	measured	pinned	2	max_ns	6919251.250000	12	1.0000	0	0		
rank	ipv4	(set)	large-subject-throughput	plain	same program	pcrec_35e1ab1_auto-caps-simdna	measured	pinned	2	stddev_ns	8970.885982	12	1.0000	0	0		
rank	ipv4	(set)	large-subject-throughput	plain	same program	pcrec_35e1ab1_auto-caps-simdna	measured	pinned	2	ratio_vs_baseline	0.034489	12	1.0000	0	0		
rank	ipv4	(set)	large-subject-throughput	plain	same program	pcrec_35e1ab1_auto-caps-simdna	measured	pinned	2	ratio_vs_best	1.000744	12	1.0000	0	0		
rank	ipv4	(set)	large-subject-throughput	plain	same program	pcrec_35e1ab1_auto-nocaps-simdna	measured	pinned	3	median_ns	6923383.410853	12	1.0000	0	0		
rank	ipv4	(set)	large-subject-throughput	plain	same program	pcrec_35e1ab1_auto-nocaps-simdna	measured	pinned	3	min_ns	6897245.674419	12	1.0000	0	0		
rank	ipv4	(set)	large-subject-throughput	plain	same program	pcrec_35e1ab1_auto-nocaps-simdna	measured	pinned	3	max_ns	6999666.899225	12	1.0000	0	0		
rank	ipv4	(set)	large-subject-throughput	plain	same program	pcrec_35e1ab1_auto-nocaps-simdna	measured	pinned	3	stddev_ns	37635.310938	12	1.0000	0	0		
rank	ipv4	(set)	large-subject-throughput	plain	same program	pcrec_35e1ab1_auto-nocaps-simdna	measured	pinned	3	ratio_vs_baseline	0.034543	12	1.0000	0	0		
rank	ipv4	(set)	large-subject-throughput	plain	same program	pcrec_35e1ab1_auto-nocaps-simdna	measured	pinned	3	ratio_vs_best	1.002316	12	1.0000	0	0		
rank	ipv4	(set)	large-subject-throughput	plain	same program	pcrec_36d5963_auto-nocaps-simdna	measured	pinned	4	median_ns	6925931.092857	12	1.0000	0	0		unchanged (within spread)
rank	ipv4	(set)	large-subject-throughput	plain	same program	pcrec_36d5963_auto-nocaps-simdna	measured	pinned	4	min_ns	6902400.578571	12	1.0000	0	0		unchanged (within spread)
rank	ipv4	(set)	large-subject-throughput	plain	same program	pcrec_36d5963_auto-nocaps-simdna	measured	pinned	4	max_ns	6967184.178571	12	1.0000	0	0		unchanged (within spread)
rank	ipv4	(set)	large-subject-throughput	plain	same program	pcrec_36d5963_auto-nocaps-simdna	measured	pinned	4	stddev_ns	22726.149068	12	1.0000	0	0		unchanged (within spread)
rank	ipv4	(set)	large-subject-throughput	plain	same program	pcrec_36d5963_auto-nocaps-simdna	measured	pinned	4	ratio_vs_baseline	0.034556	12	1.0000	0	0		unchanged (within spread)
rank	ipv4	(set)	large-subject-throughput	plain	same program	pcrec_36d5963_auto-nocaps-simdna	measured	pinned	4	ratio_vs_best	1.002684	12	1.0000	0	0		unchanged (within spread)
rank	ipv4	(set)	large-subject-throughput	plain	same program	libpcre2_10.46_jit-caps-simdna	measured	pinned	5	median_ns	21694352.000000	12	1.0000	0	0		
rank	ipv4	(set)	large-subject-throughput	plain	same program	libpcre2_10.46_jit-caps-simdna	measured	pinned	5	min_ns	21682575.113636	12	1.0000	0	0		
rank	ipv4	(set)	large-subject-throughput	plain	same program	libpcre2_10.46_jit-caps-simdna	measured	pinned	5	max_ns	21807957.477273	12	1.0000	0	0		
rank	ipv4	(set)	large-subject-throughput	plain	same program	libpcre2_10.46_jit-caps-simdna	measured	pinned	5	stddev_ns	47315.762558	12	1.0000	0	0		
rank	ipv4	(set)	large-subject-throughput	plain	same program	libpcre2_10.46_jit-caps-simdna	measured	pinned	5	ratio_vs_baseline	0.108241	12	1.0000	0	0		
rank	ipv4	(set)	large-subject-throughput	plain	same program	libpcre2_10.46_jit-caps-simdna	measured	pinned	5	ratio_vs_best	3.140746	12	1.0000	0	0		
rank	ipv4	(set)	large-subject-throughput	plain	same program	pcrec_35e1ab1_vm-caps-simdna	measured	pinned	6	median_ns	77502003.166667	12	1.0000	0	0		
rank	ipv4	(set)	large-subject-throughput	plain	same program	pcrec_35e1ab1_vm-caps-simdna	measured	pinned	6	min_ns	77345405.583333	12	1.0000	0	0		
rank	ipv4	(set)	large-subject-throughput	plain	same program	pcrec_35e1ab1_vm-caps-simdna	measured	pinned	6	max_ns	78005367.916667	12	1.0000	0	0		
rank	ipv4	(set)	large-subject-throughput	plain	same program	pcrec_35e1ab1_vm-caps-simdna	measured	pinned	6	stddev_ns	232120.046053	12	1.0000	0	0		
rank	ipv4	(set)	large-subject-throughput	plain	same program	pcrec_35e1ab1_vm-caps-simdna	measured	pinned	6	ratio_vs_baseline	0.386684	12	1.0000	0	0		
rank	ipv4	(set)	large-subject-throughput	plain	same program	pcrec_35e1ab1_vm-caps-simdna	measured	pinned	6	ratio_vs_best	11.220159	12	1.0000	0	0		
rank	ipv4	(set)	large-subject-throughput	plain	same program	pcrec_36d5963_vm-caps-simdna	measured	pinned	7	median_ns	77673273.166667	12	1.0000	0	0		unchanged (within spread)
rank	ipv4	(set)	large-subject-throughput	plain	same program	pcrec_36d5963_vm-caps-simdna	measured	pinned	7	min_ns	77565046.750000	12	1.0000	0	0		unchanged (within spread)
rank	ipv4	(set)	large-subject-throughput	plain	same program	pcrec_36d5963_vm-caps-simdna	measured	pinned	7	max_ns	77700880.000000	12	1.0000	0	0		unchanged (within spread)
rank	ipv4	(set)	large-subject-throughput	plain	same program	pcrec_36d5963_vm-caps-simdna	measured	pinned	7	stddev_ns	49145.967112	12	1.0000	0	0		unchanged (within spread)
rank	ipv4	(set)	large-subject-throughput	plain	same program	pcrec_36d5963_vm-caps-simdna	measured	pinned	7	ratio_vs_baseline	0.387539	12	1.0000	0	0		unchanged (within spread)
rank	ipv4	(set)	large-subject-throughput	plain	same program	pcrec_36d5963_vm-caps-simdna	measured	pinned	7	ratio_vs_best	11.244954	12	1.0000	0	0		unchanged (within spread)
rank	ipv4	(set)	large-subject-throughput	plain	same program	pcrec_35e1ab1_vm-in-caps-simdna	measured	pinned	8	median_ns	78533027.363636	12	1.0000	0	0		
rank	ipv4	(set)	large-subject-throughput	plain	same program	pcrec_35e1ab1_vm-in-caps-simdna	measured	pinned	8	min_ns	78298749.545455	12	1.0000	0	0		
rank	ipv4	(set)	large-subject-throughput	plain	same program	pcrec_35e1ab1_vm-in-caps-simdna	measured	pinned	8	max_ns	78751671.363636	12	1.0000	0	0		
rank	ipv4	(set)	large-subject-throughput	plain	same program	pcrec_35e1ab1_vm-in-caps-simdna	measured	pinned	8	stddev_ns	179591.218432	12	1.0000	0	0		
rank	ipv4	(set)	large-subject-throughput	plain	same program	pcrec_35e1ab1_vm-in-caps-simdna	measured	pinned	8	ratio_vs_baseline	0.391829	12	1.0000	0	0		
rank	ipv4	(set)	large-subject-throughput	plain	same program	pcrec_35e1ab1_vm-in-caps-simdna	measured	pinned	8	ratio_vs_best	11.369423	12	1.0000	0	0		
rank	ipv4	(set)	large-subject-throughput	plain	same program	pcrec_36d5963_vm-in-caps-simdna	measured	pinned	9	median_ns	78796953.181818	12	1.0000	0	0		unchanged (within spread)
rank	ipv4	(set)	large-subject-throughput	plain	same program	pcrec_36d5963_vm-in-caps-simdna	measured	pinned	9	min_ns	78081247.090909	12	1.0000	0	0		unchanged (within spread)
rank	ipv4	(set)	large-subject-throughput	plain	same program	pcrec_36d5963_vm-in-caps-simdna	measured	pinned	9	max_ns	81555306.818182	12	1.0000	0	0		unchanged (within spread)
rank	ipv4	(set)	large-subject-throughput	plain	same program	pcrec_36d5963_vm-in-caps-simdna	measured	pinned	9	stddev_ns	1266731.063158	12	1.0000	0	0		unchanged (within spread)
rank	ipv4	(set)	large-subject-throughput	plain	same program	pcrec_36d5963_vm-in-caps-simdna	measured	pinned	9	ratio_vs_baseline	0.393145	12	1.0000	0	0		unchanged (within spread)
rank	ipv4	(set)	large-subject-throughput	plain	same program	pcrec_36d5963_vm-in-caps-simdna	measured	pinned	9	ratio_vs_best	11.407632	12	1.0000	0	0		unchanged (within spread)
rank	ipv4	(set)	large-subject-throughput	plain	same program	libpcre2_10.46_interp-caps-simdna	measured	pinned	10	median_ns	200426982.800000	12	1.0000	0	0		
rank	ipv4	(set)	large-subject-throughput	plain	same program	libpcre2_10.46_interp-caps-simdna	measured	pinned	10	min_ns	199228639.600000	12	1.0000	0	0		
rank	ipv4	(set)	large-subject-throughput	plain	same program	libpcre2_10.46_interp-caps-simdna	measured	pinned	10	max_ns	202103573.200000	12	1.0000	0	0		
rank	ipv4	(set)	large-subject-throughput	plain	same program	libpcre2_10.46_interp-caps-simdna	measured	pinned	10	stddev_ns	978191.971558	12	1.0000	0	0		
rank	ipv4	(set)	large-subject-throughput	plain	same program	libpcre2_10.46_interp-caps-simdna	measured	pinned	10	ratio_vs_baseline	1.000000	12	1.0000	0	0		
rank	ipv4	(set)	large-subject-throughput	plain	same program	libpcre2_10.46_interp-caps-simdna	measured	pinned	10	ratio_vs_best	29.016317	12	1.0000	0	0		
rank	ipv4	(set)	short-subject-search	plain	same program	pcrec_35e1ab1_auto-nocaps-simdna	measured	pinned	1	median_ns	203601.800648	112	1.0000	0	0		
rank	ipv4	(set)	short-subject-search	plain	same program	pcrec_35e1ab1_auto-nocaps-simdna	measured	pinned	1	min_ns	203455.086094	112	1.0000	0	0		
rank	ipv4	(set)	short-subject-search	plain	same program	pcrec_35e1ab1_auto-nocaps-simdna	measured	pinned	1	max_ns	204725.866362	112	1.0000	0	0		
rank	ipv4	(set)	short-subject-search	plain	same program	pcrec_35e1ab1_auto-nocaps-simdna	measured	pinned	1	stddev_ns	480.247345	112	1.0000	0	0		
rank	ipv4	(set)	short-subject-search	plain	same program	pcrec_35e1ab1_auto-nocaps-simdna	measured	pinned	1	ratio_vs_baseline	0.026083	112	1.0000	0	0		
rank	ipv4	(set)	short-subject-search	plain	same program	pcrec_35e1ab1_auto-nocaps-simdna	measured	pinned	1	ratio_vs_best	1.000000	112	1.0000	0	0		
rank	ipv4	(set)	short-subject-search	plain	same program	pcrec_35e1ab1_auto-caps-simdna	measured	pinned	2	median_ns	204106.890619	112	1.0000	0	0		
rank	ipv4	(set)	short-subject-search	plain	same program	pcrec_35e1ab1_auto-caps-simdna	measured	pinned	2	min_ns	203881.856265	112	1.0000	0	0		
rank	ipv4	(set)	short-subject-search	plain	same program	pcrec_35e1ab1_auto-caps-simdna	measured	pinned	2	max_ns	204376.513829	112	1.0000	0	0		
rank	ipv4	(set)	short-subject-search	plain	same program	pcrec_35e1ab1_auto-caps-simdna	measured	pinned	2	stddev_ns	168.817608	112	1.0000	0	0		
rank	ipv4	(set)	short-subject-search	plain	same program	pcrec_35e1ab1_auto-caps-simdna	measured	pinned	2	ratio_vs_baseline	0.026148	112	1.0000	0	0		
rank	ipv4	(set)	short-subject-search	plain	same program	pcrec_35e1ab1_auto-caps-simdna	measured	pinned	2	ratio_vs_best	1.002481	112	1.0000	0	0		
rank	ipv4	(set)	short-subject-search	plain	same program	pcrec_36d5963_auto-nocaps-simdna	measured	pinned	3	median_ns	204301.059998	112	1.0000	0	0		unchanged (within spread)
rank	ipv4	(set)	short-subject-search	plain	same program	pcrec_36d5963_auto-nocaps-simdna	measured	pinned	3	min_ns	203657.274213	112	1.0000	0	0		unchanged (within spread)
rank	ipv4	(set)	short-subject-search	plain	same program	pcrec_36d5963_auto-nocaps-simdna	measured	pinned	3	max_ns	204759.096570	112	1.0000	0	0		unchanged (within spread)
rank	ipv4	(set)	short-subject-search	plain	same program	pcrec_36d5963_auto-nocaps-simdna	measured	pinned	3	stddev_ns	357.150077	112	1.0000	0	0		unchanged (within spread)
rank	ipv4	(set)	short-subject-search	plain	same program	pcrec_36d5963_auto-nocaps-simdna	measured	pinned	3	ratio_vs_baseline	0.026173	112	1.0000	0	0		unchanged (within spread)
rank	ipv4	(set)	short-subject-search	plain	same program	pcrec_36d5963_auto-nocaps-simdna	measured	pinned	3	ratio_vs_best	1.003434	112	1.0000	0	0		unchanged (within spread)
rank	ipv4	(set)	short-subject-search	plain	same program	pcrec_36d5963_auto-caps-simdna	measured	pinned	4	median_ns	204423.246080	112	1.0000	0	0		unchanged (within spread)
rank	ipv4	(set)	short-subject-search	plain	same program	pcrec_36d5963_auto-caps-simdna	measured	pinned	4	min_ns	203665.901725	112	1.0000	0	0		unchanged (within spread)
rank	ipv4	(set)	short-subject-search	plain	same program	pcrec_36d5963_auto-caps-simdna	measured	pinned	4	max_ns	205609.755047	112	1.0000	0	0		unchanged (within spread)
rank	ipv4	(set)	short-subject-search	plain	same program	pcrec_36d5963_auto-caps-simdna	measured	pinned	4	stddev_ns	733.818608	112	1.0000	0	0		unchanged (within spread)
rank	ipv4	(set)	short-subject-search	plain	same program	pcrec_36d5963_auto-caps-simdna	measured	pinned	4	ratio_vs_baseline	0.026189	112	1.0000	0	0		unchanged (within spread)
rank	ipv4	(set)	short-subject-search	plain	same program	pcrec_36d5963_auto-caps-simdna	measured	pinned	4	ratio_vs_best	1.004035	112	1.0000	0	0		unchanged (within spread)
rank	ipv4	(set)	short-subject-search	plain	same program	libpcre2_10.46_jit-caps-simdna	measured	pinned	5	median_ns	723996.525145	112	1.0000	0	0		
rank	ipv4	(set)	short-subject-search	plain	same program	libpcre2_10.46_jit-caps-simdna	measured	pinned	5	min_ns	723500.417274	112	1.0000	0	0		
rank	ipv4	(set)	short-subject-search	plain	same program	libpcre2_10.46_jit-caps-simdna	measured	pinned	5	max_ns	724470.337353	112	1.0000	0	0		
rank	ipv4	(set)	short-subject-search	plain	same program	libpcre2_10.46_jit-caps-simdna	measured	pinned	5	stddev_ns	363.326295	112	1.0000	0	0		
rank	ipv4	(set)	short-subject-search	plain	same program	libpcre2_10.46_jit-caps-simdna	measured	pinned	5	ratio_vs_baseline	0.092751	112	1.0000	0	0		
rank	ipv4	(set)	short-subject-search	plain	same program	libpcre2_10.46_jit-caps-simdna	measured	pinned	5	ratio_vs_best	3.555944	112	1.0000	0	0		
rank	ipv4	(set)	short-subject-search	plain	same program	pcrec_36d5963_vm-caps-simdna	measured	pinned	6	median_ns	2975177.529812	112	1.0000	0	0		unchanged (within spread)
rank	ipv4	(set)	short-subject-search	plain	same program	pcrec_36d5963_vm-caps-simdna	measured	pinned	6	min_ns	2932982.973189	112	1.0000	0	0		unchanged (within spread)
rank	ipv4	(set)	short-subject-search	plain	same program	pcrec_36d5963_vm-caps-simdna	measured	pinned	6	max_ns	3008190.894358	112	1.0000	0	0		unchanged (within spread)
rank	ipv4	(set)	short-subject-search	plain	same program	pcrec_36d5963_vm-caps-simdna	measured	pinned	6	stddev_ns	26080.277580	112	1.0000	0	0		unchanged (within spread)
rank	ipv4	(set)	short-subject-search	plain	same program	pcrec_36d5963_vm-caps-simdna	measured	pinned	6	ratio_vs_baseline	0.381148	112	1.0000	0	0		unchanged (within spread)
rank	ipv4	(set)	short-subject-search	plain	same program	pcrec_36d5963_vm-caps-simdna	measured	pinned	6	ratio_vs_best	14.612727	112	1.0000	0	0		unchanged (within spread)
rank	ipv4	(set)	short-subject-search	plain	same program	pcrec_35e1ab1_vm-caps-simdna	measured	pinned	7	median_ns	2976307.937027	112	1.0000	0	0		
rank	ipv4	(set)	short-subject-search	plain	same program	pcrec_35e1ab1_vm-caps-simdna	measured	pinned	7	min_ns	2956043.153846	112	1.0000	0	0		
rank	ipv4	(set)	short-subject-search	plain	same program	pcrec_35e1ab1_vm-caps-simdna	measured	pinned	7	max_ns	5961327.957354	112	1.0000	0	0		
rank	ipv4	(set)	short-subject-search	plain	same program	pcrec_35e1ab1_vm-caps-simdna	measured	pinned	7	stddev_ns	1197488.322202	112	1.0000	0	0		
rank	ipv4	(set)	short-subject-search	plain	same program	pcrec_35e1ab1_vm-caps-simdna	measured	pinned	7	ratio_vs_baseline	0.381293	112	1.0000	0	0		
rank	ipv4	(set)	short-subject-search	plain	same program	pcrec_35e1ab1_vm-caps-simdna	measured	pinned	7	ratio_vs_best	14.618279	112	1.0000	0	0		
rank	ipv4	(set)	short-subject-search	plain	same program	pcrec_35e1ab1_vm-in-caps-simdna	measured	pinned	8	median_ns	3005184.261600	112	1.0000	0	0		
rank	ipv4	(set)	short-subject-search	plain	same program	pcrec_35e1ab1_vm-in-caps-simdna	measured	pinned	8	min_ns	2967762.996000	112	1.0000	0	0		
rank	ipv4	(set)	short-subject-search	plain	same program	pcrec_35e1ab1_vm-in-caps-simdna	measured	pinned	8	max_ns	3072936.696400	112	1.0000	0	0		
rank	ipv4	(set)	short-subject-search	plain	same program	pcrec_35e1ab1_vm-in-caps-simdna	measured	pinned	8	stddev_ns	34765.698161	112	1.0000	0	0		
rank	ipv4	(set)	short-subject-search	plain	same program	pcrec_35e1ab1_vm-in-caps-simdna	measured	pinned	8	ratio_vs_baseline	0.384992	112	1.0000	0	0		
rank	ipv4	(set)	short-subject-search	plain	same program	pcrec_35e1ab1_vm-in-caps-simdna	measured	pinned	8	ratio_vs_best	14.760107	112	1.0000	0	0		
rank	ipv4	(set)	short-subject-search	plain	same program	pcrec_36d5963_vm-in-caps-simdna	measured	pinned	9	median_ns	3060584.375000	112	1.0000	0	0		unchanged (within spread)
rank	ipv4	(set)	short-subject-search	plain	same program	pcrec_36d5963_vm-in-caps-simdna	measured	pinned	9	min_ns	2970475.589856	112	1.0000	0	0		unchanged (within spread)
rank	ipv4	(set)	short-subject-search	plain	same program	pcrec_36d5963_vm-in-caps-simdna	measured	pinned	9	max_ns	3081924.679712	112	1.0000	0	0		unchanged (within spread)
rank	ipv4	(set)	short-subject-search	plain	same program	pcrec_36d5963_vm-in-caps-simdna	measured	pinned	9	stddev_ns	39078.859417	112	1.0000	0	0		unchanged (within spread)
rank	ipv4	(set)	short-subject-search	plain	same program	pcrec_36d5963_vm-in-caps-simdna	measured	pinned	9	ratio_vs_baseline	0.392089	112	1.0000	0	0		unchanged (within spread)
rank	ipv4	(set)	short-subject-search	plain	same program	pcrec_36d5963_vm-in-caps-simdna	measured	pinned	9	ratio_vs_best	15.032207	112	1.0000	0	0		unchanged (within spread)
rank	ipv4	(set)	short-subject-search	plain	same program	libpcre2_10.46_interp-caps-simdna	measured	pinned	10	median_ns	7805837.875000	112	1.0000	0	0		
rank	ipv4	(set)	short-subject-search	plain	same program	libpcre2_10.46_interp-caps-simdna	measured	pinned	10	min_ns	7788014.712185	112	1.0000	0	0		
rank	ipv4	(set)	short-subject-search	plain	same program	libpcre2_10.46_interp-caps-simdna	measured	pinned	10	max_ns	7814763.469538	112	1.0000	0	0		
rank	ipv4	(set)	short-subject-search	plain	same program	libpcre2_10.46_interp-caps-simdna	measured	pinned	10	stddev_ns	10794.116183	112	1.0000	0	0		
rank	ipv4	(set)	short-subject-search	plain	same program	libpcre2_10.46_interp-caps-simdna	measured	pinned	10	ratio_vs_baseline	1.000000	112	1.0000	0	0		
rank	ipv4	(set)	short-subject-search	plain	same program	libpcre2_10.46_interp-caps-simdna	measured	pinned	10	ratio_vs_best	38.338747	112	1.0000	0	0		
rank	ipv6	(set)	large-subject-throughput	plain	same program	pcrec_35e1ab1_auto-nocaps-simdna	measured	pinned	1	median_ns	10287202.941860	12	1.0000	0	0		
rank	ipv6	(set)	large-subject-throughput	plain	same program	pcrec_35e1ab1_auto-nocaps-simdna	measured	pinned	1	min_ns	10280352.534884	12	1.0000	0	0		
rank	ipv6	(set)	large-subject-throughput	plain	same program	pcrec_35e1ab1_auto-nocaps-simdna	measured	pinned	1	max_ns	10291025.058140	12	1.0000	0	0		
rank	ipv6	(set)	large-subject-throughput	plain	same program	pcrec_35e1ab1_auto-nocaps-simdna	measured	pinned	1	stddev_ns	3738.527749	12	1.0000	0	0		
rank	ipv6	(set)	large-subject-throughput	plain	same program	pcrec_35e1ab1_auto-nocaps-simdna	measured	pinned	1	ratio_vs_baseline	0.046743	12	1.0000	0	0		
rank	ipv6	(set)	large-subject-throughput	plain	same program	pcrec_35e1ab1_auto-nocaps-simdna	measured	pinned	1	ratio_vs_best	1.000000	12	1.0000	0	0		
rank	ipv6	(set)	large-subject-throughput	plain	same program	pcrec_35e1ab1_auto-caps-simdna	measured	pinned	2	median_ns	10299058.117647	12	1.0000	0	0		
rank	ipv6	(set)	large-subject-throughput	plain	same program	pcrec_35e1ab1_auto-caps-simdna	measured	pinned	2	min_ns	10287497.247059	12	1.0000	0	0		
rank	ipv6	(set)	large-subject-throughput	plain	same program	pcrec_35e1ab1_auto-caps-simdna	measured	pinned	2	max_ns	10303495.800000	12	1.0000	0	0		
rank	ipv6	(set)	large-subject-throughput	plain	same program	pcrec_35e1ab1_auto-caps-simdna	measured	pinned	2	stddev_ns	6109.876771	12	1.0000	0	0		
rank	ipv6	(set)	large-subject-throughput	plain	same program	pcrec_35e1ab1_auto-caps-simdna	measured	pinned	2	ratio_vs_baseline	0.046797	12	1.0000	0	0		
rank	ipv6	(set)	large-subject-throughput	plain	same program	pcrec_35e1ab1_auto-caps-simdna	measured	pinned	2	ratio_vs_best	1.001152	12	1.0000	0	0		
rank	ipv6	(set)	large-subject-throughput	plain	same program	pcrec_36d5963_auto-caps-simdna	measured	pinned	3	median_ns	10304945.465116	12	1.0000	0	0		unchanged (within spread)
rank	ipv6	(set)	large-subject-throughput	plain	same program	pcrec_36d5963_auto-caps-simdna	measured	pinned	3	min_ns	10287210.941860	12	1.0000	0	0		unchanged (within spread)
rank	ipv6	(set)	large-subject-throughput	plain	same program	pcrec_36d5963_auto-caps-simdna	measured	pinned	3	max_ns	10452307.395349	12	1.0000	0	0		unchanged (within spread)
rank	ipv6	(set)	large-subject-throughput	plain	same program	pcrec_36d5963_auto-caps-simdna	measured	pinned	3	stddev_ns	61506.184033	12	1.0000	0	0		unchanged (within spread)
rank	ipv6	(set)	large-subject-throughput	plain	same program	pcrec_36d5963_auto-caps-simdna	measured	pinned	3	ratio_vs_baseline	0.046824	12	1.0000	0	0		unchanged (within spread)
rank	ipv6	(set)	large-subject-throughput	plain	same program	pcrec_36d5963_auto-caps-simdna	measured	pinned	3	ratio_vs_best	1.001725	12	1.0000	0	0		unchanged (within spread)
rank	ipv6	(set)	large-subject-throughput	plain	same program	pcrec_36d5963_auto-nocaps-simdna	measured	pinned	4	median_ns	10326381.183908	12	1.0000	0	0		unchanged (within spread)
rank	ipv6	(set)	large-subject-throughput	plain	same program	pcrec_36d5963_auto-nocaps-simdna	measured	pinned	4	min_ns	10307001.758621	12	1.0000	0	0		unchanged (within spread)
rank	ipv6	(set)	large-subject-throughput	plain	same program	pcrec_36d5963_auto-nocaps-simdna	measured	pinned	4	max_ns	10414821.252874	12	1.0000	0	0		unchanged (within spread)
rank	ipv6	(set)	large-subject-throughput	plain	same program	pcrec_36d5963_auto-nocaps-simdna	measured	pinned	4	stddev_ns	38413.658435	12	1.0000	0	0		unchanged (within spread)
rank	ipv6	(set)	large-subject-throughput	plain	same program	pcrec_36d5963_auto-nocaps-simdna	measured	pinned	4	ratio_vs_baseline	0.046921	12	1.0000	0	0		unchanged (within spread)
rank	ipv6	(set)	large-subject-throughput	plain	same program	pcrec_36d5963_auto-nocaps-simdna	measured	pinned	4	ratio_vs_best	1.003808	12	1.0000	0	0		unchanged (within spread)
rank	ipv6	(set)	large-subject-throughput	plain	same program	libpcre2_10.46_jit-caps-simdna	measured	pinned	5	median_ns	31707840.642857	12	1.0000	0	0		
rank	ipv6	(set)	large-subject-throughput	plain	same program	libpcre2_10.46_jit-caps-simdna	measured	pinned	5	min_ns	31677712.964286	12	1.0000	0	0		
rank	ipv6	(set)	large-subject-throughput	plain	same program	libpcre2_10.46_jit-caps-simdna	measured	pinned	5	max_ns	31763594.571429	12	1.0000	0	0		
rank	ipv6	(set)	large-subject-throughput	plain	same program	libpcre2_10.46_jit-caps-simdna	measured	pinned	5	stddev_ns	29293.407325	12	1.0000	0	0		
rank	ipv6	(set)	large-subject-throughput	plain	same program	libpcre2_10.46_jit-caps-simdna	measured	pinned	5	ratio_vs_baseline	0.144075	12	1.0000	0	0		
rank	ipv6	(set)	large-subject-throughput	plain	same program	libpcre2_10.46_jit-caps-simdna	measured	pinned	5	ratio_vs_best	3.082261	12	1.0000	0	0		
rank	ipv6	(set)	large-subject-throughput	plain	same program	pcrec_36d5963_vm-caps-simdna	measured	pinned	6	median_ns	114011472.500000	12	1.0000	0	0		unchanged (within spread)
rank	ipv6	(set)	large-subject-throughput	plain	same program	pcrec_36d5963_vm-caps-simdna	measured	pinned	6	min_ns	113837019.125000	12	1.0000	0	0		unchanged (within spread)
rank	ipv6	(set)	large-subject-throughput	plain	same program	pcrec_36d5963_vm-caps-simdna	measured	pinned	6	max_ns	116360938.875000	12	1.0000	0	0		unchanged (within spread)
rank	ipv6	(set)	large-subject-throughput	plain	same program	pcrec_36d5963_vm-caps-simdna	measured	pinned	6	stddev_ns	957979.864231	12	1.0000	0	0		unchanged (within spread)
rank	ipv6	(set)	large-subject-throughput	plain	same program	pcrec_36d5963_vm-caps-simdna	measured	pinned	6	ratio_vs_baseline	0.518049	12	1.0000	0	0		unchanged (within spread)
rank	ipv6	(set)	large-subject-throughput	plain	same program	pcrec_36d5963_vm-caps-simdna	measured	pinned	6	ratio_vs_best	11.082845	12	1.0000	0	0		unchanged (within spread)
rank	ipv6	(set)	large-subject-throughput	plain	same program	pcrec_35e1ab1_vm-caps-simdna	measured	pinned	7	median_ns	114383427.750000	12	1.0000	0	0		
rank	ipv6	(set)	large-subject-throughput	plain	same program	pcrec_35e1ab1_vm-caps-simdna	measured	pinned	7	min_ns	113818981.625000	12	1.0000	0	0		
rank	ipv6	(set)	large-subject-throughput	plain	same program	pcrec_35e1ab1_vm-caps-simdna	measured	pinned	7	max_ns	114673171.875000	12	1.0000	0	0		
rank	ipv6	(set)	large-subject-throughput	plain	same program	pcrec_35e1ab1_vm-caps-simdna	measured	pinned	7	stddev_ns	348829.883002	12	1.0000	0	0		
rank	ipv6	(set)	large-subject-throughput	plain	same program	pcrec_35e1ab1_vm-caps-simdna	measured	pinned	7	ratio_vs_baseline	0.519739	12	1.0000	0	0		
rank	ipv6	(set)	large-subject-throughput	plain	same program	pcrec_35e1ab1_vm-caps-simdna	measured	pinned	7	ratio_vs_best	11.119002	12	1.0000	0	0		
rank	ipv6	(set)	large-subject-throughput	plain	same program	pcrec_36d5963_vm-in-caps-simdna	measured	pinned	8	median_ns	115232043.714286	12	1.0000	0	0		faster ×1.01
rank	ipv6	(set)	large-subject-throughput	plain	same program	pcrec_36d5963_vm-in-caps-simdna	measured	pinned	8	min_ns	114288735.142857	12	1.0000	0	0		faster ×1.01
rank	ipv6	(set)	large-subject-throughput	plain	same program	pcrec_36d5963_vm-in-caps-simdna	measured	pinned	8	max_ns	115247951.000000	12	1.0000	0	0		faster ×1.01
rank	ipv6	(set)	large-subject-throughput	plain	same program	pcrec_36d5963_vm-in-caps-simdna	measured	pinned	8	stddev_ns	373769.207264	12	1.0000	0	0		faster ×1.01
rank	ipv6	(set)	large-subject-throughput	plain	same program	pcrec_36d5963_vm-in-caps-simdna	measured	pinned	8	ratio_vs_baseline	0.523595	12	1.0000	0	0		faster ×1.01
rank	ipv6	(set)	large-subject-throughput	plain	same program	pcrec_36d5963_vm-in-caps-simdna	measured	pinned	8	ratio_vs_best	11.201494	12	1.0000	0	0		faster ×1.01
rank	ipv6	(set)	large-subject-throughput	plain	same program	pcrec_35e1ab1_vm-in-caps-simdna	measured	pinned	9	median_ns	116083263.428571	12	1.0000	0	0		
rank	ipv6	(set)	large-subject-throughput	plain	same program	pcrec_35e1ab1_vm-in-caps-simdna	measured	pinned	9	min_ns	115840359.142857	12	1.0000	0	0		
rank	ipv6	(set)	large-subject-throughput	plain	same program	pcrec_35e1ab1_vm-in-caps-simdna	measured	pinned	9	max_ns	116568010.428571	12	1.0000	0	0		
rank	ipv6	(set)	large-subject-throughput	plain	same program	pcrec_35e1ab1_vm-in-caps-simdna	measured	pinned	9	stddev_ns	236930.307937	12	1.0000	0	0		
rank	ipv6	(set)	large-subject-throughput	plain	same program	pcrec_35e1ab1_vm-in-caps-simdna	measured	pinned	9	ratio_vs_baseline	0.527462	12	1.0000	0	0		
rank	ipv6	(set)	large-subject-throughput	plain	same program	pcrec_35e1ab1_vm-in-caps-simdna	measured	pinned	9	ratio_vs_best	11.284240	12	1.0000	0	0		
rank	ipv6	(set)	large-subject-throughput	plain	same program	libpcre2_10.46_interp-caps-simdna	measured	pinned	10	median_ns	220078709.250000	12	1.0000	0	0		
rank	ipv6	(set)	large-subject-throughput	plain	same program	libpcre2_10.46_interp-caps-simdna	measured	pinned	10	min_ns	218097713.250000	12	1.0000	0	0		
rank	ipv6	(set)	large-subject-throughput	plain	same program	libpcre2_10.46_interp-caps-simdna	measured	pinned	10	max_ns	227936607.000000	12	1.0000	0	0		
rank	ipv6	(set)	large-subject-throughput	plain	same program	libpcre2_10.46_interp-caps-simdna	measured	pinned	10	stddev_ns	3586826.052573	12	1.0000	0	0		
rank	ipv6	(set)	large-subject-throughput	plain	same program	libpcre2_10.46_interp-caps-simdna	measured	pinned	10	ratio_vs_baseline	1.000000	12	1.0000	0	0		
rank	ipv6	(set)	large-subject-throughput	plain	same program	libpcre2_10.46_interp-caps-simdna	measured	pinned	10	ratio_vs_best	21.393445	12	1.0000	0	0		
rank	ipv6	(set)	short-subject-search	plain	same program	pcrec_35e1ab1_auto-nocaps-simdna	measured	pinned	1	median_ns	258264.341402	112	1.0000	0	0		
rank	ipv6	(set)	short-subject-search	plain	same program	pcrec_35e1ab1_auto-nocaps-simdna	measured	pinned	1	min_ns	257594.681362	112	1.0000	0	0		
rank	ipv6	(set)	short-subject-search	plain	same program	pcrec_35e1ab1_auto-nocaps-simdna	measured	pinned	1	max_ns	258321.838309	112	1.0000	0	0		
rank	ipv6	(set)	short-subject-search	plain	same program	pcrec_35e1ab1_auto-nocaps-simdna	measured	pinned	1	stddev_ns	272.027495	112	1.0000	0	0		
rank	ipv6	(set)	short-subject-search	plain	same program	pcrec_35e1ab1_auto-nocaps-simdna	measured	pinned	1	ratio_vs_baseline	0.031182	112	1.0000	0	0		
rank	ipv6	(set)	short-subject-search	plain	same program	pcrec_35e1ab1_auto-nocaps-simdna	measured	pinned	1	ratio_vs_best	1.000000	112	1.0000	0	0		
rank	ipv6	(set)	short-subject-search	plain	same program	pcrec_36d5963_auto-nocaps-simdna	measured	pinned	2	median_ns	258267.360351	112	1.0000	0	0		unchanged (within spread)
rank	ipv6	(set)	short-subject-search	plain	same program	pcrec_36d5963_auto-nocaps-simdna	measured	pinned	2	min_ns	257823.980129	112	1.0000	0	0		unchanged (within spread)
rank	ipv6	(set)	short-subject-search	plain	same program	pcrec_36d5963_auto-nocaps-simdna	measured	pinned	2	max_ns	260080.669394	112	1.0000	0	0		unchanged (within spread)
rank	ipv6	(set)	short-subject-search	plain	same program	pcrec_36d5963_auto-nocaps-simdna	measured	pinned	2	stddev_ns	779.544404	112	1.0000	0	0		unchanged (within spread)
rank	ipv6	(set)	short-subject-search	plain	same program	pcrec_36d5963_auto-nocaps-simdna	measured	pinned	2	ratio_vs_baseline	0.031182	112	1.0000	0	0		unchanged (within spread)
rank	ipv6	(set)	short-subject-search	plain	same program	pcrec_36d5963_auto-nocaps-simdna	measured	pinned	2	ratio_vs_best	1.000012	112	1.0000	0	0		unchanged (within spread)
rank	ipv6	(set)	short-subject-search	plain	same program	pcrec_36d5963_auto-caps-simdna	measured	pinned	3	median_ns	258381.952982	112	1.0000	0	0		unchanged (within spread)
rank	ipv6	(set)	short-subject-search	plain	same program	pcrec_36d5963_auto-caps-simdna	measured	pinned	3	min_ns	257664.881403	112	1.0000	0	0		unchanged (within spread)
rank	ipv6	(set)	short-subject-search	plain	same program	pcrec_36d5963_auto-caps-simdna	measured	pinned	3	max_ns	258759.166743	112	1.0000	0	0		unchanged (within spread)
rank	ipv6	(set)	short-subject-search	plain	same program	pcrec_36d5963_auto-caps-simdna	measured	pinned	3	stddev_ns	375.529608	112	1.0000	0	0		unchanged (within spread)
rank	ipv6	(set)	short-subject-search	plain	same program	pcrec_36d5963_auto-caps-simdna	measured	pinned	3	ratio_vs_baseline	0.031196	112	1.0000	0	0		unchanged (within spread)
rank	ipv6	(set)	short-subject-search	plain	same program	pcrec_36d5963_auto-caps-simdna	measured	pinned	3	ratio_vs_best	1.000455	112	1.0000	0	0		unchanged (within spread)
rank	ipv6	(set)	short-subject-search	plain	same program	pcrec_35e1ab1_auto-caps-simdna	measured	pinned	4	median_ns	258527.304683	112	1.0000	0	0		
rank	ipv6	(set)	short-subject-search	plain	same program	pcrec_35e1ab1_auto-caps-simdna	measured	pinned	4	min_ns	257984.896506	112	1.0000	0	0		
rank	ipv6	(set)	short-subject-search	plain	same program	pcrec_35e1ab1_auto-caps-simdna	measured	pinned	4	max_ns	258965.007417	112	1.0000	0	0		
rank	ipv6	(set)	short-subject-search	plain	same program	pcrec_35e1ab1_auto-caps-simdna	measured	pinned	4	stddev_ns	355.467326	112	1.0000	0	0		
rank	ipv6	(set)	short-subject-search	plain	same program	pcrec_35e1ab1_auto-caps-simdna	measured	pinned	4	ratio_vs_baseline	0.031214	112	1.0000	0	0		
rank	ipv6	(set)	short-subject-search	plain	same program	pcrec_35e1ab1_auto-caps-simdna	measured	pinned	4	ratio_vs_best	1.001018	112	1.0000	0	0		
rank	ipv6	(set)	short-subject-search	plain	same program	libpcre2_10.46_jit-caps-simdna	measured	pinned	5	median_ns	1133419.957304	112	1.0000	0	0		
rank	ipv6	(set)	short-subject-search	plain	same program	libpcre2_10.46_jit-caps-simdna	measured	pinned	5	min_ns	1133089.994005	112	1.0000	0	0		
rank	ipv6	(set)	short-subject-search	plain	same program	libpcre2_10.46_jit-caps-simdna	measured	pinned	5	max_ns	1138885.905980	112	1.0000	0	0		
rank	ipv6	(set)	short-subject-search	plain	same program	libpcre2_10.46_jit-caps-simdna	measured	pinned	5	stddev_ns	2568.770091	112	1.0000	0	0		
rank	ipv6	(set)	short-subject-search	plain	same program	libpcre2_10.46_jit-caps-simdna	measured	pinned	5	ratio_vs_baseline	0.136845	112	1.0000	0	0		
rank	ipv6	(set)	short-subject-search	plain	same program	libpcre2_10.46_jit-caps-simdna	measured	pinned	5	ratio_vs_best	4.388604	112	1.0000	0	0		
rank	ipv6	(set)	short-subject-search	plain	same program	pcrec_35e1ab1_vm-caps-simdna	measured	pinned	6	median_ns	4362471.270334	112	1.0000	0	0		
rank	ipv6	(set)	short-subject-search	plain	same program	pcrec_35e1ab1_vm-caps-simdna	measured	pinned	6	min_ns	4359908.829725	112	1.0000	0	0		
rank	ipv6	(set)	short-subject-search	plain	same program	pcrec_35e1ab1_vm-caps-simdna	measured	pinned	6	max_ns	4429687.221182	112	1.0000	0	0		
rank	ipv6	(set)	short-subject-search	plain	same program	pcrec_35e1ab1_vm-caps-simdna	measured	pinned	6	stddev_ns	27215.977423	112	1.0000	0	0		
rank	ipv6	(set)	short-subject-search	plain	same program	pcrec_35e1ab1_vm-caps-simdna	measured	pinned	6	ratio_vs_baseline	0.526707	112	1.0000	0	0		
rank	ipv6	(set)	short-subject-search	plain	same program	pcrec_35e1ab1_vm-caps-simdna	measured	pinned	6	ratio_vs_best	16.891497	112	1.0000	0	0		
rank	ipv6	(set)	short-subject-search	plain	same program	pcrec_36d5963_vm-caps-simdna	measured	pinned	7	median_ns	4366180.813341	112	1.0000	0	0		unchanged (within spread)
rank	ipv6	(set)	short-subject-search	plain	same program	pcrec_36d5963_vm-caps-simdna	measured	pinned	7	min_ns	4360913.612054	112	1.0000	0	0		unchanged (within spread)
rank	ipv6	(set)	short-subject-search	plain	same program	pcrec_36d5963_vm-caps-simdna	measured	pinned	7	max_ns	4380276.279111	112	1.0000	0	0		unchanged (within spread)
rank	ipv6	(set)	short-subject-search	plain	same program	pcrec_36d5963_vm-caps-simdna	measured	pinned	7	stddev_ns	8279.737945	112	1.0000	0	0		unchanged (within spread)
rank	ipv6	(set)	short-subject-search	plain	same program	pcrec_36d5963_vm-caps-simdna	measured	pinned	7	ratio_vs_baseline	0.527155	112	1.0000	0	0		unchanged (within spread)
rank	ipv6	(set)	short-subject-search	plain	same program	pcrec_36d5963_vm-caps-simdna	measured	pinned	7	ratio_vs_best	16.905860	112	1.0000	0	0		unchanged (within spread)
rank	ipv6	(set)	short-subject-search	plain	same program	pcrec_35e1ab1_vm-in-caps-simdna	measured	pinned	8	median_ns	4386037.916716	112	1.0000	0	0		
rank	ipv6	(set)	short-subject-search	plain	same program	pcrec_35e1ab1_vm-in-caps-simdna	measured	pinned	8	min_ns	4380579.838157	112	1.0000	0	0		
rank	ipv6	(set)	short-subject-search	plain	same program	pcrec_35e1ab1_vm-in-caps-simdna	measured	pinned	8	max_ns	4403425.539870	112	1.0000	0	0		
rank	ipv6	(set)	short-subject-search	plain	same program	pcrec_35e1ab1_vm-in-caps-simdna	measured	pinned	8	stddev_ns	8535.461535	112	1.0000	0	0		
rank	ipv6	(set)	short-subject-search	plain	same program	pcrec_35e1ab1_vm-in-caps-simdna	measured	pinned	8	ratio_vs_baseline	0.529553	112	1.0000	0	0		
rank	ipv6	(set)	short-subject-search	plain	same program	pcrec_35e1ab1_vm-in-caps-simdna	measured	pinned	8	ratio_vs_best	16.982747	112	1.0000	0	0		
rank	ipv6	(set)	short-subject-search	plain	same program	pcrec_36d5963_vm-in-caps-simdna	measured	pinned	9	median_ns	4405507.504522	112	1.0000	0	0		unchanged (within spread)
rank	ipv6	(set)	short-subject-search	plain	same program	pcrec_36d5963_vm-in-caps-simdna	measured	pinned	9	min_ns	4399786.277778	112	1.0000	0	0		unchanged (within spread)
rank	ipv6	(set)	short-subject-search	plain	same program	pcrec_36d5963_vm-in-caps-simdna	measured	pinned	9	max_ns	4468607.542636	112	1.0000	0	0		unchanged (within spread)
rank	ipv6	(set)	short-subject-search	plain	same program	pcrec_36d5963_vm-in-caps-simdna	measured	pinned	9	stddev_ns	26113.857025	112	1.0000	0	0		unchanged (within spread)
rank	ipv6	(set)	short-subject-search	plain	same program	pcrec_36d5963_vm-in-caps-simdna	measured	pinned	9	ratio_vs_baseline	0.531903	112	1.0000	0	0		unchanged (within spread)
rank	ipv6	(set)	short-subject-search	plain	same program	pcrec_36d5963_vm-in-caps-simdna	measured	pinned	9	ratio_vs_best	17.058133	112	1.0000	0	0		unchanged (within spread)
rank	ipv6	(set)	short-subject-search	plain	same program	libpcre2_10.46_interp-caps-simdna	measured	pinned	10	median_ns	8282532.167742	112	1.0000	0	0		
rank	ipv6	(set)	short-subject-search	plain	same program	libpcre2_10.46_interp-caps-simdna	measured	pinned	10	min_ns	8265339.267742	112	1.0000	0	0		
rank	ipv6	(set)	short-subject-search	plain	same program	libpcre2_10.46_interp-caps-simdna	measured	pinned	10	max_ns	8483665.745161	112	1.0000	0	0		
rank	ipv6	(set)	short-subject-search	plain	same program	libpcre2_10.46_interp-caps-simdna	measured	pinned	10	stddev_ns	81202.350037	112	1.0000	0	0		
rank	ipv6	(set)	short-subject-search	plain	same program	libpcre2_10.46_interp-caps-simdna	measured	pinned	10	ratio_vs_baseline	1.000000	112	1.0000	0	0		
rank	ipv6	(set)	short-subject-search	plain	same program	libpcre2_10.46_interp-caps-simdna	measured	pinned	10	ratio_vs_best	32.069980	112	1.0000	0	0		
rank	iso-ts	(set)	large-subject-throughput	plain	same program	libpcre2_10.46_jit-caps-simdna	measured	pinned	1	median_ns	963490.057183	12	1.0000	0	0		
rank	iso-ts	(set)	large-subject-throughput	plain	same program	libpcre2_10.46_jit-caps-simdna	measured	pinned	1	min_ns	962946.138075	12	1.0000	0	0		
rank	iso-ts	(set)	large-subject-throughput	plain	same program	libpcre2_10.46_jit-caps-simdna	measured	pinned	1	max_ns	964591.099024	12	1.0000	0	0		
rank	iso-ts	(set)	large-subject-throughput	plain	same program	libpcre2_10.46_jit-caps-simdna	measured	pinned	1	stddev_ns	538.653586	12	1.0000	0	0		
rank	iso-ts	(set)	large-subject-throughput	plain	same program	libpcre2_10.46_jit-caps-simdna	measured	pinned	1	ratio_vs_baseline	0.015801	12	1.0000	0	0		
rank	iso-ts	(set)	large-subject-throughput	plain	same program	libpcre2_10.46_jit-caps-simdna	measured	pinned	1	ratio_vs_best	1.000000	12	1.0000	0	0		
rank	iso-ts	(set)	large-subject-throughput	plain	same program	pcrec_36d5963_auto-caps-simdna	measured	pinned	2	median_ns	1145496.866051	12	1.0000	0	0		faster ×6.16
rank	iso-ts	(set)	large-subject-throughput	plain	same program	pcrec_36d5963_auto-caps-simdna	measured	pinned	2	min_ns	1144498.973441	12	1.0000	0	0		faster ×6.16
rank	iso-ts	(set)	large-subject-throughput	plain	same program	pcrec_36d5963_auto-caps-simdna	measured	pinned	2	max_ns	1147904.998845	12	1.0000	0	0		faster ×6.16
rank	iso-ts	(set)	large-subject-throughput	plain	same program	pcrec_36d5963_auto-caps-simdna	measured	pinned	2	stddev_ns	1334.259199	12	1.0000	0	0		faster ×6.16
rank	iso-ts	(set)	large-subject-throughput	plain	same program	pcrec_36d5963_auto-caps-simdna	measured	pinned	2	ratio_vs_baseline	0.018786	12	1.0000	0	0		faster ×6.16
rank	iso-ts	(set)	large-subject-throughput	plain	same program	pcrec_36d5963_auto-caps-simdna	measured	pinned	2	ratio_vs_best	1.188904	12	1.0000	0	0		faster ×6.16
rank	iso-ts	(set)	large-subject-throughput	plain	same program	pcrec_36d5963_auto-nocaps-simdna	measured	pinned	3	median_ns	1146331.394676	12	1.0000	0	0		faster ×6.16
rank	iso-ts	(set)	large-subject-throughput	plain	same program	pcrec_36d5963_auto-nocaps-simdna	measured	pinned	3	min_ns	1144779.359954	12	1.0000	0	0		faster ×6.16
rank	iso-ts	(set)	large-subject-throughput	plain	same program	pcrec_36d5963_auto-nocaps-simdna	measured	pinned	3	max_ns	1148645.517361	12	1.0000	0	0		faster ×6.16
rank	iso-ts	(set)	large-subject-throughput	plain	same program	pcrec_36d5963_auto-nocaps-simdna	measured	pinned	3	stddev_ns	1490.177659	12	1.0000	0	0		faster ×6.16
rank	iso-ts	(set)	large-subject-throughput	plain	same program	pcrec_36d5963_auto-nocaps-simdna	measured	pinned	3	ratio_vs_baseline	0.018800	12	1.0000	0	0		faster ×6.16
rank	iso-ts	(set)	large-subject-throughput	plain	same program	pcrec_36d5963_auto-nocaps-simdna	measured	pinned	3	ratio_vs_best	1.189770	12	1.0000	0	0		faster ×6.16
rank	iso-ts	(set)	large-subject-throughput	plain	same program	pcrec_35e1ab1_auto-caps-simdna	measured	pinned	4	median_ns	7058240.430657	12	1.0000	0	0		
rank	iso-ts	(set)	large-subject-throughput	plain	same program	pcrec_35e1ab1_auto-caps-simdna	measured	pinned	4	min_ns	7054466.978102	12	1.0000	0	0		
rank	iso-ts	(set)	large-subject-throughput	plain	same program	pcrec_35e1ab1_auto-caps-simdna	measured	pinned	4	max_ns	7069398.160584	12	1.0000	0	0		
rank	iso-ts	(set)	large-subject-throughput	plain	same program	pcrec_35e1ab1_auto-caps-simdna	measured	pinned	4	stddev_ns	5524.276801	12	1.0000	0	0		
rank	iso-ts	(set)	large-subject-throughput	plain	same program	pcrec_35e1ab1_auto-caps-simdna	measured	pinned	4	ratio_vs_baseline	0.115757	12	1.0000	0	0		
rank	iso-ts	(set)	large-subject-throughput	plain	same program	pcrec_35e1ab1_auto-caps-simdna	measured	pinned	4	ratio_vs_best	7.325701	12	1.0000	0	0		
rank	iso-ts	(set)	large-subject-throughput	plain	same program	pcrec_35e1ab1_auto-nocaps-simdna	measured	pinned	5	median_ns	7058242.604478	12	1.0000	0	0		
rank	iso-ts	(set)	large-subject-throughput	plain	same program	pcrec_35e1ab1_auto-nocaps-simdna	measured	pinned	5	min_ns	7053852.656716	12	1.0000	0	0		
rank	iso-ts	(set)	large-subject-throughput	plain	same program	pcrec_35e1ab1_auto-nocaps-simdna	measured	pinned	5	max_ns	7071513.798507	12	1.0000	0	0		
rank	iso-ts	(set)	large-subject-throughput	plain	same program	pcrec_35e1ab1_auto-nocaps-simdna	measured	pinned	5	stddev_ns	6868.721466	12	1.0000	0	0		
rank	iso-ts	(set)	large-subject-throughput	plain	same program	pcrec_35e1ab1_auto-nocaps-simdna	measured	pinned	5	ratio_vs_baseline	0.115757	12	1.0000	0	0		
rank	iso-ts	(set)	large-subject-throughput	plain	same program	pcrec_35e1ab1_auto-nocaps-simdna	measured	pinned	5	ratio_vs_best	7.325704	12	1.0000	0	0		
rank	iso-ts	(set)	large-subject-throughput	plain	same program	pcrec_35e1ab1_vm-caps-simdna	measured	pinned	6	median_ns	25259530.696970	12	1.0000	0	0		
rank	iso-ts	(set)	large-subject-throughput	plain	same program	pcrec_35e1ab1_vm-caps-simdna	measured	pinned	6	min_ns	25258029.212121	12	1.0000	0	0		
rank	iso-ts	(set)	large-subject-throughput	plain	same program	pcrec_35e1ab1_vm-caps-simdna	measured	pinned	6	max_ns	25276740.212121	12	1.0000	0	0		
rank	iso-ts	(set)	large-subject-throughput	plain	same program	pcrec_35e1ab1_vm-caps-simdna	measured	pinned	6	stddev_ns	7831.126122	12	1.0000	0	0		
rank	iso-ts	(set)	large-subject-throughput	plain	same program	pcrec_35e1ab1_vm-caps-simdna	measured	pinned	6	ratio_vs_baseline	0.414263	12	1.0000	0	0		
rank	iso-ts	(set)	large-subject-throughput	plain	same program	pcrec_35e1ab1_vm-caps-simdna	measured	pinned	6	ratio_vs_best	26.216701	12	1.0000	0	0		
rank	iso-ts	(set)	large-subject-throughput	plain	same program	pcrec_35e1ab1_vm-in-caps-simdna	measured	pinned	7	median_ns	25281518.676471	12	1.0000	0	0		
rank	iso-ts	(set)	large-subject-throughput	plain	same program	pcrec_35e1ab1_vm-in-caps-simdna	measured	pinned	7	min_ns	25270490.970588	12	1.0000	0	0		
rank	iso-ts	(set)	large-subject-throughput	plain	same program	pcrec_35e1ab1_vm-in-caps-simdna	measured	pinned	7	max_ns	25295559.941176	12	1.0000	0	0		
rank	iso-ts	(set)	large-subject-throughput	plain	same program	pcrec_35e1ab1_vm-in-caps-simdna	measured	pinned	7	stddev_ns	8369.373335	12	1.0000	0	0		
rank	iso-ts	(set)	large-subject-throughput	plain	same program	pcrec_35e1ab1_vm-in-caps-simdna	measured	pinned	7	ratio_vs_baseline	0.414623	12	1.0000	0	0		
rank	iso-ts	(set)	large-subject-throughput	plain	same program	pcrec_35e1ab1_vm-in-caps-simdna	measured	pinned	7	ratio_vs_best	26.239522	12	1.0000	0	0		
rank	iso-ts	(set)	large-subject-throughput	plain	same program	pcrec_36d5963_vm-caps-simdna	measured	pinned	8	median_ns	25305079.424242	12	1.0000	0	0		unchanged (within spread)
rank	iso-ts	(set)	large-subject-throughput	plain	same program	pcrec_36d5963_vm-caps-simdna	measured	pinned	8	min_ns	25268864.696970	12	1.0000	0	0		unchanged (within spread)
rank	iso-ts	(set)	large-subject-throughput	plain	same program	pcrec_36d5963_vm-caps-simdna	measured	pinned	8	max_ns	25591173.151515	12	1.0000	0	0		unchanged (within spread)
rank	iso-ts	(set)	large-subject-throughput	plain	same program	pcrec_36d5963_vm-caps-simdna	measured	pinned	8	stddev_ns	122192.210590	12	1.0000	0	0		unchanged (within spread)
rank	iso-ts	(set)	large-subject-throughput	plain	same program	pcrec_36d5963_vm-caps-simdna	measured	pinned	8	ratio_vs_baseline	0.415010	12	1.0000	0	0		unchanged (within spread)
rank	iso-ts	(set)	large-subject-throughput	plain	same program	pcrec_36d5963_vm-caps-simdna	measured	pinned	8	ratio_vs_best	26.263976	12	1.0000	0	0		unchanged (within spread)
rank	iso-ts	(set)	large-subject-throughput	plain	same program	pcrec_36d5963_vm-in-caps-simdna	measured	pinned	9	median_ns	25335631.235294	12	1.0000	0	0		unchanged (within spread)
rank	iso-ts	(set)	large-subject-throughput	plain	same program	pcrec_36d5963_vm-in-caps-simdna	measured	pinned	9	min_ns	25282959.794118	12	1.0000	0	0		unchanged (within spread)
rank	iso-ts	(set)	large-subject-throughput	plain	same program	pcrec_36d5963_vm-in-caps-simdna	measured	pinned	9	max_ns	25436346.264706	12	1.0000	0	0		unchanged (within spread)
rank	iso-ts	(set)	large-subject-throughput	plain	same program	pcrec_36d5963_vm-in-caps-simdna	measured	pinned	9	stddev_ns	54367.082520	12	1.0000	0	0		unchanged (within spread)
rank	iso-ts	(set)	large-subject-throughput	plain	same program	pcrec_36d5963_vm-in-caps-simdna	measured	pinned	9	ratio_vs_baseline	0.415511	12	1.0000	0	0		unchanged (within spread)
rank	iso-ts	(set)	large-subject-throughput	plain	same program	pcrec_36d5963_vm-in-caps-simdna	measured	pinned	9	ratio_vs_best	26.295685	12	1.0000	0	0		unchanged (within spread)
rank	iso-ts	(set)	large-subject-throughput	plain	same program	libpcre2_10.46_interp-caps-simdna	measured	pinned	10	median_ns	60974653.866667	12	1.0000	0	0		
rank	iso-ts	(set)	large-subject-throughput	plain	same program	libpcre2_10.46_interp-caps-simdna	measured	pinned	10	min_ns	60783925.933333	12	1.0000	0	0		
rank	iso-ts	(set)	large-subject-throughput	plain	same program	libpcre2_10.46_interp-caps-simdna	measured	pinned	10	max_ns	61618365.800000	12	1.0000	0	0		
rank	iso-ts	(set)	large-subject-throughput	plain	same program	libpcre2_10.46_interp-caps-simdna	measured	pinned	10	stddev_ns	316389.029017	12	1.0000	0	0		
rank	iso-ts	(set)	large-subject-throughput	plain	same program	libpcre2_10.46_interp-caps-simdna	measured	pinned	10	ratio_vs_baseline	1.000000	12	1.0000	0	0		
rank	iso-ts	(set)	large-subject-throughput	plain	same program	libpcre2_10.46_interp-caps-simdna	measured	pinned	10	ratio_vs_best	63.285193	12	1.0000	0	0		
rank	iso-ts	(set)	short-subject-search	plain	same program	pcrec_36d5963_auto-nocaps-simdna	measured	pinned	1	median_ns	20675.541524	112	1.0000	0	0		faster ×10.32
rank	iso-ts	(set)	short-subject-search	plain	same program	pcrec_36d5963_auto-nocaps-simdna	measured	pinned	1	min_ns	20626.208725	112	1.0000	0	0		faster ×10.32
rank	iso-ts	(set)	short-subject-search	plain	same program	pcrec_36d5963_auto-nocaps-simdna	measured	pinned	1	max_ns	20714.770177	112	1.0000	0	0		faster ×10.32
rank	iso-ts	(set)	short-subject-search	plain	same program	pcrec_36d5963_auto-nocaps-simdna	measured	pinned	1	stddev_ns	29.869312	112	1.0000	0	0		faster ×10.32
rank	iso-ts	(set)	short-subject-search	plain	same program	pcrec_36d5963_auto-nocaps-simdna	measured	pinned	1	ratio_vs_baseline	0.008666	112	1.0000	0	0		faster ×10.32
rank	iso-ts	(set)	short-subject-search	plain	same program	pcrec_36d5963_auto-nocaps-simdna	measured	pinned	1	ratio_vs_best	1.000000	112	1.0000	0	0		faster ×10.32
rank	iso-ts	(set)	short-subject-search	plain	same program	pcrec_36d5963_auto-caps-simdna	measured	pinned	2	median_ns	20707.882081	112	1.0000	0	0		faster ×10.30
rank	iso-ts	(set)	short-subject-search	plain	same program	pcrec_36d5963_auto-caps-simdna	measured	pinned	2	min_ns	20659.235718	112	1.0000	0	0		faster ×10.30
rank	iso-ts	(set)	short-subject-search	plain	same program	pcrec_36d5963_auto-caps-simdna	measured	pinned	2	max_ns	20747.919494	112	1.0000	0	0		faster ×10.30
rank	iso-ts	(set)	short-subject-search	plain	same program	pcrec_36d5963_auto-caps-simdna	measured	pinned	2	stddev_ns	28.223481	112	1.0000	0	0		faster ×10.30
rank	iso-ts	(set)	short-subject-search	plain	same program	pcrec_36d5963_auto-caps-simdna	measured	pinned	2	ratio_vs_baseline	0.008680	112	1.0000	0	0		faster ×10.30
rank	iso-ts	(set)	short-subject-search	plain	same program	pcrec_36d5963_auto-caps-simdna	measured	pinned	2	ratio_vs_best	1.001564	112	1.0000	0	0		faster ×10.30
rank	iso-ts	(set)	short-subject-search	plain	same program	libpcre2_10.46_jit-caps-simdna	measured	pinned	3	median_ns	20727.385332	112	1.0000	0	0		
rank	iso-ts	(set)	short-subject-search	plain	same program	libpcre2_10.46_jit-caps-simdna	measured	pinned	3	min_ns	20695.011149	112	1.0000	0	0		
rank	iso-ts	(set)	short-subject-search	plain	same program	libpcre2_10.46_jit-caps-simdna	measured	pinned	3	max_ns	20937.178939	112	1.0000	0	0		
rank	iso-ts	(set)	short-subject-search	plain	same program	libpcre2_10.46_jit-caps-simdna	measured	pinned	3	stddev_ns	104.701173	112	1.0000	0	0		
rank	iso-ts	(set)	short-subject-search	plain	same program	libpcre2_10.46_jit-caps-simdna	measured	pinned	3	ratio_vs_baseline	0.008688	112	1.0000	0	0		
rank	iso-ts	(set)	short-subject-search	plain	same program	libpcre2_10.46_jit-caps-simdna	measured	pinned	3	ratio_vs_best	1.002507	112	1.0000	0	0		
rank	iso-ts	(set)	short-subject-search	plain	same program	pcrec_35e1ab1_auto-caps-simdna	measured	pinned	4	median_ns	213267.330860	112	1.0000	0	0		
rank	iso-ts	(set)	short-subject-search	plain	same program	pcrec_35e1ab1_auto-caps-simdna	measured	pinned	4	min_ns	212892.655287	112	1.0000	0	0		
rank	iso-ts	(set)	short-subject-search	plain	same program	pcrec_35e1ab1_auto-caps-simdna	measured	pinned	4	max_ns	213684.785869	112	1.0000	0	0		
rank	iso-ts	(set)	short-subject-search	plain	same program	pcrec_35e1ab1_auto-caps-simdna	measured	pinned	4	stddev_ns	286.839744	112	1.0000	0	0		
rank	iso-ts	(set)	short-subject-search	plain	same program	pcrec_35e1ab1_auto-caps-simdna	measured	pinned	4	ratio_vs_baseline	0.089391	112	1.0000	0	0		
rank	iso-ts	(set)	short-subject-search	plain	same program	pcrec_35e1ab1_auto-caps-simdna	measured	pinned	4	ratio_vs_best	10.314957	112	1.0000	0	0		
rank	iso-ts	(set)	short-subject-search	plain	same program	pcrec_35e1ab1_auto-nocaps-simdna	measured	pinned	5	median_ns	213381.996299	112	1.0000	0	0		
rank	iso-ts	(set)	short-subject-search	plain	same program	pcrec_35e1ab1_auto-nocaps-simdna	measured	pinned	5	min_ns	212796.591561	112	1.0000	0	0		
rank	iso-ts	(set)	short-subject-search	plain	same program	pcrec_35e1ab1_auto-nocaps-simdna	measured	pinned	5	max_ns	213709.941135	112	1.0000	0	0		
rank	iso-ts	(set)	short-subject-search	plain	same program	pcrec_35e1ab1_auto-nocaps-simdna	measured	pinned	5	stddev_ns	347.032397	112	1.0000	0	0		
rank	iso-ts	(set)	short-subject-search	plain	same program	pcrec_35e1ab1_auto-nocaps-simdna	measured	pinned	5	ratio_vs_baseline	0.089439	112	1.0000	0	0		
rank	iso-ts	(set)	short-subject-search	plain	same program	pcrec_35e1ab1_auto-nocaps-simdna	measured	pinned	5	ratio_vs_best	10.320503	112	1.0000	0	0		
rank	iso-ts	(set)	short-subject-search	plain	same program	pcrec_35e1ab1_vm-caps-simdna	measured	pinned	6	median_ns	980974.936759	112	1.0000	0	0		
rank	iso-ts	(set)	short-subject-search	plain	same program	pcrec_35e1ab1_vm-caps-simdna	measured	pinned	6	min_ns	980626.535008	112	1.0000	0	0		
rank	iso-ts	(set)	short-subject-search	plain	same program	pcrec_35e1ab1_vm-caps-simdna	measured	pinned	6	max_ns	987516.089921	112	1.0000	0	0		
rank	iso-ts	(set)	short-subject-search	plain	same program	pcrec_35e1ab1_vm-caps-simdna	measured	pinned	6	stddev_ns	2648.904245	112	1.0000	0	0		
rank	iso-ts	(set)	short-subject-search	plain	same program	pcrec_35e1ab1_vm-caps-simdna	measured	pinned	6	ratio_vs_baseline	0.411174	112	1.0000	0	0		
rank	iso-ts	(set)	short-subject-search	plain	same program	pcrec_35e1ab1_vm-caps-simdna	measured	pinned	6	ratio_vs_best	47.446154	112	1.0000	0	0		
rank	iso-ts	(set)	short-subject-search	plain	same program	pcrec_36d5963_vm-caps-simdna	measured	pinned	7	median_ns	982327.367606	112	1.0000	0	0		unchanged (within spread)
rank	iso-ts	(set)	short-subject-search	plain	same program	pcrec_36d5963_vm-caps-simdna	measured	pinned	7	min_ns	981839.108310	112	1.0000	0	0		unchanged (within spread)
rank	iso-ts	(set)	short-subject-search	plain	same program	pcrec_36d5963_vm-caps-simdna	measured	pinned	7	max_ns	988480.254366	112	1.0000	0	0		unchanged (within spread)
rank	iso-ts	(set)	short-subject-search	plain	same program	pcrec_36d5963_vm-caps-simdna	measured	pinned	7	stddev_ns	2510.342910	112	1.0000	0	0		unchanged (within spread)
rank	iso-ts	(set)	short-subject-search	plain	same program	pcrec_36d5963_vm-caps-simdna	measured	pinned	7	ratio_vs_baseline	0.411741	112	1.0000	0	0		unchanged (within spread)
rank	iso-ts	(set)	short-subject-search	plain	same program	pcrec_36d5963_vm-caps-simdna	measured	pinned	7	ratio_vs_best	47.511567	112	1.0000	0	0		unchanged (within spread)
rank	iso-ts	(set)	short-subject-search	plain	same program	pcrec_35e1ab1_vm-in-caps-simdna	measured	pinned	8	median_ns	982785.472207	112	1.0000	0	0		
rank	iso-ts	(set)	short-subject-search	plain	same program	pcrec_35e1ab1_vm-in-caps-simdna	measured	pinned	8	min_ns	980275.623245	112	1.0000	0	0		
rank	iso-ts	(set)	short-subject-search	plain	same program	pcrec_35e1ab1_vm-in-caps-simdna	measured	pinned	8	max_ns	986195.697361	112	1.0000	0	0		
rank	iso-ts	(set)	short-subject-search	plain	same program	pcrec_35e1ab1_vm-in-caps-simdna	measured	pinned	8	stddev_ns	2121.270336	112	1.0000	0	0		
rank	iso-ts	(set)	short-subject-search	plain	same program	pcrec_35e1ab1_vm-in-caps-simdna	measured	pinned	8	ratio_vs_baseline	0.411933	112	1.0000	0	0		
rank	iso-ts	(set)	short-subject-search	plain	same program	pcrec_35e1ab1_vm-in-caps-simdna	measured	pinned	8	ratio_vs_best	47.533723	112	1.0000	0	0		
rank	iso-ts	(set)	short-subject-search	plain	same program	pcrec_36d5963_vm-in-caps-simdna	measured	pinned	9	median_ns	984370.300706	112	1.0000	0	0		unchanged (within spread)
rank	iso-ts	(set)	short-subject-search	plain	same program	pcrec_36d5963_vm-in-caps-simdna	measured	pinned	9	min_ns	982326.336723	112	1.0000	0	0		unchanged (within spread)
rank	iso-ts	(set)	short-subject-search	plain	same program	pcrec_36d5963_vm-in-caps-simdna	measured	pinned	9	max_ns	987858.111158	112	1.0000	0	0		unchanged (within spread)
rank	iso-ts	(set)	short-subject-search	plain	same program	pcrec_36d5963_vm-in-caps-simdna	measured	pinned	9	stddev_ns	1960.429507	112	1.0000	0	0		unchanged (within spread)
rank	iso-ts	(set)	short-subject-search	plain	same program	pcrec_36d5963_vm-in-caps-simdna	measured	pinned	9	ratio_vs_baseline	0.412598	112	1.0000	0	0		unchanged (within spread)
rank	iso-ts	(set)	short-subject-search	plain	same program	pcrec_36d5963_vm-in-caps-simdna	measured	pinned	9	ratio_vs_best	47.610376	112	1.0000	0	0		unchanged (within spread)
rank	iso-ts	(set)	short-subject-search	plain	same program	libpcre2_10.46_interp-caps-simdna	measured	pinned	10	median_ns	2385787.618619	112	1.0000	0	0		
rank	iso-ts	(set)	short-subject-search	plain	same program	libpcre2_10.46_interp-caps-simdna	measured	pinned	10	min_ns	2384410.092092	112	1.0000	0	0		
rank	iso-ts	(set)	short-subject-search	plain	same program	libpcre2_10.46_interp-caps-simdna	measured	pinned	10	max_ns	2393652.251585	112	1.0000	0	0		
rank	iso-ts	(set)	short-subject-search	plain	same program	libpcre2_10.46_interp-caps-simdna	measured	pinned	10	stddev_ns	3298.723793	112	1.0000	0	0		
rank	iso-ts	(set)	short-subject-search	plain	same program	libpcre2_10.46_interp-caps-simdna	measured	pinned	10	ratio_vs_baseline	1.000000	112	1.0000	0	0		
rank	iso-ts	(set)	short-subject-search	plain	same program	libpcre2_10.46_interp-caps-simdna	measured	pinned	10	ratio_vs_best	115.391784	112	1.0000	0	0		
rank	kv-quoted	(set)	large-subject-throughput	plain	same program	pcrec_36d5963_auto-caps-simdna	measured	pinned	1	median_ns	14097459.122807	12	1.0000	0	0		unchanged (within spread)
rank	kv-quoted	(set)	large-subject-throughput	plain	same program	pcrec_36d5963_auto-caps-simdna	measured	pinned	1	min_ns	14067486.526316	12	1.0000	0	0		unchanged (within spread)
rank	kv-quoted	(set)	large-subject-throughput	plain	same program	pcrec_36d5963_auto-caps-simdna	measured	pinned	1	max_ns	14174437.491228	12	1.0000	0	0		unchanged (within spread)
rank	kv-quoted	(set)	large-subject-throughput	plain	same program	pcrec_36d5963_auto-caps-simdna	measured	pinned	1	stddev_ns	36608.542314	12	1.0000	0	0		unchanged (within spread)
rank	kv-quoted	(set)	large-subject-throughput	plain	same program	pcrec_36d5963_auto-caps-simdna	measured	pinned	1	ratio_vs_baseline	0.214592	12	1.0000	0	0		unchanged (within spread)
rank	kv-quoted	(set)	large-subject-throughput	plain	same program	pcrec_36d5963_auto-caps-simdna	measured	pinned	1	ratio_vs_best	1.000000	12	1.0000	0	0		unchanged (within spread)
rank	kv-quoted	(set)	large-subject-throughput	plain	same program	pcrec_36d5963_auto-nocaps-simdna	measured	pinned	2	median_ns	14139382.796610	12	1.0000	0	0		unchanged (within spread)
rank	kv-quoted	(set)	large-subject-throughput	plain	same program	pcrec_36d5963_auto-nocaps-simdna	measured	pinned	2	min_ns	14071659.677966	12	1.0000	0	0		unchanged (within spread)
rank	kv-quoted	(set)	large-subject-throughput	plain	same program	pcrec_36d5963_auto-nocaps-simdna	measured	pinned	2	max_ns	14223537.559322	12	1.0000	0	0		unchanged (within spread)
rank	kv-quoted	(set)	large-subject-throughput	plain	same program	pcrec_36d5963_auto-nocaps-simdna	measured	pinned	2	stddev_ns	55815.789153	12	1.0000	0	0		unchanged (within spread)
rank	kv-quoted	(set)	large-subject-throughput	plain	same program	pcrec_36d5963_auto-nocaps-simdna	measured	pinned	2	ratio_vs_baseline	0.215230	12	1.0000	0	0		unchanged (within spread)
rank	kv-quoted	(set)	large-subject-throughput	plain	same program	pcrec_36d5963_auto-nocaps-simdna	measured	pinned	2	ratio_vs_best	1.002974	12	1.0000	0	0		unchanged (within spread)
rank	kv-quoted	(set)	large-subject-throughput	plain	same program	pcrec_35e1ab1_auto-nocaps-simdna	measured	pinned	3	median_ns	14183179.677966	12	1.0000	0	0		
rank	kv-quoted	(set)	large-subject-throughput	plain	same program	pcrec_35e1ab1_auto-nocaps-simdna	measured	pinned	3	min_ns	14064331.220339	12	1.0000	0	0		
rank	kv-quoted	(set)	large-subject-throughput	plain	same program	pcrec_35e1ab1_auto-nocaps-simdna	measured	pinned	3	max_ns	14231890.508475	12	1.0000	0	0		
rank	kv-quoted	(set)	large-subject-throughput	plain	same program	pcrec_35e1ab1_auto-nocaps-simdna	measured	pinned	3	stddev_ns	55743.820149	12	1.0000	0	0		
rank	kv-quoted	(set)	large-subject-throughput	plain	same program	pcrec_35e1ab1_auto-nocaps-simdna	measured	pinned	3	ratio_vs_baseline	0.215897	12	1.0000	0	0		
rank	kv-quoted	(set)	large-subject-throughput	plain	same program	pcrec_35e1ab1_auto-nocaps-simdna	measured	pinned	3	ratio_vs_best	1.006081	12	1.0000	0	0		
rank	kv-quoted	(set)	large-subject-throughput	plain	same program	pcrec_35e1ab1_auto-caps-simdna	measured	pinned	4	median_ns	14204640.263158	12	1.0000	0	0		
rank	kv-quoted	(set)	large-subject-throughput	plain	same program	pcrec_35e1ab1_auto-caps-simdna	measured	pinned	4	min_ns	14136147.228070	12	1.0000	0	0		
rank	kv-quoted	(set)	large-subject-throughput	plain	same program	pcrec_35e1ab1_auto-caps-simdna	measured	pinned	4	max_ns	14320626.561404	12	1.0000	0	0		
rank	kv-quoted	(set)	large-subject-throughput	plain	same program	pcrec_35e1ab1_auto-caps-simdna	measured	pinned	4	stddev_ns	66790.352494	12	1.0000	0	0		
rank	kv-quoted	(set)	large-subject-throughput	plain	same program	pcrec_35e1ab1_auto-caps-simdna	measured	pinned	4	ratio_vs_baseline	0.216224	12	1.0000	0	0		
rank	kv-quoted	(set)	large-subject-throughput	plain	same program	pcrec_35e1ab1_auto-caps-simdna	measured	pinned	4	ratio_vs_best	1.007603	12	1.0000	0	0		
rank	kv-quoted	(set)	large-subject-throughput	plain	same program	libpcre2_10.46_jit-caps-simdna	measured	pinned	5	median_ns	15091395.854430	12	1.0000	0	0		
rank	kv-quoted	(set)	large-subject-throughput	plain	same program	libpcre2_10.46_jit-caps-simdna	measured	pinned	5	min_ns	14981324.620253	12	1.0000	0	0		
rank	kv-quoted	(set)	large-subject-throughput	plain	same program	libpcre2_10.46_jit-caps-simdna	measured	pinned	5	max_ns	15131418.803797	12	1.0000	0	0		
rank	kv-quoted	(set)	large-subject-throughput	plain	same program	libpcre2_10.46_jit-caps-simdna	measured	pinned	5	stddev_ns	63091.565254	12	1.0000	0	0		
rank	kv-quoted	(set)	large-subject-throughput	plain	same program	libpcre2_10.46_jit-caps-simdna	measured	pinned	5	ratio_vs_baseline	0.229722	12	1.0000	0	0		
rank	kv-quoted	(set)	large-subject-throughput	plain	same program	libpcre2_10.46_jit-caps-simdna	measured	pinned	5	ratio_vs_best	1.070505	12	1.0000	0	0		
rank	kv-quoted	(set)	large-subject-throughput	plain	same program	pcrec_36d5963_vm-in-caps-simdna	measured	pinned	6	median_ns	35112828.291667	12	1.0000	0	0		unchanged (within spread)
rank	kv-quoted	(set)	large-subject-throughput	plain	same program	pcrec_36d5963_vm-in-caps-simdna	measured	pinned	6	min_ns	35102237.500000	12	1.0000	0	0		unchanged (within spread)
rank	kv-quoted	(set)	large-subject-throughput	plain	same program	pcrec_36d5963_vm-in-caps-simdna	measured	pinned	6	max_ns	35209234.833333	12	1.0000	0	0		unchanged (within spread)
rank	kv-quoted	(set)	large-subject-throughput	plain	same program	pcrec_36d5963_vm-in-caps-simdna	measured	pinned	6	stddev_ns	39848.597586	12	1.0000	0	0		unchanged (within spread)
rank	kv-quoted	(set)	large-subject-throughput	plain	same program	pcrec_36d5963_vm-in-caps-simdna	measured	pinned	6	ratio_vs_baseline	0.534489	12	1.0000	0	0		unchanged (within spread)
rank	kv-quoted	(set)	large-subject-throughput	plain	same program	pcrec_36d5963_vm-in-caps-simdna	measured	pinned	6	ratio_vs_best	2.490720	12	1.0000	0	0		unchanged (within spread)
rank	kv-quoted	(set)	large-subject-throughput	plain	same program	pcrec_36d5963_vm-caps-simdna	measured	pinned	7	median_ns	35115179.333333	12	1.0000	0	0		unchanged (within spread)
rank	kv-quoted	(set)	large-subject-throughput	plain	same program	pcrec_36d5963_vm-caps-simdna	measured	pinned	7	min_ns	35105500.041667	12	1.0000	0	0		unchanged (within spread)
rank	kv-quoted	(set)	large-subject-throughput	plain	same program	pcrec_36d5963_vm-caps-simdna	measured	pinned	7	max_ns	35137273.625000	12	1.0000	0	0		unchanged (within spread)
rank	kv-quoted	(set)	large-subject-throughput	plain	same program	pcrec_36d5963_vm-caps-simdna	measured	pinned	7	stddev_ns	13887.574978	12	1.0000	0	0		unchanged (within spread)
rank	kv-quoted	(set)	large-subject-throughput	plain	same program	pcrec_36d5963_vm-caps-simdna	measured	pinned	7	ratio_vs_baseline	0.534525	12	1.0000	0	0		unchanged (within spread)
rank	kv-quoted	(set)	large-subject-throughput	plain	same program	pcrec_36d5963_vm-caps-simdna	measured	pinned	7	ratio_vs_best	2.490887	12	1.0000	0	0		unchanged (within spread)
rank	kv-quoted	(set)	large-subject-throughput	plain	same program	pcrec_35e1ab1_vm-in-caps-simdna	measured	pinned	8	median_ns	35117025.250000	12	1.0000	0	0		
rank	kv-quoted	(set)	large-subject-throughput	plain	same program	pcrec_35e1ab1_vm-in-caps-simdna	measured	pinned	8	min_ns	35106881.916667	12	1.0000	0	0		
rank	kv-quoted	(set)	large-subject-throughput	plain	same program	pcrec_35e1ab1_vm-in-caps-simdna	measured	pinned	8	max_ns	35129175.333333	12	1.0000	0	0		
rank	kv-quoted	(set)	large-subject-throughput	plain	same program	pcrec_35e1ab1_vm-in-caps-simdna	measured	pinned	8	stddev_ns	7900.846019	12	1.0000	0	0		
rank	kv-quoted	(set)	large-subject-throughput	plain	same program	pcrec_35e1ab1_vm-in-caps-simdna	measured	pinned	8	ratio_vs_baseline	0.534553	12	1.0000	0	0		
rank	kv-quoted	(set)	large-subject-throughput	plain	same program	pcrec_35e1ab1_vm-in-caps-simdna	measured	pinned	8	ratio_vs_best	2.491018	12	1.0000	0	0		
rank	kv-quoted	(set)	large-subject-throughput	plain	same program	pcrec_35e1ab1_vm-caps-simdna	measured	pinned	9	median_ns	35126712.000000	12	1.0000	0	0		
rank	kv-quoted	(set)	large-subject-throughput	plain	same program	pcrec_35e1ab1_vm-caps-simdna	measured	pinned	9	min_ns	35096202.250000	12	1.0000	0	0		
rank	kv-quoted	(set)	large-subject-throughput	plain	same program	pcrec_35e1ab1_vm-caps-simdna	measured	pinned	9	max_ns	35141157.083333	12	1.0000	0	0		
rank	kv-quoted	(set)	large-subject-throughput	plain	same program	pcrec_35e1ab1_vm-caps-simdna	measured	pinned	9	stddev_ns	14674.505509	12	1.0000	0	0		
rank	kv-quoted	(set)	large-subject-throughput	plain	same program	pcrec_35e1ab1_vm-caps-simdna	measured	pinned	9	ratio_vs_baseline	0.534700	12	1.0000	0	0		
rank	kv-quoted	(set)	large-subject-throughput	plain	same program	pcrec_35e1ab1_vm-caps-simdna	measured	pinned	9	ratio_vs_best	2.491705	12	1.0000	0	0		
rank	kv-quoted	(set)	large-subject-throughput	plain	same program	libpcre2_10.46_interp-caps-simdna	measured	pinned	10	median_ns	65694225.333333	12	1.0000	0	0		
rank	kv-quoted	(set)	large-subject-throughput	plain	same program	libpcre2_10.46_interp-caps-simdna	measured	pinned	10	min_ns	65640968.060606	12	1.0000	0	0		
rank	kv-quoted	(set)	large-subject-throughput	plain	same program	libpcre2_10.46_interp-caps-simdna	measured	pinned	10	max_ns	65725455.575758	12	1.0000	0	0		
rank	kv-quoted	(set)	large-subject-throughput	plain	same program	libpcre2_10.46_interp-caps-simdna	measured	pinned	10	stddev_ns	29194.856889	12	1.0000	0	0		
rank	kv-quoted	(set)	large-subject-throughput	plain	same program	libpcre2_10.46_interp-caps-simdna	measured	pinned	10	ratio_vs_baseline	1.000000	12	1.0000	0	0		
rank	kv-quoted	(set)	large-subject-throughput	plain	same program	libpcre2_10.46_interp-caps-simdna	measured	pinned	10	ratio_vs_best	4.660005	12	1.0000	0	0		
rank	kv-quoted	(set)	short-subject-search	plain	same program	libpcre2_10.46_jit-caps-simdna	measured	pinned	1	median_ns	334505.959482	112	1.0000	0	0		
rank	kv-quoted	(set)	short-subject-search	plain	same program	libpcre2_10.46_jit-caps-simdna	measured	pinned	1	min_ns	334072.809709	112	1.0000	0	0		
rank	kv-quoted	(set)	short-subject-search	plain	same program	libpcre2_10.46_jit-caps-simdna	measured	pinned	1	max_ns	334666.433633	112	1.0000	0	0		
rank	kv-quoted	(set)	short-subject-search	plain	same program	libpcre2_10.46_jit-caps-simdna	measured	pinned	1	stddev_ns	238.652116	112	1.0000	0	0		
rank	kv-quoted	(set)	short-subject-search	plain	same program	libpcre2_10.46_jit-caps-simdna	measured	pinned	1	ratio_vs_baseline	0.179135	112	1.0000	0	0		
rank	kv-quoted	(set)	short-subject-search	plain	same program	libpcre2_10.46_jit-caps-simdna	measured	pinned	1	ratio_vs_best	1.000000	112	1.0000	0	0		
rank	kv-quoted	(set)	short-subject-search	plain	same program	pcrec_36d5963_auto-nocaps-simdna	measured	pinned	2	median_ns	500243.030693	112	1.0000	0	0		unchanged (within spread)
rank	kv-quoted	(set)	short-subject-search	plain	same program	pcrec_36d5963_auto-nocaps-simdna	measured	pinned	2	min_ns	499301.483246	112	1.0000	0	0		unchanged (within spread)
rank	kv-quoted	(set)	short-subject-search	plain	same program	pcrec_36d5963_auto-nocaps-simdna	measured	pinned	2	max_ns	504910.296743	112	1.0000	0	0		unchanged (within spread)
rank	kv-quoted	(set)	short-subject-search	plain	same program	pcrec_36d5963_auto-nocaps-simdna	measured	pinned	2	stddev_ns	1986.979797	112	1.0000	0	0		unchanged (within spread)
rank	kv-quoted	(set)	short-subject-search	plain	same program	pcrec_36d5963_auto-nocaps-simdna	measured	pinned	2	ratio_vs_baseline	0.267890	112	1.0000	0	0		unchanged (within spread)
rank	kv-quoted	(set)	short-subject-search	plain	same program	pcrec_36d5963_auto-nocaps-simdna	measured	pinned	2	ratio_vs_best	1.495468	112	1.0000	0	0		unchanged (within spread)
rank	kv-quoted	(set)	short-subject-search	plain	same program	pcrec_36d5963_auto-caps-simdna	measured	pinned	3	median_ns	501244.455655	112	1.0000	0	0		unchanged (within spread)
rank	kv-quoted	(set)	short-subject-search	plain	same program	pcrec_36d5963_auto-caps-simdna	measured	pinned	3	min_ns	500558.154819	112	1.0000	0	0		unchanged (within spread)
rank	kv-quoted	(set)	short-subject-search	plain	same program	pcrec_36d5963_auto-caps-simdna	measured	pinned	3	max_ns	503339.129226	112	1.0000	0	0		unchanged (within spread)
rank	kv-quoted	(set)	short-subject-search	plain	same program	pcrec_36d5963_auto-caps-simdna	measured	pinned	3	stddev_ns	1010.163992	112	1.0000	0	0		unchanged (within spread)
rank	kv-quoted	(set)	short-subject-search	plain	same program	pcrec_36d5963_auto-caps-simdna	measured	pinned	3	ratio_vs_baseline	0.268427	112	1.0000	0	0		unchanged (within spread)
rank	kv-quoted	(set)	short-subject-search	plain	same program	pcrec_36d5963_auto-caps-simdna	measured	pinned	3	ratio_vs_best	1.498462	112	1.0000	0	0		unchanged (within spread)
rank	kv-quoted	(set)	short-subject-search	plain	same program	pcrec_35e1ab1_auto-nocaps-simdna	measured	pinned	4	median_ns	501427.416145	112	1.0000	0	0		
rank	kv-quoted	(set)	short-subject-search	plain	same program	pcrec_35e1ab1_auto-nocaps-simdna	measured	pinned	4	min_ns	499233.870375	112	1.0000	0	0		
rank	kv-quoted	(set)	short-subject-search	plain	same program	pcrec_35e1ab1_auto-nocaps-simdna	measured	pinned	4	max_ns	502871.951918	112	1.0000	0	0		
rank	kv-quoted	(set)	short-subject-search	plain	same program	pcrec_35e1ab1_auto-nocaps-simdna	measured	pinned	4	stddev_ns	1234.280194	112	1.0000	0	0		
rank	kv-quoted	(set)	short-subject-search	plain	same program	pcrec_35e1ab1_auto-nocaps-simdna	measured	pinned	4	ratio_vs_baseline	0.268525	112	1.0000	0	0		
rank	kv-quoted	(set)	short-subject-search	plain	same program	pcrec_35e1ab1_auto-nocaps-simdna	measured	pinned	4	ratio_vs_best	1.499009	112	1.0000	0	0		
rank	kv-quoted	(set)	short-subject-search	plain	same program	pcrec_35e1ab1_auto-caps-simdna	measured	pinned	5	median_ns	501864.036235	112	1.0000	0	0		
rank	kv-quoted	(set)	short-subject-search	plain	same program	pcrec_35e1ab1_auto-caps-simdna	measured	pinned	5	min_ns	500976.304610	112	1.0000	0	0		
rank	kv-quoted	(set)	short-subject-search	plain	same program	pcrec_35e1ab1_auto-caps-simdna	measured	pinned	5	max_ns	502613.942530	112	1.0000	0	0		
rank	kv-quoted	(set)	short-subject-search	plain	same program	pcrec_35e1ab1_auto-caps-simdna	measured	pinned	5	stddev_ns	545.049319	112	1.0000	0	0		
rank	kv-quoted	(set)	short-subject-search	plain	same program	pcrec_35e1ab1_auto-caps-simdna	measured	pinned	5	ratio_vs_baseline	0.268759	112	1.0000	0	0		
rank	kv-quoted	(set)	short-subject-search	plain	same program	pcrec_35e1ab1_auto-caps-simdna	measured	pinned	5	ratio_vs_best	1.500314	112	1.0000	0	0		
rank	kv-quoted	(set)	short-subject-search	plain	same program	pcrec_35e1ab1_vm-in-caps-simdna	measured	pinned	6	median_ns	1339807.611617	112	1.0000	0	0		
rank	kv-quoted	(set)	short-subject-search	plain	same program	pcrec_35e1ab1_vm-in-caps-simdna	measured	pinned	6	min_ns	1321251.448041	112	1.0000	0	0		
rank	kv-quoted	(set)	short-subject-search	plain	same program	pcrec_35e1ab1_vm-in-caps-simdna	measured	pinned	6	max_ns	1343952.374913	112	1.0000	0	0		
rank	kv-quoted	(set)	short-subject-search	plain	same program	pcrec_35e1ab1_vm-in-caps-simdna	measured	pinned	6	stddev_ns	8213.857385	112	1.0000	0	0		
rank	kv-quoted	(set)	short-subject-search	plain	same program	pcrec_35e1ab1_vm-in-caps-simdna	measured	pinned	6	ratio_vs_baseline	0.717495	112	1.0000	0	0		
rank	kv-quoted	(set)	short-subject-search	plain	same program	pcrec_35e1ab1_vm-in-caps-simdna	measured	pinned	6	ratio_vs_best	4.005333	112	1.0000	0	0		
rank	kv-quoted	(set)	short-subject-search	plain	same program	pcrec_35e1ab1_vm-caps-simdna	measured	pinned	7	median_ns	1341170.195472	112	1.0000	0	0		
rank	kv-quoted	(set)	short-subject-search	plain	same program	pcrec_35e1ab1_vm-caps-simdna	measured	pinned	7	min_ns	1339707.956412	112	1.0000	0	0		
rank	kv-quoted	(set)	short-subject-search	plain	same program	pcrec_35e1ab1_vm-caps-simdna	measured	pinned	7	max_ns	1343344.817199	112	1.0000	0	0		
rank	kv-quoted	(set)	short-subject-search	plain	same program	pcrec_35e1ab1_vm-caps-simdna	measured	pinned	7	stddev_ns	1429.197341	112	1.0000	0	0		
rank	kv-quoted	(set)	short-subject-search	plain	same program	pcrec_35e1ab1_vm-caps-simdna	measured	pinned	7	ratio_vs_baseline	0.718224	112	1.0000	0	0		
rank	kv-quoted	(set)	short-subject-search	plain	same program	pcrec_35e1ab1_vm-caps-simdna	measured	pinned	7	ratio_vs_best	4.009406	112	1.0000	0	0		
rank	kv-quoted	(set)	short-subject-search	plain	same program	pcrec_36d5963_vm-caps-simdna	measured	pinned	8	median_ns	1341501.004532	112	1.0000	0	0		unchanged (within spread)
rank	kv-quoted	(set)	short-subject-search	plain	same program	pcrec_36d5963_vm-caps-simdna	measured	pinned	8	min_ns	1340223.113984	112	1.0000	0	0		unchanged (within spread)
rank	kv-quoted	(set)	short-subject-search	plain	same program	pcrec_36d5963_vm-caps-simdna	measured	pinned	8	max_ns	1344109.093168	112	1.0000	0	0		unchanged (within spread)
rank	kv-quoted	(set)	short-subject-search	plain	same program	pcrec_36d5963_vm-caps-simdna	measured	pinned	8	stddev_ns	1476.032742	112	1.0000	0	0		unchanged (within spread)
rank	kv-quoted	(set)	short-subject-search	plain	same program	pcrec_36d5963_vm-caps-simdna	measured	pinned	8	ratio_vs_baseline	0.718401	112	1.0000	0	0		unchanged (within spread)
rank	kv-quoted	(set)	short-subject-search	plain	same program	pcrec_36d5963_vm-caps-simdna	measured	pinned	8	ratio_vs_best	4.010395	112	1.0000	0	0		unchanged (within spread)
rank	kv-quoted	(set)	short-subject-search	plain	same program	pcrec_36d5963_vm-in-caps-simdna	measured	pinned	9	median_ns	1343990.645313	112	1.0000	0	0		unchanged (within spread)
rank	kv-quoted	(set)	short-subject-search	plain	same program	pcrec_36d5963_vm-in-caps-simdna	measured	pinned	9	min_ns	1341852.424954	112	1.0000	0	0		unchanged (within spread)
rank	kv-quoted	(set)	short-subject-search	plain	same program	pcrec_36d5963_vm-in-caps-simdna	measured	pinned	9	max_ns	1346739.637263	112	1.0000	0	0		unchanged (within spread)
rank	kv-quoted	(set)	short-subject-search	plain	same program	pcrec_36d5963_vm-in-caps-simdna	measured	pinned	9	stddev_ns	1594.316507	112	1.0000	0	0		unchanged (within spread)
rank	kv-quoted	(set)	short-subject-search	plain	same program	pcrec_36d5963_vm-in-caps-simdna	measured	pinned	9	ratio_vs_baseline	0.719735	112	1.0000	0	0		unchanged (within spread)
rank	kv-quoted	(set)	short-subject-search	plain	same program	pcrec_36d5963_vm-in-caps-simdna	measured	pinned	9	ratio_vs_best	4.017838	112	1.0000	0	0		unchanged (within spread)
rank	kv-quoted	(set)	short-subject-search	plain	same program	libpcre2_10.46_interp-caps-simdna	measured	pinned	10	median_ns	1867341.992599	112	1.0000	0	0		
rank	kv-quoted	(set)	short-subject-search	plain	same program	libpcre2_10.46_interp-caps-simdna	measured	pinned	10	min_ns	1861839.234944	112	1.0000	0	0		
rank	kv-quoted	(set)	short-subject-search	plain	same program	libpcre2_10.46_interp-caps-simdna	measured	pinned	10	max_ns	1889566.802496	112	1.0000	0	0		
rank	kv-quoted	(set)	short-subject-search	plain	same program	libpcre2_10.46_interp-caps-simdna	measured	pinned	10	stddev_ns	9674.618032	112	1.0000	0	0		
rank	kv-quoted	(set)	short-subject-search	plain	same program	libpcre2_10.46_interp-caps-simdna	measured	pinned	10	ratio_vs_baseline	1.000000	112	1.0000	0	0		
rank	kv-quoted	(set)	short-subject-search	plain	same program	libpcre2_10.46_interp-caps-simdna	measured	pinned	10	ratio_vs_best	5.582388	112	1.0000	0	0		
rank	level-context	(set)	large-subject-throughput	plain	same program	libpcre2_10.46_jit-caps-simdna	measured	pinned	1	median_ns	3006264.436170	12	1.0000	0	0		
rank	level-context	(set)	large-subject-throughput	plain	same program	libpcre2_10.46_jit-caps-simdna	measured	pinned	1	min_ns	3005175.386525	12	1.0000	0	0		
rank	level-context	(set)	large-subject-throughput	plain	same program	libpcre2_10.46_jit-caps-simdna	measured	pinned	1	max_ns	3008383.060284	12	1.0000	0	0		
rank	level-context	(set)	large-subject-throughput	plain	same program	libpcre2_10.46_jit-caps-simdna	measured	pinned	1	stddev_ns	1213.499075	12	1.0000	0	0		
rank	level-context	(set)	large-subject-throughput	plain	same program	libpcre2_10.46_jit-caps-simdna	measured	pinned	1	ratio_vs_baseline	0.504648	12	1.0000	0	0		
rank	level-context	(set)	large-subject-throughput	plain	same program	libpcre2_10.46_jit-caps-simdna	measured	pinned	1	ratio_vs_best	1.000000	12	1.0000	0	0		
rank	level-context	(set)	large-subject-throughput	plain	same program	libpcre2_10.46_interp-caps-simdna	measured	pinned	2	median_ns	5957153.893491	12	1.0000	0	0		
rank	level-context	(set)	large-subject-throughput	plain	same program	libpcre2_10.46_interp-caps-simdna	measured	pinned	2	min_ns	5948667.928994	12	1.0000	0	0		
rank	level-context	(set)	large-subject-throughput	plain	same program	libpcre2_10.46_interp-caps-simdna	measured	pinned	2	max_ns	5958569.639053	12	1.0000	0	0		
rank	level-context	(set)	large-subject-throughput	plain	same program	libpcre2_10.46_interp-caps-simdna	measured	pinned	2	stddev_ns	3646.193511	12	1.0000	0	0		
rank	level-context	(set)	large-subject-throughput	plain	same program	libpcre2_10.46_interp-caps-simdna	measured	pinned	2	ratio_vs_baseline	1.000000	12	1.0000	0	0		
rank	level-context	(set)	large-subject-throughput	plain	same program	libpcre2_10.46_interp-caps-simdna	measured	pinned	2	ratio_vs_best	1.981580	12	1.0000	0	0		
rank	level-context	(set)	large-subject-throughput	plain	same program	pcrec_35e1ab1_vm-caps-simdna	measured	pinned	3	median_ns	40904695.550000	12	1.0000	0	0		
rank	level-context	(set)	large-subject-throughput	plain	same program	pcrec_35e1ab1_vm-caps-simdna	measured	pinned	3	min_ns	40835680.650000	12	1.0000	0	0		
rank	level-context	(set)	large-subject-throughput	plain	same program	pcrec_35e1ab1_vm-caps-simdna	measured	pinned	3	max_ns	41100963.750000	12	1.0000	0	0		
rank	level-context	(set)	large-subject-throughput	plain	same program	pcrec_35e1ab1_vm-caps-simdna	measured	pinned	3	stddev_ns	93277.140244	12	1.0000	0	0		
rank	level-context	(set)	large-subject-throughput	plain	same program	pcrec_35e1ab1_vm-caps-simdna	measured	pinned	3	ratio_vs_baseline	6.866483	12	1.0000	0	0		
rank	level-context	(set)	large-subject-throughput	plain	same program	pcrec_35e1ab1_vm-caps-simdna	measured	pinned	3	ratio_vs_best	13.606486	12	1.0000	0	0		
rank	level-context	(set)	large-subject-throughput	plain	same program	pcrec_36d5963_vm-in-caps-simdna	measured	pinned	4	median_ns	40917968.750000	12	1.0000	0	0		unchanged (within spread)
rank	level-context	(set)	large-subject-throughput	plain	same program	pcrec_36d5963_vm-in-caps-simdna	measured	pinned	4	min_ns	40847523.400000	12	1.0000	0	0		unchanged (within spread)
rank	level-context	(set)	large-subject-throughput	plain	same program	pcrec_36d5963_vm-in-caps-simdna	measured	pinned	4	max_ns	41084056.800000	12	1.0000	0	0		unchanged (within spread)
rank	level-context	(set)	large-subject-throughput	plain	same program	pcrec_36d5963_vm-in-caps-simdna	measured	pinned	4	stddev_ns	99648.783686	12	1.0000	0	0		unchanged (within spread)
rank	level-context	(set)	large-subject-throughput	plain	same program	pcrec_36d5963_vm-in-caps-simdna	measured	pinned	4	ratio_vs_baseline	6.868711	12	1.0000	0	0		unchanged (within spread)
rank	level-context	(set)	large-subject-throughput	plain	same program	pcrec_36d5963_vm-in-caps-simdna	measured	pinned	4	ratio_vs_best	13.610901	12	1.0000	0	0		unchanged (within spread)
rank	level-context	(set)	large-subject-throughput	plain	same program	pcrec_35e1ab1_vm-in-caps-simdna	measured	pinned	5	median_ns	40939738.450000	12	1.0000	0	0		
rank	level-context	(set)	large-subject-throughput	plain	same program	pcrec_35e1ab1_vm-in-caps-simdna	measured	pinned	5	min_ns	40844702.850000	12	1.0000	0	0		
rank	level-context	(set)	large-subject-throughput	plain	same program	pcrec_35e1ab1_vm-in-caps-simdna	measured	pinned	5	max_ns	41000054.900000	12	1.0000	0	0		
rank	level-context	(set)	large-subject-throughput	plain	same program	pcrec_35e1ab1_vm-in-caps-simdna	measured	pinned	5	stddev_ns	53596.339153	12	1.0000	0	0		
rank	level-context	(set)	large-subject-throughput	plain	same program	pcrec_35e1ab1_vm-in-caps-simdna	measured	pinned	5	ratio_vs_baseline	6.872365	12	1.0000	0	0		
rank	level-context	(set)	large-subject-throughput	plain	same program	pcrec_35e1ab1_vm-in-caps-simdna	measured	pinned	5	ratio_vs_best	13.618143	12	1.0000	0	0		
rank	level-context	(set)	large-subject-throughput	plain	same program	pcrec_36d5963_auto-nocaps-simdna	measured	pinned	6	median_ns	41119295.350000	12	1.0000	0	0		
rank	level-context	(set)	large-subject-throughput	plain	same program	pcrec_36d5963_auto-nocaps-simdna	measured	pinned	6	min_ns	41046552.350000	12	1.0000	0	0		
rank	level-context	(set)	large-subject-throughput	plain	same program	pcrec_36d5963_auto-nocaps-simdna	measured	pinned	6	max_ns	41184129.100000	12	1.0000	0	0		
rank	level-context	(set)	large-subject-throughput	plain	same program	pcrec_36d5963_auto-nocaps-simdna	measured	pinned	6	stddev_ns	51338.396369	12	1.0000	0	0		
rank	level-context	(set)	large-subject-throughput	plain	same program	pcrec_36d5963_auto-nocaps-simdna	measured	pinned	6	ratio_vs_baseline	6.902507	12	1.0000	0	0		
rank	level-context	(set)	large-subject-throughput	plain	same program	pcrec_36d5963_auto-nocaps-simdna	measured	pinned	6	ratio_vs_best	13.677870	12	1.0000	0	0		
rank	level-context	(set)	large-subject-throughput	plain	same program	pcrec_36d5963_vm-caps-simdna	measured	pinned	7	median_ns	41188179.450000	12	1.0000	0	0		slower ×1.01
rank	level-context	(set)	large-subject-throughput	plain	same program	pcrec_36d5963_vm-caps-simdna	measured	pinned	7	min_ns	41080334.350000	12	1.0000	0	0		slower ×1.01
rank	level-context	(set)	large-subject-throughput	plain	same program	pcrec_36d5963_vm-caps-simdna	measured	pinned	7	max_ns	41190090.500000	12	1.0000	0	0		slower ×1.01
rank	level-context	(set)	large-subject-throughput	plain	same program	pcrec_36d5963_vm-caps-simdna	measured	pinned	7	stddev_ns	48303.349211	12	1.0000	0	0		slower ×1.01
rank	level-context	(set)	large-subject-throughput	plain	same program	pcrec_36d5963_vm-caps-simdna	measured	pinned	7	ratio_vs_baseline	6.914070	12	1.0000	0	0		slower ×1.01
rank	level-context	(set)	large-subject-throughput	plain	same program	pcrec_36d5963_vm-caps-simdna	measured	pinned	7	ratio_vs_best	13.700784	12	1.0000	0	0		slower ×1.01
rank	level-context	(set)	large-subject-throughput	plain	same program	pcrec_36d5963_auto-caps-simdna	measured	pinned	8	median_ns	41194447.600000	12	1.0000	0	0		
rank	level-context	(set)	large-subject-throughput	plain	same program	pcrec_36d5963_auto-caps-simdna	measured	pinned	8	min_ns	41088849.000000	12	1.0000	0	0		
rank	level-context	(set)	large-subject-throughput	plain	same program	pcrec_36d5963_auto-caps-simdna	measured	pinned	8	max_ns	41329574.450000	12	1.0000	0	0		
rank	level-context	(set)	large-subject-throughput	plain	same program	pcrec_36d5963_auto-caps-simdna	measured	pinned	8	stddev_ns	77943.901242	12	1.0000	0	0		
rank	level-context	(set)	large-subject-throughput	plain	same program	pcrec_36d5963_auto-caps-simdna	measured	pinned	8	ratio_vs_baseline	6.915122	12	1.0000	0	0		
rank	level-context	(set)	large-subject-throughput	plain	same program	pcrec_36d5963_auto-caps-simdna	measured	pinned	8	ratio_vs_best	13.702869	12	1.0000	0	0		
did_not_compile	level-context	(set)	large-subject-throughput			pcrec_35e1ab1_auto-caps-simdna	did-not-compile									pcrec: pattern too complex for the DFA engine (>32000 states; try --engine=vm) (pattern offset 0)	
did_not_compile	level-context	(set)	large-subject-throughput			pcrec_35e1ab1_auto-nocaps-simdna	did-not-compile									pcrec: pattern too complex for the DFA engine (>32000 states; try --engine=vm) (pattern offset 0)	
rank	level-context	(set)	short-subject-search	plain	same program	libpcre2_10.46_jit-caps-simdna	measured	pinned	1	median_ns	115180.826592	112	1.0000	0	0		
rank	level-context	(set)	short-subject-search	plain	same program	libpcre2_10.46_jit-caps-simdna	measured	pinned	1	min_ns	115122.425356	112	1.0000	0	0		
rank	level-context	(set)	short-subject-search	plain	same program	libpcre2_10.46_jit-caps-simdna	measured	pinned	1	max_ns	115395.520638	112	1.0000	0	0		
rank	level-context	(set)	short-subject-search	plain	same program	libpcre2_10.46_jit-caps-simdna	measured	pinned	1	stddev_ns	96.442321	112	1.0000	0	0		
rank	level-context	(set)	short-subject-search	plain	same program	libpcre2_10.46_jit-caps-simdna	measured	pinned	1	ratio_vs_baseline	0.533390	112	1.0000	0	0		
rank	level-context	(set)	short-subject-search	plain	same program	libpcre2_10.46_jit-caps-simdna	measured	pinned	1	ratio_vs_best	1.000000	112	1.0000	0	0		
rank	level-context	(set)	short-subject-search	plain	same program	libpcre2_10.46_interp-caps-simdna	measured	pinned	2	median_ns	215941.081377	112	1.0000	0	0		
rank	level-context	(set)	short-subject-search	plain	same program	libpcre2_10.46_interp-caps-simdna	measured	pinned	2	min_ns	215726.946847	112	1.0000	0	0		
rank	level-context	(set)	short-subject-search	plain	same program	libpcre2_10.46_interp-caps-simdna	measured	pinned	2	max_ns	216250.209319	112	1.0000	0	0		
rank	level-context	(set)	short-subject-search	plain	same program	libpcre2_10.46_interp-caps-simdna	measured	pinned	2	stddev_ns	189.507598	112	1.0000	0	0		
rank	level-context	(set)	short-subject-search	plain	same program	libpcre2_10.46_interp-caps-simdna	measured	pinned	2	ratio_vs_baseline	1.000000	112	1.0000	0	0		
rank	level-context	(set)	short-subject-search	plain	same program	libpcre2_10.46_interp-caps-simdna	measured	pinned	2	ratio_vs_best	1.874801	112	1.0000	0	0		
rank	level-context	(set)	short-subject-search	plain	same program	pcrec_36d5963_vm-in-caps-simdna	measured	pinned	3	median_ns	1543495.037729	112	1.0000	0	0		unchanged (within spread)
rank	level-context	(set)	short-subject-search	plain	same program	pcrec_36d5963_vm-in-caps-simdna	measured	pinned	3	min_ns	1542304.311357	112	1.0000	0	0		unchanged (within spread)
rank	level-context	(set)	short-subject-search	plain	same program	pcrec_36d5963_vm-in-caps-simdna	measured	pinned	3	max_ns	1546389.336509	112	1.0000	0	0		unchanged (within spread)
rank	level-context	(set)	short-subject-search	plain	same program	pcrec_36d5963_vm-in-caps-simdna	measured	pinned	3	stddev_ns	1503.316900	112	1.0000	0	0		unchanged (within spread)
rank	level-context	(set)	short-subject-search	plain	same program	pcrec_36d5963_vm-in-caps-simdna	measured	pinned	3	ratio_vs_baseline	7.147760	112	1.0000	0	0		unchanged (within spread)
rank	level-context	(set)	short-subject-search	plain	same program	pcrec_36d5963_vm-in-caps-simdna	measured	pinned	3	ratio_vs_best	13.400625	112	1.0000	0	0		unchanged (within spread)
rank	level-context	(set)	short-subject-search	plain	same program	pcrec_36d5963_auto-nocaps-simdna	measured	pinned	4	median_ns	1544942.443023	112	1.0000	0	0		
rank	level-context	(set)	short-subject-search	plain	same program	pcrec_36d5963_auto-nocaps-simdna	measured	pinned	4	min_ns	1540453.206910	112	1.0000	0	0		
rank	level-context	(set)	short-subject-search	plain	same program	pcrec_36d5963_auto-nocaps-simdna	measured	pinned	4	max_ns	1552691.419546	112	1.0000	0	0		
rank	level-context	(set)	short-subject-search	plain	same program	pcrec_36d5963_auto-nocaps-simdna	measured	pinned	4	stddev_ns	4188.883667	112	1.0000	0	0		
rank	level-context	(set)	short-subject-search	plain	same program	pcrec_36d5963_auto-nocaps-simdna	measured	pinned	4	ratio_vs_baseline	7.154463	112	1.0000	0	0		
rank	level-context	(set)	short-subject-search	plain	same program	pcrec_36d5963_auto-nocaps-simdna	measured	pinned	4	ratio_vs_best	13.413191	112	1.0000	0	0		
rank	level-context	(set)	short-subject-search	plain	same program	pcrec_35e1ab1_vm-in-caps-simdna	measured	pinned	5	median_ns	1545125.003627	112	1.0000	0	0		
rank	level-context	(set)	short-subject-search	plain	same program	pcrec_35e1ab1_vm-in-caps-simdna	measured	pinned	5	min_ns	1543299.092384	112	1.0000	0	0		
rank	level-context	(set)	short-subject-search	plain	same program	pcrec_35e1ab1_vm-in-caps-simdna	measured	pinned	5	max_ns	1551206.113380	112	1.0000	0	0		
rank	level-context	(set)	short-subject-search	plain	same program	pcrec_35e1ab1_vm-in-caps-simdna	measured	pinned	5	stddev_ns	2869.382941	112	1.0000	0	0		
rank	level-context	(set)	short-subject-search	plain	same program	pcrec_35e1ab1_vm-in-caps-simdna	measured	pinned	5	ratio_vs_baseline	7.155308	112	1.0000	0	0		
rank	level-context	(set)	short-subject-search	plain	same program	pcrec_35e1ab1_vm-in-caps-simdna	measured	pinned	5	ratio_vs_best	13.414776	112	1.0000	0	0		
rank	level-context	(set)	short-subject-search	plain	same program	pcrec_35e1ab1_vm-caps-simdna	measured	pinned	6	median_ns	1545227.674348	112	1.0000	0	0		
rank	level-context	(set)	short-subject-search	plain	same program	pcrec_35e1ab1_vm-caps-simdna	measured	pinned	6	min_ns	1542381.174633	112	1.0000	0	0		
rank	level-context	(set)	short-subject-search	plain	same program	pcrec_35e1ab1_vm-caps-simdna	measured	pinned	6	max_ns	2163335.830699	112	1.0000	0	0		
rank	level-context	(set)	short-subject-search	plain	same program	pcrec_35e1ab1_vm-caps-simdna	measured	pinned	6	stddev_ns	247441.535440	112	1.0000	0	0		
rank	level-context	(set)	short-subject-search	plain	same program	pcrec_35e1ab1_vm-caps-simdna	measured	pinned	6	ratio_vs_baseline	7.155784	112	1.0000	0	0		
rank	level-context	(set)	short-subject-search	plain	same program	pcrec_35e1ab1_vm-caps-simdna	measured	pinned	6	ratio_vs_best	13.415668	112	1.0000	0	0		
rank	level-context	(set)	short-subject-search	plain	same program	pcrec_36d5963_vm-caps-simdna	measured	pinned	7	median_ns	1545984.060287	112	1.0000	0	0		unchanged (within spread)
rank	level-context	(set)	short-subject-search	plain	same program	pcrec_36d5963_vm-caps-simdna	measured	pinned	7	min_ns	1541637.361340	112	1.0000	0	0		unchanged (within spread)
rank	level-context	(set)	short-subject-search	plain	same program	pcrec_36d5963_vm-caps-simdna	measured	pinned	7	max_ns	1555911.873493	112	1.0000	0	0		unchanged (within spread)
rank	level-context	(set)	short-subject-search	plain	same program	pcrec_36d5963_vm-caps-simdna	measured	pinned	7	stddev_ns	4819.055561	112	1.0000	0	0		unchanged (within spread)
rank	level-context	(set)	short-subject-search	plain	same program	pcrec_36d5963_vm-caps-simdna	measured	pinned	7	ratio_vs_baseline	7.159286	112	1.0000	0	0		unchanged (within spread)
rank	level-context	(set)	short-subject-search	plain	same program	pcrec_36d5963_vm-caps-simdna	measured	pinned	7	ratio_vs_best	13.422234	112	1.0000	0	0		unchanged (within spread)
rank	level-context	(set)	short-subject-search	plain	same program	pcrec_36d5963_auto-caps-simdna	measured	pinned	8	median_ns	1548645.370525	112	1.0000	0	0		
rank	level-context	(set)	short-subject-search	plain	same program	pcrec_36d5963_auto-caps-simdna	measured	pinned	8	min_ns	1545945.159689	112	1.0000	0	0		
rank	level-context	(set)	short-subject-search	plain	same program	pcrec_36d5963_auto-caps-simdna	measured	pinned	8	max_ns	1549974.012881	112	1.0000	0	0		
rank	level-context	(set)	short-subject-search	plain	same program	pcrec_36d5963_auto-caps-simdna	measured	pinned	8	stddev_ns	1605.489859	112	1.0000	0	0		
rank	level-context	(set)	short-subject-search	plain	same program	pcrec_36d5963_auto-caps-simdna	measured	pinned	8	ratio_vs_baseline	7.171611	112	1.0000	0	0		
rank	level-context	(set)	short-subject-search	plain	same program	pcrec_36d5963_auto-caps-simdna	measured	pinned	8	ratio_vs_best	13.445340	112	1.0000	0	0		
did_not_compile	level-context	(set)	short-subject-search			pcrec_35e1ab1_auto-caps-simdna	did-not-compile									pcrec: pattern too complex for the DFA engine (>32000 states; try --engine=vm) (pattern offset 0)	
did_not_compile	level-context	(set)	short-subject-search			pcrec_35e1ab1_auto-nocaps-simdna	did-not-compile									pcrec: pattern too complex for the DFA engine (>32000 states; try --engine=vm) (pattern offset 0)	
rank	stack-frame	(set)	large-subject-throughput	plain	same program	libpcre2_10.46_jit-caps-simdna	measured	pinned	1	median_ns	475487.544776	12	1.0000	0	0		
rank	stack-frame	(set)	large-subject-throughput	plain	same program	libpcre2_10.46_jit-caps-simdna	measured	pinned	1	min_ns	475115.278607	12	1.0000	0	0		
rank	stack-frame	(set)	large-subject-throughput	plain	same program	libpcre2_10.46_jit-caps-simdna	measured	pinned	1	max_ns	479020.262189	12	1.0000	0	0		
rank	stack-frame	(set)	large-subject-throughput	plain	same program	libpcre2_10.46_jit-caps-simdna	measured	pinned	1	stddev_ns	1442.429131	12	1.0000	0	0		
rank	stack-frame	(set)	large-subject-throughput	plain	same program	libpcre2_10.46_jit-caps-simdna	measured	pinned	1	ratio_vs_baseline	0.094612	12	1.0000	0	0		
rank	stack-frame	(set)	large-subject-throughput	plain	same program	libpcre2_10.46_jit-caps-simdna	measured	pinned	1	ratio_vs_best	1.000000	12	1.0000	0	0		
rank	stack-frame	(set)	large-subject-throughput	plain	same program	pcrec_36d5963_auto-nocaps-simdna	measured	pinned	2	median_ns	1845520.597458	12	1.0000	0	0		faster ×8.26
rank	stack-frame	(set)	large-subject-throughput	plain	same program	pcrec_36d5963_auto-nocaps-simdna	measured	pinned	2	min_ns	1844715.360169	12	1.0000	0	0		faster ×8.26
rank	stack-frame	(set)	large-subject-throughput	plain	same program	pcrec_36d5963_auto-nocaps-simdna	measured	pinned	2	max_ns	1852640.197034	12	1.0000	0	0		faster ×8.26
rank	stack-frame	(set)	large-subject-throughput	plain	same program	pcrec_36d5963_auto-nocaps-simdna	measured	pinned	2	stddev_ns	2961.267200	12	1.0000	0	0		faster ×8.26
rank	stack-frame	(set)	large-subject-throughput	plain	same program	pcrec_36d5963_auto-nocaps-simdna	measured	pinned	2	ratio_vs_baseline	0.367220	12	1.0000	0	0		faster ×8.26
rank	stack-frame	(set)	large-subject-throughput	plain	same program	pcrec_36d5963_auto-nocaps-simdna	measured	pinned	2	ratio_vs_best	3.881323	12	1.0000	0	0		faster ×8.26
rank	stack-frame	(set)	large-subject-throughput	plain	same program	pcrec_36d5963_auto-caps-simdna	measured	pinned	3	median_ns	1849471.348936	12	1.0000	0	0		faster ×8.25
rank	stack-frame	(set)	large-subject-throughput	plain	same program	pcrec_36d5963_auto-caps-simdna	measured	pinned	3	min_ns	1845089.902128	12	1.0000	0	0		faster ×8.25
rank	stack-frame	(set)	large-subject-throughput	plain	same program	pcrec_36d5963_auto-caps-simdna	measured	pinned	3	max_ns	1853548.634043	12	1.0000	0	0		faster ×8.25
rank	stack-frame	(set)	large-subject-throughput	plain	same program	pcrec_36d5963_auto-caps-simdna	measured	pinned	3	stddev_ns	3161.238731	12	1.0000	0	0		faster ×8.25
rank	stack-frame	(set)	large-subject-throughput	plain	same program	pcrec_36d5963_auto-caps-simdna	measured	pinned	3	ratio_vs_baseline	0.368006	12	1.0000	0	0		faster ×8.25
rank	stack-frame	(set)	large-subject-throughput	plain	same program	pcrec_36d5963_auto-caps-simdna	measured	pinned	3	ratio_vs_best	3.889632	12	1.0000	0	0		faster ×8.25
rank	stack-frame	(set)	large-subject-throughput	plain	same program	libpcre2_10.46_interp-caps-simdna	measured	pinned	4	median_ns	5025653.867277	12	1.0000	0	0		
rank	stack-frame	(set)	large-subject-throughput	plain	same program	libpcre2_10.46_interp-caps-simdna	measured	pinned	4	min_ns	5021057.370709	12	1.0000	0	0		
rank	stack-frame	(set)	large-subject-throughput	plain	same program	libpcre2_10.46_interp-caps-simdna	measured	pinned	4	max_ns	5028023.295195	12	1.0000	0	0		
rank	stack-frame	(set)	large-subject-throughput	plain	same program	libpcre2_10.46_interp-caps-simdna	measured	pinned	4	stddev_ns	2736.474218	12	1.0000	0	0		
rank	stack-frame	(set)	large-subject-throughput	plain	same program	libpcre2_10.46_interp-caps-simdna	measured	pinned	4	ratio_vs_baseline	1.000000	12	1.0000	0	0		
rank	stack-frame	(set)	large-subject-throughput	plain	same program	libpcre2_10.46_interp-caps-simdna	measured	pinned	4	ratio_vs_best	10.569475	12	1.0000	0	0		
rank	stack-frame	(set)	large-subject-throughput	plain	same program	pcrec_35e1ab1_auto-nocaps-simdna	measured	pinned	5	median_ns	15243382.875000	12	1.0000	0	0		
rank	stack-frame	(set)	large-subject-throughput	plain	same program	pcrec_35e1ab1_auto-nocaps-simdna	measured	pinned	5	min_ns	15229069.589286	12	1.0000	0	0		
rank	stack-frame	(set)	large-subject-throughput	plain	same program	pcrec_35e1ab1_auto-nocaps-simdna	measured	pinned	5	max_ns	15468924.017857	12	1.0000	0	0		
rank	stack-frame	(set)	large-subject-throughput	plain	same program	pcrec_35e1ab1_auto-nocaps-simdna	measured	pinned	5	stddev_ns	90543.733424	12	1.0000	0	0		
rank	stack-frame	(set)	large-subject-throughput	plain	same program	pcrec_35e1ab1_auto-nocaps-simdna	measured	pinned	5	ratio_vs_baseline	3.033114	12	1.0000	0	0		
rank	stack-frame	(set)	large-subject-throughput	plain	same program	pcrec_35e1ab1_auto-nocaps-simdna	measured	pinned	5	ratio_vs_best	32.058427	12	1.0000	0	0		
rank	stack-frame	(set)	large-subject-throughput	plain	same program	pcrec_35e1ab1_auto-caps-simdna	measured	pinned	6	median_ns	15264160.181818	12	1.0000	0	0		
rank	stack-frame	(set)	large-subject-throughput	plain	same program	pcrec_35e1ab1_auto-caps-simdna	measured	pinned	6	min_ns	15250920.672727	12	1.0000	0	0		
rank	stack-frame	(set)	large-subject-throughput	plain	same program	pcrec_35e1ab1_auto-caps-simdna	measured	pinned	6	max_ns	15300802.400000	12	1.0000	0	0		
rank	stack-frame	(set)	large-subject-throughput	plain	same program	pcrec_35e1ab1_auto-caps-simdna	measured	pinned	6	stddev_ns	17566.942497	12	1.0000	0	0		
rank	stack-frame	(set)	large-subject-throughput	plain	same program	pcrec_35e1ab1_auto-caps-simdna	measured	pinned	6	ratio_vs_baseline	3.037249	12	1.0000	0	0		
rank	stack-frame	(set)	large-subject-throughput	plain	same program	pcrec_35e1ab1_auto-caps-simdna	measured	pinned	6	ratio_vs_best	32.102124	12	1.0000	0	0		
rank	stack-frame	(set)	large-subject-throughput	plain	same program	pcrec_35e1ab1_vm-caps-simdna	measured	pinned	7	median_ns	29138284.607143	12	1.0000	0	0		
rank	stack-frame	(set)	large-subject-throughput	plain	same program	pcrec_35e1ab1_vm-caps-simdna	measured	pinned	7	min_ns	28983347.964286	12	1.0000	0	0		
rank	stack-frame	(set)	large-subject-throughput	plain	same program	pcrec_35e1ab1_vm-caps-simdna	measured	pinned	7	max_ns	29299175.178571	12	1.0000	0	0		
rank	stack-frame	(set)	large-subject-throughput	plain	same program	pcrec_35e1ab1_vm-caps-simdna	measured	pinned	7	stddev_ns	103312.292368	12	1.0000	0	0		
rank	stack-frame	(set)	large-subject-throughput	plain	same program	pcrec_35e1ab1_vm-caps-simdna	measured	pinned	7	ratio_vs_baseline	5.797909	12	1.0000	0	0		
rank	stack-frame	(set)	large-subject-throughput	plain	same program	pcrec_35e1ab1_vm-caps-simdna	measured	pinned	7	ratio_vs_best	61.280858	12	1.0000	0	0		
rank	stack-frame	(set)	large-subject-throughput	plain	same program	pcrec_35e1ab1_vm-in-caps-simdna	measured	pinned	8	median_ns	29175285.000000	12	1.0000	0	0		
rank	stack-frame	(set)	large-subject-throughput	plain	same program	pcrec_35e1ab1_vm-in-caps-simdna	measured	pinned	8	min_ns	29159492.035714	12	1.0000	0	0		
rank	stack-frame	(set)	large-subject-throughput	plain	same program	pcrec_35e1ab1_vm-in-caps-simdna	measured	pinned	8	max_ns	29190747.142857	12	1.0000	0	0		
rank	stack-frame	(set)	large-subject-throughput	plain	same program	pcrec_35e1ab1_vm-in-caps-simdna	measured	pinned	8	stddev_ns	10574.045960	12	1.0000	0	0		
rank	stack-frame	(set)	large-subject-throughput	plain	same program	pcrec_35e1ab1_vm-in-caps-simdna	measured	pinned	8	ratio_vs_baseline	5.805271	12	1.0000	0	0		
rank	stack-frame	(set)	large-subject-throughput	plain	same program	pcrec_35e1ab1_vm-in-caps-simdna	measured	pinned	8	ratio_vs_best	61.358673	12	1.0000	0	0		
rank	stack-frame	(set)	large-subject-throughput	plain	same program	pcrec_36d5963_vm-in-caps-simdna	measured	pinned	9	median_ns	29188655.000000	12	1.0000	0	0		unchanged (within spread)
rank	stack-frame	(set)	large-subject-throughput	plain	same program	pcrec_36d5963_vm-in-caps-simdna	measured	pinned	9	min_ns	29156855.500000	12	1.0000	0	0		unchanged (within spread)
rank	stack-frame	(set)	large-subject-throughput	plain	same program	pcrec_36d5963_vm-in-caps-simdna	measured	pinned	9	max_ns	30382636.714286	12	1.0000	0	0		unchanged (within spread)
rank	stack-frame	(set)	large-subject-throughput	plain	same program	pcrec_36d5963_vm-in-caps-simdna	measured	pinned	9	stddev_ns	480391.877336	12	1.0000	0	0		unchanged (within spread)
rank	stack-frame	(set)	large-subject-throughput	plain	same program	pcrec_36d5963_vm-in-caps-simdna	measured	pinned	9	ratio_vs_baseline	5.807932	12	1.0000	0	0		unchanged (within spread)
rank	stack-frame	(set)	large-subject-throughput	plain	same program	pcrec_36d5963_vm-in-caps-simdna	measured	pinned	9	ratio_vs_best	61.386792	12	1.0000	0	0		unchanged (within spread)
rank	stack-frame	(set)	large-subject-throughput	plain	same program	pcrec_36d5963_vm-caps-simdna	measured	pinned	10	median_ns	29200604.892857	12	1.0000	0	0		unchanged (within spread)
rank	stack-frame	(set)	large-subject-throughput	plain	same program	pcrec_36d5963_vm-caps-simdna	measured	pinned	10	min_ns	29191696.285714	12	1.0000	0	0		unchanged (within spread)
rank	stack-frame	(set)	large-subject-throughput	plain	same program	pcrec_36d5963_vm-caps-simdna	measured	pinned	10	max_ns	29230007.535714	12	1.0000	0	0		unchanged (within spread)
rank	stack-frame	(set)	large-subject-throughput	plain	same program	pcrec_36d5963_vm-caps-simdna	measured	pinned	10	stddev_ns	13286.709029	12	1.0000	0	0		unchanged (within spread)
rank	stack-frame	(set)	large-subject-throughput	plain	same program	pcrec_36d5963_vm-caps-simdna	measured	pinned	10	ratio_vs_baseline	5.810310	12	1.0000	0	0		unchanged (within spread)
rank	stack-frame	(set)	large-subject-throughput	plain	same program	pcrec_36d5963_vm-caps-simdna	measured	pinned	10	ratio_vs_best	61.411924	12	1.0000	0	0		unchanged (within spread)
rank	stack-frame	(set)	short-subject-search	plain	same program	libpcre2_10.46_jit-caps-simdna	measured	pinned	1	median_ns	17567.340773	112	1.0000	0	0		
rank	stack-frame	(set)	short-subject-search	plain	same program	libpcre2_10.46_jit-caps-simdna	measured	pinned	1	min_ns	17514.909071	112	1.0000	0	0		
rank	stack-frame	(set)	short-subject-search	plain	same program	libpcre2_10.46_jit-caps-simdna	measured	pinned	1	max_ns	17952.249472	112	1.0000	0	0		
rank	stack-frame	(set)	short-subject-search	plain	same program	libpcre2_10.46_jit-caps-simdna	measured	pinned	1	stddev_ns	163.479023	112	1.0000	0	0		
rank	stack-frame	(set)	short-subject-search	plain	same program	libpcre2_10.46_jit-caps-simdna	measured	pinned	1	ratio_vs_baseline	0.084819	112	1.0000	0	0		
rank	stack-frame	(set)	short-subject-search	plain	same program	libpcre2_10.46_jit-caps-simdna	measured	pinned	1	ratio_vs_best	1.000000	112	1.0000	0	0		
rank	stack-frame	(set)	short-subject-search	plain	same program	pcrec_36d5963_auto-nocaps-simdna	measured	pinned	2	median_ns	32069.757104	112	1.0000	0	0		faster ×17.39
rank	stack-frame	(set)	short-subject-search	plain	same program	pcrec_36d5963_auto-nocaps-simdna	measured	pinned	2	min_ns	32006.897687	112	1.0000	0	0		faster ×17.39
rank	stack-frame	(set)	short-subject-search	plain	same program	pcrec_36d5963_auto-nocaps-simdna	measured	pinned	2	max_ns	32082.751339	112	1.0000	0	0		faster ×17.39
rank	stack-frame	(set)	short-subject-search	plain	same program	pcrec_36d5963_auto-nocaps-simdna	measured	pinned	2	stddev_ns	31.587278	112	1.0000	0	0		faster ×17.39
rank	stack-frame	(set)	short-subject-search	plain	same program	pcrec_36d5963_auto-nocaps-simdna	measured	pinned	2	ratio_vs_baseline	0.154840	112	1.0000	0	0		faster ×17.39
rank	stack-frame	(set)	short-subject-search	plain	same program	pcrec_36d5963_auto-nocaps-simdna	measured	pinned	2	ratio_vs_best	1.825533	112	1.0000	0	0		faster ×17.39
rank	stack-frame	(set)	short-subject-search	plain	same program	pcrec_36d5963_auto-caps-simdna	measured	pinned	3	median_ns	32125.800558	112	1.0000	0	0		faster ×17.39
rank	stack-frame	(set)	short-subject-search	plain	same program	pcrec_36d5963_auto-caps-simdna	measured	pinned	3	min_ns	32087.726940	112	1.0000	0	0		faster ×17.39
rank	stack-frame	(set)	short-subject-search	plain	same program	pcrec_36d5963_auto-caps-simdna	measured	pinned	3	max_ns	32298.358137	112	1.0000	0	0		faster ×17.39
rank	stack-frame	(set)	short-subject-search	plain	same program	pcrec_36d5963_auto-caps-simdna	measured	pinned	3	stddev_ns	80.319493	112	1.0000	0	0		faster ×17.39
rank	stack-frame	(set)	short-subject-search	plain	same program	pcrec_36d5963_auto-caps-simdna	measured	pinned	3	ratio_vs_baseline	0.155111	112	1.0000	0	0		faster ×17.39
rank	stack-frame	(set)	short-subject-search	plain	same program	pcrec_36d5963_auto-caps-simdna	measured	pinned	3	ratio_vs_best	1.828723	112	1.0000	0	0		faster ×17.39
rank	stack-frame	(set)	short-subject-search	plain	same program	libpcre2_10.46_interp-caps-simdna	measured	pinned	4	median_ns	207115.212387	112	1.0000	0	0		
rank	stack-frame	(set)	short-subject-search	plain	same program	libpcre2_10.46_interp-caps-simdna	measured	pinned	4	min_ns	207076.376325	112	1.0000	0	0		
rank	stack-frame	(set)	short-subject-search	plain	same program	libpcre2_10.46_interp-caps-simdna	measured	pinned	4	max_ns	208124.818568	112	1.0000	0	0		
rank	stack-frame	(set)	short-subject-search	plain	same program	libpcre2_10.46_interp-caps-simdna	measured	pinned	4	stddev_ns	402.468061	112	1.0000	0	0		
rank	stack-frame	(set)	short-subject-search	plain	same program	libpcre2_10.46_interp-caps-simdna	measured	pinned	4	ratio_vs_baseline	1.000000	112	1.0000	0	0		
rank	stack-frame	(set)	short-subject-search	plain	same program	libpcre2_10.46_interp-caps-simdna	measured	pinned	4	ratio_vs_best	11.789787	112	1.0000	0	0		
rank	stack-frame	(set)	short-subject-search	plain	same program	pcrec_35e1ab1_auto-nocaps-simdna	measured	pinned	5	median_ns	557580.670648	112	1.0000	0	0		
rank	stack-frame	(set)	short-subject-search	plain	same program	pcrec_35e1ab1_auto-nocaps-simdna	measured	pinned	5	min_ns	556452.606594	112	1.0000	0	0		
rank	stack-frame	(set)	short-subject-search	plain	same program	pcrec_35e1ab1_auto-nocaps-simdna	measured	pinned	5	max_ns	560184.115256	112	1.0000	0	0		
rank	stack-frame	(set)	short-subject-search	plain	same program	pcrec_35e1ab1_auto-nocaps-simdna	measured	pinned	5	stddev_ns	1437.492762	112	1.0000	0	0		
rank	stack-frame	(set)	short-subject-search	plain	same program	pcrec_35e1ab1_auto-nocaps-simdna	measured	pinned	5	ratio_vs_baseline	2.692128	112	1.0000	0	0		
rank	stack-frame	(set)	short-subject-search	plain	same program	pcrec_35e1ab1_auto-nocaps-simdna	measured	pinned	5	ratio_vs_best	31.739617	112	1.0000	0	0		
rank	stack-frame	(set)	short-subject-search	plain	same program	pcrec_35e1ab1_auto-caps-simdna	measured	pinned	6	median_ns	558756.011120	112	1.0000	0	0		
rank	stack-frame	(set)	short-subject-search	plain	same program	pcrec_35e1ab1_auto-caps-simdna	measured	pinned	6	min_ns	557168.722337	112	1.0000	0	0		
rank	stack-frame	(set)	short-subject-search	plain	same program	pcrec_35e1ab1_auto-caps-simdna	measured	pinned	6	max_ns	559743.663075	112	1.0000	0	0		
rank	stack-frame	(set)	short-subject-search	plain	same program	pcrec_35e1ab1_auto-caps-simdna	measured	pinned	6	stddev_ns	898.287938	112	1.0000	0	0		
rank	stack-frame	(set)	short-subject-search	plain	same program	pcrec_35e1ab1_auto-caps-simdna	measured	pinned	6	ratio_vs_baseline	2.697803	112	1.0000	0	0		
rank	stack-frame	(set)	short-subject-search	plain	same program	pcrec_35e1ab1_auto-caps-simdna	measured	pinned	6	ratio_vs_best	31.806522	112	1.0000	0	0		
rank	stack-frame	(set)	short-subject-search	plain	same program	pcrec_35e1ab1_vm-in-caps-simdna	measured	pinned	7	median_ns	1118452.517805	112	1.0000	0	0		
rank	stack-frame	(set)	short-subject-search	plain	same program	pcrec_35e1ab1_vm-in-caps-simdna	measured	pinned	7	min_ns	1117405.071946	112	1.0000	0	0		
rank	stack-frame	(set)	short-subject-search	plain	same program	pcrec_35e1ab1_vm-in-caps-simdna	measured	pinned	7	max_ns	1124770.187898	112	1.0000	0	0		
rank	stack-frame	(set)	short-subject-search	plain	same program	pcrec_35e1ab1_vm-in-caps-simdna	measured	pinned	7	stddev_ns	2684.323640	112	1.0000	0	0		
rank	stack-frame	(set)	short-subject-search	plain	same program	pcrec_35e1ab1_vm-in-caps-simdna	measured	pinned	7	ratio_vs_baseline	5.400147	112	1.0000	0	0		
rank	stack-frame	(set)	short-subject-search	plain	same program	pcrec_35e1ab1_vm-in-caps-simdna	measured	pinned	7	ratio_vs_best	63.666581	112	1.0000	0	0		
rank	stack-frame	(set)	short-subject-search	plain	same program	pcrec_35e1ab1_vm-caps-simdna	measured	pinned	8	median_ns	1119034.369552	112	1.0000	0	0		
rank	stack-frame	(set)	short-subject-search	plain	same program	pcrec_35e1ab1_vm-caps-simdna	measured	pinned	8	min_ns	1118218.445966	112	1.0000	0	0		
rank	stack-frame	(set)	short-subject-search	plain	same program	pcrec_35e1ab1_vm-caps-simdna	measured	pinned	8	max_ns	1125038.902827	112	1.0000	0	0		
rank	stack-frame	(set)	short-subject-search	plain	same program	pcrec_35e1ab1_vm-caps-simdna	measured	pinned	8	stddev_ns	2465.508885	112	1.0000	0	0		
rank	stack-frame	(set)	short-subject-search	plain	same program	pcrec_35e1ab1_vm-caps-simdna	measured	pinned	8	ratio_vs_baseline	5.402956	112	1.0000	0	0		
rank	stack-frame	(set)	short-subject-search	plain	same program	pcrec_35e1ab1_vm-caps-simdna	measured	pinned	8	ratio_vs_best	63.699702	112	1.0000	0	0		
rank	stack-frame	(set)	short-subject-search	plain	same program	pcrec_36d5963_vm-in-caps-simdna	measured	pinned	9	median_ns	1119668.730786	112	1.0000	0	0		unchanged (within spread)
rank	stack-frame	(set)	short-subject-search	plain	same program	pcrec_36d5963_vm-in-caps-simdna	measured	pinned	9	min_ns	1118056.666371	112	1.0000	0	0		unchanged (within spread)
rank	stack-frame	(set)	short-subject-search	plain	same program	pcrec_36d5963_vm-in-caps-simdna	measured	pinned	9	max_ns	1123213.226270	112	1.0000	0	0		unchanged (within spread)
rank	stack-frame	(set)	short-subject-search	plain	same program	pcrec_36d5963_vm-in-caps-simdna	measured	pinned	9	stddev_ns	2055.701018	112	1.0000	0	0		unchanged (within spread)
rank	stack-frame	(set)	short-subject-search	plain	same program	pcrec_36d5963_vm-in-caps-simdna	measured	pinned	9	ratio_vs_baseline	5.406019	112	1.0000	0	0		unchanged (within spread)
rank	stack-frame	(set)	short-subject-search	plain	same program	pcrec_36d5963_vm-in-caps-simdna	measured	pinned	9	ratio_vs_best	63.735812	112	1.0000	0	0		unchanged (within spread)
rank	stack-frame	(set)	short-subject-search	plain	same program	pcrec_36d5963_vm-caps-simdna	measured	pinned	10	median_ns	1120226.081695	112	1.0000	0	0		unchanged (within spread)
rank	stack-frame	(set)	short-subject-search	plain	same program	pcrec_36d5963_vm-caps-simdna	measured	pinned	10	min_ns	1119573.452863	112	1.0000	0	0		unchanged (within spread)
rank	stack-frame	(set)	short-subject-search	plain	same program	pcrec_36d5963_vm-caps-simdna	measured	pinned	10	max_ns	1121845.004338	112	1.0000	0	0		unchanged (within spread)
rank	stack-frame	(set)	short-subject-search	plain	same program	pcrec_36d5963_vm-caps-simdna	measured	pinned	10	stddev_ns	772.751512	112	1.0000	0	0		unchanged (within spread)
rank	stack-frame	(set)	short-subject-search	plain	same program	pcrec_36d5963_vm-caps-simdna	measured	pinned	10	ratio_vs_baseline	5.408710	112	1.0000	0	0		unchanged (within spread)
rank	stack-frame	(set)	short-subject-search	plain	same program	pcrec_36d5963_vm-caps-simdna	measured	pinned	10	ratio_vs_best	63.767539	112	1.0000	0	0		unchanged (within spread)
rank	uuid	(set)	large-subject-throughput	plain	same program	pcrec_36d5963_auto-caps-simdna	measured	pinned	1	median_ns	1080481.981111	12	1.0000	0	0		faster ×12.05
rank	uuid	(set)	large-subject-throughput	plain	same program	pcrec_36d5963_auto-caps-simdna	measured	pinned	1	min_ns	1078305.375556	12	1.0000	0	0		faster ×12.05
rank	uuid	(set)	large-subject-throughput	plain	same program	pcrec_36d5963_auto-caps-simdna	measured	pinned	1	max_ns	1082182.691111	12	1.0000	0	0		faster ×12.05
rank	uuid	(set)	large-subject-throughput	plain	same program	pcrec_36d5963_auto-caps-simdna	measured	pinned	1	stddev_ns	1459.969214	12	1.0000	0	0		faster ×12.05
rank	uuid	(set)	large-subject-throughput	plain	same program	pcrec_36d5963_auto-caps-simdna	measured	pinned	1	ratio_vs_baseline	0.010961	12	1.0000	0	0		faster ×12.05
rank	uuid	(set)	large-subject-throughput	plain	same program	pcrec_36d5963_auto-caps-simdna	measured	pinned	1	ratio_vs_best	1.000000	12	1.0000	0	0		faster ×12.05
rank	uuid	(set)	large-subject-throughput	plain	same program	pcrec_36d5963_auto-nocaps-simdna	measured	pinned	2	median_ns	1084160.819005	12	1.0000	0	0		faster ×12.00
rank	uuid	(set)	large-subject-throughput	plain	same program	pcrec_36d5963_auto-nocaps-simdna	measured	pinned	2	min_ns	1081382.694570	12	1.0000	0	0		faster ×12.00
rank	uuid	(set)	large-subject-throughput	plain	same program	pcrec_36d5963_auto-nocaps-simdna	measured	pinned	2	max_ns	1088573.733032	12	1.0000	0	0		faster ×12.00
rank	uuid	(set)	large-subject-throughput	plain	same program	pcrec_36d5963_auto-nocaps-simdna	measured	pinned	2	stddev_ns	2361.463920	12	1.0000	0	0		faster ×12.00
rank	uuid	(set)	large-subject-throughput	plain	same program	pcrec_36d5963_auto-nocaps-simdna	measured	pinned	2	ratio_vs_baseline	0.010998	12	1.0000	0	0		faster ×12.00
rank	uuid	(set)	large-subject-throughput	plain	same program	pcrec_36d5963_auto-nocaps-simdna	measured	pinned	2	ratio_vs_best	1.003405	12	1.0000	0	0		faster ×12.00
rank	uuid	(set)	large-subject-throughput	plain	same program	libpcre2_10.46_jit-caps-simdna	measured	pinned	3	median_ns	1738422.943182	12	1.0000	0	0		
rank	uuid	(set)	large-subject-throughput	plain	same program	libpcre2_10.46_jit-caps-simdna	measured	pinned	3	min_ns	1738028.718182	12	1.0000	0	0		
rank	uuid	(set)	large-subject-throughput	plain	same program	libpcre2_10.46_jit-caps-simdna	measured	pinned	3	max_ns	1753040.625000	12	1.0000	0	0		
rank	uuid	(set)	large-subject-throughput	plain	same program	libpcre2_10.46_jit-caps-simdna	measured	pinned	3	stddev_ns	5747.311775	12	1.0000	0	0		
rank	uuid	(set)	large-subject-throughput	plain	same program	libpcre2_10.46_jit-caps-simdna	measured	pinned	3	ratio_vs_baseline	0.017636	12	1.0000	0	0		
rank	uuid	(set)	large-subject-throughput	plain	same program	libpcre2_10.46_jit-caps-simdna	measured	pinned	3	ratio_vs_best	1.608933	12	1.0000	0	0		
rank	uuid	(set)	large-subject-throughput	plain	same program	pcrec_35e1ab1_auto-nocaps-simdna	measured	pinned	4	median_ns	13005790.014706	12	1.0000	0	0		
rank	uuid	(set)	large-subject-throughput	plain	same program	pcrec_35e1ab1_auto-nocaps-simdna	measured	pinned	4	min_ns	12998504.985294	12	1.0000	0	0		
rank	uuid	(set)	large-subject-throughput	plain	same program	pcrec_35e1ab1_auto-nocaps-simdna	measured	pinned	4	max_ns	13033791.941176	12	1.0000	0	0		
rank	uuid	(set)	large-subject-throughput	plain	same program	pcrec_35e1ab1_auto-nocaps-simdna	measured	pinned	4	stddev_ns	13478.246994	12	1.0000	0	0		
rank	uuid	(set)	large-subject-throughput	plain	same program	pcrec_35e1ab1_auto-nocaps-simdna	measured	pinned	4	ratio_vs_baseline	0.131939	12	1.0000	0	0		
rank	uuid	(set)	large-subject-throughput	plain	same program	pcrec_35e1ab1_auto-nocaps-simdna	measured	pinned	4	ratio_vs_best	12.037026	12	1.0000	0	0		
rank	uuid	(set)	large-subject-throughput	plain	same program	pcrec_35e1ab1_auto-caps-simdna	measured	pinned	5	median_ns	13022286.328358	12	1.0000	0	0		
rank	uuid	(set)	large-subject-throughput	plain	same program	pcrec_35e1ab1_auto-caps-simdna	measured	pinned	5	min_ns	12976961.716418	12	1.0000	0	0		
rank	uuid	(set)	large-subject-throughput	plain	same program	pcrec_35e1ab1_auto-caps-simdna	measured	pinned	5	max_ns	13141510.313433	12	1.0000	0	0		
rank	uuid	(set)	large-subject-throughput	plain	same program	pcrec_35e1ab1_auto-caps-simdna	measured	pinned	5	stddev_ns	60817.133906	12	1.0000	0	0		
rank	uuid	(set)	large-subject-throughput	plain	same program	pcrec_35e1ab1_auto-caps-simdna	measured	pinned	5	ratio_vs_baseline	0.132107	12	1.0000	0	0		
rank	uuid	(set)	large-subject-throughput	plain	same program	pcrec_35e1ab1_auto-caps-simdna	measured	pinned	5	ratio_vs_best	12.052294	12	1.0000	0	0		
rank	uuid	(set)	large-subject-throughput	plain	same program	pcrec_35e1ab1_vm-in-caps-simdna	measured	pinned	6	median_ns	37642058.954545	12	1.0000	0	0		
rank	uuid	(set)	large-subject-throughput	plain	same program	pcrec_35e1ab1_vm-in-caps-simdna	measured	pinned	6	min_ns	37611335.636364	12	1.0000	0	0		
rank	uuid	(set)	large-subject-throughput	plain	same program	pcrec_35e1ab1_vm-in-caps-simdna	measured	pinned	6	max_ns	37702269.772727	12	1.0000	0	0		
rank	uuid	(set)	large-subject-throughput	plain	same program	pcrec_35e1ab1_vm-in-caps-simdna	measured	pinned	6	stddev_ns	31924.062025	12	1.0000	0	0		
rank	uuid	(set)	large-subject-throughput	plain	same program	pcrec_35e1ab1_vm-in-caps-simdna	measured	pinned	6	ratio_vs_baseline	0.381866	12	1.0000	0	0		
rank	uuid	(set)	large-subject-throughput	plain	same program	pcrec_35e1ab1_vm-in-caps-simdna	measured	pinned	6	ratio_vs_best	34.838211	12	1.0000	0	0		
rank	uuid	(set)	large-subject-throughput	plain	same program	pcrec_35e1ab1_vm-caps-simdna	measured	pinned	7	median_ns	37650000.409091	12	1.0000	0	0		
rank	uuid	(set)	large-subject-throughput	plain	same program	pcrec_35e1ab1_vm-caps-simdna	measured	pinned	7	min_ns	37633190.363636	12	1.0000	0	0		
rank	uuid	(set)	large-subject-throughput	plain	same program	pcrec_35e1ab1_vm-caps-simdna	measured	pinned	7	max_ns	37661262.818182	12	1.0000	0	0		
rank	uuid	(set)	large-subject-throughput	plain	same program	pcrec_35e1ab1_vm-caps-simdna	measured	pinned	7	stddev_ns	10715.390242	12	1.0000	0	0		
rank	uuid	(set)	large-subject-throughput	plain	same program	pcrec_35e1ab1_vm-caps-simdna	measured	pinned	7	ratio_vs_baseline	0.381947	12	1.0000	0	0		
rank	uuid	(set)	large-subject-throughput	plain	same program	pcrec_35e1ab1_vm-caps-simdna	measured	pinned	7	ratio_vs_best	34.845561	12	1.0000	0	0		
rank	uuid	(set)	large-subject-throughput	plain	same program	pcrec_36d5963_vm-caps-simdna	measured	pinned	8	median_ns	37669403.045455	12	1.0000	0	0		unchanged (within spread)
rank	uuid	(set)	large-subject-throughput	plain	same program	pcrec_36d5963_vm-caps-simdna	measured	pinned	8	min_ns	37645704.681818	12	1.0000	0	0		unchanged (within spread)
rank	uuid	(set)	large-subject-throughput	plain	same program	pcrec_36d5963_vm-caps-simdna	measured	pinned	8	max_ns	37716918.818182	12	1.0000	0	0		unchanged (within spread)
rank	uuid	(set)	large-subject-throughput	plain	same program	pcrec_36d5963_vm-caps-simdna	measured	pinned	8	stddev_ns	26100.219428	12	1.0000	0	0		unchanged (within spread)
rank	uuid	(set)	large-subject-throughput	plain	same program	pcrec_36d5963_vm-caps-simdna	measured	pinned	8	ratio_vs_baseline	0.382144	12	1.0000	0	0		unchanged (within spread)
rank	uuid	(set)	large-subject-throughput	plain	same program	pcrec_36d5963_vm-caps-simdna	measured	pinned	8	ratio_vs_best	34.863518	12	1.0000	0	0		unchanged (within spread)
rank	uuid	(set)	large-subject-throughput	plain	same program	pcrec_36d5963_vm-in-caps-simdna	measured	pinned	9	median_ns	37772230.045455	12	1.0000	0	0		unchanged (within spread)
rank	uuid	(set)	large-subject-throughput	plain	same program	pcrec_36d5963_vm-in-caps-simdna	measured	pinned	9	min_ns	37717998.318182	12	1.0000	0	0		unchanged (within spread)
rank	uuid	(set)	large-subject-throughput	plain	same program	pcrec_36d5963_vm-in-caps-simdna	measured	pinned	9	max_ns	38033959.818182	12	1.0000	0	0		unchanged (within spread)
rank	uuid	(set)	large-subject-throughput	plain	same program	pcrec_36d5963_vm-in-caps-simdna	measured	pinned	9	stddev_ns	121295.111059	12	1.0000	0	0		unchanged (within spread)
rank	uuid	(set)	large-subject-throughput	plain	same program	pcrec_36d5963_vm-in-caps-simdna	measured	pinned	9	ratio_vs_baseline	0.383187	12	1.0000	0	0		unchanged (within spread)
rank	uuid	(set)	large-subject-throughput	plain	same program	pcrec_36d5963_vm-in-caps-simdna	measured	pinned	9	ratio_vs_best	34.958686	12	1.0000	0	0		unchanged (within spread)
rank	uuid	(set)	large-subject-throughput	plain	same program	libpcre2_10.46_interp-caps-simdna	measured	pinned	10	median_ns	98573958.777778	12	1.0000	0	0		
rank	uuid	(set)	large-subject-throughput	plain	same program	libpcre2_10.46_interp-caps-simdna	measured	pinned	10	min_ns	98532536.222222	12	1.0000	0	0		
rank	uuid	(set)	large-subject-throughput	plain	same program	libpcre2_10.46_interp-caps-simdna	measured	pinned	10	max_ns	98761596.666667	12	1.0000	0	0		
rank	uuid	(set)	large-subject-throughput	plain	same program	libpcre2_10.46_interp-caps-simdna	measured	pinned	10	stddev_ns	89420.427134	12	1.0000	0	0		
rank	uuid	(set)	large-subject-throughput	plain	same program	libpcre2_10.46_interp-caps-simdna	measured	pinned	10	ratio_vs_baseline	1.000000	12	1.0000	0	0		
rank	uuid	(set)	large-subject-throughput	plain	same program	libpcre2_10.46_interp-caps-simdna	measured	pinned	10	ratio_vs_best	91.231469	12	1.0000	0	0		
rank	uuid	(set)	short-subject-search	plain	same program	pcrec_36d5963_auto-caps-simdna	measured	pinned	1	median_ns	21594.219283	112	1.0000	0	0		faster ×20.13
rank	uuid	(set)	short-subject-search	plain	same program	pcrec_36d5963_auto-caps-simdna	measured	pinned	1	min_ns	21555.903869	112	1.0000	0	0		faster ×20.13
rank	uuid	(set)	short-subject-search	plain	same program	pcrec_36d5963_auto-caps-simdna	measured	pinned	1	max_ns	21664.651082	112	1.0000	0	0		faster ×20.13
rank	uuid	(set)	short-subject-search	plain	same program	pcrec_36d5963_auto-caps-simdna	measured	pinned	1	stddev_ns	38.880640	112	1.0000	0	0		faster ×20.13
rank	uuid	(set)	short-subject-search	plain	same program	pcrec_36d5963_auto-caps-simdna	measured	pinned	1	ratio_vs_baseline	0.005822	112	1.0000	0	0		faster ×20.13
rank	uuid	(set)	short-subject-search	plain	same program	pcrec_36d5963_auto-caps-simdna	measured	pinned	1	ratio_vs_best	1.000000	112	1.0000	0	0		faster ×20.13
rank	uuid	(set)	short-subject-search	plain	same program	pcrec_36d5963_auto-nocaps-simdna	measured	pinned	2	median_ns	21632.357166	112	1.0000	0	0		faster ×20.12
rank	uuid	(set)	short-subject-search	plain	same program	pcrec_36d5963_auto-nocaps-simdna	measured	pinned	2	min_ns	21614.059939	112	1.0000	0	0		faster ×20.12
rank	uuid	(set)	short-subject-search	plain	same program	pcrec_36d5963_auto-nocaps-simdna	measured	pinned	2	max_ns	21653.022785	112	1.0000	0	0		faster ×20.12
rank	uuid	(set)	short-subject-search	plain	same program	pcrec_36d5963_auto-nocaps-simdna	measured	pinned	2	stddev_ns	14.522789	112	1.0000	0	0		faster ×20.12
rank	uuid	(set)	short-subject-search	plain	same program	pcrec_36d5963_auto-nocaps-simdna	measured	pinned	2	ratio_vs_baseline	0.005832	112	1.0000	0	0		faster ×20.12
rank	uuid	(set)	short-subject-search	plain	same program	pcrec_36d5963_auto-nocaps-simdna	measured	pinned	2	ratio_vs_best	1.001766	112	1.0000	0	0		faster ×20.12
rank	uuid	(set)	short-subject-search	plain	same program	libpcre2_10.46_jit-caps-simdna	measured	pinned	3	median_ns	35693.956171	112	1.0000	0	0		
rank	uuid	(set)	short-subject-search	plain	same program	libpcre2_10.46_jit-caps-simdna	measured	pinned	3	min_ns	35586.386048	112	1.0000	0	0		
rank	uuid	(set)	short-subject-search	plain	same program	libpcre2_10.46_jit-caps-simdna	measured	pinned	3	max_ns	35923.012090	112	1.0000	0	0		
rank	uuid	(set)	short-subject-search	plain	same program	libpcre2_10.46_jit-caps-simdna	measured	pinned	3	stddev_ns	111.608846	112	1.0000	0	0		
rank	uuid	(set)	short-subject-search	plain	same program	libpcre2_10.46_jit-caps-simdna	measured	pinned	3	ratio_vs_baseline	0.009623	112	1.0000	0	0		
rank	uuid	(set)	short-subject-search	plain	same program	libpcre2_10.46_jit-caps-simdna	measured	pinned	3	ratio_vs_best	1.652940	112	1.0000	0	0		
rank	uuid	(set)	short-subject-search	plain	same program	pcrec_35e1ab1_auto-caps-simdna	measured	pinned	4	median_ns	434798.416504	112	1.0000	0	0		
rank	uuid	(set)	short-subject-search	plain	same program	pcrec_35e1ab1_auto-caps-simdna	measured	pinned	4	min_ns	434326.348189	112	1.0000	0	0		
rank	uuid	(set)	short-subject-search	plain	same program	pcrec_35e1ab1_auto-caps-simdna	measured	pinned	4	max_ns	435172.249729	112	1.0000	0	0		
rank	uuid	(set)	short-subject-search	plain	same program	pcrec_35e1ab1_auto-caps-simdna	measured	pinned	4	stddev_ns	334.337940	112	1.0000	0	0		
rank	uuid	(set)	short-subject-search	plain	same program	pcrec_35e1ab1_auto-caps-simdna	measured	pinned	4	ratio_vs_baseline	0.117226	112	1.0000	0	0		
rank	uuid	(set)	short-subject-search	plain	same program	pcrec_35e1ab1_auto-caps-simdna	measured	pinned	4	ratio_vs_best	20.134945	112	1.0000	0	0		
rank	uuid	(set)	short-subject-search	plain	same program	pcrec_35e1ab1_auto-nocaps-simdna	measured	pinned	5	median_ns	435182.025408	112	1.0000	0	0		
rank	uuid	(set)	short-subject-search	plain	same program	pcrec_35e1ab1_auto-nocaps-simdna	measured	pinned	5	min_ns	434355.452029	112	1.0000	0	0		
rank	uuid	(set)	short-subject-search	plain	same program	pcrec_35e1ab1_auto-nocaps-simdna	measured	pinned	5	max_ns	435390.169402	112	1.0000	0	0		
rank	uuid	(set)	short-subject-search	plain	same program	pcrec_35e1ab1_auto-nocaps-simdna	measured	pinned	5	stddev_ns	427.859857	112	1.0000	0	0		
rank	uuid	(set)	short-subject-search	plain	same program	pcrec_35e1ab1_auto-nocaps-simdna	measured	pinned	5	ratio_vs_baseline	0.117330	112	1.0000	0	0		
rank	uuid	(set)	short-subject-search	plain	same program	pcrec_35e1ab1_auto-nocaps-simdna	measured	pinned	5	ratio_vs_best	20.152709	112	1.0000	0	0		
rank	uuid	(set)	short-subject-search	plain	same program	pcrec_36d5963_vm-in-caps-simdna	measured	pinned	6	median_ns	1456235.865310	112	1.0000	0	0		unchanged (within spread)
rank	uuid	(set)	short-subject-search	plain	same program	pcrec_36d5963_vm-in-caps-simdna	measured	pinned	6	min_ns	1455068.607752	112	1.0000	0	0		unchanged (within spread)
rank	uuid	(set)	short-subject-search	plain	same program	pcrec_36d5963_vm-in-caps-simdna	measured	pinned	6	max_ns	1459283.287984	112	1.0000	0	0		unchanged (within spread)
rank	uuid	(set)	short-subject-search	plain	same program	pcrec_36d5963_vm-in-caps-simdna	measured	pinned	6	stddev_ns	1669.283259	112	1.0000	0	0		unchanged (within spread)
rank	uuid	(set)	short-subject-search	plain	same program	pcrec_36d5963_vm-in-caps-simdna	measured	pinned	6	ratio_vs_baseline	0.392617	112	1.0000	0	0		unchanged (within spread)
rank	uuid	(set)	short-subject-search	plain	same program	pcrec_36d5963_vm-in-caps-simdna	measured	pinned	6	ratio_vs_best	67.436375	112	1.0000	0	0		unchanged (within spread)
rank	uuid	(set)	short-subject-search	plain	same program	pcrec_35e1ab1_vm-in-caps-simdna	measured	pinned	7	median_ns	1457102.814743	112	1.0000	0	0		
rank	uuid	(set)	short-subject-search	plain	same program	pcrec_35e1ab1_vm-in-caps-simdna	measured	pinned	7	min_ns	1456443.787341	112	1.0000	0	0		
rank	uuid	(set)	short-subject-search	plain	same program	pcrec_35e1ab1_vm-in-caps-simdna	measured	pinned	7	max_ns	1460861.445388	112	1.0000	0	0		
rank	uuid	(set)	short-subject-search	plain	same program	pcrec_35e1ab1_vm-in-caps-simdna	measured	pinned	7	stddev_ns	1679.533329	112	1.0000	0	0		
rank	uuid	(set)	short-subject-search	plain	same program	pcrec_35e1ab1_vm-in-caps-simdna	measured	pinned	7	ratio_vs_baseline	0.392851	112	1.0000	0	0		
rank	uuid	(set)	short-subject-search	plain	same program	pcrec_35e1ab1_vm-in-caps-simdna	measured	pinned	7	ratio_vs_best	67.476522	112	1.0000	0	0		
rank	uuid	(set)	short-subject-search	plain	same program	pcrec_35e1ab1_vm-caps-simdna	measured	pinned	8	median_ns	1457347.806678	112	1.0000	0	0		
rank	uuid	(set)	short-subject-search	plain	same program	pcrec_35e1ab1_vm-caps-simdna	measured	pinned	8	min_ns	1456027.691857	112	1.0000	0	0		
rank	uuid	(set)	short-subject-search	plain	same program	pcrec_35e1ab1_vm-caps-simdna	measured	pinned	8	max_ns	1461123.053115	112	1.0000	0	0		
rank	uuid	(set)	short-subject-search	plain	same program	pcrec_35e1ab1_vm-caps-simdna	measured	pinned	8	stddev_ns	1798.941014	112	1.0000	0	0		
rank	uuid	(set)	short-subject-search	plain	same program	pcrec_35e1ab1_vm-caps-simdna	measured	pinned	8	ratio_vs_baseline	0.392917	112	1.0000	0	0		
rank	uuid	(set)	short-subject-search	plain	same program	pcrec_35e1ab1_vm-caps-simdna	measured	pinned	8	ratio_vs_best	67.487867	112	1.0000	0	0		
rank	uuid	(set)	short-subject-search	plain	same program	pcrec_36d5963_vm-caps-simdna	measured	pinned	9	median_ns	1459278.819977	112	1.0000	0	0		unchanged (within spread)
rank	uuid	(set)	short-subject-search	plain	same program	pcrec_36d5963_vm-caps-simdna	measured	pinned	9	min_ns	1455538.576879	112	1.0000	0	0		unchanged (within spread)
rank	uuid	(set)	short-subject-search	plain	same program	pcrec_36d5963_vm-caps-simdna	measured	pinned	9	max_ns	1463240.735621	112	1.0000	0	0		unchanged (within spread)
rank	uuid	(set)	short-subject-search	plain	same program	pcrec_36d5963_vm-caps-simdna	measured	pinned	9	stddev_ns	2520.776768	112	1.0000	0	0		unchanged (within spread)
rank	uuid	(set)	short-subject-search	plain	same program	pcrec_36d5963_vm-caps-simdna	measured	pinned	9	ratio_vs_baseline	0.393438	112	1.0000	0	0		unchanged (within spread)
rank	uuid	(set)	short-subject-search	plain	same program	pcrec_36d5963_vm-caps-simdna	measured	pinned	9	ratio_vs_best	67.577290	112	1.0000	0	0		unchanged (within spread)
rank	uuid	(set)	short-subject-search	plain	same program	libpcre2_10.46_interp-caps-simdna	measured	pinned	10	median_ns	3709046.503956	112	1.0000	0	0		
rank	uuid	(set)	short-subject-search	plain	same program	libpcre2_10.46_interp-caps-simdna	measured	pinned	10	min_ns	3707401.707221	112	1.0000	0	0		
rank	uuid	(set)	short-subject-search	plain	same program	libpcre2_10.46_interp-caps-simdna	measured	pinned	10	max_ns	3717021.167656	112	1.0000	0	0		
rank	uuid	(set)	short-subject-search	plain	same program	libpcre2_10.46_interp-caps-simdna	measured	pinned	10	stddev_ns	3657.613211	112	1.0000	0	0		
rank	uuid	(set)	short-subject-search	plain	same program	libpcre2_10.46_interp-caps-simdna	measured	pinned	10	ratio_vs_baseline	1.000000	112	1.0000	0	0		
rank	uuid	(set)	short-subject-search	plain	same program	libpcre2_10.46_interp-caps-simdna	measured	pinned	10	ratio_vs_best	171.761084	112	1.0000	0	0		
compile	bignum			plain	same program	libpcre2_10.46_interp-caps-simdna				median_total_ns	1090.000000	5					
compile	bignum			plain	same program	libpcre2_10.46_interp-caps-simdna				jitter	timer-floor						
compile	bignum			plain	same program	libpcre2_10.46_interp-caps-simdna				artifact_bytes	199						
compile_stamp						libpcre2_10.46_interp-caps-simdna				engine	-						
compile_stamp						libpcre2_10.46_interp-caps-simdna				entry	plain entry						
compile_stamp						libpcre2_10.46_interp-caps-simdna				prefilter	-						
compile_stamp						libpcre2_10.46_interp-caps-simdna				vm_rungs	-						
compile_stamp						libpcre2_10.46_interp-caps-simdna				buffers	n/s						
compile_stamp						libpcre2_10.46_interp-caps-simdna				frame	n/s						
compile	floor			plain	same program	libpcre2_10.46_interp-caps-simdna				median_total_ns	350.000000	5					
compile	floor			plain	same program	libpcre2_10.46_interp-caps-simdna				jitter	timer-floor						
compile	floor			plain	same program	libpcre2_10.46_interp-caps-simdna				artifact_bytes	161						
compile	hex32-id			plain	same program	libpcre2_10.46_interp-caps-simdna				median_total_ns	1090.000000	5					
compile	hex32-id			plain	same program	libpcre2_10.46_interp-caps-simdna				jitter	timer-floor						
compile	hex32-id			plain	same program	libpcre2_10.46_interp-caps-simdna				artifact_bytes	199						
compile	http-5xx			plain	same program	libpcre2_10.46_interp-caps-simdna				median_total_ns	4230.000000	5					
compile	http-5xx			plain	same program	libpcre2_10.46_interp-caps-simdna				jitter	timer-floor						
compile	http-5xx			plain	same program	libpcre2_10.46_interp-caps-simdna				artifact_bytes	362						
compile	ipv4			plain	same program	libpcre2_10.46_interp-caps-simdna				median_total_ns	11520.000000	5					
compile	ipv4			plain	same program	libpcre2_10.46_interp-caps-simdna				jitter	timer-floor						
compile	ipv4			plain	same program	libpcre2_10.46_interp-caps-simdna				artifact_bytes	1203						
compile	ipv6			plain	same program	libpcre2_10.46_interp-caps-simdna				median_total_ns	4150.000000	5					
compile	ipv6			plain	same program	libpcre2_10.46_interp-caps-simdna				jitter	timer-floor						
compile	ipv6			plain	same program	libpcre2_10.46_interp-caps-simdna				artifact_bytes	941						
compile	iso-ts			plain	same program	libpcre2_10.46_interp-caps-simdna				median_total_ns	3830.000000	5					
compile	iso-ts			plain	same program	libpcre2_10.46_interp-caps-simdna				jitter	timer-floor						
compile	iso-ts			plain	same program	libpcre2_10.46_interp-caps-simdna				artifact_bytes	324						
compile	kv-quoted			plain	same program	libpcre2_10.46_interp-caps-simdna				median_total_ns	2590.000000	5					
compile	kv-quoted			plain	same program	libpcre2_10.46_interp-caps-simdna				jitter	timer-floor						
compile	kv-quoted			plain	same program	libpcre2_10.46_interp-caps-simdna				artifact_bytes	283						
compile	level-context			plain	same program	libpcre2_10.46_interp-caps-simdna				median_total_ns	4530.000000	5					
compile	level-context			plain	same program	libpcre2_10.46_interp-caps-simdna				jitter	timer-floor						
compile	level-context			plain	same program	libpcre2_10.46_interp-caps-simdna				artifact_bytes	305						
compile	stack-frame			plain	same program	libpcre2_10.46_interp-caps-simdna				median_total_ns	5520.000000	5					
compile	stack-frame			plain	same program	libpcre2_10.46_interp-caps-simdna				jitter	timer-floor						
compile	stack-frame			plain	same program	libpcre2_10.46_interp-caps-simdna				artifact_bytes	533						
compile	uuid			plain	same program	libpcre2_10.46_interp-caps-simdna				median_total_ns	2860.000000	5					
compile	uuid			plain	same program	libpcre2_10.46_interp-caps-simdna				jitter	timer-floor						
compile	uuid			plain	same program	libpcre2_10.46_interp-caps-simdna				artifact_bytes	425						
compile	bignum			plain	same program	libpcre2_10.46_jit-caps-simdna				median_total_ns	9400.000000	5					
compile	bignum			plain	same program	libpcre2_10.46_jit-caps-simdna				jitter	timer-floor						
compile	bignum			plain	same program	libpcre2_10.46_jit-caps-simdna				artifact_bytes	199						
compile_stamp						libpcre2_10.46_jit-caps-simdna				engine	-						
compile_stamp						libpcre2_10.46_jit-caps-simdna				entry	plain entry						
compile_stamp						libpcre2_10.46_jit-caps-simdna				prefilter	-						
compile_stamp						libpcre2_10.46_jit-caps-simdna				vm_rungs	-						
compile_stamp						libpcre2_10.46_jit-caps-simdna				buffers	n/s						
compile_stamp						libpcre2_10.46_jit-caps-simdna				frame	n/s						
compile	floor			plain	same program	libpcre2_10.46_jit-caps-simdna				median_total_ns	6170.000000	5					
compile	floor			plain	same program	libpcre2_10.46_jit-caps-simdna				jitter	timer-floor						
compile	floor			plain	same program	libpcre2_10.46_jit-caps-simdna				artifact_bytes	161						
compile	hex32-id			plain	same program	libpcre2_10.46_jit-caps-simdna				median_total_ns	8910.000000	5					
compile	hex32-id			plain	same program	libpcre2_10.46_jit-caps-simdna				jitter	timer-floor						
compile	hex32-id			plain	same program	libpcre2_10.46_jit-caps-simdna				artifact_bytes	199						
compile	http-5xx			plain	same program	libpcre2_10.46_jit-caps-simdna				median_total_ns	24480.000000	5					
compile	http-5xx			plain	same program	libpcre2_10.46_jit-caps-simdna				jitter	1.093						
compile	http-5xx			plain	same program	libpcre2_10.46_jit-caps-simdna				artifact_bytes	362						
compile	ipv4			plain	same program	libpcre2_10.46_jit-caps-simdna				median_total_ns	65161.000000	5					
compile	ipv4			plain	same program	libpcre2_10.46_jit-caps-simdna				jitter	1.099						
compile	ipv4			plain	same program	libpcre2_10.46_jit-caps-simdna				artifact_bytes	1203						
compile	ipv6			plain	same program	libpcre2_10.46_jit-caps-simdna				median_total_ns	23420.000000	5					
compile	ipv6			plain	same program	libpcre2_10.46_jit-caps-simdna				jitter	1.120						
compile	ipv6			plain	same program	libpcre2_10.46_jit-caps-simdna				artifact_bytes	941						
compile	iso-ts			plain	same program	libpcre2_10.46_jit-caps-simdna				median_total_ns	25390.000000	5					
compile	iso-ts			plain	same program	libpcre2_10.46_jit-caps-simdna				jitter	1.276						
compile	iso-ts			plain	same program	libpcre2_10.46_jit-caps-simdna				artifact_bytes	324						
compile	kv-quoted			plain	same program	libpcre2_10.46_jit-caps-simdna				median_total_ns	17620.000000	5					
compile	kv-quoted			plain	same program	libpcre2_10.46_jit-caps-simdna				jitter	timer-floor						
compile	kv-quoted			plain	same program	libpcre2_10.46_jit-caps-simdna				artifact_bytes	283						
compile	level-context			plain	same program	libpcre2_10.46_jit-caps-simdna				median_total_ns	22320.000000	5					
compile	level-context			plain	same program	libpcre2_10.46_jit-caps-simdna				jitter	timer-floor						
compile	level-context			plain	same program	libpcre2_10.46_jit-caps-simdna				artifact_bytes	305						
compile	stack-frame			plain	same program	libpcre2_10.46_jit-caps-simdna				median_total_ns	34991.000000	5					
compile	stack-frame			plain	same program	libpcre2_10.46_jit-caps-simdna				jitter	0.692						
compile	stack-frame			plain	same program	libpcre2_10.46_jit-caps-simdna				artifact_bytes	533						
compile	uuid			plain	same program	libpcre2_10.46_jit-caps-simdna				median_total_ns	17770.000000	5					
compile	uuid			plain	same program	libpcre2_10.46_jit-caps-simdna				jitter	timer-floor						
compile	uuid			plain	same program	libpcre2_10.46_jit-caps-simdna				artifact_bytes	425						
compile	bignum			plain	same program	pcrec_35e1ab1_auto-caps-simdna				median_total_ns	132534289.000000	5					
compile	bignum			plain	same program	pcrec_35e1ab1_auto-caps-simdna				jitter	0.054						
compile	bignum			plain	same program	pcrec_35e1ab1_auto-caps-simdna				artifact_bytes	18024						
compile_stamp						pcrec_35e1ab1_auto-caps-simdna				engine	dfa						
compile_stamp						pcrec_35e1ab1_auto-caps-simdna				entry	plain entry						
compile_stamp						pcrec_35e1ab1_auto-caps-simdna				prefilter	-						
compile_stamp						pcrec_35e1ab1_auto-caps-simdna				vm_rungs	-						
compile_stamp						pcrec_35e1ab1_auto-caps-simdna				buffers	0 (DFA)						
compile_stamp						pcrec_35e1ab1_auto-caps-simdna				frame	0 (DFA)						
compile	bignum			whole-subject	separate artifact	pcrec_35e1ab1_auto-caps-simdna				median_total_ns	142869269.000000	5					
compile	bignum			whole-subject	separate artifact	pcrec_35e1ab1_auto-caps-simdna				jitter	0.016						
compile	bignum			whole-subject	separate artifact	pcrec_35e1ab1_auto-caps-simdna				artifact_bytes	22208						
compile	floor			plain	same program	pcrec_35e1ab1_auto-caps-simdna				median_total_ns	129325630.000000	5					
compile	floor			plain	same program	pcrec_35e1ab1_auto-caps-simdna				jitter	0.029						
compile	floor			plain	same program	pcrec_35e1ab1_auto-caps-simdna				artifact_bytes	17816						
compile	floor			whole-subject	separate artifact	pcrec_35e1ab1_auto-caps-simdna				median_total_ns	135039583.000000	5					
compile	floor			whole-subject	separate artifact	pcrec_35e1ab1_auto-caps-simdna				jitter	0.034						
compile	floor			whole-subject	separate artifact	pcrec_35e1ab1_auto-caps-simdna				artifact_bytes	17904						
compile	hex32-id			plain	same program	pcrec_35e1ab1_auto-caps-simdna				median_total_ns	131190681.000000	5					
compile	hex32-id			plain	same program	pcrec_35e1ab1_auto-caps-simdna				jitter	0.036						
compile	hex32-id			plain	same program	pcrec_35e1ab1_auto-caps-simdna				artifact_bytes	22120						
compile	hex32-id			whole-subject	separate artifact	pcrec_35e1ab1_auto-caps-simdna				median_total_ns	132861680.000000	5					
compile	hex32-id			whole-subject	separate artifact	pcrec_35e1ab1_auto-caps-simdna				jitter	0.044						
compile	hex32-id			whole-subject	separate artifact	pcrec_35e1ab1_auto-caps-simdna				artifact_bytes	22208						
compile	http-5xx			plain	same program	pcrec_35e1ab1_auto-caps-simdna				median_total_ns	143897845.000000	5					
compile	http-5xx			plain	same program	pcrec_35e1ab1_auto-caps-simdna				jitter	0.041						
compile	http-5xx			plain	same program	pcrec_35e1ab1_auto-caps-simdna				artifact_bytes	26200						
compile	http-5xx			whole-subject	separate artifact	pcrec_35e1ab1_auto-caps-simdna				median_total_ns	146148647.000000	5					
compile	http-5xx			whole-subject	separate artifact	pcrec_35e1ab1_auto-caps-simdna				jitter	0.011						
compile	http-5xx			whole-subject	separate artifact	pcrec_35e1ab1_auto-caps-simdna				artifact_bytes	26296						
compile	ipv4			plain	same program	pcrec_35e1ab1_auto-caps-simdna				median_total_ns	128392675.000000	5					
compile	ipv4			plain	same program	pcrec_35e1ab1_auto-caps-simdna				jitter	0.057						
compile	ipv4			plain	same program	pcrec_35e1ab1_auto-caps-simdna				artifact_bytes	21904						
compile	ipv4			whole-subject	separate artifact	pcrec_35e1ab1_auto-caps-simdna				median_total_ns	131731044.000000	5					
compile	ipv4			whole-subject	separate artifact	pcrec_35e1ab1_auto-caps-simdna				jitter	0.032						
compile	ipv4			whole-subject	separate artifact	pcrec_35e1ab1_auto-caps-simdna				artifact_bytes	21992						
compile	ipv6			plain	same program	pcrec_35e1ab1_auto-caps-simdna				median_total_ns	128660366.000000	5					
compile	ipv6			plain	same program	pcrec_35e1ab1_auto-caps-simdna				jitter	0.062						
compile	ipv6			plain	same program	pcrec_35e1ab1_auto-caps-simdna				artifact_bytes	21904						
compile	ipv6			whole-subject	separate artifact	pcrec_35e1ab1_auto-caps-simdna				median_total_ns	126366212.000000	5					
compile	ipv6			whole-subject	separate artifact	pcrec_35e1ab1_auto-caps-simdna				jitter	0.068						
compile	ipv6			whole-subject	separate artifact	pcrec_35e1ab1_auto-caps-simdna				artifact_bytes	21992						
compile	iso-ts			plain	same program	pcrec_35e1ab1_auto-caps-simdna				median_total_ns	122930212.000000	5					
compile	iso-ts			plain	same program	pcrec_35e1ab1_auto-caps-simdna				jitter	0.025						
compile	iso-ts			plain	same program	pcrec_35e1ab1_auto-caps-simdna				artifact_bytes	21904						
compile	iso-ts			whole-subject	separate artifact	pcrec_35e1ab1_auto-caps-simdna				median_total_ns	138357102.000000	5					
compile	iso-ts			whole-subject	separate artifact	pcrec_35e1ab1_auto-caps-simdna				jitter	0.060						
compile	iso-ts			whole-subject	separate artifact	pcrec_35e1ab1_auto-caps-simdna				artifact_bytes	21992						
compile	kv-quoted			plain	same program	pcrec_35e1ab1_auto-caps-simdna				median_total_ns	140611446.000000	5					
compile	kv-quoted			plain	same program	pcrec_35e1ab1_auto-caps-simdna				jitter	0.050						
compile	kv-quoted			plain	same program	pcrec_35e1ab1_auto-caps-simdna				artifact_bytes	22096						
compile	kv-quoted			whole-subject	separate artifact	pcrec_35e1ab1_auto-caps-simdna				median_total_ns	143743925.000000	5					
compile	kv-quoted			whole-subject	separate artifact	pcrec_35e1ab1_auto-caps-simdna				jitter	0.027						
compile	kv-quoted			whole-subject	separate artifact	pcrec_35e1ab1_auto-caps-simdna				artifact_bytes	22144						
compile	level-context			plain	same program	pcrec_35e1ab1_auto-caps-simdna				median_total_ns		1					
compile	level-context			whole-subject	separate artifact	pcrec_35e1ab1_auto-caps-simdna				median_total_ns		1					
compile	stack-frame			plain	same program	pcrec_35e1ab1_auto-caps-simdna				median_total_ns	138496113.000000	5					
compile	stack-frame			plain	same program	pcrec_35e1ab1_auto-caps-simdna				jitter	0.042						
compile	stack-frame			plain	same program	pcrec_35e1ab1_auto-caps-simdna				artifact_bytes	30200						
compile	stack-frame			whole-subject	separate artifact	pcrec_35e1ab1_auto-caps-simdna				median_total_ns	135285096.000000	5					
compile	stack-frame			whole-subject	separate artifact	pcrec_35e1ab1_auto-caps-simdna				jitter	0.065						
compile	stack-frame			whole-subject	separate artifact	pcrec_35e1ab1_auto-caps-simdna				artifact_bytes	30296						
compile	uuid			plain	same program	pcrec_35e1ab1_auto-caps-simdna				median_total_ns	135042152.000000	5					
compile	uuid			plain	same program	pcrec_35e1ab1_auto-caps-simdna				jitter	0.024						
compile	uuid			plain	same program	pcrec_35e1ab1_auto-caps-simdna				artifact_bytes	22120						
compile	uuid			whole-subject	separate artifact	pcrec_35e1ab1_auto-caps-simdna				median_total_ns	137198935.000000	5					
compile	uuid			whole-subject	separate artifact	pcrec_35e1ab1_auto-caps-simdna				jitter	0.043						
compile	uuid			whole-subject	separate artifact	pcrec_35e1ab1_auto-caps-simdna				artifact_bytes	22208						
compile	bignum			plain	same program	pcrec_35e1ab1_auto-nocaps-simdna				median_total_ns	133522254.000000	5					
compile	bignum			plain	same program	pcrec_35e1ab1_auto-nocaps-simdna				jitter	0.035						
compile	bignum			plain	same program	pcrec_35e1ab1_auto-nocaps-simdna				artifact_bytes	18024						
compile_stamp						pcrec_35e1ab1_auto-nocaps-simdna				engine	dfa						
compile_stamp						pcrec_35e1ab1_auto-nocaps-simdna				entry	plain entry						
compile_stamp						pcrec_35e1ab1_auto-nocaps-simdna				prefilter	-						
compile_stamp						pcrec_35e1ab1_auto-nocaps-simdna				vm_rungs	-						
compile_stamp						pcrec_35e1ab1_auto-nocaps-simdna				buffers	0 (DFA)						
compile_stamp						pcrec_35e1ab1_auto-nocaps-simdna				frame	0 (DFA)						
compile	bignum			whole-subject	separate artifact	pcrec_35e1ab1_auto-nocaps-simdna				median_total_ns	139038887.000000	5					
compile	bignum			whole-subject	separate artifact	pcrec_35e1ab1_auto-nocaps-simdna				jitter	0.058						
compile	bignum			whole-subject	separate artifact	pcrec_35e1ab1_auto-nocaps-simdna				artifact_bytes	22208						
compile	floor			plain	same program	pcrec_35e1ab1_auto-nocaps-simdna				median_total_ns	128938016.000000	5					
compile	floor			plain	same program	pcrec_35e1ab1_auto-nocaps-simdna				jitter	0.044						
compile	floor			plain	same program	pcrec_35e1ab1_auto-nocaps-simdna				artifact_bytes	17816						
compile	floor			whole-subject	separate artifact	pcrec_35e1ab1_auto-nocaps-simdna				median_total_ns	136388080.000000	5					
compile	floor			whole-subject	separate artifact	pcrec_35e1ab1_auto-nocaps-simdna				jitter	0.037						
compile	floor			whole-subject	separate artifact	pcrec_35e1ab1_auto-nocaps-simdna				artifact_bytes	17904						
compile	hex32-id			plain	same program	pcrec_35e1ab1_auto-nocaps-simdna				median_total_ns	124626011.000000	5					
compile	hex32-id			plain	same program	pcrec_35e1ab1_auto-nocaps-simdna				jitter	0.050						
compile	hex32-id			plain	same program	pcrec_35e1ab1_auto-nocaps-simdna				artifact_bytes	22120						
compile	hex32-id			whole-subject	separate artifact	pcrec_35e1ab1_auto-nocaps-simdna				median_total_ns	140566466.000000	5					
compile	hex32-id			whole-subject	separate artifact	pcrec_35e1ab1_auto-nocaps-simdna				jitter	0.044						
compile	hex32-id			whole-subject	separate artifact	pcrec_35e1ab1_auto-nocaps-simdna				artifact_bytes	22208						
compile	http-5xx			plain	same program	pcrec_35e1ab1_auto-nocaps-simdna				median_total_ns	141904363.000000	5					
compile	http-5xx			plain	same program	pcrec_35e1ab1_auto-nocaps-simdna				jitter	0.066						
compile	http-5xx			plain	same program	pcrec_35e1ab1_auto-nocaps-simdna				artifact_bytes	26200						
compile	http-5xx			whole-subject	separate artifact	pcrec_35e1ab1_auto-nocaps-simdna				median_total_ns	140139843.000000	5					
compile	http-5xx			whole-subject	separate artifact	pcrec_35e1ab1_auto-nocaps-simdna				jitter	0.032						
compile	http-5xx			whole-subject	separate artifact	pcrec_35e1ab1_auto-nocaps-simdna				artifact_bytes	26296						
compile	ipv4			plain	same program	pcrec_35e1ab1_auto-nocaps-simdna				median_total_ns	129969144.000000	5					
compile	ipv4			plain	same program	pcrec_35e1ab1_auto-nocaps-simdna				jitter	0.024						
compile	ipv4			plain	same program	pcrec_35e1ab1_auto-nocaps-simdna				artifact_bytes	21904						
compile	ipv4			whole-subject	separate artifact	pcrec_35e1ab1_auto-nocaps-simdna				median_total_ns	133802455.000000	5					
compile	ipv4			whole-subject	separate artifact	pcrec_35e1ab1_auto-nocaps-simdna				jitter	0.043						
compile	ipv4			whole-subject	separate artifact	pcrec_35e1ab1_auto-nocaps-simdna				artifact_bytes	21992						
compile	ipv6			plain	same program	pcrec_35e1ab1_auto-nocaps-simdna				median_total_ns	129321389.000000	5					
compile	ipv6			plain	same program	pcrec_35e1ab1_auto-nocaps-simdna				jitter	0.049						
compile	ipv6			plain	same program	pcrec_35e1ab1_auto-nocaps-simdna				artifact_bytes	21904						
compile	ipv6			whole-subject	separate artifact	pcrec_35e1ab1_auto-nocaps-simdna				median_total_ns	133878936.000000	5					
compile	ipv6			whole-subject	separate artifact	pcrec_35e1ab1_auto-nocaps-simdna				jitter	0.021						
compile	ipv6			whole-subject	separate artifact	pcrec_35e1ab1_auto-nocaps-simdna				artifact_bytes	21992						
compile	iso-ts			plain	same program	pcrec_35e1ab1_auto-nocaps-simdna				median_total_ns	125255945.000000	5					
compile	iso-ts			plain	same program	pcrec_35e1ab1_auto-nocaps-simdna				jitter	0.039						
compile	iso-ts			plain	same program	pcrec_35e1ab1_auto-nocaps-simdna				artifact_bytes	21904						
compile	iso-ts			whole-subject	separate artifact	pcrec_35e1ab1_auto-nocaps-simdna				median_total_ns	125531428.000000	5					
compile	iso-ts			whole-subject	separate artifact	pcrec_35e1ab1_auto-nocaps-simdna				jitter	0.045						
compile	iso-ts			whole-subject	separate artifact	pcrec_35e1ab1_auto-nocaps-simdna				artifact_bytes	21992						
compile	kv-quoted			plain	same program	pcrec_35e1ab1_auto-nocaps-simdna				median_total_ns	136544722.000000	5					
compile	kv-quoted			plain	same program	pcrec_35e1ab1_auto-nocaps-simdna				jitter	0.022						
compile	kv-quoted			plain	same program	pcrec_35e1ab1_auto-nocaps-simdna				artifact_bytes	22096						
compile	kv-quoted			whole-subject	separate artifact	pcrec_35e1ab1_auto-nocaps-simdna				median_total_ns	139920702.000000	5					
compile	kv-quoted			whole-subject	separate artifact	pcrec_35e1ab1_auto-nocaps-simdna				jitter	0.013						
compile	kv-quoted			whole-subject	separate artifact	pcrec_35e1ab1_auto-nocaps-simdna				artifact_bytes	22144						
compile	level-context			plain	same program	pcrec_35e1ab1_auto-nocaps-simdna				median_total_ns		1					
compile	level-context			whole-subject	separate artifact	pcrec_35e1ab1_auto-nocaps-simdna				median_total_ns		1					
compile	stack-frame			plain	same program	pcrec_35e1ab1_auto-nocaps-simdna				median_total_ns	139006268.000000	5					
compile	stack-frame			plain	same program	pcrec_35e1ab1_auto-nocaps-simdna				jitter	0.040						
compile	stack-frame			plain	same program	pcrec_35e1ab1_auto-nocaps-simdna				artifact_bytes	30200						
compile	stack-frame			whole-subject	separate artifact	pcrec_35e1ab1_auto-nocaps-simdna				median_total_ns	143825455.000000	5					
compile	stack-frame			whole-subject	separate artifact	pcrec_35e1ab1_auto-nocaps-simdna				jitter	0.023						
compile	stack-frame			whole-subject	separate artifact	pcrec_35e1ab1_auto-nocaps-simdna				artifact_bytes	30296						
compile	uuid			plain	same program	pcrec_35e1ab1_auto-nocaps-simdna				median_total_ns	135154054.000000	5					
compile	uuid			plain	same program	pcrec_35e1ab1_auto-nocaps-simdna				jitter	0.031						
compile	uuid			plain	same program	pcrec_35e1ab1_auto-nocaps-simdna				artifact_bytes	22120						
compile	uuid			whole-subject	separate artifact	pcrec_35e1ab1_auto-nocaps-simdna				median_total_ns	137926330.000000	5					
compile	uuid			whole-subject	separate artifact	pcrec_35e1ab1_auto-nocaps-simdna				jitter	0.032						
compile	uuid			whole-subject	separate artifact	pcrec_35e1ab1_auto-nocaps-simdna				artifact_bytes	22208						
compile	bignum			plain	same program	pcrec_35e1ab1_vm-caps-simdna				median_total_ns	153619928.000000	5					
compile	bignum			plain	same program	pcrec_35e1ab1_vm-caps-simdna				jitter	0.017						
compile	bignum			plain	same program	pcrec_35e1ab1_vm-caps-simdna				artifact_bytes	17592						
compile_stamp						pcrec_35e1ab1_vm-caps-simdna				engine	vm						
compile_stamp						pcrec_35e1ab1_vm-caps-simdna				entry	plain entry						
compile_stamp						pcrec_35e1ab1_vm-caps-simdna				prefilter	none						
compile_stamp						pcrec_35e1ab1_vm-caps-simdna				vm_rungs	PCREC_VM_RUNG_CURSOR						
compile_stamp						pcrec_35e1ab1_vm-caps-simdna				buffers	2/2 (stamped default)						
compile_stamp						pcrec_35e1ab1_vm-caps-simdna				frame	24						
compile	bignum			whole-subject	separate artifact	pcrec_35e1ab1_vm-caps-simdna				median_total_ns	162678451.000000	5					
compile	bignum			whole-subject	separate artifact	pcrec_35e1ab1_vm-caps-simdna				jitter	0.015						
compile	bignum			whole-subject	separate artifact	pcrec_35e1ab1_vm-caps-simdna				artifact_bytes	17592						
compile	floor			plain	same program	pcrec_35e1ab1_vm-caps-simdna				median_total_ns	144000281.000000	5					
compile	floor			plain	same program	pcrec_35e1ab1_vm-caps-simdna				jitter	0.042						
compile	floor			plain	same program	pcrec_35e1ab1_vm-caps-simdna				artifact_bytes	17600						
compile	floor			whole-subject	separate artifact	pcrec_35e1ab1_vm-caps-simdna				median_total_ns	140635852.000000	5					
compile	floor			whole-subject	separate artifact	pcrec_35e1ab1_vm-caps-simdna				jitter	0.028						
compile	floor			whole-subject	separate artifact	pcrec_35e1ab1_vm-caps-simdna				artifact_bytes	17600						
compile	hex32-id			plain	same program	pcrec_35e1ab1_vm-caps-simdna				median_total_ns	159780994.000000	5					
compile	hex32-id			plain	same program	pcrec_35e1ab1_vm-caps-simdna				jitter	0.034						
compile	hex32-id			plain	same program	pcrec_35e1ab1_vm-caps-simdna				artifact_bytes	17680						
compile	hex32-id			whole-subject	separate artifact	pcrec_35e1ab1_vm-caps-simdna				median_total_ns	158671108.000000	5					
compile	hex32-id			whole-subject	separate artifact	pcrec_35e1ab1_vm-caps-simdna				jitter	0.036						
compile	hex32-id			whole-subject	separate artifact	pcrec_35e1ab1_vm-caps-simdna				artifact_bytes	17680						
compile	http-5xx			plain	same program	pcrec_35e1ab1_vm-caps-simdna				median_total_ns	196376978.000000	5					
compile	http-5xx			plain	same program	pcrec_35e1ab1_vm-caps-simdna				jitter	0.030						
compile	http-5xx			plain	same program	pcrec_35e1ab1_vm-caps-simdna				artifact_bytes	21728						
compile	http-5xx			whole-subject	separate artifact	pcrec_35e1ab1_vm-caps-simdna				median_total_ns	195693213.000000	5					
compile	http-5xx			whole-subject	separate artifact	pcrec_35e1ab1_vm-caps-simdna				jitter	0.025						
compile	http-5xx			whole-subject	separate artifact	pcrec_35e1ab1_vm-caps-simdna				artifact_bytes	21728						
compile	ipv4			plain	same program	pcrec_35e1ab1_vm-caps-simdna				median_total_ns	230936291.000000	5					
compile	ipv4			plain	same program	pcrec_35e1ab1_vm-caps-simdna				jitter	0.030						
compile	ipv4			plain	same program	pcrec_35e1ab1_vm-caps-simdna				artifact_bytes	21648						
compile	ipv4			whole-subject	separate artifact	pcrec_35e1ab1_vm-caps-simdna				median_total_ns	234298250.000000	5					
compile	ipv4			whole-subject	separate artifact	pcrec_35e1ab1_vm-caps-simdna				jitter	0.014						
compile	ipv4			whole-subject	separate artifact	pcrec_35e1ab1_vm-caps-simdna				artifact_bytes	21648						
compile	ipv6			plain	same program	pcrec_35e1ab1_vm-caps-simdna				median_total_ns	385694634.000000	5					
compile	ipv6			plain	same program	pcrec_35e1ab1_vm-caps-simdna				jitter	0.012						
compile	ipv6			plain	same program	pcrec_35e1ab1_vm-caps-simdna				artifact_bytes	25784						
compile	ipv6			whole-subject	separate artifact	pcrec_35e1ab1_vm-caps-simdna				median_total_ns	386269649.000000	5					
compile	ipv6			whole-subject	separate artifact	pcrec_35e1ab1_vm-caps-simdna				jitter	0.007						
compile	ipv6			whole-subject	separate artifact	pcrec_35e1ab1_vm-caps-simdna				artifact_bytes	25784						
compile	iso-ts			plain	same program	pcrec_35e1ab1_vm-caps-simdna				median_total_ns	228438715.000000	5					
compile	iso-ts			plain	same program	pcrec_35e1ab1_vm-caps-simdna				jitter	0.016						
compile	iso-ts			plain	same program	pcrec_35e1ab1_vm-caps-simdna				artifact_bytes	21768						
compile	iso-ts			whole-subject	separate artifact	pcrec_35e1ab1_vm-caps-simdna				median_total_ns	229594323.000000	5					
compile	iso-ts			whole-subject	separate artifact	pcrec_35e1ab1_vm-caps-simdna				jitter	0.003						
compile	iso-ts			whole-subject	separate artifact	pcrec_35e1ab1_vm-caps-simdna				artifact_bytes	21768						
compile	kv-quoted			plain	same program	pcrec_35e1ab1_vm-caps-simdna				median_total_ns	176406701.000000	5					
compile	kv-quoted			plain	same program	pcrec_35e1ab1_vm-caps-simdna				jitter	0.026						
compile	kv-quoted			plain	same program	pcrec_35e1ab1_vm-caps-simdna				artifact_bytes	17752						
compile	kv-quoted			whole-subject	separate artifact	pcrec_35e1ab1_vm-caps-simdna				median_total_ns	174184569.000000	5					
compile	kv-quoted			whole-subject	separate artifact	pcrec_35e1ab1_vm-caps-simdna				jitter	0.020						
compile	kv-quoted			whole-subject	separate artifact	pcrec_35e1ab1_vm-caps-simdna				artifact_bytes	17752						
compile	level-context			plain	same program	pcrec_35e1ab1_vm-caps-simdna				median_total_ns	209997479.000000	5					
compile	level-context			plain	same program	pcrec_35e1ab1_vm-caps-simdna				jitter	0.034						
compile	level-context			plain	same program	pcrec_35e1ab1_vm-caps-simdna				artifact_bytes	21728						
compile	level-context			whole-subject	separate artifact	pcrec_35e1ab1_vm-caps-simdna				median_total_ns	221348044.000000	5					
compile	level-context			whole-subject	separate artifact	pcrec_35e1ab1_vm-caps-simdna				jitter	0.022						
compile	level-context			whole-subject	separate artifact	pcrec_35e1ab1_vm-caps-simdna				artifact_bytes	21728						
compile	stack-frame			plain	same program	pcrec_35e1ab1_vm-caps-simdna				median_total_ns	257173513.000000	5					
compile	stack-frame			plain	same program	pcrec_35e1ab1_vm-caps-simdna				jitter	0.008						
compile	stack-frame			plain	same program	pcrec_35e1ab1_vm-caps-simdna				artifact_bytes	21888						
compile	stack-frame			whole-subject	separate artifact	pcrec_35e1ab1_vm-caps-simdna				median_total_ns	259703348.000000	5					
compile	stack-frame			whole-subject	separate artifact	pcrec_35e1ab1_vm-caps-simdna				jitter	0.017						
compile	stack-frame			whole-subject	separate artifact	pcrec_35e1ab1_vm-caps-simdna				artifact_bytes	21888						
compile	uuid			plain	same program	pcrec_35e1ab1_vm-caps-simdna				median_total_ns	191489610.000000	5					
compile	uuid			plain	same program	pcrec_35e1ab1_vm-caps-simdna				jitter	0.011						
compile	uuid			plain	same program	pcrec_35e1ab1_vm-caps-simdna				artifact_bytes	21816						
compile	uuid			whole-subject	separate artifact	pcrec_35e1ab1_vm-caps-simdna				median_total_ns	199226146.000000	5					
compile	uuid			whole-subject	separate artifact	pcrec_35e1ab1_vm-caps-simdna				jitter	0.018						
compile	uuid			whole-subject	separate artifact	pcrec_35e1ab1_vm-caps-simdna				artifact_bytes	21816						
compile	bignum			plain	same program	pcrec_35e1ab1_vm-in-caps-simdna				median_total_ns	163135269.000000	5					
compile	bignum			plain	same program	pcrec_35e1ab1_vm-in-caps-simdna				jitter	0.032						
compile	bignum			plain	same program	pcrec_35e1ab1_vm-in-caps-simdna				artifact_bytes	17592						
compile_stamp						pcrec_35e1ab1_vm-in-caps-simdna				engine	vm						
compile_stamp						pcrec_35e1ab1_vm-in-caps-simdna				entry	_in						
compile_stamp						pcrec_35e1ab1_vm-in-caps-simdna				prefilter	none						
compile_stamp						pcrec_35e1ab1_vm-in-caps-simdna				vm_rungs	PCREC_VM_RUNG_CURSOR						
compile_stamp						pcrec_35e1ab1_vm-in-caps-simdna				buffers	32768/131072 (caller-provided)						
compile_stamp						pcrec_35e1ab1_vm-in-caps-simdna				frame	24						
compile	bignum			whole-subject	separate artifact	pcrec_35e1ab1_vm-in-caps-simdna				median_total_ns	163937955.000000	5					
compile	bignum			whole-subject	separate artifact	pcrec_35e1ab1_vm-in-caps-simdna				jitter	0.040						
compile	bignum			whole-subject	separate artifact	pcrec_35e1ab1_vm-in-caps-simdna				artifact_bytes	17592						
compile	floor			plain	same program	pcrec_35e1ab1_vm-in-caps-simdna				median_total_ns	143860506.000000	5					
compile	floor			plain	same program	pcrec_35e1ab1_vm-in-caps-simdna				jitter	0.033						
compile	floor			plain	same program	pcrec_35e1ab1_vm-in-caps-simdna				artifact_bytes	17600						
compile	floor			whole-subject	separate artifact	pcrec_35e1ab1_vm-in-caps-simdna				median_total_ns	143159542.000000	5					
compile	floor			whole-subject	separate artifact	pcrec_35e1ab1_vm-in-caps-simdna				jitter	0.035						
compile	floor			whole-subject	separate artifact	pcrec_35e1ab1_vm-in-caps-simdna				artifact_bytes	17600						
compile	hex32-id			plain	same program	pcrec_35e1ab1_vm-in-caps-simdna				median_total_ns	156660842.000000	5					
compile	hex32-id			plain	same program	pcrec_35e1ab1_vm-in-caps-simdna				jitter	0.016						
compile	hex32-id			plain	same program	pcrec_35e1ab1_vm-in-caps-simdna				artifact_bytes	17680						
compile	hex32-id			whole-subject	separate artifact	pcrec_35e1ab1_vm-in-caps-simdna				median_total_ns	154880461.000000	5					
compile	hex32-id			whole-subject	separate artifact	pcrec_35e1ab1_vm-in-caps-simdna				jitter	0.034						
compile	hex32-id			whole-subject	separate artifact	pcrec_35e1ab1_vm-in-caps-simdna				artifact_bytes	17680						
compile	http-5xx			plain	same program	pcrec_35e1ab1_vm-in-caps-simdna				median_total_ns	199177581.000000	5					
compile	http-5xx			plain	same program	pcrec_35e1ab1_vm-in-caps-simdna				jitter	0.020						
compile	http-5xx			plain	same program	pcrec_35e1ab1_vm-in-caps-simdna				artifact_bytes	21728						
compile	http-5xx			whole-subject	separate artifact	pcrec_35e1ab1_vm-in-caps-simdna				median_total_ns	201254833.000000	5					
compile	http-5xx			whole-subject	separate artifact	pcrec_35e1ab1_vm-in-caps-simdna				jitter	0.013						
compile	http-5xx			whole-subject	separate artifact	pcrec_35e1ab1_vm-in-caps-simdna				artifact_bytes	21728						
compile	ipv4			plain	same program	pcrec_35e1ab1_vm-in-caps-simdna				median_total_ns	235897877.000000	5					
compile	ipv4			plain	same program	pcrec_35e1ab1_vm-in-caps-simdna				jitter	0.017						
compile	ipv4			plain	same program	pcrec_35e1ab1_vm-in-caps-simdna				artifact_bytes	21648						
compile	ipv4			whole-subject	separate artifact	pcrec_35e1ab1_vm-in-caps-simdna				median_total_ns	239950332.000000	5					
compile	ipv4			whole-subject	separate artifact	pcrec_35e1ab1_vm-in-caps-simdna				jitter	0.017						
compile	ipv4			whole-subject	separate artifact	pcrec_35e1ab1_vm-in-caps-simdna				artifact_bytes	21648						
compile	ipv6			plain	same program	pcrec_35e1ab1_vm-in-caps-simdna				median_total_ns	389819492.000000	5					
compile	ipv6			plain	same program	pcrec_35e1ab1_vm-in-caps-simdna				jitter	0.015						
compile	ipv6			plain	same program	pcrec_35e1ab1_vm-in-caps-simdna				artifact_bytes	25784						
compile	ipv6			whole-subject	separate artifact	pcrec_35e1ab1_vm-in-caps-simdna				median_total_ns	392470650.000000	5					
compile	ipv6			whole-subject	separate artifact	pcrec_35e1ab1_vm-in-caps-simdna				jitter	0.014						
compile	ipv6			whole-subject	separate artifact	pcrec_35e1ab1_vm-in-caps-simdna				artifact_bytes	25784						
compile	iso-ts			plain	same program	pcrec_35e1ab1_vm-in-caps-simdna				median_total_ns	223247823.000000	5					
compile	iso-ts			plain	same program	pcrec_35e1ab1_vm-in-caps-simdna				jitter	0.019						
compile	iso-ts			plain	same program	pcrec_35e1ab1_vm-in-caps-simdna				artifact_bytes	21768						
compile	iso-ts			whole-subject	separate artifact	pcrec_35e1ab1_vm-in-caps-simdna				median_total_ns	232086795.000000	5					
compile	iso-ts			whole-subject	separate artifact	pcrec_35e1ab1_vm-in-caps-simdna				jitter	0.009						
compile	iso-ts			whole-subject	separate artifact	pcrec_35e1ab1_vm-in-caps-simdna				artifact_bytes	21768						
compile	kv-quoted			plain	same program	pcrec_35e1ab1_vm-in-caps-simdna				median_total_ns	170007610.000000	5					
compile	kv-quoted			plain	same program	pcrec_35e1ab1_vm-in-caps-simdna				jitter	0.020						
compile	kv-quoted			plain	same program	pcrec_35e1ab1_vm-in-caps-simdna				artifact_bytes	17752						
compile	kv-quoted			whole-subject	separate artifact	pcrec_35e1ab1_vm-in-caps-simdna				median_total_ns	175348822.000000	5					
compile	kv-quoted			whole-subject	separate artifact	pcrec_35e1ab1_vm-in-caps-simdna				jitter	0.018						
compile	kv-quoted			whole-subject	separate artifact	pcrec_35e1ab1_vm-in-caps-simdna				artifact_bytes	17752						
compile	level-context			plain	same program	pcrec_35e1ab1_vm-in-caps-simdna				median_total_ns	218592385.000000	5					
compile	level-context			plain	same program	pcrec_35e1ab1_vm-in-caps-simdna				jitter	0.020						
compile	level-context			plain	same program	pcrec_35e1ab1_vm-in-caps-simdna				artifact_bytes	21728						
compile	level-context			whole-subject	separate artifact	pcrec_35e1ab1_vm-in-caps-simdna				median_total_ns	218846727.000000	5					
compile	level-context			whole-subject	separate artifact	pcrec_35e1ab1_vm-in-caps-simdna				jitter	0.023						
compile	level-context			whole-subject	separate artifact	pcrec_35e1ab1_vm-in-caps-simdna				artifact_bytes	21728						
compile	stack-frame			plain	same program	pcrec_35e1ab1_vm-in-caps-simdna				median_total_ns	258586460.000000	5					
compile	stack-frame			plain	same program	pcrec_35e1ab1_vm-in-caps-simdna				jitter	0.023						
compile	stack-frame			plain	same program	pcrec_35e1ab1_vm-in-caps-simdna				artifact_bytes	21888						
compile	stack-frame			whole-subject	separate artifact	pcrec_35e1ab1_vm-in-caps-simdna				median_total_ns	260982535.000000	5					
compile	stack-frame			whole-subject	separate artifact	pcrec_35e1ab1_vm-in-caps-simdna				jitter	0.012						
compile	stack-frame			whole-subject	separate artifact	pcrec_35e1ab1_vm-in-caps-simdna				artifact_bytes	21888						
compile	uuid			plain	same program	pcrec_35e1ab1_vm-in-caps-simdna				median_total_ns	198972400.000000	5					
compile	uuid			plain	same program	pcrec_35e1ab1_vm-in-caps-simdna				jitter	0.011						
compile	uuid			plain	same program	pcrec_35e1ab1_vm-in-caps-simdna				artifact_bytes	21816						
compile	uuid			whole-subject	separate artifact	pcrec_35e1ab1_vm-in-caps-simdna				median_total_ns	199397693.000000	5					
compile	uuid			whole-subject	separate artifact	pcrec_35e1ab1_vm-in-caps-simdna				jitter	0.014						
compile	uuid			whole-subject	separate artifact	pcrec_35e1ab1_vm-in-caps-simdna				artifact_bytes	21816						
compile	bignum			plain	same program	pcrec_36d5963_auto-caps-simdna				median_total_ns	140799102.000000	5					
compile	bignum			plain	same program	pcrec_36d5963_auto-caps-simdna				jitter	0.035						
compile	bignum			plain	same program	pcrec_36d5963_auto-caps-simdna				artifact_bytes	26904						
compile_stamp						pcrec_36d5963_auto-caps-simdna				engine	dfa						
compile_stamp						pcrec_36d5963_auto-caps-simdna				entry	plain entry						
compile_stamp						pcrec_36d5963_auto-caps-simdna				prefilter	-						
compile_stamp						pcrec_36d5963_auto-caps-simdna				vm_rungs	-						
compile_stamp						pcrec_36d5963_auto-caps-simdna				buffers	0 (DFA)						
compile_stamp						pcrec_36d5963_auto-caps-simdna				frame	0 (DFA)						
compile_stamp						pcrec_36d5963_auto-caps-simdna				dfa_prefilter_offsets	none						
compile_stamp						pcrec_36d5963_auto-caps-simdna				dfa_match	unwrapped						
compile	bignum			whole-subject	separate artifact	pcrec_36d5963_auto-caps-simdna				median_total_ns	145886232.000000	5					
compile	bignum			whole-subject	separate artifact	pcrec_36d5963_auto-caps-simdna				jitter	0.032						
compile	bignum			whole-subject	separate artifact	pcrec_36d5963_auto-caps-simdna				artifact_bytes	27048						
compile	floor			plain	same program	pcrec_36d5963_auto-caps-simdna				median_total_ns	134624578.000000	5					
compile	floor			plain	same program	pcrec_36d5963_auto-caps-simdna				jitter	0.051						
compile	floor			plain	same program	pcrec_36d5963_auto-caps-simdna				artifact_bytes	22488						
compile	floor			whole-subject	separate artifact	pcrec_36d5963_auto-caps-simdna				median_total_ns	144033173.000000	5					
compile	floor			whole-subject	separate artifact	pcrec_36d5963_auto-caps-simdna				jitter	0.032						
compile	floor			whole-subject	separate artifact	pcrec_36d5963_auto-caps-simdna				artifact_bytes	22632						
compile	hex32-id			plain	same program	pcrec_36d5963_auto-caps-simdna				median_total_ns	132978662.000000	5					
compile	hex32-id			plain	same program	pcrec_36d5963_auto-caps-simdna				jitter	0.041						
compile	hex32-id			plain	same program	pcrec_36d5963_auto-caps-simdna				artifact_bytes	26904						
compile	hex32-id			whole-subject	separate artifact	pcrec_36d5963_auto-caps-simdna				median_total_ns	148769178.000000	5					
compile	hex32-id			whole-subject	separate artifact	pcrec_36d5963_auto-caps-simdna				jitter	0.015						
compile	hex32-id			whole-subject	separate artifact	pcrec_36d5963_auto-caps-simdna				artifact_bytes	27048						
compile	http-5xx			plain	same program	pcrec_36d5963_auto-caps-simdna				median_total_ns	155558249.000000	5					
compile	http-5xx			plain	same program	pcrec_36d5963_auto-caps-simdna				jitter	0.021						
compile	http-5xx			plain	same program	pcrec_36d5963_auto-caps-simdna				artifact_bytes	35080						
compile	http-5xx			whole-subject	separate artifact	pcrec_36d5963_auto-caps-simdna				median_total_ns	162546492.000000	5					
compile	http-5xx			whole-subject	separate artifact	pcrec_36d5963_auto-caps-simdna				jitter	0.031						
compile	http-5xx			whole-subject	separate artifact	pcrec_36d5963_auto-caps-simdna				artifact_bytes	35224						
compile	ipv4			plain	same program	pcrec_36d5963_auto-caps-simdna				median_total_ns	133995010.000000	5					
compile	ipv4			plain	same program	pcrec_36d5963_auto-caps-simdna				jitter	0.053						
compile	ipv4			plain	same program	pcrec_36d5963_auto-caps-simdna				artifact_bytes	26576						
compile	ipv4			whole-subject	separate artifact	pcrec_36d5963_auto-caps-simdna				median_total_ns	149445443.000000	5					
compile	ipv4			whole-subject	separate artifact	pcrec_36d5963_auto-caps-simdna				jitter	0.023						
compile	ipv4			whole-subject	separate artifact	pcrec_36d5963_auto-caps-simdna				artifact_bytes	26720						
compile	ipv6			plain	same program	pcrec_36d5963_auto-caps-simdna				median_total_ns	135485368.000000	5					
compile	ipv6			plain	same program	pcrec_36d5963_auto-caps-simdna				jitter	0.035						
compile	ipv6			plain	same program	pcrec_36d5963_auto-caps-simdna				artifact_bytes	26576						
compile	ipv6			whole-subject	separate artifact	pcrec_36d5963_auto-caps-simdna				median_total_ns	143348326.000000	5					
compile	ipv6			whole-subject	separate artifact	pcrec_36d5963_auto-caps-simdna				jitter	0.037						
compile	ipv6			whole-subject	separate artifact	pcrec_36d5963_auto-caps-simdna				artifact_bytes	26720						
compile	iso-ts			plain	same program	pcrec_36d5963_auto-caps-simdna				median_total_ns	139781215.000000	5					
compile	iso-ts			plain	same program	pcrec_36d5963_auto-caps-simdna				jitter	0.052						
compile	iso-ts			plain	same program	pcrec_36d5963_auto-caps-simdna				artifact_bytes	26624						
compile	iso-ts			whole-subject	separate artifact	pcrec_36d5963_auto-caps-simdna				median_total_ns	151213744.000000	5					
compile	iso-ts			whole-subject	separate artifact	pcrec_36d5963_auto-caps-simdna				jitter	0.028						
compile	iso-ts			whole-subject	separate artifact	pcrec_36d5963_auto-caps-simdna				artifact_bytes	26760						
compile	kv-quoted			plain	same program	pcrec_36d5963_auto-caps-simdna				median_total_ns	148805539.000000	5					
compile	kv-quoted			plain	same program	pcrec_36d5963_auto-caps-simdna				jitter	0.044						
compile	kv-quoted			plain	same program	pcrec_36d5963_auto-caps-simdna				artifact_bytes	30968						
compile	kv-quoted			whole-subject	separate artifact	pcrec_36d5963_auto-caps-simdna				median_total_ns	156748527.000000	5					
compile	kv-quoted			whole-subject	separate artifact	pcrec_36d5963_auto-caps-simdna				jitter	0.034						
compile	kv-quoted			whole-subject	separate artifact	pcrec_36d5963_auto-caps-simdna				artifact_bytes	31064						
compile	level-context			plain	same program	pcrec_36d5963_auto-caps-simdna				median_total_ns	731313459.000000	5					
compile	level-context			plain	same program	pcrec_36d5963_auto-caps-simdna				jitter	0.017						
compile	level-context			plain	same program	pcrec_36d5963_auto-caps-simdna				artifact_bytes	26256						
compile	level-context			whole-subject	separate artifact	pcrec_36d5963_auto-caps-simdna				median_total_ns	936618739.000000	5					
compile	level-context			whole-subject	separate artifact	pcrec_36d5963_auto-caps-simdna				jitter	0.016						
compile	level-context			whole-subject	separate artifact	pcrec_36d5963_auto-caps-simdna				artifact_bytes	26256						
compile	stack-frame			plain	same program	pcrec_36d5963_auto-caps-simdna				median_total_ns	155077126.000000	5					
compile	stack-frame			plain	same program	pcrec_36d5963_auto-caps-simdna				jitter	0.049						
compile	stack-frame			plain	same program	pcrec_36d5963_auto-caps-simdna				artifact_bytes	39032						
compile	stack-frame			whole-subject	separate artifact	pcrec_36d5963_auto-caps-simdna				median_total_ns	168007154.000000	5					
compile	stack-frame			whole-subject	separate artifact	pcrec_36d5963_auto-caps-simdna				jitter	0.040						
compile	stack-frame			whole-subject	separate artifact	pcrec_36d5963_auto-caps-simdna				artifact_bytes	39176						
compile	uuid			plain	same program	pcrec_36d5963_auto-caps-simdna				median_total_ns	153677309.000000	5					
compile	uuid			plain	same program	pcrec_36d5963_auto-caps-simdna				jitter	0.035						
compile	uuid			plain	same program	pcrec_36d5963_auto-caps-simdna				artifact_bytes	26952						
compile	uuid			whole-subject	separate artifact	pcrec_36d5963_auto-caps-simdna				median_total_ns	163098855.000000	5					
compile	uuid			whole-subject	separate artifact	pcrec_36d5963_auto-caps-simdna				jitter	0.028						
compile	uuid			whole-subject	separate artifact	pcrec_36d5963_auto-caps-simdna				artifact_bytes	27088						
compile	bignum			plain	same program	pcrec_36d5963_auto-nocaps-simdna				median_total_ns	140054983.000000	5					
compile	bignum			plain	same program	pcrec_36d5963_auto-nocaps-simdna				jitter	0.035						
compile	bignum			plain	same program	pcrec_36d5963_auto-nocaps-simdna				artifact_bytes	26904						
compile_stamp						pcrec_36d5963_auto-nocaps-simdna				engine	dfa						
compile_stamp						pcrec_36d5963_auto-nocaps-simdna				entry	plain entry						
compile_stamp						pcrec_36d5963_auto-nocaps-simdna				prefilter	-						
compile_stamp						pcrec_36d5963_auto-nocaps-simdna				vm_rungs	-						
compile_stamp						pcrec_36d5963_auto-nocaps-simdna				buffers	0 (DFA)						
compile_stamp						pcrec_36d5963_auto-nocaps-simdna				frame	0 (DFA)						
compile_stamp						pcrec_36d5963_auto-nocaps-simdna				dfa_prefilter_offsets	none						
compile_stamp						pcrec_36d5963_auto-nocaps-simdna				dfa_match	unwrapped						
compile	bignum			whole-subject	separate artifact	pcrec_36d5963_auto-nocaps-simdna				median_total_ns	153379193.000000	5					
compile	bignum			whole-subject	separate artifact	pcrec_36d5963_auto-nocaps-simdna				jitter	0.042						
compile	bignum			whole-subject	separate artifact	pcrec_36d5963_auto-nocaps-simdna				artifact_bytes	27048						
compile	floor			plain	same program	pcrec_36d5963_auto-nocaps-simdna				median_total_ns	133622895.000000	5					
compile	floor			plain	same program	pcrec_36d5963_auto-nocaps-simdna				jitter	0.029						
compile	floor			plain	same program	pcrec_36d5963_auto-nocaps-simdna				artifact_bytes	22488						
compile	floor			whole-subject	separate artifact	pcrec_36d5963_auto-nocaps-simdna				median_total_ns	152075384.000000	5					
compile	floor			whole-subject	separate artifact	pcrec_36d5963_auto-nocaps-simdna				jitter	0.024						
compile	floor			whole-subject	separate artifact	pcrec_36d5963_auto-nocaps-simdna				artifact_bytes	22632						
compile	hex32-id			plain	same program	pcrec_36d5963_auto-nocaps-simdna				median_total_ns	139070016.000000	5					
compile	hex32-id			plain	same program	pcrec_36d5963_auto-nocaps-simdna				jitter	0.026						
compile	hex32-id			plain	same program	pcrec_36d5963_auto-nocaps-simdna				artifact_bytes	26904						
compile	hex32-id			whole-subject	separate artifact	pcrec_36d5963_auto-nocaps-simdna				median_total_ns	149994643.000000	5					
compile	hex32-id			whole-subject	separate artifact	pcrec_36d5963_auto-nocaps-simdna				jitter	0.009						
compile	hex32-id			whole-subject	separate artifact	pcrec_36d5963_auto-nocaps-simdna				artifact_bytes	27048						
compile	http-5xx			plain	same program	pcrec_36d5963_auto-nocaps-simdna				median_total_ns	154592859.000000	5					
compile	http-5xx			plain	same program	pcrec_36d5963_auto-nocaps-simdna				jitter	0.088						
compile	http-5xx			plain	same program	pcrec_36d5963_auto-nocaps-simdna				artifact_bytes	35080						
compile	http-5xx			whole-subject	separate artifact	pcrec_36d5963_auto-nocaps-simdna				median_total_ns	167859497.000000	5					
compile	http-5xx			whole-subject	separate artifact	pcrec_36d5963_auto-nocaps-simdna				jitter	0.043						
compile	http-5xx			whole-subject	separate artifact	pcrec_36d5963_auto-nocaps-simdna				artifact_bytes	35224						
compile	ipv4			plain	same program	pcrec_36d5963_auto-nocaps-simdna				median_total_ns	125226387.000000	5					
compile	ipv4			plain	same program	pcrec_36d5963_auto-nocaps-simdna				jitter	0.018						
compile	ipv4			plain	same program	pcrec_36d5963_auto-nocaps-simdna				artifact_bytes	26576						
compile	ipv4			whole-subject	separate artifact	pcrec_36d5963_auto-nocaps-simdna				median_total_ns	147954491.000000	5					
compile	ipv4			whole-subject	separate artifact	pcrec_36d5963_auto-nocaps-simdna				jitter	0.040						
compile	ipv4			whole-subject	separate artifact	pcrec_36d5963_auto-nocaps-simdna				artifact_bytes	26720						
compile	ipv6			plain	same program	pcrec_36d5963_auto-nocaps-simdna				median_total_ns	137071306.000000	5					
compile	ipv6			plain	same program	pcrec_36d5963_auto-nocaps-simdna				jitter	0.028						
compile	ipv6			plain	same program	pcrec_36d5963_auto-nocaps-simdna				artifact_bytes	26576						
compile	ipv6			whole-subject	separate artifact	pcrec_36d5963_auto-nocaps-simdna				median_total_ns	148426303.000000	5					
compile	ipv6			whole-subject	separate artifact	pcrec_36d5963_auto-nocaps-simdna				jitter	0.040						
compile	ipv6			whole-subject	separate artifact	pcrec_36d5963_auto-nocaps-simdna				artifact_bytes	26720						
compile	iso-ts			plain	same program	pcrec_36d5963_auto-nocaps-simdna				median_total_ns	130352826.000000	5					
compile	iso-ts			plain	same program	pcrec_36d5963_auto-nocaps-simdna				jitter	0.070						
compile	iso-ts			plain	same program	pcrec_36d5963_auto-nocaps-simdna				artifact_bytes	26624						
compile	iso-ts			whole-subject	separate artifact	pcrec_36d5963_auto-nocaps-simdna				median_total_ns	150372214.000000	5					
compile	iso-ts			whole-subject	separate artifact	pcrec_36d5963_auto-nocaps-simdna				jitter	0.055						
compile	iso-ts			whole-subject	separate artifact	pcrec_36d5963_auto-nocaps-simdna				artifact_bytes	26760						
compile	kv-quoted			plain	same program	pcrec_36d5963_auto-nocaps-simdna				median_total_ns	147080774.000000	5					
compile	kv-quoted			plain	same program	pcrec_36d5963_auto-nocaps-simdna				jitter	0.076						
compile	kv-quoted			plain	same program	pcrec_36d5963_auto-nocaps-simdna				artifact_bytes	30968						
compile	kv-quoted			whole-subject	separate artifact	pcrec_36d5963_auto-nocaps-simdna				median_total_ns	160009130.000000	5					
compile	kv-quoted			whole-subject	separate artifact	pcrec_36d5963_auto-nocaps-simdna				jitter	0.035						
compile	kv-quoted			whole-subject	separate artifact	pcrec_36d5963_auto-nocaps-simdna				artifact_bytes	31064						
compile	level-context			plain	same program	pcrec_36d5963_auto-nocaps-simdna				median_total_ns	749825469.000000	5					
compile	level-context			plain	same program	pcrec_36d5963_auto-nocaps-simdna				jitter	0.012						
compile	level-context			plain	same program	pcrec_36d5963_auto-nocaps-simdna				artifact_bytes	26256						
compile	level-context			whole-subject	separate artifact	pcrec_36d5963_auto-nocaps-simdna				median_total_ns	939530175.000000	5					
compile	level-context			whole-subject	separate artifact	pcrec_36d5963_auto-nocaps-simdna				jitter	0.007						
compile	level-context			whole-subject	separate artifact	pcrec_36d5963_auto-nocaps-simdna				artifact_bytes	26256						
compile	stack-frame			plain	same program	pcrec_36d5963_auto-nocaps-simdna				median_total_ns	166691831.000000	5					
compile	stack-frame			plain	same program	pcrec_36d5963_auto-nocaps-simdna				jitter	0.039						
compile	stack-frame			plain	same program	pcrec_36d5963_auto-nocaps-simdna				artifact_bytes	39032						
compile	stack-frame			whole-subject	separate artifact	pcrec_36d5963_auto-nocaps-simdna				median_total_ns	165079230.000000	5					
compile	stack-frame			whole-subject	separate artifact	pcrec_36d5963_auto-nocaps-simdna				jitter	0.059						
compile	stack-frame			whole-subject	separate artifact	pcrec_36d5963_auto-nocaps-simdna				artifact_bytes	39176						
compile	uuid			plain	same program	pcrec_36d5963_auto-nocaps-simdna				median_total_ns	150382864.000000	5					
compile	uuid			plain	same program	pcrec_36d5963_auto-nocaps-simdna				jitter	0.033						
compile	uuid			plain	same program	pcrec_36d5963_auto-nocaps-simdna				artifact_bytes	26952						
compile	uuid			whole-subject	separate artifact	pcrec_36d5963_auto-nocaps-simdna				median_total_ns	169695069.000000	5					
compile	uuid			whole-subject	separate artifact	pcrec_36d5963_auto-nocaps-simdna				jitter	0.054						
compile	uuid			whole-subject	separate artifact	pcrec_36d5963_auto-nocaps-simdna				artifact_bytes	27088						
compile	bignum			plain	same program	pcrec_36d5963_vm-caps-simdna				median_total_ns	165278126.000000	5					
compile	bignum			plain	same program	pcrec_36d5963_vm-caps-simdna				jitter	0.035						
compile	bignum			plain	same program	pcrec_36d5963_vm-caps-simdna				artifact_bytes	22120						
compile_stamp						pcrec_36d5963_vm-caps-simdna				engine	vm						
compile_stamp						pcrec_36d5963_vm-caps-simdna				entry	plain entry						
compile_stamp						pcrec_36d5963_vm-caps-simdna				prefilter	none						
compile_stamp						pcrec_36d5963_vm-caps-simdna				vm_rungs	PCREC_VM_RUNG_CURSOR						
compile_stamp						pcrec_36d5963_vm-caps-simdna				buffers	2/2 (stamped default)						
compile_stamp						pcrec_36d5963_vm-caps-simdna				frame	24						
compile	bignum			whole-subject	separate artifact	pcrec_36d5963_vm-caps-simdna				median_total_ns	164288112.000000	5					
compile	bignum			whole-subject	separate artifact	pcrec_36d5963_vm-caps-simdna				jitter	0.008						
compile	bignum			whole-subject	separate artifact	pcrec_36d5963_vm-caps-simdna				artifact_bytes	22120						
compile	floor			plain	same program	pcrec_36d5963_vm-caps-simdna				median_total_ns	143461588.000000	5					
compile	floor			plain	same program	pcrec_36d5963_vm-caps-simdna				jitter	0.023						
compile	floor			plain	same program	pcrec_36d5963_vm-caps-simdna				artifact_bytes	22120						
compile	floor			whole-subject	separate artifact	pcrec_36d5963_vm-caps-simdna				median_total_ns	147098248.000000	5					
compile	floor			whole-subject	separate artifact	pcrec_36d5963_vm-caps-simdna				jitter	0.049						
compile	floor			whole-subject	separate artifact	pcrec_36d5963_vm-caps-simdna				artifact_bytes	22120						
compile	hex32-id			plain	same program	pcrec_36d5963_vm-caps-simdna				median_total_ns	160698352.000000	5					
compile	hex32-id			plain	same program	pcrec_36d5963_vm-caps-simdna				jitter	0.025						
compile	hex32-id			plain	same program	pcrec_36d5963_vm-caps-simdna				artifact_bytes	22208						
compile	hex32-id			whole-subject	separate artifact	pcrec_36d5963_vm-caps-simdna				median_total_ns	162684523.000000	5					
compile	hex32-id			whole-subject	separate artifact	pcrec_36d5963_vm-caps-simdna				jitter	0.029						
compile	hex32-id			whole-subject	separate artifact	pcrec_36d5963_vm-caps-simdna				artifact_bytes	22208						
compile	http-5xx			plain	same program	pcrec_36d5963_vm-caps-simdna				median_total_ns	205794027.000000	5					
compile	http-5xx			plain	same program	pcrec_36d5963_vm-caps-simdna				jitter	0.023						
compile	http-5xx			plain	same program	pcrec_36d5963_vm-caps-simdna				artifact_bytes	26256						
compile	http-5xx			whole-subject	separate artifact	pcrec_36d5963_vm-caps-simdna				median_total_ns	207711206.000000	5					
compile	http-5xx			whole-subject	separate artifact	pcrec_36d5963_vm-caps-simdna				jitter	0.009						
compile	http-5xx			whole-subject	separate artifact	pcrec_36d5963_vm-caps-simdna				artifact_bytes	26256						
compile	ipv4			plain	same program	pcrec_36d5963_vm-caps-simdna				median_total_ns	243711123.000000	5					
compile	ipv4			plain	same program	pcrec_36d5963_vm-caps-simdna				jitter	0.017						
compile	ipv4			plain	same program	pcrec_36d5963_vm-caps-simdna				artifact_bytes	26176						
compile	ipv4			whole-subject	separate artifact	pcrec_36d5963_vm-caps-simdna				median_total_ns	244272726.000000	5					
compile	ipv4			whole-subject	separate artifact	pcrec_36d5963_vm-caps-simdna				jitter	0.022						
compile	ipv4			whole-subject	separate artifact	pcrec_36d5963_vm-caps-simdna				artifact_bytes	26176						
compile	ipv6			plain	same program	pcrec_36d5963_vm-caps-simdna				median_total_ns	393111143.000000	5					
compile	ipv6			plain	same program	pcrec_36d5963_vm-caps-simdna				jitter	0.006						
compile	ipv6			plain	same program	pcrec_36d5963_vm-caps-simdna				artifact_bytes	30312						
compile	ipv6			whole-subject	separate artifact	pcrec_36d5963_vm-caps-simdna				median_total_ns	401756410.000000	5					
compile	ipv6			whole-subject	separate artifact	pcrec_36d5963_vm-caps-simdna				jitter	0.035						
compile	ipv6			whole-subject	separate artifact	pcrec_36d5963_vm-caps-simdna				artifact_bytes	30312						
compile	iso-ts			plain	same program	pcrec_36d5963_vm-caps-simdna				median_total_ns	237424548.000000	5					
compile	iso-ts			plain	same program	pcrec_36d5963_vm-caps-simdna				jitter	0.019						
compile	iso-ts			plain	same program	pcrec_36d5963_vm-caps-simdna				artifact_bytes	26296						
compile	iso-ts			whole-subject	separate artifact	pcrec_36d5963_vm-caps-simdna				median_total_ns	239364089.000000	5					
compile	iso-ts			whole-subject	separate artifact	pcrec_36d5963_vm-caps-simdna				jitter	0.016						
compile	iso-ts			whole-subject	separate artifact	pcrec_36d5963_vm-caps-simdna				artifact_bytes	26296						
compile	kv-quoted			plain	same program	pcrec_36d5963_vm-caps-simdna				median_total_ns	178687620.000000	5					
compile	kv-quoted			plain	same program	pcrec_36d5963_vm-caps-simdna				jitter	0.023						
compile	kv-quoted			plain	same program	pcrec_36d5963_vm-caps-simdna				artifact_bytes	26376						
compile	kv-quoted			whole-subject	separate artifact	pcrec_36d5963_vm-caps-simdna				median_total_ns	181081072.000000	5					
compile	kv-quoted			whole-subject	separate artifact	pcrec_36d5963_vm-caps-simdna				jitter	0.023						
compile	kv-quoted			whole-subject	separate artifact	pcrec_36d5963_vm-caps-simdna				artifact_bytes	26376						
compile	level-context			plain	same program	pcrec_36d5963_vm-caps-simdna				median_total_ns	222132586.000000	5					
compile	level-context			plain	same program	pcrec_36d5963_vm-caps-simdna				jitter	0.025						
compile	level-context			plain	same program	pcrec_36d5963_vm-caps-simdna				artifact_bytes	26256						
compile	level-context			whole-subject	separate artifact	pcrec_36d5963_vm-caps-simdna				median_total_ns	225733426.000000	5					
compile	level-context			whole-subject	separate artifact	pcrec_36d5963_vm-caps-simdna				jitter	0.033						
compile	level-context			whole-subject	separate artifact	pcrec_36d5963_vm-caps-simdna				artifact_bytes	26256						
compile	stack-frame			plain	same program	pcrec_36d5963_vm-caps-simdna				median_total_ns	263350758.000000	5					
compile	stack-frame			plain	same program	pcrec_36d5963_vm-caps-simdna				jitter	0.011						
compile	stack-frame			plain	same program	pcrec_36d5963_vm-caps-simdna				artifact_bytes	26416						
compile	stack-frame			whole-subject	separate artifact	pcrec_36d5963_vm-caps-simdna				median_total_ns	263490520.000000	5					
compile	stack-frame			whole-subject	separate artifact	pcrec_36d5963_vm-caps-simdna				jitter	0.012						
compile	stack-frame			whole-subject	separate artifact	pcrec_36d5963_vm-caps-simdna				artifact_bytes	26416						
compile	uuid			plain	same program	pcrec_36d5963_vm-caps-simdna				median_total_ns	199286621.000000	5					
compile	uuid			plain	same program	pcrec_36d5963_vm-caps-simdna				jitter	0.032						
compile	uuid			plain	same program	pcrec_36d5963_vm-caps-simdna				artifact_bytes	26344						
compile	uuid			whole-subject	separate artifact	pcrec_36d5963_vm-caps-simdna				median_total_ns	205322314.000000	5					
compile	uuid			whole-subject	separate artifact	pcrec_36d5963_vm-caps-simdna				jitter	0.016						
compile	uuid			whole-subject	separate artifact	pcrec_36d5963_vm-caps-simdna				artifact_bytes	26344						
compile	bignum			plain	same program	pcrec_36d5963_vm-in-caps-simdna				median_total_ns	166151071.000000	5					
compile	bignum			plain	same program	pcrec_36d5963_vm-in-caps-simdna				jitter	0.029						
compile	bignum			plain	same program	pcrec_36d5963_vm-in-caps-simdna				artifact_bytes	22120						
compile_stamp						pcrec_36d5963_vm-in-caps-simdna				engine	vm						
compile_stamp						pcrec_36d5963_vm-in-caps-simdna				entry	_in						
compile_stamp						pcrec_36d5963_vm-in-caps-simdna				prefilter	none						
compile_stamp						pcrec_36d5963_vm-in-caps-simdna				vm_rungs	PCREC_VM_RUNG_CURSOR						
compile_stamp						pcrec_36d5963_vm-in-caps-simdna				buffers	32768/131072 (caller-provided)						
compile_stamp						pcrec_36d5963_vm-in-caps-simdna				frame	24						
compile	bignum			whole-subject	separate artifact	pcrec_36d5963_vm-in-caps-simdna				median_total_ns	165537668.000000	5					
compile	bignum			whole-subject	separate artifact	pcrec_36d5963_vm-in-caps-simdna				jitter	0.052						
compile	bignum			whole-subject	separate artifact	pcrec_36d5963_vm-in-caps-simdna				artifact_bytes	22120						
compile	floor			plain	same program	pcrec_36d5963_vm-in-caps-simdna				median_total_ns	144906546.000000	5					
compile	floor			plain	same program	pcrec_36d5963_vm-in-caps-simdna				jitter	0.017						
compile	floor			plain	same program	pcrec_36d5963_vm-in-caps-simdna				artifact_bytes	22120						
compile	floor			whole-subject	separate artifact	pcrec_36d5963_vm-in-caps-simdna				median_total_ns	148048072.000000	5					
compile	floor			whole-subject	separate artifact	pcrec_36d5963_vm-in-caps-simdna				jitter	0.027						
compile	floor			whole-subject	separate artifact	pcrec_36d5963_vm-in-caps-simdna				artifact_bytes	22120						
compile	hex32-id			plain	same program	pcrec_36d5963_vm-in-caps-simdna				median_total_ns	164533252.000000	5					
compile	hex32-id			plain	same program	pcrec_36d5963_vm-in-caps-simdna				jitter	0.014						
compile	hex32-id			plain	same program	pcrec_36d5963_vm-in-caps-simdna				artifact_bytes	22208						
compile	hex32-id			whole-subject	separate artifact	pcrec_36d5963_vm-in-caps-simdna				median_total_ns	164608203.000000	5					
compile	hex32-id			whole-subject	separate artifact	pcrec_36d5963_vm-in-caps-simdna				jitter	0.019						
compile	hex32-id			whole-subject	separate artifact	pcrec_36d5963_vm-in-caps-simdna				artifact_bytes	22208						
compile	http-5xx			plain	same program	pcrec_36d5963_vm-in-caps-simdna				median_total_ns	200784418.000000	5					
compile	http-5xx			plain	same program	pcrec_36d5963_vm-in-caps-simdna				jitter	0.013						
compile	http-5xx			plain	same program	pcrec_36d5963_vm-in-caps-simdna				artifact_bytes	26256						
compile	http-5xx			whole-subject	separate artifact	pcrec_36d5963_vm-in-caps-simdna				median_total_ns	207060806.000000	5					
compile	http-5xx			whole-subject	separate artifact	pcrec_36d5963_vm-in-caps-simdna				jitter	0.017						
compile	http-5xx			whole-subject	separate artifact	pcrec_36d5963_vm-in-caps-simdna				artifact_bytes	26256						
compile	ipv4			plain	same program	pcrec_36d5963_vm-in-caps-simdna				median_total_ns	241679082.000000	5					
compile	ipv4			plain	same program	pcrec_36d5963_vm-in-caps-simdna				jitter	0.016						
compile	ipv4			plain	same program	pcrec_36d5963_vm-in-caps-simdna				artifact_bytes	26176						
compile	ipv4			whole-subject	separate artifact	pcrec_36d5963_vm-in-caps-simdna				median_total_ns	243751255.000000	5					
compile	ipv4			whole-subject	separate artifact	pcrec_36d5963_vm-in-caps-simdna				jitter	0.006						
compile	ipv4			whole-subject	separate artifact	pcrec_36d5963_vm-in-caps-simdna				artifact_bytes	26176						
compile	ipv6			plain	same program	pcrec_36d5963_vm-in-caps-simdna				median_total_ns	394260284.000000	5					
compile	ipv6			plain	same program	pcrec_36d5963_vm-in-caps-simdna				jitter	0.021						
compile	ipv6			plain	same program	pcrec_36d5963_vm-in-caps-simdna				artifact_bytes	30312						
compile	ipv6			whole-subject	separate artifact	pcrec_36d5963_vm-in-caps-simdna				median_total_ns	394153203.000000	5					
compile	ipv6			whole-subject	separate artifact	pcrec_36d5963_vm-in-caps-simdna				jitter	0.017						
compile	ipv6			whole-subject	separate artifact	pcrec_36d5963_vm-in-caps-simdna				artifact_bytes	30312						
compile	iso-ts			plain	same program	pcrec_36d5963_vm-in-caps-simdna				median_total_ns	236109040.000000	5					
compile	iso-ts			plain	same program	pcrec_36d5963_vm-in-caps-simdna				jitter	0.017						
compile	iso-ts			plain	same program	pcrec_36d5963_vm-in-caps-simdna				artifact_bytes	26296						
compile	iso-ts			whole-subject	separate artifact	pcrec_36d5963_vm-in-caps-simdna				median_total_ns	239064977.000000	5					
compile	iso-ts			whole-subject	separate artifact	pcrec_36d5963_vm-in-caps-simdna				jitter	0.017						
compile	iso-ts			whole-subject	separate artifact	pcrec_36d5963_vm-in-caps-simdna				artifact_bytes	26296						
compile	kv-quoted			plain	same program	pcrec_36d5963_vm-in-caps-simdna				median_total_ns	180939001.000000	5					
compile	kv-quoted			plain	same program	pcrec_36d5963_vm-in-caps-simdna				jitter	0.006						
compile	kv-quoted			plain	same program	pcrec_36d5963_vm-in-caps-simdna				artifact_bytes	26376						
compile	kv-quoted			whole-subject	separate artifact	pcrec_36d5963_vm-in-caps-simdna				median_total_ns	178083254.000000	5					
compile	kv-quoted			whole-subject	separate artifact	pcrec_36d5963_vm-in-caps-simdna				jitter	0.019						
compile	kv-quoted			whole-subject	separate artifact	pcrec_36d5963_vm-in-caps-simdna				artifact_bytes	26376						
compile	level-context			plain	same program	pcrec_36d5963_vm-in-caps-simdna				median_total_ns	219041228.000000	5					
compile	level-context			plain	same program	pcrec_36d5963_vm-in-caps-simdna				jitter	0.019						
compile	level-context			plain	same program	pcrec_36d5963_vm-in-caps-simdna				artifact_bytes	26256						
compile	level-context			whole-subject	separate artifact	pcrec_36d5963_vm-in-caps-simdna				median_total_ns	223013241.000000	5					
compile	level-context			whole-subject	separate artifact	pcrec_36d5963_vm-in-caps-simdna				jitter	0.006						
compile	level-context			whole-subject	separate artifact	pcrec_36d5963_vm-in-caps-simdna				artifact_bytes	26256						
compile	stack-frame			plain	same program	pcrec_36d5963_vm-in-caps-simdna				median_total_ns	266546142.000000	5					
compile	stack-frame			plain	same program	pcrec_36d5963_vm-in-caps-simdna				jitter	0.026						
compile	stack-frame			plain	same program	pcrec_36d5963_vm-in-caps-simdna				artifact_bytes	26416						
compile	stack-frame			whole-subject	separate artifact	pcrec_36d5963_vm-in-caps-simdna				median_total_ns	262407277.000000	5					
compile	stack-frame			whole-subject	separate artifact	pcrec_36d5963_vm-in-caps-simdna				jitter	0.015						
compile	stack-frame			whole-subject	separate artifact	pcrec_36d5963_vm-in-caps-simdna				artifact_bytes	26416						
compile	uuid			plain	same program	pcrec_36d5963_vm-in-caps-simdna				median_total_ns	207636800.000000	5					
compile	uuid			plain	same program	pcrec_36d5963_vm-in-caps-simdna				jitter	0.021						
compile	uuid			plain	same program	pcrec_36d5963_vm-in-caps-simdna				artifact_bytes	26344						
compile	uuid			whole-subject	separate artifact	pcrec_36d5963_vm-in-caps-simdna				median_total_ns	207457059.000000	5					
compile	uuid			whole-subject	separate artifact	pcrec_36d5963_vm-in-caps-simdna				jitter	0.040						
compile	uuid			whole-subject	separate artifact	pcrec_36d5963_vm-in-caps-simdna				artifact_bytes	26344						
