# reporter: v24 (2026-09-26); filters: subbench=loglines, version=0.1, since=2026-09-01T00:00:00Z, until=2026-09-21T05:00:00Z, testee=libpcre2_10.46_interp-caps-simdna, testee=libpcre2_10.46_jit-caps-simdna, testee=pcrec_d34c9131_auto-caps-simdna, testee=pcrec_1989c62_auto-nocaps-simdna, testee=pcrec_1989c62_vm-caps-simdna, testee=pcrec_1989c62_vm-in-caps-simdna, testee=pcrec_25b1984f_auto-caps-simdna, testee=pcrec_25b1984f_auto-nocaps-simdna, testee=pcrec_25b1984f_vm-caps-simdna, testee=pcrec_25b1984f_vm-in-caps-simdna; source: store/index.tsv (10 record(s) matching this query); records: 10; excluded_invalid: 0; superseded: 0; newer_not_measured: 0; subbench_versions: loglines@0.1; machines: budu-ryzen1600; schema_versions: 1.4,1.5,1.6; grain: set; single_subject_regimes: ; include_unmeasured: False; include_scratch: False; all_records: False; x13_rules: v1.4 X13 (pre-flight + trial agreement) on 10; mixed_x13: False; include_provenance: False; worst_other_core_busy: 13.83% (libpcre2_10.46_jit-caps-simdna / stack-frame / short-subject-search); floor_pattern: floor; null_band: pcrec 1989c62 -> 25b1984f: NO census (reports/identity/loglines@0.1/pcrec_1989c62__25b1984f.tsv) | pcrec d34c9131 -> 25b1984f: NO census (reports/identity/loglines@0.1/pcrec_d34c9131__25b1984f.tsv)
section	pattern	subject_or_na	regime_or_na	form	fact	testee	status	tier	rank_or_na	metric	value	n	pass_rate	n_gave_up	n_wrong	gave_up_summary	delta_verdict
record						loglines@0.1__libpcre2_10.46_interp-caps-simdna__budu-ryzen1600__20260902T070149Z				agreement	agree (0 of 22 groups; 0 of 1364 rows; 0 unjudged; k=1.5, 2/3; 5 trials)						
record						loglines@0.1__libpcre2_10.46_jit-caps-simdna__budu-ryzen1600__20260902T071053Z				agreement	agree (0 of 22 groups; 0 of 1364 rows; 0 unjudged; k=1.5, 2/3; 5 trials)						
record						loglines@0.1__pcrec_1989c62_auto-nocaps-simdna__budu-ryzen1600__20260902T072743Z				agreement	agree (0 of 22 groups; 0 of 1364 rows; 0 unjudged; k=1.5, 2/3; 5 trials)						
record						loglines@0.1__pcrec_1989c62_vm-caps-simdna__budu-ryzen1600__20260902T073612Z				agreement	agree (0 of 22 groups; 0 of 1364 rows; 0 unjudged; k=1.5, 2/3; 5 trials)						
record						loglines@0.1__pcrec_1989c62_vm-in-caps-simdna__budu-ryzen1600__20260902T074436Z				agreement	agree (0 of 22 groups; 0 of 1364 rows; 0 unjudged; k=1.5, 2/3; 5 trials)						
record						loglines@0.1__pcrec_25b1984f_auto-caps-simdna__budu-ryzen1600__20260921T041526Z				agreement	agree (0 of 22 groups; 0 of 1364 rows; 0 unjudged; k=1.5, 2/3; 5 trials)						
record						loglines@0.1__pcrec_25b1984f_auto-nocaps-simdna__budu-ryzen1600__20260921T042401Z				agreement	agree (0 of 22 groups; 0 of 1364 rows; 0 unjudged; k=1.5, 2/3; 5 trials)						
record						loglines@0.1__pcrec_25b1984f_vm-caps-simdna__budu-ryzen1600__20260921T043233Z				agreement	agree (0 of 22 groups; 0 of 1364 rows; 0 unjudged; k=1.5, 2/3; 5 trials)						
record						loglines@0.1__pcrec_25b1984f_vm-in-caps-simdna__budu-ryzen1600__20260921T044101Z				agreement	agree (0 of 22 groups; 0 of 1364 rows; 0 unjudged; k=1.5, 2/3; 5 trials)						
record						loglines@0.1__pcrec_d34c9131_auto-caps-simdna__budu-ryzen1600__20260906T184551Z				agreement	agree (0 of 22 groups; 0 of 1364 rows; 0 unjudged; k=1.5, 2/3; 5 trials)						
baseline_yes	bignum	(set)	large-subject-throughput			libpcre2_10.46_interp-caps-simdna				baseline_identity	interp					libpcre2_10.46_interp-caps-simdna (interp, present in this group)	
rank_yes	bignum	(set)	large-subject-throughput	plain	same program	libpcre2_10.46_jit-caps-simdna	measured	pinned	1	median_ns	11382589.670732	12	1.0000	0	0		
rank_yes	bignum	(set)	large-subject-throughput	plain	same program	libpcre2_10.46_jit-caps-simdna	measured	pinned	1	min_ns	11358255.402439	12	1.0000	0	0		
rank_yes	bignum	(set)	large-subject-throughput	plain	same program	libpcre2_10.46_jit-caps-simdna	measured	pinned	1	max_ns	11389777.158537	12	1.0000	0	0		
rank_yes	bignum	(set)	large-subject-throughput	plain	same program	libpcre2_10.46_jit-caps-simdna	measured	pinned	1	stddev_ns	11462.816169	12	1.0000	0	0		
rank_yes	bignum	(set)	large-subject-throughput	plain	same program	libpcre2_10.46_jit-caps-simdna	measured	pinned	1	ratio_vs_baseline	0.196662	12	1.0000	0	0		
rank_yes	bignum	(set)	large-subject-throughput	plain	same program	libpcre2_10.46_jit-caps-simdna	measured	pinned	1	ratio_vs_best	1.000000	12	1.0000	0	0		
rank_yes	bignum	(set)	large-subject-throughput	plain	same program	pcrec_d34c9131_auto-caps-simdna	measured	pinned	2	median_ns	13191602.477612	12	1.0000	0	0		
rank_yes	bignum	(set)	large-subject-throughput	plain	same program	pcrec_d34c9131_auto-caps-simdna	measured	pinned	2	min_ns	13050177.597015	12	1.0000	0	0		
rank_yes	bignum	(set)	large-subject-throughput	plain	same program	pcrec_d34c9131_auto-caps-simdna	measured	pinned	2	max_ns	13199947.000000	12	1.0000	0	0		
rank_yes	bignum	(set)	large-subject-throughput	plain	same program	pcrec_d34c9131_auto-caps-simdna	measured	pinned	2	stddev_ns	56817.002192	12	1.0000	0	0		
rank_yes	bignum	(set)	large-subject-throughput	plain	same program	pcrec_d34c9131_auto-caps-simdna	measured	pinned	2	ratio_vs_baseline	0.227918	12	1.0000	0	0		
rank_yes	bignum	(set)	large-subject-throughput	plain	same program	pcrec_d34c9131_auto-caps-simdna	measured	pinned	2	ratio_vs_best	1.158928	12	1.0000	0	0		
rank_yes	bignum	(set)	large-subject-throughput	plain	same program	pcrec_25b1984f_auto-caps-simdna	measured	pinned	3	median_ns	13195556.757576	12	1.0000	0	0		unchanged (within spread)
rank_yes	bignum	(set)	large-subject-throughput	plain	same program	pcrec_25b1984f_auto-caps-simdna	measured	pinned	3	min_ns	13073482.787879	12	1.0000	0	0		unchanged (within spread)
rank_yes	bignum	(set)	large-subject-throughput	plain	same program	pcrec_25b1984f_auto-caps-simdna	measured	pinned	3	max_ns	13208171.984848	12	1.0000	0	0		unchanged (within spread)
rank_yes	bignum	(set)	large-subject-throughput	plain	same program	pcrec_25b1984f_auto-caps-simdna	measured	pinned	3	stddev_ns	54538.506161	12	1.0000	0	0		unchanged (within spread)
rank_yes	bignum	(set)	large-subject-throughput	plain	same program	pcrec_25b1984f_auto-caps-simdna	measured	pinned	3	ratio_vs_baseline	0.227986	12	1.0000	0	0		unchanged (within spread)
rank_yes	bignum	(set)	large-subject-throughput	plain	same program	pcrec_25b1984f_auto-caps-simdna	measured	pinned	3	ratio_vs_best	1.159275	12	1.0000	0	0		unchanged (within spread)
rank_yes	bignum	(set)	large-subject-throughput	plain	same program	pcrec_25b1984f_vm-caps-simdna	measured	pinned	4	median_ns	34440671.708333	12	1.0000	0	0		unchanged (within spread)
rank_yes	bignum	(set)	large-subject-throughput	plain	same program	pcrec_25b1984f_vm-caps-simdna	measured	pinned	4	min_ns	34404807.750000	12	1.0000	0	0		unchanged (within spread)
rank_yes	bignum	(set)	large-subject-throughput	plain	same program	pcrec_25b1984f_vm-caps-simdna	measured	pinned	4	max_ns	34502529.541667	12	1.0000	0	0		unchanged (within spread)
rank_yes	bignum	(set)	large-subject-throughput	plain	same program	pcrec_25b1984f_vm-caps-simdna	measured	pinned	4	stddev_ns	34712.960864	12	1.0000	0	0		unchanged (within spread)
rank_yes	bignum	(set)	large-subject-throughput	plain	same program	pcrec_25b1984f_vm-caps-simdna	measured	pinned	4	ratio_vs_baseline	0.595048	12	1.0000	0	0		unchanged (within spread)
rank_yes	bignum	(set)	large-subject-throughput	plain	same program	pcrec_25b1984f_vm-caps-simdna	measured	pinned	4	ratio_vs_best	3.025733	12	1.0000	0	0		unchanged (within spread)
rank_yes	bignum	(set)	large-subject-throughput	plain	same program	pcrec_1989c62_vm-in-caps-simdna	measured	pinned	5	median_ns	34456070.083333	12	1.0000	0	0		
rank_yes	bignum	(set)	large-subject-throughput	plain	same program	pcrec_1989c62_vm-in-caps-simdna	measured	pinned	5	min_ns	34435698.750000	12	1.0000	0	0		
rank_yes	bignum	(set)	large-subject-throughput	plain	same program	pcrec_1989c62_vm-in-caps-simdna	measured	pinned	5	max_ns	34560814.916667	12	1.0000	0	0		
rank_yes	bignum	(set)	large-subject-throughput	plain	same program	pcrec_1989c62_vm-in-caps-simdna	measured	pinned	5	stddev_ns	44389.973188	12	1.0000	0	0		
rank_yes	bignum	(set)	large-subject-throughput	plain	same program	pcrec_1989c62_vm-in-caps-simdna	measured	pinned	5	ratio_vs_baseline	0.595314	12	1.0000	0	0		
rank_yes	bignum	(set)	large-subject-throughput	plain	same program	pcrec_1989c62_vm-in-caps-simdna	measured	pinned	5	ratio_vs_best	3.027085	12	1.0000	0	0		
rank_yes	bignum	(set)	large-subject-throughput	plain	same program	pcrec_1989c62_vm-caps-simdna	measured	pinned	6	median_ns	34465643.041667	12	1.0000	0	0		
rank_yes	bignum	(set)	large-subject-throughput	plain	same program	pcrec_1989c62_vm-caps-simdna	measured	pinned	6	min_ns	34370462.500000	12	1.0000	0	0		
rank_yes	bignum	(set)	large-subject-throughput	plain	same program	pcrec_1989c62_vm-caps-simdna	measured	pinned	6	max_ns	34626198.166667	12	1.0000	0	0		
rank_yes	bignum	(set)	large-subject-throughput	plain	same program	pcrec_1989c62_vm-caps-simdna	measured	pinned	6	stddev_ns	87771.801072	12	1.0000	0	0		
rank_yes	bignum	(set)	large-subject-throughput	plain	same program	pcrec_1989c62_vm-caps-simdna	measured	pinned	6	ratio_vs_baseline	0.595479	12	1.0000	0	0		
rank_yes	bignum	(set)	large-subject-throughput	plain	same program	pcrec_1989c62_vm-caps-simdna	measured	pinned	6	ratio_vs_best	3.027926	12	1.0000	0	0		
rank_yes	bignum	(set)	large-subject-throughput	plain	same program	pcrec_25b1984f_vm-in-caps-simdna	measured	pinned	7	median_ns	34476416.041667	12	1.0000	0	0		unchanged (within spread)
rank_yes	bignum	(set)	large-subject-throughput	plain	same program	pcrec_25b1984f_vm-in-caps-simdna	measured	pinned	7	min_ns	34458438.875000	12	1.0000	0	0		unchanged (within spread)
rank_yes	bignum	(set)	large-subject-throughput	plain	same program	pcrec_25b1984f_vm-in-caps-simdna	measured	pinned	7	max_ns	34767412.583333	12	1.0000	0	0		unchanged (within spread)
rank_yes	bignum	(set)	large-subject-throughput	plain	same program	pcrec_25b1984f_vm-in-caps-simdna	measured	pinned	7	stddev_ns	132024.477558	12	1.0000	0	0		unchanged (within spread)
rank_yes	bignum	(set)	large-subject-throughput	plain	same program	pcrec_25b1984f_vm-in-caps-simdna	measured	pinned	7	ratio_vs_baseline	0.595665	12	1.0000	0	0		unchanged (within spread)
rank_yes	bignum	(set)	large-subject-throughput	plain	same program	pcrec_25b1984f_vm-in-caps-simdna	measured	pinned	7	ratio_vs_best	3.028873	12	1.0000	0	0		unchanged (within spread)
rank_yes	bignum	(set)	large-subject-throughput	plain	same program	libpcre2_10.46_interp-caps-simdna	measured	pinned	8	median_ns	57878835.000000	12	1.0000	0	0		
rank_yes	bignum	(set)	large-subject-throughput	plain	same program	libpcre2_10.46_interp-caps-simdna	measured	pinned	8	min_ns	57794557.866667	12	1.0000	0	0		
rank_yes	bignum	(set)	large-subject-throughput	plain	same program	libpcre2_10.46_interp-caps-simdna	measured	pinned	8	max_ns	58075503.400000	12	1.0000	0	0		
rank_yes	bignum	(set)	large-subject-throughput	plain	same program	libpcre2_10.46_interp-caps-simdna	measured	pinned	8	stddev_ns	103320.758894	12	1.0000	0	0		
rank_yes	bignum	(set)	large-subject-throughput	plain	same program	libpcre2_10.46_interp-caps-simdna	measured	pinned	8	ratio_vs_baseline	1.000000	12	1.0000	0	0		
rank_yes	bignum	(set)	large-subject-throughput	plain	same program	libpcre2_10.46_interp-caps-simdna	measured	pinned	8	ratio_vs_best	5.084856	12	1.0000	0	0		
baseline_yes	bignum	(set)	short-subject-search			libpcre2_10.46_interp-caps-simdna				baseline_identity	interp					libpcre2_10.46_interp-caps-simdna (interp, present in this group)	
rank_yes	bignum	(set)	short-subject-search	plain	same program	libpcre2_10.46_jit-caps-simdna	measured	pinned	1	median_ns	395913.648097	112	1.0000	0	0		
rank_yes	bignum	(set)	short-subject-search	plain	same program	libpcre2_10.46_jit-caps-simdna	measured	pinned	1	min_ns	393751.781507	112	1.0000	0	0		
rank_yes	bignum	(set)	short-subject-search	plain	same program	libpcre2_10.46_jit-caps-simdna	measured	pinned	1	max_ns	396496.751045	112	1.0000	0	0		
rank_yes	bignum	(set)	short-subject-search	plain	same program	libpcre2_10.46_jit-caps-simdna	measured	pinned	1	stddev_ns	1004.478834	112	1.0000	0	0		
rank_yes	bignum	(set)	short-subject-search	plain	same program	libpcre2_10.46_jit-caps-simdna	measured	pinned	1	ratio_vs_baseline	0.175936	112	1.0000	0	0		
rank_yes	bignum	(set)	short-subject-search	plain	same program	libpcre2_10.46_jit-caps-simdna	measured	pinned	1	ratio_vs_best	1.000000	112	1.0000	0	0		
rank_yes	bignum	(set)	short-subject-search	plain	same program	pcrec_d34c9131_auto-caps-simdna	measured	pinned	2	median_ns	427853.355032	112	1.0000	0	0		
rank_yes	bignum	(set)	short-subject-search	plain	same program	pcrec_d34c9131_auto-caps-simdna	measured	pinned	2	min_ns	424475.543841	112	1.0000	0	0		
rank_yes	bignum	(set)	short-subject-search	plain	same program	pcrec_d34c9131_auto-caps-simdna	measured	pinned	2	max_ns	430828.767776	112	1.0000	0	0		
rank_yes	bignum	(set)	short-subject-search	plain	same program	pcrec_d34c9131_auto-caps-simdna	measured	pinned	2	stddev_ns	2299.058466	112	1.0000	0	0		
rank_yes	bignum	(set)	short-subject-search	plain	same program	pcrec_d34c9131_auto-caps-simdna	measured	pinned	2	ratio_vs_baseline	0.190129	112	1.0000	0	0		
rank_yes	bignum	(set)	short-subject-search	plain	same program	pcrec_d34c9131_auto-caps-simdna	measured	pinned	2	ratio_vs_best	1.080673	112	1.0000	0	0		
rank_yes	bignum	(set)	short-subject-search	plain	same program	pcrec_25b1984f_auto-caps-simdna	measured	pinned	3	median_ns	429980.577871	112	1.0000	0	0		unchanged (within spread)
rank_yes	bignum	(set)	short-subject-search	plain	same program	pcrec_25b1984f_auto-caps-simdna	measured	pinned	3	min_ns	427894.054092	112	1.0000	0	0		unchanged (within spread)
rank_yes	bignum	(set)	short-subject-search	plain	same program	pcrec_25b1984f_auto-caps-simdna	measured	pinned	3	max_ns	434432.681502	112	1.0000	0	0		unchanged (within spread)
rank_yes	bignum	(set)	short-subject-search	plain	same program	pcrec_25b1984f_auto-caps-simdna	measured	pinned	3	stddev_ns	2460.291971	112	1.0000	0	0		unchanged (within spread)
rank_yes	bignum	(set)	short-subject-search	plain	same program	pcrec_25b1984f_auto-caps-simdna	measured	pinned	3	ratio_vs_baseline	0.191074	112	1.0000	0	0		unchanged (within spread)
rank_yes	bignum	(set)	short-subject-search	plain	same program	pcrec_25b1984f_auto-caps-simdna	measured	pinned	3	ratio_vs_best	1.086046	112	1.0000	0	0		unchanged (within spread)
rank_yes	bignum	(set)	short-subject-search	plain	same program	pcrec_25b1984f_vm-caps-simdna	measured	pinned	4	median_ns	1280919.696620	112	1.0000	0	0		unchanged (within spread)
rank_yes	bignum	(set)	short-subject-search	plain	same program	pcrec_25b1984f_vm-caps-simdna	measured	pinned	4	min_ns	1280355.413153	112	1.0000	0	0		unchanged (within spread)
rank_yes	bignum	(set)	short-subject-search	plain	same program	pcrec_25b1984f_vm-caps-simdna	measured	pinned	4	max_ns	1282063.199632	112	1.0000	0	0		unchanged (within spread)
rank_yes	bignum	(set)	short-subject-search	plain	same program	pcrec_25b1984f_vm-caps-simdna	measured	pinned	4	stddev_ns	667.938845	112	1.0000	0	0		unchanged (within spread)
rank_yes	bignum	(set)	short-subject-search	plain	same program	pcrec_25b1984f_vm-caps-simdna	measured	pinned	4	ratio_vs_baseline	0.569213	112	1.0000	0	0		unchanged (within spread)
rank_yes	bignum	(set)	short-subject-search	plain	same program	pcrec_25b1984f_vm-caps-simdna	measured	pinned	4	ratio_vs_best	3.235351	112	1.0000	0	0		unchanged (within spread)
rank_yes	bignum	(set)	short-subject-search	plain	same program	pcrec_1989c62_vm-in-caps-simdna	measured	pinned	5	median_ns	1281175.850831	112	1.0000	0	0		
rank_yes	bignum	(set)	short-subject-search	plain	same program	pcrec_1989c62_vm-in-caps-simdna	measured	pinned	5	min_ns	1281002.566944	112	1.0000	0	0		
rank_yes	bignum	(set)	short-subject-search	plain	same program	pcrec_1989c62_vm-in-caps-simdna	measured	pinned	5	max_ns	1282785.832724	112	1.0000	0	0		
rank_yes	bignum	(set)	short-subject-search	plain	same program	pcrec_1989c62_vm-in-caps-simdna	measured	pinned	5	stddev_ns	669.778073	112	1.0000	0	0		
rank_yes	bignum	(set)	short-subject-search	plain	same program	pcrec_1989c62_vm-in-caps-simdna	measured	pinned	5	ratio_vs_baseline	0.569327	112	1.0000	0	0		
rank_yes	bignum	(set)	short-subject-search	plain	same program	pcrec_1989c62_vm-in-caps-simdna	measured	pinned	5	ratio_vs_best	3.235998	112	1.0000	0	0		
rank_yes	bignum	(set)	short-subject-search	plain	same program	pcrec_1989c62_vm-caps-simdna	measured	pinned	6	median_ns	1282439.775663	112	1.0000	0	0		
rank_yes	bignum	(set)	short-subject-search	plain	same program	pcrec_1989c62_vm-caps-simdna	measured	pinned	6	min_ns	1281199.360040	112	1.0000	0	0		
rank_yes	bignum	(set)	short-subject-search	plain	same program	pcrec_1989c62_vm-caps-simdna	measured	pinned	6	max_ns	1284696.267067	112	1.0000	0	0		
rank_yes	bignum	(set)	short-subject-search	plain	same program	pcrec_1989c62_vm-caps-simdna	measured	pinned	6	stddev_ns	1313.192336	112	1.0000	0	0		
rank_yes	bignum	(set)	short-subject-search	plain	same program	pcrec_1989c62_vm-caps-simdna	measured	pinned	6	ratio_vs_baseline	0.569889	112	1.0000	0	0		
rank_yes	bignum	(set)	short-subject-search	plain	same program	pcrec_1989c62_vm-caps-simdna	measured	pinned	6	ratio_vs_best	3.239191	112	1.0000	0	0		
rank_yes	bignum	(set)	short-subject-search	plain	same program	pcrec_25b1984f_vm-in-caps-simdna	measured	pinned	7	median_ns	1282579.627922	112	1.0000	0	0		unchanged (within spread)
rank_yes	bignum	(set)	short-subject-search	plain	same program	pcrec_25b1984f_vm-in-caps-simdna	measured	pinned	7	min_ns	1281524.979937	112	1.0000	0	0		unchanged (within spread)
rank_yes	bignum	(set)	short-subject-search	plain	same program	pcrec_25b1984f_vm-in-caps-simdna	measured	pinned	7	max_ns	1284186.244238	112	1.0000	0	0		unchanged (within spread)
rank_yes	bignum	(set)	short-subject-search	plain	same program	pcrec_25b1984f_vm-in-caps-simdna	measured	pinned	7	stddev_ns	880.122486	112	1.0000	0	0		unchanged (within spread)
rank_yes	bignum	(set)	short-subject-search	plain	same program	pcrec_25b1984f_vm-in-caps-simdna	measured	pinned	7	ratio_vs_baseline	0.569951	112	1.0000	0	0		unchanged (within spread)
rank_yes	bignum	(set)	short-subject-search	plain	same program	pcrec_25b1984f_vm-in-caps-simdna	measured	pinned	7	ratio_vs_best	3.239544	112	1.0000	0	0		unchanged (within spread)
rank_yes	bignum	(set)	short-subject-search	plain	same program	libpcre2_10.46_interp-caps-simdna	measured	pinned	8	median_ns	2250332.922988	112	1.0000	0	0		
rank_yes	bignum	(set)	short-subject-search	plain	same program	libpcre2_10.46_interp-caps-simdna	measured	pinned	8	min_ns	2243652.571222	112	1.0000	0	0		
rank_yes	bignum	(set)	short-subject-search	plain	same program	libpcre2_10.46_interp-caps-simdna	measured	pinned	8	max_ns	2739686.144760	112	1.0000	0	0		
rank_yes	bignum	(set)	short-subject-search	plain	same program	libpcre2_10.46_interp-caps-simdna	measured	pinned	8	stddev_ns	196086.771387	112	1.0000	0	0		
rank_yes	bignum	(set)	short-subject-search	plain	same program	libpcre2_10.46_interp-caps-simdna	measured	pinned	8	ratio_vs_baseline	1.000000	112	1.0000	0	0		
rank_yes	bignum	(set)	short-subject-search	plain	same program	libpcre2_10.46_interp-caps-simdna	measured	pinned	8	ratio_vs_best	5.683898	112	1.0000	0	0		
baseline_yes	floor	(set)	large-subject-throughput			libpcre2_10.46_interp-caps-simdna				baseline_identity	interp					libpcre2_10.46_interp-caps-simdna (interp, present in this group)	
rank_yes	floor	(set)	large-subject-throughput	plain	same program	pcrec_d34c9131_auto-caps-simdna	measured	pinned	1	median_ns	2907377.853933	12	1.0000	0	0		
rank_yes	floor	(set)	large-subject-throughput	plain	same program	pcrec_d34c9131_auto-caps-simdna	measured	pinned	1	min_ns	2905305.071161	12	1.0000	0	0		
rank_yes	floor	(set)	large-subject-throughput	plain	same program	pcrec_d34c9131_auto-caps-simdna	measured	pinned	1	max_ns	2912718.666667	12	1.0000	0	0		
rank_yes	floor	(set)	large-subject-throughput	plain	same program	pcrec_d34c9131_auto-caps-simdna	measured	pinned	1	stddev_ns	3199.585248	12	1.0000	0	0		
rank_yes	floor	(set)	large-subject-throughput	plain	same program	pcrec_d34c9131_auto-caps-simdna	measured	pinned	1	ratio_vs_baseline	0.200040	12	1.0000	0	0		
rank_yes	floor	(set)	large-subject-throughput	plain	same program	pcrec_d34c9131_auto-caps-simdna	measured	pinned	1	ratio_vs_best	1.000000	12	1.0000	0	0		
rank_yes	floor	(set)	large-subject-throughput	plain	same program	pcrec_1989c62_vm-caps-simdna	measured	pinned	2	median_ns	3551416.756219	12	1.0000	0	0		
rank_yes	floor	(set)	large-subject-throughput	plain	same program	pcrec_1989c62_vm-caps-simdna	measured	pinned	2	min_ns	3535634.169154	12	1.0000	0	0		
rank_yes	floor	(set)	large-subject-throughput	plain	same program	pcrec_1989c62_vm-caps-simdna	measured	pinned	2	max_ns	3591204.502488	12	1.0000	0	0		
rank_yes	floor	(set)	large-subject-throughput	plain	same program	pcrec_1989c62_vm-caps-simdna	measured	pinned	2	stddev_ns	19870.205911	12	1.0000	0	0		
rank_yes	floor	(set)	large-subject-throughput	plain	same program	pcrec_1989c62_vm-caps-simdna	measured	pinned	2	ratio_vs_baseline	0.244353	12	1.0000	0	0		
rank_yes	floor	(set)	large-subject-throughput	plain	same program	pcrec_1989c62_vm-caps-simdna	measured	pinned	2	ratio_vs_best	1.221519	12	1.0000	0	0		
rank_yes	floor	(set)	large-subject-throughput	plain	same program	pcrec_25b1984f_auto-caps-simdna	measured	pinned	3	median_ns	3837086.127962	12	1.0000	0	0		slower ×1.32
rank_yes	floor	(set)	large-subject-throughput	plain	same program	pcrec_25b1984f_auto-caps-simdna	measured	pinned	3	min_ns	3832658.426540	12	1.0000	0	0		slower ×1.32
rank_yes	floor	(set)	large-subject-throughput	plain	same program	pcrec_25b1984f_auto-caps-simdna	measured	pinned	3	max_ns	3840569.412322	12	1.0000	0	0		slower ×1.32
rank_yes	floor	(set)	large-subject-throughput	plain	same program	pcrec_25b1984f_auto-caps-simdna	measured	pinned	3	stddev_ns	2664.523923	12	1.0000	0	0		slower ×1.32
rank_yes	floor	(set)	large-subject-throughput	plain	same program	pcrec_25b1984f_auto-caps-simdna	measured	pinned	3	ratio_vs_baseline	0.264008	12	1.0000	0	0		slower ×1.32
rank_yes	floor	(set)	large-subject-throughput	plain	same program	pcrec_25b1984f_auto-caps-simdna	measured	pinned	3	ratio_vs_best	1.319776	12	1.0000	0	0		slower ×1.32
rank_yes	floor	(set)	large-subject-throughput	plain	same program	pcrec_1989c62_vm-in-caps-simdna	measured	pinned	4	median_ns	3958504.761261	12	1.0000	0	0		
rank_yes	floor	(set)	large-subject-throughput	plain	same program	pcrec_1989c62_vm-in-caps-simdna	measured	pinned	4	min_ns	3937421.171171	12	1.0000	0	0		
rank_yes	floor	(set)	large-subject-throughput	plain	same program	pcrec_1989c62_vm-in-caps-simdna	measured	pinned	4	max_ns	3982787.018018	12	1.0000	0	0		
rank_yes	floor	(set)	large-subject-throughput	plain	same program	pcrec_1989c62_vm-in-caps-simdna	measured	pinned	4	stddev_ns	14842.054310	12	1.0000	0	0		
rank_yes	floor	(set)	large-subject-throughput	plain	same program	pcrec_1989c62_vm-in-caps-simdna	measured	pinned	4	ratio_vs_baseline	0.272362	12	1.0000	0	0		
rank_yes	floor	(set)	large-subject-throughput	plain	same program	pcrec_1989c62_vm-in-caps-simdna	measured	pinned	4	ratio_vs_best	1.361538	12	1.0000	0	0		
rank_yes	floor	(set)	large-subject-throughput	plain	same program	pcrec_25b1984f_vm-caps-simdna	measured	pinned	5	median_ns	4567393.429319	12	1.0000	0	0		slower ×1.29
rank_yes	floor	(set)	large-subject-throughput	plain	same program	pcrec_25b1984f_vm-caps-simdna	measured	pinned	5	min_ns	4534740.434555	12	1.0000	0	0		slower ×1.29
rank_yes	floor	(set)	large-subject-throughput	plain	same program	pcrec_25b1984f_vm-caps-simdna	measured	pinned	5	max_ns	4653431.036649	12	1.0000	0	0		slower ×1.29
rank_yes	floor	(set)	large-subject-throughput	plain	same program	pcrec_25b1984f_vm-caps-simdna	measured	pinned	5	stddev_ns	41520.166466	12	1.0000	0	0		slower ×1.29
rank_yes	floor	(set)	large-subject-throughput	plain	same program	pcrec_25b1984f_vm-caps-simdna	measured	pinned	5	ratio_vs_baseline	0.314257	12	1.0000	0	0		slower ×1.29
rank_yes	floor	(set)	large-subject-throughput	plain	same program	pcrec_25b1984f_vm-caps-simdna	measured	pinned	5	ratio_vs_best	1.570967	12	1.0000	0	0		slower ×1.29
rank_yes	floor	(set)	large-subject-throughput	plain	same program	pcrec_25b1984f_vm-in-caps-simdna	measured	pinned	6	median_ns	4682305.432584	12	1.0000	0	0		slower ×1.18
rank_yes	floor	(set)	large-subject-throughput	plain	same program	pcrec_25b1984f_vm-in-caps-simdna	measured	pinned	6	min_ns	4653010.393258	12	1.0000	0	0		slower ×1.18
rank_yes	floor	(set)	large-subject-throughput	plain	same program	pcrec_25b1984f_vm-in-caps-simdna	measured	pinned	6	max_ns	4727786.280899	12	1.0000	0	0		slower ×1.18
rank_yes	floor	(set)	large-subject-throughput	plain	same program	pcrec_25b1984f_vm-in-caps-simdna	measured	pinned	6	stddev_ns	25756.458820	12	1.0000	0	0		slower ×1.18
rank_yes	floor	(set)	large-subject-throughput	plain	same program	pcrec_25b1984f_vm-in-caps-simdna	measured	pinned	6	ratio_vs_baseline	0.322163	12	1.0000	0	0		slower ×1.18
rank_yes	floor	(set)	large-subject-throughput	plain	same program	pcrec_25b1984f_vm-in-caps-simdna	measured	pinned	6	ratio_vs_best	1.610491	12	1.0000	0	0		slower ×1.18
rank_yes	floor	(set)	large-subject-throughput	plain	same program	libpcre2_10.46_jit-caps-simdna	measured	pinned	7	median_ns	6679229.808333	12	1.0000	0	0		
rank_yes	floor	(set)	large-subject-throughput	plain	same program	libpcre2_10.46_jit-caps-simdna	measured	pinned	7	min_ns	6646712.608333	12	1.0000	0	0		
rank_yes	floor	(set)	large-subject-throughput	plain	same program	libpcre2_10.46_jit-caps-simdna	measured	pinned	7	max_ns	7365085.825000	12	1.0000	0	0		
rank_yes	floor	(set)	large-subject-throughput	plain	same program	libpcre2_10.46_jit-caps-simdna	measured	pinned	7	stddev_ns	272133.552491	12	1.0000	0	0		
rank_yes	floor	(set)	large-subject-throughput	plain	same program	libpcre2_10.46_jit-caps-simdna	measured	pinned	7	ratio_vs_baseline	0.459560	12	1.0000	0	0		
rank_yes	floor	(set)	large-subject-throughput	plain	same program	libpcre2_10.46_jit-caps-simdna	measured	pinned	7	ratio_vs_best	2.297338	12	1.0000	0	0		
rank_yes	floor	(set)	large-subject-throughput	plain	same program	libpcre2_10.46_interp-caps-simdna	measured	pinned	8	median_ns	14533959.070175	12	1.0000	0	0		
rank_yes	floor	(set)	large-subject-throughput	plain	same program	libpcre2_10.46_interp-caps-simdna	measured	pinned	8	min_ns	14361041.385965	12	1.0000	0	0		
rank_yes	floor	(set)	large-subject-throughput	plain	same program	libpcre2_10.46_interp-caps-simdna	measured	pinned	8	max_ns	14749243.175439	12	1.0000	0	0		
rank_yes	floor	(set)	large-subject-throughput	plain	same program	libpcre2_10.46_interp-caps-simdna	measured	pinned	8	stddev_ns	130640.420849	12	1.0000	0	0		
rank_yes	floor	(set)	large-subject-throughput	plain	same program	libpcre2_10.46_interp-caps-simdna	measured	pinned	8	ratio_vs_baseline	1.000000	12	1.0000	0	0		
rank_yes	floor	(set)	large-subject-throughput	plain	same program	libpcre2_10.46_interp-caps-simdna	measured	pinned	8	ratio_vs_best	4.998992	12	1.0000	0	0		
baseline_yes	floor	(set)	short-subject-search			libpcre2_10.46_interp-caps-simdna				baseline_identity	interp					libpcre2_10.46_interp-caps-simdna (interp, present in this group)	
rank_yes	floor	(set)	short-subject-search	plain	same program	pcrec_25b1984f_vm-in-caps-simdna	measured	pinned	1	median_ns	1538.518856	112	1.0000	0	0		faster ×1.05
rank_yes	floor	(set)	short-subject-search	plain	same program	pcrec_25b1984f_vm-in-caps-simdna	measured	pinned	1	min_ns	1522.907336	112	1.0000	0	0		faster ×1.05
rank_yes	floor	(set)	short-subject-search	plain	same program	pcrec_25b1984f_vm-in-caps-simdna	measured	pinned	1	max_ns	1558.583009	112	1.0000	0	0		faster ×1.05
rank_yes	floor	(set)	short-subject-search	plain	same program	pcrec_25b1984f_vm-in-caps-simdna	measured	pinned	1	stddev_ns	12.883864	112	1.0000	0	0		faster ×1.05
rank_yes	floor	(set)	short-subject-search	plain	same program	pcrec_25b1984f_vm-in-caps-simdna	measured	pinned	1	ratio_vs_baseline	0.135430	112	1.0000	0	0		faster ×1.05
rank_yes	floor	(set)	short-subject-search	plain	same program	pcrec_25b1984f_vm-in-caps-simdna	measured	pinned	1	ratio_vs_best	1.000000	112	1.0000	0	0		faster ×1.05
rank_yes	floor	(set)	short-subject-search	plain	same program	pcrec_1989c62_vm-caps-simdna	measured	pinned	2	median_ns	1595.333928	112	1.0000	0	0		
rank_yes	floor	(set)	short-subject-search	plain	same program	pcrec_1989c62_vm-caps-simdna	measured	pinned	2	min_ns	1593.876532	112	1.0000	0	0		
rank_yes	floor	(set)	short-subject-search	plain	same program	pcrec_1989c62_vm-caps-simdna	measured	pinned	2	max_ns	1597.304056	112	1.0000	0	0		
rank_yes	floor	(set)	short-subject-search	plain	same program	pcrec_1989c62_vm-caps-simdna	measured	pinned	2	stddev_ns	1.305617	112	1.0000	0	0		
rank_yes	floor	(set)	short-subject-search	plain	same program	pcrec_1989c62_vm-caps-simdna	measured	pinned	2	ratio_vs_baseline	0.140431	112	1.0000	0	0		
rank_yes	floor	(set)	short-subject-search	plain	same program	pcrec_1989c62_vm-caps-simdna	measured	pinned	2	ratio_vs_best	1.036928	112	1.0000	0	0		
rank_yes	floor	(set)	short-subject-search	plain	same program	pcrec_1989c62_vm-in-caps-simdna	measured	pinned	3	median_ns	1611.038131	112	1.0000	0	0		
rank_yes	floor	(set)	short-subject-search	plain	same program	pcrec_1989c62_vm-in-caps-simdna	measured	pinned	3	min_ns	1608.139835	112	1.0000	0	0		
rank_yes	floor	(set)	short-subject-search	plain	same program	pcrec_1989c62_vm-in-caps-simdna	measured	pinned	3	max_ns	1615.646882	112	1.0000	0	0		
rank_yes	floor	(set)	short-subject-search	plain	same program	pcrec_1989c62_vm-in-caps-simdna	measured	pinned	3	stddev_ns	2.743894	112	1.0000	0	0		
rank_yes	floor	(set)	short-subject-search	plain	same program	pcrec_1989c62_vm-in-caps-simdna	measured	pinned	3	ratio_vs_baseline	0.141814	112	1.0000	0	0		
rank_yes	floor	(set)	short-subject-search	plain	same program	pcrec_1989c62_vm-in-caps-simdna	measured	pinned	3	ratio_vs_best	1.047136	112	1.0000	0	0		
rank_yes	floor	(set)	short-subject-search	plain	same program	pcrec_25b1984f_vm-caps-simdna	measured	pinned	4	median_ns	1649.980973	112	1.0000	0	0		slower ×1.03
rank_yes	floor	(set)	short-subject-search	plain	same program	pcrec_25b1984f_vm-caps-simdna	measured	pinned	4	min_ns	1646.016826	112	1.0000	0	0		slower ×1.03
rank_yes	floor	(set)	short-subject-search	plain	same program	pcrec_25b1984f_vm-caps-simdna	measured	pinned	4	max_ns	1655.475653	112	1.0000	0	0		slower ×1.03
rank_yes	floor	(set)	short-subject-search	plain	same program	pcrec_25b1984f_vm-caps-simdna	measured	pinned	4	stddev_ns	3.517871	112	1.0000	0	0		slower ×1.03
rank_yes	floor	(set)	short-subject-search	plain	same program	pcrec_25b1984f_vm-caps-simdna	measured	pinned	4	ratio_vs_baseline	0.145242	112	1.0000	0	0		slower ×1.03
rank_yes	floor	(set)	short-subject-search	plain	same program	pcrec_25b1984f_vm-caps-simdna	measured	pinned	4	ratio_vs_best	1.072448	112	1.0000	0	0		slower ×1.03
rank_yes	floor	(set)	short-subject-search	plain	same program	pcrec_d34c9131_auto-caps-simdna	measured	pinned	5	median_ns	2041.273962	112	1.0000	0	0		
rank_yes	floor	(set)	short-subject-search	plain	same program	pcrec_d34c9131_auto-caps-simdna	measured	pinned	5	min_ns	2033.524284	112	1.0000	0	0		
rank_yes	floor	(set)	short-subject-search	plain	same program	pcrec_d34c9131_auto-caps-simdna	measured	pinned	5	max_ns	2094.144520	112	1.0000	0	0		
rank_yes	floor	(set)	short-subject-search	plain	same program	pcrec_d34c9131_auto-caps-simdna	measured	pinned	5	stddev_ns	22.391810	112	1.0000	0	0		
rank_yes	floor	(set)	short-subject-search	plain	same program	pcrec_d34c9131_auto-caps-simdna	measured	pinned	5	ratio_vs_baseline	0.179686	112	1.0000	0	0		
rank_yes	floor	(set)	short-subject-search	plain	same program	pcrec_d34c9131_auto-caps-simdna	measured	pinned	5	ratio_vs_best	1.326779	112	1.0000	0	0		
rank_yes	floor	(set)	short-subject-search	plain	same program	pcrec_25b1984f_auto-caps-simdna	measured	pinned	6	median_ns	2049.135229	112	1.0000	0	0		unchanged (within spread)
rank_yes	floor	(set)	short-subject-search	plain	same program	pcrec_25b1984f_auto-caps-simdna	measured	pinned	6	min_ns	2045.498791	112	1.0000	0	0		unchanged (within spread)
rank_yes	floor	(set)	short-subject-search	plain	same program	pcrec_25b1984f_auto-caps-simdna	measured	pinned	6	max_ns	2058.340830	112	1.0000	0	0		unchanged (within spread)
rank_yes	floor	(set)	short-subject-search	plain	same program	pcrec_25b1984f_auto-caps-simdna	measured	pinned	6	stddev_ns	4.684026	112	1.0000	0	0		unchanged (within spread)
rank_yes	floor	(set)	short-subject-search	plain	same program	pcrec_25b1984f_auto-caps-simdna	measured	pinned	6	ratio_vs_baseline	0.180378	112	1.0000	0	0		unchanged (within spread)
rank_yes	floor	(set)	short-subject-search	plain	same program	pcrec_25b1984f_auto-caps-simdna	measured	pinned	6	ratio_vs_best	1.331888	112	1.0000	0	0		unchanged (within spread)
rank_yes	floor	(set)	short-subject-search	plain	same program	libpcre2_10.46_jit-caps-simdna	measured	pinned	7	median_ns	4976.571523	112	1.0000	0	0		
rank_yes	floor	(set)	short-subject-search	plain	same program	libpcre2_10.46_jit-caps-simdna	measured	pinned	7	min_ns	4915.868949	112	1.0000	0	0		
rank_yes	floor	(set)	short-subject-search	plain	same program	libpcre2_10.46_jit-caps-simdna	measured	pinned	7	max_ns	5683.164091	112	1.0000	0	0		
rank_yes	floor	(set)	short-subject-search	plain	same program	libpcre2_10.46_jit-caps-simdna	measured	pinned	7	stddev_ns	298.852714	112	1.0000	0	0		
rank_yes	floor	(set)	short-subject-search	plain	same program	libpcre2_10.46_jit-caps-simdna	measured	pinned	7	ratio_vs_baseline	0.438069	112	1.0000	0	0		
rank_yes	floor	(set)	short-subject-search	plain	same program	libpcre2_10.46_jit-caps-simdna	measured	pinned	7	ratio_vs_best	3.234651	112	1.0000	0	0		
rank_yes	floor	(set)	short-subject-search	plain	same program	libpcre2_10.46_interp-caps-simdna	measured	pinned	8	median_ns	11360.240484	112	1.0000	0	0		
rank_yes	floor	(set)	short-subject-search	plain	same program	libpcre2_10.46_interp-caps-simdna	measured	pinned	8	min_ns	10972.331570	112	1.0000	0	0		
rank_yes	floor	(set)	short-subject-search	plain	same program	libpcre2_10.46_interp-caps-simdna	measured	pinned	8	max_ns	11577.511339	112	1.0000	0	0		
rank_yes	floor	(set)	short-subject-search	plain	same program	libpcre2_10.46_interp-caps-simdna	measured	pinned	8	stddev_ns	226.064231	112	1.0000	0	0		
rank_yes	floor	(set)	short-subject-search	plain	same program	libpcre2_10.46_interp-caps-simdna	measured	pinned	8	ratio_vs_baseline	1.000000	112	1.0000	0	0		
rank_yes	floor	(set)	short-subject-search	plain	same program	libpcre2_10.46_interp-caps-simdna	measured	pinned	8	ratio_vs_best	7.383881	112	1.0000	0	0		
baseline_yes	hex32-id	(set)	large-subject-throughput			libpcre2_10.46_interp-caps-simdna				baseline_identity	interp					libpcre2_10.46_interp-caps-simdna (interp, present in this group)	
rank_yes	hex32-id	(set)	large-subject-throughput	plain	same program	pcrec_d34c9131_auto-caps-simdna	measured	pinned	1	median_ns	13074149.820896	12	1.0000	0	0		
rank_yes	hex32-id	(set)	large-subject-throughput	plain	same program	pcrec_d34c9131_auto-caps-simdna	measured	pinned	1	min_ns	12993598.134328	12	1.0000	0	0		
rank_yes	hex32-id	(set)	large-subject-throughput	plain	same program	pcrec_d34c9131_auto-caps-simdna	measured	pinned	1	max_ns	13185808.701493	12	1.0000	0	0		
rank_yes	hex32-id	(set)	large-subject-throughput	plain	same program	pcrec_d34c9131_auto-caps-simdna	measured	pinned	1	stddev_ns	83899.346039	12	1.0000	0	0		
rank_yes	hex32-id	(set)	large-subject-throughput	plain	same program	pcrec_d34c9131_auto-caps-simdna	measured	pinned	1	ratio_vs_baseline	0.134869	12	1.0000	0	0		
rank_yes	hex32-id	(set)	large-subject-throughput	plain	same program	pcrec_d34c9131_auto-caps-simdna	measured	pinned	1	ratio_vs_best	1.000000	12	1.0000	0	0		
rank_yes	hex32-id	(set)	large-subject-throughput	plain	same program	pcrec_25b1984f_auto-caps-simdna	measured	pinned	2	median_ns	13184129.723077	12	1.0000	0	0		unchanged (within spread)
rank_yes	hex32-id	(set)	large-subject-throughput	plain	same program	pcrec_25b1984f_auto-caps-simdna	measured	pinned	2	min_ns	13050222.861538	12	1.0000	0	0		unchanged (within spread)
rank_yes	hex32-id	(set)	large-subject-throughput	plain	same program	pcrec_25b1984f_auto-caps-simdna	measured	pinned	2	max_ns	13190380.523077	12	1.0000	0	0		unchanged (within spread)
rank_yes	hex32-id	(set)	large-subject-throughput	plain	same program	pcrec_25b1984f_auto-caps-simdna	measured	pinned	2	stddev_ns	54434.674443	12	1.0000	0	0		unchanged (within spread)
rank_yes	hex32-id	(set)	large-subject-throughput	plain	same program	pcrec_25b1984f_auto-caps-simdna	measured	pinned	2	ratio_vs_baseline	0.136003	12	1.0000	0	0		unchanged (within spread)
rank_yes	hex32-id	(set)	large-subject-throughput	plain	same program	pcrec_25b1984f_auto-caps-simdna	measured	pinned	2	ratio_vs_best	1.008412	12	1.0000	0	0		unchanged (within spread)
rank_yes	hex32-id	(set)	large-subject-throughput	plain	same program	libpcre2_10.46_jit-caps-simdna	measured	pinned	3	median_ns	15348645.754098	12	1.0000	0	0		
rank_yes	hex32-id	(set)	large-subject-throughput	plain	same program	libpcre2_10.46_jit-caps-simdna	measured	pinned	3	min_ns	15334063.393443	12	1.0000	0	0		
rank_yes	hex32-id	(set)	large-subject-throughput	plain	same program	libpcre2_10.46_jit-caps-simdna	measured	pinned	3	max_ns	15432218.081967	12	1.0000	0	0		
rank_yes	hex32-id	(set)	large-subject-throughput	plain	same program	libpcre2_10.46_jit-caps-simdna	measured	pinned	3	stddev_ns	36932.464816	12	1.0000	0	0		
rank_yes	hex32-id	(set)	large-subject-throughput	plain	same program	libpcre2_10.46_jit-caps-simdna	measured	pinned	3	ratio_vs_baseline	0.158332	12	1.0000	0	0		
rank_yes	hex32-id	(set)	large-subject-throughput	plain	same program	libpcre2_10.46_jit-caps-simdna	measured	pinned	3	ratio_vs_best	1.173969	12	1.0000	0	0		
rank_yes	hex32-id	(set)	large-subject-throughput	plain	same program	pcrec_25b1984f_vm-in-caps-simdna	measured	pinned	4	median_ns	20535890.395349	12	1.0000	0	0		faster ×1.54
rank_yes	hex32-id	(set)	large-subject-throughput	plain	same program	pcrec_25b1984f_vm-in-caps-simdna	measured	pinned	4	min_ns	20533953.860465	12	1.0000	0	0		faster ×1.54
rank_yes	hex32-id	(set)	large-subject-throughput	plain	same program	pcrec_25b1984f_vm-in-caps-simdna	measured	pinned	4	max_ns	20571319.162791	12	1.0000	0	0		faster ×1.54
rank_yes	hex32-id	(set)	large-subject-throughput	plain	same program	pcrec_25b1984f_vm-in-caps-simdna	measured	pinned	4	stddev_ns	14636.886375	12	1.0000	0	0		faster ×1.54
rank_yes	hex32-id	(set)	large-subject-throughput	plain	same program	pcrec_25b1984f_vm-in-caps-simdna	measured	pinned	4	ratio_vs_baseline	0.211842	12	1.0000	0	0		faster ×1.54
rank_yes	hex32-id	(set)	large-subject-throughput	plain	same program	pcrec_25b1984f_vm-in-caps-simdna	measured	pinned	4	ratio_vs_best	1.570725	12	1.0000	0	0		faster ×1.54
rank_yes	hex32-id	(set)	large-subject-throughput	plain	same program	pcrec_25b1984f_vm-caps-simdna	measured	pinned	5	median_ns	20554749.372093	12	1.0000	0	0		faster ×1.54
rank_yes	hex32-id	(set)	large-subject-throughput	plain	same program	pcrec_25b1984f_vm-caps-simdna	measured	pinned	5	min_ns	20524997.139535	12	1.0000	0	0		faster ×1.54
rank_yes	hex32-id	(set)	large-subject-throughput	plain	same program	pcrec_25b1984f_vm-caps-simdna	measured	pinned	5	max_ns	20572619.000000	12	1.0000	0	0		faster ×1.54
rank_yes	hex32-id	(set)	large-subject-throughput	plain	same program	pcrec_25b1984f_vm-caps-simdna	measured	pinned	5	stddev_ns	17225.344197	12	1.0000	0	0		faster ×1.54
rank_yes	hex32-id	(set)	large-subject-throughput	plain	same program	pcrec_25b1984f_vm-caps-simdna	measured	pinned	5	ratio_vs_baseline	0.212036	12	1.0000	0	0		faster ×1.54
rank_yes	hex32-id	(set)	large-subject-throughput	plain	same program	pcrec_25b1984f_vm-caps-simdna	measured	pinned	5	ratio_vs_best	1.572167	12	1.0000	0	0		faster ×1.54
rank_yes	hex32-id	(set)	large-subject-throughput	plain	same program	pcrec_1989c62_vm-in-caps-simdna	measured	pinned	6	median_ns	31538437.571429	12	1.0000	0	0		
rank_yes	hex32-id	(set)	large-subject-throughput	plain	same program	pcrec_1989c62_vm-in-caps-simdna	measured	pinned	6	min_ns	31454369.857143	12	1.0000	0	0		
rank_yes	hex32-id	(set)	large-subject-throughput	plain	same program	pcrec_1989c62_vm-in-caps-simdna	measured	pinned	6	max_ns	31800647.357143	12	1.0000	0	0		
rank_yes	hex32-id	(set)	large-subject-throughput	plain	same program	pcrec_1989c62_vm-in-caps-simdna	measured	pinned	6	stddev_ns	117346.978095	12	1.0000	0	0		
rank_yes	hex32-id	(set)	large-subject-throughput	plain	same program	pcrec_1989c62_vm-in-caps-simdna	measured	pinned	6	ratio_vs_baseline	0.325340	12	1.0000	0	0		
rank_yes	hex32-id	(set)	large-subject-throughput	plain	same program	pcrec_1989c62_vm-in-caps-simdna	measured	pinned	6	ratio_vs_best	2.412274	12	1.0000	0	0		
rank_yes	hex32-id	(set)	large-subject-throughput	plain	same program	pcrec_1989c62_vm-caps-simdna	measured	pinned	7	median_ns	31643691.423077	12	1.0000	0	0		
rank_yes	hex32-id	(set)	large-subject-throughput	plain	same program	pcrec_1989c62_vm-caps-simdna	measured	pinned	7	min_ns	31604169.653846	12	1.0000	0	0		
rank_yes	hex32-id	(set)	large-subject-throughput	plain	same program	pcrec_1989c62_vm-caps-simdna	measured	pinned	7	max_ns	31666271.961538	12	1.0000	0	0		
rank_yes	hex32-id	(set)	large-subject-throughput	plain	same program	pcrec_1989c62_vm-caps-simdna	measured	pinned	7	stddev_ns	20898.889500	12	1.0000	0	0		
rank_yes	hex32-id	(set)	large-subject-throughput	plain	same program	pcrec_1989c62_vm-caps-simdna	measured	pinned	7	ratio_vs_baseline	0.326426	12	1.0000	0	0		
rank_yes	hex32-id	(set)	large-subject-throughput	plain	same program	pcrec_1989c62_vm-caps-simdna	measured	pinned	7	ratio_vs_best	2.420325	12	1.0000	0	0		
rank_yes	hex32-id	(set)	large-subject-throughput	plain	same program	libpcre2_10.46_interp-caps-simdna	measured	pinned	8	median_ns	96939827.888889	12	1.0000	0	0		
rank_yes	hex32-id	(set)	large-subject-throughput	plain	same program	libpcre2_10.46_interp-caps-simdna	measured	pinned	8	min_ns	96766693.444444	12	1.0000	0	0		
rank_yes	hex32-id	(set)	large-subject-throughput	plain	same program	libpcre2_10.46_interp-caps-simdna	measured	pinned	8	max_ns	97026123.666667	12	1.0000	0	0		
rank_yes	hex32-id	(set)	large-subject-throughput	plain	same program	libpcre2_10.46_interp-caps-simdna	measured	pinned	8	stddev_ns	84787.911678	12	1.0000	0	0		
rank_yes	hex32-id	(set)	large-subject-throughput	plain	same program	libpcre2_10.46_interp-caps-simdna	measured	pinned	8	ratio_vs_baseline	1.000000	12	1.0000	0	0		
rank_yes	hex32-id	(set)	large-subject-throughput	plain	same program	libpcre2_10.46_interp-caps-simdna	measured	pinned	8	ratio_vs_best	7.414618	12	1.0000	0	0		
baseline_yes	hex32-id	(set)	short-subject-search			libpcre2_10.46_interp-caps-simdna				baseline_identity	interp					libpcre2_10.46_interp-caps-simdna (interp, present in this group)	
rank_yes	hex32-id	(set)	short-subject-search	plain	same program	pcrec_d34c9131_auto-caps-simdna	measured	pinned	1	median_ns	432343.149886	112	1.0000	0	0		
rank_yes	hex32-id	(set)	short-subject-search	plain	same program	pcrec_d34c9131_auto-caps-simdna	measured	pinned	1	min_ns	430334.835250	112	1.0000	0	0		
rank_yes	hex32-id	(set)	short-subject-search	plain	same program	pcrec_d34c9131_auto-caps-simdna	measured	pinned	1	max_ns	435903.019855	112	1.0000	0	0		
rank_yes	hex32-id	(set)	short-subject-search	plain	same program	pcrec_d34c9131_auto-caps-simdna	measured	pinned	1	stddev_ns	2205.207796	112	1.0000	0	0		
rank_yes	hex32-id	(set)	short-subject-search	plain	same program	pcrec_d34c9131_auto-caps-simdna	measured	pinned	1	ratio_vs_baseline	0.118092	112	1.0000	0	0		
rank_yes	hex32-id	(set)	short-subject-search	plain	same program	pcrec_d34c9131_auto-caps-simdna	measured	pinned	1	ratio_vs_best	1.000000	112	1.0000	0	0		
rank_yes	hex32-id	(set)	short-subject-search	plain	same program	pcrec_25b1984f_auto-caps-simdna	measured	pinned	2	median_ns	436258.158693	112	1.0000	0	0		unchanged (within spread)
rank_yes	hex32-id	(set)	short-subject-search	plain	same program	pcrec_25b1984f_auto-caps-simdna	measured	pinned	2	min_ns	429219.987972	112	1.0000	0	0		unchanged (within spread)
rank_yes	hex32-id	(set)	short-subject-search	plain	same program	pcrec_25b1984f_auto-caps-simdna	measured	pinned	2	max_ns	438515.600314	112	1.0000	0	0		unchanged (within spread)
rank_yes	hex32-id	(set)	short-subject-search	plain	same program	pcrec_25b1984f_auto-caps-simdna	measured	pinned	2	stddev_ns	3179.089017	112	1.0000	0	0		unchanged (within spread)
rank_yes	hex32-id	(set)	short-subject-search	plain	same program	pcrec_25b1984f_auto-caps-simdna	measured	pinned	2	ratio_vs_baseline	0.119161	112	1.0000	0	0		unchanged (within spread)
rank_yes	hex32-id	(set)	short-subject-search	plain	same program	pcrec_25b1984f_auto-caps-simdna	measured	pinned	2	ratio_vs_best	1.009055	112	1.0000	0	0		unchanged (within spread)
rank_yes	hex32-id	(set)	short-subject-search	plain	same program	libpcre2_10.46_jit-caps-simdna	measured	pinned	3	median_ns	489992.192118	112	1.0000	0	0		
rank_yes	hex32-id	(set)	short-subject-search	plain	same program	libpcre2_10.46_jit-caps-simdna	measured	pinned	3	min_ns	488298.584516	112	1.0000	0	0		
rank_yes	hex32-id	(set)	short-subject-search	plain	same program	libpcre2_10.46_jit-caps-simdna	measured	pinned	3	max_ns	490250.128038	112	1.0000	0	0		
rank_yes	hex32-id	(set)	short-subject-search	plain	same program	libpcre2_10.46_jit-caps-simdna	measured	pinned	3	stddev_ns	702.848945	112	1.0000	0	0		
rank_yes	hex32-id	(set)	short-subject-search	plain	same program	libpcre2_10.46_jit-caps-simdna	measured	pinned	3	ratio_vs_baseline	0.133838	112	1.0000	0	0		
rank_yes	hex32-id	(set)	short-subject-search	plain	same program	libpcre2_10.46_jit-caps-simdna	measured	pinned	3	ratio_vs_best	1.133341	112	1.0000	0	0		
rank_yes	hex32-id	(set)	short-subject-search	plain	same program	pcrec_25b1984f_vm-caps-simdna	measured	pinned	4	median_ns	756163.570790	112	1.0000	0	0		faster ×1.56
rank_yes	hex32-id	(set)	short-subject-search	plain	same program	pcrec_25b1984f_vm-caps-simdna	measured	pinned	4	min_ns	754892.139010	112	1.0000	0	0		faster ×1.56
rank_yes	hex32-id	(set)	short-subject-search	plain	same program	pcrec_25b1984f_vm-caps-simdna	measured	pinned	4	max_ns	757020.348620	112	1.0000	0	0		faster ×1.56
rank_yes	hex32-id	(set)	short-subject-search	plain	same program	pcrec_25b1984f_vm-caps-simdna	measured	pinned	4	stddev_ns	835.562695	112	1.0000	0	0		faster ×1.56
rank_yes	hex32-id	(set)	short-subject-search	plain	same program	pcrec_25b1984f_vm-caps-simdna	measured	pinned	4	ratio_vs_baseline	0.206541	112	1.0000	0	0		faster ×1.56
rank_yes	hex32-id	(set)	short-subject-search	plain	same program	pcrec_25b1984f_vm-caps-simdna	measured	pinned	4	ratio_vs_best	1.748989	112	1.0000	0	0		faster ×1.56
rank_yes	hex32-id	(set)	short-subject-search	plain	same program	pcrec_25b1984f_vm-in-caps-simdna	measured	pinned	5	median_ns	756369.892490	112	1.0000	0	0		faster ×1.57
rank_yes	hex32-id	(set)	short-subject-search	plain	same program	pcrec_25b1984f_vm-in-caps-simdna	measured	pinned	5	min_ns	753930.862452	112	1.0000	0	0		faster ×1.57
rank_yes	hex32-id	(set)	short-subject-search	plain	same program	pcrec_25b1984f_vm-in-caps-simdna	measured	pinned	5	max_ns	758019.668156	112	1.0000	0	0		faster ×1.57
rank_yes	hex32-id	(set)	short-subject-search	plain	same program	pcrec_25b1984f_vm-in-caps-simdna	measured	pinned	5	stddev_ns	1496.610942	112	1.0000	0	0		faster ×1.57
rank_yes	hex32-id	(set)	short-subject-search	plain	same program	pcrec_25b1984f_vm-in-caps-simdna	measured	pinned	5	ratio_vs_baseline	0.206598	112	1.0000	0	0		faster ×1.57
rank_yes	hex32-id	(set)	short-subject-search	plain	same program	pcrec_25b1984f_vm-in-caps-simdna	measured	pinned	5	ratio_vs_best	1.749467	112	1.0000	0	0		faster ×1.57
rank_yes	hex32-id	(set)	short-subject-search	plain	same program	pcrec_1989c62_vm-caps-simdna	measured	pinned	6	median_ns	1178009.267979	112	1.0000	0	0		
rank_yes	hex32-id	(set)	short-subject-search	plain	same program	pcrec_1989c62_vm-caps-simdna	measured	pinned	6	min_ns	1171386.945694	112	1.0000	0	0		
rank_yes	hex32-id	(set)	short-subject-search	plain	same program	pcrec_1989c62_vm-caps-simdna	measured	pinned	6	max_ns	1182260.375703	112	1.0000	0	0		
rank_yes	hex32-id	(set)	short-subject-search	plain	same program	pcrec_1989c62_vm-caps-simdna	measured	pinned	6	stddev_ns	4086.847082	112	1.0000	0	0		
rank_yes	hex32-id	(set)	short-subject-search	plain	same program	pcrec_1989c62_vm-caps-simdna	measured	pinned	6	ratio_vs_baseline	0.321766	112	1.0000	0	0		
rank_yes	hex32-id	(set)	short-subject-search	plain	same program	pcrec_1989c62_vm-caps-simdna	measured	pinned	6	ratio_vs_best	2.724709	112	1.0000	0	0		
rank_yes	hex32-id	(set)	short-subject-search	plain	same program	pcrec_1989c62_vm-in-caps-simdna	measured	pinned	7	median_ns	1185341.504298	112	1.0000	0	0		
rank_yes	hex32-id	(set)	short-subject-search	plain	same program	pcrec_1989c62_vm-in-caps-simdna	measured	pinned	7	min_ns	1170870.016301	112	1.0000	0	0		
rank_yes	hex32-id	(set)	short-subject-search	plain	same program	pcrec_1989c62_vm-in-caps-simdna	measured	pinned	7	max_ns	1191896.460581	112	1.0000	0	0		
rank_yes	hex32-id	(set)	short-subject-search	plain	same program	pcrec_1989c62_vm-in-caps-simdna	measured	pinned	7	stddev_ns	8237.013493	112	1.0000	0	0		
rank_yes	hex32-id	(set)	short-subject-search	plain	same program	pcrec_1989c62_vm-in-caps-simdna	measured	pinned	7	ratio_vs_baseline	0.323769	112	1.0000	0	0		
rank_yes	hex32-id	(set)	short-subject-search	plain	same program	pcrec_1989c62_vm-in-caps-simdna	measured	pinned	7	ratio_vs_best	2.741668	112	1.0000	0	0		
rank_yes	hex32-id	(set)	short-subject-search	plain	same program	libpcre2_10.46_interp-caps-simdna	measured	pinned	8	median_ns	3661076.024679	112	1.0000	0	0		
rank_yes	hex32-id	(set)	short-subject-search	plain	same program	libpcre2_10.46_interp-caps-simdna	measured	pinned	8	min_ns	3660252.510365	112	1.0000	0	0		
rank_yes	hex32-id	(set)	short-subject-search	plain	same program	libpcre2_10.46_interp-caps-simdna	measured	pinned	8	max_ns	3666490.601185	112	1.0000	0	0		
rank_yes	hex32-id	(set)	short-subject-search	plain	same program	libpcre2_10.46_interp-caps-simdna	measured	pinned	8	stddev_ns	2467.892045	112	1.0000	0	0		
rank_yes	hex32-id	(set)	short-subject-search	plain	same program	libpcre2_10.46_interp-caps-simdna	measured	pinned	8	ratio_vs_baseline	1.000000	112	1.0000	0	0		
rank_yes	hex32-id	(set)	short-subject-search	plain	same program	libpcre2_10.46_interp-caps-simdna	measured	pinned	8	ratio_vs_best	8.467987	112	1.0000	0	0		
baseline_yes	http-5xx	(set)	large-subject-throughput			libpcre2_10.46_interp-caps-simdna				baseline_identity	interp					libpcre2_10.46_interp-caps-simdna (interp, present in this group)	
rank_yes	http-5xx	(set)	large-subject-throughput	plain	same program	pcrec_25b1984f_auto-caps-simdna	measured	pinned	1	median_ns	251842.621727	12	1.0000	0	0		faster ×1.00
rank_yes	http-5xx	(set)	large-subject-throughput	plain	same program	pcrec_25b1984f_auto-caps-simdna	measured	pinned	1	min_ns	251219.590529	12	1.0000	0	0		faster ×1.00
rank_yes	http-5xx	(set)	large-subject-throughput	plain	same program	pcrec_25b1984f_auto-caps-simdna	measured	pinned	1	max_ns	252338.607242	12	1.0000	0	0		faster ×1.00
rank_yes	http-5xx	(set)	large-subject-throughput	plain	same program	pcrec_25b1984f_auto-caps-simdna	measured	pinned	1	stddev_ns	357.206811	12	1.0000	0	0		faster ×1.00
rank_yes	http-5xx	(set)	large-subject-throughput	plain	same program	pcrec_25b1984f_auto-caps-simdna	measured	pinned	1	ratio_vs_baseline	0.130688	12	1.0000	0	0		faster ×1.00
rank_yes	http-5xx	(set)	large-subject-throughput	plain	same program	pcrec_25b1984f_auto-caps-simdna	measured	pinned	1	ratio_vs_best	1.000000	12	1.0000	0	0		faster ×1.00
rank_yes	http-5xx	(set)	large-subject-throughput	plain	same program	pcrec_d34c9131_auto-caps-simdna	measured	pinned	2	median_ns	252970.236121	12	1.0000	0	0		
rank_yes	http-5xx	(set)	large-subject-throughput	plain	same program	pcrec_d34c9131_auto-caps-simdna	measured	pinned	2	min_ns	252588.365285	12	1.0000	0	0		
rank_yes	http-5xx	(set)	large-subject-throughput	plain	same program	pcrec_d34c9131_auto-caps-simdna	measured	pinned	2	max_ns	253754.504441	12	1.0000	0	0		
rank_yes	http-5xx	(set)	large-subject-throughput	plain	same program	pcrec_d34c9131_auto-caps-simdna	measured	pinned	2	stddev_ns	381.548822	12	1.0000	0	0		
rank_yes	http-5xx	(set)	large-subject-throughput	plain	same program	pcrec_d34c9131_auto-caps-simdna	measured	pinned	2	ratio_vs_baseline	0.131273	12	1.0000	0	0		
rank_yes	http-5xx	(set)	large-subject-throughput	plain	same program	pcrec_d34c9131_auto-caps-simdna	measured	pinned	2	ratio_vs_best	1.004477	12	1.0000	0	0		
rank_yes	http-5xx	(set)	large-subject-throughput	plain	same program	libpcre2_10.46_interp-caps-simdna	measured	pinned	3	median_ns	1927055.766540	12	1.0000	0	0		
rank_yes	http-5xx	(set)	large-subject-throughput	plain	same program	libpcre2_10.46_interp-caps-simdna	measured	pinned	3	min_ns	1921526.198479	12	1.0000	0	0		
rank_yes	http-5xx	(set)	large-subject-throughput	plain	same program	libpcre2_10.46_interp-caps-simdna	measured	pinned	3	max_ns	1932635.456274	12	1.0000	0	0		
rank_yes	http-5xx	(set)	large-subject-throughput	plain	same program	libpcre2_10.46_interp-caps-simdna	measured	pinned	3	stddev_ns	3553.829458	12	1.0000	0	0		
rank_yes	http-5xx	(set)	large-subject-throughput	plain	same program	libpcre2_10.46_interp-caps-simdna	measured	pinned	3	ratio_vs_baseline	1.000000	12	1.0000	0	0		
rank_yes	http-5xx	(set)	large-subject-throughput	plain	same program	libpcre2_10.46_interp-caps-simdna	measured	pinned	3	ratio_vs_best	7.651825	12	1.0000	0	0		
rank_yes	http-5xx	(set)	large-subject-throughput	plain	same program	libpcre2_10.46_jit-caps-simdna	measured	pinned	4	median_ns	3206078.204918	12	1.0000	0	0		
rank_yes	http-5xx	(set)	large-subject-throughput	plain	same program	libpcre2_10.46_jit-caps-simdna	measured	pinned	4	min_ns	3204454.750000	12	1.0000	0	0		
rank_yes	http-5xx	(set)	large-subject-throughput	plain	same program	libpcre2_10.46_jit-caps-simdna	measured	pinned	4	max_ns	3211566.147541	12	1.0000	0	0		
rank_yes	http-5xx	(set)	large-subject-throughput	plain	same program	libpcre2_10.46_jit-caps-simdna	measured	pinned	4	stddev_ns	2774.860349	12	1.0000	0	0		
rank_yes	http-5xx	(set)	large-subject-throughput	plain	same program	libpcre2_10.46_jit-caps-simdna	measured	pinned	4	ratio_vs_baseline	1.663718	12	1.0000	0	0		
rank_yes	http-5xx	(set)	large-subject-throughput	plain	same program	libpcre2_10.46_jit-caps-simdna	measured	pinned	4	ratio_vs_best	12.730483	12	1.0000	0	0		
rank_yes	http-5xx	(set)	large-subject-throughput	plain	same program	pcrec_25b1984f_vm-caps-simdna	measured	pinned	5	median_ns	10052080.597561	12	1.0000	0	0		faster ×1.32
rank_yes	http-5xx	(set)	large-subject-throughput	plain	same program	pcrec_25b1984f_vm-caps-simdna	measured	pinned	5	min_ns	9110678.487805	12	1.0000	0	0		faster ×1.32
rank_yes	http-5xx	(set)	large-subject-throughput	plain	same program	pcrec_25b1984f_vm-caps-simdna	measured	pinned	5	max_ns	10053381.585366	12	1.0000	0	0		faster ×1.32
rank_yes	http-5xx	(set)	large-subject-throughput	plain	same program	pcrec_25b1984f_vm-caps-simdna	measured	pinned	5	stddev_ns	375999.180499	12	1.0000	0	0		faster ×1.32
rank_yes	http-5xx	(set)	large-subject-throughput	plain	same program	pcrec_25b1984f_vm-caps-simdna	measured	pinned	5	ratio_vs_baseline	5.216289	12	1.0000	0	0		faster ×1.32
rank_yes	http-5xx	(set)	large-subject-throughput	plain	same program	pcrec_25b1984f_vm-caps-simdna	measured	pinned	5	ratio_vs_best	39.914136	12	1.0000	0	0		faster ×1.32
rank_yes	http-5xx	(set)	large-subject-throughput	plain	same program	pcrec_25b1984f_vm-in-caps-simdna	measured	pinned	6	median_ns	10054914.666667	12	1.0000	0	0		faster ×1.31
rank_yes	http-5xx	(set)	large-subject-throughput	plain	same program	pcrec_25b1984f_vm-in-caps-simdna	measured	pinned	6	min_ns	10046959.555556	12	1.0000	0	0		faster ×1.31
rank_yes	http-5xx	(set)	large-subject-throughput	plain	same program	pcrec_25b1984f_vm-in-caps-simdna	measured	pinned	6	max_ns	10055434.283951	12	1.0000	0	0		faster ×1.31
rank_yes	http-5xx	(set)	large-subject-throughput	plain	same program	pcrec_25b1984f_vm-in-caps-simdna	measured	pinned	6	stddev_ns	3284.131232	12	1.0000	0	0		faster ×1.31
rank_yes	http-5xx	(set)	large-subject-throughput	plain	same program	pcrec_25b1984f_vm-in-caps-simdna	measured	pinned	6	ratio_vs_baseline	5.217760	12	1.0000	0	0		faster ×1.31
rank_yes	http-5xx	(set)	large-subject-throughput	plain	same program	pcrec_25b1984f_vm-in-caps-simdna	measured	pinned	6	ratio_vs_best	39.925389	12	1.0000	0	0		faster ×1.31
rank_yes	http-5xx	(set)	large-subject-throughput	plain	same program	pcrec_1989c62_vm-in-caps-simdna	measured	pinned	7	median_ns	13220287.580645	12	1.0000	0	0		
rank_yes	http-5xx	(set)	large-subject-throughput	plain	same program	pcrec_1989c62_vm-in-caps-simdna	measured	pinned	7	min_ns	13210140.258065	12	1.0000	0	0		
rank_yes	http-5xx	(set)	large-subject-throughput	plain	same program	pcrec_1989c62_vm-in-caps-simdna	measured	pinned	7	max_ns	13225873.419355	12	1.0000	0	0		
rank_yes	http-5xx	(set)	large-subject-throughput	plain	same program	pcrec_1989c62_vm-in-caps-simdna	measured	pinned	7	stddev_ns	5478.699374	12	1.0000	0	0		
rank_yes	http-5xx	(set)	large-subject-throughput	plain	same program	pcrec_1989c62_vm-in-caps-simdna	measured	pinned	7	ratio_vs_baseline	6.860355	12	1.0000	0	0		
rank_yes	http-5xx	(set)	large-subject-throughput	plain	same program	pcrec_1989c62_vm-in-caps-simdna	measured	pinned	7	ratio_vs_best	52.494242	12	1.0000	0	0		
rank_yes	http-5xx	(set)	large-subject-throughput	plain	same program	pcrec_1989c62_vm-caps-simdna	measured	pinned	8	median_ns	13233761.338710	12	1.0000	0	0		
rank_yes	http-5xx	(set)	large-subject-throughput	plain	same program	pcrec_1989c62_vm-caps-simdna	measured	pinned	8	min_ns	13223112.451613	12	1.0000	0	0		
rank_yes	http-5xx	(set)	large-subject-throughput	plain	same program	pcrec_1989c62_vm-caps-simdna	measured	pinned	8	max_ns	13351967.548387	12	1.0000	0	0		
rank_yes	http-5xx	(set)	large-subject-throughput	plain	same program	pcrec_1989c62_vm-caps-simdna	measured	pinned	8	stddev_ns	48195.052119	12	1.0000	0	0		
rank_yes	http-5xx	(set)	large-subject-throughput	plain	same program	pcrec_1989c62_vm-caps-simdna	measured	pinned	8	ratio_vs_baseline	6.867347	12	1.0000	0	0		
rank_yes	http-5xx	(set)	large-subject-throughput	plain	same program	pcrec_1989c62_vm-caps-simdna	measured	pinned	8	ratio_vs_best	52.547743	12	1.0000	0	0		
baseline_yes	http-5xx	(set)	short-subject-search			libpcre2_10.46_interp-caps-simdna				baseline_identity	interp					libpcre2_10.46_interp-caps-simdna (interp, present in this group)	
rank_yes	http-5xx	(set)	short-subject-search	plain	same program	pcrec_25b1984f_auto-caps-simdna	measured	pinned	1	median_ns	6786.085224	112	1.0000	0	0		faster ×1.06
rank_yes	http-5xx	(set)	short-subject-search	plain	same program	pcrec_25b1984f_auto-caps-simdna	measured	pinned	1	min_ns	6742.879662	112	1.0000	0	0		faster ×1.06
rank_yes	http-5xx	(set)	short-subject-search	plain	same program	pcrec_25b1984f_auto-caps-simdna	measured	pinned	1	max_ns	6800.045101	112	1.0000	0	0		faster ×1.06
rank_yes	http-5xx	(set)	short-subject-search	plain	same program	pcrec_25b1984f_auto-caps-simdna	measured	pinned	1	stddev_ns	20.759859	112	1.0000	0	0		faster ×1.06
rank_yes	http-5xx	(set)	short-subject-search	plain	same program	pcrec_25b1984f_auto-caps-simdna	measured	pinned	1	ratio_vs_baseline	0.120109	112	1.0000	0	0		faster ×1.06
rank_yes	http-5xx	(set)	short-subject-search	plain	same program	pcrec_25b1984f_auto-caps-simdna	measured	pinned	1	ratio_vs_best	1.000000	112	1.0000	0	0		faster ×1.06
rank_yes	http-5xx	(set)	short-subject-search	plain	same program	pcrec_d34c9131_auto-caps-simdna	measured	pinned	2	median_ns	7183.500394	112	1.0000	0	0		
rank_yes	http-5xx	(set)	short-subject-search	plain	same program	pcrec_d34c9131_auto-caps-simdna	measured	pinned	2	min_ns	7167.713921	112	1.0000	0	0		
rank_yes	http-5xx	(set)	short-subject-search	plain	same program	pcrec_d34c9131_auto-caps-simdna	measured	pinned	2	max_ns	7213.596740	112	1.0000	0	0		
rank_yes	http-5xx	(set)	short-subject-search	plain	same program	pcrec_d34c9131_auto-caps-simdna	measured	pinned	2	stddev_ns	15.132507	112	1.0000	0	0		
rank_yes	http-5xx	(set)	short-subject-search	plain	same program	pcrec_d34c9131_auto-caps-simdna	measured	pinned	2	ratio_vs_baseline	0.127143	112	1.0000	0	0		
rank_yes	http-5xx	(set)	short-subject-search	plain	same program	pcrec_d34c9131_auto-caps-simdna	measured	pinned	2	ratio_vs_best	1.058563	112	1.0000	0	0		
rank_yes	http-5xx	(set)	short-subject-search	plain	same program	libpcre2_10.46_interp-caps-simdna	measured	pinned	3	median_ns	56499.295491	112	1.0000	0	0		
rank_yes	http-5xx	(set)	short-subject-search	plain	same program	libpcre2_10.46_interp-caps-simdna	measured	pinned	3	min_ns	56465.267022	112	1.0000	0	0		
rank_yes	http-5xx	(set)	short-subject-search	plain	same program	libpcre2_10.46_interp-caps-simdna	measured	pinned	3	max_ns	56727.266729	112	1.0000	0	0		
rank_yes	http-5xx	(set)	short-subject-search	plain	same program	libpcre2_10.46_interp-caps-simdna	measured	pinned	3	stddev_ns	103.961817	112	1.0000	0	0		
rank_yes	http-5xx	(set)	short-subject-search	plain	same program	libpcre2_10.46_interp-caps-simdna	measured	pinned	3	ratio_vs_baseline	1.000000	112	1.0000	0	0		
rank_yes	http-5xx	(set)	short-subject-search	plain	same program	libpcre2_10.46_interp-caps-simdna	measured	pinned	3	ratio_vs_best	8.325757	112	1.0000	0	0		
rank_yes	http-5xx	(set)	short-subject-search	plain	same program	libpcre2_10.46_jit-caps-simdna	measured	pinned	4	median_ns	104817.480752	112	1.0000	0	0		
rank_yes	http-5xx	(set)	short-subject-search	plain	same program	libpcre2_10.46_jit-caps-simdna	measured	pinned	4	min_ns	104787.649134	112	1.0000	0	0		
rank_yes	http-5xx	(set)	short-subject-search	plain	same program	libpcre2_10.46_jit-caps-simdna	measured	pinned	4	max_ns	105287.129098	112	1.0000	0	0		
rank_yes	http-5xx	(set)	short-subject-search	plain	same program	libpcre2_10.46_jit-caps-simdna	measured	pinned	4	stddev_ns	186.669983	112	1.0000	0	0		
rank_yes	http-5xx	(set)	short-subject-search	plain	same program	libpcre2_10.46_jit-caps-simdna	measured	pinned	4	ratio_vs_baseline	1.855200	112	1.0000	0	0		
rank_yes	http-5xx	(set)	short-subject-search	plain	same program	libpcre2_10.46_jit-caps-simdna	measured	pinned	4	ratio_vs_best	15.445942	112	1.0000	0	0		
rank_yes	http-5xx	(set)	short-subject-search	plain	same program	pcrec_25b1984f_vm-in-caps-simdna	measured	pinned	5	median_ns	326385.762297	112	1.0000	0	0		faster ×1.54
rank_yes	http-5xx	(set)	short-subject-search	plain	same program	pcrec_25b1984f_vm-in-caps-simdna	measured	pinned	5	min_ns	316364.969433	112	1.0000	0	0		faster ×1.54
rank_yes	http-5xx	(set)	short-subject-search	plain	same program	pcrec_25b1984f_vm-in-caps-simdna	measured	pinned	5	max_ns	379004.667259	112	1.0000	0	0		faster ×1.54
rank_yes	http-5xx	(set)	short-subject-search	plain	same program	pcrec_25b1984f_vm-in-caps-simdna	measured	pinned	5	stddev_ns	23109.759437	112	1.0000	0	0		faster ×1.54
rank_yes	http-5xx	(set)	short-subject-search	plain	same program	pcrec_25b1984f_vm-in-caps-simdna	measured	pinned	5	ratio_vs_baseline	5.776811	112	1.0000	0	0		faster ×1.54
rank_yes	http-5xx	(set)	short-subject-search	plain	same program	pcrec_25b1984f_vm-in-caps-simdna	measured	pinned	5	ratio_vs_best	48.096325	112	1.0000	0	0		faster ×1.54
rank_yes	http-5xx	(set)	short-subject-search	plain	same program	pcrec_25b1984f_vm-caps-simdna	measured	pinned	6	median_ns	358184.402677	112	1.0000	0	0		faster ×1.40
rank_yes	http-5xx	(set)	short-subject-search	plain	same program	pcrec_25b1984f_vm-caps-simdna	measured	pinned	6	min_ns	315808.020776	112	1.0000	0	0		faster ×1.40
rank_yes	http-5xx	(set)	short-subject-search	plain	same program	pcrec_25b1984f_vm-caps-simdna	measured	pinned	6	max_ns	377308.116184	112	1.0000	0	0		faster ×1.40
rank_yes	http-5xx	(set)	short-subject-search	plain	same program	pcrec_25b1984f_vm-caps-simdna	measured	pinned	6	stddev_ns	22189.799323	112	1.0000	0	0		faster ×1.40
rank_yes	http-5xx	(set)	short-subject-search	plain	same program	pcrec_25b1984f_vm-caps-simdna	measured	pinned	6	ratio_vs_baseline	6.339626	112	1.0000	0	0		faster ×1.40
rank_yes	http-5xx	(set)	short-subject-search	plain	same program	pcrec_25b1984f_vm-caps-simdna	measured	pinned	6	ratio_vs_best	52.782185	112	1.0000	0	0		faster ×1.40
rank_yes	http-5xx	(set)	short-subject-search	plain	same program	pcrec_1989c62_vm-in-caps-simdna	measured	pinned	7	median_ns	502326.064967	112	1.0000	0	0		
rank_yes	http-5xx	(set)	short-subject-search	plain	same program	pcrec_1989c62_vm-in-caps-simdna	measured	pinned	7	min_ns	501946.513806	112	1.0000	0	0		
rank_yes	http-5xx	(set)	short-subject-search	plain	same program	pcrec_1989c62_vm-in-caps-simdna	measured	pinned	7	max_ns	502765.542193	112	1.0000	0	0		
rank_yes	http-5xx	(set)	short-subject-search	plain	same program	pcrec_1989c62_vm-in-caps-simdna	measured	pinned	7	stddev_ns	287.069690	112	1.0000	0	0		
rank_yes	http-5xx	(set)	short-subject-search	plain	same program	pcrec_1989c62_vm-in-caps-simdna	measured	pinned	7	ratio_vs_baseline	8.890838	112	1.0000	0	0		
rank_yes	http-5xx	(set)	short-subject-search	plain	same program	pcrec_1989c62_vm-in-caps-simdna	measured	pinned	7	ratio_vs_best	74.022953	112	1.0000	0	0		
rank_yes	http-5xx	(set)	short-subject-search	plain	same program	pcrec_1989c62_vm-caps-simdna	measured	pinned	8	median_ns	502431.565566	112	1.0000	0	0		
rank_yes	http-5xx	(set)	short-subject-search	plain	same program	pcrec_1989c62_vm-caps-simdna	measured	pinned	8	min_ns	501694.945661	112	1.0000	0	0		
rank_yes	http-5xx	(set)	short-subject-search	plain	same program	pcrec_1989c62_vm-caps-simdna	measured	pinned	8	max_ns	502987.031745	112	1.0000	0	0		
rank_yes	http-5xx	(set)	short-subject-search	plain	same program	pcrec_1989c62_vm-caps-simdna	measured	pinned	8	stddev_ns	453.679470	112	1.0000	0	0		
rank_yes	http-5xx	(set)	short-subject-search	plain	same program	pcrec_1989c62_vm-caps-simdna	measured	pinned	8	ratio_vs_baseline	8.892705	112	1.0000	0	0		
rank_yes	http-5xx	(set)	short-subject-search	plain	same program	pcrec_1989c62_vm-caps-simdna	measured	pinned	8	ratio_vs_best	74.038499	112	1.0000	0	0		
baseline_yes	ipv4	(set)	large-subject-throughput			libpcre2_10.46_interp-caps-simdna				baseline_identity	interp					libpcre2_10.46_interp-caps-simdna (interp, present in this group)	
rank_yes	ipv4	(set)	large-subject-throughput	plain	same program	pcrec_d34c9131_auto-caps-simdna	measured	pinned	1	median_ns	6905129.527778	12	1.0000	0	0		
rank_yes	ipv4	(set)	large-subject-throughput	plain	same program	pcrec_d34c9131_auto-caps-simdna	measured	pinned	1	min_ns	6875753.854167	12	1.0000	0	0		
rank_yes	ipv4	(set)	large-subject-throughput	plain	same program	pcrec_d34c9131_auto-caps-simdna	measured	pinned	1	max_ns	6920525.388889	12	1.0000	0	0		
rank_yes	ipv4	(set)	large-subject-throughput	plain	same program	pcrec_d34c9131_auto-caps-simdna	measured	pinned	1	stddev_ns	16605.609997	12	1.0000	0	0		
rank_yes	ipv4	(set)	large-subject-throughput	plain	same program	pcrec_d34c9131_auto-caps-simdna	measured	pinned	1	ratio_vs_baseline	0.034696	12	1.0000	0	0		
rank_yes	ipv4	(set)	large-subject-throughput	plain	same program	pcrec_d34c9131_auto-caps-simdna	measured	pinned	1	ratio_vs_best	1.000000	12	1.0000	0	0		
rank_yes	ipv4	(set)	large-subject-throughput	plain	same program	pcrec_25b1984f_auto-caps-simdna	measured	pinned	2	median_ns	6910531.478571	12	1.0000	0	0		unchanged (within spread)
rank_yes	ipv4	(set)	large-subject-throughput	plain	same program	pcrec_25b1984f_auto-caps-simdna	measured	pinned	2	min_ns	6906336.242857	12	1.0000	0	0		unchanged (within spread)
rank_yes	ipv4	(set)	large-subject-throughput	plain	same program	pcrec_25b1984f_auto-caps-simdna	measured	pinned	2	max_ns	6914290.421429	12	1.0000	0	0		unchanged (within spread)
rank_yes	ipv4	(set)	large-subject-throughput	plain	same program	pcrec_25b1984f_auto-caps-simdna	measured	pinned	2	stddev_ns	2777.700026	12	1.0000	0	0		unchanged (within spread)
rank_yes	ipv4	(set)	large-subject-throughput	plain	same program	pcrec_25b1984f_auto-caps-simdna	measured	pinned	2	ratio_vs_baseline	0.034723	12	1.0000	0	0		unchanged (within spread)
rank_yes	ipv4	(set)	large-subject-throughput	plain	same program	pcrec_25b1984f_auto-caps-simdna	measured	pinned	2	ratio_vs_best	1.000782	12	1.0000	0	0		unchanged (within spread)
rank_yes	ipv4	(set)	large-subject-throughput	plain	same program	libpcre2_10.46_jit-caps-simdna	measured	pinned	3	median_ns	21666092.418605	12	1.0000	0	0		
rank_yes	ipv4	(set)	large-subject-throughput	plain	same program	libpcre2_10.46_jit-caps-simdna	measured	pinned	3	min_ns	21658620.720930	12	1.0000	0	0		
rank_yes	ipv4	(set)	large-subject-throughput	plain	same program	libpcre2_10.46_jit-caps-simdna	measured	pinned	3	max_ns	21748907.790698	12	1.0000	0	0		
rank_yes	ipv4	(set)	large-subject-throughput	plain	same program	libpcre2_10.46_jit-caps-simdna	measured	pinned	3	stddev_ns	33270.359406	12	1.0000	0	0		
rank_yes	ipv4	(set)	large-subject-throughput	plain	same program	libpcre2_10.46_jit-caps-simdna	measured	pinned	3	ratio_vs_baseline	0.108866	12	1.0000	0	0		
rank_yes	ipv4	(set)	large-subject-throughput	plain	same program	libpcre2_10.46_jit-caps-simdna	measured	pinned	3	ratio_vs_best	3.137681	12	1.0000	0	0		
rank_yes	ipv4	(set)	large-subject-throughput	plain	same program	pcrec_25b1984f_vm-caps-simdna	measured	pinned	4	median_ns	77131967.363636	12	1.0000	0	0		unchanged (within spread)
rank_yes	ipv4	(set)	large-subject-throughput	plain	same program	pcrec_25b1984f_vm-caps-simdna	measured	pinned	4	min_ns	76779586.636364	12	1.0000	0	0		unchanged (within spread)
rank_yes	ipv4	(set)	large-subject-throughput	plain	same program	pcrec_25b1984f_vm-caps-simdna	measured	pinned	4	max_ns	77635984.636364	12	1.0000	0	0		unchanged (within spread)
rank_yes	ipv4	(set)	large-subject-throughput	plain	same program	pcrec_25b1984f_vm-caps-simdna	measured	pinned	4	stddev_ns	326926.324914	12	1.0000	0	0		unchanged (within spread)
rank_yes	ipv4	(set)	large-subject-throughput	plain	same program	pcrec_25b1984f_vm-caps-simdna	measured	pinned	4	ratio_vs_baseline	0.387565	12	1.0000	0	0		unchanged (within spread)
rank_yes	ipv4	(set)	large-subject-throughput	plain	same program	pcrec_25b1984f_vm-caps-simdna	measured	pinned	4	ratio_vs_best	11.170242	12	1.0000	0	0		unchanged (within spread)
rank_yes	ipv4	(set)	large-subject-throughput	plain	same program	pcrec_1989c62_vm-caps-simdna	measured	pinned	5	median_ns	77213524.833333	12	1.0000	0	0		
rank_yes	ipv4	(set)	large-subject-throughput	plain	same program	pcrec_1989c62_vm-caps-simdna	measured	pinned	5	min_ns	76654511.583333	12	1.0000	0	0		
rank_yes	ipv4	(set)	large-subject-throughput	plain	same program	pcrec_1989c62_vm-caps-simdna	measured	pinned	5	max_ns	77662339.166667	12	1.0000	0	0		
rank_yes	ipv4	(set)	large-subject-throughput	plain	same program	pcrec_1989c62_vm-caps-simdna	measured	pinned	5	stddev_ns	331726.958246	12	1.0000	0	0		
rank_yes	ipv4	(set)	large-subject-throughput	plain	same program	pcrec_1989c62_vm-caps-simdna	measured	pinned	5	ratio_vs_baseline	0.387975	12	1.0000	0	0		
rank_yes	ipv4	(set)	large-subject-throughput	plain	same program	pcrec_1989c62_vm-caps-simdna	measured	pinned	5	ratio_vs_best	11.182053	12	1.0000	0	0		
rank_yes	ipv4	(set)	large-subject-throughput	plain	same program	pcrec_1989c62_vm-in-caps-simdna	measured	pinned	6	median_ns	78063186.363636	12	1.0000	0	0		
rank_yes	ipv4	(set)	large-subject-throughput	plain	same program	pcrec_1989c62_vm-in-caps-simdna	measured	pinned	6	min_ns	77857124.272727	12	1.0000	0	0		
rank_yes	ipv4	(set)	large-subject-throughput	plain	same program	pcrec_1989c62_vm-in-caps-simdna	measured	pinned	6	max_ns	78156088.545455	12	1.0000	0	0		
rank_yes	ipv4	(set)	large-subject-throughput	plain	same program	pcrec_1989c62_vm-in-caps-simdna	measured	pinned	6	stddev_ns	104024.141104	12	1.0000	0	0		
rank_yes	ipv4	(set)	large-subject-throughput	plain	same program	pcrec_1989c62_vm-in-caps-simdna	measured	pinned	6	ratio_vs_baseline	0.392244	12	1.0000	0	0		
rank_yes	ipv4	(set)	large-subject-throughput	plain	same program	pcrec_1989c62_vm-in-caps-simdna	measured	pinned	6	ratio_vs_best	11.305101	12	1.0000	0	0		
rank_yes	ipv4	(set)	large-subject-throughput	plain	same program	pcrec_25b1984f_vm-in-caps-simdna	measured	pinned	7	median_ns	78182019.727273	12	1.0000	0	0		unchanged (within spread)
rank_yes	ipv4	(set)	large-subject-throughput	plain	same program	pcrec_25b1984f_vm-in-caps-simdna	measured	pinned	7	min_ns	78020112.090909	12	1.0000	0	0		unchanged (within spread)
rank_yes	ipv4	(set)	large-subject-throughput	plain	same program	pcrec_25b1984f_vm-in-caps-simdna	measured	pinned	7	max_ns	78359096.363636	12	1.0000	0	0		unchanged (within spread)
rank_yes	ipv4	(set)	large-subject-throughput	plain	same program	pcrec_25b1984f_vm-in-caps-simdna	measured	pinned	7	stddev_ns	123753.919002	12	1.0000	0	0		unchanged (within spread)
rank_yes	ipv4	(set)	large-subject-throughput	plain	same program	pcrec_25b1984f_vm-in-caps-simdna	measured	pinned	7	ratio_vs_baseline	0.392841	12	1.0000	0	0		unchanged (within spread)
rank_yes	ipv4	(set)	large-subject-throughput	plain	same program	pcrec_25b1984f_vm-in-caps-simdna	measured	pinned	7	ratio_vs_best	11.322310	12	1.0000	0	0		unchanged (within spread)
rank_yes	ipv4	(set)	large-subject-throughput	plain	same program	libpcre2_10.46_interp-caps-simdna	measured	pinned	8	median_ns	199016878.600000	12	1.0000	0	0		
rank_yes	ipv4	(set)	large-subject-throughput	plain	same program	libpcre2_10.46_interp-caps-simdna	measured	pinned	8	min_ns	198834351.400000	12	1.0000	0	0		
rank_yes	ipv4	(set)	large-subject-throughput	plain	same program	libpcre2_10.46_interp-caps-simdna	measured	pinned	8	max_ns	202261568.000000	12	1.0000	0	0		
rank_yes	ipv4	(set)	large-subject-throughput	plain	same program	libpcre2_10.46_interp-caps-simdna	measured	pinned	8	stddev_ns	1302844.365607	12	1.0000	0	0		
rank_yes	ipv4	(set)	large-subject-throughput	plain	same program	libpcre2_10.46_interp-caps-simdna	measured	pinned	8	ratio_vs_baseline	1.000000	12	1.0000	0	0		
rank_yes	ipv4	(set)	large-subject-throughput	plain	same program	libpcre2_10.46_interp-caps-simdna	measured	pinned	8	ratio_vs_best	28.821600	12	1.0000	0	0		
baseline_yes	ipv4	(set)	short-subject-search			libpcre2_10.46_interp-caps-simdna				baseline_identity	interp					libpcre2_10.46_interp-caps-simdna (interp, present in this group)	
rank_yes	ipv4	(set)	short-subject-search	plain	same program	pcrec_25b1984f_auto-caps-simdna	measured	pinned	1	median_ns	203949.119573	112	1.0000	0	0		unchanged (within spread)
rank_yes	ipv4	(set)	short-subject-search	plain	same program	pcrec_25b1984f_auto-caps-simdna	measured	pinned	1	min_ns	203581.468968	112	1.0000	0	0		unchanged (within spread)
rank_yes	ipv4	(set)	short-subject-search	plain	same program	pcrec_25b1984f_auto-caps-simdna	measured	pinned	1	max_ns	204494.242235	112	1.0000	0	0		unchanged (within spread)
rank_yes	ipv4	(set)	short-subject-search	plain	same program	pcrec_25b1984f_auto-caps-simdna	measured	pinned	1	stddev_ns	364.819207	112	1.0000	0	0		unchanged (within spread)
rank_yes	ipv4	(set)	short-subject-search	plain	same program	pcrec_25b1984f_auto-caps-simdna	measured	pinned	1	ratio_vs_baseline	0.026181	112	1.0000	0	0		unchanged (within spread)
rank_yes	ipv4	(set)	short-subject-search	plain	same program	pcrec_25b1984f_auto-caps-simdna	measured	pinned	1	ratio_vs_best	1.000000	112	1.0000	0	0		unchanged (within spread)
rank_yes	ipv4	(set)	short-subject-search	plain	same program	pcrec_d34c9131_auto-caps-simdna	measured	pinned	2	median_ns	204955.793720	112	1.0000	0	0		
rank_yes	ipv4	(set)	short-subject-search	plain	same program	pcrec_d34c9131_auto-caps-simdna	measured	pinned	2	min_ns	204039.967711	112	1.0000	0	0		
rank_yes	ipv4	(set)	short-subject-search	plain	same program	pcrec_d34c9131_auto-caps-simdna	measured	pinned	2	max_ns	206257.746291	112	1.0000	0	0		
rank_yes	ipv4	(set)	short-subject-search	plain	same program	pcrec_d34c9131_auto-caps-simdna	measured	pinned	2	stddev_ns	835.169719	112	1.0000	0	0		
rank_yes	ipv4	(set)	short-subject-search	plain	same program	pcrec_d34c9131_auto-caps-simdna	measured	pinned	2	ratio_vs_baseline	0.026311	112	1.0000	0	0		
rank_yes	ipv4	(set)	short-subject-search	plain	same program	pcrec_d34c9131_auto-caps-simdna	measured	pinned	2	ratio_vs_best	1.004936	112	1.0000	0	0		
rank_yes	ipv4	(set)	short-subject-search	plain	same program	libpcre2_10.46_jit-caps-simdna	measured	pinned	3	median_ns	722942.356646	112	1.0000	0	0		
rank_yes	ipv4	(set)	short-subject-search	plain	same program	libpcre2_10.46_jit-caps-simdna	measured	pinned	3	min_ns	722056.523501	112	1.0000	0	0		
rank_yes	ipv4	(set)	short-subject-search	plain	same program	libpcre2_10.46_jit-caps-simdna	measured	pinned	3	max_ns	724395.977815	112	1.0000	0	0		
rank_yes	ipv4	(set)	short-subject-search	plain	same program	libpcre2_10.46_jit-caps-simdna	measured	pinned	3	stddev_ns	871.024706	112	1.0000	0	0		
rank_yes	ipv4	(set)	short-subject-search	plain	same program	libpcre2_10.46_jit-caps-simdna	measured	pinned	3	ratio_vs_baseline	0.092806	112	1.0000	0	0		
rank_yes	ipv4	(set)	short-subject-search	plain	same program	libpcre2_10.46_jit-caps-simdna	measured	pinned	3	ratio_vs_best	3.544719	112	1.0000	0	0		
rank_yes	ipv4	(set)	short-subject-search	plain	same program	pcrec_25b1984f_vm-caps-simdna	measured	pinned	4	median_ns	2951984.645110	112	1.0000	0	0		unchanged (within spread)
rank_yes	ipv4	(set)	short-subject-search	plain	same program	pcrec_25b1984f_vm-caps-simdna	measured	pinned	4	min_ns	2944515.880915	112	1.0000	0	0		unchanged (within spread)
rank_yes	ipv4	(set)	short-subject-search	plain	same program	pcrec_25b1984f_vm-caps-simdna	measured	pinned	4	max_ns	2955765.236199	112	1.0000	0	0		unchanged (within spread)
rank_yes	ipv4	(set)	short-subject-search	plain	same program	pcrec_25b1984f_vm-caps-simdna	measured	pinned	4	stddev_ns	4756.284420	112	1.0000	0	0		unchanged (within spread)
rank_yes	ipv4	(set)	short-subject-search	plain	same program	pcrec_25b1984f_vm-caps-simdna	measured	pinned	4	ratio_vs_baseline	0.378953	112	1.0000	0	0		unchanged (within spread)
rank_yes	ipv4	(set)	short-subject-search	plain	same program	pcrec_25b1984f_vm-caps-simdna	measured	pinned	4	ratio_vs_best	14.474123	112	1.0000	0	0		unchanged (within spread)
rank_yes	ipv4	(set)	short-subject-search	plain	same program	pcrec_1989c62_vm-caps-simdna	measured	pinned	5	median_ns	2961557.329872	112	1.0000	0	0		
rank_yes	ipv4	(set)	short-subject-search	plain	same program	pcrec_1989c62_vm-caps-simdna	measured	pinned	5	min_ns	2944658.505192	112	1.0000	0	0		
rank_yes	ipv4	(set)	short-subject-search	plain	same program	pcrec_1989c62_vm-caps-simdna	measured	pinned	5	max_ns	2962924.023562	112	1.0000	0	0		
rank_yes	ipv4	(set)	short-subject-search	plain	same program	pcrec_1989c62_vm-caps-simdna	measured	pinned	5	stddev_ns	8621.434337	112	1.0000	0	0		
rank_yes	ipv4	(set)	short-subject-search	plain	same program	pcrec_1989c62_vm-caps-simdna	measured	pinned	5	ratio_vs_baseline	0.380181	112	1.0000	0	0		
rank_yes	ipv4	(set)	short-subject-search	plain	same program	pcrec_1989c62_vm-caps-simdna	measured	pinned	5	ratio_vs_best	14.521060	112	1.0000	0	0		
rank_yes	ipv4	(set)	short-subject-search	plain	same program	pcrec_1989c62_vm-in-caps-simdna	measured	pinned	6	median_ns	3011257.198963	112	1.0000	0	0		
rank_yes	ipv4	(set)	short-subject-search	plain	same program	pcrec_1989c62_vm-in-caps-simdna	measured	pinned	6	min_ns	2981050.771132	112	1.0000	0	0		
rank_yes	ipv4	(set)	short-subject-search	plain	same program	pcrec_1989c62_vm-in-caps-simdna	measured	pinned	6	max_ns	3056036.159888	112	1.0000	0	0		
rank_yes	ipv4	(set)	short-subject-search	plain	same program	pcrec_1989c62_vm-in-caps-simdna	measured	pinned	6	stddev_ns	31782.709059	112	1.0000	0	0		
rank_yes	ipv4	(set)	short-subject-search	plain	same program	pcrec_1989c62_vm-in-caps-simdna	measured	pinned	6	ratio_vs_baseline	0.386561	112	1.0000	0	0		
rank_yes	ipv4	(set)	short-subject-search	plain	same program	pcrec_1989c62_vm-in-caps-simdna	measured	pinned	6	ratio_vs_best	14.764747	112	1.0000	0	0		
rank_yes	ipv4	(set)	short-subject-search	plain	same program	pcrec_25b1984f_vm-in-caps-simdna	measured	pinned	7	median_ns	3020775.874056	112	1.0000	0	0		unchanged (within spread)
rank_yes	ipv4	(set)	short-subject-search	plain	same program	pcrec_25b1984f_vm-in-caps-simdna	measured	pinned	7	min_ns	2980252.541120	112	1.0000	0	0		unchanged (within spread)
rank_yes	ipv4	(set)	short-subject-search	plain	same program	pcrec_25b1984f_vm-in-caps-simdna	measured	pinned	7	max_ns	3026892.185936	112	1.0000	0	0		unchanged (within spread)
rank_yes	ipv4	(set)	short-subject-search	plain	same program	pcrec_25b1984f_vm-in-caps-simdna	measured	pinned	7	stddev_ns	19904.984069	112	1.0000	0	0		unchanged (within spread)
rank_yes	ipv4	(set)	short-subject-search	plain	same program	pcrec_25b1984f_vm-in-caps-simdna	measured	pinned	7	ratio_vs_baseline	0.387783	112	1.0000	0	0		unchanged (within spread)
rank_yes	ipv4	(set)	short-subject-search	plain	same program	pcrec_25b1984f_vm-in-caps-simdna	measured	pinned	7	ratio_vs_best	14.811419	112	1.0000	0	0		unchanged (within spread)
rank_yes	ipv4	(set)	short-subject-search	plain	same program	libpcre2_10.46_interp-caps-simdna	measured	pinned	8	median_ns	7789853.905319	112	1.0000	0	0		
rank_yes	ipv4	(set)	short-subject-search	plain	same program	libpcre2_10.46_interp-caps-simdna	measured	pinned	8	min_ns	7759415.344681	112	1.0000	0	0		
rank_yes	ipv4	(set)	short-subject-search	plain	same program	libpcre2_10.46_interp-caps-simdna	measured	pinned	8	max_ns	8128808.822340	112	1.0000	0	0		
rank_yes	ipv4	(set)	short-subject-search	plain	same program	libpcre2_10.46_interp-caps-simdna	measured	pinned	8	stddev_ns	136676.864945	112	1.0000	0	0		
rank_yes	ipv4	(set)	short-subject-search	plain	same program	libpcre2_10.46_interp-caps-simdna	measured	pinned	8	ratio_vs_baseline	1.000000	112	1.0000	0	0		
rank_yes	ipv4	(set)	short-subject-search	plain	same program	libpcre2_10.46_interp-caps-simdna	measured	pinned	8	ratio_vs_best	38.195085	112	1.0000	0	0		
baseline_yes	ipv6	(set)	large-subject-throughput			libpcre2_10.46_interp-caps-simdna				baseline_identity	interp					libpcre2_10.46_interp-caps-simdna (interp, present in this group)	
rank_yes	ipv6	(set)	large-subject-throughput	plain	same program	pcrec_d34c9131_auto-caps-simdna	measured	pinned	1	median_ns	10503838.941176	12	1.0000	0	0		
rank_yes	ipv6	(set)	large-subject-throughput	plain	same program	pcrec_d34c9131_auto-caps-simdna	measured	pinned	1	min_ns	10494944.411765	12	1.0000	0	0		
rank_yes	ipv6	(set)	large-subject-throughput	plain	same program	pcrec_d34c9131_auto-caps-simdna	measured	pinned	1	max_ns	10514345.000000	12	1.0000	0	0		
rank_yes	ipv6	(set)	large-subject-throughput	plain	same program	pcrec_d34c9131_auto-caps-simdna	measured	pinned	1	stddev_ns	6413.378520	12	1.0000	0	0		
rank_yes	ipv6	(set)	large-subject-throughput	plain	same program	pcrec_d34c9131_auto-caps-simdna	measured	pinned	1	ratio_vs_baseline	0.048161	12	1.0000	0	0		
rank_yes	ipv6	(set)	large-subject-throughput	plain	same program	pcrec_d34c9131_auto-caps-simdna	measured	pinned	1	ratio_vs_best	1.000000	12	1.0000	0	0		
rank_yes	ipv6	(set)	large-subject-throughput	plain	same program	pcrec_25b1984f_auto-caps-simdna	measured	pinned	2	median_ns	10507078.975610	12	1.0000	0	0		unchanged (within spread)
rank_yes	ipv6	(set)	large-subject-throughput	plain	same program	pcrec_25b1984f_auto-caps-simdna	measured	pinned	2	min_ns	10503748.207317	12	1.0000	0	0		unchanged (within spread)
rank_yes	ipv6	(set)	large-subject-throughput	plain	same program	pcrec_25b1984f_auto-caps-simdna	measured	pinned	2	max_ns	10511926.073171	12	1.0000	0	0		unchanged (within spread)
rank_yes	ipv6	(set)	large-subject-throughput	plain	same program	pcrec_25b1984f_auto-caps-simdna	measured	pinned	2	stddev_ns	3272.887760	12	1.0000	0	0		unchanged (within spread)
rank_yes	ipv6	(set)	large-subject-throughput	plain	same program	pcrec_25b1984f_auto-caps-simdna	measured	pinned	2	ratio_vs_baseline	0.048176	12	1.0000	0	0		unchanged (within spread)
rank_yes	ipv6	(set)	large-subject-throughput	plain	same program	pcrec_25b1984f_auto-caps-simdna	measured	pinned	2	ratio_vs_best	1.000308	12	1.0000	0	0		unchanged (within spread)
rank_yes	ipv6	(set)	large-subject-throughput	plain	same program	libpcre2_10.46_jit-caps-simdna	measured	pinned	3	median_ns	31724265.214286	12	1.0000	0	0		
rank_yes	ipv6	(set)	large-subject-throughput	plain	same program	libpcre2_10.46_jit-caps-simdna	measured	pinned	3	min_ns	31692969.964286	12	1.0000	0	0		
rank_yes	ipv6	(set)	large-subject-throughput	plain	same program	libpcre2_10.46_jit-caps-simdna	measured	pinned	3	max_ns	31829239.035714	12	1.0000	0	0		
rank_yes	ipv6	(set)	large-subject-throughput	plain	same program	libpcre2_10.46_jit-caps-simdna	measured	pinned	3	stddev_ns	49734.727592	12	1.0000	0	0		
rank_yes	ipv6	(set)	large-subject-throughput	plain	same program	libpcre2_10.46_jit-caps-simdna	measured	pinned	3	ratio_vs_baseline	0.145458	12	1.0000	0	0		
rank_yes	ipv6	(set)	large-subject-throughput	plain	same program	libpcre2_10.46_jit-caps-simdna	measured	pinned	3	ratio_vs_best	3.020254	12	1.0000	0	0		
rank_yes	ipv6	(set)	large-subject-throughput	plain	same program	pcrec_1989c62_vm-caps-simdna	measured	pinned	4	median_ns	114808056.571429	12	1.0000	0	0		
rank_yes	ipv6	(set)	large-subject-throughput	plain	same program	pcrec_1989c62_vm-caps-simdna	measured	pinned	4	min_ns	113371635.285714	12	1.0000	0	0		
rank_yes	ipv6	(set)	large-subject-throughput	plain	same program	pcrec_1989c62_vm-caps-simdna	measured	pinned	4	max_ns	115502137.714286	12	1.0000	0	0		
rank_yes	ipv6	(set)	large-subject-throughput	plain	same program	pcrec_1989c62_vm-caps-simdna	measured	pinned	4	stddev_ns	710601.399656	12	1.0000	0	0		
rank_yes	ipv6	(set)	large-subject-throughput	plain	same program	pcrec_1989c62_vm-caps-simdna	measured	pinned	4	ratio_vs_baseline	0.526404	12	1.0000	0	0		
rank_yes	ipv6	(set)	large-subject-throughput	plain	same program	pcrec_1989c62_vm-caps-simdna	measured	pinned	4	ratio_vs_best	10.930104	12	1.0000	0	0		
rank_yes	ipv6	(set)	large-subject-throughput	plain	same program	pcrec_25b1984f_vm-caps-simdna	measured	pinned	5	median_ns	115082438.750000	12	1.0000	0	0		unchanged (within spread)
rank_yes	ipv6	(set)	large-subject-throughput	plain	same program	pcrec_25b1984f_vm-caps-simdna	measured	pinned	5	min_ns	113667047.875000	12	1.0000	0	0		unchanged (within spread)
rank_yes	ipv6	(set)	large-subject-throughput	plain	same program	pcrec_25b1984f_vm-caps-simdna	measured	pinned	5	max_ns	116153489.250000	12	1.0000	0	0		unchanged (within spread)
rank_yes	ipv6	(set)	large-subject-throughput	plain	same program	pcrec_25b1984f_vm-caps-simdna	measured	pinned	5	stddev_ns	804033.546789	12	1.0000	0	0		unchanged (within spread)
rank_yes	ipv6	(set)	large-subject-throughput	plain	same program	pcrec_25b1984f_vm-caps-simdna	measured	pinned	5	ratio_vs_baseline	0.527662	12	1.0000	0	0		unchanged (within spread)
rank_yes	ipv6	(set)	large-subject-throughput	plain	same program	pcrec_25b1984f_vm-caps-simdna	measured	pinned	5	ratio_vs_best	10.956227	12	1.0000	0	0		unchanged (within spread)
rank_yes	ipv6	(set)	large-subject-throughput	plain	same program	pcrec_25b1984f_vm-in-caps-simdna	measured	pinned	6	median_ns	116149018.571429	12	1.0000	0	0		unchanged (within spread)
rank_yes	ipv6	(set)	large-subject-throughput	plain	same program	pcrec_25b1984f_vm-in-caps-simdna	measured	pinned	6	min_ns	115927714.571429	12	1.0000	0	0		unchanged (within spread)
rank_yes	ipv6	(set)	large-subject-throughput	plain	same program	pcrec_25b1984f_vm-in-caps-simdna	measured	pinned	6	max_ns	116886593.714286	12	1.0000	0	0		unchanged (within spread)
rank_yes	ipv6	(set)	large-subject-throughput	plain	same program	pcrec_25b1984f_vm-in-caps-simdna	measured	pinned	6	stddev_ns	346135.258529	12	1.0000	0	0		unchanged (within spread)
rank_yes	ipv6	(set)	large-subject-throughput	plain	same program	pcrec_25b1984f_vm-in-caps-simdna	measured	pinned	6	ratio_vs_baseline	0.532552	12	1.0000	0	0		unchanged (within spread)
rank_yes	ipv6	(set)	large-subject-throughput	plain	same program	pcrec_25b1984f_vm-in-caps-simdna	measured	pinned	6	ratio_vs_best	11.057768	12	1.0000	0	0		unchanged (within spread)
rank_yes	ipv6	(set)	large-subject-throughput	plain	same program	pcrec_1989c62_vm-in-caps-simdna	measured	pinned	7	median_ns	116367270.000000	12	1.0000	0	0		
rank_yes	ipv6	(set)	large-subject-throughput	plain	same program	pcrec_1989c62_vm-in-caps-simdna	measured	pinned	7	min_ns	115435994.571429	12	1.0000	0	0		
rank_yes	ipv6	(set)	large-subject-throughput	plain	same program	pcrec_1989c62_vm-in-caps-simdna	measured	pinned	7	max_ns	116697157.571429	12	1.0000	0	0		
rank_yes	ipv6	(set)	large-subject-throughput	plain	same program	pcrec_1989c62_vm-in-caps-simdna	measured	pinned	7	stddev_ns	494703.381119	12	1.0000	0	0		
rank_yes	ipv6	(set)	large-subject-throughput	plain	same program	pcrec_1989c62_vm-in-caps-simdna	measured	pinned	7	ratio_vs_baseline	0.533553	12	1.0000	0	0		
rank_yes	ipv6	(set)	large-subject-throughput	plain	same program	pcrec_1989c62_vm-in-caps-simdna	measured	pinned	7	ratio_vs_best	11.078547	12	1.0000	0	0		
rank_yes	ipv6	(set)	large-subject-throughput	plain	same program	libpcre2_10.46_interp-caps-simdna	measured	pinned	8	median_ns	218098807.750000	12	1.0000	0	0		
rank_yes	ipv6	(set)	large-subject-throughput	plain	same program	libpcre2_10.46_interp-caps-simdna	measured	pinned	8	min_ns	217660955.000000	12	1.0000	0	0		
rank_yes	ipv6	(set)	large-subject-throughput	plain	same program	libpcre2_10.46_interp-caps-simdna	measured	pinned	8	max_ns	218483372.500000	12	1.0000	0	0		
rank_yes	ipv6	(set)	large-subject-throughput	plain	same program	libpcre2_10.46_interp-caps-simdna	measured	pinned	8	stddev_ns	278296.269304	12	1.0000	0	0		
rank_yes	ipv6	(set)	large-subject-throughput	plain	same program	libpcre2_10.46_interp-caps-simdna	measured	pinned	8	ratio_vs_baseline	1.000000	12	1.0000	0	0		
rank_yes	ipv6	(set)	large-subject-throughput	plain	same program	libpcre2_10.46_interp-caps-simdna	measured	pinned	8	ratio_vs_best	20.763724	12	1.0000	0	0		
baseline_yes	ipv6	(set)	short-subject-search			libpcre2_10.46_interp-caps-simdna				baseline_identity	interp					libpcre2_10.46_interp-caps-simdna (interp, present in this group)	
rank_yes	ipv6	(set)	short-subject-search	plain	same program	pcrec_d34c9131_auto-caps-simdna	measured	pinned	1	median_ns	260271.985926	112	1.0000	0	0		
rank_yes	ipv6	(set)	short-subject-search	plain	same program	pcrec_d34c9131_auto-caps-simdna	measured	pinned	1	min_ns	259909.584743	112	1.0000	0	0		
rank_yes	ipv6	(set)	short-subject-search	plain	same program	pcrec_d34c9131_auto-caps-simdna	measured	pinned	1	max_ns	260830.366742	112	1.0000	0	0		
rank_yes	ipv6	(set)	short-subject-search	plain	same program	pcrec_d34c9131_auto-caps-simdna	measured	pinned	1	stddev_ns	299.694957	112	1.0000	0	0		
rank_yes	ipv6	(set)	short-subject-search	plain	same program	pcrec_d34c9131_auto-caps-simdna	measured	pinned	1	ratio_vs_baseline	0.031519	112	1.0000	0	0		
rank_yes	ipv6	(set)	short-subject-search	plain	same program	pcrec_d34c9131_auto-caps-simdna	measured	pinned	1	ratio_vs_best	1.000000	112	1.0000	0	0		
rank_yes	ipv6	(set)	short-subject-search	plain	same program	pcrec_25b1984f_auto-caps-simdna	measured	pinned	2	median_ns	260709.545234	112	1.0000	0	0		unchanged (within spread)
rank_yes	ipv6	(set)	short-subject-search	plain	same program	pcrec_25b1984f_auto-caps-simdna	measured	pinned	2	min_ns	260041.648463	112	1.0000	0	0		unchanged (within spread)
rank_yes	ipv6	(set)	short-subject-search	plain	same program	pcrec_25b1984f_auto-caps-simdna	measured	pinned	2	max_ns	262526.946600	112	1.0000	0	0		unchanged (within spread)
rank_yes	ipv6	(set)	short-subject-search	plain	same program	pcrec_25b1984f_auto-caps-simdna	measured	pinned	2	stddev_ns	912.110752	112	1.0000	0	0		unchanged (within spread)
rank_yes	ipv6	(set)	short-subject-search	plain	same program	pcrec_25b1984f_auto-caps-simdna	measured	pinned	2	ratio_vs_baseline	0.031572	112	1.0000	0	0		unchanged (within spread)
rank_yes	ipv6	(set)	short-subject-search	plain	same program	pcrec_25b1984f_auto-caps-simdna	measured	pinned	2	ratio_vs_best	1.001681	112	1.0000	0	0		unchanged (within spread)
rank_yes	ipv6	(set)	short-subject-search	plain	same program	libpcre2_10.46_jit-caps-simdna	measured	pinned	3	median_ns	1132824.972544	112	1.0000	0	0		
rank_yes	ipv6	(set)	short-subject-search	plain	same program	libpcre2_10.46_jit-caps-simdna	measured	pinned	3	min_ns	1131209.922625	112	1.0000	0	0		
rank_yes	ipv6	(set)	short-subject-search	plain	same program	libpcre2_10.46_jit-caps-simdna	measured	pinned	3	max_ns	1133943.280576	112	1.0000	0	0		
rank_yes	ipv6	(set)	short-subject-search	plain	same program	libpcre2_10.46_jit-caps-simdna	measured	pinned	3	stddev_ns	987.521632	112	1.0000	0	0		
rank_yes	ipv6	(set)	short-subject-search	plain	same program	libpcre2_10.46_jit-caps-simdna	measured	pinned	3	ratio_vs_baseline	0.137185	112	1.0000	0	0		
rank_yes	ipv6	(set)	short-subject-search	plain	same program	libpcre2_10.46_jit-caps-simdna	measured	pinned	3	ratio_vs_best	4.352466	112	1.0000	0	0		
rank_yes	ipv6	(set)	short-subject-search	plain	same program	pcrec_1989c62_vm-caps-simdna	measured	pinned	4	median_ns	4361643.695093	112	1.0000	0	0		
rank_yes	ipv6	(set)	short-subject-search	plain	same program	pcrec_1989c62_vm-caps-simdna	measured	pinned	4	min_ns	4355220.964369	112	1.0000	0	0		
rank_yes	ipv6	(set)	short-subject-search	plain	same program	pcrec_1989c62_vm-caps-simdna	measured	pinned	4	max_ns	4376669.749416	112	1.0000	0	0		
rank_yes	ipv6	(set)	short-subject-search	plain	same program	pcrec_1989c62_vm-caps-simdna	measured	pinned	4	stddev_ns	7161.589187	112	1.0000	0	0		
rank_yes	ipv6	(set)	short-subject-search	plain	same program	pcrec_1989c62_vm-caps-simdna	measured	pinned	4	ratio_vs_baseline	0.528196	112	1.0000	0	0		
rank_yes	ipv6	(set)	short-subject-search	plain	same program	pcrec_1989c62_vm-caps-simdna	measured	pinned	4	ratio_vs_best	16.758022	112	1.0000	0	0		
rank_yes	ipv6	(set)	short-subject-search	plain	same program	pcrec_25b1984f_vm-caps-simdna	measured	pinned	5	median_ns	4368131.670006	112	1.0000	0	0		unchanged (within spread)
rank_yes	ipv6	(set)	short-subject-search	plain	same program	pcrec_25b1984f_vm-caps-simdna	measured	pinned	5	min_ns	4364392.611668	112	1.0000	0	0		unchanged (within spread)
rank_yes	ipv6	(set)	short-subject-search	plain	same program	pcrec_25b1984f_vm-caps-simdna	measured	pinned	5	max_ns	4407457.869181	112	1.0000	0	0		unchanged (within spread)
rank_yes	ipv6	(set)	short-subject-search	plain	same program	pcrec_25b1984f_vm-caps-simdna	measured	pinned	5	stddev_ns	16132.500928	112	1.0000	0	0		unchanged (within spread)
rank_yes	ipv6	(set)	short-subject-search	plain	same program	pcrec_25b1984f_vm-caps-simdna	measured	pinned	5	ratio_vs_baseline	0.528981	112	1.0000	0	0		unchanged (within spread)
rank_yes	ipv6	(set)	short-subject-search	plain	same program	pcrec_25b1984f_vm-caps-simdna	measured	pinned	5	ratio_vs_best	16.782950	112	1.0000	0	0		unchanged (within spread)
rank_yes	ipv6	(set)	short-subject-search	plain	same program	pcrec_1989c62_vm-in-caps-simdna	measured	pinned	6	median_ns	4396108.911852	112	1.0000	0	0		
rank_yes	ipv6	(set)	short-subject-search	plain	same program	pcrec_1989c62_vm-in-caps-simdna	measured	pinned	6	min_ns	4395322.556879	112	1.0000	0	0		
rank_yes	ipv6	(set)	short-subject-search	plain	same program	pcrec_1989c62_vm-in-caps-simdna	measured	pinned	6	max_ns	4419649.399047	112	1.0000	0	0		
rank_yes	ipv6	(set)	short-subject-search	plain	same program	pcrec_1989c62_vm-in-caps-simdna	measured	pinned	6	stddev_ns	9333.529576	112	1.0000	0	0		
rank_yes	ipv6	(set)	short-subject-search	plain	same program	pcrec_1989c62_vm-in-caps-simdna	measured	pinned	6	ratio_vs_baseline	0.532369	112	1.0000	0	0		
rank_yes	ipv6	(set)	short-subject-search	plain	same program	pcrec_1989c62_vm-in-caps-simdna	measured	pinned	6	ratio_vs_best	16.890442	112	1.0000	0	0		
rank_yes	ipv6	(set)	short-subject-search	plain	same program	pcrec_25b1984f_vm-in-caps-simdna	measured	pinned	7	median_ns	4426565.695594	112	1.0000	0	0		unchanged (within spread)
rank_yes	ipv6	(set)	short-subject-search	plain	same program	pcrec_25b1984f_vm-in-caps-simdna	measured	pinned	7	min_ns	4408332.504005	112	1.0000	0	0		unchanged (within spread)
rank_yes	ipv6	(set)	short-subject-search	plain	same program	pcrec_25b1984f_vm-in-caps-simdna	measured	pinned	7	max_ns	4483410.451936	112	1.0000	0	0		unchanged (within spread)
rank_yes	ipv6	(set)	short-subject-search	plain	same program	pcrec_25b1984f_vm-in-caps-simdna	measured	pinned	7	stddev_ns	26281.663628	112	1.0000	0	0		unchanged (within spread)
rank_yes	ipv6	(set)	short-subject-search	plain	same program	pcrec_25b1984f_vm-in-caps-simdna	measured	pinned	7	ratio_vs_baseline	0.536058	112	1.0000	0	0		unchanged (within spread)
rank_yes	ipv6	(set)	short-subject-search	plain	same program	pcrec_25b1984f_vm-in-caps-simdna	measured	pinned	7	ratio_vs_best	17.007461	112	1.0000	0	0		unchanged (within spread)
rank_yes	ipv6	(set)	short-subject-search	plain	same program	libpcre2_10.46_interp-caps-simdna	measured	pinned	8	median_ns	8257629.230852	112	1.0000	0	0		
rank_yes	ipv6	(set)	short-subject-search	plain	same program	libpcre2_10.46_interp-caps-simdna	measured	pinned	8	min_ns	8245361.570658	112	1.0000	0	0		
rank_yes	ipv6	(set)	short-subject-search	plain	same program	libpcre2_10.46_interp-caps-simdna	measured	pinned	8	max_ns	8274337.558792	112	1.0000	0	0		
rank_yes	ipv6	(set)	short-subject-search	plain	same program	libpcre2_10.46_interp-caps-simdna	measured	pinned	8	stddev_ns	9769.520553	112	1.0000	0	0		
rank_yes	ipv6	(set)	short-subject-search	plain	same program	libpcre2_10.46_interp-caps-simdna	measured	pinned	8	ratio_vs_baseline	1.000000	112	1.0000	0	0		
rank_yes	ipv6	(set)	short-subject-search	plain	same program	libpcre2_10.46_interp-caps-simdna	measured	pinned	8	ratio_vs_best	31.726923	112	1.0000	0	0		
baseline_yes	iso-ts	(set)	large-subject-throughput			libpcre2_10.46_interp-caps-simdna				baseline_identity	interp					libpcre2_10.46_interp-caps-simdna (interp, present in this group)	
rank_yes	iso-ts	(set)	large-subject-throughput	plain	same program	libpcre2_10.46_jit-caps-simdna	measured	pinned	1	median_ns	962034.734560	12	1.0000	0	0		
rank_yes	iso-ts	(set)	large-subject-throughput	plain	same program	libpcre2_10.46_jit-caps-simdna	measured	pinned	1	min_ns	960301.767411	12	1.0000	0	0		
rank_yes	iso-ts	(set)	large-subject-throughput	plain	same program	libpcre2_10.46_jit-caps-simdna	measured	pinned	1	max_ns	962187.771353	12	1.0000	0	0		
rank_yes	iso-ts	(set)	large-subject-throughput	plain	same program	libpcre2_10.46_jit-caps-simdna	measured	pinned	1	stddev_ns	711.213992	12	1.0000	0	0		
rank_yes	iso-ts	(set)	large-subject-throughput	plain	same program	libpcre2_10.46_jit-caps-simdna	measured	pinned	1	ratio_vs_baseline	0.015790	12	1.0000	0	0		
rank_yes	iso-ts	(set)	large-subject-throughput	plain	same program	libpcre2_10.46_jit-caps-simdna	measured	pinned	1	ratio_vs_best	1.000000	12	1.0000	0	0		
rank_yes	iso-ts	(set)	large-subject-throughput	plain	same program	pcrec_d34c9131_auto-caps-simdna	measured	pinned	2	median_ns	1148476.834772	12	1.0000	0	0		
rank_yes	iso-ts	(set)	large-subject-throughput	plain	same program	pcrec_d34c9131_auto-caps-simdna	measured	pinned	2	min_ns	1147660.094945	12	1.0000	0	0		
rank_yes	iso-ts	(set)	large-subject-throughput	plain	same program	pcrec_d34c9131_auto-caps-simdna	measured	pinned	2	max_ns	1148806.453761	12	1.0000	0	0		
rank_yes	iso-ts	(set)	large-subject-throughput	plain	same program	pcrec_d34c9131_auto-caps-simdna	measured	pinned	2	stddev_ns	379.441775	12	1.0000	0	0		
rank_yes	iso-ts	(set)	large-subject-throughput	plain	same program	pcrec_d34c9131_auto-caps-simdna	measured	pinned	2	ratio_vs_baseline	0.018850	12	1.0000	0	0		
rank_yes	iso-ts	(set)	large-subject-throughput	plain	same program	pcrec_d34c9131_auto-caps-simdna	measured	pinned	2	ratio_vs_best	1.193800	12	1.0000	0	0		
rank_yes	iso-ts	(set)	large-subject-throughput	plain	same program	pcrec_25b1984f_auto-caps-simdna	measured	pinned	3	median_ns	1151889.577381	12	1.0000	0	0		slower ×1.00
rank_yes	iso-ts	(set)	large-subject-throughput	plain	same program	pcrec_25b1984f_auto-caps-simdna	measured	pinned	3	min_ns	1151522.658333	12	1.0000	0	0		slower ×1.00
rank_yes	iso-ts	(set)	large-subject-throughput	plain	same program	pcrec_25b1984f_auto-caps-simdna	measured	pinned	3	max_ns	1153706.314286	12	1.0000	0	0		slower ×1.00
rank_yes	iso-ts	(set)	large-subject-throughput	plain	same program	pcrec_25b1984f_auto-caps-simdna	measured	pinned	3	stddev_ns	797.734783	12	1.0000	0	0		slower ×1.00
rank_yes	iso-ts	(set)	large-subject-throughput	plain	same program	pcrec_25b1984f_auto-caps-simdna	measured	pinned	3	ratio_vs_baseline	0.018906	12	1.0000	0	0		slower ×1.00
rank_yes	iso-ts	(set)	large-subject-throughput	plain	same program	pcrec_25b1984f_auto-caps-simdna	measured	pinned	3	ratio_vs_best	1.197347	12	1.0000	0	0		slower ×1.00
rank_yes	iso-ts	(set)	large-subject-throughput	plain	same program	pcrec_25b1984f_vm-in-caps-simdna	measured	pinned	4	median_ns	25256674.264706	12	1.0000	0	0		unchanged (within spread)
rank_yes	iso-ts	(set)	large-subject-throughput	plain	same program	pcrec_25b1984f_vm-in-caps-simdna	measured	pinned	4	min_ns	25248519.529412	12	1.0000	0	0		unchanged (within spread)
rank_yes	iso-ts	(set)	large-subject-throughput	plain	same program	pcrec_25b1984f_vm-in-caps-simdna	measured	pinned	4	max_ns	25262028.117647	12	1.0000	0	0		unchanged (within spread)
rank_yes	iso-ts	(set)	large-subject-throughput	plain	same program	pcrec_25b1984f_vm-in-caps-simdna	measured	pinned	4	stddev_ns	4589.606428	12	1.0000	0	0		unchanged (within spread)
rank_yes	iso-ts	(set)	large-subject-throughput	plain	same program	pcrec_25b1984f_vm-in-caps-simdna	measured	pinned	4	ratio_vs_baseline	0.414548	12	1.0000	0	0		unchanged (within spread)
rank_yes	iso-ts	(set)	large-subject-throughput	plain	same program	pcrec_25b1984f_vm-in-caps-simdna	measured	pinned	4	ratio_vs_best	26.253391	12	1.0000	0	0		unchanged (within spread)
rank_yes	iso-ts	(set)	large-subject-throughput	plain	same program	pcrec_25b1984f_vm-caps-simdna	measured	pinned	5	median_ns	25258218.939394	12	1.0000	0	0		unchanged (within spread)
rank_yes	iso-ts	(set)	large-subject-throughput	plain	same program	pcrec_25b1984f_vm-caps-simdna	measured	pinned	5	min_ns	25244221.030303	12	1.0000	0	0		unchanged (within spread)
rank_yes	iso-ts	(set)	large-subject-throughput	plain	same program	pcrec_25b1984f_vm-caps-simdna	measured	pinned	5	max_ns	25260647.818182	12	1.0000	0	0		unchanged (within spread)
rank_yes	iso-ts	(set)	large-subject-throughput	plain	same program	pcrec_25b1984f_vm-caps-simdna	measured	pinned	5	stddev_ns	5901.345851	12	1.0000	0	0		unchanged (within spread)
rank_yes	iso-ts	(set)	large-subject-throughput	plain	same program	pcrec_25b1984f_vm-caps-simdna	measured	pinned	5	ratio_vs_baseline	0.414573	12	1.0000	0	0		unchanged (within spread)
rank_yes	iso-ts	(set)	large-subject-throughput	plain	same program	pcrec_25b1984f_vm-caps-simdna	measured	pinned	5	ratio_vs_best	26.254997	12	1.0000	0	0		unchanged (within spread)
rank_yes	iso-ts	(set)	large-subject-throughput	plain	same program	pcrec_1989c62_vm-in-caps-simdna	measured	pinned	6	median_ns	25262228.242424	12	1.0000	0	0		
rank_yes	iso-ts	(set)	large-subject-throughput	plain	same program	pcrec_1989c62_vm-in-caps-simdna	measured	pinned	6	min_ns	25254477.606061	12	1.0000	0	0		
rank_yes	iso-ts	(set)	large-subject-throughput	plain	same program	pcrec_1989c62_vm-in-caps-simdna	measured	pinned	6	max_ns	25321237.090909	12	1.0000	0	0		
rank_yes	iso-ts	(set)	large-subject-throughput	plain	same program	pcrec_1989c62_vm-in-caps-simdna	measured	pinned	6	stddev_ns	28288.514222	12	1.0000	0	0		
rank_yes	iso-ts	(set)	large-subject-throughput	plain	same program	pcrec_1989c62_vm-in-caps-simdna	measured	pinned	6	ratio_vs_baseline	0.414639	12	1.0000	0	0		
rank_yes	iso-ts	(set)	large-subject-throughput	plain	same program	pcrec_1989c62_vm-in-caps-simdna	measured	pinned	6	ratio_vs_best	26.259164	12	1.0000	0	0		
rank_yes	iso-ts	(set)	large-subject-throughput	plain	same program	pcrec_1989c62_vm-caps-simdna	measured	pinned	7	median_ns	25281871.969697	12	1.0000	0	0		
rank_yes	iso-ts	(set)	large-subject-throughput	plain	same program	pcrec_1989c62_vm-caps-simdna	measured	pinned	7	min_ns	25254930.636364	12	1.0000	0	0		
rank_yes	iso-ts	(set)	large-subject-throughput	plain	same program	pcrec_1989c62_vm-caps-simdna	measured	pinned	7	max_ns	25379000.454545	12	1.0000	0	0		
rank_yes	iso-ts	(set)	large-subject-throughput	plain	same program	pcrec_1989c62_vm-caps-simdna	measured	pinned	7	stddev_ns	43049.655432	12	1.0000	0	0		
rank_yes	iso-ts	(set)	large-subject-throughput	plain	same program	pcrec_1989c62_vm-caps-simdna	measured	pinned	7	ratio_vs_baseline	0.414962	12	1.0000	0	0		
rank_yes	iso-ts	(set)	large-subject-throughput	plain	same program	pcrec_1989c62_vm-caps-simdna	measured	pinned	7	ratio_vs_best	26.279583	12	1.0000	0	0		
rank_yes	iso-ts	(set)	large-subject-throughput	plain	same program	libpcre2_10.46_interp-caps-simdna	measured	pinned	8	median_ns	60925794.066667	12	1.0000	0	0		
rank_yes	iso-ts	(set)	large-subject-throughput	plain	same program	libpcre2_10.46_interp-caps-simdna	measured	pinned	8	min_ns	60793681.200000	12	1.0000	0	0		
rank_yes	iso-ts	(set)	large-subject-throughput	plain	same program	libpcre2_10.46_interp-caps-simdna	measured	pinned	8	max_ns	61368408.666667	12	1.0000	0	0		
rank_yes	iso-ts	(set)	large-subject-throughput	plain	same program	libpcre2_10.46_interp-caps-simdna	measured	pinned	8	stddev_ns	222898.825099	12	1.0000	0	0		
rank_yes	iso-ts	(set)	large-subject-throughput	plain	same program	libpcre2_10.46_interp-caps-simdna	measured	pinned	8	ratio_vs_baseline	1.000000	12	1.0000	0	0		
rank_yes	iso-ts	(set)	large-subject-throughput	plain	same program	libpcre2_10.46_interp-caps-simdna	measured	pinned	8	ratio_vs_best	63.330140	12	1.0000	0	0		
baseline_yes	iso-ts	(set)	short-subject-search			libpcre2_10.46_interp-caps-simdna				baseline_identity	interp					libpcre2_10.46_interp-caps-simdna (interp, present in this group)	
rank_yes	iso-ts	(set)	short-subject-search	plain	same program	pcrec_25b1984f_auto-caps-simdna	measured	pinned	1	median_ns	20620.955166	112	1.0000	0	0		faster ×1.01
rank_yes	iso-ts	(set)	short-subject-search	plain	same program	pcrec_25b1984f_auto-caps-simdna	measured	pinned	1	min_ns	20602.161153	112	1.0000	0	0		faster ×1.01
rank_yes	iso-ts	(set)	short-subject-search	plain	same program	pcrec_25b1984f_auto-caps-simdna	measured	pinned	1	max_ns	20635.553291	112	1.0000	0	0		faster ×1.01
rank_yes	iso-ts	(set)	short-subject-search	plain	same program	pcrec_25b1984f_auto-caps-simdna	measured	pinned	1	stddev_ns	12.914232	112	1.0000	0	0		faster ×1.01
rank_yes	iso-ts	(set)	short-subject-search	plain	same program	pcrec_25b1984f_auto-caps-simdna	measured	pinned	1	ratio_vs_baseline	0.008651	112	1.0000	0	0		faster ×1.01
rank_yes	iso-ts	(set)	short-subject-search	plain	same program	pcrec_25b1984f_auto-caps-simdna	measured	pinned	1	ratio_vs_best	1.000000	112	1.0000	0	0		faster ×1.01
rank_yes	iso-ts	(set)	short-subject-search	plain	same program	libpcre2_10.46_jit-caps-simdna	measured	pinned	2	median_ns	20688.099771	112	1.0000	0	0		
rank_yes	iso-ts	(set)	short-subject-search	plain	same program	libpcre2_10.46_jit-caps-simdna	measured	pinned	2	min_ns	20617.407494	112	1.0000	0	0		
rank_yes	iso-ts	(set)	short-subject-search	plain	same program	libpcre2_10.46_jit-caps-simdna	measured	pinned	2	max_ns	20790.052725	112	1.0000	0	0		
rank_yes	iso-ts	(set)	short-subject-search	plain	same program	libpcre2_10.46_jit-caps-simdna	measured	pinned	2	stddev_ns	56.496727	112	1.0000	0	0		
rank_yes	iso-ts	(set)	short-subject-search	plain	same program	libpcre2_10.46_jit-caps-simdna	measured	pinned	2	ratio_vs_baseline	0.008680	112	1.0000	0	0		
rank_yes	iso-ts	(set)	short-subject-search	plain	same program	libpcre2_10.46_jit-caps-simdna	measured	pinned	2	ratio_vs_best	1.003256	112	1.0000	0	0		
rank_yes	iso-ts	(set)	short-subject-search	plain	same program	pcrec_d34c9131_auto-caps-simdna	measured	pinned	3	median_ns	20768.411802	112	1.0000	0	0		
rank_yes	iso-ts	(set)	short-subject-search	plain	same program	pcrec_d34c9131_auto-caps-simdna	measured	pinned	3	min_ns	20735.766172	112	1.0000	0	0		
rank_yes	iso-ts	(set)	short-subject-search	plain	same program	pcrec_d34c9131_auto-caps-simdna	measured	pinned	3	max_ns	20790.820016	112	1.0000	0	0		
rank_yes	iso-ts	(set)	short-subject-search	plain	same program	pcrec_d34c9131_auto-caps-simdna	measured	pinned	3	stddev_ns	21.699560	112	1.0000	0	0		
rank_yes	iso-ts	(set)	short-subject-search	plain	same program	pcrec_d34c9131_auto-caps-simdna	measured	pinned	3	ratio_vs_baseline	0.008713	112	1.0000	0	0		
rank_yes	iso-ts	(set)	short-subject-search	plain	same program	pcrec_d34c9131_auto-caps-simdna	measured	pinned	3	ratio_vs_best	1.007151	112	1.0000	0	0		
rank_yes	iso-ts	(set)	short-subject-search	plain	same program	pcrec_1989c62_vm-in-caps-simdna	measured	pinned	4	median_ns	980754.512477	112	1.0000	0	0		
rank_yes	iso-ts	(set)	short-subject-search	plain	same program	pcrec_1989c62_vm-in-caps-simdna	measured	pinned	4	min_ns	979942.493021	112	1.0000	0	0		
rank_yes	iso-ts	(set)	short-subject-search	plain	same program	pcrec_1989c62_vm-in-caps-simdna	measured	pinned	4	max_ns	982813.031157	112	1.0000	0	0		
rank_yes	iso-ts	(set)	short-subject-search	plain	same program	pcrec_1989c62_vm-in-caps-simdna	measured	pinned	4	stddev_ns	999.513302	112	1.0000	0	0		
rank_yes	iso-ts	(set)	short-subject-search	plain	same program	pcrec_1989c62_vm-in-caps-simdna	measured	pinned	4	ratio_vs_baseline	0.411473	112	1.0000	0	0		
rank_yes	iso-ts	(set)	short-subject-search	plain	same program	pcrec_1989c62_vm-in-caps-simdna	measured	pinned	4	ratio_vs_best	47.561061	112	1.0000	0	0		
rank_yes	iso-ts	(set)	short-subject-search	plain	same program	pcrec_1989c62_vm-caps-simdna	measured	pinned	5	median_ns	981529.397185	112	1.0000	0	0		
rank_yes	iso-ts	(set)	short-subject-search	plain	same program	pcrec_1989c62_vm-caps-simdna	measured	pinned	5	min_ns	981276.850669	112	1.0000	0	0		
rank_yes	iso-ts	(set)	short-subject-search	plain	same program	pcrec_1989c62_vm-caps-simdna	measured	pinned	5	max_ns	989037.296411	112	1.0000	0	0		
rank_yes	iso-ts	(set)	short-subject-search	plain	same program	pcrec_1989c62_vm-caps-simdna	measured	pinned	5	stddev_ns	2959.410785	112	1.0000	0	0		
rank_yes	iso-ts	(set)	short-subject-search	plain	same program	pcrec_1989c62_vm-caps-simdna	measured	pinned	5	ratio_vs_baseline	0.411798	112	1.0000	0	0		
rank_yes	iso-ts	(set)	short-subject-search	plain	same program	pcrec_1989c62_vm-caps-simdna	measured	pinned	5	ratio_vs_best	47.598639	112	1.0000	0	0		
rank_yes	iso-ts	(set)	short-subject-search	plain	same program	pcrec_25b1984f_vm-in-caps-simdna	measured	pinned	6	median_ns	983057.610488	112	1.0000	0	0		unchanged (within spread)
rank_yes	iso-ts	(set)	short-subject-search	plain	same program	pcrec_25b1984f_vm-in-caps-simdna	measured	pinned	6	min_ns	981308.473640	112	1.0000	0	0		unchanged (within spread)
rank_yes	iso-ts	(set)	short-subject-search	plain	same program	pcrec_25b1984f_vm-in-caps-simdna	measured	pinned	6	max_ns	986290.862872	112	1.0000	0	0		unchanged (within spread)
rank_yes	iso-ts	(set)	short-subject-search	plain	same program	pcrec_25b1984f_vm-in-caps-simdna	measured	pinned	6	stddev_ns	1660.431458	112	1.0000	0	0		unchanged (within spread)
rank_yes	iso-ts	(set)	short-subject-search	plain	same program	pcrec_25b1984f_vm-in-caps-simdna	measured	pinned	6	ratio_vs_baseline	0.412439	112	1.0000	0	0		unchanged (within spread)
rank_yes	iso-ts	(set)	short-subject-search	plain	same program	pcrec_25b1984f_vm-in-caps-simdna	measured	pinned	6	ratio_vs_best	47.672749	112	1.0000	0	0		unchanged (within spread)
rank_yes	iso-ts	(set)	short-subject-search	plain	same program	pcrec_25b1984f_vm-caps-simdna	measured	pinned	7	median_ns	989015.308352	112	1.0000	0	0		unchanged (within spread)
rank_yes	iso-ts	(set)	short-subject-search	plain	same program	pcrec_25b1984f_vm-caps-simdna	measured	pinned	7	min_ns	983819.526294	112	1.0000	0	0		unchanged (within spread)
rank_yes	iso-ts	(set)	short-subject-search	plain	same program	pcrec_25b1984f_vm-caps-simdna	measured	pinned	7	max_ns	1004362.123453	112	1.0000	0	0		unchanged (within spread)
rank_yes	iso-ts	(set)	short-subject-search	plain	same program	pcrec_25b1984f_vm-caps-simdna	measured	pinned	7	stddev_ns	7343.503812	112	1.0000	0	0		unchanged (within spread)
rank_yes	iso-ts	(set)	short-subject-search	plain	same program	pcrec_25b1984f_vm-caps-simdna	measured	pinned	7	ratio_vs_baseline	0.414938	112	1.0000	0	0		unchanged (within spread)
rank_yes	iso-ts	(set)	short-subject-search	plain	same program	pcrec_25b1984f_vm-caps-simdna	measured	pinned	7	ratio_vs_best	47.961663	112	1.0000	0	0		unchanged (within spread)
rank_yes	iso-ts	(set)	short-subject-search	plain	same program	libpcre2_10.46_interp-caps-simdna	measured	pinned	8	median_ns	2383523.219914	112	1.0000	0	0		
rank_yes	iso-ts	(set)	short-subject-search	plain	same program	libpcre2_10.46_interp-caps-simdna	measured	pinned	8	min_ns	2379855.569074	112	1.0000	0	0		
rank_yes	iso-ts	(set)	short-subject-search	plain	same program	libpcre2_10.46_interp-caps-simdna	measured	pinned	8	max_ns	2385957.718431	112	1.0000	0	0		
rank_yes	iso-ts	(set)	short-subject-search	plain	same program	libpcre2_10.46_interp-caps-simdna	measured	pinned	8	stddev_ns	2003.360239	112	1.0000	0	0		
rank_yes	iso-ts	(set)	short-subject-search	plain	same program	libpcre2_10.46_interp-caps-simdna	measured	pinned	8	ratio_vs_baseline	1.000000	112	1.0000	0	0		
rank_yes	iso-ts	(set)	short-subject-search	plain	same program	libpcre2_10.46_interp-caps-simdna	measured	pinned	8	ratio_vs_best	115.587430	112	1.0000	0	0		
baseline_yes	kv-quoted	(set)	large-subject-throughput			libpcre2_10.46_interp-caps-simdna				baseline_identity	interp					libpcre2_10.46_interp-caps-simdna (interp, present in this group)	
rank_yes	kv-quoted	(set)	large-subject-throughput	plain	same program	pcrec_d34c9131_auto-caps-simdna	measured	pinned	1	median_ns	14452341.982456	12	1.0000	0	0		
rank_yes	kv-quoted	(set)	large-subject-throughput	plain	same program	pcrec_d34c9131_auto-caps-simdna	measured	pinned	1	min_ns	14322121.736842	12	1.0000	0	0		
rank_yes	kv-quoted	(set)	large-subject-throughput	plain	same program	pcrec_d34c9131_auto-caps-simdna	measured	pinned	1	max_ns	14646902.298246	12	1.0000	0	0		
rank_yes	kv-quoted	(set)	large-subject-throughput	plain	same program	pcrec_d34c9131_auto-caps-simdna	measured	pinned	1	stddev_ns	127785.313864	12	1.0000	0	0		
rank_yes	kv-quoted	(set)	large-subject-throughput	plain	same program	pcrec_d34c9131_auto-caps-simdna	measured	pinned	1	ratio_vs_baseline	0.220143	12	1.0000	0	0		
rank_yes	kv-quoted	(set)	large-subject-throughput	plain	same program	pcrec_d34c9131_auto-caps-simdna	measured	pinned	1	ratio_vs_best	1.000000	12	1.0000	0	0		
rank_yes	kv-quoted	(set)	large-subject-throughput	plain	same program	pcrec_25b1984f_auto-caps-simdna	measured	pinned	2	median_ns	14582658.844828	12	1.0000	0	0		unchanged (within spread)
rank_yes	kv-quoted	(set)	large-subject-throughput	plain	same program	pcrec_25b1984f_auto-caps-simdna	measured	pinned	2	min_ns	14276833.275862	12	1.0000	0	0		unchanged (within spread)
rank_yes	kv-quoted	(set)	large-subject-throughput	plain	same program	pcrec_25b1984f_auto-caps-simdna	measured	pinned	2	max_ns	14614557.448276	12	1.0000	0	0		unchanged (within spread)
rank_yes	kv-quoted	(set)	large-subject-throughput	plain	same program	pcrec_25b1984f_auto-caps-simdna	measured	pinned	2	stddev_ns	129826.181111	12	1.0000	0	0		unchanged (within spread)
rank_yes	kv-quoted	(set)	large-subject-throughput	plain	same program	pcrec_25b1984f_auto-caps-simdna	measured	pinned	2	ratio_vs_baseline	0.222128	12	1.0000	0	0		unchanged (within spread)
rank_yes	kv-quoted	(set)	large-subject-throughput	plain	same program	pcrec_25b1984f_auto-caps-simdna	measured	pinned	2	ratio_vs_best	1.009017	12	1.0000	0	0		unchanged (within spread)
rank_yes	kv-quoted	(set)	large-subject-throughput	plain	same program	libpcre2_10.46_jit-caps-simdna	measured	pinned	3	median_ns	15011589.956790	12	1.0000	0	0		
rank_yes	kv-quoted	(set)	large-subject-throughput	plain	same program	libpcre2_10.46_jit-caps-simdna	measured	pinned	3	min_ns	14992050.333333	12	1.0000	0	0		
rank_yes	kv-quoted	(set)	large-subject-throughput	plain	same program	libpcre2_10.46_jit-caps-simdna	measured	pinned	3	max_ns	15021093.351852	12	1.0000	0	0		
rank_yes	kv-quoted	(set)	large-subject-throughput	plain	same program	libpcre2_10.46_jit-caps-simdna	measured	pinned	3	stddev_ns	10918.558605	12	1.0000	0	0		
rank_yes	kv-quoted	(set)	large-subject-throughput	plain	same program	libpcre2_10.46_jit-caps-simdna	measured	pinned	3	ratio_vs_baseline	0.228661	12	1.0000	0	0		
rank_yes	kv-quoted	(set)	large-subject-throughput	plain	same program	libpcre2_10.46_jit-caps-simdna	measured	pinned	3	ratio_vs_best	1.038696	12	1.0000	0	0		
rank_yes	kv-quoted	(set)	large-subject-throughput	plain	same program	pcrec_25b1984f_vm-caps-simdna	measured	pinned	4	median_ns	35119618.916667	12	1.0000	0	0		unchanged (within spread)
rank_yes	kv-quoted	(set)	large-subject-throughput	plain	same program	pcrec_25b1984f_vm-caps-simdna	measured	pinned	4	min_ns	35089128.750000	12	1.0000	0	0		unchanged (within spread)
rank_yes	kv-quoted	(set)	large-subject-throughput	plain	same program	pcrec_25b1984f_vm-caps-simdna	measured	pinned	4	max_ns	35131274.333333	12	1.0000	0	0		unchanged (within spread)
rank_yes	kv-quoted	(set)	large-subject-throughput	plain	same program	pcrec_25b1984f_vm-caps-simdna	measured	pinned	4	stddev_ns	14880.653165	12	1.0000	0	0		unchanged (within spread)
rank_yes	kv-quoted	(set)	large-subject-throughput	plain	same program	pcrec_25b1984f_vm-caps-simdna	measured	pinned	4	ratio_vs_baseline	0.534953	12	1.0000	0	0		unchanged (within spread)
rank_yes	kv-quoted	(set)	large-subject-throughput	plain	same program	pcrec_25b1984f_vm-caps-simdna	measured	pinned	4	ratio_vs_best	2.430030	12	1.0000	0	0		unchanged (within spread)
rank_yes	kv-quoted	(set)	large-subject-throughput	plain	same program	pcrec_25b1984f_vm-in-caps-simdna	measured	pinned	5	median_ns	35120099.833333	12	1.0000	0	0		unchanged (within spread)
rank_yes	kv-quoted	(set)	large-subject-throughput	plain	same program	pcrec_25b1984f_vm-in-caps-simdna	measured	pinned	5	min_ns	35097135.125000	12	1.0000	0	0		unchanged (within spread)
rank_yes	kv-quoted	(set)	large-subject-throughput	plain	same program	pcrec_25b1984f_vm-in-caps-simdna	measured	pinned	5	max_ns	35144760.000000	12	1.0000	0	0		unchanged (within spread)
rank_yes	kv-quoted	(set)	large-subject-throughput	plain	same program	pcrec_25b1984f_vm-in-caps-simdna	measured	pinned	5	stddev_ns	18414.288102	12	1.0000	0	0		unchanged (within spread)
rank_yes	kv-quoted	(set)	large-subject-throughput	plain	same program	pcrec_25b1984f_vm-in-caps-simdna	measured	pinned	5	ratio_vs_baseline	0.534960	12	1.0000	0	0		unchanged (within spread)
rank_yes	kv-quoted	(set)	large-subject-throughput	plain	same program	pcrec_25b1984f_vm-in-caps-simdna	measured	pinned	5	ratio_vs_best	2.430063	12	1.0000	0	0		unchanged (within spread)
rank_yes	kv-quoted	(set)	large-subject-throughput	plain	same program	pcrec_1989c62_vm-in-caps-simdna	measured	pinned	6	median_ns	35127449.458333	12	1.0000	0	0		
rank_yes	kv-quoted	(set)	large-subject-throughput	plain	same program	pcrec_1989c62_vm-in-caps-simdna	measured	pinned	6	min_ns	35120231.083333	12	1.0000	0	0		
rank_yes	kv-quoted	(set)	large-subject-throughput	plain	same program	pcrec_1989c62_vm-in-caps-simdna	measured	pinned	6	max_ns	35159574.208333	12	1.0000	0	0		
rank_yes	kv-quoted	(set)	large-subject-throughput	plain	same program	pcrec_1989c62_vm-in-caps-simdna	measured	pinned	6	stddev_ns	15253.665149	12	1.0000	0	0		
rank_yes	kv-quoted	(set)	large-subject-throughput	plain	same program	pcrec_1989c62_vm-in-caps-simdna	measured	pinned	6	ratio_vs_baseline	0.535072	12	1.0000	0	0		
rank_yes	kv-quoted	(set)	large-subject-throughput	plain	same program	pcrec_1989c62_vm-in-caps-simdna	measured	pinned	6	ratio_vs_best	2.430571	12	1.0000	0	0		
rank_yes	kv-quoted	(set)	large-subject-throughput	plain	same program	pcrec_1989c62_vm-caps-simdna	measured	pinned	7	median_ns	35133170.956522	12	1.0000	0	0		
rank_yes	kv-quoted	(set)	large-subject-throughput	plain	same program	pcrec_1989c62_vm-caps-simdna	measured	pinned	7	min_ns	35125859.478261	12	1.0000	0	0		
rank_yes	kv-quoted	(set)	large-subject-throughput	plain	same program	pcrec_1989c62_vm-caps-simdna	measured	pinned	7	max_ns	35188760.782609	12	1.0000	0	0		
rank_yes	kv-quoted	(set)	large-subject-throughput	plain	same program	pcrec_1989c62_vm-caps-simdna	measured	pinned	7	stddev_ns	23228.603396	12	1.0000	0	0		
rank_yes	kv-quoted	(set)	large-subject-throughput	plain	same program	pcrec_1989c62_vm-caps-simdna	measured	pinned	7	ratio_vs_baseline	0.535159	12	1.0000	0	0		
rank_yes	kv-quoted	(set)	large-subject-throughput	plain	same program	pcrec_1989c62_vm-caps-simdna	measured	pinned	7	ratio_vs_best	2.430967	12	1.0000	0	0		
rank_yes	kv-quoted	(set)	large-subject-throughput	plain	same program	libpcre2_10.46_interp-caps-simdna	measured	pinned	8	median_ns	65649918.424242	12	1.0000	0	0		
rank_yes	kv-quoted	(set)	large-subject-throughput	plain	same program	libpcre2_10.46_interp-caps-simdna	measured	pinned	8	min_ns	65616022.727273	12	1.0000	0	0		
rank_yes	kv-quoted	(set)	large-subject-throughput	plain	same program	libpcre2_10.46_interp-caps-simdna	measured	pinned	8	max_ns	65759030.878788	12	1.0000	0	0		
rank_yes	kv-quoted	(set)	large-subject-throughput	plain	same program	libpcre2_10.46_interp-caps-simdna	measured	pinned	8	stddev_ns	60116.289040	12	1.0000	0	0		
rank_yes	kv-quoted	(set)	large-subject-throughput	plain	same program	libpcre2_10.46_interp-caps-simdna	measured	pinned	8	ratio_vs_baseline	1.000000	12	1.0000	0	0		
rank_yes	kv-quoted	(set)	large-subject-throughput	plain	same program	libpcre2_10.46_interp-caps-simdna	measured	pinned	8	ratio_vs_best	4.542511	12	1.0000	0	0		
baseline_yes	kv-quoted	(set)	short-subject-search			libpcre2_10.46_interp-caps-simdna				baseline_identity	interp					libpcre2_10.46_interp-caps-simdna (interp, present in this group)	
rank_yes	kv-quoted	(set)	short-subject-search	plain	same program	libpcre2_10.46_jit-caps-simdna	measured	pinned	1	median_ns	334426.651888	112	1.0000	0	0		
rank_yes	kv-quoted	(set)	short-subject-search	plain	same program	libpcre2_10.46_jit-caps-simdna	measured	pinned	1	min_ns	333573.819822	112	1.0000	0	0		
rank_yes	kv-quoted	(set)	short-subject-search	plain	same program	libpcre2_10.46_jit-caps-simdna	measured	pinned	1	max_ns	334534.119630	112	1.0000	0	0		
rank_yes	kv-quoted	(set)	short-subject-search	plain	same program	libpcre2_10.46_jit-caps-simdna	measured	pinned	1	stddev_ns	359.876707	112	1.0000	0	0		
rank_yes	kv-quoted	(set)	short-subject-search	plain	same program	libpcre2_10.46_jit-caps-simdna	measured	pinned	1	ratio_vs_baseline	0.179545	112	1.0000	0	0		
rank_yes	kv-quoted	(set)	short-subject-search	plain	same program	libpcre2_10.46_jit-caps-simdna	measured	pinned	1	ratio_vs_best	1.000000	112	1.0000	0	0		
rank_yes	kv-quoted	(set)	short-subject-search	plain	same program	pcrec_d34c9131_auto-caps-simdna	measured	pinned	2	median_ns	505379.895036	112	1.0000	0	0		
rank_yes	kv-quoted	(set)	short-subject-search	plain	same program	pcrec_d34c9131_auto-caps-simdna	measured	pinned	2	min_ns	501962.533004	112	1.0000	0	0		
rank_yes	kv-quoted	(set)	short-subject-search	plain	same program	pcrec_d34c9131_auto-caps-simdna	measured	pinned	2	max_ns	511207.124239	112	1.0000	0	0		
rank_yes	kv-quoted	(set)	short-subject-search	plain	same program	pcrec_d34c9131_auto-caps-simdna	measured	pinned	2	stddev_ns	3168.855962	112	1.0000	0	0		
rank_yes	kv-quoted	(set)	short-subject-search	plain	same program	pcrec_d34c9131_auto-caps-simdna	measured	pinned	2	ratio_vs_baseline	0.271325	112	1.0000	0	0		
rank_yes	kv-quoted	(set)	short-subject-search	plain	same program	pcrec_d34c9131_auto-caps-simdna	measured	pinned	2	ratio_vs_best	1.511183	112	1.0000	0	0		
rank_yes	kv-quoted	(set)	short-subject-search	plain	same program	pcrec_25b1984f_auto-caps-simdna	measured	pinned	3	median_ns	512281.031466	112	1.0000	0	0		unchanged (within spread)
rank_yes	kv-quoted	(set)	short-subject-search	plain	same program	pcrec_25b1984f_auto-caps-simdna	measured	pinned	3	min_ns	509697.063746	112	1.0000	0	0		unchanged (within spread)
rank_yes	kv-quoted	(set)	short-subject-search	plain	same program	pcrec_25b1984f_auto-caps-simdna	measured	pinned	3	max_ns	520131.527465	112	1.0000	0	0		unchanged (within spread)
rank_yes	kv-quoted	(set)	short-subject-search	plain	same program	pcrec_25b1984f_auto-caps-simdna	measured	pinned	3	stddev_ns	3737.193146	112	1.0000	0	0		unchanged (within spread)
rank_yes	kv-quoted	(set)	short-subject-search	plain	same program	pcrec_25b1984f_auto-caps-simdna	measured	pinned	3	ratio_vs_baseline	0.275030	112	1.0000	0	0		unchanged (within spread)
rank_yes	kv-quoted	(set)	short-subject-search	plain	same program	pcrec_25b1984f_auto-caps-simdna	measured	pinned	3	ratio_vs_best	1.531819	112	1.0000	0	0		unchanged (within spread)
rank_yes	kv-quoted	(set)	short-subject-search	plain	same program	pcrec_25b1984f_vm-caps-simdna	measured	pinned	4	median_ns	1339843.406632	112	1.0000	0	0		unchanged (within spread)
rank_yes	kv-quoted	(set)	short-subject-search	plain	same program	pcrec_25b1984f_vm-caps-simdna	measured	pinned	4	min_ns	1339091.732754	112	1.0000	0	0		unchanged (within spread)
rank_yes	kv-quoted	(set)	short-subject-search	plain	same program	pcrec_25b1984f_vm-caps-simdna	measured	pinned	4	max_ns	1342676.221316	112	1.0000	0	0		unchanged (within spread)
rank_yes	kv-quoted	(set)	short-subject-search	plain	same program	pcrec_25b1984f_vm-caps-simdna	measured	pinned	4	stddev_ns	1252.873585	112	1.0000	0	0		unchanged (within spread)
rank_yes	kv-quoted	(set)	short-subject-search	plain	same program	pcrec_25b1984f_vm-caps-simdna	measured	pinned	4	ratio_vs_baseline	0.719327	112	1.0000	0	0		unchanged (within spread)
rank_yes	kv-quoted	(set)	short-subject-search	plain	same program	pcrec_25b1984f_vm-caps-simdna	measured	pinned	4	ratio_vs_best	4.006389	112	1.0000	0	0		unchanged (within spread)
rank_yes	kv-quoted	(set)	short-subject-search	plain	same program	pcrec_1989c62_vm-in-caps-simdna	measured	pinned	5	median_ns	1339939.373005	112	1.0000	0	0		
rank_yes	kv-quoted	(set)	short-subject-search	plain	same program	pcrec_1989c62_vm-in-caps-simdna	measured	pinned	5	min_ns	1338920.297114	112	1.0000	0	0		
rank_yes	kv-quoted	(set)	short-subject-search	plain	same program	pcrec_1989c62_vm-in-caps-simdna	measured	pinned	5	max_ns	1343278.386078	112	1.0000	0	0		
rank_yes	kv-quoted	(set)	short-subject-search	plain	same program	pcrec_1989c62_vm-in-caps-simdna	measured	pinned	5	stddev_ns	1525.760599	112	1.0000	0	0		
rank_yes	kv-quoted	(set)	short-subject-search	plain	same program	pcrec_1989c62_vm-in-caps-simdna	measured	pinned	5	ratio_vs_baseline	0.719378	112	1.0000	0	0		
rank_yes	kv-quoted	(set)	short-subject-search	plain	same program	pcrec_1989c62_vm-in-caps-simdna	measured	pinned	5	ratio_vs_best	4.006676	112	1.0000	0	0		
rank_yes	kv-quoted	(set)	short-subject-search	plain	same program	pcrec_25b1984f_vm-in-caps-simdna	measured	pinned	6	median_ns	1340169.886735	112	1.0000	0	0		unchanged (within spread)
rank_yes	kv-quoted	(set)	short-subject-search	plain	same program	pcrec_25b1984f_vm-in-caps-simdna	measured	pinned	6	min_ns	1339503.175459	112	1.0000	0	0		unchanged (within spread)
rank_yes	kv-quoted	(set)	short-subject-search	plain	same program	pcrec_25b1984f_vm-in-caps-simdna	measured	pinned	6	max_ns	1348049.002528	112	1.0000	0	0		unchanged (within spread)
rank_yes	kv-quoted	(set)	short-subject-search	plain	same program	pcrec_25b1984f_vm-in-caps-simdna	measured	pinned	6	stddev_ns	3218.028649	112	1.0000	0	0		unchanged (within spread)
rank_yes	kv-quoted	(set)	short-subject-search	plain	same program	pcrec_25b1984f_vm-in-caps-simdna	measured	pinned	6	ratio_vs_baseline	0.719502	112	1.0000	0	0		unchanged (within spread)
rank_yes	kv-quoted	(set)	short-subject-search	plain	same program	pcrec_25b1984f_vm-in-caps-simdna	measured	pinned	6	ratio_vs_best	4.007366	112	1.0000	0	0		unchanged (within spread)
rank_yes	kv-quoted	(set)	short-subject-search	plain	same program	pcrec_1989c62_vm-caps-simdna	measured	pinned	7	median_ns	1340492.036620	112	1.0000	0	0		
rank_yes	kv-quoted	(set)	short-subject-search	plain	same program	pcrec_1989c62_vm-caps-simdna	measured	pinned	7	min_ns	1339973.293297	112	1.0000	0	0		
rank_yes	kv-quoted	(set)	short-subject-search	plain	same program	pcrec_1989c62_vm-caps-simdna	measured	pinned	7	max_ns	1373642.238535	112	1.0000	0	0		
rank_yes	kv-quoted	(set)	short-subject-search	plain	same program	pcrec_1989c62_vm-caps-simdna	measured	pinned	7	stddev_ns	13323.255664	112	1.0000	0	0		
rank_yes	kv-quoted	(set)	short-subject-search	plain	same program	pcrec_1989c62_vm-caps-simdna	measured	pinned	7	ratio_vs_baseline	0.719675	112	1.0000	0	0		
rank_yes	kv-quoted	(set)	short-subject-search	plain	same program	pcrec_1989c62_vm-caps-simdna	measured	pinned	7	ratio_vs_best	4.008329	112	1.0000	0	0		
rank_yes	kv-quoted	(set)	short-subject-search	plain	same program	libpcre2_10.46_interp-caps-simdna	measured	pinned	8	median_ns	1862635.377660	112	1.0000	0	0		
rank_yes	kv-quoted	(set)	short-subject-search	plain	same program	libpcre2_10.46_interp-caps-simdna	measured	pinned	8	min_ns	1858327.306738	112	1.0000	0	0		
rank_yes	kv-quoted	(set)	short-subject-search	plain	same program	libpcre2_10.46_interp-caps-simdna	measured	pinned	8	max_ns	1866163.611259	112	1.0000	0	0		
rank_yes	kv-quoted	(set)	short-subject-search	plain	same program	libpcre2_10.46_interp-caps-simdna	measured	pinned	8	stddev_ns	3072.356523	112	1.0000	0	0		
rank_yes	kv-quoted	(set)	short-subject-search	plain	same program	libpcre2_10.46_interp-caps-simdna	measured	pinned	8	ratio_vs_baseline	1.000000	112	1.0000	0	0		
rank_yes	kv-quoted	(set)	short-subject-search	plain	same program	libpcre2_10.46_interp-caps-simdna	measured	pinned	8	ratio_vs_best	5.569638	112	1.0000	0	0		
baseline_yes	level-context	(set)	large-subject-throughput			libpcre2_10.46_interp-caps-simdna				baseline_identity	interp					libpcre2_10.46_interp-caps-simdna (interp, present in this group)	
rank_yes	level-context	(set)	large-subject-throughput	plain	same program	libpcre2_10.46_jit-caps-simdna	measured	pinned	1	median_ns	3004496.489362	12	1.0000	0	0		
rank_yes	level-context	(set)	large-subject-throughput	plain	same program	libpcre2_10.46_jit-caps-simdna	measured	pinned	1	min_ns	3002619.950355	12	1.0000	0	0		
rank_yes	level-context	(set)	large-subject-throughput	plain	same program	libpcre2_10.46_jit-caps-simdna	measured	pinned	1	max_ns	3005422.840426	12	1.0000	0	0		
rank_yes	level-context	(set)	large-subject-throughput	plain	same program	libpcre2_10.46_jit-caps-simdna	measured	pinned	1	stddev_ns	1195.146454	12	1.0000	0	0		
rank_yes	level-context	(set)	large-subject-throughput	plain	same program	libpcre2_10.46_jit-caps-simdna	measured	pinned	1	ratio_vs_baseline	0.498900	12	1.0000	0	0		
rank_yes	level-context	(set)	large-subject-throughput	plain	same program	libpcre2_10.46_jit-caps-simdna	measured	pinned	1	ratio_vs_best	1.000000	12	1.0000	0	0		
rank_yes	level-context	(set)	large-subject-throughput	plain	same program	libpcre2_10.46_interp-caps-simdna	measured	pinned	2	median_ns	6022246.140351	12	1.0000	0	0		
rank_yes	level-context	(set)	large-subject-throughput	plain	same program	libpcre2_10.46_interp-caps-simdna	measured	pinned	2	min_ns	5960655.947368	12	1.0000	0	0		
rank_yes	level-context	(set)	large-subject-throughput	plain	same program	libpcre2_10.46_interp-caps-simdna	measured	pinned	2	max_ns	6049303.029240	12	1.0000	0	0		
rank_yes	level-context	(set)	large-subject-throughput	plain	same program	libpcre2_10.46_interp-caps-simdna	measured	pinned	2	stddev_ns	32577.382346	12	1.0000	0	0		
rank_yes	level-context	(set)	large-subject-throughput	plain	same program	libpcre2_10.46_interp-caps-simdna	measured	pinned	2	ratio_vs_baseline	1.000000	12	1.0000	0	0		
rank_yes	level-context	(set)	large-subject-throughput	plain	same program	libpcre2_10.46_interp-caps-simdna	measured	pinned	2	ratio_vs_best	2.004411	12	1.0000	0	0		
rank_yes	level-context	(set)	large-subject-throughput	plain	same program	pcrec_25b1984f_auto-caps-simdna	measured	pinned	3	median_ns	11033386.835443	12	1.0000	0	0		unchanged (within spread)
rank_yes	level-context	(set)	large-subject-throughput	plain	same program	pcrec_25b1984f_auto-caps-simdna	measured	pinned	3	min_ns	11030199.860759	12	1.0000	0	0		unchanged (within spread)
rank_yes	level-context	(set)	large-subject-throughput	plain	same program	pcrec_25b1984f_auto-caps-simdna	measured	pinned	3	max_ns	11036124.835443	12	1.0000	0	0		unchanged (within spread)
rank_yes	level-context	(set)	large-subject-throughput	plain	same program	pcrec_25b1984f_auto-caps-simdna	measured	pinned	3	stddev_ns	2218.279837	12	1.0000	0	0		unchanged (within spread)
rank_yes	level-context	(set)	large-subject-throughput	plain	same program	pcrec_25b1984f_auto-caps-simdna	measured	pinned	3	ratio_vs_baseline	1.832105	12	1.0000	0	0		unchanged (within spread)
rank_yes	level-context	(set)	large-subject-throughput	plain	same program	pcrec_25b1984f_auto-caps-simdna	measured	pinned	3	ratio_vs_best	3.672291	12	1.0000	0	0		unchanged (within spread)
rank_yes	level-context	(set)	large-subject-throughput	plain	same program	pcrec_d34c9131_auto-caps-simdna	measured	pinned	4	median_ns	11035670.402597	12	1.0000	0	0		
rank_yes	level-context	(set)	large-subject-throughput	plain	same program	pcrec_d34c9131_auto-caps-simdna	measured	pinned	4	min_ns	11015715.987013	12	1.0000	0	0		
rank_yes	level-context	(set)	large-subject-throughput	plain	same program	pcrec_d34c9131_auto-caps-simdna	measured	pinned	4	max_ns	11060328.727273	12	1.0000	0	0		
rank_yes	level-context	(set)	large-subject-throughput	plain	same program	pcrec_d34c9131_auto-caps-simdna	measured	pinned	4	stddev_ns	15635.841494	12	1.0000	0	0		
rank_yes	level-context	(set)	large-subject-throughput	plain	same program	pcrec_d34c9131_auto-caps-simdna	measured	pinned	4	ratio_vs_baseline	1.832484	12	1.0000	0	0		
rank_yes	level-context	(set)	large-subject-throughput	plain	same program	pcrec_d34c9131_auto-caps-simdna	measured	pinned	4	ratio_vs_best	3.673052	12	1.0000	0	0		
rank_yes	level-context	(set)	large-subject-throughput	plain	same program	pcrec_25b1984f_vm-caps-simdna	measured	pinned	5	median_ns	28804545.379310	12	1.0000	0	0		faster ×1.42
rank_yes	level-context	(set)	large-subject-throughput	plain	same program	pcrec_25b1984f_vm-caps-simdna	measured	pinned	5	min_ns	28772537.275862	12	1.0000	0	0		faster ×1.42
rank_yes	level-context	(set)	large-subject-throughput	plain	same program	pcrec_25b1984f_vm-caps-simdna	measured	pinned	5	max_ns	29162993.758621	12	1.0000	0	0		faster ×1.42
rank_yes	level-context	(set)	large-subject-throughput	plain	same program	pcrec_25b1984f_vm-caps-simdna	measured	pinned	5	stddev_ns	144217.388413	12	1.0000	0	0		faster ×1.42
rank_yes	level-context	(set)	large-subject-throughput	plain	same program	pcrec_25b1984f_vm-caps-simdna	measured	pinned	5	ratio_vs_baseline	4.783024	12	1.0000	0	0		faster ×1.42
rank_yes	level-context	(set)	large-subject-throughput	plain	same program	pcrec_25b1984f_vm-caps-simdna	measured	pinned	5	ratio_vs_best	9.587146	12	1.0000	0	0		faster ×1.42
rank_yes	level-context	(set)	large-subject-throughput	plain	same program	pcrec_25b1984f_vm-in-caps-simdna	measured	pinned	6	median_ns	28861852.275862	12	1.0000	0	0		faster ×1.42
rank_yes	level-context	(set)	large-subject-throughput	plain	same program	pcrec_25b1984f_vm-in-caps-simdna	measured	pinned	6	min_ns	28804821.275862	12	1.0000	0	0		faster ×1.42
rank_yes	level-context	(set)	large-subject-throughput	plain	same program	pcrec_25b1984f_vm-in-caps-simdna	measured	pinned	6	max_ns	28890241.379310	12	1.0000	0	0		faster ×1.42
rank_yes	level-context	(set)	large-subject-throughput	plain	same program	pcrec_25b1984f_vm-in-caps-simdna	measured	pinned	6	stddev_ns	30734.900281	12	1.0000	0	0		faster ×1.42
rank_yes	level-context	(set)	large-subject-throughput	plain	same program	pcrec_25b1984f_vm-in-caps-simdna	measured	pinned	6	ratio_vs_baseline	4.792539	12	1.0000	0	0		faster ×1.42
rank_yes	level-context	(set)	large-subject-throughput	plain	same program	pcrec_25b1984f_vm-in-caps-simdna	measured	pinned	6	ratio_vs_best	9.606219	12	1.0000	0	0		faster ×1.42
rank_yes	level-context	(set)	large-subject-throughput	plain	same program	pcrec_1989c62_vm-caps-simdna	measured	pinned	7	median_ns	40952257.300000	12	1.0000	0	0		
rank_yes	level-context	(set)	large-subject-throughput	plain	same program	pcrec_1989c62_vm-caps-simdna	measured	pinned	7	min_ns	40829713.550000	12	1.0000	0	0		
rank_yes	level-context	(set)	large-subject-throughput	plain	same program	pcrec_1989c62_vm-caps-simdna	measured	pinned	7	max_ns	41054323.450000	12	1.0000	0	0		
rank_yes	level-context	(set)	large-subject-throughput	plain	same program	pcrec_1989c62_vm-caps-simdna	measured	pinned	7	stddev_ns	96495.191756	12	1.0000	0	0		
rank_yes	level-context	(set)	large-subject-throughput	plain	same program	pcrec_1989c62_vm-caps-simdna	measured	pinned	7	ratio_vs_baseline	6.800163	12	1.0000	0	0		
rank_yes	level-context	(set)	large-subject-throughput	plain	same program	pcrec_1989c62_vm-caps-simdna	measured	pinned	7	ratio_vs_best	13.630323	12	1.0000	0	0		
rank_yes	level-context	(set)	large-subject-throughput	plain	same program	pcrec_1989c62_vm-in-caps-simdna	measured	pinned	8	median_ns	40955065.300000	12	1.0000	0	0		
rank_yes	level-context	(set)	large-subject-throughput	plain	same program	pcrec_1989c62_vm-in-caps-simdna	measured	pinned	8	min_ns	40846789.200000	12	1.0000	0	0		
rank_yes	level-context	(set)	large-subject-throughput	plain	same program	pcrec_1989c62_vm-in-caps-simdna	measured	pinned	8	max_ns	40984496.500000	12	1.0000	0	0		
rank_yes	level-context	(set)	large-subject-throughput	plain	same program	pcrec_1989c62_vm-in-caps-simdna	measured	pinned	8	stddev_ns	50242.109596	12	1.0000	0	0		
rank_yes	level-context	(set)	large-subject-throughput	plain	same program	pcrec_1989c62_vm-in-caps-simdna	measured	pinned	8	ratio_vs_baseline	6.800630	12	1.0000	0	0		
rank_yes	level-context	(set)	large-subject-throughput	plain	same program	pcrec_1989c62_vm-in-caps-simdna	measured	pinned	8	ratio_vs_best	13.631257	12	1.0000	0	0		
baseline_yes	level-context	(set)	short-subject-search			libpcre2_10.46_interp-caps-simdna				baseline_identity	interp					libpcre2_10.46_interp-caps-simdna (interp, present in this group)	
rank_yes	level-context	(set)	short-subject-search	plain	same program	libpcre2_10.46_jit-caps-simdna	measured	pinned	1	median_ns	115086.665475	112	1.0000	0	0		
rank_yes	level-context	(set)	short-subject-search	plain	same program	libpcre2_10.46_jit-caps-simdna	measured	pinned	1	min_ns	115048.459139	112	1.0000	0	0		
rank_yes	level-context	(set)	short-subject-search	plain	same program	libpcre2_10.46_jit-caps-simdna	measured	pinned	1	max_ns	115441.216202	112	1.0000	0	0		
rank_yes	level-context	(set)	short-subject-search	plain	same program	libpcre2_10.46_jit-caps-simdna	measured	pinned	1	stddev_ns	145.100105	112	1.0000	0	0		
rank_yes	level-context	(set)	short-subject-search	plain	same program	libpcre2_10.46_jit-caps-simdna	measured	pinned	1	ratio_vs_baseline	0.533918	112	1.0000	0	0		
rank_yes	level-context	(set)	short-subject-search	plain	same program	libpcre2_10.46_jit-caps-simdna	measured	pinned	1	ratio_vs_best	1.000000	112	1.0000	0	0		
rank_yes	level-context	(set)	short-subject-search	plain	same program	libpcre2_10.46_interp-caps-simdna	measured	pinned	2	median_ns	215551.094816	112	1.0000	0	0		
rank_yes	level-context	(set)	short-subject-search	plain	same program	libpcre2_10.46_interp-caps-simdna	measured	pinned	2	min_ns	215237.669437	112	1.0000	0	0		
rank_yes	level-context	(set)	short-subject-search	plain	same program	libpcre2_10.46_interp-caps-simdna	measured	pinned	2	max_ns	215844.306797	112	1.0000	0	0		
rank_yes	level-context	(set)	short-subject-search	plain	same program	libpcre2_10.46_interp-caps-simdna	measured	pinned	2	stddev_ns	243.646171	112	1.0000	0	0		
rank_yes	level-context	(set)	short-subject-search	plain	same program	libpcre2_10.46_interp-caps-simdna	measured	pinned	2	ratio_vs_baseline	1.000000	112	1.0000	0	0		
rank_yes	level-context	(set)	short-subject-search	plain	same program	libpcre2_10.46_interp-caps-simdna	measured	pinned	2	ratio_vs_best	1.872946	112	1.0000	0	0		
rank_yes	level-context	(set)	short-subject-search	plain	same program	pcrec_25b1984f_auto-caps-simdna	measured	pinned	3	median_ns	333404.710027	112	1.0000	0	0		unchanged (within spread)
rank_yes	level-context	(set)	short-subject-search	plain	same program	pcrec_25b1984f_auto-caps-simdna	measured	pinned	3	min_ns	332763.258649	112	1.0000	0	0		unchanged (within spread)
rank_yes	level-context	(set)	short-subject-search	plain	same program	pcrec_25b1984f_auto-caps-simdna	measured	pinned	3	max_ns	334032.967122	112	1.0000	0	0		unchanged (within spread)
rank_yes	level-context	(set)	short-subject-search	plain	same program	pcrec_25b1984f_auto-caps-simdna	measured	pinned	3	stddev_ns	476.678130	112	1.0000	0	0		unchanged (within spread)
rank_yes	level-context	(set)	short-subject-search	plain	same program	pcrec_25b1984f_auto-caps-simdna	measured	pinned	3	ratio_vs_baseline	1.546755	112	1.0000	0	0		unchanged (within spread)
rank_yes	level-context	(set)	short-subject-search	plain	same program	pcrec_25b1984f_auto-caps-simdna	measured	pinned	3	ratio_vs_best	2.896988	112	1.0000	0	0		unchanged (within spread)
rank_yes	level-context	(set)	short-subject-search	plain	same program	pcrec_d34c9131_auto-caps-simdna	measured	pinned	4	median_ns	333473.668351	112	1.0000	0	0		
rank_yes	level-context	(set)	short-subject-search	plain	same program	pcrec_d34c9131_auto-caps-simdna	measured	pinned	4	min_ns	333312.853263	112	1.0000	0	0		
rank_yes	level-context	(set)	short-subject-search	plain	same program	pcrec_d34c9131_auto-caps-simdna	measured	pinned	4	max_ns	334311.828854	112	1.0000	0	0		
rank_yes	level-context	(set)	short-subject-search	plain	same program	pcrec_d34c9131_auto-caps-simdna	measured	pinned	4	stddev_ns	380.274315	112	1.0000	0	0		
rank_yes	level-context	(set)	short-subject-search	plain	same program	pcrec_d34c9131_auto-caps-simdna	measured	pinned	4	ratio_vs_baseline	1.547075	112	1.0000	0	0		
rank_yes	level-context	(set)	short-subject-search	plain	same program	pcrec_d34c9131_auto-caps-simdna	measured	pinned	4	ratio_vs_best	2.897587	112	1.0000	0	0		
rank_yes	level-context	(set)	short-subject-search	plain	same program	pcrec_25b1984f_vm-in-caps-simdna	measured	pinned	5	median_ns	1107296.076836	112	1.0000	0	0		faster ×1.39
rank_yes	level-context	(set)	short-subject-search	plain	same program	pcrec_25b1984f_vm-in-caps-simdna	measured	pinned	5	min_ns	1106674.976130	112	1.0000	0	0		faster ×1.39
rank_yes	level-context	(set)	short-subject-search	plain	same program	pcrec_25b1984f_vm-in-caps-simdna	measured	pinned	5	max_ns	1110041.660452	112	1.0000	0	0		faster ×1.39
rank_yes	level-context	(set)	short-subject-search	plain	same program	pcrec_25b1984f_vm-in-caps-simdna	measured	pinned	5	stddev_ns	1205.136562	112	1.0000	0	0		faster ×1.39
rank_yes	level-context	(set)	short-subject-search	plain	same program	pcrec_25b1984f_vm-in-caps-simdna	measured	pinned	5	ratio_vs_baseline	5.137047	112	1.0000	0	0		faster ×1.39
rank_yes	level-context	(set)	short-subject-search	plain	same program	pcrec_25b1984f_vm-in-caps-simdna	measured	pinned	5	ratio_vs_best	9.621411	112	1.0000	0	0		faster ×1.39
rank_yes	level-context	(set)	short-subject-search	plain	same program	pcrec_25b1984f_vm-caps-simdna	measured	pinned	6	median_ns	1107691.694133	112	1.0000	0	0		faster ×1.39
rank_yes	level-context	(set)	short-subject-search	plain	same program	pcrec_25b1984f_vm-caps-simdna	measured	pinned	6	min_ns	1106770.197923	112	1.0000	0	0		faster ×1.39
rank_yes	level-context	(set)	short-subject-search	plain	same program	pcrec_25b1984f_vm-caps-simdna	measured	pinned	6	max_ns	1109021.881106	112	1.0000	0	0		faster ×1.39
rank_yes	level-context	(set)	short-subject-search	plain	same program	pcrec_25b1984f_vm-caps-simdna	measured	pinned	6	stddev_ns	794.456974	112	1.0000	0	0		faster ×1.39
rank_yes	level-context	(set)	short-subject-search	plain	same program	pcrec_25b1984f_vm-caps-simdna	measured	pinned	6	ratio_vs_baseline	5.138882	112	1.0000	0	0		faster ×1.39
rank_yes	level-context	(set)	short-subject-search	plain	same program	pcrec_25b1984f_vm-caps-simdna	measured	pinned	6	ratio_vs_best	9.624848	112	1.0000	0	0		faster ×1.39
rank_yes	level-context	(set)	short-subject-search	plain	same program	pcrec_1989c62_vm-caps-simdna	measured	pinned	7	median_ns	1542781.073869	112	1.0000	0	0		
rank_yes	level-context	(set)	short-subject-search	plain	same program	pcrec_1989c62_vm-caps-simdna	measured	pinned	7	min_ns	1540887.839091	112	1.0000	0	0		
rank_yes	level-context	(set)	short-subject-search	plain	same program	pcrec_1989c62_vm-caps-simdna	measured	pinned	7	max_ns	1548827.702233	112	1.0000	0	0		
rank_yes	level-context	(set)	short-subject-search	plain	same program	pcrec_1989c62_vm-caps-simdna	measured	pinned	7	stddev_ns	2840.529944	112	1.0000	0	0		
rank_yes	level-context	(set)	short-subject-search	plain	same program	pcrec_1989c62_vm-caps-simdna	measured	pinned	7	ratio_vs_baseline	7.157380	112	1.0000	0	0		
rank_yes	level-context	(set)	short-subject-search	plain	same program	pcrec_1989c62_vm-caps-simdna	measured	pinned	7	ratio_vs_best	13.405385	112	1.0000	0	0		
rank_yes	level-context	(set)	short-subject-search	plain	same program	pcrec_1989c62_vm-in-caps-simdna	measured	pinned	8	median_ns	1543051.121784	112	1.0000	0	0		
rank_yes	level-context	(set)	short-subject-search	plain	same program	pcrec_1989c62_vm-in-caps-simdna	measured	pinned	8	min_ns	1541944.193253	112	1.0000	0	0		
rank_yes	level-context	(set)	short-subject-search	plain	same program	pcrec_1989c62_vm-in-caps-simdna	measured	pinned	8	max_ns	1543664.676196	112	1.0000	0	0		
rank_yes	level-context	(set)	short-subject-search	plain	same program	pcrec_1989c62_vm-in-caps-simdna	measured	pinned	8	stddev_ns	655.306548	112	1.0000	0	0		
rank_yes	level-context	(set)	short-subject-search	plain	same program	pcrec_1989c62_vm-in-caps-simdna	measured	pinned	8	ratio_vs_baseline	7.158633	112	1.0000	0	0		
rank_yes	level-context	(set)	short-subject-search	plain	same program	pcrec_1989c62_vm-in-caps-simdna	measured	pinned	8	ratio_vs_best	13.407732	112	1.0000	0	0		
baseline_yes	stack-frame	(set)	large-subject-throughput			libpcre2_10.46_interp-caps-simdna				baseline_identity	interp					libpcre2_10.46_interp-caps-simdna (interp, present in this group)	
rank_yes	stack-frame	(set)	large-subject-throughput	plain	same program	libpcre2_10.46_jit-caps-simdna	measured	pinned	1	median_ns	475090.818215	12	1.0000	0	0		
rank_yes	stack-frame	(set)	large-subject-throughput	plain	same program	libpcre2_10.46_jit-caps-simdna	measured	pinned	1	min_ns	475015.480980	12	1.0000	0	0		
rank_yes	stack-frame	(set)	large-subject-throughput	plain	same program	libpcre2_10.46_jit-caps-simdna	measured	pinned	1	max_ns	476292.014265	12	1.0000	0	0		
rank_yes	stack-frame	(set)	large-subject-throughput	plain	same program	libpcre2_10.46_jit-caps-simdna	measured	pinned	1	stddev_ns	480.819562	12	1.0000	0	0		
rank_yes	stack-frame	(set)	large-subject-throughput	plain	same program	libpcre2_10.46_jit-caps-simdna	measured	pinned	1	ratio_vs_baseline	0.094104	12	1.0000	0	0		
rank_yes	stack-frame	(set)	large-subject-throughput	plain	same program	libpcre2_10.46_jit-caps-simdna	measured	pinned	1	ratio_vs_best	1.000000	12	1.0000	0	0		
rank_yes	stack-frame	(set)	large-subject-throughput	plain	same program	pcrec_d34c9131_auto-caps-simdna	measured	pinned	2	median_ns	1843274.723769	12	1.0000	0	0		
rank_yes	stack-frame	(set)	large-subject-throughput	plain	same program	pcrec_d34c9131_auto-caps-simdna	measured	pinned	2	min_ns	1842195.361884	12	1.0000	0	0		
rank_yes	stack-frame	(set)	large-subject-throughput	plain	same program	pcrec_d34c9131_auto-caps-simdna	measured	pinned	2	max_ns	1846932.905782	12	1.0000	0	0		
rank_yes	stack-frame	(set)	large-subject-throughput	plain	same program	pcrec_d34c9131_auto-caps-simdna	measured	pinned	2	stddev_ns	2030.764602	12	1.0000	0	0		
rank_yes	stack-frame	(set)	large-subject-throughput	plain	same program	pcrec_d34c9131_auto-caps-simdna	measured	pinned	2	ratio_vs_baseline	0.365107	12	1.0000	0	0		
rank_yes	stack-frame	(set)	large-subject-throughput	plain	same program	pcrec_d34c9131_auto-caps-simdna	measured	pinned	2	ratio_vs_best	3.879837	12	1.0000	0	0		
rank_yes	stack-frame	(set)	large-subject-throughput	plain	same program	pcrec_25b1984f_auto-caps-simdna	measured	pinned	3	median_ns	1846619.365751	12	1.0000	0	0		unchanged (within spread)
rank_yes	stack-frame	(set)	large-subject-throughput	plain	same program	pcrec_25b1984f_auto-caps-simdna	measured	pinned	3	min_ns	1844419.308668	12	1.0000	0	0		unchanged (within spread)
rank_yes	stack-frame	(set)	large-subject-throughput	plain	same program	pcrec_25b1984f_auto-caps-simdna	measured	pinned	3	max_ns	1849084.494715	12	1.0000	0	0		unchanged (within spread)
rank_yes	stack-frame	(set)	large-subject-throughput	plain	same program	pcrec_25b1984f_auto-caps-simdna	measured	pinned	3	stddev_ns	1494.504096	12	1.0000	0	0		unchanged (within spread)
rank_yes	stack-frame	(set)	large-subject-throughput	plain	same program	pcrec_25b1984f_auto-caps-simdna	measured	pinned	3	ratio_vs_baseline	0.365770	12	1.0000	0	0		unchanged (within spread)
rank_yes	stack-frame	(set)	large-subject-throughput	plain	same program	pcrec_25b1984f_auto-caps-simdna	measured	pinned	3	ratio_vs_best	3.886877	12	1.0000	0	0		unchanged (within spread)
rank_yes	stack-frame	(set)	large-subject-throughput	plain	same program	libpcre2_10.46_interp-caps-simdna	measured	pinned	4	median_ns	5048586.434783	12	1.0000	0	0		
rank_yes	stack-frame	(set)	large-subject-throughput	plain	same program	libpcre2_10.46_interp-caps-simdna	measured	pinned	4	min_ns	5029502.102174	12	1.0000	0	0		
rank_yes	stack-frame	(set)	large-subject-throughput	plain	same program	libpcre2_10.46_interp-caps-simdna	measured	pinned	4	max_ns	5077655.582609	12	1.0000	0	0		
rank_yes	stack-frame	(set)	large-subject-throughput	plain	same program	libpcre2_10.46_interp-caps-simdna	measured	pinned	4	stddev_ns	18020.386895	12	1.0000	0	0		
rank_yes	stack-frame	(set)	large-subject-throughput	plain	same program	libpcre2_10.46_interp-caps-simdna	measured	pinned	4	ratio_vs_baseline	1.000000	12	1.0000	0	0		
rank_yes	stack-frame	(set)	large-subject-throughput	plain	same program	libpcre2_10.46_interp-caps-simdna	measured	pinned	4	ratio_vs_best	10.626571	12	1.0000	0	0		
rank_yes	stack-frame	(set)	large-subject-throughput	plain	same program	pcrec_1989c62_vm-caps-simdna	measured	pinned	5	median_ns	29171525.071429	12	1.0000	0	0		
rank_yes	stack-frame	(set)	large-subject-throughput	plain	same program	pcrec_1989c62_vm-caps-simdna	measured	pinned	5	min_ns	29153686.428571	12	1.0000	0	0		
rank_yes	stack-frame	(set)	large-subject-throughput	plain	same program	pcrec_1989c62_vm-caps-simdna	measured	pinned	5	max_ns	29202079.964286	12	1.0000	0	0		
rank_yes	stack-frame	(set)	large-subject-throughput	plain	same program	pcrec_1989c62_vm-caps-simdna	measured	pinned	5	stddev_ns	15858.549712	12	1.0000	0	0		
rank_yes	stack-frame	(set)	large-subject-throughput	plain	same program	pcrec_1989c62_vm-caps-simdna	measured	pinned	5	ratio_vs_baseline	5.778157	12	1.0000	0	0		
rank_yes	stack-frame	(set)	large-subject-throughput	plain	same program	pcrec_1989c62_vm-caps-simdna	measured	pinned	5	ratio_vs_best	61.401997	12	1.0000	0	0		
rank_yes	stack-frame	(set)	large-subject-throughput	plain	same program	pcrec_25b1984f_vm-in-caps-simdna	measured	pinned	6	median_ns	29207207.678571	12	1.0000	0	0		faster ×1.00
rank_yes	stack-frame	(set)	large-subject-throughput	plain	same program	pcrec_25b1984f_vm-in-caps-simdna	measured	pinned	6	min_ns	29182811.428571	12	1.0000	0	0		faster ×1.00
rank_yes	stack-frame	(set)	large-subject-throughput	plain	same program	pcrec_25b1984f_vm-in-caps-simdna	measured	pinned	6	max_ns	29219594.500000	12	1.0000	0	0		faster ×1.00
rank_yes	stack-frame	(set)	large-subject-throughput	plain	same program	pcrec_25b1984f_vm-in-caps-simdna	measured	pinned	6	stddev_ns	12040.924152	12	1.0000	0	0		faster ×1.00
rank_yes	stack-frame	(set)	large-subject-throughput	plain	same program	pcrec_25b1984f_vm-in-caps-simdna	measured	pinned	6	ratio_vs_baseline	5.785225	12	1.0000	0	0		faster ×1.00
rank_yes	stack-frame	(set)	large-subject-throughput	plain	same program	pcrec_25b1984f_vm-in-caps-simdna	measured	pinned	6	ratio_vs_best	61.477104	12	1.0000	0	0		faster ×1.00
rank_yes	stack-frame	(set)	large-subject-throughput	plain	same program	pcrec_25b1984f_vm-caps-simdna	measured	pinned	7	median_ns	29211303.464286	12	1.0000	0	0		unchanged (within spread)
rank_yes	stack-frame	(set)	large-subject-throughput	plain	same program	pcrec_25b1984f_vm-caps-simdna	measured	pinned	7	min_ns	29174486.500000	12	1.0000	0	0		unchanged (within spread)
rank_yes	stack-frame	(set)	large-subject-throughput	plain	same program	pcrec_25b1984f_vm-caps-simdna	measured	pinned	7	max_ns	29623661.285714	12	1.0000	0	0		unchanged (within spread)
rank_yes	stack-frame	(set)	large-subject-throughput	plain	same program	pcrec_25b1984f_vm-caps-simdna	measured	pinned	7	stddev_ns	166922.974590	12	1.0000	0	0		unchanged (within spread)
rank_yes	stack-frame	(set)	large-subject-throughput	plain	same program	pcrec_25b1984f_vm-caps-simdna	measured	pinned	7	ratio_vs_baseline	5.786036	12	1.0000	0	0		unchanged (within spread)
rank_yes	stack-frame	(set)	large-subject-throughput	plain	same program	pcrec_25b1984f_vm-caps-simdna	measured	pinned	7	ratio_vs_best	61.485725	12	1.0000	0	0		unchanged (within spread)
rank_yes	stack-frame	(set)	large-subject-throughput	plain	same program	pcrec_1989c62_vm-in-caps-simdna	measured	pinned	8	median_ns	29231821.928571	12	1.0000	0	0		
rank_yes	stack-frame	(set)	large-subject-throughput	plain	same program	pcrec_1989c62_vm-in-caps-simdna	measured	pinned	8	min_ns	29218488.928571	12	1.0000	0	0		
rank_yes	stack-frame	(set)	large-subject-throughput	plain	same program	pcrec_1989c62_vm-in-caps-simdna	measured	pinned	8	max_ns	29242663.678571	12	1.0000	0	0		
rank_yes	stack-frame	(set)	large-subject-throughput	plain	same program	pcrec_1989c62_vm-in-caps-simdna	measured	pinned	8	stddev_ns	10197.582091	12	1.0000	0	0		
rank_yes	stack-frame	(set)	large-subject-throughput	plain	same program	pcrec_1989c62_vm-in-caps-simdna	measured	pinned	8	ratio_vs_baseline	5.790100	12	1.0000	0	0		
rank_yes	stack-frame	(set)	large-subject-throughput	plain	same program	pcrec_1989c62_vm-in-caps-simdna	measured	pinned	8	ratio_vs_best	61.528914	12	1.0000	0	0		
baseline_yes	stack-frame	(set)	short-subject-search			libpcre2_10.46_interp-caps-simdna				baseline_identity	interp					libpcre2_10.46_interp-caps-simdna (interp, present in this group)	
rank_yes	stack-frame	(set)	short-subject-search	plain	same program	libpcre2_10.46_jit-caps-simdna	measured	pinned	1	median_ns	17535.434306	112	1.0000	0	0		
rank_yes	stack-frame	(set)	short-subject-search	plain	same program	libpcre2_10.46_jit-caps-simdna	measured	pinned	1	min_ns	17456.253810	112	1.0000	0	0		
rank_yes	stack-frame	(set)	short-subject-search	plain	same program	libpcre2_10.46_jit-caps-simdna	measured	pinned	1	max_ns	17704.820924	112	1.0000	0	0		
rank_yes	stack-frame	(set)	short-subject-search	plain	same program	libpcre2_10.46_jit-caps-simdna	measured	pinned	1	stddev_ns	94.688791	112	1.0000	0	0		
rank_yes	stack-frame	(set)	short-subject-search	plain	same program	libpcre2_10.46_jit-caps-simdna	measured	pinned	1	ratio_vs_baseline	0.084658	112	1.0000	0	0		
rank_yes	stack-frame	(set)	short-subject-search	plain	same program	libpcre2_10.46_jit-caps-simdna	measured	pinned	1	ratio_vs_best	1.000000	112	1.0000	0	0		
rank_yes	stack-frame	(set)	short-subject-search	plain	same program	pcrec_d34c9131_auto-caps-simdna	measured	pinned	2	median_ns	31834.376002	112	1.0000	0	0		
rank_yes	stack-frame	(set)	short-subject-search	plain	same program	pcrec_d34c9131_auto-caps-simdna	measured	pinned	2	min_ns	31807.323433	112	1.0000	0	0		
rank_yes	stack-frame	(set)	short-subject-search	plain	same program	pcrec_d34c9131_auto-caps-simdna	measured	pinned	2	max_ns	32032.428796	112	1.0000	0	0		
rank_yes	stack-frame	(set)	short-subject-search	plain	same program	pcrec_d34c9131_auto-caps-simdna	measured	pinned	2	stddev_ns	81.267243	112	1.0000	0	0		
rank_yes	stack-frame	(set)	short-subject-search	plain	same program	pcrec_d34c9131_auto-caps-simdna	measured	pinned	2	ratio_vs_baseline	0.153692	112	1.0000	0	0		
rank_yes	stack-frame	(set)	short-subject-search	plain	same program	pcrec_d34c9131_auto-caps-simdna	measured	pinned	2	ratio_vs_best	1.815431	112	1.0000	0	0		
rank_yes	stack-frame	(set)	short-subject-search	plain	same program	pcrec_25b1984f_auto-caps-simdna	measured	pinned	3	median_ns	31868.215086	112	1.0000	0	0		unchanged (within spread)
rank_yes	stack-frame	(set)	short-subject-search	plain	same program	pcrec_25b1984f_auto-caps-simdna	measured	pinned	3	min_ns	31805.529626	112	1.0000	0	0		unchanged (within spread)
rank_yes	stack-frame	(set)	short-subject-search	plain	same program	pcrec_25b1984f_auto-caps-simdna	measured	pinned	3	max_ns	31928.940188	112	1.0000	0	0		unchanged (within spread)
rank_yes	stack-frame	(set)	short-subject-search	plain	same program	pcrec_25b1984f_auto-caps-simdna	measured	pinned	3	stddev_ns	40.080447	112	1.0000	0	0		unchanged (within spread)
rank_yes	stack-frame	(set)	short-subject-search	plain	same program	pcrec_25b1984f_auto-caps-simdna	measured	pinned	3	ratio_vs_baseline	0.153855	112	1.0000	0	0		unchanged (within spread)
rank_yes	stack-frame	(set)	short-subject-search	plain	same program	pcrec_25b1984f_auto-caps-simdna	measured	pinned	3	ratio_vs_best	1.817361	112	1.0000	0	0		unchanged (within spread)
rank_yes	stack-frame	(set)	short-subject-search	plain	same program	libpcre2_10.46_interp-caps-simdna	measured	pinned	4	median_ns	207131.659096	112	1.0000	0	0		
rank_yes	stack-frame	(set)	short-subject-search	plain	same program	libpcre2_10.46_interp-caps-simdna	measured	pinned	4	min_ns	207012.538216	112	1.0000	0	0		
rank_yes	stack-frame	(set)	short-subject-search	plain	same program	libpcre2_10.46_interp-caps-simdna	measured	pinned	4	max_ns	207324.679723	112	1.0000	0	0		
rank_yes	stack-frame	(set)	short-subject-search	plain	same program	libpcre2_10.46_interp-caps-simdna	measured	pinned	4	stddev_ns	128.050522	112	1.0000	0	0		
rank_yes	stack-frame	(set)	short-subject-search	plain	same program	libpcre2_10.46_interp-caps-simdna	measured	pinned	4	ratio_vs_baseline	1.000000	112	1.0000	0	0		
rank_yes	stack-frame	(set)	short-subject-search	plain	same program	libpcre2_10.46_interp-caps-simdna	measured	pinned	4	ratio_vs_best	11.812177	112	1.0000	0	0		
rank_yes	stack-frame	(set)	short-subject-search	plain	same program	pcrec_25b1984f_vm-caps-simdna	measured	pinned	5	median_ns	1118342.124169	112	1.0000	0	0		unchanged (within spread)
rank_yes	stack-frame	(set)	short-subject-search	plain	same program	pcrec_25b1984f_vm-caps-simdna	measured	pinned	5	min_ns	1118148.150450	112	1.0000	0	0		unchanged (within spread)
rank_yes	stack-frame	(set)	short-subject-search	plain	same program	pcrec_25b1984f_vm-caps-simdna	measured	pinned	5	max_ns	1119081.044441	112	1.0000	0	0		unchanged (within spread)
rank_yes	stack-frame	(set)	short-subject-search	plain	same program	pcrec_25b1984f_vm-caps-simdna	measured	pinned	5	stddev_ns	343.269619	112	1.0000	0	0		unchanged (within spread)
rank_yes	stack-frame	(set)	short-subject-search	plain	same program	pcrec_25b1984f_vm-caps-simdna	measured	pinned	5	ratio_vs_baseline	5.399185	112	1.0000	0	0		unchanged (within spread)
rank_yes	stack-frame	(set)	short-subject-search	plain	same program	pcrec_25b1984f_vm-caps-simdna	measured	pinned	5	ratio_vs_best	63.776129	112	1.0000	0	0		unchanged (within spread)
rank_yes	stack-frame	(set)	short-subject-search	plain	same program	pcrec_1989c62_vm-caps-simdna	measured	pinned	6	median_ns	1118343.180061	112	1.0000	0	0		
rank_yes	stack-frame	(set)	short-subject-search	plain	same program	pcrec_1989c62_vm-caps-simdna	measured	pinned	6	min_ns	1117927.155065	112	1.0000	0	0		
rank_yes	stack-frame	(set)	short-subject-search	plain	same program	pcrec_1989c62_vm-caps-simdna	measured	pinned	6	max_ns	1118688.778375	112	1.0000	0	0		
rank_yes	stack-frame	(set)	short-subject-search	plain	same program	pcrec_1989c62_vm-caps-simdna	measured	pinned	6	stddev_ns	276.004929	112	1.0000	0	0		
rank_yes	stack-frame	(set)	short-subject-search	plain	same program	pcrec_1989c62_vm-caps-simdna	measured	pinned	6	ratio_vs_baseline	5.399190	112	1.0000	0	0		
rank_yes	stack-frame	(set)	short-subject-search	plain	same program	pcrec_1989c62_vm-caps-simdna	measured	pinned	6	ratio_vs_best	63.776189	112	1.0000	0	0		
rank_yes	stack-frame	(set)	short-subject-search	plain	same program	pcrec_25b1984f_vm-in-caps-simdna	measured	pinned	7	median_ns	1119978.036503	112	1.0000	0	0		unchanged (within spread)
rank_yes	stack-frame	(set)	short-subject-search	plain	same program	pcrec_25b1984f_vm-in-caps-simdna	measured	pinned	7	min_ns	1119469.206752	112	1.0000	0	0		unchanged (within spread)
rank_yes	stack-frame	(set)	short-subject-search	plain	same program	pcrec_25b1984f_vm-in-caps-simdna	measured	pinned	7	max_ns	1127289.166787	112	1.0000	0	0		unchanged (within spread)
rank_yes	stack-frame	(set)	short-subject-search	plain	same program	pcrec_25b1984f_vm-in-caps-simdna	measured	pinned	7	stddev_ns	2995.109390	112	1.0000	0	0		unchanged (within spread)
rank_yes	stack-frame	(set)	short-subject-search	plain	same program	pcrec_25b1984f_vm-in-caps-simdna	measured	pinned	7	ratio_vs_baseline	5.407083	112	1.0000	0	0		unchanged (within spread)
rank_yes	stack-frame	(set)	short-subject-search	plain	same program	pcrec_25b1984f_vm-in-caps-simdna	measured	pinned	7	ratio_vs_best	63.869421	112	1.0000	0	0		unchanged (within spread)
rank_yes	stack-frame	(set)	short-subject-search	plain	same program	pcrec_1989c62_vm-in-caps-simdna	measured	pinned	8	median_ns	1120417.217247	112	1.0000	0	0		
rank_yes	stack-frame	(set)	short-subject-search	plain	same program	pcrec_1989c62_vm-in-caps-simdna	measured	pinned	8	min_ns	1119900.714368	112	1.0000	0	0		
rank_yes	stack-frame	(set)	short-subject-search	plain	same program	pcrec_1989c62_vm-in-caps-simdna	measured	pinned	8	max_ns	1121096.972070	112	1.0000	0	0		
rank_yes	stack-frame	(set)	short-subject-search	plain	same program	pcrec_1989c62_vm-in-caps-simdna	measured	pinned	8	stddev_ns	419.067638	112	1.0000	0	0		
rank_yes	stack-frame	(set)	short-subject-search	plain	same program	pcrec_1989c62_vm-in-caps-simdna	measured	pinned	8	ratio_vs_baseline	5.409203	112	1.0000	0	0		
rank_yes	stack-frame	(set)	short-subject-search	plain	same program	pcrec_1989c62_vm-in-caps-simdna	measured	pinned	8	ratio_vs_best	63.894466	112	1.0000	0	0		
baseline_yes	uuid	(set)	large-subject-throughput			libpcre2_10.46_interp-caps-simdna				baseline_identity	interp					libpcre2_10.46_interp-caps-simdna (interp, present in this group)	
rank_yes	uuid	(set)	large-subject-throughput	plain	same program	pcrec_d34c9131_auto-caps-simdna	measured	pinned	1	median_ns	1078097.814189	12	1.0000	0	0		
rank_yes	uuid	(set)	large-subject-throughput	plain	same program	pcrec_d34c9131_auto-caps-simdna	measured	pinned	1	min_ns	1077563.327703	12	1.0000	0	0		
rank_yes	uuid	(set)	large-subject-throughput	plain	same program	pcrec_d34c9131_auto-caps-simdna	measured	pinned	1	max_ns	1079857.769144	12	1.0000	0	0		
rank_yes	uuid	(set)	large-subject-throughput	plain	same program	pcrec_d34c9131_auto-caps-simdna	measured	pinned	1	stddev_ns	895.748609	12	1.0000	0	0		
rank_yes	uuid	(set)	large-subject-throughput	plain	same program	pcrec_d34c9131_auto-caps-simdna	measured	pinned	1	ratio_vs_baseline	0.010943	12	1.0000	0	0		
rank_yes	uuid	(set)	large-subject-throughput	plain	same program	pcrec_d34c9131_auto-caps-simdna	measured	pinned	1	ratio_vs_best	1.000000	12	1.0000	0	0		
rank_yes	uuid	(set)	large-subject-throughput	plain	same program	pcrec_25b1984f_auto-caps-simdna	measured	pinned	2	median_ns	1080328.297968	12	1.0000	0	0		slower ×1.00
rank_yes	uuid	(set)	large-subject-throughput	plain	same program	pcrec_25b1984f_auto-caps-simdna	measured	pinned	2	min_ns	1079253.948081	12	1.0000	0	0		slower ×1.00
rank_yes	uuid	(set)	large-subject-throughput	plain	same program	pcrec_25b1984f_auto-caps-simdna	measured	pinned	2	max_ns	1081199.917607	12	1.0000	0	0		slower ×1.00
rank_yes	uuid	(set)	large-subject-throughput	plain	same program	pcrec_25b1984f_auto-caps-simdna	measured	pinned	2	stddev_ns	659.594809	12	1.0000	0	0		slower ×1.00
rank_yes	uuid	(set)	large-subject-throughput	plain	same program	pcrec_25b1984f_auto-caps-simdna	measured	pinned	2	ratio_vs_baseline	0.010965	12	1.0000	0	0		slower ×1.00
rank_yes	uuid	(set)	large-subject-throughput	plain	same program	pcrec_25b1984f_auto-caps-simdna	measured	pinned	2	ratio_vs_best	1.002069	12	1.0000	0	0		slower ×1.00
rank_yes	uuid	(set)	large-subject-throughput	plain	same program	libpcre2_10.46_jit-caps-simdna	measured	pinned	3	median_ns	1737828.366890	12	1.0000	0	0		
rank_yes	uuid	(set)	large-subject-throughput	plain	same program	libpcre2_10.46_jit-caps-simdna	measured	pinned	3	min_ns	1735170.275168	12	1.0000	0	0		
rank_yes	uuid	(set)	large-subject-throughput	plain	same program	libpcre2_10.46_jit-caps-simdna	measured	pinned	3	max_ns	1738052.212528	12	1.0000	0	0		
rank_yes	uuid	(set)	large-subject-throughput	plain	same program	libpcre2_10.46_jit-caps-simdna	measured	pinned	3	stddev_ns	1109.664754	12	1.0000	0	0		
rank_yes	uuid	(set)	large-subject-throughput	plain	same program	libpcre2_10.46_jit-caps-simdna	measured	pinned	3	ratio_vs_baseline	0.017639	12	1.0000	0	0		
rank_yes	uuid	(set)	large-subject-throughput	plain	same program	libpcre2_10.46_jit-caps-simdna	measured	pinned	3	ratio_vs_best	1.611939	12	1.0000	0	0		
rank_yes	uuid	(set)	large-subject-throughput	plain	same program	pcrec_1989c62_vm-in-caps-simdna	measured	pinned	4	median_ns	33561566.480000	12	1.0000	0	0		
rank_yes	uuid	(set)	large-subject-throughput	plain	same program	pcrec_1989c62_vm-in-caps-simdna	measured	pinned	4	min_ns	33284334.160000	12	1.0000	0	0		
rank_yes	uuid	(set)	large-subject-throughput	plain	same program	pcrec_1989c62_vm-in-caps-simdna	measured	pinned	4	max_ns	33620140.480000	12	1.0000	0	0		
rank_yes	uuid	(set)	large-subject-throughput	plain	same program	pcrec_1989c62_vm-in-caps-simdna	measured	pinned	4	stddev_ns	123626.906693	12	1.0000	0	0		
rank_yes	uuid	(set)	large-subject-throughput	plain	same program	pcrec_1989c62_vm-in-caps-simdna	measured	pinned	4	ratio_vs_baseline	0.340654	12	1.0000	0	0		
rank_yes	uuid	(set)	large-subject-throughput	plain	same program	pcrec_1989c62_vm-in-caps-simdna	measured	pinned	4	ratio_vs_best	31.130354	12	1.0000	0	0		
rank_yes	uuid	(set)	large-subject-throughput	plain	same program	pcrec_1989c62_vm-caps-simdna	measured	pinned	5	median_ns	33578541.040000	12	1.0000	0	0		
rank_yes	uuid	(set)	large-subject-throughput	plain	same program	pcrec_1989c62_vm-caps-simdna	measured	pinned	5	min_ns	33210204.480000	12	1.0000	0	0		
rank_yes	uuid	(set)	large-subject-throughput	plain	same program	pcrec_1989c62_vm-caps-simdna	measured	pinned	5	max_ns	33610729.680000	12	1.0000	0	0		
rank_yes	uuid	(set)	large-subject-throughput	plain	same program	pcrec_1989c62_vm-caps-simdna	measured	pinned	5	stddev_ns	152450.759851	12	1.0000	0	0		
rank_yes	uuid	(set)	large-subject-throughput	plain	same program	pcrec_1989c62_vm-caps-simdna	measured	pinned	5	ratio_vs_baseline	0.340826	12	1.0000	0	0		
rank_yes	uuid	(set)	large-subject-throughput	plain	same program	pcrec_1989c62_vm-caps-simdna	measured	pinned	5	ratio_vs_best	31.146099	12	1.0000	0	0		
rank_yes	uuid	(set)	large-subject-throughput	plain	same program	pcrec_25b1984f_vm-caps-simdna	measured	pinned	6	median_ns	33687659.200000	12	1.0000	0	0		unchanged (within spread)
rank_yes	uuid	(set)	large-subject-throughput	plain	same program	pcrec_25b1984f_vm-caps-simdna	measured	pinned	6	min_ns	33559788.560000	12	1.0000	0	0		unchanged (within spread)
rank_yes	uuid	(set)	large-subject-throughput	plain	same program	pcrec_25b1984f_vm-caps-simdna	measured	pinned	6	max_ns	33841273.240000	12	1.0000	0	0		unchanged (within spread)
rank_yes	uuid	(set)	large-subject-throughput	plain	same program	pcrec_25b1984f_vm-caps-simdna	measured	pinned	6	stddev_ns	102263.067596	12	1.0000	0	0		unchanged (within spread)
rank_yes	uuid	(set)	large-subject-throughput	plain	same program	pcrec_25b1984f_vm-caps-simdna	measured	pinned	6	ratio_vs_baseline	0.341934	12	1.0000	0	0		unchanged (within spread)
rank_yes	uuid	(set)	large-subject-throughput	plain	same program	pcrec_25b1984f_vm-caps-simdna	measured	pinned	6	ratio_vs_best	31.247312	12	1.0000	0	0		unchanged (within spread)
rank_yes	uuid	(set)	large-subject-throughput	plain	same program	pcrec_25b1984f_vm-in-caps-simdna	measured	pinned	7	median_ns	33697054.960000	12	1.0000	0	0		unchanged (within spread)
rank_yes	uuid	(set)	large-subject-throughput	plain	same program	pcrec_25b1984f_vm-in-caps-simdna	measured	pinned	7	min_ns	33263223.080000	12	1.0000	0	0		unchanged (within spread)
rank_yes	uuid	(set)	large-subject-throughput	plain	same program	pcrec_25b1984f_vm-in-caps-simdna	measured	pinned	7	max_ns	33828107.640000	12	1.0000	0	0		unchanged (within spread)
rank_yes	uuid	(set)	large-subject-throughput	plain	same program	pcrec_25b1984f_vm-in-caps-simdna	measured	pinned	7	stddev_ns	226812.998159	12	1.0000	0	0		unchanged (within spread)
rank_yes	uuid	(set)	large-subject-throughput	plain	same program	pcrec_25b1984f_vm-in-caps-simdna	measured	pinned	7	ratio_vs_baseline	0.342029	12	1.0000	0	0		unchanged (within spread)
rank_yes	uuid	(set)	large-subject-throughput	plain	same program	pcrec_25b1984f_vm-in-caps-simdna	measured	pinned	7	ratio_vs_best	31.256028	12	1.0000	0	0		unchanged (within spread)
rank_yes	uuid	(set)	large-subject-throughput	plain	same program	libpcre2_10.46_interp-caps-simdna	measured	pinned	8	median_ns	98521050.666667	12	1.0000	0	0		
rank_yes	uuid	(set)	large-subject-throughput	plain	same program	libpcre2_10.46_interp-caps-simdna	measured	pinned	8	min_ns	98344419.555556	12	1.0000	0	0		
rank_yes	uuid	(set)	large-subject-throughput	plain	same program	libpcre2_10.46_interp-caps-simdna	measured	pinned	8	max_ns	98700163.777778	12	1.0000	0	0		
rank_yes	uuid	(set)	large-subject-throughput	plain	same program	libpcre2_10.46_interp-caps-simdna	measured	pinned	8	stddev_ns	120487.300492	12	1.0000	0	0		
rank_yes	uuid	(set)	large-subject-throughput	plain	same program	libpcre2_10.46_interp-caps-simdna	measured	pinned	8	ratio_vs_baseline	1.000000	12	1.0000	0	0		
rank_yes	uuid	(set)	large-subject-throughput	plain	same program	libpcre2_10.46_interp-caps-simdna	measured	pinned	8	ratio_vs_best	91.384148	12	1.0000	0	0		
baseline_yes	uuid	(set)	short-subject-search			libpcre2_10.46_interp-caps-simdna				baseline_identity	interp					libpcre2_10.46_interp-caps-simdna (interp, present in this group)	
rank_yes	uuid	(set)	short-subject-search	plain	same program	pcrec_25b1984f_auto-caps-simdna	measured	pinned	1	median_ns	21037.569894	112	1.0000	0	0		faster ×1.01
rank_yes	uuid	(set)	short-subject-search	plain	same program	pcrec_25b1984f_auto-caps-simdna	measured	pinned	1	min_ns	21028.059239	112	1.0000	0	0		faster ×1.01
rank_yes	uuid	(set)	short-subject-search	plain	same program	pcrec_25b1984f_auto-caps-simdna	measured	pinned	1	max_ns	21068.078548	112	1.0000	0	0		faster ×1.01
rank_yes	uuid	(set)	short-subject-search	plain	same program	pcrec_25b1984f_auto-caps-simdna	measured	pinned	1	stddev_ns	16.424247	112	1.0000	0	0		faster ×1.01
rank_yes	uuid	(set)	short-subject-search	plain	same program	pcrec_25b1984f_auto-caps-simdna	measured	pinned	1	ratio_vs_baseline	0.005679	112	1.0000	0	0		faster ×1.01
rank_yes	uuid	(set)	short-subject-search	plain	same program	pcrec_25b1984f_auto-caps-simdna	measured	pinned	1	ratio_vs_best	1.000000	112	1.0000	0	0		faster ×1.01
rank_yes	uuid	(set)	short-subject-search	plain	same program	pcrec_d34c9131_auto-caps-simdna	measured	pinned	2	median_ns	21215.144510	112	1.0000	0	0		
rank_yes	uuid	(set)	short-subject-search	plain	same program	pcrec_d34c9131_auto-caps-simdna	measured	pinned	2	min_ns	21187.454045	112	1.0000	0	0		
rank_yes	uuid	(set)	short-subject-search	plain	same program	pcrec_d34c9131_auto-caps-simdna	measured	pinned	2	max_ns	21292.230802	112	1.0000	0	0		
rank_yes	uuid	(set)	short-subject-search	plain	same program	pcrec_d34c9131_auto-caps-simdna	measured	pinned	2	stddev_ns	41.138155	112	1.0000	0	0		
rank_yes	uuid	(set)	short-subject-search	plain	same program	pcrec_d34c9131_auto-caps-simdna	measured	pinned	2	ratio_vs_baseline	0.005726	112	1.0000	0	0		
rank_yes	uuid	(set)	short-subject-search	plain	same program	pcrec_d34c9131_auto-caps-simdna	measured	pinned	2	ratio_vs_best	1.008441	112	1.0000	0	0		
rank_yes	uuid	(set)	short-subject-search	plain	same program	libpcre2_10.46_jit-caps-simdna	measured	pinned	3	median_ns	35647.451022	112	1.0000	0	0		
rank_yes	uuid	(set)	short-subject-search	plain	same program	libpcre2_10.46_jit-caps-simdna	measured	pinned	3	min_ns	35483.631830	112	1.0000	0	0		
rank_yes	uuid	(set)	short-subject-search	plain	same program	libpcre2_10.46_jit-caps-simdna	measured	pinned	3	max_ns	35826.809367	112	1.0000	0	0		
rank_yes	uuid	(set)	short-subject-search	plain	same program	libpcre2_10.46_jit-caps-simdna	measured	pinned	3	stddev_ns	129.696519	112	1.0000	0	0		
rank_yes	uuid	(set)	short-subject-search	plain	same program	libpcre2_10.46_jit-caps-simdna	measured	pinned	3	ratio_vs_baseline	0.009622	112	1.0000	0	0		
rank_yes	uuid	(set)	short-subject-search	plain	same program	libpcre2_10.46_jit-caps-simdna	measured	pinned	3	ratio_vs_best	1.694466	112	1.0000	0	0		
rank_yes	uuid	(set)	short-subject-search	plain	same program	pcrec_25b1984f_vm-caps-simdna	measured	pinned	4	median_ns	1277633.568421	112	1.0000	0	0		unchanged (within spread)
rank_yes	uuid	(set)	short-subject-search	plain	same program	pcrec_25b1984f_vm-caps-simdna	measured	pinned	4	min_ns	1270043.288007	112	1.0000	0	0		unchanged (within spread)
rank_yes	uuid	(set)	short-subject-search	plain	same program	pcrec_25b1984f_vm-caps-simdna	measured	pinned	4	max_ns	1289767.160483	112	1.0000	0	0		unchanged (within spread)
rank_yes	uuid	(set)	short-subject-search	plain	same program	pcrec_25b1984f_vm-caps-simdna	measured	pinned	4	stddev_ns	6875.414156	112	1.0000	0	0		unchanged (within spread)
rank_yes	uuid	(set)	short-subject-search	plain	same program	pcrec_25b1984f_vm-caps-simdna	measured	pinned	4	ratio_vs_baseline	0.344864	112	1.0000	0	0		unchanged (within spread)
rank_yes	uuid	(set)	short-subject-search	plain	same program	pcrec_25b1984f_vm-caps-simdna	measured	pinned	4	ratio_vs_best	60.731043	112	1.0000	0	0		unchanged (within spread)
rank_yes	uuid	(set)	short-subject-search	plain	same program	pcrec_1989c62_vm-in-caps-simdna	measured	pinned	5	median_ns	1278715.179792	112	1.0000	0	0		
rank_yes	uuid	(set)	short-subject-search	plain	same program	pcrec_1989c62_vm-in-caps-simdna	measured	pinned	5	min_ns	1265845.349719	112	1.0000	0	0		
rank_yes	uuid	(set)	short-subject-search	plain	same program	pcrec_1989c62_vm-in-caps-simdna	measured	pinned	5	max_ns	1285077.356693	112	1.0000	0	0		
rank_yes	uuid	(set)	short-subject-search	plain	same program	pcrec_1989c62_vm-in-caps-simdna	measured	pinned	5	stddev_ns	6262.771244	112	1.0000	0	0		
rank_yes	uuid	(set)	short-subject-search	plain	same program	pcrec_1989c62_vm-in-caps-simdna	measured	pinned	5	ratio_vs_baseline	0.345156	112	1.0000	0	0		
rank_yes	uuid	(set)	short-subject-search	plain	same program	pcrec_1989c62_vm-in-caps-simdna	measured	pinned	5	ratio_vs_best	60.782457	112	1.0000	0	0		
rank_yes	uuid	(set)	short-subject-search	plain	same program	pcrec_1989c62_vm-caps-simdna	measured	pinned	6	median_ns	1280188.420837	112	1.0000	0	0		
rank_yes	uuid	(set)	short-subject-search	plain	same program	pcrec_1989c62_vm-caps-simdna	measured	pinned	6	min_ns	1254196.332878	112	1.0000	0	0		
rank_yes	uuid	(set)	short-subject-search	plain	same program	pcrec_1989c62_vm-caps-simdna	measured	pinned	6	max_ns	1291983.830743	112	1.0000	0	0		
rank_yes	uuid	(set)	short-subject-search	plain	same program	pcrec_1989c62_vm-caps-simdna	measured	pinned	6	stddev_ns	12472.443009	112	1.0000	0	0		
rank_yes	uuid	(set)	short-subject-search	plain	same program	pcrec_1989c62_vm-caps-simdna	measured	pinned	6	ratio_vs_baseline	0.345554	112	1.0000	0	0		
rank_yes	uuid	(set)	short-subject-search	plain	same program	pcrec_1989c62_vm-caps-simdna	measured	pinned	6	ratio_vs_best	60.852486	112	1.0000	0	0		
rank_yes	uuid	(set)	short-subject-search	plain	same program	pcrec_25b1984f_vm-in-caps-simdna	measured	pinned	7	median_ns	1284208.871441	112	1.0000	0	0		unchanged (within spread)
rank_yes	uuid	(set)	short-subject-search	plain	same program	pcrec_25b1984f_vm-in-caps-simdna	measured	pinned	7	min_ns	1275192.489560	112	1.0000	0	0		unchanged (within spread)
rank_yes	uuid	(set)	short-subject-search	plain	same program	pcrec_25b1984f_vm-in-caps-simdna	measured	pinned	7	max_ns	1287637.800518	112	1.0000	0	0		unchanged (within spread)
rank_yes	uuid	(set)	short-subject-search	plain	same program	pcrec_25b1984f_vm-in-caps-simdna	measured	pinned	7	stddev_ns	5395.353003	112	1.0000	0	0		unchanged (within spread)
rank_yes	uuid	(set)	short-subject-search	plain	same program	pcrec_25b1984f_vm-in-caps-simdna	measured	pinned	7	ratio_vs_baseline	0.346639	112	1.0000	0	0		unchanged (within spread)
rank_yes	uuid	(set)	short-subject-search	plain	same program	pcrec_25b1984f_vm-in-caps-simdna	measured	pinned	7	ratio_vs_best	61.043594	112	1.0000	0	0		unchanged (within spread)
rank_yes	uuid	(set)	short-subject-search	plain	same program	libpcre2_10.46_interp-caps-simdna	measured	pinned	8	median_ns	3704741.350552	112	1.0000	0	0		
rank_yes	uuid	(set)	short-subject-search	plain	same program	libpcre2_10.46_interp-caps-simdna	measured	pinned	8	min_ns	3702911.121364	112	1.0000	0	0		
rank_yes	uuid	(set)	short-subject-search	plain	same program	libpcre2_10.46_interp-caps-simdna	measured	pinned	8	max_ns	3739906.595286	112	1.0000	0	0		
rank_yes	uuid	(set)	short-subject-search	plain	same program	libpcre2_10.46_interp-caps-simdna	measured	pinned	8	stddev_ns	14134.707771	112	1.0000	0	0		
rank_yes	uuid	(set)	short-subject-search	plain	same program	libpcre2_10.46_interp-caps-simdna	measured	pinned	8	ratio_vs_baseline	1.000000	112	1.0000	0	0		
rank_yes	uuid	(set)	short-subject-search	plain	same program	libpcre2_10.46_interp-caps-simdna	measured	pinned	8	ratio_vs_best	176.101202	112	1.0000	0	0		
baseline_no	bignum	(set)	large-subject-throughput			pcrec_1989c62_auto-nocaps-simdna				baseline_identity	row-best-fallback					pcrec_1989c62_auto-nocaps-simdna (row-best fallback -- interp absent from this group)	
rank_no	bignum	(set)	large-subject-throughput	plain	same program	pcrec_1989c62_auto-nocaps-simdna	measured	pinned	1	median_ns	13188159.985075	12	1.0000	0	0		
rank_no	bignum	(set)	large-subject-throughput	plain	same program	pcrec_1989c62_auto-nocaps-simdna	measured	pinned	1	min_ns	13016458.820896	12	1.0000	0	0		
rank_no	bignum	(set)	large-subject-throughput	plain	same program	pcrec_1989c62_auto-nocaps-simdna	measured	pinned	1	max_ns	13223096.149254	12	1.0000	0	0		
rank_no	bignum	(set)	large-subject-throughput	plain	same program	pcrec_1989c62_auto-nocaps-simdna	measured	pinned	1	stddev_ns	75230.221695	12	1.0000	0	0		
rank_no	bignum	(set)	large-subject-throughput	plain	same program	pcrec_1989c62_auto-nocaps-simdna	measured	pinned	1	ratio_vs_baseline	1.000000	12	1.0000	0	0		
rank_no	bignum	(set)	large-subject-throughput	plain	same program	pcrec_1989c62_auto-nocaps-simdna	measured	pinned	1	ratio_vs_best	1.000000	12	1.0000	0	0		
rank_no	bignum	(set)	large-subject-throughput	plain	same program	pcrec_25b1984f_auto-nocaps-simdna	measured	pinned	2	median_ns	13201447.402985	12	1.0000	0	0		unchanged (within spread)
rank_no	bignum	(set)	large-subject-throughput	plain	same program	pcrec_25b1984f_auto-nocaps-simdna	measured	pinned	2	min_ns	13118232.208955	12	1.0000	0	0		unchanged (within spread)
rank_no	bignum	(set)	large-subject-throughput	plain	same program	pcrec_25b1984f_auto-nocaps-simdna	measured	pinned	2	max_ns	13209410.731343	12	1.0000	0	0		unchanged (within spread)
rank_no	bignum	(set)	large-subject-throughput	plain	same program	pcrec_25b1984f_auto-nocaps-simdna	measured	pinned	2	stddev_ns	34452.201937	12	1.0000	0	0		unchanged (within spread)
rank_no	bignum	(set)	large-subject-throughput	plain	same program	pcrec_25b1984f_auto-nocaps-simdna	measured	pinned	2	ratio_vs_baseline	1.001008	12	1.0000	0	0		unchanged (within spread)
rank_no	bignum	(set)	large-subject-throughput	plain	same program	pcrec_25b1984f_auto-nocaps-simdna	measured	pinned	2	ratio_vs_best	1.001008	12	1.0000	0	0		unchanged (within spread)
baseline_no	bignum	(set)	short-subject-search			pcrec_1989c62_auto-nocaps-simdna				baseline_identity	row-best-fallback					pcrec_1989c62_auto-nocaps-simdna (row-best fallback -- interp absent from this group)	
rank_no	bignum	(set)	short-subject-search	plain	same program	pcrec_1989c62_auto-nocaps-simdna	measured	pinned	1	median_ns	427977.560095	112	1.0000	0	0		
rank_no	bignum	(set)	short-subject-search	plain	same program	pcrec_1989c62_auto-nocaps-simdna	measured	pinned	1	min_ns	425540.643320	112	1.0000	0	0		
rank_no	bignum	(set)	short-subject-search	plain	same program	pcrec_1989c62_auto-nocaps-simdna	measured	pinned	1	max_ns	431841.490056	112	1.0000	0	0		
rank_no	bignum	(set)	short-subject-search	plain	same program	pcrec_1989c62_auto-nocaps-simdna	measured	pinned	1	stddev_ns	2479.359747	112	1.0000	0	0		
rank_no	bignum	(set)	short-subject-search	plain	same program	pcrec_1989c62_auto-nocaps-simdna	measured	pinned	1	ratio_vs_baseline	1.000000	112	1.0000	0	0		
rank_no	bignum	(set)	short-subject-search	plain	same program	pcrec_1989c62_auto-nocaps-simdna	measured	pinned	1	ratio_vs_best	1.000000	112	1.0000	0	0		
rank_no	bignum	(set)	short-subject-search	plain	same program	pcrec_25b1984f_auto-nocaps-simdna	measured	pinned	2	median_ns	430718.845538	112	1.0000	0	0		unchanged (within spread)
rank_no	bignum	(set)	short-subject-search	plain	same program	pcrec_25b1984f_auto-nocaps-simdna	measured	pinned	2	min_ns	427072.904876	112	1.0000	0	0		unchanged (within spread)
rank_no	bignum	(set)	short-subject-search	plain	same program	pcrec_25b1984f_auto-nocaps-simdna	measured	pinned	2	max_ns	432153.992469	112	1.0000	0	0		unchanged (within spread)
rank_no	bignum	(set)	short-subject-search	plain	same program	pcrec_25b1984f_auto-nocaps-simdna	measured	pinned	2	stddev_ns	1740.947879	112	1.0000	0	0		unchanged (within spread)
rank_no	bignum	(set)	short-subject-search	plain	same program	pcrec_25b1984f_auto-nocaps-simdna	measured	pinned	2	ratio_vs_baseline	1.006405	112	1.0000	0	0		unchanged (within spread)
rank_no	bignum	(set)	short-subject-search	plain	same program	pcrec_25b1984f_auto-nocaps-simdna	measured	pinned	2	ratio_vs_best	1.006405	112	1.0000	0	0		unchanged (within spread)
baseline_no	floor	(set)	large-subject-throughput			pcrec_1989c62_auto-nocaps-simdna				baseline_identity	row-best-fallback					pcrec_1989c62_auto-nocaps-simdna (row-best fallback -- interp absent from this group)	
rank_no	floor	(set)	large-subject-throughput	plain	same program	pcrec_1989c62_auto-nocaps-simdna	measured	pinned	1	median_ns	2906596.382979	12	1.0000	0	0		
rank_no	floor	(set)	large-subject-throughput	plain	same program	pcrec_1989c62_auto-nocaps-simdna	measured	pinned	1	min_ns	2904353.315603	12	1.0000	0	0		
rank_no	floor	(set)	large-subject-throughput	plain	same program	pcrec_1989c62_auto-nocaps-simdna	measured	pinned	1	max_ns	2912599.648936	12	1.0000	0	0		
rank_no	floor	(set)	large-subject-throughput	plain	same program	pcrec_1989c62_auto-nocaps-simdna	measured	pinned	1	stddev_ns	2845.434924	12	1.0000	0	0		
rank_no	floor	(set)	large-subject-throughput	plain	same program	pcrec_1989c62_auto-nocaps-simdna	measured	pinned	1	ratio_vs_baseline	1.000000	12	1.0000	0	0		
rank_no	floor	(set)	large-subject-throughput	plain	same program	pcrec_1989c62_auto-nocaps-simdna	measured	pinned	1	ratio_vs_best	1.000000	12	1.0000	0	0		
rank_no	floor	(set)	large-subject-throughput	plain	same program	pcrec_25b1984f_auto-nocaps-simdna	measured	pinned	2	median_ns	3834279.630332	12	1.0000	0	0		slower ×1.32
rank_no	floor	(set)	large-subject-throughput	plain	same program	pcrec_25b1984f_auto-nocaps-simdna	measured	pinned	2	min_ns	3832135.308057	12	1.0000	0	0		slower ×1.32
rank_no	floor	(set)	large-subject-throughput	plain	same program	pcrec_25b1984f_auto-nocaps-simdna	measured	pinned	2	max_ns	3836022.483412	12	1.0000	0	0		slower ×1.32
rank_no	floor	(set)	large-subject-throughput	plain	same program	pcrec_25b1984f_auto-nocaps-simdna	measured	pinned	2	stddev_ns	1234.390194	12	1.0000	0	0		slower ×1.32
rank_no	floor	(set)	large-subject-throughput	plain	same program	pcrec_25b1984f_auto-nocaps-simdna	measured	pinned	2	ratio_vs_baseline	1.319165	12	1.0000	0	0		slower ×1.32
rank_no	floor	(set)	large-subject-throughput	plain	same program	pcrec_25b1984f_auto-nocaps-simdna	measured	pinned	2	ratio_vs_best	1.319165	12	1.0000	0	0		slower ×1.32
baseline_no	floor	(set)	short-subject-search			pcrec_1989c62_auto-nocaps-simdna				baseline_identity	row-best-fallback					pcrec_1989c62_auto-nocaps-simdna (row-best fallback -- interp absent from this group)	
rank_no	floor	(set)	short-subject-search	plain	same program	pcrec_1989c62_auto-nocaps-simdna	measured	pinned	1	median_ns	2038.796946	112	1.0000	0	0		
rank_no	floor	(set)	short-subject-search	plain	same program	pcrec_1989c62_auto-nocaps-simdna	measured	pinned	1	min_ns	2036.651546	112	1.0000	0	0		
rank_no	floor	(set)	short-subject-search	plain	same program	pcrec_1989c62_auto-nocaps-simdna	measured	pinned	1	max_ns	2050.815128	112	1.0000	0	0		
rank_no	floor	(set)	short-subject-search	plain	same program	pcrec_1989c62_auto-nocaps-simdna	measured	pinned	1	stddev_ns	5.234159	112	1.0000	0	0		
rank_no	floor	(set)	short-subject-search	plain	same program	pcrec_1989c62_auto-nocaps-simdna	measured	pinned	1	ratio_vs_baseline	1.000000	112	1.0000	0	0		
rank_no	floor	(set)	short-subject-search	plain	same program	pcrec_1989c62_auto-nocaps-simdna	measured	pinned	1	ratio_vs_best	1.000000	112	1.0000	0	0		
rank_no	floor	(set)	short-subject-search	plain	same program	pcrec_25b1984f_auto-nocaps-simdna	measured	pinned	2	median_ns	2056.105243	112	1.0000	0	0		slower ×1.01
rank_no	floor	(set)	short-subject-search	plain	same program	pcrec_25b1984f_auto-nocaps-simdna	measured	pinned	2	min_ns	2053.743468	112	1.0000	0	0		slower ×1.01
rank_no	floor	(set)	short-subject-search	plain	same program	pcrec_25b1984f_auto-nocaps-simdna	measured	pinned	2	max_ns	2057.855979	112	1.0000	0	0		slower ×1.01
rank_no	floor	(set)	short-subject-search	plain	same program	pcrec_25b1984f_auto-nocaps-simdna	measured	pinned	2	stddev_ns	1.579086	112	1.0000	0	0		slower ×1.01
rank_no	floor	(set)	short-subject-search	plain	same program	pcrec_25b1984f_auto-nocaps-simdna	measured	pinned	2	ratio_vs_baseline	1.008489	112	1.0000	0	0		slower ×1.01
rank_no	floor	(set)	short-subject-search	plain	same program	pcrec_25b1984f_auto-nocaps-simdna	measured	pinned	2	ratio_vs_best	1.008489	112	1.0000	0	0		slower ×1.01
baseline_no	hex32-id	(set)	large-subject-throughput			pcrec_1989c62_auto-nocaps-simdna				baseline_identity	row-best-fallback					pcrec_1989c62_auto-nocaps-simdna (row-best fallback -- interp absent from this group)	
rank_no	hex32-id	(set)	large-subject-throughput	plain	same program	pcrec_1989c62_auto-nocaps-simdna	measured	pinned	1	median_ns	13026945.176471	12	1.0000	0	0		
rank_no	hex32-id	(set)	large-subject-throughput	plain	same program	pcrec_1989c62_auto-nocaps-simdna	measured	pinned	1	min_ns	12961707.720588	12	1.0000	0	0		
rank_no	hex32-id	(set)	large-subject-throughput	plain	same program	pcrec_1989c62_auto-nocaps-simdna	measured	pinned	1	max_ns	13236722.441176	12	1.0000	0	0		
rank_no	hex32-id	(set)	large-subject-throughput	plain	same program	pcrec_1989c62_auto-nocaps-simdna	measured	pinned	1	stddev_ns	109576.761540	12	1.0000	0	0		
rank_no	hex32-id	(set)	large-subject-throughput	plain	same program	pcrec_1989c62_auto-nocaps-simdna	measured	pinned	1	ratio_vs_baseline	1.000000	12	1.0000	0	0		
rank_no	hex32-id	(set)	large-subject-throughput	plain	same program	pcrec_1989c62_auto-nocaps-simdna	measured	pinned	1	ratio_vs_best	1.000000	12	1.0000	0	0		
rank_no	hex32-id	(set)	large-subject-throughput	plain	same program	pcrec_25b1984f_auto-nocaps-simdna	measured	pinned	2	median_ns	13166082.597015	12	1.0000	0	0		unchanged (within spread)
rank_no	hex32-id	(set)	large-subject-throughput	plain	same program	pcrec_25b1984f_auto-nocaps-simdna	measured	pinned	2	min_ns	12996092.179104	12	1.0000	0	0		unchanged (within spread)
rank_no	hex32-id	(set)	large-subject-throughput	plain	same program	pcrec_25b1984f_auto-nocaps-simdna	measured	pinned	2	max_ns	13189539.746269	12	1.0000	0	0		unchanged (within spread)
rank_no	hex32-id	(set)	large-subject-throughput	plain	same program	pcrec_25b1984f_auto-nocaps-simdna	measured	pinned	2	stddev_ns	71366.012091	12	1.0000	0	0		unchanged (within spread)
rank_no	hex32-id	(set)	large-subject-throughput	plain	same program	pcrec_25b1984f_auto-nocaps-simdna	measured	pinned	2	ratio_vs_baseline	1.010681	12	1.0000	0	0		unchanged (within spread)
rank_no	hex32-id	(set)	large-subject-throughput	plain	same program	pcrec_25b1984f_auto-nocaps-simdna	measured	pinned	2	ratio_vs_best	1.010681	12	1.0000	0	0		unchanged (within spread)
baseline_no	hex32-id	(set)	short-subject-search			pcrec_1989c62_auto-nocaps-simdna				baseline_identity	row-best-fallback					pcrec_1989c62_auto-nocaps-simdna (row-best fallback -- interp absent from this group)	
rank_no	hex32-id	(set)	short-subject-search	plain	same program	pcrec_1989c62_auto-nocaps-simdna	measured	pinned	1	median_ns	433888.747652	112	1.0000	0	0		
rank_no	hex32-id	(set)	short-subject-search	plain	same program	pcrec_1989c62_auto-nocaps-simdna	measured	pinned	1	min_ns	430240.177534	112	1.0000	0	0		
rank_no	hex32-id	(set)	short-subject-search	plain	same program	pcrec_1989c62_auto-nocaps-simdna	measured	pinned	1	max_ns	436137.244910	112	1.0000	0	0		
rank_no	hex32-id	(set)	short-subject-search	plain	same program	pcrec_1989c62_auto-nocaps-simdna	measured	pinned	1	stddev_ns	2099.071952	112	1.0000	0	0		
rank_no	hex32-id	(set)	short-subject-search	plain	same program	pcrec_1989c62_auto-nocaps-simdna	measured	pinned	1	ratio_vs_baseline	1.000000	112	1.0000	0	0		
rank_no	hex32-id	(set)	short-subject-search	plain	same program	pcrec_1989c62_auto-nocaps-simdna	measured	pinned	1	ratio_vs_best	1.000000	112	1.0000	0	0		
rank_no	hex32-id	(set)	short-subject-search	plain	same program	pcrec_25b1984f_auto-nocaps-simdna	measured	pinned	2	median_ns	435516.824474	112	1.0000	0	0		unchanged (within spread)
rank_no	hex32-id	(set)	short-subject-search	plain	same program	pcrec_25b1984f_auto-nocaps-simdna	measured	pinned	2	min_ns	431381.546223	112	1.0000	0	0		unchanged (within spread)
rank_no	hex32-id	(set)	short-subject-search	plain	same program	pcrec_25b1984f_auto-nocaps-simdna	measured	pinned	2	max_ns	438795.682672	112	1.0000	0	0		unchanged (within spread)
rank_no	hex32-id	(set)	short-subject-search	plain	same program	pcrec_25b1984f_auto-nocaps-simdna	measured	pinned	2	stddev_ns	2747.178775	112	1.0000	0	0		unchanged (within spread)
rank_no	hex32-id	(set)	short-subject-search	plain	same program	pcrec_25b1984f_auto-nocaps-simdna	measured	pinned	2	ratio_vs_baseline	1.003752	112	1.0000	0	0		unchanged (within spread)
rank_no	hex32-id	(set)	short-subject-search	plain	same program	pcrec_25b1984f_auto-nocaps-simdna	measured	pinned	2	ratio_vs_best	1.003752	112	1.0000	0	0		unchanged (within spread)
baseline_no	http-5xx	(set)	large-subject-throughput			pcrec_25b1984f_auto-nocaps-simdna				baseline_identity	row-best-fallback					pcrec_25b1984f_auto-nocaps-simdna (row-best fallback -- interp absent from this group)	
rank_no	http-5xx	(set)	large-subject-throughput	plain	same program	pcrec_25b1984f_auto-nocaps-simdna	measured	pinned	1	median_ns	251951.913151	12	1.0000	0	0		faster ×1.04
rank_no	http-5xx	(set)	large-subject-throughput	plain	same program	pcrec_25b1984f_auto-nocaps-simdna	measured	pinned	1	min_ns	251612.674628	12	1.0000	0	0		faster ×1.04
rank_no	http-5xx	(set)	large-subject-throughput	plain	same program	pcrec_25b1984f_auto-nocaps-simdna	measured	pinned	1	max_ns	252136.042494	12	1.0000	0	0		faster ×1.04
rank_no	http-5xx	(set)	large-subject-throughput	plain	same program	pcrec_25b1984f_auto-nocaps-simdna	measured	pinned	1	stddev_ns	182.472245	12	1.0000	0	0		faster ×1.04
rank_no	http-5xx	(set)	large-subject-throughput	plain	same program	pcrec_25b1984f_auto-nocaps-simdna	measured	pinned	1	ratio_vs_baseline	1.000000	12	1.0000	0	0		faster ×1.04
rank_no	http-5xx	(set)	large-subject-throughput	plain	same program	pcrec_25b1984f_auto-nocaps-simdna	measured	pinned	1	ratio_vs_best	1.000000	12	1.0000	0	0		faster ×1.04
rank_no	http-5xx	(set)	large-subject-throughput	plain	same program	pcrec_1989c62_auto-nocaps-simdna	measured	pinned	2	median_ns	260775.172118	12	1.0000	0	0		
rank_no	http-5xx	(set)	large-subject-throughput	plain	same program	pcrec_1989c62_auto-nocaps-simdna	measured	pinned	2	min_ns	260330.940299	12	1.0000	0	0		
rank_no	http-5xx	(set)	large-subject-throughput	plain	same program	pcrec_1989c62_auto-nocaps-simdna	measured	pinned	2	max_ns	263945.134646	12	1.0000	0	0		
rank_no	http-5xx	(set)	large-subject-throughput	plain	same program	pcrec_1989c62_auto-nocaps-simdna	measured	pinned	2	stddev_ns	1340.683428	12	1.0000	0	0		
rank_no	http-5xx	(set)	large-subject-throughput	plain	same program	pcrec_1989c62_auto-nocaps-simdna	measured	pinned	2	ratio_vs_baseline	1.035020	12	1.0000	0	0		
rank_no	http-5xx	(set)	large-subject-throughput	plain	same program	pcrec_1989c62_auto-nocaps-simdna	measured	pinned	2	ratio_vs_best	1.035020	12	1.0000	0	0		
baseline_no	http-5xx	(set)	short-subject-search			pcrec_25b1984f_auto-nocaps-simdna				baseline_identity	row-best-fallback					pcrec_25b1984f_auto-nocaps-simdna (row-best fallback -- interp absent from this group)	
rank_no	http-5xx	(set)	short-subject-search	plain	same program	pcrec_25b1984f_auto-nocaps-simdna	measured	pinned	1	median_ns	6768.693653	112	1.0000	0	0		faster ×1.07
rank_no	http-5xx	(set)	short-subject-search	plain	same program	pcrec_25b1984f_auto-nocaps-simdna	measured	pinned	1	min_ns	6763.809912	112	1.0000	0	0		faster ×1.07
rank_no	http-5xx	(set)	short-subject-search	plain	same program	pcrec_25b1984f_auto-nocaps-simdna	measured	pinned	1	max_ns	6785.902271	112	1.0000	0	0		faster ×1.07
rank_no	http-5xx	(set)	short-subject-search	plain	same program	pcrec_25b1984f_auto-nocaps-simdna	measured	pinned	1	stddev_ns	8.712038	112	1.0000	0	0		faster ×1.07
rank_no	http-5xx	(set)	short-subject-search	plain	same program	pcrec_25b1984f_auto-nocaps-simdna	measured	pinned	1	ratio_vs_baseline	1.000000	112	1.0000	0	0		faster ×1.07
rank_no	http-5xx	(set)	short-subject-search	plain	same program	pcrec_25b1984f_auto-nocaps-simdna	measured	pinned	1	ratio_vs_best	1.000000	112	1.0000	0	0		faster ×1.07
rank_no	http-5xx	(set)	short-subject-search	plain	same program	pcrec_1989c62_auto-nocaps-simdna	measured	pinned	2	median_ns	7272.656574	112	1.0000	0	0		
rank_no	http-5xx	(set)	short-subject-search	plain	same program	pcrec_1989c62_auto-nocaps-simdna	measured	pinned	2	min_ns	7257.852796	112	1.0000	0	0		
rank_no	http-5xx	(set)	short-subject-search	plain	same program	pcrec_1989c62_auto-nocaps-simdna	measured	pinned	2	max_ns	7301.792118	112	1.0000	0	0		
rank_no	http-5xx	(set)	short-subject-search	plain	same program	pcrec_1989c62_auto-nocaps-simdna	measured	pinned	2	stddev_ns	17.815878	112	1.0000	0	0		
rank_no	http-5xx	(set)	short-subject-search	plain	same program	pcrec_1989c62_auto-nocaps-simdna	measured	pinned	2	ratio_vs_baseline	1.074455	112	1.0000	0	0		
rank_no	http-5xx	(set)	short-subject-search	plain	same program	pcrec_1989c62_auto-nocaps-simdna	measured	pinned	2	ratio_vs_best	1.074455	112	1.0000	0	0		
baseline_no	ipv4	(set)	large-subject-throughput			pcrec_1989c62_auto-nocaps-simdna				baseline_identity	row-best-fallback					pcrec_1989c62_auto-nocaps-simdna (row-best fallback -- interp absent from this group)	
rank_no	ipv4	(set)	large-subject-throughput	plain	same program	pcrec_1989c62_auto-nocaps-simdna	measured	pinned	1	median_ns	6893642.271429	12	1.0000	0	0		
rank_no	ipv4	(set)	large-subject-throughput	plain	same program	pcrec_1989c62_auto-nocaps-simdna	measured	pinned	1	min_ns	6878081.128571	12	1.0000	0	0		
rank_no	ipv4	(set)	large-subject-throughput	plain	same program	pcrec_1989c62_auto-nocaps-simdna	measured	pinned	1	max_ns	6914971.914286	12	1.0000	0	0		
rank_no	ipv4	(set)	large-subject-throughput	plain	same program	pcrec_1989c62_auto-nocaps-simdna	measured	pinned	1	stddev_ns	12444.250338	12	1.0000	0	0		
rank_no	ipv4	(set)	large-subject-throughput	plain	same program	pcrec_1989c62_auto-nocaps-simdna	measured	pinned	1	ratio_vs_baseline	1.000000	12	1.0000	0	0		
rank_no	ipv4	(set)	large-subject-throughput	plain	same program	pcrec_1989c62_auto-nocaps-simdna	measured	pinned	1	ratio_vs_best	1.000000	12	1.0000	0	0		
rank_no	ipv4	(set)	large-subject-throughput	plain	same program	pcrec_25b1984f_auto-nocaps-simdna	measured	pinned	2	median_ns	6900187.580882	12	1.0000	0	0		unchanged (within spread)
rank_no	ipv4	(set)	large-subject-throughput	plain	same program	pcrec_25b1984f_auto-nocaps-simdna	measured	pinned	2	min_ns	6885131.904412	12	1.0000	0	0		unchanged (within spread)
rank_no	ipv4	(set)	large-subject-throughput	plain	same program	pcrec_25b1984f_auto-nocaps-simdna	measured	pinned	2	max_ns	6910401.676471	12	1.0000	0	0		unchanged (within spread)
rank_no	ipv4	(set)	large-subject-throughput	plain	same program	pcrec_25b1984f_auto-nocaps-simdna	measured	pinned	2	stddev_ns	8515.189129	12	1.0000	0	0		unchanged (within spread)
rank_no	ipv4	(set)	large-subject-throughput	plain	same program	pcrec_25b1984f_auto-nocaps-simdna	measured	pinned	2	ratio_vs_baseline	1.000949	12	1.0000	0	0		unchanged (within spread)
rank_no	ipv4	(set)	large-subject-throughput	plain	same program	pcrec_25b1984f_auto-nocaps-simdna	measured	pinned	2	ratio_vs_best	1.000949	12	1.0000	0	0		unchanged (within spread)
baseline_no	ipv4	(set)	short-subject-search			pcrec_1989c62_auto-nocaps-simdna				baseline_identity	row-best-fallback					pcrec_1989c62_auto-nocaps-simdna (row-best fallback -- interp absent from this group)	
rank_no	ipv4	(set)	short-subject-search	plain	same program	pcrec_1989c62_auto-nocaps-simdna	measured	pinned	1	median_ns	203769.089522	112	1.0000	0	0		
rank_no	ipv4	(set)	short-subject-search	plain	same program	pcrec_1989c62_auto-nocaps-simdna	measured	pinned	1	min_ns	203284.642376	112	1.0000	0	0		
rank_no	ipv4	(set)	short-subject-search	plain	same program	pcrec_1989c62_auto-nocaps-simdna	measured	pinned	1	max_ns	204430.820437	112	1.0000	0	0		
rank_no	ipv4	(set)	short-subject-search	plain	same program	pcrec_1989c62_auto-nocaps-simdna	measured	pinned	1	stddev_ns	381.683407	112	1.0000	0	0		
rank_no	ipv4	(set)	short-subject-search	plain	same program	pcrec_1989c62_auto-nocaps-simdna	measured	pinned	1	ratio_vs_baseline	1.000000	112	1.0000	0	0		
rank_no	ipv4	(set)	short-subject-search	plain	same program	pcrec_1989c62_auto-nocaps-simdna	measured	pinned	1	ratio_vs_best	1.000000	112	1.0000	0	0		
rank_no	ipv4	(set)	short-subject-search	plain	same program	pcrec_25b1984f_auto-nocaps-simdna	measured	pinned	2	median_ns	204680.142616	112	1.0000	0	0		slower ×1.00
rank_no	ipv4	(set)	short-subject-search	plain	same program	pcrec_25b1984f_auto-nocaps-simdna	measured	pinned	2	min_ns	204196.717421	112	1.0000	0	0		slower ×1.00
rank_no	ipv4	(set)	short-subject-search	plain	same program	pcrec_25b1984f_auto-nocaps-simdna	measured	pinned	2	max_ns	205206.013963	112	1.0000	0	0		slower ×1.00
rank_no	ipv4	(set)	short-subject-search	plain	same program	pcrec_25b1984f_auto-nocaps-simdna	measured	pinned	2	stddev_ns	378.378027	112	1.0000	0	0		slower ×1.00
rank_no	ipv4	(set)	short-subject-search	plain	same program	pcrec_25b1984f_auto-nocaps-simdna	measured	pinned	2	ratio_vs_baseline	1.004471	112	1.0000	0	0		slower ×1.00
rank_no	ipv4	(set)	short-subject-search	plain	same program	pcrec_25b1984f_auto-nocaps-simdna	measured	pinned	2	ratio_vs_best	1.004471	112	1.0000	0	0		slower ×1.00
baseline_no	ipv6	(set)	large-subject-throughput			pcrec_25b1984f_auto-nocaps-simdna				baseline_identity	row-best-fallback					pcrec_25b1984f_auto-nocaps-simdna (row-best fallback -- interp absent from this group)	
rank_no	ipv6	(set)	large-subject-throughput	plain	same program	pcrec_25b1984f_auto-nocaps-simdna	measured	pinned	1	median_ns	10504897.764706	12	1.0000	0	0		unchanged (within spread)
rank_no	ipv6	(set)	large-subject-throughput	plain	same program	pcrec_25b1984f_auto-nocaps-simdna	measured	pinned	1	min_ns	10489587.447059	12	1.0000	0	0		unchanged (within spread)
rank_no	ipv6	(set)	large-subject-throughput	plain	same program	pcrec_25b1984f_auto-nocaps-simdna	measured	pinned	1	max_ns	10835623.082353	12	1.0000	0	0		unchanged (within spread)
rank_no	ipv6	(set)	large-subject-throughput	plain	same program	pcrec_25b1984f_auto-nocaps-simdna	measured	pinned	1	stddev_ns	135002.150026	12	1.0000	0	0		unchanged (within spread)
rank_no	ipv6	(set)	large-subject-throughput	plain	same program	pcrec_25b1984f_auto-nocaps-simdna	measured	pinned	1	ratio_vs_baseline	1.000000	12	1.0000	0	0		unchanged (within spread)
rank_no	ipv6	(set)	large-subject-throughput	plain	same program	pcrec_25b1984f_auto-nocaps-simdna	measured	pinned	1	ratio_vs_best	1.000000	12	1.0000	0	0		unchanged (within spread)
rank_no	ipv6	(set)	large-subject-throughput	plain	same program	pcrec_1989c62_auto-nocaps-simdna	measured	pinned	2	median_ns	10591206.860465	12	1.0000	0	0		
rank_no	ipv6	(set)	large-subject-throughput	plain	same program	pcrec_1989c62_auto-nocaps-simdna	measured	pinned	2	min_ns	10584697.162791	12	1.0000	0	0		
rank_no	ipv6	(set)	large-subject-throughput	plain	same program	pcrec_1989c62_auto-nocaps-simdna	measured	pinned	2	max_ns	10601733.895349	12	1.0000	0	0		
rank_no	ipv6	(set)	large-subject-throughput	plain	same program	pcrec_1989c62_auto-nocaps-simdna	measured	pinned	2	stddev_ns	5988.647727	12	1.0000	0	0		
rank_no	ipv6	(set)	large-subject-throughput	plain	same program	pcrec_1989c62_auto-nocaps-simdna	measured	pinned	2	ratio_vs_baseline	1.008216	12	1.0000	0	0		
rank_no	ipv6	(set)	large-subject-throughput	plain	same program	pcrec_1989c62_auto-nocaps-simdna	measured	pinned	2	ratio_vs_best	1.008216	12	1.0000	0	0		
baseline_no	ipv6	(set)	short-subject-search			pcrec_25b1984f_auto-nocaps-simdna				baseline_identity	row-best-fallback					pcrec_25b1984f_auto-nocaps-simdna (row-best fallback -- interp absent from this group)	
rank_no	ipv6	(set)	short-subject-search	plain	same program	pcrec_25b1984f_auto-nocaps-simdna	measured	pinned	1	median_ns	260245.116270	112	1.0000	0	0		faster ×1.02
rank_no	ipv6	(set)	short-subject-search	plain	same program	pcrec_25b1984f_auto-nocaps-simdna	measured	pinned	1	min_ns	259921.933551	112	1.0000	0	0		faster ×1.02
rank_no	ipv6	(set)	short-subject-search	plain	same program	pcrec_25b1984f_auto-nocaps-simdna	measured	pinned	1	max_ns	261315.990362	112	1.0000	0	0		faster ×1.02
rank_no	ipv6	(set)	short-subject-search	plain	same program	pcrec_25b1984f_auto-nocaps-simdna	measured	pinned	1	stddev_ns	473.029540	112	1.0000	0	0		faster ×1.02
rank_no	ipv6	(set)	short-subject-search	plain	same program	pcrec_25b1984f_auto-nocaps-simdna	measured	pinned	1	ratio_vs_baseline	1.000000	112	1.0000	0	0		faster ×1.02
rank_no	ipv6	(set)	short-subject-search	plain	same program	pcrec_25b1984f_auto-nocaps-simdna	measured	pinned	1	ratio_vs_best	1.000000	112	1.0000	0	0		faster ×1.02
rank_no	ipv6	(set)	short-subject-search	plain	same program	pcrec_1989c62_auto-nocaps-simdna	measured	pinned	2	median_ns	264638.815779	112	1.0000	0	0		
rank_no	ipv6	(set)	short-subject-search	plain	same program	pcrec_1989c62_auto-nocaps-simdna	measured	pinned	2	min_ns	264093.150297	112	1.0000	0	0		
rank_no	ipv6	(set)	short-subject-search	plain	same program	pcrec_1989c62_auto-nocaps-simdna	measured	pinned	2	max_ns	265076.683356	112	1.0000	0	0		
rank_no	ipv6	(set)	short-subject-search	plain	same program	pcrec_1989c62_auto-nocaps-simdna	measured	pinned	2	stddev_ns	347.624585	112	1.0000	0	0		
rank_no	ipv6	(set)	short-subject-search	plain	same program	pcrec_1989c62_auto-nocaps-simdna	measured	pinned	2	ratio_vs_baseline	1.016883	112	1.0000	0	0		
rank_no	ipv6	(set)	short-subject-search	plain	same program	pcrec_1989c62_auto-nocaps-simdna	measured	pinned	2	ratio_vs_best	1.016883	112	1.0000	0	0		
baseline_no	iso-ts	(set)	large-subject-throughput			pcrec_25b1984f_auto-nocaps-simdna				baseline_identity	row-best-fallback					pcrec_25b1984f_auto-nocaps-simdna (row-best fallback -- interp absent from this group)	
rank_no	iso-ts	(set)	large-subject-throughput	plain	same program	pcrec_25b1984f_auto-nocaps-simdna	measured	pinned	1	median_ns	1152312.003619	12	1.0000	0	0		faster ×1.06
rank_no	iso-ts	(set)	large-subject-throughput	plain	same program	pcrec_25b1984f_auto-nocaps-simdna	measured	pinned	1	min_ns	1151485.293124	12	1.0000	0	0		faster ×1.06
rank_no	iso-ts	(set)	large-subject-throughput	plain	same program	pcrec_25b1984f_auto-nocaps-simdna	measured	pinned	1	max_ns	1154088.576598	12	1.0000	0	0		faster ×1.06
rank_no	iso-ts	(set)	large-subject-throughput	plain	same program	pcrec_25b1984f_auto-nocaps-simdna	measured	pinned	1	stddev_ns	885.308984	12	1.0000	0	0		faster ×1.06
rank_no	iso-ts	(set)	large-subject-throughput	plain	same program	pcrec_25b1984f_auto-nocaps-simdna	measured	pinned	1	ratio_vs_baseline	1.000000	12	1.0000	0	0		faster ×1.06
rank_no	iso-ts	(set)	large-subject-throughput	plain	same program	pcrec_25b1984f_auto-nocaps-simdna	measured	pinned	1	ratio_vs_best	1.000000	12	1.0000	0	0		faster ×1.06
rank_no	iso-ts	(set)	large-subject-throughput	plain	same program	pcrec_1989c62_auto-nocaps-simdna	measured	pinned	2	median_ns	1219070.785714	12	1.0000	0	0		
rank_no	iso-ts	(set)	large-subject-throughput	plain	same program	pcrec_1989c62_auto-nocaps-simdna	measured	pinned	2	min_ns	1218084.351090	12	1.0000	0	0		
rank_no	iso-ts	(set)	large-subject-throughput	plain	same program	pcrec_1989c62_auto-nocaps-simdna	measured	pinned	2	max_ns	1222280.234867	12	1.0000	0	0		
rank_no	iso-ts	(set)	large-subject-throughput	plain	same program	pcrec_1989c62_auto-nocaps-simdna	measured	pinned	2	stddev_ns	1499.626096	12	1.0000	0	0		
rank_no	iso-ts	(set)	large-subject-throughput	plain	same program	pcrec_1989c62_auto-nocaps-simdna	measured	pinned	2	ratio_vs_baseline	1.057935	12	1.0000	0	0		
rank_no	iso-ts	(set)	large-subject-throughput	plain	same program	pcrec_1989c62_auto-nocaps-simdna	measured	pinned	2	ratio_vs_best	1.057935	12	1.0000	0	0		
baseline_no	iso-ts	(set)	short-subject-search			pcrec_25b1984f_auto-nocaps-simdna				baseline_identity	row-best-fallback					pcrec_25b1984f_auto-nocaps-simdna (row-best fallback -- interp absent from this group)	
rank_no	iso-ts	(set)	short-subject-search	plain	same program	pcrec_25b1984f_auto-nocaps-simdna	measured	pinned	1	median_ns	20627.912883	112	1.0000	0	0		faster ×1.08
rank_no	iso-ts	(set)	short-subject-search	plain	same program	pcrec_25b1984f_auto-nocaps-simdna	measured	pinned	1	min_ns	20617.719401	112	1.0000	0	0		faster ×1.08
rank_no	iso-ts	(set)	short-subject-search	plain	same program	pcrec_25b1984f_auto-nocaps-simdna	measured	pinned	1	max_ns	20633.898395	112	1.0000	0	0		faster ×1.08
rank_no	iso-ts	(set)	short-subject-search	plain	same program	pcrec_25b1984f_auto-nocaps-simdna	measured	pinned	1	stddev_ns	5.766252	112	1.0000	0	0		faster ×1.08
rank_no	iso-ts	(set)	short-subject-search	plain	same program	pcrec_25b1984f_auto-nocaps-simdna	measured	pinned	1	ratio_vs_baseline	1.000000	112	1.0000	0	0		faster ×1.08
rank_no	iso-ts	(set)	short-subject-search	plain	same program	pcrec_25b1984f_auto-nocaps-simdna	measured	pinned	1	ratio_vs_best	1.000000	112	1.0000	0	0		faster ×1.08
rank_no	iso-ts	(set)	short-subject-search	plain	same program	pcrec_1989c62_auto-nocaps-simdna	measured	pinned	2	median_ns	22275.635522	112	1.0000	0	0		
rank_no	iso-ts	(set)	short-subject-search	plain	same program	pcrec_1989c62_auto-nocaps-simdna	measured	pinned	2	min_ns	22244.796805	112	1.0000	0	0		
rank_no	iso-ts	(set)	short-subject-search	plain	same program	pcrec_1989c62_auto-nocaps-simdna	measured	pinned	2	max_ns	22347.020113	112	1.0000	0	0		
rank_no	iso-ts	(set)	short-subject-search	plain	same program	pcrec_1989c62_auto-nocaps-simdna	measured	pinned	2	stddev_ns	37.669555	112	1.0000	0	0		
rank_no	iso-ts	(set)	short-subject-search	plain	same program	pcrec_1989c62_auto-nocaps-simdna	measured	pinned	2	ratio_vs_baseline	1.079878	112	1.0000	0	0		
rank_no	iso-ts	(set)	short-subject-search	plain	same program	pcrec_1989c62_auto-nocaps-simdna	measured	pinned	2	ratio_vs_best	1.079878	112	1.0000	0	0		
baseline_no	kv-quoted	(set)	large-subject-throughput			pcrec_25b1984f_auto-nocaps-simdna				baseline_identity	row-best-fallback					pcrec_25b1984f_auto-nocaps-simdna (row-best fallback -- interp absent from this group)	
rank_no	kv-quoted	(set)	large-subject-throughput	plain	same program	pcrec_25b1984f_auto-nocaps-simdna	measured	pinned	1	median_ns	14261756.140351	12	1.0000	0	0		unchanged (within spread)
rank_no	kv-quoted	(set)	large-subject-throughput	plain	same program	pcrec_25b1984f_auto-nocaps-simdna	measured	pinned	1	min_ns	14226097.736842	12	1.0000	0	0		unchanged (within spread)
rank_no	kv-quoted	(set)	large-subject-throughput	plain	same program	pcrec_25b1984f_auto-nocaps-simdna	measured	pinned	1	max_ns	14638571.421053	12	1.0000	0	0		unchanged (within spread)
rank_no	kv-quoted	(set)	large-subject-throughput	plain	same program	pcrec_25b1984f_auto-nocaps-simdna	measured	pinned	1	stddev_ns	187077.171666	12	1.0000	0	0		unchanged (within spread)
rank_no	kv-quoted	(set)	large-subject-throughput	plain	same program	pcrec_25b1984f_auto-nocaps-simdna	measured	pinned	1	ratio_vs_baseline	1.000000	12	1.0000	0	0		unchanged (within spread)
rank_no	kv-quoted	(set)	large-subject-throughput	plain	same program	pcrec_25b1984f_auto-nocaps-simdna	measured	pinned	1	ratio_vs_best	1.000000	12	1.0000	0	0		unchanged (within spread)
rank_no	kv-quoted	(set)	large-subject-throughput	plain	same program	pcrec_1989c62_auto-nocaps-simdna	measured	pinned	2	median_ns	14533928.473684	12	1.0000	0	0		
rank_no	kv-quoted	(set)	large-subject-throughput	plain	same program	pcrec_1989c62_auto-nocaps-simdna	measured	pinned	2	min_ns	14446241.456140	12	1.0000	0	0		
rank_no	kv-quoted	(set)	large-subject-throughput	plain	same program	pcrec_1989c62_auto-nocaps-simdna	measured	pinned	2	max_ns	14650076.000000	12	1.0000	0	0		
rank_no	kv-quoted	(set)	large-subject-throughput	plain	same program	pcrec_1989c62_auto-nocaps-simdna	measured	pinned	2	stddev_ns	81478.282789	12	1.0000	0	0		
rank_no	kv-quoted	(set)	large-subject-throughput	plain	same program	pcrec_1989c62_auto-nocaps-simdna	measured	pinned	2	ratio_vs_baseline	1.019084	12	1.0000	0	0		
rank_no	kv-quoted	(set)	large-subject-throughput	plain	same program	pcrec_1989c62_auto-nocaps-simdna	measured	pinned	2	ratio_vs_best	1.019084	12	1.0000	0	0		
baseline_no	kv-quoted	(set)	short-subject-search			pcrec_25b1984f_auto-nocaps-simdna				baseline_identity	row-best-fallback					pcrec_25b1984f_auto-nocaps-simdna (row-best fallback -- interp absent from this group)	
rank_no	kv-quoted	(set)	short-subject-search	plain	same program	pcrec_25b1984f_auto-nocaps-simdna	measured	pinned	1	median_ns	512138.091756	112	1.0000	0	0		unchanged (within spread)
rank_no	kv-quoted	(set)	short-subject-search	plain	same program	pcrec_25b1984f_auto-nocaps-simdna	measured	pinned	1	min_ns	499752.107243	112	1.0000	0	0		unchanged (within spread)
rank_no	kv-quoted	(set)	short-subject-search	plain	same program	pcrec_25b1984f_auto-nocaps-simdna	measured	pinned	1	max_ns	520738.730556	112	1.0000	0	0		unchanged (within spread)
rank_no	kv-quoted	(set)	short-subject-search	plain	same program	pcrec_25b1984f_auto-nocaps-simdna	measured	pinned	1	stddev_ns	7904.715182	112	1.0000	0	0		unchanged (within spread)
rank_no	kv-quoted	(set)	short-subject-search	plain	same program	pcrec_25b1984f_auto-nocaps-simdna	measured	pinned	1	ratio_vs_baseline	1.000000	112	1.0000	0	0		unchanged (within spread)
rank_no	kv-quoted	(set)	short-subject-search	plain	same program	pcrec_25b1984f_auto-nocaps-simdna	measured	pinned	1	ratio_vs_best	1.000000	112	1.0000	0	0		unchanged (within spread)
rank_no	kv-quoted	(set)	short-subject-search	plain	same program	pcrec_1989c62_auto-nocaps-simdna	measured	pinned	2	median_ns	513180.326604	112	1.0000	0	0		
rank_no	kv-quoted	(set)	short-subject-search	plain	same program	pcrec_1989c62_auto-nocaps-simdna	measured	pinned	2	min_ns	501680.782423	112	1.0000	0	0		
rank_no	kv-quoted	(set)	short-subject-search	plain	same program	pcrec_1989c62_auto-nocaps-simdna	measured	pinned	2	max_ns	525348.661977	112	1.0000	0	0		
rank_no	kv-quoted	(set)	short-subject-search	plain	same program	pcrec_1989c62_auto-nocaps-simdna	measured	pinned	2	stddev_ns	8248.146850	112	1.0000	0	0		
rank_no	kv-quoted	(set)	short-subject-search	plain	same program	pcrec_1989c62_auto-nocaps-simdna	measured	pinned	2	ratio_vs_baseline	1.002035	112	1.0000	0	0		
rank_no	kv-quoted	(set)	short-subject-search	plain	same program	pcrec_1989c62_auto-nocaps-simdna	measured	pinned	2	ratio_vs_best	1.002035	112	1.0000	0	0		
baseline_no	level-context	(set)	large-subject-throughput			pcrec_25b1984f_auto-nocaps-simdna				baseline_identity	row-best-fallback					pcrec_25b1984f_auto-nocaps-simdna (row-best fallback -- interp absent from this group)	
rank_no	level-context	(set)	large-subject-throughput	plain	same program	pcrec_25b1984f_auto-nocaps-simdna	measured	pinned	1	median_ns	11025210.481013	12	1.0000	0	0		unchanged (within spread)
rank_no	level-context	(set)	large-subject-throughput	plain	same program	pcrec_25b1984f_auto-nocaps-simdna	measured	pinned	1	min_ns	11023207.936709	12	1.0000	0	0		unchanged (within spread)
rank_no	level-context	(set)	large-subject-throughput	plain	same program	pcrec_25b1984f_auto-nocaps-simdna	measured	pinned	1	max_ns	11029908.848101	12	1.0000	0	0		unchanged (within spread)
rank_no	level-context	(set)	large-subject-throughput	plain	same program	pcrec_25b1984f_auto-nocaps-simdna	measured	pinned	1	stddev_ns	2421.221405	12	1.0000	0	0		unchanged (within spread)
rank_no	level-context	(set)	large-subject-throughput	plain	same program	pcrec_25b1984f_auto-nocaps-simdna	measured	pinned	1	ratio_vs_baseline	1.000000	12	1.0000	0	0		unchanged (within spread)
rank_no	level-context	(set)	large-subject-throughput	plain	same program	pcrec_25b1984f_auto-nocaps-simdna	measured	pinned	1	ratio_vs_best	1.000000	12	1.0000	0	0		unchanged (within spread)
rank_no	level-context	(set)	large-subject-throughput	plain	same program	pcrec_1989c62_auto-nocaps-simdna	measured	pinned	2	median_ns	11051106.151899	12	1.0000	0	0		
rank_no	level-context	(set)	large-subject-throughput	plain	same program	pcrec_1989c62_auto-nocaps-simdna	measured	pinned	2	min_ns	11045483.974684	12	1.0000	0	0		
rank_no	level-context	(set)	large-subject-throughput	plain	same program	pcrec_1989c62_auto-nocaps-simdna	measured	pinned	2	max_ns	11092713.367089	12	1.0000	0	0		
rank_no	level-context	(set)	large-subject-throughput	plain	same program	pcrec_1989c62_auto-nocaps-simdna	measured	pinned	2	stddev_ns	18633.352633	12	1.0000	0	0		
rank_no	level-context	(set)	large-subject-throughput	plain	same program	pcrec_1989c62_auto-nocaps-simdna	measured	pinned	2	ratio_vs_baseline	1.002349	12	1.0000	0	0		
rank_no	level-context	(set)	large-subject-throughput	plain	same program	pcrec_1989c62_auto-nocaps-simdna	measured	pinned	2	ratio_vs_best	1.002349	12	1.0000	0	0		
baseline_no	level-context	(set)	short-subject-search			pcrec_25b1984f_auto-nocaps-simdna				baseline_identity	row-best-fallback					pcrec_25b1984f_auto-nocaps-simdna (row-best fallback -- interp absent from this group)	
rank_no	level-context	(set)	short-subject-search	plain	same program	pcrec_25b1984f_auto-nocaps-simdna	measured	pinned	1	median_ns	333437.968975	112	1.0000	0	0		unchanged (within spread)
rank_no	level-context	(set)	short-subject-search	plain	same program	pcrec_25b1984f_auto-nocaps-simdna	measured	pinned	1	min_ns	333072.850477	112	1.0000	0	0		unchanged (within spread)
rank_no	level-context	(set)	short-subject-search	plain	same program	pcrec_25b1984f_auto-nocaps-simdna	measured	pinned	1	max_ns	334151.923608	112	1.0000	0	0		unchanged (within spread)
rank_no	level-context	(set)	short-subject-search	plain	same program	pcrec_25b1984f_auto-nocaps-simdna	measured	pinned	1	stddev_ns	414.773321	112	1.0000	0	0		unchanged (within spread)
rank_no	level-context	(set)	short-subject-search	plain	same program	pcrec_25b1984f_auto-nocaps-simdna	measured	pinned	1	ratio_vs_baseline	1.000000	112	1.0000	0	0		unchanged (within spread)
rank_no	level-context	(set)	short-subject-search	plain	same program	pcrec_25b1984f_auto-nocaps-simdna	measured	pinned	1	ratio_vs_best	1.000000	112	1.0000	0	0		unchanged (within spread)
rank_no	level-context	(set)	short-subject-search	plain	same program	pcrec_1989c62_auto-nocaps-simdna	measured	pinned	2	median_ns	334100.412568	112	1.0000	0	0		
rank_no	level-context	(set)	short-subject-search	plain	same program	pcrec_1989c62_auto-nocaps-simdna	measured	pinned	2	min_ns	333824.013941	112	1.0000	0	0		
rank_no	level-context	(set)	short-subject-search	plain	same program	pcrec_1989c62_auto-nocaps-simdna	measured	pinned	2	max_ns	334875.118394	112	1.0000	0	0		
rank_no	level-context	(set)	short-subject-search	plain	same program	pcrec_1989c62_auto-nocaps-simdna	measured	pinned	2	stddev_ns	444.435610	112	1.0000	0	0		
rank_no	level-context	(set)	short-subject-search	plain	same program	pcrec_1989c62_auto-nocaps-simdna	measured	pinned	2	ratio_vs_baseline	1.001987	112	1.0000	0	0		
rank_no	level-context	(set)	short-subject-search	plain	same program	pcrec_1989c62_auto-nocaps-simdna	measured	pinned	2	ratio_vs_best	1.001987	112	1.0000	0	0		
baseline_no	stack-frame	(set)	large-subject-throughput			pcrec_1989c62_auto-nocaps-simdna				baseline_identity	row-best-fallback					pcrec_1989c62_auto-nocaps-simdna (row-best fallback -- interp absent from this group)	
rank_no	stack-frame	(set)	large-subject-throughput	plain	same program	pcrec_1989c62_auto-nocaps-simdna	measured	pinned	1	median_ns	1843517.182203	12	1.0000	0	0		
rank_no	stack-frame	(set)	large-subject-throughput	plain	same program	pcrec_1989c62_auto-nocaps-simdna	measured	pinned	1	min_ns	1840868.794492	12	1.0000	0	0		
rank_no	stack-frame	(set)	large-subject-throughput	plain	same program	pcrec_1989c62_auto-nocaps-simdna	measured	pinned	1	max_ns	1845522.974576	12	1.0000	0	0		
rank_no	stack-frame	(set)	large-subject-throughput	plain	same program	pcrec_1989c62_auto-nocaps-simdna	measured	pinned	1	stddev_ns	1498.173404	12	1.0000	0	0		
rank_no	stack-frame	(set)	large-subject-throughput	plain	same program	pcrec_1989c62_auto-nocaps-simdna	measured	pinned	1	ratio_vs_baseline	1.000000	12	1.0000	0	0		
rank_no	stack-frame	(set)	large-subject-throughput	plain	same program	pcrec_1989c62_auto-nocaps-simdna	measured	pinned	1	ratio_vs_best	1.000000	12	1.0000	0	0		
rank_no	stack-frame	(set)	large-subject-throughput	plain	same program	pcrec_25b1984f_auto-nocaps-simdna	measured	pinned	2	median_ns	1845506.853503	12	1.0000	0	0		unchanged (within spread)
rank_no	stack-frame	(set)	large-subject-throughput	plain	same program	pcrec_25b1984f_auto-nocaps-simdna	measured	pinned	2	min_ns	1843557.138004	12	1.0000	0	0		unchanged (within spread)
rank_no	stack-frame	(set)	large-subject-throughput	plain	same program	pcrec_25b1984f_auto-nocaps-simdna	measured	pinned	2	max_ns	1848958.316348	12	1.0000	0	0		unchanged (within spread)
rank_no	stack-frame	(set)	large-subject-throughput	plain	same program	pcrec_25b1984f_auto-nocaps-simdna	measured	pinned	2	stddev_ns	2046.168219	12	1.0000	0	0		unchanged (within spread)
rank_no	stack-frame	(set)	large-subject-throughput	plain	same program	pcrec_25b1984f_auto-nocaps-simdna	measured	pinned	2	ratio_vs_baseline	1.001079	12	1.0000	0	0		unchanged (within spread)
rank_no	stack-frame	(set)	large-subject-throughput	plain	same program	pcrec_25b1984f_auto-nocaps-simdna	measured	pinned	2	ratio_vs_best	1.001079	12	1.0000	0	0		unchanged (within spread)
baseline_no	stack-frame	(set)	short-subject-search			pcrec_1989c62_auto-nocaps-simdna				baseline_identity	row-best-fallback					pcrec_1989c62_auto-nocaps-simdna (row-best fallback -- interp absent from this group)	
rank_no	stack-frame	(set)	short-subject-search	plain	same program	pcrec_1989c62_auto-nocaps-simdna	measured	pinned	1	median_ns	31805.236034	112	1.0000	0	0		
rank_no	stack-frame	(set)	short-subject-search	plain	same program	pcrec_1989c62_auto-nocaps-simdna	measured	pinned	1	min_ns	31740.463393	112	1.0000	0	0		
rank_no	stack-frame	(set)	short-subject-search	plain	same program	pcrec_1989c62_auto-nocaps-simdna	measured	pinned	1	max_ns	31950.043594	112	1.0000	0	0		
rank_no	stack-frame	(set)	short-subject-search	plain	same program	pcrec_1989c62_auto-nocaps-simdna	measured	pinned	1	stddev_ns	69.093801	112	1.0000	0	0		
rank_no	stack-frame	(set)	short-subject-search	plain	same program	pcrec_1989c62_auto-nocaps-simdna	measured	pinned	1	ratio_vs_baseline	1.000000	112	1.0000	0	0		
rank_no	stack-frame	(set)	short-subject-search	plain	same program	pcrec_1989c62_auto-nocaps-simdna	measured	pinned	1	ratio_vs_best	1.000000	112	1.0000	0	0		
rank_no	stack-frame	(set)	short-subject-search	plain	same program	pcrec_25b1984f_auto-nocaps-simdna	measured	pinned	2	median_ns	31873.237087	112	1.0000	0	0		unchanged (within spread)
rank_no	stack-frame	(set)	short-subject-search	plain	same program	pcrec_25b1984f_auto-nocaps-simdna	measured	pinned	2	min_ns	31779.117320	112	1.0000	0	0		unchanged (within spread)
rank_no	stack-frame	(set)	short-subject-search	plain	same program	pcrec_25b1984f_auto-nocaps-simdna	measured	pinned	2	max_ns	32756.925908	112	1.0000	0	0		unchanged (within spread)
rank_no	stack-frame	(set)	short-subject-search	plain	same program	pcrec_25b1984f_auto-nocaps-simdna	measured	pinned	2	stddev_ns	367.272274	112	1.0000	0	0		unchanged (within spread)
rank_no	stack-frame	(set)	short-subject-search	plain	same program	pcrec_25b1984f_auto-nocaps-simdna	measured	pinned	2	ratio_vs_baseline	1.002138	112	1.0000	0	0		unchanged (within spread)
rank_no	stack-frame	(set)	short-subject-search	plain	same program	pcrec_25b1984f_auto-nocaps-simdna	measured	pinned	2	ratio_vs_best	1.002138	112	1.0000	0	0		unchanged (within spread)
baseline_no	uuid	(set)	large-subject-throughput			pcrec_1989c62_auto-nocaps-simdna				baseline_identity	row-best-fallback					pcrec_1989c62_auto-nocaps-simdna (row-best fallback -- interp absent from this group)	
rank_no	uuid	(set)	large-subject-throughput	plain	same program	pcrec_1989c62_auto-nocaps-simdna	measured	pinned	1	median_ns	1076874.354515	12	1.0000	0	0		
rank_no	uuid	(set)	large-subject-throughput	plain	same program	pcrec_1989c62_auto-nocaps-simdna	measured	pinned	1	min_ns	1075455.818283	12	1.0000	0	0		
rank_no	uuid	(set)	large-subject-throughput	plain	same program	pcrec_1989c62_auto-nocaps-simdna	measured	pinned	1	max_ns	1078822.236343	12	1.0000	0	0		
rank_no	uuid	(set)	large-subject-throughput	plain	same program	pcrec_1989c62_auto-nocaps-simdna	measured	pinned	1	stddev_ns	1167.295921	12	1.0000	0	0		
rank_no	uuid	(set)	large-subject-throughput	plain	same program	pcrec_1989c62_auto-nocaps-simdna	measured	pinned	1	ratio_vs_baseline	1.000000	12	1.0000	0	0		
rank_no	uuid	(set)	large-subject-throughput	plain	same program	pcrec_1989c62_auto-nocaps-simdna	measured	pinned	1	ratio_vs_best	1.000000	12	1.0000	0	0		
rank_no	uuid	(set)	large-subject-throughput	plain	same program	pcrec_25b1984f_auto-nocaps-simdna	measured	pinned	2	median_ns	1080525.229268	12	1.0000	0	0		slower ×1.00
rank_no	uuid	(set)	large-subject-throughput	plain	same program	pcrec_25b1984f_auto-nocaps-simdna	measured	pinned	2	min_ns	1079237.009756	12	1.0000	0	0		slower ×1.00
rank_no	uuid	(set)	large-subject-throughput	plain	same program	pcrec_25b1984f_auto-nocaps-simdna	measured	pinned	2	max_ns	1081880.357724	12	1.0000	0	0		slower ×1.00
rank_no	uuid	(set)	large-subject-throughput	plain	same program	pcrec_25b1984f_auto-nocaps-simdna	measured	pinned	2	stddev_ns	844.145253	12	1.0000	0	0		slower ×1.00
rank_no	uuid	(set)	large-subject-throughput	plain	same program	pcrec_25b1984f_auto-nocaps-simdna	measured	pinned	2	ratio_vs_baseline	1.003390	12	1.0000	0	0		slower ×1.00
rank_no	uuid	(set)	large-subject-throughput	plain	same program	pcrec_25b1984f_auto-nocaps-simdna	measured	pinned	2	ratio_vs_best	1.003390	12	1.0000	0	0		slower ×1.00
baseline_no	uuid	(set)	short-subject-search			pcrec_25b1984f_auto-nocaps-simdna				baseline_identity	row-best-fallback					pcrec_25b1984f_auto-nocaps-simdna (row-best fallback -- interp absent from this group)	
rank_no	uuid	(set)	short-subject-search	plain	same program	pcrec_25b1984f_auto-nocaps-simdna	measured	pinned	1	median_ns	21072.990540	112	1.0000	0	0		faster ×1.01
rank_no	uuid	(set)	short-subject-search	plain	same program	pcrec_25b1984f_auto-nocaps-simdna	measured	pinned	1	min_ns	21045.132438	112	1.0000	0	0		faster ×1.01
rank_no	uuid	(set)	short-subject-search	plain	same program	pcrec_25b1984f_auto-nocaps-simdna	measured	pinned	1	max_ns	21091.061083	112	1.0000	0	0		faster ×1.01
rank_no	uuid	(set)	short-subject-search	plain	same program	pcrec_25b1984f_auto-nocaps-simdna	measured	pinned	1	stddev_ns	17.318579	112	1.0000	0	0		faster ×1.01
rank_no	uuid	(set)	short-subject-search	plain	same program	pcrec_25b1984f_auto-nocaps-simdna	measured	pinned	1	ratio_vs_baseline	1.000000	112	1.0000	0	0		faster ×1.01
rank_no	uuid	(set)	short-subject-search	plain	same program	pcrec_25b1984f_auto-nocaps-simdna	measured	pinned	1	ratio_vs_best	1.000000	112	1.0000	0	0		faster ×1.01
rank_no	uuid	(set)	short-subject-search	plain	same program	pcrec_1989c62_auto-nocaps-simdna	measured	pinned	2	median_ns	21181.618007	112	1.0000	0	0		
rank_no	uuid	(set)	short-subject-search	plain	same program	pcrec_1989c62_auto-nocaps-simdna	measured	pinned	2	min_ns	21138.512360	112	1.0000	0	0		
rank_no	uuid	(set)	short-subject-search	plain	same program	pcrec_1989c62_auto-nocaps-simdna	measured	pinned	2	max_ns	21211.438789	112	1.0000	0	0		
rank_no	uuid	(set)	short-subject-search	plain	same program	pcrec_1989c62_auto-nocaps-simdna	measured	pinned	2	stddev_ns	25.147884	112	1.0000	0	0		
rank_no	uuid	(set)	short-subject-search	plain	same program	pcrec_1989c62_auto-nocaps-simdna	measured	pinned	2	ratio_vs_baseline	1.005155	112	1.0000	0	0		
rank_no	uuid	(set)	short-subject-search	plain	same program	pcrec_1989c62_auto-nocaps-simdna	measured	pinned	2	ratio_vs_best	1.005155	112	1.0000	0	0		
baseline	bignum	(set)	large-subject-throughput			libpcre2_10.46_interp-caps-simdna				baseline_identity	interp					libpcre2_10.46_interp-caps-simdna (interp, present in this group)	
rank	bignum	(set)	large-subject-throughput	plain	same program	libpcre2_10.46_jit-caps-simdna	measured	pinned	1	median_ns	11382589.670732	12	1.0000	0	0		
rank	bignum	(set)	large-subject-throughput	plain	same program	libpcre2_10.46_jit-caps-simdna	measured	pinned	1	min_ns	11358255.402439	12	1.0000	0	0		
rank	bignum	(set)	large-subject-throughput	plain	same program	libpcre2_10.46_jit-caps-simdna	measured	pinned	1	max_ns	11389777.158537	12	1.0000	0	0		
rank	bignum	(set)	large-subject-throughput	plain	same program	libpcre2_10.46_jit-caps-simdna	measured	pinned	1	stddev_ns	11462.816169	12	1.0000	0	0		
rank	bignum	(set)	large-subject-throughput	plain	same program	libpcre2_10.46_jit-caps-simdna	measured	pinned	1	ratio_vs_baseline	0.196662	12	1.0000	0	0		
rank	bignum	(set)	large-subject-throughput	plain	same program	libpcre2_10.46_jit-caps-simdna	measured	pinned	1	ratio_vs_best	1.000000	12	1.0000	0	0		
rank	bignum	(set)	large-subject-throughput	plain	same program	pcrec_1989c62_auto-nocaps-simdna	measured	pinned	2	median_ns	13188159.985075	12	1.0000	0	0		
rank	bignum	(set)	large-subject-throughput	plain	same program	pcrec_1989c62_auto-nocaps-simdna	measured	pinned	2	min_ns	13016458.820896	12	1.0000	0	0		
rank	bignum	(set)	large-subject-throughput	plain	same program	pcrec_1989c62_auto-nocaps-simdna	measured	pinned	2	max_ns	13223096.149254	12	1.0000	0	0		
rank	bignum	(set)	large-subject-throughput	plain	same program	pcrec_1989c62_auto-nocaps-simdna	measured	pinned	2	stddev_ns	75230.221695	12	1.0000	0	0		
rank	bignum	(set)	large-subject-throughput	plain	same program	pcrec_1989c62_auto-nocaps-simdna	measured	pinned	2	ratio_vs_baseline	0.227858	12	1.0000	0	0		
rank	bignum	(set)	large-subject-throughput	plain	same program	pcrec_1989c62_auto-nocaps-simdna	measured	pinned	2	ratio_vs_best	1.158626	12	1.0000	0	0		
rank	bignum	(set)	large-subject-throughput	plain	same program	pcrec_d34c9131_auto-caps-simdna	measured	pinned	3	median_ns	13191602.477612	12	1.0000	0	0		
rank	bignum	(set)	large-subject-throughput	plain	same program	pcrec_d34c9131_auto-caps-simdna	measured	pinned	3	min_ns	13050177.597015	12	1.0000	0	0		
rank	bignum	(set)	large-subject-throughput	plain	same program	pcrec_d34c9131_auto-caps-simdna	measured	pinned	3	max_ns	13199947.000000	12	1.0000	0	0		
rank	bignum	(set)	large-subject-throughput	plain	same program	pcrec_d34c9131_auto-caps-simdna	measured	pinned	3	stddev_ns	56817.002192	12	1.0000	0	0		
rank	bignum	(set)	large-subject-throughput	plain	same program	pcrec_d34c9131_auto-caps-simdna	measured	pinned	3	ratio_vs_baseline	0.227918	12	1.0000	0	0		
rank	bignum	(set)	large-subject-throughput	plain	same program	pcrec_d34c9131_auto-caps-simdna	measured	pinned	3	ratio_vs_best	1.158928	12	1.0000	0	0		
rank	bignum	(set)	large-subject-throughput	plain	same program	pcrec_25b1984f_auto-caps-simdna	measured	pinned	4	median_ns	13195556.757576	12	1.0000	0	0		unchanged (within spread)
rank	bignum	(set)	large-subject-throughput	plain	same program	pcrec_25b1984f_auto-caps-simdna	measured	pinned	4	min_ns	13073482.787879	12	1.0000	0	0		unchanged (within spread)
rank	bignum	(set)	large-subject-throughput	plain	same program	pcrec_25b1984f_auto-caps-simdna	measured	pinned	4	max_ns	13208171.984848	12	1.0000	0	0		unchanged (within spread)
rank	bignum	(set)	large-subject-throughput	plain	same program	pcrec_25b1984f_auto-caps-simdna	measured	pinned	4	stddev_ns	54538.506161	12	1.0000	0	0		unchanged (within spread)
rank	bignum	(set)	large-subject-throughput	plain	same program	pcrec_25b1984f_auto-caps-simdna	measured	pinned	4	ratio_vs_baseline	0.227986	12	1.0000	0	0		unchanged (within spread)
rank	bignum	(set)	large-subject-throughput	plain	same program	pcrec_25b1984f_auto-caps-simdna	measured	pinned	4	ratio_vs_best	1.159275	12	1.0000	0	0		unchanged (within spread)
rank	bignum	(set)	large-subject-throughput	plain	same program	pcrec_25b1984f_auto-nocaps-simdna	measured	pinned	5	median_ns	13201447.402985	12	1.0000	0	0		unchanged (within spread)
rank	bignum	(set)	large-subject-throughput	plain	same program	pcrec_25b1984f_auto-nocaps-simdna	measured	pinned	5	min_ns	13118232.208955	12	1.0000	0	0		unchanged (within spread)
rank	bignum	(set)	large-subject-throughput	plain	same program	pcrec_25b1984f_auto-nocaps-simdna	measured	pinned	5	max_ns	13209410.731343	12	1.0000	0	0		unchanged (within spread)
rank	bignum	(set)	large-subject-throughput	plain	same program	pcrec_25b1984f_auto-nocaps-simdna	measured	pinned	5	stddev_ns	34452.201937	12	1.0000	0	0		unchanged (within spread)
rank	bignum	(set)	large-subject-throughput	plain	same program	pcrec_25b1984f_auto-nocaps-simdna	measured	pinned	5	ratio_vs_baseline	0.228088	12	1.0000	0	0		unchanged (within spread)
rank	bignum	(set)	large-subject-throughput	plain	same program	pcrec_25b1984f_auto-nocaps-simdna	measured	pinned	5	ratio_vs_best	1.159793	12	1.0000	0	0		unchanged (within spread)
rank	bignum	(set)	large-subject-throughput	plain	same program	pcrec_25b1984f_vm-caps-simdna	measured	pinned	6	median_ns	34440671.708333	12	1.0000	0	0		unchanged (within spread)
rank	bignum	(set)	large-subject-throughput	plain	same program	pcrec_25b1984f_vm-caps-simdna	measured	pinned	6	min_ns	34404807.750000	12	1.0000	0	0		unchanged (within spread)
rank	bignum	(set)	large-subject-throughput	plain	same program	pcrec_25b1984f_vm-caps-simdna	measured	pinned	6	max_ns	34502529.541667	12	1.0000	0	0		unchanged (within spread)
rank	bignum	(set)	large-subject-throughput	plain	same program	pcrec_25b1984f_vm-caps-simdna	measured	pinned	6	stddev_ns	34712.960864	12	1.0000	0	0		unchanged (within spread)
rank	bignum	(set)	large-subject-throughput	plain	same program	pcrec_25b1984f_vm-caps-simdna	measured	pinned	6	ratio_vs_baseline	0.595048	12	1.0000	0	0		unchanged (within spread)
rank	bignum	(set)	large-subject-throughput	plain	same program	pcrec_25b1984f_vm-caps-simdna	measured	pinned	6	ratio_vs_best	3.025733	12	1.0000	0	0		unchanged (within spread)
rank	bignum	(set)	large-subject-throughput	plain	same program	pcrec_1989c62_vm-in-caps-simdna	measured	pinned	7	median_ns	34456070.083333	12	1.0000	0	0		
rank	bignum	(set)	large-subject-throughput	plain	same program	pcrec_1989c62_vm-in-caps-simdna	measured	pinned	7	min_ns	34435698.750000	12	1.0000	0	0		
rank	bignum	(set)	large-subject-throughput	plain	same program	pcrec_1989c62_vm-in-caps-simdna	measured	pinned	7	max_ns	34560814.916667	12	1.0000	0	0		
rank	bignum	(set)	large-subject-throughput	plain	same program	pcrec_1989c62_vm-in-caps-simdna	measured	pinned	7	stddev_ns	44389.973188	12	1.0000	0	0		
rank	bignum	(set)	large-subject-throughput	plain	same program	pcrec_1989c62_vm-in-caps-simdna	measured	pinned	7	ratio_vs_baseline	0.595314	12	1.0000	0	0		
rank	bignum	(set)	large-subject-throughput	plain	same program	pcrec_1989c62_vm-in-caps-simdna	measured	pinned	7	ratio_vs_best	3.027085	12	1.0000	0	0		
rank	bignum	(set)	large-subject-throughput	plain	same program	pcrec_1989c62_vm-caps-simdna	measured	pinned	8	median_ns	34465643.041667	12	1.0000	0	0		
rank	bignum	(set)	large-subject-throughput	plain	same program	pcrec_1989c62_vm-caps-simdna	measured	pinned	8	min_ns	34370462.500000	12	1.0000	0	0		
rank	bignum	(set)	large-subject-throughput	plain	same program	pcrec_1989c62_vm-caps-simdna	measured	pinned	8	max_ns	34626198.166667	12	1.0000	0	0		
rank	bignum	(set)	large-subject-throughput	plain	same program	pcrec_1989c62_vm-caps-simdna	measured	pinned	8	stddev_ns	87771.801072	12	1.0000	0	0		
rank	bignum	(set)	large-subject-throughput	plain	same program	pcrec_1989c62_vm-caps-simdna	measured	pinned	8	ratio_vs_baseline	0.595479	12	1.0000	0	0		
rank	bignum	(set)	large-subject-throughput	plain	same program	pcrec_1989c62_vm-caps-simdna	measured	pinned	8	ratio_vs_best	3.027926	12	1.0000	0	0		
rank	bignum	(set)	large-subject-throughput	plain	same program	pcrec_25b1984f_vm-in-caps-simdna	measured	pinned	9	median_ns	34476416.041667	12	1.0000	0	0		unchanged (within spread)
rank	bignum	(set)	large-subject-throughput	plain	same program	pcrec_25b1984f_vm-in-caps-simdna	measured	pinned	9	min_ns	34458438.875000	12	1.0000	0	0		unchanged (within spread)
rank	bignum	(set)	large-subject-throughput	plain	same program	pcrec_25b1984f_vm-in-caps-simdna	measured	pinned	9	max_ns	34767412.583333	12	1.0000	0	0		unchanged (within spread)
rank	bignum	(set)	large-subject-throughput	plain	same program	pcrec_25b1984f_vm-in-caps-simdna	measured	pinned	9	stddev_ns	132024.477558	12	1.0000	0	0		unchanged (within spread)
rank	bignum	(set)	large-subject-throughput	plain	same program	pcrec_25b1984f_vm-in-caps-simdna	measured	pinned	9	ratio_vs_baseline	0.595665	12	1.0000	0	0		unchanged (within spread)
rank	bignum	(set)	large-subject-throughput	plain	same program	pcrec_25b1984f_vm-in-caps-simdna	measured	pinned	9	ratio_vs_best	3.028873	12	1.0000	0	0		unchanged (within spread)
rank	bignum	(set)	large-subject-throughput	plain	same program	libpcre2_10.46_interp-caps-simdna	measured	pinned	10	median_ns	57878835.000000	12	1.0000	0	0		
rank	bignum	(set)	large-subject-throughput	plain	same program	libpcre2_10.46_interp-caps-simdna	measured	pinned	10	min_ns	57794557.866667	12	1.0000	0	0		
rank	bignum	(set)	large-subject-throughput	plain	same program	libpcre2_10.46_interp-caps-simdna	measured	pinned	10	max_ns	58075503.400000	12	1.0000	0	0		
rank	bignum	(set)	large-subject-throughput	plain	same program	libpcre2_10.46_interp-caps-simdna	measured	pinned	10	stddev_ns	103320.758894	12	1.0000	0	0		
rank	bignum	(set)	large-subject-throughput	plain	same program	libpcre2_10.46_interp-caps-simdna	measured	pinned	10	ratio_vs_baseline	1.000000	12	1.0000	0	0		
rank	bignum	(set)	large-subject-throughput	plain	same program	libpcre2_10.46_interp-caps-simdna	measured	pinned	10	ratio_vs_best	5.084856	12	1.0000	0	0		
baseline	bignum	(set)	short-subject-search			libpcre2_10.46_interp-caps-simdna				baseline_identity	interp					libpcre2_10.46_interp-caps-simdna (interp, present in this group)	
rank	bignum	(set)	short-subject-search	plain	same program	libpcre2_10.46_jit-caps-simdna	measured	pinned	1	median_ns	395913.648097	112	1.0000	0	0		
rank	bignum	(set)	short-subject-search	plain	same program	libpcre2_10.46_jit-caps-simdna	measured	pinned	1	min_ns	393751.781507	112	1.0000	0	0		
rank	bignum	(set)	short-subject-search	plain	same program	libpcre2_10.46_jit-caps-simdna	measured	pinned	1	max_ns	396496.751045	112	1.0000	0	0		
rank	bignum	(set)	short-subject-search	plain	same program	libpcre2_10.46_jit-caps-simdna	measured	pinned	1	stddev_ns	1004.478834	112	1.0000	0	0		
rank	bignum	(set)	short-subject-search	plain	same program	libpcre2_10.46_jit-caps-simdna	measured	pinned	1	ratio_vs_baseline	0.175936	112	1.0000	0	0		
rank	bignum	(set)	short-subject-search	plain	same program	libpcre2_10.46_jit-caps-simdna	measured	pinned	1	ratio_vs_best	1.000000	112	1.0000	0	0		
rank	bignum	(set)	short-subject-search	plain	same program	pcrec_d34c9131_auto-caps-simdna	measured	pinned	2	median_ns	427853.355032	112	1.0000	0	0		
rank	bignum	(set)	short-subject-search	plain	same program	pcrec_d34c9131_auto-caps-simdna	measured	pinned	2	min_ns	424475.543841	112	1.0000	0	0		
rank	bignum	(set)	short-subject-search	plain	same program	pcrec_d34c9131_auto-caps-simdna	measured	pinned	2	max_ns	430828.767776	112	1.0000	0	0		
rank	bignum	(set)	short-subject-search	plain	same program	pcrec_d34c9131_auto-caps-simdna	measured	pinned	2	stddev_ns	2299.058466	112	1.0000	0	0		
rank	bignum	(set)	short-subject-search	plain	same program	pcrec_d34c9131_auto-caps-simdna	measured	pinned	2	ratio_vs_baseline	0.190129	112	1.0000	0	0		
rank	bignum	(set)	short-subject-search	plain	same program	pcrec_d34c9131_auto-caps-simdna	measured	pinned	2	ratio_vs_best	1.080673	112	1.0000	0	0		
rank	bignum	(set)	short-subject-search	plain	same program	pcrec_1989c62_auto-nocaps-simdna	measured	pinned	3	median_ns	427977.560095	112	1.0000	0	0		
rank	bignum	(set)	short-subject-search	plain	same program	pcrec_1989c62_auto-nocaps-simdna	measured	pinned	3	min_ns	425540.643320	112	1.0000	0	0		
rank	bignum	(set)	short-subject-search	plain	same program	pcrec_1989c62_auto-nocaps-simdna	measured	pinned	3	max_ns	431841.490056	112	1.0000	0	0		
rank	bignum	(set)	short-subject-search	plain	same program	pcrec_1989c62_auto-nocaps-simdna	measured	pinned	3	stddev_ns	2479.359747	112	1.0000	0	0		
rank	bignum	(set)	short-subject-search	plain	same program	pcrec_1989c62_auto-nocaps-simdna	measured	pinned	3	ratio_vs_baseline	0.190184	112	1.0000	0	0		
rank	bignum	(set)	short-subject-search	plain	same program	pcrec_1989c62_auto-nocaps-simdna	measured	pinned	3	ratio_vs_best	1.080987	112	1.0000	0	0		
rank	bignum	(set)	short-subject-search	plain	same program	pcrec_25b1984f_auto-caps-simdna	measured	pinned	4	median_ns	429980.577871	112	1.0000	0	0		unchanged (within spread)
rank	bignum	(set)	short-subject-search	plain	same program	pcrec_25b1984f_auto-caps-simdna	measured	pinned	4	min_ns	427894.054092	112	1.0000	0	0		unchanged (within spread)
rank	bignum	(set)	short-subject-search	plain	same program	pcrec_25b1984f_auto-caps-simdna	measured	pinned	4	max_ns	434432.681502	112	1.0000	0	0		unchanged (within spread)
rank	bignum	(set)	short-subject-search	plain	same program	pcrec_25b1984f_auto-caps-simdna	measured	pinned	4	stddev_ns	2460.291971	112	1.0000	0	0		unchanged (within spread)
rank	bignum	(set)	short-subject-search	plain	same program	pcrec_25b1984f_auto-caps-simdna	measured	pinned	4	ratio_vs_baseline	0.191074	112	1.0000	0	0		unchanged (within spread)
rank	bignum	(set)	short-subject-search	plain	same program	pcrec_25b1984f_auto-caps-simdna	measured	pinned	4	ratio_vs_best	1.086046	112	1.0000	0	0		unchanged (within spread)
rank	bignum	(set)	short-subject-search	plain	same program	pcrec_25b1984f_auto-nocaps-simdna	measured	pinned	5	median_ns	430718.845538	112	1.0000	0	0		unchanged (within spread)
rank	bignum	(set)	short-subject-search	plain	same program	pcrec_25b1984f_auto-nocaps-simdna	measured	pinned	5	min_ns	427072.904876	112	1.0000	0	0		unchanged (within spread)
rank	bignum	(set)	short-subject-search	plain	same program	pcrec_25b1984f_auto-nocaps-simdna	measured	pinned	5	max_ns	432153.992469	112	1.0000	0	0		unchanged (within spread)
rank	bignum	(set)	short-subject-search	plain	same program	pcrec_25b1984f_auto-nocaps-simdna	measured	pinned	5	stddev_ns	1740.947879	112	1.0000	0	0		unchanged (within spread)
rank	bignum	(set)	short-subject-search	plain	same program	pcrec_25b1984f_auto-nocaps-simdna	measured	pinned	5	ratio_vs_baseline	0.191402	112	1.0000	0	0		unchanged (within spread)
rank	bignum	(set)	short-subject-search	plain	same program	pcrec_25b1984f_auto-nocaps-simdna	measured	pinned	5	ratio_vs_best	1.087911	112	1.0000	0	0		unchanged (within spread)
rank	bignum	(set)	short-subject-search	plain	same program	pcrec_25b1984f_vm-caps-simdna	measured	pinned	6	median_ns	1280919.696620	112	1.0000	0	0		unchanged (within spread)
rank	bignum	(set)	short-subject-search	plain	same program	pcrec_25b1984f_vm-caps-simdna	measured	pinned	6	min_ns	1280355.413153	112	1.0000	0	0		unchanged (within spread)
rank	bignum	(set)	short-subject-search	plain	same program	pcrec_25b1984f_vm-caps-simdna	measured	pinned	6	max_ns	1282063.199632	112	1.0000	0	0		unchanged (within spread)
rank	bignum	(set)	short-subject-search	plain	same program	pcrec_25b1984f_vm-caps-simdna	measured	pinned	6	stddev_ns	667.938845	112	1.0000	0	0		unchanged (within spread)
rank	bignum	(set)	short-subject-search	plain	same program	pcrec_25b1984f_vm-caps-simdna	measured	pinned	6	ratio_vs_baseline	0.569213	112	1.0000	0	0		unchanged (within spread)
rank	bignum	(set)	short-subject-search	plain	same program	pcrec_25b1984f_vm-caps-simdna	measured	pinned	6	ratio_vs_best	3.235351	112	1.0000	0	0		unchanged (within spread)
rank	bignum	(set)	short-subject-search	plain	same program	pcrec_1989c62_vm-in-caps-simdna	measured	pinned	7	median_ns	1281175.850831	112	1.0000	0	0		
rank	bignum	(set)	short-subject-search	plain	same program	pcrec_1989c62_vm-in-caps-simdna	measured	pinned	7	min_ns	1281002.566944	112	1.0000	0	0		
rank	bignum	(set)	short-subject-search	plain	same program	pcrec_1989c62_vm-in-caps-simdna	measured	pinned	7	max_ns	1282785.832724	112	1.0000	0	0		
rank	bignum	(set)	short-subject-search	plain	same program	pcrec_1989c62_vm-in-caps-simdna	measured	pinned	7	stddev_ns	669.778073	112	1.0000	0	0		
rank	bignum	(set)	short-subject-search	plain	same program	pcrec_1989c62_vm-in-caps-simdna	measured	pinned	7	ratio_vs_baseline	0.569327	112	1.0000	0	0		
rank	bignum	(set)	short-subject-search	plain	same program	pcrec_1989c62_vm-in-caps-simdna	measured	pinned	7	ratio_vs_best	3.235998	112	1.0000	0	0		
rank	bignum	(set)	short-subject-search	plain	same program	pcrec_1989c62_vm-caps-simdna	measured	pinned	8	median_ns	1282439.775663	112	1.0000	0	0		
rank	bignum	(set)	short-subject-search	plain	same program	pcrec_1989c62_vm-caps-simdna	measured	pinned	8	min_ns	1281199.360040	112	1.0000	0	0		
rank	bignum	(set)	short-subject-search	plain	same program	pcrec_1989c62_vm-caps-simdna	measured	pinned	8	max_ns	1284696.267067	112	1.0000	0	0		
rank	bignum	(set)	short-subject-search	plain	same program	pcrec_1989c62_vm-caps-simdna	measured	pinned	8	stddev_ns	1313.192336	112	1.0000	0	0		
rank	bignum	(set)	short-subject-search	plain	same program	pcrec_1989c62_vm-caps-simdna	measured	pinned	8	ratio_vs_baseline	0.569889	112	1.0000	0	0		
rank	bignum	(set)	short-subject-search	plain	same program	pcrec_1989c62_vm-caps-simdna	measured	pinned	8	ratio_vs_best	3.239191	112	1.0000	0	0		
rank	bignum	(set)	short-subject-search	plain	same program	pcrec_25b1984f_vm-in-caps-simdna	measured	pinned	9	median_ns	1282579.627922	112	1.0000	0	0		unchanged (within spread)
rank	bignum	(set)	short-subject-search	plain	same program	pcrec_25b1984f_vm-in-caps-simdna	measured	pinned	9	min_ns	1281524.979937	112	1.0000	0	0		unchanged (within spread)
rank	bignum	(set)	short-subject-search	plain	same program	pcrec_25b1984f_vm-in-caps-simdna	measured	pinned	9	max_ns	1284186.244238	112	1.0000	0	0		unchanged (within spread)
rank	bignum	(set)	short-subject-search	plain	same program	pcrec_25b1984f_vm-in-caps-simdna	measured	pinned	9	stddev_ns	880.122486	112	1.0000	0	0		unchanged (within spread)
rank	bignum	(set)	short-subject-search	plain	same program	pcrec_25b1984f_vm-in-caps-simdna	measured	pinned	9	ratio_vs_baseline	0.569951	112	1.0000	0	0		unchanged (within spread)
rank	bignum	(set)	short-subject-search	plain	same program	pcrec_25b1984f_vm-in-caps-simdna	measured	pinned	9	ratio_vs_best	3.239544	112	1.0000	0	0		unchanged (within spread)
rank	bignum	(set)	short-subject-search	plain	same program	libpcre2_10.46_interp-caps-simdna	measured	pinned	10	median_ns	2250332.922988	112	1.0000	0	0		
rank	bignum	(set)	short-subject-search	plain	same program	libpcre2_10.46_interp-caps-simdna	measured	pinned	10	min_ns	2243652.571222	112	1.0000	0	0		
rank	bignum	(set)	short-subject-search	plain	same program	libpcre2_10.46_interp-caps-simdna	measured	pinned	10	max_ns	2739686.144760	112	1.0000	0	0		
rank	bignum	(set)	short-subject-search	plain	same program	libpcre2_10.46_interp-caps-simdna	measured	pinned	10	stddev_ns	196086.771387	112	1.0000	0	0		
rank	bignum	(set)	short-subject-search	plain	same program	libpcre2_10.46_interp-caps-simdna	measured	pinned	10	ratio_vs_baseline	1.000000	112	1.0000	0	0		
rank	bignum	(set)	short-subject-search	plain	same program	libpcre2_10.46_interp-caps-simdna	measured	pinned	10	ratio_vs_best	5.683898	112	1.0000	0	0		
baseline	floor	(set)	large-subject-throughput			libpcre2_10.46_interp-caps-simdna				baseline_identity	interp					libpcre2_10.46_interp-caps-simdna (interp, present in this group)	
rank	floor	(set)	large-subject-throughput	plain	same program	pcrec_1989c62_auto-nocaps-simdna	measured	pinned	1	median_ns	2906596.382979	12	1.0000	0	0		
rank	floor	(set)	large-subject-throughput	plain	same program	pcrec_1989c62_auto-nocaps-simdna	measured	pinned	1	min_ns	2904353.315603	12	1.0000	0	0		
rank	floor	(set)	large-subject-throughput	plain	same program	pcrec_1989c62_auto-nocaps-simdna	measured	pinned	1	max_ns	2912599.648936	12	1.0000	0	0		
rank	floor	(set)	large-subject-throughput	plain	same program	pcrec_1989c62_auto-nocaps-simdna	measured	pinned	1	stddev_ns	2845.434924	12	1.0000	0	0		
rank	floor	(set)	large-subject-throughput	plain	same program	pcrec_1989c62_auto-nocaps-simdna	measured	pinned	1	ratio_vs_baseline	0.199987	12	1.0000	0	0		
rank	floor	(set)	large-subject-throughput	plain	same program	pcrec_1989c62_auto-nocaps-simdna	measured	pinned	1	ratio_vs_best	1.000000	12	1.0000	0	0		
rank	floor	(set)	large-subject-throughput	plain	same program	pcrec_d34c9131_auto-caps-simdna	measured	pinned	2	median_ns	2907377.853933	12	1.0000	0	0		
rank	floor	(set)	large-subject-throughput	plain	same program	pcrec_d34c9131_auto-caps-simdna	measured	pinned	2	min_ns	2905305.071161	12	1.0000	0	0		
rank	floor	(set)	large-subject-throughput	plain	same program	pcrec_d34c9131_auto-caps-simdna	measured	pinned	2	max_ns	2912718.666667	12	1.0000	0	0		
rank	floor	(set)	large-subject-throughput	plain	same program	pcrec_d34c9131_auto-caps-simdna	measured	pinned	2	stddev_ns	3199.585248	12	1.0000	0	0		
rank	floor	(set)	large-subject-throughput	plain	same program	pcrec_d34c9131_auto-caps-simdna	measured	pinned	2	ratio_vs_baseline	0.200040	12	1.0000	0	0		
rank	floor	(set)	large-subject-throughput	plain	same program	pcrec_d34c9131_auto-caps-simdna	measured	pinned	2	ratio_vs_best	1.000269	12	1.0000	0	0		
rank	floor	(set)	large-subject-throughput	plain	same program	pcrec_1989c62_vm-caps-simdna	measured	pinned	3	median_ns	3551416.756219	12	1.0000	0	0		
rank	floor	(set)	large-subject-throughput	plain	same program	pcrec_1989c62_vm-caps-simdna	measured	pinned	3	min_ns	3535634.169154	12	1.0000	0	0		
rank	floor	(set)	large-subject-throughput	plain	same program	pcrec_1989c62_vm-caps-simdna	measured	pinned	3	max_ns	3591204.502488	12	1.0000	0	0		
rank	floor	(set)	large-subject-throughput	plain	same program	pcrec_1989c62_vm-caps-simdna	measured	pinned	3	stddev_ns	19870.205911	12	1.0000	0	0		
rank	floor	(set)	large-subject-throughput	plain	same program	pcrec_1989c62_vm-caps-simdna	measured	pinned	3	ratio_vs_baseline	0.244353	12	1.0000	0	0		
rank	floor	(set)	large-subject-throughput	plain	same program	pcrec_1989c62_vm-caps-simdna	measured	pinned	3	ratio_vs_best	1.221847	12	1.0000	0	0		
rank	floor	(set)	large-subject-throughput	plain	same program	pcrec_25b1984f_auto-nocaps-simdna	measured	pinned	4	median_ns	3834279.630332	12	1.0000	0	0		slower ×1.32
rank	floor	(set)	large-subject-throughput	plain	same program	pcrec_25b1984f_auto-nocaps-simdna	measured	pinned	4	min_ns	3832135.308057	12	1.0000	0	0		slower ×1.32
rank	floor	(set)	large-subject-throughput	plain	same program	pcrec_25b1984f_auto-nocaps-simdna	measured	pinned	4	max_ns	3836022.483412	12	1.0000	0	0		slower ×1.32
rank	floor	(set)	large-subject-throughput	plain	same program	pcrec_25b1984f_auto-nocaps-simdna	measured	pinned	4	stddev_ns	1234.390194	12	1.0000	0	0		slower ×1.32
rank	floor	(set)	large-subject-throughput	plain	same program	pcrec_25b1984f_auto-nocaps-simdna	measured	pinned	4	ratio_vs_baseline	0.263815	12	1.0000	0	0		slower ×1.32
rank	floor	(set)	large-subject-throughput	plain	same program	pcrec_25b1984f_auto-nocaps-simdna	measured	pinned	4	ratio_vs_best	1.319165	12	1.0000	0	0		slower ×1.32
rank	floor	(set)	large-subject-throughput	plain	same program	pcrec_25b1984f_auto-caps-simdna	measured	pinned	5	median_ns	3837086.127962	12	1.0000	0	0		slower ×1.32
rank	floor	(set)	large-subject-throughput	plain	same program	pcrec_25b1984f_auto-caps-simdna	measured	pinned	5	min_ns	3832658.426540	12	1.0000	0	0		slower ×1.32
rank	floor	(set)	large-subject-throughput	plain	same program	pcrec_25b1984f_auto-caps-simdna	measured	pinned	5	max_ns	3840569.412322	12	1.0000	0	0		slower ×1.32
rank	floor	(set)	large-subject-throughput	plain	same program	pcrec_25b1984f_auto-caps-simdna	measured	pinned	5	stddev_ns	2664.523923	12	1.0000	0	0		slower ×1.32
rank	floor	(set)	large-subject-throughput	plain	same program	pcrec_25b1984f_auto-caps-simdna	measured	pinned	5	ratio_vs_baseline	0.264008	12	1.0000	0	0		slower ×1.32
rank	floor	(set)	large-subject-throughput	plain	same program	pcrec_25b1984f_auto-caps-simdna	measured	pinned	5	ratio_vs_best	1.320130	12	1.0000	0	0		slower ×1.32
rank	floor	(set)	large-subject-throughput	plain	same program	pcrec_1989c62_vm-in-caps-simdna	measured	pinned	6	median_ns	3958504.761261	12	1.0000	0	0		
rank	floor	(set)	large-subject-throughput	plain	same program	pcrec_1989c62_vm-in-caps-simdna	measured	pinned	6	min_ns	3937421.171171	12	1.0000	0	0		
rank	floor	(set)	large-subject-throughput	plain	same program	pcrec_1989c62_vm-in-caps-simdna	measured	pinned	6	max_ns	3982787.018018	12	1.0000	0	0		
rank	floor	(set)	large-subject-throughput	plain	same program	pcrec_1989c62_vm-in-caps-simdna	measured	pinned	6	stddev_ns	14842.054310	12	1.0000	0	0		
rank	floor	(set)	large-subject-throughput	plain	same program	pcrec_1989c62_vm-in-caps-simdna	measured	pinned	6	ratio_vs_baseline	0.272362	12	1.0000	0	0		
rank	floor	(set)	large-subject-throughput	plain	same program	pcrec_1989c62_vm-in-caps-simdna	measured	pinned	6	ratio_vs_best	1.361904	12	1.0000	0	0		
rank	floor	(set)	large-subject-throughput	plain	same program	pcrec_25b1984f_vm-caps-simdna	measured	pinned	7	median_ns	4567393.429319	12	1.0000	0	0		slower ×1.29
rank	floor	(set)	large-subject-throughput	plain	same program	pcrec_25b1984f_vm-caps-simdna	measured	pinned	7	min_ns	4534740.434555	12	1.0000	0	0		slower ×1.29
rank	floor	(set)	large-subject-throughput	plain	same program	pcrec_25b1984f_vm-caps-simdna	measured	pinned	7	max_ns	4653431.036649	12	1.0000	0	0		slower ×1.29
rank	floor	(set)	large-subject-throughput	plain	same program	pcrec_25b1984f_vm-caps-simdna	measured	pinned	7	stddev_ns	41520.166466	12	1.0000	0	0		slower ×1.29
rank	floor	(set)	large-subject-throughput	plain	same program	pcrec_25b1984f_vm-caps-simdna	measured	pinned	7	ratio_vs_baseline	0.314257	12	1.0000	0	0		slower ×1.29
rank	floor	(set)	large-subject-throughput	plain	same program	pcrec_25b1984f_vm-caps-simdna	measured	pinned	7	ratio_vs_best	1.571389	12	1.0000	0	0		slower ×1.29
rank	floor	(set)	large-subject-throughput	plain	same program	pcrec_25b1984f_vm-in-caps-simdna	measured	pinned	8	median_ns	4682305.432584	12	1.0000	0	0		slower ×1.18
rank	floor	(set)	large-subject-throughput	plain	same program	pcrec_25b1984f_vm-in-caps-simdna	measured	pinned	8	min_ns	4653010.393258	12	1.0000	0	0		slower ×1.18
rank	floor	(set)	large-subject-throughput	plain	same program	pcrec_25b1984f_vm-in-caps-simdna	measured	pinned	8	max_ns	4727786.280899	12	1.0000	0	0		slower ×1.18
rank	floor	(set)	large-subject-throughput	plain	same program	pcrec_25b1984f_vm-in-caps-simdna	measured	pinned	8	stddev_ns	25756.458820	12	1.0000	0	0		slower ×1.18
rank	floor	(set)	large-subject-throughput	plain	same program	pcrec_25b1984f_vm-in-caps-simdna	measured	pinned	8	ratio_vs_baseline	0.322163	12	1.0000	0	0		slower ×1.18
rank	floor	(set)	large-subject-throughput	plain	same program	pcrec_25b1984f_vm-in-caps-simdna	measured	pinned	8	ratio_vs_best	1.610924	12	1.0000	0	0		slower ×1.18
rank	floor	(set)	large-subject-throughput	plain	same program	libpcre2_10.46_jit-caps-simdna	measured	pinned	9	median_ns	6679229.808333	12	1.0000	0	0		
rank	floor	(set)	large-subject-throughput	plain	same program	libpcre2_10.46_jit-caps-simdna	measured	pinned	9	min_ns	6646712.608333	12	1.0000	0	0		
rank	floor	(set)	large-subject-throughput	plain	same program	libpcre2_10.46_jit-caps-simdna	measured	pinned	9	max_ns	7365085.825000	12	1.0000	0	0		
rank	floor	(set)	large-subject-throughput	plain	same program	libpcre2_10.46_jit-caps-simdna	measured	pinned	9	stddev_ns	272133.552491	12	1.0000	0	0		
rank	floor	(set)	large-subject-throughput	plain	same program	libpcre2_10.46_jit-caps-simdna	measured	pinned	9	ratio_vs_baseline	0.459560	12	1.0000	0	0		
rank	floor	(set)	large-subject-throughput	plain	same program	libpcre2_10.46_jit-caps-simdna	measured	pinned	9	ratio_vs_best	2.297956	12	1.0000	0	0		
rank	floor	(set)	large-subject-throughput	plain	same program	libpcre2_10.46_interp-caps-simdna	measured	pinned	10	median_ns	14533959.070175	12	1.0000	0	0		
rank	floor	(set)	large-subject-throughput	plain	same program	libpcre2_10.46_interp-caps-simdna	measured	pinned	10	min_ns	14361041.385965	12	1.0000	0	0		
rank	floor	(set)	large-subject-throughput	plain	same program	libpcre2_10.46_interp-caps-simdna	measured	pinned	10	max_ns	14749243.175439	12	1.0000	0	0		
rank	floor	(set)	large-subject-throughput	plain	same program	libpcre2_10.46_interp-caps-simdna	measured	pinned	10	stddev_ns	130640.420849	12	1.0000	0	0		
rank	floor	(set)	large-subject-throughput	plain	same program	libpcre2_10.46_interp-caps-simdna	measured	pinned	10	ratio_vs_baseline	1.000000	12	1.0000	0	0		
rank	floor	(set)	large-subject-throughput	plain	same program	libpcre2_10.46_interp-caps-simdna	measured	pinned	10	ratio_vs_best	5.000336	12	1.0000	0	0		
baseline	floor	(set)	short-subject-search			libpcre2_10.46_interp-caps-simdna				baseline_identity	interp					libpcre2_10.46_interp-caps-simdna (interp, present in this group)	
rank	floor	(set)	short-subject-search	plain	same program	pcrec_25b1984f_vm-in-caps-simdna	measured	pinned	1	median_ns	1538.518856	112	1.0000	0	0		faster ×1.05
rank	floor	(set)	short-subject-search	plain	same program	pcrec_25b1984f_vm-in-caps-simdna	measured	pinned	1	min_ns	1522.907336	112	1.0000	0	0		faster ×1.05
rank	floor	(set)	short-subject-search	plain	same program	pcrec_25b1984f_vm-in-caps-simdna	measured	pinned	1	max_ns	1558.583009	112	1.0000	0	0		faster ×1.05
rank	floor	(set)	short-subject-search	plain	same program	pcrec_25b1984f_vm-in-caps-simdna	measured	pinned	1	stddev_ns	12.883864	112	1.0000	0	0		faster ×1.05
rank	floor	(set)	short-subject-search	plain	same program	pcrec_25b1984f_vm-in-caps-simdna	measured	pinned	1	ratio_vs_baseline	0.135430	112	1.0000	0	0		faster ×1.05
rank	floor	(set)	short-subject-search	plain	same program	pcrec_25b1984f_vm-in-caps-simdna	measured	pinned	1	ratio_vs_best	1.000000	112	1.0000	0	0		faster ×1.05
rank	floor	(set)	short-subject-search	plain	same program	pcrec_1989c62_vm-caps-simdna	measured	pinned	2	median_ns	1595.333928	112	1.0000	0	0		
rank	floor	(set)	short-subject-search	plain	same program	pcrec_1989c62_vm-caps-simdna	measured	pinned	2	min_ns	1593.876532	112	1.0000	0	0		
rank	floor	(set)	short-subject-search	plain	same program	pcrec_1989c62_vm-caps-simdna	measured	pinned	2	max_ns	1597.304056	112	1.0000	0	0		
rank	floor	(set)	short-subject-search	plain	same program	pcrec_1989c62_vm-caps-simdna	measured	pinned	2	stddev_ns	1.305617	112	1.0000	0	0		
rank	floor	(set)	short-subject-search	plain	same program	pcrec_1989c62_vm-caps-simdna	measured	pinned	2	ratio_vs_baseline	0.140431	112	1.0000	0	0		
rank	floor	(set)	short-subject-search	plain	same program	pcrec_1989c62_vm-caps-simdna	measured	pinned	2	ratio_vs_best	1.036928	112	1.0000	0	0		
rank	floor	(set)	short-subject-search	plain	same program	pcrec_1989c62_vm-in-caps-simdna	measured	pinned	3	median_ns	1611.038131	112	1.0000	0	0		
rank	floor	(set)	short-subject-search	plain	same program	pcrec_1989c62_vm-in-caps-simdna	measured	pinned	3	min_ns	1608.139835	112	1.0000	0	0		
rank	floor	(set)	short-subject-search	plain	same program	pcrec_1989c62_vm-in-caps-simdna	measured	pinned	3	max_ns	1615.646882	112	1.0000	0	0		
rank	floor	(set)	short-subject-search	plain	same program	pcrec_1989c62_vm-in-caps-simdna	measured	pinned	3	stddev_ns	2.743894	112	1.0000	0	0		
rank	floor	(set)	short-subject-search	plain	same program	pcrec_1989c62_vm-in-caps-simdna	measured	pinned	3	ratio_vs_baseline	0.141814	112	1.0000	0	0		
rank	floor	(set)	short-subject-search	plain	same program	pcrec_1989c62_vm-in-caps-simdna	measured	pinned	3	ratio_vs_best	1.047136	112	1.0000	0	0		
rank	floor	(set)	short-subject-search	plain	same program	pcrec_25b1984f_vm-caps-simdna	measured	pinned	4	median_ns	1649.980973	112	1.0000	0	0		slower ×1.03
rank	floor	(set)	short-subject-search	plain	same program	pcrec_25b1984f_vm-caps-simdna	measured	pinned	4	min_ns	1646.016826	112	1.0000	0	0		slower ×1.03
rank	floor	(set)	short-subject-search	plain	same program	pcrec_25b1984f_vm-caps-simdna	measured	pinned	4	max_ns	1655.475653	112	1.0000	0	0		slower ×1.03
rank	floor	(set)	short-subject-search	plain	same program	pcrec_25b1984f_vm-caps-simdna	measured	pinned	4	stddev_ns	3.517871	112	1.0000	0	0		slower ×1.03
rank	floor	(set)	short-subject-search	plain	same program	pcrec_25b1984f_vm-caps-simdna	measured	pinned	4	ratio_vs_baseline	0.145242	112	1.0000	0	0		slower ×1.03
rank	floor	(set)	short-subject-search	plain	same program	pcrec_25b1984f_vm-caps-simdna	measured	pinned	4	ratio_vs_best	1.072448	112	1.0000	0	0		slower ×1.03
rank	floor	(set)	short-subject-search	plain	same program	pcrec_1989c62_auto-nocaps-simdna	measured	pinned	5	median_ns	2038.796946	112	1.0000	0	0		
rank	floor	(set)	short-subject-search	plain	same program	pcrec_1989c62_auto-nocaps-simdna	measured	pinned	5	min_ns	2036.651546	112	1.0000	0	0		
rank	floor	(set)	short-subject-search	plain	same program	pcrec_1989c62_auto-nocaps-simdna	measured	pinned	5	max_ns	2050.815128	112	1.0000	0	0		
rank	floor	(set)	short-subject-search	plain	same program	pcrec_1989c62_auto-nocaps-simdna	measured	pinned	5	stddev_ns	5.234159	112	1.0000	0	0		
rank	floor	(set)	short-subject-search	plain	same program	pcrec_1989c62_auto-nocaps-simdna	measured	pinned	5	ratio_vs_baseline	0.179468	112	1.0000	0	0		
rank	floor	(set)	short-subject-search	plain	same program	pcrec_1989c62_auto-nocaps-simdna	measured	pinned	5	ratio_vs_best	1.325169	112	1.0000	0	0		
rank	floor	(set)	short-subject-search	plain	same program	pcrec_d34c9131_auto-caps-simdna	measured	pinned	6	median_ns	2041.273962	112	1.0000	0	0		
rank	floor	(set)	short-subject-search	plain	same program	pcrec_d34c9131_auto-caps-simdna	measured	pinned	6	min_ns	2033.524284	112	1.0000	0	0		
rank	floor	(set)	short-subject-search	plain	same program	pcrec_d34c9131_auto-caps-simdna	measured	pinned	6	max_ns	2094.144520	112	1.0000	0	0		
rank	floor	(set)	short-subject-search	plain	same program	pcrec_d34c9131_auto-caps-simdna	measured	pinned	6	stddev_ns	22.391810	112	1.0000	0	0		
rank	floor	(set)	short-subject-search	plain	same program	pcrec_d34c9131_auto-caps-simdna	measured	pinned	6	ratio_vs_baseline	0.179686	112	1.0000	0	0		
rank	floor	(set)	short-subject-search	plain	same program	pcrec_d34c9131_auto-caps-simdna	measured	pinned	6	ratio_vs_best	1.326779	112	1.0000	0	0		
rank	floor	(set)	short-subject-search	plain	same program	pcrec_25b1984f_auto-caps-simdna	measured	pinned	7	median_ns	2049.135229	112	1.0000	0	0		unchanged (within spread)
rank	floor	(set)	short-subject-search	plain	same program	pcrec_25b1984f_auto-caps-simdna	measured	pinned	7	min_ns	2045.498791	112	1.0000	0	0		unchanged (within spread)
rank	floor	(set)	short-subject-search	plain	same program	pcrec_25b1984f_auto-caps-simdna	measured	pinned	7	max_ns	2058.340830	112	1.0000	0	0		unchanged (within spread)
rank	floor	(set)	short-subject-search	plain	same program	pcrec_25b1984f_auto-caps-simdna	measured	pinned	7	stddev_ns	4.684026	112	1.0000	0	0		unchanged (within spread)
rank	floor	(set)	short-subject-search	plain	same program	pcrec_25b1984f_auto-caps-simdna	measured	pinned	7	ratio_vs_baseline	0.180378	112	1.0000	0	0		unchanged (within spread)
rank	floor	(set)	short-subject-search	plain	same program	pcrec_25b1984f_auto-caps-simdna	measured	pinned	7	ratio_vs_best	1.331888	112	1.0000	0	0		unchanged (within spread)
rank	floor	(set)	short-subject-search	plain	same program	pcrec_25b1984f_auto-nocaps-simdna	measured	pinned	8	median_ns	2056.105243	112	1.0000	0	0		slower ×1.01
rank	floor	(set)	short-subject-search	plain	same program	pcrec_25b1984f_auto-nocaps-simdna	measured	pinned	8	min_ns	2053.743468	112	1.0000	0	0		slower ×1.01
rank	floor	(set)	short-subject-search	plain	same program	pcrec_25b1984f_auto-nocaps-simdna	measured	pinned	8	max_ns	2057.855979	112	1.0000	0	0		slower ×1.01
rank	floor	(set)	short-subject-search	plain	same program	pcrec_25b1984f_auto-nocaps-simdna	measured	pinned	8	stddev_ns	1.579086	112	1.0000	0	0		slower ×1.01
rank	floor	(set)	short-subject-search	plain	same program	pcrec_25b1984f_auto-nocaps-simdna	measured	pinned	8	ratio_vs_baseline	0.180991	112	1.0000	0	0		slower ×1.01
rank	floor	(set)	short-subject-search	plain	same program	pcrec_25b1984f_auto-nocaps-simdna	measured	pinned	8	ratio_vs_best	1.336419	112	1.0000	0	0		slower ×1.01
rank	floor	(set)	short-subject-search	plain	same program	libpcre2_10.46_jit-caps-simdna	measured	pinned	9	median_ns	4976.571523	112	1.0000	0	0		
rank	floor	(set)	short-subject-search	plain	same program	libpcre2_10.46_jit-caps-simdna	measured	pinned	9	min_ns	4915.868949	112	1.0000	0	0		
rank	floor	(set)	short-subject-search	plain	same program	libpcre2_10.46_jit-caps-simdna	measured	pinned	9	max_ns	5683.164091	112	1.0000	0	0		
rank	floor	(set)	short-subject-search	plain	same program	libpcre2_10.46_jit-caps-simdna	measured	pinned	9	stddev_ns	298.852714	112	1.0000	0	0		
rank	floor	(set)	short-subject-search	plain	same program	libpcre2_10.46_jit-caps-simdna	measured	pinned	9	ratio_vs_baseline	0.438069	112	1.0000	0	0		
rank	floor	(set)	short-subject-search	plain	same program	libpcre2_10.46_jit-caps-simdna	measured	pinned	9	ratio_vs_best	3.234651	112	1.0000	0	0		
rank	floor	(set)	short-subject-search	plain	same program	libpcre2_10.46_interp-caps-simdna	measured	pinned	10	median_ns	11360.240484	112	1.0000	0	0		
rank	floor	(set)	short-subject-search	plain	same program	libpcre2_10.46_interp-caps-simdna	measured	pinned	10	min_ns	10972.331570	112	1.0000	0	0		
rank	floor	(set)	short-subject-search	plain	same program	libpcre2_10.46_interp-caps-simdna	measured	pinned	10	max_ns	11577.511339	112	1.0000	0	0		
rank	floor	(set)	short-subject-search	plain	same program	libpcre2_10.46_interp-caps-simdna	measured	pinned	10	stddev_ns	226.064231	112	1.0000	0	0		
rank	floor	(set)	short-subject-search	plain	same program	libpcre2_10.46_interp-caps-simdna	measured	pinned	10	ratio_vs_baseline	1.000000	112	1.0000	0	0		
rank	floor	(set)	short-subject-search	plain	same program	libpcre2_10.46_interp-caps-simdna	measured	pinned	10	ratio_vs_best	7.383881	112	1.0000	0	0		
baseline	hex32-id	(set)	large-subject-throughput			libpcre2_10.46_interp-caps-simdna				baseline_identity	interp					libpcre2_10.46_interp-caps-simdna (interp, present in this group)	
rank	hex32-id	(set)	large-subject-throughput	plain	same program	pcrec_1989c62_auto-nocaps-simdna	measured	pinned	1	median_ns	13026945.176471	12	1.0000	0	0		
rank	hex32-id	(set)	large-subject-throughput	plain	same program	pcrec_1989c62_auto-nocaps-simdna	measured	pinned	1	min_ns	12961707.720588	12	1.0000	0	0		
rank	hex32-id	(set)	large-subject-throughput	plain	same program	pcrec_1989c62_auto-nocaps-simdna	measured	pinned	1	max_ns	13236722.441176	12	1.0000	0	0		
rank	hex32-id	(set)	large-subject-throughput	plain	same program	pcrec_1989c62_auto-nocaps-simdna	measured	pinned	1	stddev_ns	109576.761540	12	1.0000	0	0		
rank	hex32-id	(set)	large-subject-throughput	plain	same program	pcrec_1989c62_auto-nocaps-simdna	measured	pinned	1	ratio_vs_baseline	0.134382	12	1.0000	0	0		
rank	hex32-id	(set)	large-subject-throughput	plain	same program	pcrec_1989c62_auto-nocaps-simdna	measured	pinned	1	ratio_vs_best	1.000000	12	1.0000	0	0		
rank	hex32-id	(set)	large-subject-throughput	plain	same program	pcrec_d34c9131_auto-caps-simdna	measured	pinned	2	median_ns	13074149.820896	12	1.0000	0	0		
rank	hex32-id	(set)	large-subject-throughput	plain	same program	pcrec_d34c9131_auto-caps-simdna	measured	pinned	2	min_ns	12993598.134328	12	1.0000	0	0		
rank	hex32-id	(set)	large-subject-throughput	plain	same program	pcrec_d34c9131_auto-caps-simdna	measured	pinned	2	max_ns	13185808.701493	12	1.0000	0	0		
rank	hex32-id	(set)	large-subject-throughput	plain	same program	pcrec_d34c9131_auto-caps-simdna	measured	pinned	2	stddev_ns	83899.346039	12	1.0000	0	0		
rank	hex32-id	(set)	large-subject-throughput	plain	same program	pcrec_d34c9131_auto-caps-simdna	measured	pinned	2	ratio_vs_baseline	0.134869	12	1.0000	0	0		
rank	hex32-id	(set)	large-subject-throughput	plain	same program	pcrec_d34c9131_auto-caps-simdna	measured	pinned	2	ratio_vs_best	1.003624	12	1.0000	0	0		
rank	hex32-id	(set)	large-subject-throughput	plain	same program	pcrec_25b1984f_auto-nocaps-simdna	measured	pinned	3	median_ns	13166082.597015	12	1.0000	0	0		unchanged (within spread)
rank	hex32-id	(set)	large-subject-throughput	plain	same program	pcrec_25b1984f_auto-nocaps-simdna	measured	pinned	3	min_ns	12996092.179104	12	1.0000	0	0		unchanged (within spread)
rank	hex32-id	(set)	large-subject-throughput	plain	same program	pcrec_25b1984f_auto-nocaps-simdna	measured	pinned	3	max_ns	13189539.746269	12	1.0000	0	0		unchanged (within spread)
rank	hex32-id	(set)	large-subject-throughput	plain	same program	pcrec_25b1984f_auto-nocaps-simdna	measured	pinned	3	stddev_ns	71366.012091	12	1.0000	0	0		unchanged (within spread)
rank	hex32-id	(set)	large-subject-throughput	plain	same program	pcrec_25b1984f_auto-nocaps-simdna	measured	pinned	3	ratio_vs_baseline	0.135817	12	1.0000	0	0		unchanged (within spread)
rank	hex32-id	(set)	large-subject-throughput	plain	same program	pcrec_25b1984f_auto-nocaps-simdna	measured	pinned	3	ratio_vs_best	1.010681	12	1.0000	0	0		unchanged (within spread)
rank	hex32-id	(set)	large-subject-throughput	plain	same program	pcrec_25b1984f_auto-caps-simdna	measured	pinned	4	median_ns	13184129.723077	12	1.0000	0	0		unchanged (within spread)
rank	hex32-id	(set)	large-subject-throughput	plain	same program	pcrec_25b1984f_auto-caps-simdna	measured	pinned	4	min_ns	13050222.861538	12	1.0000	0	0		unchanged (within spread)
rank	hex32-id	(set)	large-subject-throughput	plain	same program	pcrec_25b1984f_auto-caps-simdna	measured	pinned	4	max_ns	13190380.523077	12	1.0000	0	0		unchanged (within spread)
rank	hex32-id	(set)	large-subject-throughput	plain	same program	pcrec_25b1984f_auto-caps-simdna	measured	pinned	4	stddev_ns	54434.674443	12	1.0000	0	0		unchanged (within spread)
rank	hex32-id	(set)	large-subject-throughput	plain	same program	pcrec_25b1984f_auto-caps-simdna	measured	pinned	4	ratio_vs_baseline	0.136003	12	1.0000	0	0		unchanged (within spread)
rank	hex32-id	(set)	large-subject-throughput	plain	same program	pcrec_25b1984f_auto-caps-simdna	measured	pinned	4	ratio_vs_best	1.012066	12	1.0000	0	0		unchanged (within spread)
rank	hex32-id	(set)	large-subject-throughput	plain	same program	libpcre2_10.46_jit-caps-simdna	measured	pinned	5	median_ns	15348645.754098	12	1.0000	0	0		
rank	hex32-id	(set)	large-subject-throughput	plain	same program	libpcre2_10.46_jit-caps-simdna	measured	pinned	5	min_ns	15334063.393443	12	1.0000	0	0		
rank	hex32-id	(set)	large-subject-throughput	plain	same program	libpcre2_10.46_jit-caps-simdna	measured	pinned	5	max_ns	15432218.081967	12	1.0000	0	0		
rank	hex32-id	(set)	large-subject-throughput	plain	same program	libpcre2_10.46_jit-caps-simdna	measured	pinned	5	stddev_ns	36932.464816	12	1.0000	0	0		
rank	hex32-id	(set)	large-subject-throughput	plain	same program	libpcre2_10.46_jit-caps-simdna	measured	pinned	5	ratio_vs_baseline	0.158332	12	1.0000	0	0		
rank	hex32-id	(set)	large-subject-throughput	plain	same program	libpcre2_10.46_jit-caps-simdna	measured	pinned	5	ratio_vs_best	1.178223	12	1.0000	0	0		
rank	hex32-id	(set)	large-subject-throughput	plain	same program	pcrec_25b1984f_vm-in-caps-simdna	measured	pinned	6	median_ns	20535890.395349	12	1.0000	0	0		faster ×1.54
rank	hex32-id	(set)	large-subject-throughput	plain	same program	pcrec_25b1984f_vm-in-caps-simdna	measured	pinned	6	min_ns	20533953.860465	12	1.0000	0	0		faster ×1.54
rank	hex32-id	(set)	large-subject-throughput	plain	same program	pcrec_25b1984f_vm-in-caps-simdna	measured	pinned	6	max_ns	20571319.162791	12	1.0000	0	0		faster ×1.54
rank	hex32-id	(set)	large-subject-throughput	plain	same program	pcrec_25b1984f_vm-in-caps-simdna	measured	pinned	6	stddev_ns	14636.886375	12	1.0000	0	0		faster ×1.54
rank	hex32-id	(set)	large-subject-throughput	plain	same program	pcrec_25b1984f_vm-in-caps-simdna	measured	pinned	6	ratio_vs_baseline	0.211842	12	1.0000	0	0		faster ×1.54
rank	hex32-id	(set)	large-subject-throughput	plain	same program	pcrec_25b1984f_vm-in-caps-simdna	measured	pinned	6	ratio_vs_best	1.576416	12	1.0000	0	0		faster ×1.54
rank	hex32-id	(set)	large-subject-throughput	plain	same program	pcrec_25b1984f_vm-caps-simdna	measured	pinned	7	median_ns	20554749.372093	12	1.0000	0	0		faster ×1.54
rank	hex32-id	(set)	large-subject-throughput	plain	same program	pcrec_25b1984f_vm-caps-simdna	measured	pinned	7	min_ns	20524997.139535	12	1.0000	0	0		faster ×1.54
rank	hex32-id	(set)	large-subject-throughput	plain	same program	pcrec_25b1984f_vm-caps-simdna	measured	pinned	7	max_ns	20572619.000000	12	1.0000	0	0		faster ×1.54
rank	hex32-id	(set)	large-subject-throughput	plain	same program	pcrec_25b1984f_vm-caps-simdna	measured	pinned	7	stddev_ns	17225.344197	12	1.0000	0	0		faster ×1.54
rank	hex32-id	(set)	large-subject-throughput	plain	same program	pcrec_25b1984f_vm-caps-simdna	measured	pinned	7	ratio_vs_baseline	0.212036	12	1.0000	0	0		faster ×1.54
rank	hex32-id	(set)	large-subject-throughput	plain	same program	pcrec_25b1984f_vm-caps-simdna	measured	pinned	7	ratio_vs_best	1.577864	12	1.0000	0	0		faster ×1.54
rank	hex32-id	(set)	large-subject-throughput	plain	same program	pcrec_1989c62_vm-in-caps-simdna	measured	pinned	8	median_ns	31538437.571429	12	1.0000	0	0		
rank	hex32-id	(set)	large-subject-throughput	plain	same program	pcrec_1989c62_vm-in-caps-simdna	measured	pinned	8	min_ns	31454369.857143	12	1.0000	0	0		
rank	hex32-id	(set)	large-subject-throughput	plain	same program	pcrec_1989c62_vm-in-caps-simdna	measured	pinned	8	max_ns	31800647.357143	12	1.0000	0	0		
rank	hex32-id	(set)	large-subject-throughput	plain	same program	pcrec_1989c62_vm-in-caps-simdna	measured	pinned	8	stddev_ns	117346.978095	12	1.0000	0	0		
rank	hex32-id	(set)	large-subject-throughput	plain	same program	pcrec_1989c62_vm-in-caps-simdna	measured	pinned	8	ratio_vs_baseline	0.325340	12	1.0000	0	0		
rank	hex32-id	(set)	large-subject-throughput	plain	same program	pcrec_1989c62_vm-in-caps-simdna	measured	pinned	8	ratio_vs_best	2.421016	12	1.0000	0	0		
rank	hex32-id	(set)	large-subject-throughput	plain	same program	pcrec_1989c62_vm-caps-simdna	measured	pinned	9	median_ns	31643691.423077	12	1.0000	0	0		
rank	hex32-id	(set)	large-subject-throughput	plain	same program	pcrec_1989c62_vm-caps-simdna	measured	pinned	9	min_ns	31604169.653846	12	1.0000	0	0		
rank	hex32-id	(set)	large-subject-throughput	plain	same program	pcrec_1989c62_vm-caps-simdna	measured	pinned	9	max_ns	31666271.961538	12	1.0000	0	0		
rank	hex32-id	(set)	large-subject-throughput	plain	same program	pcrec_1989c62_vm-caps-simdna	measured	pinned	9	stddev_ns	20898.889500	12	1.0000	0	0		
rank	hex32-id	(set)	large-subject-throughput	plain	same program	pcrec_1989c62_vm-caps-simdna	measured	pinned	9	ratio_vs_baseline	0.326426	12	1.0000	0	0		
rank	hex32-id	(set)	large-subject-throughput	plain	same program	pcrec_1989c62_vm-caps-simdna	measured	pinned	9	ratio_vs_best	2.429095	12	1.0000	0	0		
rank	hex32-id	(set)	large-subject-throughput	plain	same program	libpcre2_10.46_interp-caps-simdna	measured	pinned	10	median_ns	96939827.888889	12	1.0000	0	0		
rank	hex32-id	(set)	large-subject-throughput	plain	same program	libpcre2_10.46_interp-caps-simdna	measured	pinned	10	min_ns	96766693.444444	12	1.0000	0	0		
rank	hex32-id	(set)	large-subject-throughput	plain	same program	libpcre2_10.46_interp-caps-simdna	measured	pinned	10	max_ns	97026123.666667	12	1.0000	0	0		
rank	hex32-id	(set)	large-subject-throughput	plain	same program	libpcre2_10.46_interp-caps-simdna	measured	pinned	10	stddev_ns	84787.911678	12	1.0000	0	0		
rank	hex32-id	(set)	large-subject-throughput	plain	same program	libpcre2_10.46_interp-caps-simdna	measured	pinned	10	ratio_vs_baseline	1.000000	12	1.0000	0	0		
rank	hex32-id	(set)	large-subject-throughput	plain	same program	libpcre2_10.46_interp-caps-simdna	measured	pinned	10	ratio_vs_best	7.441486	12	1.0000	0	0		
baseline	hex32-id	(set)	short-subject-search			libpcre2_10.46_interp-caps-simdna				baseline_identity	interp					libpcre2_10.46_interp-caps-simdna (interp, present in this group)	
rank	hex32-id	(set)	short-subject-search	plain	same program	pcrec_d34c9131_auto-caps-simdna	measured	pinned	1	median_ns	432343.149886	112	1.0000	0	0		
rank	hex32-id	(set)	short-subject-search	plain	same program	pcrec_d34c9131_auto-caps-simdna	measured	pinned	1	min_ns	430334.835250	112	1.0000	0	0		
rank	hex32-id	(set)	short-subject-search	plain	same program	pcrec_d34c9131_auto-caps-simdna	measured	pinned	1	max_ns	435903.019855	112	1.0000	0	0		
rank	hex32-id	(set)	short-subject-search	plain	same program	pcrec_d34c9131_auto-caps-simdna	measured	pinned	1	stddev_ns	2205.207796	112	1.0000	0	0		
rank	hex32-id	(set)	short-subject-search	plain	same program	pcrec_d34c9131_auto-caps-simdna	measured	pinned	1	ratio_vs_baseline	0.118092	112	1.0000	0	0		
rank	hex32-id	(set)	short-subject-search	plain	same program	pcrec_d34c9131_auto-caps-simdna	measured	pinned	1	ratio_vs_best	1.000000	112	1.0000	0	0		
rank	hex32-id	(set)	short-subject-search	plain	same program	pcrec_1989c62_auto-nocaps-simdna	measured	pinned	2	median_ns	433888.747652	112	1.0000	0	0		
rank	hex32-id	(set)	short-subject-search	plain	same program	pcrec_1989c62_auto-nocaps-simdna	measured	pinned	2	min_ns	430240.177534	112	1.0000	0	0		
rank	hex32-id	(set)	short-subject-search	plain	same program	pcrec_1989c62_auto-nocaps-simdna	measured	pinned	2	max_ns	436137.244910	112	1.0000	0	0		
rank	hex32-id	(set)	short-subject-search	plain	same program	pcrec_1989c62_auto-nocaps-simdna	measured	pinned	2	stddev_ns	2099.071952	112	1.0000	0	0		
rank	hex32-id	(set)	short-subject-search	plain	same program	pcrec_1989c62_auto-nocaps-simdna	measured	pinned	2	ratio_vs_baseline	0.118514	112	1.0000	0	0		
rank	hex32-id	(set)	short-subject-search	plain	same program	pcrec_1989c62_auto-nocaps-simdna	measured	pinned	2	ratio_vs_best	1.003575	112	1.0000	0	0		
rank	hex32-id	(set)	short-subject-search	plain	same program	pcrec_25b1984f_auto-nocaps-simdna	measured	pinned	3	median_ns	435516.824474	112	1.0000	0	0		unchanged (within spread)
rank	hex32-id	(set)	short-subject-search	plain	same program	pcrec_25b1984f_auto-nocaps-simdna	measured	pinned	3	min_ns	431381.546223	112	1.0000	0	0		unchanged (within spread)
rank	hex32-id	(set)	short-subject-search	plain	same program	pcrec_25b1984f_auto-nocaps-simdna	measured	pinned	3	max_ns	438795.682672	112	1.0000	0	0		unchanged (within spread)
rank	hex32-id	(set)	short-subject-search	plain	same program	pcrec_25b1984f_auto-nocaps-simdna	measured	pinned	3	stddev_ns	2747.178775	112	1.0000	0	0		unchanged (within spread)
rank	hex32-id	(set)	short-subject-search	plain	same program	pcrec_25b1984f_auto-nocaps-simdna	measured	pinned	3	ratio_vs_baseline	0.118959	112	1.0000	0	0		unchanged (within spread)
rank	hex32-id	(set)	short-subject-search	plain	same program	pcrec_25b1984f_auto-nocaps-simdna	measured	pinned	3	ratio_vs_best	1.007341	112	1.0000	0	0		unchanged (within spread)
rank	hex32-id	(set)	short-subject-search	plain	same program	pcrec_25b1984f_auto-caps-simdna	measured	pinned	4	median_ns	436258.158693	112	1.0000	0	0		unchanged (within spread)
rank	hex32-id	(set)	short-subject-search	plain	same program	pcrec_25b1984f_auto-caps-simdna	measured	pinned	4	min_ns	429219.987972	112	1.0000	0	0		unchanged (within spread)
rank	hex32-id	(set)	short-subject-search	plain	same program	pcrec_25b1984f_auto-caps-simdna	measured	pinned	4	max_ns	438515.600314	112	1.0000	0	0		unchanged (within spread)
rank	hex32-id	(set)	short-subject-search	plain	same program	pcrec_25b1984f_auto-caps-simdna	measured	pinned	4	stddev_ns	3179.089017	112	1.0000	0	0		unchanged (within spread)
rank	hex32-id	(set)	short-subject-search	plain	same program	pcrec_25b1984f_auto-caps-simdna	measured	pinned	4	ratio_vs_baseline	0.119161	112	1.0000	0	0		unchanged (within spread)
rank	hex32-id	(set)	short-subject-search	plain	same program	pcrec_25b1984f_auto-caps-simdna	measured	pinned	4	ratio_vs_best	1.009055	112	1.0000	0	0		unchanged (within spread)
rank	hex32-id	(set)	short-subject-search	plain	same program	libpcre2_10.46_jit-caps-simdna	measured	pinned	5	median_ns	489992.192118	112	1.0000	0	0		
rank	hex32-id	(set)	short-subject-search	plain	same program	libpcre2_10.46_jit-caps-simdna	measured	pinned	5	min_ns	488298.584516	112	1.0000	0	0		
rank	hex32-id	(set)	short-subject-search	plain	same program	libpcre2_10.46_jit-caps-simdna	measured	pinned	5	max_ns	490250.128038	112	1.0000	0	0		
rank	hex32-id	(set)	short-subject-search	plain	same program	libpcre2_10.46_jit-caps-simdna	measured	pinned	5	stddev_ns	702.848945	112	1.0000	0	0		
rank	hex32-id	(set)	short-subject-search	plain	same program	libpcre2_10.46_jit-caps-simdna	measured	pinned	5	ratio_vs_baseline	0.133838	112	1.0000	0	0		
rank	hex32-id	(set)	short-subject-search	plain	same program	libpcre2_10.46_jit-caps-simdna	measured	pinned	5	ratio_vs_best	1.133341	112	1.0000	0	0		
rank	hex32-id	(set)	short-subject-search	plain	same program	pcrec_25b1984f_vm-caps-simdna	measured	pinned	6	median_ns	756163.570790	112	1.0000	0	0		faster ×1.56
rank	hex32-id	(set)	short-subject-search	plain	same program	pcrec_25b1984f_vm-caps-simdna	measured	pinned	6	min_ns	754892.139010	112	1.0000	0	0		faster ×1.56
rank	hex32-id	(set)	short-subject-search	plain	same program	pcrec_25b1984f_vm-caps-simdna	measured	pinned	6	max_ns	757020.348620	112	1.0000	0	0		faster ×1.56
rank	hex32-id	(set)	short-subject-search	plain	same program	pcrec_25b1984f_vm-caps-simdna	measured	pinned	6	stddev_ns	835.562695	112	1.0000	0	0		faster ×1.56
rank	hex32-id	(set)	short-subject-search	plain	same program	pcrec_25b1984f_vm-caps-simdna	measured	pinned	6	ratio_vs_baseline	0.206541	112	1.0000	0	0		faster ×1.56
rank	hex32-id	(set)	short-subject-search	plain	same program	pcrec_25b1984f_vm-caps-simdna	measured	pinned	6	ratio_vs_best	1.748989	112	1.0000	0	0		faster ×1.56
rank	hex32-id	(set)	short-subject-search	plain	same program	pcrec_25b1984f_vm-in-caps-simdna	measured	pinned	7	median_ns	756369.892490	112	1.0000	0	0		faster ×1.57
rank	hex32-id	(set)	short-subject-search	plain	same program	pcrec_25b1984f_vm-in-caps-simdna	measured	pinned	7	min_ns	753930.862452	112	1.0000	0	0		faster ×1.57
rank	hex32-id	(set)	short-subject-search	plain	same program	pcrec_25b1984f_vm-in-caps-simdna	measured	pinned	7	max_ns	758019.668156	112	1.0000	0	0		faster ×1.57
rank	hex32-id	(set)	short-subject-search	plain	same program	pcrec_25b1984f_vm-in-caps-simdna	measured	pinned	7	stddev_ns	1496.610942	112	1.0000	0	0		faster ×1.57
rank	hex32-id	(set)	short-subject-search	plain	same program	pcrec_25b1984f_vm-in-caps-simdna	measured	pinned	7	ratio_vs_baseline	0.206598	112	1.0000	0	0		faster ×1.57
rank	hex32-id	(set)	short-subject-search	plain	same program	pcrec_25b1984f_vm-in-caps-simdna	measured	pinned	7	ratio_vs_best	1.749467	112	1.0000	0	0		faster ×1.57
rank	hex32-id	(set)	short-subject-search	plain	same program	pcrec_1989c62_vm-caps-simdna	measured	pinned	8	median_ns	1178009.267979	112	1.0000	0	0		
rank	hex32-id	(set)	short-subject-search	plain	same program	pcrec_1989c62_vm-caps-simdna	measured	pinned	8	min_ns	1171386.945694	112	1.0000	0	0		
rank	hex32-id	(set)	short-subject-search	plain	same program	pcrec_1989c62_vm-caps-simdna	measured	pinned	8	max_ns	1182260.375703	112	1.0000	0	0		
rank	hex32-id	(set)	short-subject-search	plain	same program	pcrec_1989c62_vm-caps-simdna	measured	pinned	8	stddev_ns	4086.847082	112	1.0000	0	0		
rank	hex32-id	(set)	short-subject-search	plain	same program	pcrec_1989c62_vm-caps-simdna	measured	pinned	8	ratio_vs_baseline	0.321766	112	1.0000	0	0		
rank	hex32-id	(set)	short-subject-search	plain	same program	pcrec_1989c62_vm-caps-simdna	measured	pinned	8	ratio_vs_best	2.724709	112	1.0000	0	0		
rank	hex32-id	(set)	short-subject-search	plain	same program	pcrec_1989c62_vm-in-caps-simdna	measured	pinned	9	median_ns	1185341.504298	112	1.0000	0	0		
rank	hex32-id	(set)	short-subject-search	plain	same program	pcrec_1989c62_vm-in-caps-simdna	measured	pinned	9	min_ns	1170870.016301	112	1.0000	0	0		
rank	hex32-id	(set)	short-subject-search	plain	same program	pcrec_1989c62_vm-in-caps-simdna	measured	pinned	9	max_ns	1191896.460581	112	1.0000	0	0		
rank	hex32-id	(set)	short-subject-search	plain	same program	pcrec_1989c62_vm-in-caps-simdna	measured	pinned	9	stddev_ns	8237.013493	112	1.0000	0	0		
rank	hex32-id	(set)	short-subject-search	plain	same program	pcrec_1989c62_vm-in-caps-simdna	measured	pinned	9	ratio_vs_baseline	0.323769	112	1.0000	0	0		
rank	hex32-id	(set)	short-subject-search	plain	same program	pcrec_1989c62_vm-in-caps-simdna	measured	pinned	9	ratio_vs_best	2.741668	112	1.0000	0	0		
rank	hex32-id	(set)	short-subject-search	plain	same program	libpcre2_10.46_interp-caps-simdna	measured	pinned	10	median_ns	3661076.024679	112	1.0000	0	0		
rank	hex32-id	(set)	short-subject-search	plain	same program	libpcre2_10.46_interp-caps-simdna	measured	pinned	10	min_ns	3660252.510365	112	1.0000	0	0		
rank	hex32-id	(set)	short-subject-search	plain	same program	libpcre2_10.46_interp-caps-simdna	measured	pinned	10	max_ns	3666490.601185	112	1.0000	0	0		
rank	hex32-id	(set)	short-subject-search	plain	same program	libpcre2_10.46_interp-caps-simdna	measured	pinned	10	stddev_ns	2467.892045	112	1.0000	0	0		
rank	hex32-id	(set)	short-subject-search	plain	same program	libpcre2_10.46_interp-caps-simdna	measured	pinned	10	ratio_vs_baseline	1.000000	112	1.0000	0	0		
rank	hex32-id	(set)	short-subject-search	plain	same program	libpcre2_10.46_interp-caps-simdna	measured	pinned	10	ratio_vs_best	8.467987	112	1.0000	0	0		
baseline	http-5xx	(set)	large-subject-throughput			libpcre2_10.46_interp-caps-simdna				baseline_identity	interp					libpcre2_10.46_interp-caps-simdna (interp, present in this group)	
rank	http-5xx	(set)	large-subject-throughput	plain	same program	pcrec_25b1984f_auto-caps-simdna	measured	pinned	1	median_ns	251842.621727	12	1.0000	0	0		faster ×1.00
rank	http-5xx	(set)	large-subject-throughput	plain	same program	pcrec_25b1984f_auto-caps-simdna	measured	pinned	1	min_ns	251219.590529	12	1.0000	0	0		faster ×1.00
rank	http-5xx	(set)	large-subject-throughput	plain	same program	pcrec_25b1984f_auto-caps-simdna	measured	pinned	1	max_ns	252338.607242	12	1.0000	0	0		faster ×1.00
rank	http-5xx	(set)	large-subject-throughput	plain	same program	pcrec_25b1984f_auto-caps-simdna	measured	pinned	1	stddev_ns	357.206811	12	1.0000	0	0		faster ×1.00
rank	http-5xx	(set)	large-subject-throughput	plain	same program	pcrec_25b1984f_auto-caps-simdna	measured	pinned	1	ratio_vs_baseline	0.130688	12	1.0000	0	0		faster ×1.00
rank	http-5xx	(set)	large-subject-throughput	plain	same program	pcrec_25b1984f_auto-caps-simdna	measured	pinned	1	ratio_vs_best	1.000000	12	1.0000	0	0		faster ×1.00
rank	http-5xx	(set)	large-subject-throughput	plain	same program	pcrec_25b1984f_auto-nocaps-simdna	measured	pinned	2	median_ns	251951.913151	12	1.0000	0	0		faster ×1.04
rank	http-5xx	(set)	large-subject-throughput	plain	same program	pcrec_25b1984f_auto-nocaps-simdna	measured	pinned	2	min_ns	251612.674628	12	1.0000	0	0		faster ×1.04
rank	http-5xx	(set)	large-subject-throughput	plain	same program	pcrec_25b1984f_auto-nocaps-simdna	measured	pinned	2	max_ns	252136.042494	12	1.0000	0	0		faster ×1.04
rank	http-5xx	(set)	large-subject-throughput	plain	same program	pcrec_25b1984f_auto-nocaps-simdna	measured	pinned	2	stddev_ns	182.472245	12	1.0000	0	0		faster ×1.04
rank	http-5xx	(set)	large-subject-throughput	plain	same program	pcrec_25b1984f_auto-nocaps-simdna	measured	pinned	2	ratio_vs_baseline	0.130744	12	1.0000	0	0		faster ×1.04
rank	http-5xx	(set)	large-subject-throughput	plain	same program	pcrec_25b1984f_auto-nocaps-simdna	measured	pinned	2	ratio_vs_best	1.000434	12	1.0000	0	0		faster ×1.04
rank	http-5xx	(set)	large-subject-throughput	plain	same program	pcrec_d34c9131_auto-caps-simdna	measured	pinned	3	median_ns	252970.236121	12	1.0000	0	0		
rank	http-5xx	(set)	large-subject-throughput	plain	same program	pcrec_d34c9131_auto-caps-simdna	measured	pinned	3	min_ns	252588.365285	12	1.0000	0	0		
rank	http-5xx	(set)	large-subject-throughput	plain	same program	pcrec_d34c9131_auto-caps-simdna	measured	pinned	3	max_ns	253754.504441	12	1.0000	0	0		
rank	http-5xx	(set)	large-subject-throughput	plain	same program	pcrec_d34c9131_auto-caps-simdna	measured	pinned	3	stddev_ns	381.548822	12	1.0000	0	0		
rank	http-5xx	(set)	large-subject-throughput	plain	same program	pcrec_d34c9131_auto-caps-simdna	measured	pinned	3	ratio_vs_baseline	0.131273	12	1.0000	0	0		
rank	http-5xx	(set)	large-subject-throughput	plain	same program	pcrec_d34c9131_auto-caps-simdna	measured	pinned	3	ratio_vs_best	1.004477	12	1.0000	0	0		
rank	http-5xx	(set)	large-subject-throughput	plain	same program	pcrec_1989c62_auto-nocaps-simdna	measured	pinned	4	median_ns	260775.172118	12	1.0000	0	0		
rank	http-5xx	(set)	large-subject-throughput	plain	same program	pcrec_1989c62_auto-nocaps-simdna	measured	pinned	4	min_ns	260330.940299	12	1.0000	0	0		
rank	http-5xx	(set)	large-subject-throughput	plain	same program	pcrec_1989c62_auto-nocaps-simdna	measured	pinned	4	max_ns	263945.134646	12	1.0000	0	0		
rank	http-5xx	(set)	large-subject-throughput	plain	same program	pcrec_1989c62_auto-nocaps-simdna	measured	pinned	4	stddev_ns	1340.683428	12	1.0000	0	0		
rank	http-5xx	(set)	large-subject-throughput	plain	same program	pcrec_1989c62_auto-nocaps-simdna	measured	pinned	4	ratio_vs_baseline	0.135323	12	1.0000	0	0		
rank	http-5xx	(set)	large-subject-throughput	plain	same program	pcrec_1989c62_auto-nocaps-simdna	measured	pinned	4	ratio_vs_best	1.035469	12	1.0000	0	0		
rank	http-5xx	(set)	large-subject-throughput	plain	same program	libpcre2_10.46_interp-caps-simdna	measured	pinned	5	median_ns	1927055.766540	12	1.0000	0	0		
rank	http-5xx	(set)	large-subject-throughput	plain	same program	libpcre2_10.46_interp-caps-simdna	measured	pinned	5	min_ns	1921526.198479	12	1.0000	0	0		
rank	http-5xx	(set)	large-subject-throughput	plain	same program	libpcre2_10.46_interp-caps-simdna	measured	pinned	5	max_ns	1932635.456274	12	1.0000	0	0		
rank	http-5xx	(set)	large-subject-throughput	plain	same program	libpcre2_10.46_interp-caps-simdna	measured	pinned	5	stddev_ns	3553.829458	12	1.0000	0	0		
rank	http-5xx	(set)	large-subject-throughput	plain	same program	libpcre2_10.46_interp-caps-simdna	measured	pinned	5	ratio_vs_baseline	1.000000	12	1.0000	0	0		
rank	http-5xx	(set)	large-subject-throughput	plain	same program	libpcre2_10.46_interp-caps-simdna	measured	pinned	5	ratio_vs_best	7.651825	12	1.0000	0	0		
rank	http-5xx	(set)	large-subject-throughput	plain	same program	libpcre2_10.46_jit-caps-simdna	measured	pinned	6	median_ns	3206078.204918	12	1.0000	0	0		
rank	http-5xx	(set)	large-subject-throughput	plain	same program	libpcre2_10.46_jit-caps-simdna	measured	pinned	6	min_ns	3204454.750000	12	1.0000	0	0		
rank	http-5xx	(set)	large-subject-throughput	plain	same program	libpcre2_10.46_jit-caps-simdna	measured	pinned	6	max_ns	3211566.147541	12	1.0000	0	0		
rank	http-5xx	(set)	large-subject-throughput	plain	same program	libpcre2_10.46_jit-caps-simdna	measured	pinned	6	stddev_ns	2774.860349	12	1.0000	0	0		
rank	http-5xx	(set)	large-subject-throughput	plain	same program	libpcre2_10.46_jit-caps-simdna	measured	pinned	6	ratio_vs_baseline	1.663718	12	1.0000	0	0		
rank	http-5xx	(set)	large-subject-throughput	plain	same program	libpcre2_10.46_jit-caps-simdna	measured	pinned	6	ratio_vs_best	12.730483	12	1.0000	0	0		
rank	http-5xx	(set)	large-subject-throughput	plain	same program	pcrec_25b1984f_vm-caps-simdna	measured	pinned	7	median_ns	10052080.597561	12	1.0000	0	0		faster ×1.32
rank	http-5xx	(set)	large-subject-throughput	plain	same program	pcrec_25b1984f_vm-caps-simdna	measured	pinned	7	min_ns	9110678.487805	12	1.0000	0	0		faster ×1.32
rank	http-5xx	(set)	large-subject-throughput	plain	same program	pcrec_25b1984f_vm-caps-simdna	measured	pinned	7	max_ns	10053381.585366	12	1.0000	0	0		faster ×1.32
rank	http-5xx	(set)	large-subject-throughput	plain	same program	pcrec_25b1984f_vm-caps-simdna	measured	pinned	7	stddev_ns	375999.180499	12	1.0000	0	0		faster ×1.32
rank	http-5xx	(set)	large-subject-throughput	plain	same program	pcrec_25b1984f_vm-caps-simdna	measured	pinned	7	ratio_vs_baseline	5.216289	12	1.0000	0	0		faster ×1.32
rank	http-5xx	(set)	large-subject-throughput	plain	same program	pcrec_25b1984f_vm-caps-simdna	measured	pinned	7	ratio_vs_best	39.914136	12	1.0000	0	0		faster ×1.32
rank	http-5xx	(set)	large-subject-throughput	plain	same program	pcrec_25b1984f_vm-in-caps-simdna	measured	pinned	8	median_ns	10054914.666667	12	1.0000	0	0		faster ×1.31
rank	http-5xx	(set)	large-subject-throughput	plain	same program	pcrec_25b1984f_vm-in-caps-simdna	measured	pinned	8	min_ns	10046959.555556	12	1.0000	0	0		faster ×1.31
rank	http-5xx	(set)	large-subject-throughput	plain	same program	pcrec_25b1984f_vm-in-caps-simdna	measured	pinned	8	max_ns	10055434.283951	12	1.0000	0	0		faster ×1.31
rank	http-5xx	(set)	large-subject-throughput	plain	same program	pcrec_25b1984f_vm-in-caps-simdna	measured	pinned	8	stddev_ns	3284.131232	12	1.0000	0	0		faster ×1.31
rank	http-5xx	(set)	large-subject-throughput	plain	same program	pcrec_25b1984f_vm-in-caps-simdna	measured	pinned	8	ratio_vs_baseline	5.217760	12	1.0000	0	0		faster ×1.31
rank	http-5xx	(set)	large-subject-throughput	plain	same program	pcrec_25b1984f_vm-in-caps-simdna	measured	pinned	8	ratio_vs_best	39.925389	12	1.0000	0	0		faster ×1.31
rank	http-5xx	(set)	large-subject-throughput	plain	same program	pcrec_1989c62_vm-in-caps-simdna	measured	pinned	9	median_ns	13220287.580645	12	1.0000	0	0		
rank	http-5xx	(set)	large-subject-throughput	plain	same program	pcrec_1989c62_vm-in-caps-simdna	measured	pinned	9	min_ns	13210140.258065	12	1.0000	0	0		
rank	http-5xx	(set)	large-subject-throughput	plain	same program	pcrec_1989c62_vm-in-caps-simdna	measured	pinned	9	max_ns	13225873.419355	12	1.0000	0	0		
rank	http-5xx	(set)	large-subject-throughput	plain	same program	pcrec_1989c62_vm-in-caps-simdna	measured	pinned	9	stddev_ns	5478.699374	12	1.0000	0	0		
rank	http-5xx	(set)	large-subject-throughput	plain	same program	pcrec_1989c62_vm-in-caps-simdna	measured	pinned	9	ratio_vs_baseline	6.860355	12	1.0000	0	0		
rank	http-5xx	(set)	large-subject-throughput	plain	same program	pcrec_1989c62_vm-in-caps-simdna	measured	pinned	9	ratio_vs_best	52.494242	12	1.0000	0	0		
rank	http-5xx	(set)	large-subject-throughput	plain	same program	pcrec_1989c62_vm-caps-simdna	measured	pinned	10	median_ns	13233761.338710	12	1.0000	0	0		
rank	http-5xx	(set)	large-subject-throughput	plain	same program	pcrec_1989c62_vm-caps-simdna	measured	pinned	10	min_ns	13223112.451613	12	1.0000	0	0		
rank	http-5xx	(set)	large-subject-throughput	plain	same program	pcrec_1989c62_vm-caps-simdna	measured	pinned	10	max_ns	13351967.548387	12	1.0000	0	0		
rank	http-5xx	(set)	large-subject-throughput	plain	same program	pcrec_1989c62_vm-caps-simdna	measured	pinned	10	stddev_ns	48195.052119	12	1.0000	0	0		
rank	http-5xx	(set)	large-subject-throughput	plain	same program	pcrec_1989c62_vm-caps-simdna	measured	pinned	10	ratio_vs_baseline	6.867347	12	1.0000	0	0		
rank	http-5xx	(set)	large-subject-throughput	plain	same program	pcrec_1989c62_vm-caps-simdna	measured	pinned	10	ratio_vs_best	52.547743	12	1.0000	0	0		
baseline	http-5xx	(set)	short-subject-search			libpcre2_10.46_interp-caps-simdna				baseline_identity	interp					libpcre2_10.46_interp-caps-simdna (interp, present in this group)	
rank	http-5xx	(set)	short-subject-search	plain	same program	pcrec_25b1984f_auto-nocaps-simdna	measured	pinned	1	median_ns	6768.693653	112	1.0000	0	0		faster ×1.07
rank	http-5xx	(set)	short-subject-search	plain	same program	pcrec_25b1984f_auto-nocaps-simdna	measured	pinned	1	min_ns	6763.809912	112	1.0000	0	0		faster ×1.07
rank	http-5xx	(set)	short-subject-search	plain	same program	pcrec_25b1984f_auto-nocaps-simdna	measured	pinned	1	max_ns	6785.902271	112	1.0000	0	0		faster ×1.07
rank	http-5xx	(set)	short-subject-search	plain	same program	pcrec_25b1984f_auto-nocaps-simdna	measured	pinned	1	stddev_ns	8.712038	112	1.0000	0	0		faster ×1.07
rank	http-5xx	(set)	short-subject-search	plain	same program	pcrec_25b1984f_auto-nocaps-simdna	measured	pinned	1	ratio_vs_baseline	0.119801	112	1.0000	0	0		faster ×1.07
rank	http-5xx	(set)	short-subject-search	plain	same program	pcrec_25b1984f_auto-nocaps-simdna	measured	pinned	1	ratio_vs_best	1.000000	112	1.0000	0	0		faster ×1.07
rank	http-5xx	(set)	short-subject-search	plain	same program	pcrec_25b1984f_auto-caps-simdna	measured	pinned	2	median_ns	6786.085224	112	1.0000	0	0		faster ×1.06
rank	http-5xx	(set)	short-subject-search	plain	same program	pcrec_25b1984f_auto-caps-simdna	measured	pinned	2	min_ns	6742.879662	112	1.0000	0	0		faster ×1.06
rank	http-5xx	(set)	short-subject-search	plain	same program	pcrec_25b1984f_auto-caps-simdna	measured	pinned	2	max_ns	6800.045101	112	1.0000	0	0		faster ×1.06
rank	http-5xx	(set)	short-subject-search	plain	same program	pcrec_25b1984f_auto-caps-simdna	measured	pinned	2	stddev_ns	20.759859	112	1.0000	0	0		faster ×1.06
rank	http-5xx	(set)	short-subject-search	plain	same program	pcrec_25b1984f_auto-caps-simdna	measured	pinned	2	ratio_vs_baseline	0.120109	112	1.0000	0	0		faster ×1.06
rank	http-5xx	(set)	short-subject-search	plain	same program	pcrec_25b1984f_auto-caps-simdna	measured	pinned	2	ratio_vs_best	1.002569	112	1.0000	0	0		faster ×1.06
rank	http-5xx	(set)	short-subject-search	plain	same program	pcrec_d34c9131_auto-caps-simdna	measured	pinned	3	median_ns	7183.500394	112	1.0000	0	0		
rank	http-5xx	(set)	short-subject-search	plain	same program	pcrec_d34c9131_auto-caps-simdna	measured	pinned	3	min_ns	7167.713921	112	1.0000	0	0		
rank	http-5xx	(set)	short-subject-search	plain	same program	pcrec_d34c9131_auto-caps-simdna	measured	pinned	3	max_ns	7213.596740	112	1.0000	0	0		
rank	http-5xx	(set)	short-subject-search	plain	same program	pcrec_d34c9131_auto-caps-simdna	measured	pinned	3	stddev_ns	15.132507	112	1.0000	0	0		
rank	http-5xx	(set)	short-subject-search	plain	same program	pcrec_d34c9131_auto-caps-simdna	measured	pinned	3	ratio_vs_baseline	0.127143	112	1.0000	0	0		
rank	http-5xx	(set)	short-subject-search	plain	same program	pcrec_d34c9131_auto-caps-simdna	measured	pinned	3	ratio_vs_best	1.061283	112	1.0000	0	0		
rank	http-5xx	(set)	short-subject-search	plain	same program	pcrec_1989c62_auto-nocaps-simdna	measured	pinned	4	median_ns	7272.656574	112	1.0000	0	0		
rank	http-5xx	(set)	short-subject-search	plain	same program	pcrec_1989c62_auto-nocaps-simdna	measured	pinned	4	min_ns	7257.852796	112	1.0000	0	0		
rank	http-5xx	(set)	short-subject-search	plain	same program	pcrec_1989c62_auto-nocaps-simdna	measured	pinned	4	max_ns	7301.792118	112	1.0000	0	0		
rank	http-5xx	(set)	short-subject-search	plain	same program	pcrec_1989c62_auto-nocaps-simdna	measured	pinned	4	stddev_ns	17.815878	112	1.0000	0	0		
rank	http-5xx	(set)	short-subject-search	plain	same program	pcrec_1989c62_auto-nocaps-simdna	measured	pinned	4	ratio_vs_baseline	0.128721	112	1.0000	0	0		
rank	http-5xx	(set)	short-subject-search	plain	same program	pcrec_1989c62_auto-nocaps-simdna	measured	pinned	4	ratio_vs_best	1.074455	112	1.0000	0	0		
rank	http-5xx	(set)	short-subject-search	plain	same program	libpcre2_10.46_interp-caps-simdna	measured	pinned	5	median_ns	56499.295491	112	1.0000	0	0		
rank	http-5xx	(set)	short-subject-search	plain	same program	libpcre2_10.46_interp-caps-simdna	measured	pinned	5	min_ns	56465.267022	112	1.0000	0	0		
rank	http-5xx	(set)	short-subject-search	plain	same program	libpcre2_10.46_interp-caps-simdna	measured	pinned	5	max_ns	56727.266729	112	1.0000	0	0		
rank	http-5xx	(set)	short-subject-search	plain	same program	libpcre2_10.46_interp-caps-simdna	measured	pinned	5	stddev_ns	103.961817	112	1.0000	0	0		
rank	http-5xx	(set)	short-subject-search	plain	same program	libpcre2_10.46_interp-caps-simdna	measured	pinned	5	ratio_vs_baseline	1.000000	112	1.0000	0	0		
rank	http-5xx	(set)	short-subject-search	plain	same program	libpcre2_10.46_interp-caps-simdna	measured	pinned	5	ratio_vs_best	8.347149	112	1.0000	0	0		
rank	http-5xx	(set)	short-subject-search	plain	same program	libpcre2_10.46_jit-caps-simdna	measured	pinned	6	median_ns	104817.480752	112	1.0000	0	0		
rank	http-5xx	(set)	short-subject-search	plain	same program	libpcre2_10.46_jit-caps-simdna	measured	pinned	6	min_ns	104787.649134	112	1.0000	0	0		
rank	http-5xx	(set)	short-subject-search	plain	same program	libpcre2_10.46_jit-caps-simdna	measured	pinned	6	max_ns	105287.129098	112	1.0000	0	0		
rank	http-5xx	(set)	short-subject-search	plain	same program	libpcre2_10.46_jit-caps-simdna	measured	pinned	6	stddev_ns	186.669983	112	1.0000	0	0		
rank	http-5xx	(set)	short-subject-search	plain	same program	libpcre2_10.46_jit-caps-simdna	measured	pinned	6	ratio_vs_baseline	1.855200	112	1.0000	0	0		
rank	http-5xx	(set)	short-subject-search	plain	same program	libpcre2_10.46_jit-caps-simdna	measured	pinned	6	ratio_vs_best	15.485629	112	1.0000	0	0		
rank	http-5xx	(set)	short-subject-search	plain	same program	pcrec_25b1984f_vm-in-caps-simdna	measured	pinned	7	median_ns	326385.762297	112	1.0000	0	0		faster ×1.54
rank	http-5xx	(set)	short-subject-search	plain	same program	pcrec_25b1984f_vm-in-caps-simdna	measured	pinned	7	min_ns	316364.969433	112	1.0000	0	0		faster ×1.54
rank	http-5xx	(set)	short-subject-search	plain	same program	pcrec_25b1984f_vm-in-caps-simdna	measured	pinned	7	max_ns	379004.667259	112	1.0000	0	0		faster ×1.54
rank	http-5xx	(set)	short-subject-search	plain	same program	pcrec_25b1984f_vm-in-caps-simdna	measured	pinned	7	stddev_ns	23109.759437	112	1.0000	0	0		faster ×1.54
rank	http-5xx	(set)	short-subject-search	plain	same program	pcrec_25b1984f_vm-in-caps-simdna	measured	pinned	7	ratio_vs_baseline	5.776811	112	1.0000	0	0		faster ×1.54
rank	http-5xx	(set)	short-subject-search	plain	same program	pcrec_25b1984f_vm-in-caps-simdna	measured	pinned	7	ratio_vs_best	48.219905	112	1.0000	0	0		faster ×1.54
rank	http-5xx	(set)	short-subject-search	plain	same program	pcrec_25b1984f_vm-caps-simdna	measured	pinned	8	median_ns	358184.402677	112	1.0000	0	0		faster ×1.40
rank	http-5xx	(set)	short-subject-search	plain	same program	pcrec_25b1984f_vm-caps-simdna	measured	pinned	8	min_ns	315808.020776	112	1.0000	0	0		faster ×1.40
rank	http-5xx	(set)	short-subject-search	plain	same program	pcrec_25b1984f_vm-caps-simdna	measured	pinned	8	max_ns	377308.116184	112	1.0000	0	0		faster ×1.40
rank	http-5xx	(set)	short-subject-search	plain	same program	pcrec_25b1984f_vm-caps-simdna	measured	pinned	8	stddev_ns	22189.799323	112	1.0000	0	0		faster ×1.40
rank	http-5xx	(set)	short-subject-search	plain	same program	pcrec_25b1984f_vm-caps-simdna	measured	pinned	8	ratio_vs_baseline	6.339626	112	1.0000	0	0		faster ×1.40
rank	http-5xx	(set)	short-subject-search	plain	same program	pcrec_25b1984f_vm-caps-simdna	measured	pinned	8	ratio_vs_best	52.917804	112	1.0000	0	0		faster ×1.40
rank	http-5xx	(set)	short-subject-search	plain	same program	pcrec_1989c62_vm-in-caps-simdna	measured	pinned	9	median_ns	502326.064967	112	1.0000	0	0		
rank	http-5xx	(set)	short-subject-search	plain	same program	pcrec_1989c62_vm-in-caps-simdna	measured	pinned	9	min_ns	501946.513806	112	1.0000	0	0		
rank	http-5xx	(set)	short-subject-search	plain	same program	pcrec_1989c62_vm-in-caps-simdna	measured	pinned	9	max_ns	502765.542193	112	1.0000	0	0		
rank	http-5xx	(set)	short-subject-search	plain	same program	pcrec_1989c62_vm-in-caps-simdna	measured	pinned	9	stddev_ns	287.069690	112	1.0000	0	0		
rank	http-5xx	(set)	short-subject-search	plain	same program	pcrec_1989c62_vm-in-caps-simdna	measured	pinned	9	ratio_vs_baseline	8.890838	112	1.0000	0	0		
rank	http-5xx	(set)	short-subject-search	plain	same program	pcrec_1989c62_vm-in-caps-simdna	measured	pinned	9	ratio_vs_best	74.213148	112	1.0000	0	0		
rank	http-5xx	(set)	short-subject-search	plain	same program	pcrec_1989c62_vm-caps-simdna	measured	pinned	10	median_ns	502431.565566	112	1.0000	0	0		
rank	http-5xx	(set)	short-subject-search	plain	same program	pcrec_1989c62_vm-caps-simdna	measured	pinned	10	min_ns	501694.945661	112	1.0000	0	0		
rank	http-5xx	(set)	short-subject-search	plain	same program	pcrec_1989c62_vm-caps-simdna	measured	pinned	10	max_ns	502987.031745	112	1.0000	0	0		
rank	http-5xx	(set)	short-subject-search	plain	same program	pcrec_1989c62_vm-caps-simdna	measured	pinned	10	stddev_ns	453.679470	112	1.0000	0	0		
rank	http-5xx	(set)	short-subject-search	plain	same program	pcrec_1989c62_vm-caps-simdna	measured	pinned	10	ratio_vs_baseline	8.892705	112	1.0000	0	0		
rank	http-5xx	(set)	short-subject-search	plain	same program	pcrec_1989c62_vm-caps-simdna	measured	pinned	10	ratio_vs_best	74.228735	112	1.0000	0	0		
baseline	ipv4	(set)	large-subject-throughput			libpcre2_10.46_interp-caps-simdna				baseline_identity	interp					libpcre2_10.46_interp-caps-simdna (interp, present in this group)	
rank	ipv4	(set)	large-subject-throughput	plain	same program	pcrec_1989c62_auto-nocaps-simdna	measured	pinned	1	median_ns	6893642.271429	12	1.0000	0	0		
rank	ipv4	(set)	large-subject-throughput	plain	same program	pcrec_1989c62_auto-nocaps-simdna	measured	pinned	1	min_ns	6878081.128571	12	1.0000	0	0		
rank	ipv4	(set)	large-subject-throughput	plain	same program	pcrec_1989c62_auto-nocaps-simdna	measured	pinned	1	max_ns	6914971.914286	12	1.0000	0	0		
rank	ipv4	(set)	large-subject-throughput	plain	same program	pcrec_1989c62_auto-nocaps-simdna	measured	pinned	1	stddev_ns	12444.250338	12	1.0000	0	0		
rank	ipv4	(set)	large-subject-throughput	plain	same program	pcrec_1989c62_auto-nocaps-simdna	measured	pinned	1	ratio_vs_baseline	0.034638	12	1.0000	0	0		
rank	ipv4	(set)	large-subject-throughput	plain	same program	pcrec_1989c62_auto-nocaps-simdna	measured	pinned	1	ratio_vs_best	1.000000	12	1.0000	0	0		
rank	ipv4	(set)	large-subject-throughput	plain	same program	pcrec_25b1984f_auto-nocaps-simdna	measured	pinned	2	median_ns	6900187.580882	12	1.0000	0	0		unchanged (within spread)
rank	ipv4	(set)	large-subject-throughput	plain	same program	pcrec_25b1984f_auto-nocaps-simdna	measured	pinned	2	min_ns	6885131.904412	12	1.0000	0	0		unchanged (within spread)
rank	ipv4	(set)	large-subject-throughput	plain	same program	pcrec_25b1984f_auto-nocaps-simdna	measured	pinned	2	max_ns	6910401.676471	12	1.0000	0	0		unchanged (within spread)
rank	ipv4	(set)	large-subject-throughput	plain	same program	pcrec_25b1984f_auto-nocaps-simdna	measured	pinned	2	stddev_ns	8515.189129	12	1.0000	0	0		unchanged (within spread)
rank	ipv4	(set)	large-subject-throughput	plain	same program	pcrec_25b1984f_auto-nocaps-simdna	measured	pinned	2	ratio_vs_baseline	0.034671	12	1.0000	0	0		unchanged (within spread)
rank	ipv4	(set)	large-subject-throughput	plain	same program	pcrec_25b1984f_auto-nocaps-simdna	measured	pinned	2	ratio_vs_best	1.000949	12	1.0000	0	0		unchanged (within spread)
rank	ipv4	(set)	large-subject-throughput	plain	same program	pcrec_d34c9131_auto-caps-simdna	measured	pinned	3	median_ns	6905129.527778	12	1.0000	0	0		
rank	ipv4	(set)	large-subject-throughput	plain	same program	pcrec_d34c9131_auto-caps-simdna	measured	pinned	3	min_ns	6875753.854167	12	1.0000	0	0		
rank	ipv4	(set)	large-subject-throughput	plain	same program	pcrec_d34c9131_auto-caps-simdna	measured	pinned	3	max_ns	6920525.388889	12	1.0000	0	0		
rank	ipv4	(set)	large-subject-throughput	plain	same program	pcrec_d34c9131_auto-caps-simdna	measured	pinned	3	stddev_ns	16605.609997	12	1.0000	0	0		
rank	ipv4	(set)	large-subject-throughput	plain	same program	pcrec_d34c9131_auto-caps-simdna	measured	pinned	3	ratio_vs_baseline	0.034696	12	1.0000	0	0		
rank	ipv4	(set)	large-subject-throughput	plain	same program	pcrec_d34c9131_auto-caps-simdna	measured	pinned	3	ratio_vs_best	1.001666	12	1.0000	0	0		
rank	ipv4	(set)	large-subject-throughput	plain	same program	pcrec_25b1984f_auto-caps-simdna	measured	pinned	4	median_ns	6910531.478571	12	1.0000	0	0		unchanged (within spread)
rank	ipv4	(set)	large-subject-throughput	plain	same program	pcrec_25b1984f_auto-caps-simdna	measured	pinned	4	min_ns	6906336.242857	12	1.0000	0	0		unchanged (within spread)
rank	ipv4	(set)	large-subject-throughput	plain	same program	pcrec_25b1984f_auto-caps-simdna	measured	pinned	4	max_ns	6914290.421429	12	1.0000	0	0		unchanged (within spread)
rank	ipv4	(set)	large-subject-throughput	plain	same program	pcrec_25b1984f_auto-caps-simdna	measured	pinned	4	stddev_ns	2777.700026	12	1.0000	0	0		unchanged (within spread)
rank	ipv4	(set)	large-subject-throughput	plain	same program	pcrec_25b1984f_auto-caps-simdna	measured	pinned	4	ratio_vs_baseline	0.034723	12	1.0000	0	0		unchanged (within spread)
rank	ipv4	(set)	large-subject-throughput	plain	same program	pcrec_25b1984f_auto-caps-simdna	measured	pinned	4	ratio_vs_best	1.002450	12	1.0000	0	0		unchanged (within spread)
rank	ipv4	(set)	large-subject-throughput	plain	same program	libpcre2_10.46_jit-caps-simdna	measured	pinned	5	median_ns	21666092.418605	12	1.0000	0	0		
rank	ipv4	(set)	large-subject-throughput	plain	same program	libpcre2_10.46_jit-caps-simdna	measured	pinned	5	min_ns	21658620.720930	12	1.0000	0	0		
rank	ipv4	(set)	large-subject-throughput	plain	same program	libpcre2_10.46_jit-caps-simdna	measured	pinned	5	max_ns	21748907.790698	12	1.0000	0	0		
rank	ipv4	(set)	large-subject-throughput	plain	same program	libpcre2_10.46_jit-caps-simdna	measured	pinned	5	stddev_ns	33270.359406	12	1.0000	0	0		
rank	ipv4	(set)	large-subject-throughput	plain	same program	libpcre2_10.46_jit-caps-simdna	measured	pinned	5	ratio_vs_baseline	0.108866	12	1.0000	0	0		
rank	ipv4	(set)	large-subject-throughput	plain	same program	libpcre2_10.46_jit-caps-simdna	measured	pinned	5	ratio_vs_best	3.142909	12	1.0000	0	0		
rank	ipv4	(set)	large-subject-throughput	plain	same program	pcrec_25b1984f_vm-caps-simdna	measured	pinned	6	median_ns	77131967.363636	12	1.0000	0	0		unchanged (within spread)
rank	ipv4	(set)	large-subject-throughput	plain	same program	pcrec_25b1984f_vm-caps-simdna	measured	pinned	6	min_ns	76779586.636364	12	1.0000	0	0		unchanged (within spread)
rank	ipv4	(set)	large-subject-throughput	plain	same program	pcrec_25b1984f_vm-caps-simdna	measured	pinned	6	max_ns	77635984.636364	12	1.0000	0	0		unchanged (within spread)
rank	ipv4	(set)	large-subject-throughput	plain	same program	pcrec_25b1984f_vm-caps-simdna	measured	pinned	6	stddev_ns	326926.324914	12	1.0000	0	0		unchanged (within spread)
rank	ipv4	(set)	large-subject-throughput	plain	same program	pcrec_25b1984f_vm-caps-simdna	measured	pinned	6	ratio_vs_baseline	0.387565	12	1.0000	0	0		unchanged (within spread)
rank	ipv4	(set)	large-subject-throughput	plain	same program	pcrec_25b1984f_vm-caps-simdna	measured	pinned	6	ratio_vs_best	11.188856	12	1.0000	0	0		unchanged (within spread)
rank	ipv4	(set)	large-subject-throughput	plain	same program	pcrec_1989c62_vm-caps-simdna	measured	pinned	7	median_ns	77213524.833333	12	1.0000	0	0		
rank	ipv4	(set)	large-subject-throughput	plain	same program	pcrec_1989c62_vm-caps-simdna	measured	pinned	7	min_ns	76654511.583333	12	1.0000	0	0		
rank	ipv4	(set)	large-subject-throughput	plain	same program	pcrec_1989c62_vm-caps-simdna	measured	pinned	7	max_ns	77662339.166667	12	1.0000	0	0		
rank	ipv4	(set)	large-subject-throughput	plain	same program	pcrec_1989c62_vm-caps-simdna	measured	pinned	7	stddev_ns	331726.958246	12	1.0000	0	0		
rank	ipv4	(set)	large-subject-throughput	plain	same program	pcrec_1989c62_vm-caps-simdna	measured	pinned	7	ratio_vs_baseline	0.387975	12	1.0000	0	0		
rank	ipv4	(set)	large-subject-throughput	plain	same program	pcrec_1989c62_vm-caps-simdna	measured	pinned	7	ratio_vs_best	11.200686	12	1.0000	0	0		
rank	ipv4	(set)	large-subject-throughput	plain	same program	pcrec_1989c62_vm-in-caps-simdna	measured	pinned	8	median_ns	78063186.363636	12	1.0000	0	0		
rank	ipv4	(set)	large-subject-throughput	plain	same program	pcrec_1989c62_vm-in-caps-simdna	measured	pinned	8	min_ns	77857124.272727	12	1.0000	0	0		
rank	ipv4	(set)	large-subject-throughput	plain	same program	pcrec_1989c62_vm-in-caps-simdna	measured	pinned	8	max_ns	78156088.545455	12	1.0000	0	0		
rank	ipv4	(set)	large-subject-throughput	plain	same program	pcrec_1989c62_vm-in-caps-simdna	measured	pinned	8	stddev_ns	104024.141104	12	1.0000	0	0		
rank	ipv4	(set)	large-subject-throughput	plain	same program	pcrec_1989c62_vm-in-caps-simdna	measured	pinned	8	ratio_vs_baseline	0.392244	12	1.0000	0	0		
rank	ipv4	(set)	large-subject-throughput	plain	same program	pcrec_1989c62_vm-in-caps-simdna	measured	pinned	8	ratio_vs_best	11.323939	12	1.0000	0	0		
rank	ipv4	(set)	large-subject-throughput	plain	same program	pcrec_25b1984f_vm-in-caps-simdna	measured	pinned	9	median_ns	78182019.727273	12	1.0000	0	0		unchanged (within spread)
rank	ipv4	(set)	large-subject-throughput	plain	same program	pcrec_25b1984f_vm-in-caps-simdna	measured	pinned	9	min_ns	78020112.090909	12	1.0000	0	0		unchanged (within spread)
rank	ipv4	(set)	large-subject-throughput	plain	same program	pcrec_25b1984f_vm-in-caps-simdna	measured	pinned	9	max_ns	78359096.363636	12	1.0000	0	0		unchanged (within spread)
rank	ipv4	(set)	large-subject-throughput	plain	same program	pcrec_25b1984f_vm-in-caps-simdna	measured	pinned	9	stddev_ns	123753.919002	12	1.0000	0	0		unchanged (within spread)
rank	ipv4	(set)	large-subject-throughput	plain	same program	pcrec_25b1984f_vm-in-caps-simdna	measured	pinned	9	ratio_vs_baseline	0.392841	12	1.0000	0	0		unchanged (within spread)
rank	ipv4	(set)	large-subject-throughput	plain	same program	pcrec_25b1984f_vm-in-caps-simdna	measured	pinned	9	ratio_vs_best	11.341177	12	1.0000	0	0		unchanged (within spread)
rank	ipv4	(set)	large-subject-throughput	plain	same program	libpcre2_10.46_interp-caps-simdna	measured	pinned	10	median_ns	199016878.600000	12	1.0000	0	0		
rank	ipv4	(set)	large-subject-throughput	plain	same program	libpcre2_10.46_interp-caps-simdna	measured	pinned	10	min_ns	198834351.400000	12	1.0000	0	0		
rank	ipv4	(set)	large-subject-throughput	plain	same program	libpcre2_10.46_interp-caps-simdna	measured	pinned	10	max_ns	202261568.000000	12	1.0000	0	0		
rank	ipv4	(set)	large-subject-throughput	plain	same program	libpcre2_10.46_interp-caps-simdna	measured	pinned	10	stddev_ns	1302844.365607	12	1.0000	0	0		
rank	ipv4	(set)	large-subject-throughput	plain	same program	libpcre2_10.46_interp-caps-simdna	measured	pinned	10	ratio_vs_baseline	1.000000	12	1.0000	0	0		
rank	ipv4	(set)	large-subject-throughput	plain	same program	libpcre2_10.46_interp-caps-simdna	measured	pinned	10	ratio_vs_best	28.869627	12	1.0000	0	0		
baseline	ipv4	(set)	short-subject-search			libpcre2_10.46_interp-caps-simdna				baseline_identity	interp					libpcre2_10.46_interp-caps-simdna (interp, present in this group)	
rank	ipv4	(set)	short-subject-search	plain	same program	pcrec_1989c62_auto-nocaps-simdna	measured	pinned	1	median_ns	203769.089522	112	1.0000	0	0		
rank	ipv4	(set)	short-subject-search	plain	same program	pcrec_1989c62_auto-nocaps-simdna	measured	pinned	1	min_ns	203284.642376	112	1.0000	0	0		
rank	ipv4	(set)	short-subject-search	plain	same program	pcrec_1989c62_auto-nocaps-simdna	measured	pinned	1	max_ns	204430.820437	112	1.0000	0	0		
rank	ipv4	(set)	short-subject-search	plain	same program	pcrec_1989c62_auto-nocaps-simdna	measured	pinned	1	stddev_ns	381.683407	112	1.0000	0	0		
rank	ipv4	(set)	short-subject-search	plain	same program	pcrec_1989c62_auto-nocaps-simdna	measured	pinned	1	ratio_vs_baseline	0.026158	112	1.0000	0	0		
rank	ipv4	(set)	short-subject-search	plain	same program	pcrec_1989c62_auto-nocaps-simdna	measured	pinned	1	ratio_vs_best	1.000000	112	1.0000	0	0		
rank	ipv4	(set)	short-subject-search	plain	same program	pcrec_25b1984f_auto-caps-simdna	measured	pinned	2	median_ns	203949.119573	112	1.0000	0	0		unchanged (within spread)
rank	ipv4	(set)	short-subject-search	plain	same program	pcrec_25b1984f_auto-caps-simdna	measured	pinned	2	min_ns	203581.468968	112	1.0000	0	0		unchanged (within spread)
rank	ipv4	(set)	short-subject-search	plain	same program	pcrec_25b1984f_auto-caps-simdna	measured	pinned	2	max_ns	204494.242235	112	1.0000	0	0		unchanged (within spread)
rank	ipv4	(set)	short-subject-search	plain	same program	pcrec_25b1984f_auto-caps-simdna	measured	pinned	2	stddev_ns	364.819207	112	1.0000	0	0		unchanged (within spread)
rank	ipv4	(set)	short-subject-search	plain	same program	pcrec_25b1984f_auto-caps-simdna	measured	pinned	2	ratio_vs_baseline	0.026181	112	1.0000	0	0		unchanged (within spread)
rank	ipv4	(set)	short-subject-search	plain	same program	pcrec_25b1984f_auto-caps-simdna	measured	pinned	2	ratio_vs_best	1.000884	112	1.0000	0	0		unchanged (within spread)
rank	ipv4	(set)	short-subject-search	plain	same program	pcrec_25b1984f_auto-nocaps-simdna	measured	pinned	3	median_ns	204680.142616	112	1.0000	0	0		slower ×1.00
rank	ipv4	(set)	short-subject-search	plain	same program	pcrec_25b1984f_auto-nocaps-simdna	measured	pinned	3	min_ns	204196.717421	112	1.0000	0	0		slower ×1.00
rank	ipv4	(set)	short-subject-search	plain	same program	pcrec_25b1984f_auto-nocaps-simdna	measured	pinned	3	max_ns	205206.013963	112	1.0000	0	0		slower ×1.00
rank	ipv4	(set)	short-subject-search	plain	same program	pcrec_25b1984f_auto-nocaps-simdna	measured	pinned	3	stddev_ns	378.378027	112	1.0000	0	0		slower ×1.00
rank	ipv4	(set)	short-subject-search	plain	same program	pcrec_25b1984f_auto-nocaps-simdna	measured	pinned	3	ratio_vs_baseline	0.026275	112	1.0000	0	0		slower ×1.00
rank	ipv4	(set)	short-subject-search	plain	same program	pcrec_25b1984f_auto-nocaps-simdna	measured	pinned	3	ratio_vs_best	1.004471	112	1.0000	0	0		slower ×1.00
rank	ipv4	(set)	short-subject-search	plain	same program	pcrec_d34c9131_auto-caps-simdna	measured	pinned	4	median_ns	204955.793720	112	1.0000	0	0		
rank	ipv4	(set)	short-subject-search	plain	same program	pcrec_d34c9131_auto-caps-simdna	measured	pinned	4	min_ns	204039.967711	112	1.0000	0	0		
rank	ipv4	(set)	short-subject-search	plain	same program	pcrec_d34c9131_auto-caps-simdna	measured	pinned	4	max_ns	206257.746291	112	1.0000	0	0		
rank	ipv4	(set)	short-subject-search	plain	same program	pcrec_d34c9131_auto-caps-simdna	measured	pinned	4	stddev_ns	835.169719	112	1.0000	0	0		
rank	ipv4	(set)	short-subject-search	plain	same program	pcrec_d34c9131_auto-caps-simdna	measured	pinned	4	ratio_vs_baseline	0.026311	112	1.0000	0	0		
rank	ipv4	(set)	short-subject-search	plain	same program	pcrec_d34c9131_auto-caps-simdna	measured	pinned	4	ratio_vs_best	1.005824	112	1.0000	0	0		
rank	ipv4	(set)	short-subject-search	plain	same program	libpcre2_10.46_jit-caps-simdna	measured	pinned	5	median_ns	722942.356646	112	1.0000	0	0		
rank	ipv4	(set)	short-subject-search	plain	same program	libpcre2_10.46_jit-caps-simdna	measured	pinned	5	min_ns	722056.523501	112	1.0000	0	0		
rank	ipv4	(set)	short-subject-search	plain	same program	libpcre2_10.46_jit-caps-simdna	measured	pinned	5	max_ns	724395.977815	112	1.0000	0	0		
rank	ipv4	(set)	short-subject-search	plain	same program	libpcre2_10.46_jit-caps-simdna	measured	pinned	5	stddev_ns	871.024706	112	1.0000	0	0		
rank	ipv4	(set)	short-subject-search	plain	same program	libpcre2_10.46_jit-caps-simdna	measured	pinned	5	ratio_vs_baseline	0.092806	112	1.0000	0	0		
rank	ipv4	(set)	short-subject-search	plain	same program	libpcre2_10.46_jit-caps-simdna	measured	pinned	5	ratio_vs_best	3.547851	112	1.0000	0	0		
rank	ipv4	(set)	short-subject-search	plain	same program	pcrec_25b1984f_vm-caps-simdna	measured	pinned	6	median_ns	2951984.645110	112	1.0000	0	0		unchanged (within spread)
rank	ipv4	(set)	short-subject-search	plain	same program	pcrec_25b1984f_vm-caps-simdna	measured	pinned	6	min_ns	2944515.880915	112	1.0000	0	0		unchanged (within spread)
rank	ipv4	(set)	short-subject-search	plain	same program	pcrec_25b1984f_vm-caps-simdna	measured	pinned	6	max_ns	2955765.236199	112	1.0000	0	0		unchanged (within spread)
rank	ipv4	(set)	short-subject-search	plain	same program	pcrec_25b1984f_vm-caps-simdna	measured	pinned	6	stddev_ns	4756.284420	112	1.0000	0	0		unchanged (within spread)
rank	ipv4	(set)	short-subject-search	plain	same program	pcrec_25b1984f_vm-caps-simdna	measured	pinned	6	ratio_vs_baseline	0.378953	112	1.0000	0	0		unchanged (within spread)
rank	ipv4	(set)	short-subject-search	plain	same program	pcrec_25b1984f_vm-caps-simdna	measured	pinned	6	ratio_vs_best	14.486911	112	1.0000	0	0		unchanged (within spread)
rank	ipv4	(set)	short-subject-search	plain	same program	pcrec_1989c62_vm-caps-simdna	measured	pinned	7	median_ns	2961557.329872	112	1.0000	0	0		
rank	ipv4	(set)	short-subject-search	plain	same program	pcrec_1989c62_vm-caps-simdna	measured	pinned	7	min_ns	2944658.505192	112	1.0000	0	0		
rank	ipv4	(set)	short-subject-search	plain	same program	pcrec_1989c62_vm-caps-simdna	measured	pinned	7	max_ns	2962924.023562	112	1.0000	0	0		
rank	ipv4	(set)	short-subject-search	plain	same program	pcrec_1989c62_vm-caps-simdna	measured	pinned	7	stddev_ns	8621.434337	112	1.0000	0	0		
rank	ipv4	(set)	short-subject-search	plain	same program	pcrec_1989c62_vm-caps-simdna	measured	pinned	7	ratio_vs_baseline	0.380181	112	1.0000	0	0		
rank	ipv4	(set)	short-subject-search	plain	same program	pcrec_1989c62_vm-caps-simdna	measured	pinned	7	ratio_vs_best	14.533889	112	1.0000	0	0		
rank	ipv4	(set)	short-subject-search	plain	same program	pcrec_1989c62_vm-in-caps-simdna	measured	pinned	8	median_ns	3011257.198963	112	1.0000	0	0		
rank	ipv4	(set)	short-subject-search	plain	same program	pcrec_1989c62_vm-in-caps-simdna	measured	pinned	8	min_ns	2981050.771132	112	1.0000	0	0		
rank	ipv4	(set)	short-subject-search	plain	same program	pcrec_1989c62_vm-in-caps-simdna	measured	pinned	8	max_ns	3056036.159888	112	1.0000	0	0		
rank	ipv4	(set)	short-subject-search	plain	same program	pcrec_1989c62_vm-in-caps-simdna	measured	pinned	8	stddev_ns	31782.709059	112	1.0000	0	0		
rank	ipv4	(set)	short-subject-search	plain	same program	pcrec_1989c62_vm-in-caps-simdna	measured	pinned	8	ratio_vs_baseline	0.386561	112	1.0000	0	0		
rank	ipv4	(set)	short-subject-search	plain	same program	pcrec_1989c62_vm-in-caps-simdna	measured	pinned	8	ratio_vs_best	14.777792	112	1.0000	0	0		
rank	ipv4	(set)	short-subject-search	plain	same program	pcrec_25b1984f_vm-in-caps-simdna	measured	pinned	9	median_ns	3020775.874056	112	1.0000	0	0		unchanged (within spread)
rank	ipv4	(set)	short-subject-search	plain	same program	pcrec_25b1984f_vm-in-caps-simdna	measured	pinned	9	min_ns	2980252.541120	112	1.0000	0	0		unchanged (within spread)
rank	ipv4	(set)	short-subject-search	plain	same program	pcrec_25b1984f_vm-in-caps-simdna	measured	pinned	9	max_ns	3026892.185936	112	1.0000	0	0		unchanged (within spread)
rank	ipv4	(set)	short-subject-search	plain	same program	pcrec_25b1984f_vm-in-caps-simdna	measured	pinned	9	stddev_ns	19904.984069	112	1.0000	0	0		unchanged (within spread)
rank	ipv4	(set)	short-subject-search	plain	same program	pcrec_25b1984f_vm-in-caps-simdna	measured	pinned	9	ratio_vs_baseline	0.387783	112	1.0000	0	0		unchanged (within spread)
rank	ipv4	(set)	short-subject-search	plain	same program	pcrec_25b1984f_vm-in-caps-simdna	measured	pinned	9	ratio_vs_best	14.824505	112	1.0000	0	0		unchanged (within spread)
rank	ipv4	(set)	short-subject-search	plain	same program	libpcre2_10.46_interp-caps-simdna	measured	pinned	10	median_ns	7789853.905319	112	1.0000	0	0		
rank	ipv4	(set)	short-subject-search	plain	same program	libpcre2_10.46_interp-caps-simdna	measured	pinned	10	min_ns	7759415.344681	112	1.0000	0	0		
rank	ipv4	(set)	short-subject-search	plain	same program	libpcre2_10.46_interp-caps-simdna	measured	pinned	10	max_ns	8128808.822340	112	1.0000	0	0		
rank	ipv4	(set)	short-subject-search	plain	same program	libpcre2_10.46_interp-caps-simdna	measured	pinned	10	stddev_ns	136676.864945	112	1.0000	0	0		
rank	ipv4	(set)	short-subject-search	plain	same program	libpcre2_10.46_interp-caps-simdna	measured	pinned	10	ratio_vs_baseline	1.000000	112	1.0000	0	0		
rank	ipv4	(set)	short-subject-search	plain	same program	libpcre2_10.46_interp-caps-simdna	measured	pinned	10	ratio_vs_best	38.228830	112	1.0000	0	0		
baseline	ipv6	(set)	large-subject-throughput			libpcre2_10.46_interp-caps-simdna				baseline_identity	interp					libpcre2_10.46_interp-caps-simdna (interp, present in this group)	
rank	ipv6	(set)	large-subject-throughput	plain	same program	pcrec_d34c9131_auto-caps-simdna	measured	pinned	1	median_ns	10503838.941176	12	1.0000	0	0		
rank	ipv6	(set)	large-subject-throughput	plain	same program	pcrec_d34c9131_auto-caps-simdna	measured	pinned	1	min_ns	10494944.411765	12	1.0000	0	0		
rank	ipv6	(set)	large-subject-throughput	plain	same program	pcrec_d34c9131_auto-caps-simdna	measured	pinned	1	max_ns	10514345.000000	12	1.0000	0	0		
rank	ipv6	(set)	large-subject-throughput	plain	same program	pcrec_d34c9131_auto-caps-simdna	measured	pinned	1	stddev_ns	6413.378520	12	1.0000	0	0		
rank	ipv6	(set)	large-subject-throughput	plain	same program	pcrec_d34c9131_auto-caps-simdna	measured	pinned	1	ratio_vs_baseline	0.048161	12	1.0000	0	0		
rank	ipv6	(set)	large-subject-throughput	plain	same program	pcrec_d34c9131_auto-caps-simdna	measured	pinned	1	ratio_vs_best	1.000000	12	1.0000	0	0		
rank	ipv6	(set)	large-subject-throughput	plain	same program	pcrec_25b1984f_auto-nocaps-simdna	measured	pinned	2	median_ns	10504897.764706	12	1.0000	0	0		unchanged (within spread)
rank	ipv6	(set)	large-subject-throughput	plain	same program	pcrec_25b1984f_auto-nocaps-simdna	measured	pinned	2	min_ns	10489587.447059	12	1.0000	0	0		unchanged (within spread)
rank	ipv6	(set)	large-subject-throughput	plain	same program	pcrec_25b1984f_auto-nocaps-simdna	measured	pinned	2	max_ns	10835623.082353	12	1.0000	0	0		unchanged (within spread)
rank	ipv6	(set)	large-subject-throughput	plain	same program	pcrec_25b1984f_auto-nocaps-simdna	measured	pinned	2	stddev_ns	135002.150026	12	1.0000	0	0		unchanged (within spread)
rank	ipv6	(set)	large-subject-throughput	plain	same program	pcrec_25b1984f_auto-nocaps-simdna	measured	pinned	2	ratio_vs_baseline	0.048166	12	1.0000	0	0		unchanged (within spread)
rank	ipv6	(set)	large-subject-throughput	plain	same program	pcrec_25b1984f_auto-nocaps-simdna	measured	pinned	2	ratio_vs_best	1.000101	12	1.0000	0	0		unchanged (within spread)
rank	ipv6	(set)	large-subject-throughput	plain	same program	pcrec_25b1984f_auto-caps-simdna	measured	pinned	3	median_ns	10507078.975610	12	1.0000	0	0		unchanged (within spread)
rank	ipv6	(set)	large-subject-throughput	plain	same program	pcrec_25b1984f_auto-caps-simdna	measured	pinned	3	min_ns	10503748.207317	12	1.0000	0	0		unchanged (within spread)
rank	ipv6	(set)	large-subject-throughput	plain	same program	pcrec_25b1984f_auto-caps-simdna	measured	pinned	3	max_ns	10511926.073171	12	1.0000	0	0		unchanged (within spread)
rank	ipv6	(set)	large-subject-throughput	plain	same program	pcrec_25b1984f_auto-caps-simdna	measured	pinned	3	stddev_ns	3272.887760	12	1.0000	0	0		unchanged (within spread)
rank	ipv6	(set)	large-subject-throughput	plain	same program	pcrec_25b1984f_auto-caps-simdna	measured	pinned	3	ratio_vs_baseline	0.048176	12	1.0000	0	0		unchanged (within spread)
rank	ipv6	(set)	large-subject-throughput	plain	same program	pcrec_25b1984f_auto-caps-simdna	measured	pinned	3	ratio_vs_best	1.000308	12	1.0000	0	0		unchanged (within spread)
rank	ipv6	(set)	large-subject-throughput	plain	same program	pcrec_1989c62_auto-nocaps-simdna	measured	pinned	4	median_ns	10591206.860465	12	1.0000	0	0		
rank	ipv6	(set)	large-subject-throughput	plain	same program	pcrec_1989c62_auto-nocaps-simdna	measured	pinned	4	min_ns	10584697.162791	12	1.0000	0	0		
rank	ipv6	(set)	large-subject-throughput	plain	same program	pcrec_1989c62_auto-nocaps-simdna	measured	pinned	4	max_ns	10601733.895349	12	1.0000	0	0		
rank	ipv6	(set)	large-subject-throughput	plain	same program	pcrec_1989c62_auto-nocaps-simdna	measured	pinned	4	stddev_ns	5988.647727	12	1.0000	0	0		
rank	ipv6	(set)	large-subject-throughput	plain	same program	pcrec_1989c62_auto-nocaps-simdna	measured	pinned	4	ratio_vs_baseline	0.048562	12	1.0000	0	0		
rank	ipv6	(set)	large-subject-throughput	plain	same program	pcrec_1989c62_auto-nocaps-simdna	measured	pinned	4	ratio_vs_best	1.008318	12	1.0000	0	0		
rank	ipv6	(set)	large-subject-throughput	plain	same program	libpcre2_10.46_jit-caps-simdna	measured	pinned	5	median_ns	31724265.214286	12	1.0000	0	0		
rank	ipv6	(set)	large-subject-throughput	plain	same program	libpcre2_10.46_jit-caps-simdna	measured	pinned	5	min_ns	31692969.964286	12	1.0000	0	0		
rank	ipv6	(set)	large-subject-throughput	plain	same program	libpcre2_10.46_jit-caps-simdna	measured	pinned	5	max_ns	31829239.035714	12	1.0000	0	0		
rank	ipv6	(set)	large-subject-throughput	plain	same program	libpcre2_10.46_jit-caps-simdna	measured	pinned	5	stddev_ns	49734.727592	12	1.0000	0	0		
rank	ipv6	(set)	large-subject-throughput	plain	same program	libpcre2_10.46_jit-caps-simdna	measured	pinned	5	ratio_vs_baseline	0.145458	12	1.0000	0	0		
rank	ipv6	(set)	large-subject-throughput	plain	same program	libpcre2_10.46_jit-caps-simdna	measured	pinned	5	ratio_vs_best	3.020254	12	1.0000	0	0		
rank	ipv6	(set)	large-subject-throughput	plain	same program	pcrec_1989c62_vm-caps-simdna	measured	pinned	6	median_ns	114808056.571429	12	1.0000	0	0		
rank	ipv6	(set)	large-subject-throughput	plain	same program	pcrec_1989c62_vm-caps-simdna	measured	pinned	6	min_ns	113371635.285714	12	1.0000	0	0		
rank	ipv6	(set)	large-subject-throughput	plain	same program	pcrec_1989c62_vm-caps-simdna	measured	pinned	6	max_ns	115502137.714286	12	1.0000	0	0		
rank	ipv6	(set)	large-subject-throughput	plain	same program	pcrec_1989c62_vm-caps-simdna	measured	pinned	6	stddev_ns	710601.399656	12	1.0000	0	0		
rank	ipv6	(set)	large-subject-throughput	plain	same program	pcrec_1989c62_vm-caps-simdna	measured	pinned	6	ratio_vs_baseline	0.526404	12	1.0000	0	0		
rank	ipv6	(set)	large-subject-throughput	plain	same program	pcrec_1989c62_vm-caps-simdna	measured	pinned	6	ratio_vs_best	10.930104	12	1.0000	0	0		
rank	ipv6	(set)	large-subject-throughput	plain	same program	pcrec_25b1984f_vm-caps-simdna	measured	pinned	7	median_ns	115082438.750000	12	1.0000	0	0		unchanged (within spread)
rank	ipv6	(set)	large-subject-throughput	plain	same program	pcrec_25b1984f_vm-caps-simdna	measured	pinned	7	min_ns	113667047.875000	12	1.0000	0	0		unchanged (within spread)
rank	ipv6	(set)	large-subject-throughput	plain	same program	pcrec_25b1984f_vm-caps-simdna	measured	pinned	7	max_ns	116153489.250000	12	1.0000	0	0		unchanged (within spread)
rank	ipv6	(set)	large-subject-throughput	plain	same program	pcrec_25b1984f_vm-caps-simdna	measured	pinned	7	stddev_ns	804033.546789	12	1.0000	0	0		unchanged (within spread)
rank	ipv6	(set)	large-subject-throughput	plain	same program	pcrec_25b1984f_vm-caps-simdna	measured	pinned	7	ratio_vs_baseline	0.527662	12	1.0000	0	0		unchanged (within spread)
rank	ipv6	(set)	large-subject-throughput	plain	same program	pcrec_25b1984f_vm-caps-simdna	measured	pinned	7	ratio_vs_best	10.956227	12	1.0000	0	0		unchanged (within spread)
rank	ipv6	(set)	large-subject-throughput	plain	same program	pcrec_25b1984f_vm-in-caps-simdna	measured	pinned	8	median_ns	116149018.571429	12	1.0000	0	0		unchanged (within spread)
rank	ipv6	(set)	large-subject-throughput	plain	same program	pcrec_25b1984f_vm-in-caps-simdna	measured	pinned	8	min_ns	115927714.571429	12	1.0000	0	0		unchanged (within spread)
rank	ipv6	(set)	large-subject-throughput	plain	same program	pcrec_25b1984f_vm-in-caps-simdna	measured	pinned	8	max_ns	116886593.714286	12	1.0000	0	0		unchanged (within spread)
rank	ipv6	(set)	large-subject-throughput	plain	same program	pcrec_25b1984f_vm-in-caps-simdna	measured	pinned	8	stddev_ns	346135.258529	12	1.0000	0	0		unchanged (within spread)
rank	ipv6	(set)	large-subject-throughput	plain	same program	pcrec_25b1984f_vm-in-caps-simdna	measured	pinned	8	ratio_vs_baseline	0.532552	12	1.0000	0	0		unchanged (within spread)
rank	ipv6	(set)	large-subject-throughput	plain	same program	pcrec_25b1984f_vm-in-caps-simdna	measured	pinned	8	ratio_vs_best	11.057768	12	1.0000	0	0		unchanged (within spread)
rank	ipv6	(set)	large-subject-throughput	plain	same program	pcrec_1989c62_vm-in-caps-simdna	measured	pinned	9	median_ns	116367270.000000	12	1.0000	0	0		
rank	ipv6	(set)	large-subject-throughput	plain	same program	pcrec_1989c62_vm-in-caps-simdna	measured	pinned	9	min_ns	115435994.571429	12	1.0000	0	0		
rank	ipv6	(set)	large-subject-throughput	plain	same program	pcrec_1989c62_vm-in-caps-simdna	measured	pinned	9	max_ns	116697157.571429	12	1.0000	0	0		
rank	ipv6	(set)	large-subject-throughput	plain	same program	pcrec_1989c62_vm-in-caps-simdna	measured	pinned	9	stddev_ns	494703.381119	12	1.0000	0	0		
rank	ipv6	(set)	large-subject-throughput	plain	same program	pcrec_1989c62_vm-in-caps-simdna	measured	pinned	9	ratio_vs_baseline	0.533553	12	1.0000	0	0		
rank	ipv6	(set)	large-subject-throughput	plain	same program	pcrec_1989c62_vm-in-caps-simdna	measured	pinned	9	ratio_vs_best	11.078547	12	1.0000	0	0		
rank	ipv6	(set)	large-subject-throughput	plain	same program	libpcre2_10.46_interp-caps-simdna	measured	pinned	10	median_ns	218098807.750000	12	1.0000	0	0		
rank	ipv6	(set)	large-subject-throughput	plain	same program	libpcre2_10.46_interp-caps-simdna	measured	pinned	10	min_ns	217660955.000000	12	1.0000	0	0		
rank	ipv6	(set)	large-subject-throughput	plain	same program	libpcre2_10.46_interp-caps-simdna	measured	pinned	10	max_ns	218483372.500000	12	1.0000	0	0		
rank	ipv6	(set)	large-subject-throughput	plain	same program	libpcre2_10.46_interp-caps-simdna	measured	pinned	10	stddev_ns	278296.269304	12	1.0000	0	0		
rank	ipv6	(set)	large-subject-throughput	plain	same program	libpcre2_10.46_interp-caps-simdna	measured	pinned	10	ratio_vs_baseline	1.000000	12	1.0000	0	0		
rank	ipv6	(set)	large-subject-throughput	plain	same program	libpcre2_10.46_interp-caps-simdna	measured	pinned	10	ratio_vs_best	20.763724	12	1.0000	0	0		
baseline	ipv6	(set)	short-subject-search			libpcre2_10.46_interp-caps-simdna				baseline_identity	interp					libpcre2_10.46_interp-caps-simdna (interp, present in this group)	
rank	ipv6	(set)	short-subject-search	plain	same program	pcrec_25b1984f_auto-nocaps-simdna	measured	pinned	1	median_ns	260245.116270	112	1.0000	0	0		faster ×1.02
rank	ipv6	(set)	short-subject-search	plain	same program	pcrec_25b1984f_auto-nocaps-simdna	measured	pinned	1	min_ns	259921.933551	112	1.0000	0	0		faster ×1.02
rank	ipv6	(set)	short-subject-search	plain	same program	pcrec_25b1984f_auto-nocaps-simdna	measured	pinned	1	max_ns	261315.990362	112	1.0000	0	0		faster ×1.02
rank	ipv6	(set)	short-subject-search	plain	same program	pcrec_25b1984f_auto-nocaps-simdna	measured	pinned	1	stddev_ns	473.029540	112	1.0000	0	0		faster ×1.02
rank	ipv6	(set)	short-subject-search	plain	same program	pcrec_25b1984f_auto-nocaps-simdna	measured	pinned	1	ratio_vs_baseline	0.031516	112	1.0000	0	0		faster ×1.02
rank	ipv6	(set)	short-subject-search	plain	same program	pcrec_25b1984f_auto-nocaps-simdna	measured	pinned	1	ratio_vs_best	1.000000	112	1.0000	0	0		faster ×1.02
rank	ipv6	(set)	short-subject-search	plain	same program	pcrec_d34c9131_auto-caps-simdna	measured	pinned	2	median_ns	260271.985926	112	1.0000	0	0		
rank	ipv6	(set)	short-subject-search	plain	same program	pcrec_d34c9131_auto-caps-simdna	measured	pinned	2	min_ns	259909.584743	112	1.0000	0	0		
rank	ipv6	(set)	short-subject-search	plain	same program	pcrec_d34c9131_auto-caps-simdna	measured	pinned	2	max_ns	260830.366742	112	1.0000	0	0		
rank	ipv6	(set)	short-subject-search	plain	same program	pcrec_d34c9131_auto-caps-simdna	measured	pinned	2	stddev_ns	299.694957	112	1.0000	0	0		
rank	ipv6	(set)	short-subject-search	plain	same program	pcrec_d34c9131_auto-caps-simdna	measured	pinned	2	ratio_vs_baseline	0.031519	112	1.0000	0	0		
rank	ipv6	(set)	short-subject-search	plain	same program	pcrec_d34c9131_auto-caps-simdna	measured	pinned	2	ratio_vs_best	1.000103	112	1.0000	0	0		
rank	ipv6	(set)	short-subject-search	plain	same program	pcrec_25b1984f_auto-caps-simdna	measured	pinned	3	median_ns	260709.545234	112	1.0000	0	0		unchanged (within spread)
rank	ipv6	(set)	short-subject-search	plain	same program	pcrec_25b1984f_auto-caps-simdna	measured	pinned	3	min_ns	260041.648463	112	1.0000	0	0		unchanged (within spread)
rank	ipv6	(set)	short-subject-search	plain	same program	pcrec_25b1984f_auto-caps-simdna	measured	pinned	3	max_ns	262526.946600	112	1.0000	0	0		unchanged (within spread)
rank	ipv6	(set)	short-subject-search	plain	same program	pcrec_25b1984f_auto-caps-simdna	measured	pinned	3	stddev_ns	912.110752	112	1.0000	0	0		unchanged (within spread)
rank	ipv6	(set)	short-subject-search	plain	same program	pcrec_25b1984f_auto-caps-simdna	measured	pinned	3	ratio_vs_baseline	0.031572	112	1.0000	0	0		unchanged (within spread)
rank	ipv6	(set)	short-subject-search	plain	same program	pcrec_25b1984f_auto-caps-simdna	measured	pinned	3	ratio_vs_best	1.001785	112	1.0000	0	0		unchanged (within spread)
rank	ipv6	(set)	short-subject-search	plain	same program	pcrec_1989c62_auto-nocaps-simdna	measured	pinned	4	median_ns	264638.815779	112	1.0000	0	0		
rank	ipv6	(set)	short-subject-search	plain	same program	pcrec_1989c62_auto-nocaps-simdna	measured	pinned	4	min_ns	264093.150297	112	1.0000	0	0		
rank	ipv6	(set)	short-subject-search	plain	same program	pcrec_1989c62_auto-nocaps-simdna	measured	pinned	4	max_ns	265076.683356	112	1.0000	0	0		
rank	ipv6	(set)	short-subject-search	plain	same program	pcrec_1989c62_auto-nocaps-simdna	measured	pinned	4	stddev_ns	347.624585	112	1.0000	0	0		
rank	ipv6	(set)	short-subject-search	plain	same program	pcrec_1989c62_auto-nocaps-simdna	measured	pinned	4	ratio_vs_baseline	0.032048	112	1.0000	0	0		
rank	ipv6	(set)	short-subject-search	plain	same program	pcrec_1989c62_auto-nocaps-simdna	measured	pinned	4	ratio_vs_best	1.016883	112	1.0000	0	0		
rank	ipv6	(set)	short-subject-search	plain	same program	libpcre2_10.46_jit-caps-simdna	measured	pinned	5	median_ns	1132824.972544	112	1.0000	0	0		
rank	ipv6	(set)	short-subject-search	plain	same program	libpcre2_10.46_jit-caps-simdna	measured	pinned	5	min_ns	1131209.922625	112	1.0000	0	0		
rank	ipv6	(set)	short-subject-search	plain	same program	libpcre2_10.46_jit-caps-simdna	measured	pinned	5	max_ns	1133943.280576	112	1.0000	0	0		
rank	ipv6	(set)	short-subject-search	plain	same program	libpcre2_10.46_jit-caps-simdna	measured	pinned	5	stddev_ns	987.521632	112	1.0000	0	0		
rank	ipv6	(set)	short-subject-search	plain	same program	libpcre2_10.46_jit-caps-simdna	measured	pinned	5	ratio_vs_baseline	0.137185	112	1.0000	0	0		
rank	ipv6	(set)	short-subject-search	plain	same program	libpcre2_10.46_jit-caps-simdna	measured	pinned	5	ratio_vs_best	4.352915	112	1.0000	0	0		
rank	ipv6	(set)	short-subject-search	plain	same program	pcrec_1989c62_vm-caps-simdna	measured	pinned	6	median_ns	4361643.695093	112	1.0000	0	0		
rank	ipv6	(set)	short-subject-search	plain	same program	pcrec_1989c62_vm-caps-simdna	measured	pinned	6	min_ns	4355220.964369	112	1.0000	0	0		
rank	ipv6	(set)	short-subject-search	plain	same program	pcrec_1989c62_vm-caps-simdna	measured	pinned	6	max_ns	4376669.749416	112	1.0000	0	0		
rank	ipv6	(set)	short-subject-search	plain	same program	pcrec_1989c62_vm-caps-simdna	measured	pinned	6	stddev_ns	7161.589187	112	1.0000	0	0		
rank	ipv6	(set)	short-subject-search	plain	same program	pcrec_1989c62_vm-caps-simdna	measured	pinned	6	ratio_vs_baseline	0.528196	112	1.0000	0	0		
rank	ipv6	(set)	short-subject-search	plain	same program	pcrec_1989c62_vm-caps-simdna	measured	pinned	6	ratio_vs_best	16.759752	112	1.0000	0	0		
rank	ipv6	(set)	short-subject-search	plain	same program	pcrec_25b1984f_vm-caps-simdna	measured	pinned	7	median_ns	4368131.670006	112	1.0000	0	0		unchanged (within spread)
rank	ipv6	(set)	short-subject-search	plain	same program	pcrec_25b1984f_vm-caps-simdna	measured	pinned	7	min_ns	4364392.611668	112	1.0000	0	0		unchanged (within spread)
rank	ipv6	(set)	short-subject-search	plain	same program	pcrec_25b1984f_vm-caps-simdna	measured	pinned	7	max_ns	4407457.869181	112	1.0000	0	0		unchanged (within spread)
rank	ipv6	(set)	short-subject-search	plain	same program	pcrec_25b1984f_vm-caps-simdna	measured	pinned	7	stddev_ns	16132.500928	112	1.0000	0	0		unchanged (within spread)
rank	ipv6	(set)	short-subject-search	plain	same program	pcrec_25b1984f_vm-caps-simdna	measured	pinned	7	ratio_vs_baseline	0.528981	112	1.0000	0	0		unchanged (within spread)
rank	ipv6	(set)	short-subject-search	plain	same program	pcrec_25b1984f_vm-caps-simdna	measured	pinned	7	ratio_vs_best	16.784683	112	1.0000	0	0		unchanged (within spread)
rank	ipv6	(set)	short-subject-search	plain	same program	pcrec_1989c62_vm-in-caps-simdna	measured	pinned	8	median_ns	4396108.911852	112	1.0000	0	0		
rank	ipv6	(set)	short-subject-search	plain	same program	pcrec_1989c62_vm-in-caps-simdna	measured	pinned	8	min_ns	4395322.556879	112	1.0000	0	0		
rank	ipv6	(set)	short-subject-search	plain	same program	pcrec_1989c62_vm-in-caps-simdna	measured	pinned	8	max_ns	4419649.399047	112	1.0000	0	0		
rank	ipv6	(set)	short-subject-search	plain	same program	pcrec_1989c62_vm-in-caps-simdna	measured	pinned	8	stddev_ns	9333.529576	112	1.0000	0	0		
rank	ipv6	(set)	short-subject-search	plain	same program	pcrec_1989c62_vm-in-caps-simdna	measured	pinned	8	ratio_vs_baseline	0.532369	112	1.0000	0	0		
rank	ipv6	(set)	short-subject-search	plain	same program	pcrec_1989c62_vm-in-caps-simdna	measured	pinned	8	ratio_vs_best	16.892186	112	1.0000	0	0		
rank	ipv6	(set)	short-subject-search	plain	same program	pcrec_25b1984f_vm-in-caps-simdna	measured	pinned	9	median_ns	4426565.695594	112	1.0000	0	0		unchanged (within spread)
rank	ipv6	(set)	short-subject-search	plain	same program	pcrec_25b1984f_vm-in-caps-simdna	measured	pinned	9	min_ns	4408332.504005	112	1.0000	0	0		unchanged (within spread)
rank	ipv6	(set)	short-subject-search	plain	same program	pcrec_25b1984f_vm-in-caps-simdna	measured	pinned	9	max_ns	4483410.451936	112	1.0000	0	0		unchanged (within spread)
rank	ipv6	(set)	short-subject-search	plain	same program	pcrec_25b1984f_vm-in-caps-simdna	measured	pinned	9	stddev_ns	26281.663628	112	1.0000	0	0		unchanged (within spread)
rank	ipv6	(set)	short-subject-search	plain	same program	pcrec_25b1984f_vm-in-caps-simdna	measured	pinned	9	ratio_vs_baseline	0.536058	112	1.0000	0	0		unchanged (within spread)
rank	ipv6	(set)	short-subject-search	plain	same program	pcrec_25b1984f_vm-in-caps-simdna	measured	pinned	9	ratio_vs_best	17.009217	112	1.0000	0	0		unchanged (within spread)
rank	ipv6	(set)	short-subject-search	plain	same program	libpcre2_10.46_interp-caps-simdna	measured	pinned	10	median_ns	8257629.230852	112	1.0000	0	0		
rank	ipv6	(set)	short-subject-search	plain	same program	libpcre2_10.46_interp-caps-simdna	measured	pinned	10	min_ns	8245361.570658	112	1.0000	0	0		
rank	ipv6	(set)	short-subject-search	plain	same program	libpcre2_10.46_interp-caps-simdna	measured	pinned	10	max_ns	8274337.558792	112	1.0000	0	0		
rank	ipv6	(set)	short-subject-search	plain	same program	libpcre2_10.46_interp-caps-simdna	measured	pinned	10	stddev_ns	9769.520553	112	1.0000	0	0		
rank	ipv6	(set)	short-subject-search	plain	same program	libpcre2_10.46_interp-caps-simdna	measured	pinned	10	ratio_vs_baseline	1.000000	112	1.0000	0	0		
rank	ipv6	(set)	short-subject-search	plain	same program	libpcre2_10.46_interp-caps-simdna	measured	pinned	10	ratio_vs_best	31.730199	112	1.0000	0	0		
baseline	iso-ts	(set)	large-subject-throughput			libpcre2_10.46_interp-caps-simdna				baseline_identity	interp					libpcre2_10.46_interp-caps-simdna (interp, present in this group)	
rank	iso-ts	(set)	large-subject-throughput	plain	same program	libpcre2_10.46_jit-caps-simdna	measured	pinned	1	median_ns	962034.734560	12	1.0000	0	0		
rank	iso-ts	(set)	large-subject-throughput	plain	same program	libpcre2_10.46_jit-caps-simdna	measured	pinned	1	min_ns	960301.767411	12	1.0000	0	0		
rank	iso-ts	(set)	large-subject-throughput	plain	same program	libpcre2_10.46_jit-caps-simdna	measured	pinned	1	max_ns	962187.771353	12	1.0000	0	0		
rank	iso-ts	(set)	large-subject-throughput	plain	same program	libpcre2_10.46_jit-caps-simdna	measured	pinned	1	stddev_ns	711.213992	12	1.0000	0	0		
rank	iso-ts	(set)	large-subject-throughput	plain	same program	libpcre2_10.46_jit-caps-simdna	measured	pinned	1	ratio_vs_baseline	0.015790	12	1.0000	0	0		
rank	iso-ts	(set)	large-subject-throughput	plain	same program	libpcre2_10.46_jit-caps-simdna	measured	pinned	1	ratio_vs_best	1.000000	12	1.0000	0	0		
rank	iso-ts	(set)	large-subject-throughput	plain	same program	pcrec_d34c9131_auto-caps-simdna	measured	pinned	2	median_ns	1148476.834772	12	1.0000	0	0		
rank	iso-ts	(set)	large-subject-throughput	plain	same program	pcrec_d34c9131_auto-caps-simdna	measured	pinned	2	min_ns	1147660.094945	12	1.0000	0	0		
rank	iso-ts	(set)	large-subject-throughput	plain	same program	pcrec_d34c9131_auto-caps-simdna	measured	pinned	2	max_ns	1148806.453761	12	1.0000	0	0		
rank	iso-ts	(set)	large-subject-throughput	plain	same program	pcrec_d34c9131_auto-caps-simdna	measured	pinned	2	stddev_ns	379.441775	12	1.0000	0	0		
rank	iso-ts	(set)	large-subject-throughput	plain	same program	pcrec_d34c9131_auto-caps-simdna	measured	pinned	2	ratio_vs_baseline	0.018850	12	1.0000	0	0		
rank	iso-ts	(set)	large-subject-throughput	plain	same program	pcrec_d34c9131_auto-caps-simdna	measured	pinned	2	ratio_vs_best	1.193800	12	1.0000	0	0		
rank	iso-ts	(set)	large-subject-throughput	plain	same program	pcrec_25b1984f_auto-caps-simdna	measured	pinned	3	median_ns	1151889.577381	12	1.0000	0	0		slower ×1.00
rank	iso-ts	(set)	large-subject-throughput	plain	same program	pcrec_25b1984f_auto-caps-simdna	measured	pinned	3	min_ns	1151522.658333	12	1.0000	0	0		slower ×1.00
rank	iso-ts	(set)	large-subject-throughput	plain	same program	pcrec_25b1984f_auto-caps-simdna	measured	pinned	3	max_ns	1153706.314286	12	1.0000	0	0		slower ×1.00
rank	iso-ts	(set)	large-subject-throughput	plain	same program	pcrec_25b1984f_auto-caps-simdna	measured	pinned	3	stddev_ns	797.734783	12	1.0000	0	0		slower ×1.00
rank	iso-ts	(set)	large-subject-throughput	plain	same program	pcrec_25b1984f_auto-caps-simdna	measured	pinned	3	ratio_vs_baseline	0.018906	12	1.0000	0	0		slower ×1.00
rank	iso-ts	(set)	large-subject-throughput	plain	same program	pcrec_25b1984f_auto-caps-simdna	measured	pinned	3	ratio_vs_best	1.197347	12	1.0000	0	0		slower ×1.00
rank	iso-ts	(set)	large-subject-throughput	plain	same program	pcrec_25b1984f_auto-nocaps-simdna	measured	pinned	4	median_ns	1152312.003619	12	1.0000	0	0		faster ×1.06
rank	iso-ts	(set)	large-subject-throughput	plain	same program	pcrec_25b1984f_auto-nocaps-simdna	measured	pinned	4	min_ns	1151485.293124	12	1.0000	0	0		faster ×1.06
rank	iso-ts	(set)	large-subject-throughput	plain	same program	pcrec_25b1984f_auto-nocaps-simdna	measured	pinned	4	max_ns	1154088.576598	12	1.0000	0	0		faster ×1.06
rank	iso-ts	(set)	large-subject-throughput	plain	same program	pcrec_25b1984f_auto-nocaps-simdna	measured	pinned	4	stddev_ns	885.308984	12	1.0000	0	0		faster ×1.06
rank	iso-ts	(set)	large-subject-throughput	plain	same program	pcrec_25b1984f_auto-nocaps-simdna	measured	pinned	4	ratio_vs_baseline	0.018913	12	1.0000	0	0		faster ×1.06
rank	iso-ts	(set)	large-subject-throughput	plain	same program	pcrec_25b1984f_auto-nocaps-simdna	measured	pinned	4	ratio_vs_best	1.197786	12	1.0000	0	0		faster ×1.06
rank	iso-ts	(set)	large-subject-throughput	plain	same program	pcrec_1989c62_auto-nocaps-simdna	measured	pinned	5	median_ns	1219070.785714	12	1.0000	0	0		
rank	iso-ts	(set)	large-subject-throughput	plain	same program	pcrec_1989c62_auto-nocaps-simdna	measured	pinned	5	min_ns	1218084.351090	12	1.0000	0	0		
rank	iso-ts	(set)	large-subject-throughput	plain	same program	pcrec_1989c62_auto-nocaps-simdna	measured	pinned	5	max_ns	1222280.234867	12	1.0000	0	0		
rank	iso-ts	(set)	large-subject-throughput	plain	same program	pcrec_1989c62_auto-nocaps-simdna	measured	pinned	5	stddev_ns	1499.626096	12	1.0000	0	0		
rank	iso-ts	(set)	large-subject-throughput	plain	same program	pcrec_1989c62_auto-nocaps-simdna	measured	pinned	5	ratio_vs_baseline	0.020009	12	1.0000	0	0		
rank	iso-ts	(set)	large-subject-throughput	plain	same program	pcrec_1989c62_auto-nocaps-simdna	measured	pinned	5	ratio_vs_best	1.267180	12	1.0000	0	0		
rank	iso-ts	(set)	large-subject-throughput	plain	same program	pcrec_25b1984f_vm-in-caps-simdna	measured	pinned	6	median_ns	25256674.264706	12	1.0000	0	0		unchanged (within spread)
rank	iso-ts	(set)	large-subject-throughput	plain	same program	pcrec_25b1984f_vm-in-caps-simdna	measured	pinned	6	min_ns	25248519.529412	12	1.0000	0	0		unchanged (within spread)
rank	iso-ts	(set)	large-subject-throughput	plain	same program	pcrec_25b1984f_vm-in-caps-simdna	measured	pinned	6	max_ns	25262028.117647	12	1.0000	0	0		unchanged (within spread)
rank	iso-ts	(set)	large-subject-throughput	plain	same program	pcrec_25b1984f_vm-in-caps-simdna	measured	pinned	6	stddev_ns	4589.606428	12	1.0000	0	0		unchanged (within spread)
rank	iso-ts	(set)	large-subject-throughput	plain	same program	pcrec_25b1984f_vm-in-caps-simdna	measured	pinned	6	ratio_vs_baseline	0.414548	12	1.0000	0	0		unchanged (within spread)
rank	iso-ts	(set)	large-subject-throughput	plain	same program	pcrec_25b1984f_vm-in-caps-simdna	measured	pinned	6	ratio_vs_best	26.253391	12	1.0000	0	0		unchanged (within spread)
rank	iso-ts	(set)	large-subject-throughput	plain	same program	pcrec_25b1984f_vm-caps-simdna	measured	pinned	7	median_ns	25258218.939394	12	1.0000	0	0		unchanged (within spread)
rank	iso-ts	(set)	large-subject-throughput	plain	same program	pcrec_25b1984f_vm-caps-simdna	measured	pinned	7	min_ns	25244221.030303	12	1.0000	0	0		unchanged (within spread)
rank	iso-ts	(set)	large-subject-throughput	plain	same program	pcrec_25b1984f_vm-caps-simdna	measured	pinned	7	max_ns	25260647.818182	12	1.0000	0	0		unchanged (within spread)
rank	iso-ts	(set)	large-subject-throughput	plain	same program	pcrec_25b1984f_vm-caps-simdna	measured	pinned	7	stddev_ns	5901.345851	12	1.0000	0	0		unchanged (within spread)
rank	iso-ts	(set)	large-subject-throughput	plain	same program	pcrec_25b1984f_vm-caps-simdna	measured	pinned	7	ratio_vs_baseline	0.414573	12	1.0000	0	0		unchanged (within spread)
rank	iso-ts	(set)	large-subject-throughput	plain	same program	pcrec_25b1984f_vm-caps-simdna	measured	pinned	7	ratio_vs_best	26.254997	12	1.0000	0	0		unchanged (within spread)
rank	iso-ts	(set)	large-subject-throughput	plain	same program	pcrec_1989c62_vm-in-caps-simdna	measured	pinned	8	median_ns	25262228.242424	12	1.0000	0	0		
rank	iso-ts	(set)	large-subject-throughput	plain	same program	pcrec_1989c62_vm-in-caps-simdna	measured	pinned	8	min_ns	25254477.606061	12	1.0000	0	0		
rank	iso-ts	(set)	large-subject-throughput	plain	same program	pcrec_1989c62_vm-in-caps-simdna	measured	pinned	8	max_ns	25321237.090909	12	1.0000	0	0		
rank	iso-ts	(set)	large-subject-throughput	plain	same program	pcrec_1989c62_vm-in-caps-simdna	measured	pinned	8	stddev_ns	28288.514222	12	1.0000	0	0		
rank	iso-ts	(set)	large-subject-throughput	plain	same program	pcrec_1989c62_vm-in-caps-simdna	measured	pinned	8	ratio_vs_baseline	0.414639	12	1.0000	0	0		
rank	iso-ts	(set)	large-subject-throughput	plain	same program	pcrec_1989c62_vm-in-caps-simdna	measured	pinned	8	ratio_vs_best	26.259164	12	1.0000	0	0		
rank	iso-ts	(set)	large-subject-throughput	plain	same program	pcrec_1989c62_vm-caps-simdna	measured	pinned	9	median_ns	25281871.969697	12	1.0000	0	0		
rank	iso-ts	(set)	large-subject-throughput	plain	same program	pcrec_1989c62_vm-caps-simdna	measured	pinned	9	min_ns	25254930.636364	12	1.0000	0	0		
rank	iso-ts	(set)	large-subject-throughput	plain	same program	pcrec_1989c62_vm-caps-simdna	measured	pinned	9	max_ns	25379000.454545	12	1.0000	0	0		
rank	iso-ts	(set)	large-subject-throughput	plain	same program	pcrec_1989c62_vm-caps-simdna	measured	pinned	9	stddev_ns	43049.655432	12	1.0000	0	0		
rank	iso-ts	(set)	large-subject-throughput	plain	same program	pcrec_1989c62_vm-caps-simdna	measured	pinned	9	ratio_vs_baseline	0.414962	12	1.0000	0	0		
rank	iso-ts	(set)	large-subject-throughput	plain	same program	pcrec_1989c62_vm-caps-simdna	measured	pinned	9	ratio_vs_best	26.279583	12	1.0000	0	0		
rank	iso-ts	(set)	large-subject-throughput	plain	same program	libpcre2_10.46_interp-caps-simdna	measured	pinned	10	median_ns	60925794.066667	12	1.0000	0	0		
rank	iso-ts	(set)	large-subject-throughput	plain	same program	libpcre2_10.46_interp-caps-simdna	measured	pinned	10	min_ns	60793681.200000	12	1.0000	0	0		
rank	iso-ts	(set)	large-subject-throughput	plain	same program	libpcre2_10.46_interp-caps-simdna	measured	pinned	10	max_ns	61368408.666667	12	1.0000	0	0		
rank	iso-ts	(set)	large-subject-throughput	plain	same program	libpcre2_10.46_interp-caps-simdna	measured	pinned	10	stddev_ns	222898.825099	12	1.0000	0	0		
rank	iso-ts	(set)	large-subject-throughput	plain	same program	libpcre2_10.46_interp-caps-simdna	measured	pinned	10	ratio_vs_baseline	1.000000	12	1.0000	0	0		
rank	iso-ts	(set)	large-subject-throughput	plain	same program	libpcre2_10.46_interp-caps-simdna	measured	pinned	10	ratio_vs_best	63.330140	12	1.0000	0	0		
baseline	iso-ts	(set)	short-subject-search			libpcre2_10.46_interp-caps-simdna				baseline_identity	interp					libpcre2_10.46_interp-caps-simdna (interp, present in this group)	
rank	iso-ts	(set)	short-subject-search	plain	same program	pcrec_25b1984f_auto-caps-simdna	measured	pinned	1	median_ns	20620.955166	112	1.0000	0	0		faster ×1.01
rank	iso-ts	(set)	short-subject-search	plain	same program	pcrec_25b1984f_auto-caps-simdna	measured	pinned	1	min_ns	20602.161153	112	1.0000	0	0		faster ×1.01
rank	iso-ts	(set)	short-subject-search	plain	same program	pcrec_25b1984f_auto-caps-simdna	measured	pinned	1	max_ns	20635.553291	112	1.0000	0	0		faster ×1.01
rank	iso-ts	(set)	short-subject-search	plain	same program	pcrec_25b1984f_auto-caps-simdna	measured	pinned	1	stddev_ns	12.914232	112	1.0000	0	0		faster ×1.01
rank	iso-ts	(set)	short-subject-search	plain	same program	pcrec_25b1984f_auto-caps-simdna	measured	pinned	1	ratio_vs_baseline	0.008651	112	1.0000	0	0		faster ×1.01
rank	iso-ts	(set)	short-subject-search	plain	same program	pcrec_25b1984f_auto-caps-simdna	measured	pinned	1	ratio_vs_best	1.000000	112	1.0000	0	0		faster ×1.01
rank	iso-ts	(set)	short-subject-search	plain	same program	pcrec_25b1984f_auto-nocaps-simdna	measured	pinned	2	median_ns	20627.912883	112	1.0000	0	0		faster ×1.08
rank	iso-ts	(set)	short-subject-search	plain	same program	pcrec_25b1984f_auto-nocaps-simdna	measured	pinned	2	min_ns	20617.719401	112	1.0000	0	0		faster ×1.08
rank	iso-ts	(set)	short-subject-search	plain	same program	pcrec_25b1984f_auto-nocaps-simdna	measured	pinned	2	max_ns	20633.898395	112	1.0000	0	0		faster ×1.08
rank	iso-ts	(set)	short-subject-search	plain	same program	pcrec_25b1984f_auto-nocaps-simdna	measured	pinned	2	stddev_ns	5.766252	112	1.0000	0	0		faster ×1.08
rank	iso-ts	(set)	short-subject-search	plain	same program	pcrec_25b1984f_auto-nocaps-simdna	measured	pinned	2	ratio_vs_baseline	0.008654	112	1.0000	0	0		faster ×1.08
rank	iso-ts	(set)	short-subject-search	plain	same program	pcrec_25b1984f_auto-nocaps-simdna	measured	pinned	2	ratio_vs_best	1.000337	112	1.0000	0	0		faster ×1.08
rank	iso-ts	(set)	short-subject-search	plain	same program	libpcre2_10.46_jit-caps-simdna	measured	pinned	3	median_ns	20688.099771	112	1.0000	0	0		
rank	iso-ts	(set)	short-subject-search	plain	same program	libpcre2_10.46_jit-caps-simdna	measured	pinned	3	min_ns	20617.407494	112	1.0000	0	0		
rank	iso-ts	(set)	short-subject-search	plain	same program	libpcre2_10.46_jit-caps-simdna	measured	pinned	3	max_ns	20790.052725	112	1.0000	0	0		
rank	iso-ts	(set)	short-subject-search	plain	same program	libpcre2_10.46_jit-caps-simdna	measured	pinned	3	stddev_ns	56.496727	112	1.0000	0	0		
rank	iso-ts	(set)	short-subject-search	plain	same program	libpcre2_10.46_jit-caps-simdna	measured	pinned	3	ratio_vs_baseline	0.008680	112	1.0000	0	0		
rank	iso-ts	(set)	short-subject-search	plain	same program	libpcre2_10.46_jit-caps-simdna	measured	pinned	3	ratio_vs_best	1.003256	112	1.0000	0	0		
rank	iso-ts	(set)	short-subject-search	plain	same program	pcrec_d34c9131_auto-caps-simdna	measured	pinned	4	median_ns	20768.411802	112	1.0000	0	0		
rank	iso-ts	(set)	short-subject-search	plain	same program	pcrec_d34c9131_auto-caps-simdna	measured	pinned	4	min_ns	20735.766172	112	1.0000	0	0		
rank	iso-ts	(set)	short-subject-search	plain	same program	pcrec_d34c9131_auto-caps-simdna	measured	pinned	4	max_ns	20790.820016	112	1.0000	0	0		
rank	iso-ts	(set)	short-subject-search	plain	same program	pcrec_d34c9131_auto-caps-simdna	measured	pinned	4	stddev_ns	21.699560	112	1.0000	0	0		
rank	iso-ts	(set)	short-subject-search	plain	same program	pcrec_d34c9131_auto-caps-simdna	measured	pinned	4	ratio_vs_baseline	0.008713	112	1.0000	0	0		
rank	iso-ts	(set)	short-subject-search	plain	same program	pcrec_d34c9131_auto-caps-simdna	measured	pinned	4	ratio_vs_best	1.007151	112	1.0000	0	0		
rank	iso-ts	(set)	short-subject-search	plain	same program	pcrec_1989c62_auto-nocaps-simdna	measured	pinned	5	median_ns	22275.635522	112	1.0000	0	0		
rank	iso-ts	(set)	short-subject-search	plain	same program	pcrec_1989c62_auto-nocaps-simdna	measured	pinned	5	min_ns	22244.796805	112	1.0000	0	0		
rank	iso-ts	(set)	short-subject-search	plain	same program	pcrec_1989c62_auto-nocaps-simdna	measured	pinned	5	max_ns	22347.020113	112	1.0000	0	0		
rank	iso-ts	(set)	short-subject-search	plain	same program	pcrec_1989c62_auto-nocaps-simdna	measured	pinned	5	stddev_ns	37.669555	112	1.0000	0	0		
rank	iso-ts	(set)	short-subject-search	plain	same program	pcrec_1989c62_auto-nocaps-simdna	measured	pinned	5	ratio_vs_baseline	0.009346	112	1.0000	0	0		
rank	iso-ts	(set)	short-subject-search	plain	same program	pcrec_1989c62_auto-nocaps-simdna	measured	pinned	5	ratio_vs_best	1.080243	112	1.0000	0	0		
rank	iso-ts	(set)	short-subject-search	plain	same program	pcrec_1989c62_vm-in-caps-simdna	measured	pinned	6	median_ns	980754.512477	112	1.0000	0	0		
rank	iso-ts	(set)	short-subject-search	plain	same program	pcrec_1989c62_vm-in-caps-simdna	measured	pinned	6	min_ns	979942.493021	112	1.0000	0	0		
rank	iso-ts	(set)	short-subject-search	plain	same program	pcrec_1989c62_vm-in-caps-simdna	measured	pinned	6	max_ns	982813.031157	112	1.0000	0	0		
rank	iso-ts	(set)	short-subject-search	plain	same program	pcrec_1989c62_vm-in-caps-simdna	measured	pinned	6	stddev_ns	999.513302	112	1.0000	0	0		
rank	iso-ts	(set)	short-subject-search	plain	same program	pcrec_1989c62_vm-in-caps-simdna	measured	pinned	6	ratio_vs_baseline	0.411473	112	1.0000	0	0		
rank	iso-ts	(set)	short-subject-search	plain	same program	pcrec_1989c62_vm-in-caps-simdna	measured	pinned	6	ratio_vs_best	47.561061	112	1.0000	0	0		
rank	iso-ts	(set)	short-subject-search	plain	same program	pcrec_1989c62_vm-caps-simdna	measured	pinned	7	median_ns	981529.397185	112	1.0000	0	0		
rank	iso-ts	(set)	short-subject-search	plain	same program	pcrec_1989c62_vm-caps-simdna	measured	pinned	7	min_ns	981276.850669	112	1.0000	0	0		
rank	iso-ts	(set)	short-subject-search	plain	same program	pcrec_1989c62_vm-caps-simdna	measured	pinned	7	max_ns	989037.296411	112	1.0000	0	0		
rank	iso-ts	(set)	short-subject-search	plain	same program	pcrec_1989c62_vm-caps-simdna	measured	pinned	7	stddev_ns	2959.410785	112	1.0000	0	0		
rank	iso-ts	(set)	short-subject-search	plain	same program	pcrec_1989c62_vm-caps-simdna	measured	pinned	7	ratio_vs_baseline	0.411798	112	1.0000	0	0		
rank	iso-ts	(set)	short-subject-search	plain	same program	pcrec_1989c62_vm-caps-simdna	measured	pinned	7	ratio_vs_best	47.598639	112	1.0000	0	0		
rank	iso-ts	(set)	short-subject-search	plain	same program	pcrec_25b1984f_vm-in-caps-simdna	measured	pinned	8	median_ns	983057.610488	112	1.0000	0	0		unchanged (within spread)
rank	iso-ts	(set)	short-subject-search	plain	same program	pcrec_25b1984f_vm-in-caps-simdna	measured	pinned	8	min_ns	981308.473640	112	1.0000	0	0		unchanged (within spread)
rank	iso-ts	(set)	short-subject-search	plain	same program	pcrec_25b1984f_vm-in-caps-simdna	measured	pinned	8	max_ns	986290.862872	112	1.0000	0	0		unchanged (within spread)
rank	iso-ts	(set)	short-subject-search	plain	same program	pcrec_25b1984f_vm-in-caps-simdna	measured	pinned	8	stddev_ns	1660.431458	112	1.0000	0	0		unchanged (within spread)
rank	iso-ts	(set)	short-subject-search	plain	same program	pcrec_25b1984f_vm-in-caps-simdna	measured	pinned	8	ratio_vs_baseline	0.412439	112	1.0000	0	0		unchanged (within spread)
rank	iso-ts	(set)	short-subject-search	plain	same program	pcrec_25b1984f_vm-in-caps-simdna	measured	pinned	8	ratio_vs_best	47.672749	112	1.0000	0	0		unchanged (within spread)
rank	iso-ts	(set)	short-subject-search	plain	same program	pcrec_25b1984f_vm-caps-simdna	measured	pinned	9	median_ns	989015.308352	112	1.0000	0	0		unchanged (within spread)
rank	iso-ts	(set)	short-subject-search	plain	same program	pcrec_25b1984f_vm-caps-simdna	measured	pinned	9	min_ns	983819.526294	112	1.0000	0	0		unchanged (within spread)
rank	iso-ts	(set)	short-subject-search	plain	same program	pcrec_25b1984f_vm-caps-simdna	measured	pinned	9	max_ns	1004362.123453	112	1.0000	0	0		unchanged (within spread)
rank	iso-ts	(set)	short-subject-search	plain	same program	pcrec_25b1984f_vm-caps-simdna	measured	pinned	9	stddev_ns	7343.503812	112	1.0000	0	0		unchanged (within spread)
rank	iso-ts	(set)	short-subject-search	plain	same program	pcrec_25b1984f_vm-caps-simdna	measured	pinned	9	ratio_vs_baseline	0.414938	112	1.0000	0	0		unchanged (within spread)
rank	iso-ts	(set)	short-subject-search	plain	same program	pcrec_25b1984f_vm-caps-simdna	measured	pinned	9	ratio_vs_best	47.961663	112	1.0000	0	0		unchanged (within spread)
rank	iso-ts	(set)	short-subject-search	plain	same program	libpcre2_10.46_interp-caps-simdna	measured	pinned	10	median_ns	2383523.219914	112	1.0000	0	0		
rank	iso-ts	(set)	short-subject-search	plain	same program	libpcre2_10.46_interp-caps-simdna	measured	pinned	10	min_ns	2379855.569074	112	1.0000	0	0		
rank	iso-ts	(set)	short-subject-search	plain	same program	libpcre2_10.46_interp-caps-simdna	measured	pinned	10	max_ns	2385957.718431	112	1.0000	0	0		
rank	iso-ts	(set)	short-subject-search	plain	same program	libpcre2_10.46_interp-caps-simdna	measured	pinned	10	stddev_ns	2003.360239	112	1.0000	0	0		
rank	iso-ts	(set)	short-subject-search	plain	same program	libpcre2_10.46_interp-caps-simdna	measured	pinned	10	ratio_vs_baseline	1.000000	112	1.0000	0	0		
rank	iso-ts	(set)	short-subject-search	plain	same program	libpcre2_10.46_interp-caps-simdna	measured	pinned	10	ratio_vs_best	115.587430	112	1.0000	0	0		
baseline	kv-quoted	(set)	large-subject-throughput			libpcre2_10.46_interp-caps-simdna				baseline_identity	interp					libpcre2_10.46_interp-caps-simdna (interp, present in this group)	
rank	kv-quoted	(set)	large-subject-throughput	plain	same program	pcrec_25b1984f_auto-nocaps-simdna	measured	pinned	1	median_ns	14261756.140351	12	1.0000	0	0		unchanged (within spread)
rank	kv-quoted	(set)	large-subject-throughput	plain	same program	pcrec_25b1984f_auto-nocaps-simdna	measured	pinned	1	min_ns	14226097.736842	12	1.0000	0	0		unchanged (within spread)
rank	kv-quoted	(set)	large-subject-throughput	plain	same program	pcrec_25b1984f_auto-nocaps-simdna	measured	pinned	1	max_ns	14638571.421053	12	1.0000	0	0		unchanged (within spread)
rank	kv-quoted	(set)	large-subject-throughput	plain	same program	pcrec_25b1984f_auto-nocaps-simdna	measured	pinned	1	stddev_ns	187077.171666	12	1.0000	0	0		unchanged (within spread)
rank	kv-quoted	(set)	large-subject-throughput	plain	same program	pcrec_25b1984f_auto-nocaps-simdna	measured	pinned	1	ratio_vs_baseline	0.217240	12	1.0000	0	0		unchanged (within spread)
rank	kv-quoted	(set)	large-subject-throughput	plain	same program	pcrec_25b1984f_auto-nocaps-simdna	measured	pinned	1	ratio_vs_best	1.000000	12	1.0000	0	0		unchanged (within spread)
rank	kv-quoted	(set)	large-subject-throughput	plain	same program	pcrec_d34c9131_auto-caps-simdna	measured	pinned	2	median_ns	14452341.982456	12	1.0000	0	0		
rank	kv-quoted	(set)	large-subject-throughput	plain	same program	pcrec_d34c9131_auto-caps-simdna	measured	pinned	2	min_ns	14322121.736842	12	1.0000	0	0		
rank	kv-quoted	(set)	large-subject-throughput	plain	same program	pcrec_d34c9131_auto-caps-simdna	measured	pinned	2	max_ns	14646902.298246	12	1.0000	0	0		
rank	kv-quoted	(set)	large-subject-throughput	plain	same program	pcrec_d34c9131_auto-caps-simdna	measured	pinned	2	stddev_ns	127785.313864	12	1.0000	0	0		
rank	kv-quoted	(set)	large-subject-throughput	plain	same program	pcrec_d34c9131_auto-caps-simdna	measured	pinned	2	ratio_vs_baseline	0.220143	12	1.0000	0	0		
rank	kv-quoted	(set)	large-subject-throughput	plain	same program	pcrec_d34c9131_auto-caps-simdna	measured	pinned	2	ratio_vs_best	1.013363	12	1.0000	0	0		
rank	kv-quoted	(set)	large-subject-throughput	plain	same program	pcrec_1989c62_auto-nocaps-simdna	measured	pinned	3	median_ns	14533928.473684	12	1.0000	0	0		
rank	kv-quoted	(set)	large-subject-throughput	plain	same program	pcrec_1989c62_auto-nocaps-simdna	measured	pinned	3	min_ns	14446241.456140	12	1.0000	0	0		
rank	kv-quoted	(set)	large-subject-throughput	plain	same program	pcrec_1989c62_auto-nocaps-simdna	measured	pinned	3	max_ns	14650076.000000	12	1.0000	0	0		
rank	kv-quoted	(set)	large-subject-throughput	plain	same program	pcrec_1989c62_auto-nocaps-simdna	measured	pinned	3	stddev_ns	81478.282789	12	1.0000	0	0		
rank	kv-quoted	(set)	large-subject-throughput	plain	same program	pcrec_1989c62_auto-nocaps-simdna	measured	pinned	3	ratio_vs_baseline	0.221385	12	1.0000	0	0		
rank	kv-quoted	(set)	large-subject-throughput	plain	same program	pcrec_1989c62_auto-nocaps-simdna	measured	pinned	3	ratio_vs_best	1.019084	12	1.0000	0	0		
rank	kv-quoted	(set)	large-subject-throughput	plain	same program	pcrec_25b1984f_auto-caps-simdna	measured	pinned	4	median_ns	14582658.844828	12	1.0000	0	0		unchanged (within spread)
rank	kv-quoted	(set)	large-subject-throughput	plain	same program	pcrec_25b1984f_auto-caps-simdna	measured	pinned	4	min_ns	14276833.275862	12	1.0000	0	0		unchanged (within spread)
rank	kv-quoted	(set)	large-subject-throughput	plain	same program	pcrec_25b1984f_auto-caps-simdna	measured	pinned	4	max_ns	14614557.448276	12	1.0000	0	0		unchanged (within spread)
rank	kv-quoted	(set)	large-subject-throughput	plain	same program	pcrec_25b1984f_auto-caps-simdna	measured	pinned	4	stddev_ns	129826.181111	12	1.0000	0	0		unchanged (within spread)
rank	kv-quoted	(set)	large-subject-throughput	plain	same program	pcrec_25b1984f_auto-caps-simdna	measured	pinned	4	ratio_vs_baseline	0.222128	12	1.0000	0	0		unchanged (within spread)
rank	kv-quoted	(set)	large-subject-throughput	plain	same program	pcrec_25b1984f_auto-caps-simdna	measured	pinned	4	ratio_vs_best	1.022501	12	1.0000	0	0		unchanged (within spread)
rank	kv-quoted	(set)	large-subject-throughput	plain	same program	libpcre2_10.46_jit-caps-simdna	measured	pinned	5	median_ns	15011589.956790	12	1.0000	0	0		
rank	kv-quoted	(set)	large-subject-throughput	plain	same program	libpcre2_10.46_jit-caps-simdna	measured	pinned	5	min_ns	14992050.333333	12	1.0000	0	0		
rank	kv-quoted	(set)	large-subject-throughput	plain	same program	libpcre2_10.46_jit-caps-simdna	measured	pinned	5	max_ns	15021093.351852	12	1.0000	0	0		
rank	kv-quoted	(set)	large-subject-throughput	plain	same program	libpcre2_10.46_jit-caps-simdna	measured	pinned	5	stddev_ns	10918.558605	12	1.0000	0	0		
rank	kv-quoted	(set)	large-subject-throughput	plain	same program	libpcre2_10.46_jit-caps-simdna	measured	pinned	5	ratio_vs_baseline	0.228661	12	1.0000	0	0		
rank	kv-quoted	(set)	large-subject-throughput	plain	same program	libpcre2_10.46_jit-caps-simdna	measured	pinned	5	ratio_vs_best	1.052577	12	1.0000	0	0		
rank	kv-quoted	(set)	large-subject-throughput	plain	same program	pcrec_25b1984f_vm-caps-simdna	measured	pinned	6	median_ns	35119618.916667	12	1.0000	0	0		unchanged (within spread)
rank	kv-quoted	(set)	large-subject-throughput	plain	same program	pcrec_25b1984f_vm-caps-simdna	measured	pinned	6	min_ns	35089128.750000	12	1.0000	0	0		unchanged (within spread)
rank	kv-quoted	(set)	large-subject-throughput	plain	same program	pcrec_25b1984f_vm-caps-simdna	measured	pinned	6	max_ns	35131274.333333	12	1.0000	0	0		unchanged (within spread)
rank	kv-quoted	(set)	large-subject-throughput	plain	same program	pcrec_25b1984f_vm-caps-simdna	measured	pinned	6	stddev_ns	14880.653165	12	1.0000	0	0		unchanged (within spread)
rank	kv-quoted	(set)	large-subject-throughput	plain	same program	pcrec_25b1984f_vm-caps-simdna	measured	pinned	6	ratio_vs_baseline	0.534953	12	1.0000	0	0		unchanged (within spread)
rank	kv-quoted	(set)	large-subject-throughput	plain	same program	pcrec_25b1984f_vm-caps-simdna	measured	pinned	6	ratio_vs_best	2.462503	12	1.0000	0	0		unchanged (within spread)
rank	kv-quoted	(set)	large-subject-throughput	plain	same program	pcrec_25b1984f_vm-in-caps-simdna	measured	pinned	7	median_ns	35120099.833333	12	1.0000	0	0		unchanged (within spread)
rank	kv-quoted	(set)	large-subject-throughput	plain	same program	pcrec_25b1984f_vm-in-caps-simdna	measured	pinned	7	min_ns	35097135.125000	12	1.0000	0	0		unchanged (within spread)
rank	kv-quoted	(set)	large-subject-throughput	plain	same program	pcrec_25b1984f_vm-in-caps-simdna	measured	pinned	7	max_ns	35144760.000000	12	1.0000	0	0		unchanged (within spread)
rank	kv-quoted	(set)	large-subject-throughput	plain	same program	pcrec_25b1984f_vm-in-caps-simdna	measured	pinned	7	stddev_ns	18414.288102	12	1.0000	0	0		unchanged (within spread)
rank	kv-quoted	(set)	large-subject-throughput	plain	same program	pcrec_25b1984f_vm-in-caps-simdna	measured	pinned	7	ratio_vs_baseline	0.534960	12	1.0000	0	0		unchanged (within spread)
rank	kv-quoted	(set)	large-subject-throughput	plain	same program	pcrec_25b1984f_vm-in-caps-simdna	measured	pinned	7	ratio_vs_best	2.462537	12	1.0000	0	0		unchanged (within spread)
rank	kv-quoted	(set)	large-subject-throughput	plain	same program	pcrec_1989c62_vm-in-caps-simdna	measured	pinned	8	median_ns	35127449.458333	12	1.0000	0	0		
rank	kv-quoted	(set)	large-subject-throughput	plain	same program	pcrec_1989c62_vm-in-caps-simdna	measured	pinned	8	min_ns	35120231.083333	12	1.0000	0	0		
rank	kv-quoted	(set)	large-subject-throughput	plain	same program	pcrec_1989c62_vm-in-caps-simdna	measured	pinned	8	max_ns	35159574.208333	12	1.0000	0	0		
rank	kv-quoted	(set)	large-subject-throughput	plain	same program	pcrec_1989c62_vm-in-caps-simdna	measured	pinned	8	stddev_ns	15253.665149	12	1.0000	0	0		
rank	kv-quoted	(set)	large-subject-throughput	plain	same program	pcrec_1989c62_vm-in-caps-simdna	measured	pinned	8	ratio_vs_baseline	0.535072	12	1.0000	0	0		
rank	kv-quoted	(set)	large-subject-throughput	plain	same program	pcrec_1989c62_vm-in-caps-simdna	measured	pinned	8	ratio_vs_best	2.463052	12	1.0000	0	0		
rank	kv-quoted	(set)	large-subject-throughput	plain	same program	pcrec_1989c62_vm-caps-simdna	measured	pinned	9	median_ns	35133170.956522	12	1.0000	0	0		
rank	kv-quoted	(set)	large-subject-throughput	plain	same program	pcrec_1989c62_vm-caps-simdna	measured	pinned	9	min_ns	35125859.478261	12	1.0000	0	0		
rank	kv-quoted	(set)	large-subject-throughput	plain	same program	pcrec_1989c62_vm-caps-simdna	measured	pinned	9	max_ns	35188760.782609	12	1.0000	0	0		
rank	kv-quoted	(set)	large-subject-throughput	plain	same program	pcrec_1989c62_vm-caps-simdna	measured	pinned	9	stddev_ns	23228.603396	12	1.0000	0	0		
rank	kv-quoted	(set)	large-subject-throughput	plain	same program	pcrec_1989c62_vm-caps-simdna	measured	pinned	9	ratio_vs_baseline	0.535159	12	1.0000	0	0		
rank	kv-quoted	(set)	large-subject-throughput	plain	same program	pcrec_1989c62_vm-caps-simdna	measured	pinned	9	ratio_vs_best	2.463453	12	1.0000	0	0		
rank	kv-quoted	(set)	large-subject-throughput	plain	same program	libpcre2_10.46_interp-caps-simdna	measured	pinned	10	median_ns	65649918.424242	12	1.0000	0	0		
rank	kv-quoted	(set)	large-subject-throughput	plain	same program	libpcre2_10.46_interp-caps-simdna	measured	pinned	10	min_ns	65616022.727273	12	1.0000	0	0		
rank	kv-quoted	(set)	large-subject-throughput	plain	same program	libpcre2_10.46_interp-caps-simdna	measured	pinned	10	max_ns	65759030.878788	12	1.0000	0	0		
rank	kv-quoted	(set)	large-subject-throughput	plain	same program	libpcre2_10.46_interp-caps-simdna	measured	pinned	10	stddev_ns	60116.289040	12	1.0000	0	0		
rank	kv-quoted	(set)	large-subject-throughput	plain	same program	libpcre2_10.46_interp-caps-simdna	measured	pinned	10	ratio_vs_baseline	1.000000	12	1.0000	0	0		
rank	kv-quoted	(set)	large-subject-throughput	plain	same program	libpcre2_10.46_interp-caps-simdna	measured	pinned	10	ratio_vs_best	4.603214	12	1.0000	0	0		
baseline	kv-quoted	(set)	short-subject-search			libpcre2_10.46_interp-caps-simdna				baseline_identity	interp					libpcre2_10.46_interp-caps-simdna (interp, present in this group)	
rank	kv-quoted	(set)	short-subject-search	plain	same program	libpcre2_10.46_jit-caps-simdna	measured	pinned	1	median_ns	334426.651888	112	1.0000	0	0		
rank	kv-quoted	(set)	short-subject-search	plain	same program	libpcre2_10.46_jit-caps-simdna	measured	pinned	1	min_ns	333573.819822	112	1.0000	0	0		
rank	kv-quoted	(set)	short-subject-search	plain	same program	libpcre2_10.46_jit-caps-simdna	measured	pinned	1	max_ns	334534.119630	112	1.0000	0	0		
rank	kv-quoted	(set)	short-subject-search	plain	same program	libpcre2_10.46_jit-caps-simdna	measured	pinned	1	stddev_ns	359.876707	112	1.0000	0	0		
rank	kv-quoted	(set)	short-subject-search	plain	same program	libpcre2_10.46_jit-caps-simdna	measured	pinned	1	ratio_vs_baseline	0.179545	112	1.0000	0	0		
rank	kv-quoted	(set)	short-subject-search	plain	same program	libpcre2_10.46_jit-caps-simdna	measured	pinned	1	ratio_vs_best	1.000000	112	1.0000	0	0		
rank	kv-quoted	(set)	short-subject-search	plain	same program	pcrec_d34c9131_auto-caps-simdna	measured	pinned	2	median_ns	505379.895036	112	1.0000	0	0		
rank	kv-quoted	(set)	short-subject-search	plain	same program	pcrec_d34c9131_auto-caps-simdna	measured	pinned	2	min_ns	501962.533004	112	1.0000	0	0		
rank	kv-quoted	(set)	short-subject-search	plain	same program	pcrec_d34c9131_auto-caps-simdna	measured	pinned	2	max_ns	511207.124239	112	1.0000	0	0		
rank	kv-quoted	(set)	short-subject-search	plain	same program	pcrec_d34c9131_auto-caps-simdna	measured	pinned	2	stddev_ns	3168.855962	112	1.0000	0	0		
rank	kv-quoted	(set)	short-subject-search	plain	same program	pcrec_d34c9131_auto-caps-simdna	measured	pinned	2	ratio_vs_baseline	0.271325	112	1.0000	0	0		
rank	kv-quoted	(set)	short-subject-search	plain	same program	pcrec_d34c9131_auto-caps-simdna	measured	pinned	2	ratio_vs_best	1.511183	112	1.0000	0	0		
rank	kv-quoted	(set)	short-subject-search	plain	same program	pcrec_25b1984f_auto-nocaps-simdna	measured	pinned	3	median_ns	512138.091756	112	1.0000	0	0		unchanged (within spread)
rank	kv-quoted	(set)	short-subject-search	plain	same program	pcrec_25b1984f_auto-nocaps-simdna	measured	pinned	3	min_ns	499752.107243	112	1.0000	0	0		unchanged (within spread)
rank	kv-quoted	(set)	short-subject-search	plain	same program	pcrec_25b1984f_auto-nocaps-simdna	measured	pinned	3	max_ns	520738.730556	112	1.0000	0	0		unchanged (within spread)
rank	kv-quoted	(set)	short-subject-search	plain	same program	pcrec_25b1984f_auto-nocaps-simdna	measured	pinned	3	stddev_ns	7904.715182	112	1.0000	0	0		unchanged (within spread)
rank	kv-quoted	(set)	short-subject-search	plain	same program	pcrec_25b1984f_auto-nocaps-simdna	measured	pinned	3	ratio_vs_baseline	0.274953	112	1.0000	0	0		unchanged (within spread)
rank	kv-quoted	(set)	short-subject-search	plain	same program	pcrec_25b1984f_auto-nocaps-simdna	measured	pinned	3	ratio_vs_best	1.531391	112	1.0000	0	0		unchanged (within spread)
rank	kv-quoted	(set)	short-subject-search	plain	same program	pcrec_25b1984f_auto-caps-simdna	measured	pinned	4	median_ns	512281.031466	112	1.0000	0	0		unchanged (within spread)
rank	kv-quoted	(set)	short-subject-search	plain	same program	pcrec_25b1984f_auto-caps-simdna	measured	pinned	4	min_ns	509697.063746	112	1.0000	0	0		unchanged (within spread)
rank	kv-quoted	(set)	short-subject-search	plain	same program	pcrec_25b1984f_auto-caps-simdna	measured	pinned	4	max_ns	520131.527465	112	1.0000	0	0		unchanged (within spread)
rank	kv-quoted	(set)	short-subject-search	plain	same program	pcrec_25b1984f_auto-caps-simdna	measured	pinned	4	stddev_ns	3737.193146	112	1.0000	0	0		unchanged (within spread)
rank	kv-quoted	(set)	short-subject-search	plain	same program	pcrec_25b1984f_auto-caps-simdna	measured	pinned	4	ratio_vs_baseline	0.275030	112	1.0000	0	0		unchanged (within spread)
rank	kv-quoted	(set)	short-subject-search	plain	same program	pcrec_25b1984f_auto-caps-simdna	measured	pinned	4	ratio_vs_best	1.531819	112	1.0000	0	0		unchanged (within spread)
rank	kv-quoted	(set)	short-subject-search	plain	same program	pcrec_1989c62_auto-nocaps-simdna	measured	pinned	5	median_ns	513180.326604	112	1.0000	0	0		
rank	kv-quoted	(set)	short-subject-search	plain	same program	pcrec_1989c62_auto-nocaps-simdna	measured	pinned	5	min_ns	501680.782423	112	1.0000	0	0		
rank	kv-quoted	(set)	short-subject-search	plain	same program	pcrec_1989c62_auto-nocaps-simdna	measured	pinned	5	max_ns	525348.661977	112	1.0000	0	0		
rank	kv-quoted	(set)	short-subject-search	plain	same program	pcrec_1989c62_auto-nocaps-simdna	measured	pinned	5	stddev_ns	8248.146850	112	1.0000	0	0		
rank	kv-quoted	(set)	short-subject-search	plain	same program	pcrec_1989c62_auto-nocaps-simdna	measured	pinned	5	ratio_vs_baseline	0.275513	112	1.0000	0	0		
rank	kv-quoted	(set)	short-subject-search	plain	same program	pcrec_1989c62_auto-nocaps-simdna	measured	pinned	5	ratio_vs_best	1.534508	112	1.0000	0	0		
rank	kv-quoted	(set)	short-subject-search	plain	same program	pcrec_25b1984f_vm-caps-simdna	measured	pinned	6	median_ns	1339843.406632	112	1.0000	0	0		unchanged (within spread)
rank	kv-quoted	(set)	short-subject-search	plain	same program	pcrec_25b1984f_vm-caps-simdna	measured	pinned	6	min_ns	1339091.732754	112	1.0000	0	0		unchanged (within spread)
rank	kv-quoted	(set)	short-subject-search	plain	same program	pcrec_25b1984f_vm-caps-simdna	measured	pinned	6	max_ns	1342676.221316	112	1.0000	0	0		unchanged (within spread)
rank	kv-quoted	(set)	short-subject-search	plain	same program	pcrec_25b1984f_vm-caps-simdna	measured	pinned	6	stddev_ns	1252.873585	112	1.0000	0	0		unchanged (within spread)
rank	kv-quoted	(set)	short-subject-search	plain	same program	pcrec_25b1984f_vm-caps-simdna	measured	pinned	6	ratio_vs_baseline	0.719327	112	1.0000	0	0		unchanged (within spread)
rank	kv-quoted	(set)	short-subject-search	plain	same program	pcrec_25b1984f_vm-caps-simdna	measured	pinned	6	ratio_vs_best	4.006389	112	1.0000	0	0		unchanged (within spread)
rank	kv-quoted	(set)	short-subject-search	plain	same program	pcrec_1989c62_vm-in-caps-simdna	measured	pinned	7	median_ns	1339939.373005	112	1.0000	0	0		
rank	kv-quoted	(set)	short-subject-search	plain	same program	pcrec_1989c62_vm-in-caps-simdna	measured	pinned	7	min_ns	1338920.297114	112	1.0000	0	0		
rank	kv-quoted	(set)	short-subject-search	plain	same program	pcrec_1989c62_vm-in-caps-simdna	measured	pinned	7	max_ns	1343278.386078	112	1.0000	0	0		
rank	kv-quoted	(set)	short-subject-search	plain	same program	pcrec_1989c62_vm-in-caps-simdna	measured	pinned	7	stddev_ns	1525.760599	112	1.0000	0	0		
rank	kv-quoted	(set)	short-subject-search	plain	same program	pcrec_1989c62_vm-in-caps-simdna	measured	pinned	7	ratio_vs_baseline	0.719378	112	1.0000	0	0		
rank	kv-quoted	(set)	short-subject-search	plain	same program	pcrec_1989c62_vm-in-caps-simdna	measured	pinned	7	ratio_vs_best	4.006676	112	1.0000	0	0		
rank	kv-quoted	(set)	short-subject-search	plain	same program	pcrec_25b1984f_vm-in-caps-simdna	measured	pinned	8	median_ns	1340169.886735	112	1.0000	0	0		unchanged (within spread)
rank	kv-quoted	(set)	short-subject-search	plain	same program	pcrec_25b1984f_vm-in-caps-simdna	measured	pinned	8	min_ns	1339503.175459	112	1.0000	0	0		unchanged (within spread)
rank	kv-quoted	(set)	short-subject-search	plain	same program	pcrec_25b1984f_vm-in-caps-simdna	measured	pinned	8	max_ns	1348049.002528	112	1.0000	0	0		unchanged (within spread)
rank	kv-quoted	(set)	short-subject-search	plain	same program	pcrec_25b1984f_vm-in-caps-simdna	measured	pinned	8	stddev_ns	3218.028649	112	1.0000	0	0		unchanged (within spread)
rank	kv-quoted	(set)	short-subject-search	plain	same program	pcrec_25b1984f_vm-in-caps-simdna	measured	pinned	8	ratio_vs_baseline	0.719502	112	1.0000	0	0		unchanged (within spread)
rank	kv-quoted	(set)	short-subject-search	plain	same program	pcrec_25b1984f_vm-in-caps-simdna	measured	pinned	8	ratio_vs_best	4.007366	112	1.0000	0	0		unchanged (within spread)
rank	kv-quoted	(set)	short-subject-search	plain	same program	pcrec_1989c62_vm-caps-simdna	measured	pinned	9	median_ns	1340492.036620	112	1.0000	0	0		
rank	kv-quoted	(set)	short-subject-search	plain	same program	pcrec_1989c62_vm-caps-simdna	measured	pinned	9	min_ns	1339973.293297	112	1.0000	0	0		
rank	kv-quoted	(set)	short-subject-search	plain	same program	pcrec_1989c62_vm-caps-simdna	measured	pinned	9	max_ns	1373642.238535	112	1.0000	0	0		
rank	kv-quoted	(set)	short-subject-search	plain	same program	pcrec_1989c62_vm-caps-simdna	measured	pinned	9	stddev_ns	13323.255664	112	1.0000	0	0		
rank	kv-quoted	(set)	short-subject-search	plain	same program	pcrec_1989c62_vm-caps-simdna	measured	pinned	9	ratio_vs_baseline	0.719675	112	1.0000	0	0		
rank	kv-quoted	(set)	short-subject-search	plain	same program	pcrec_1989c62_vm-caps-simdna	measured	pinned	9	ratio_vs_best	4.008329	112	1.0000	0	0		
rank	kv-quoted	(set)	short-subject-search	plain	same program	libpcre2_10.46_interp-caps-simdna	measured	pinned	10	median_ns	1862635.377660	112	1.0000	0	0		
rank	kv-quoted	(set)	short-subject-search	plain	same program	libpcre2_10.46_interp-caps-simdna	measured	pinned	10	min_ns	1858327.306738	112	1.0000	0	0		
rank	kv-quoted	(set)	short-subject-search	plain	same program	libpcre2_10.46_interp-caps-simdna	measured	pinned	10	max_ns	1866163.611259	112	1.0000	0	0		
rank	kv-quoted	(set)	short-subject-search	plain	same program	libpcre2_10.46_interp-caps-simdna	measured	pinned	10	stddev_ns	3072.356523	112	1.0000	0	0		
rank	kv-quoted	(set)	short-subject-search	plain	same program	libpcre2_10.46_interp-caps-simdna	measured	pinned	10	ratio_vs_baseline	1.000000	112	1.0000	0	0		
rank	kv-quoted	(set)	short-subject-search	plain	same program	libpcre2_10.46_interp-caps-simdna	measured	pinned	10	ratio_vs_best	5.569638	112	1.0000	0	0		
baseline	level-context	(set)	large-subject-throughput			libpcre2_10.46_interp-caps-simdna				baseline_identity	interp					libpcre2_10.46_interp-caps-simdna (interp, present in this group)	
rank	level-context	(set)	large-subject-throughput	plain	same program	libpcre2_10.46_jit-caps-simdna	measured	pinned	1	median_ns	3004496.489362	12	1.0000	0	0		
rank	level-context	(set)	large-subject-throughput	plain	same program	libpcre2_10.46_jit-caps-simdna	measured	pinned	1	min_ns	3002619.950355	12	1.0000	0	0		
rank	level-context	(set)	large-subject-throughput	plain	same program	libpcre2_10.46_jit-caps-simdna	measured	pinned	1	max_ns	3005422.840426	12	1.0000	0	0		
rank	level-context	(set)	large-subject-throughput	plain	same program	libpcre2_10.46_jit-caps-simdna	measured	pinned	1	stddev_ns	1195.146454	12	1.0000	0	0		
rank	level-context	(set)	large-subject-throughput	plain	same program	libpcre2_10.46_jit-caps-simdna	measured	pinned	1	ratio_vs_baseline	0.498900	12	1.0000	0	0		
rank	level-context	(set)	large-subject-throughput	plain	same program	libpcre2_10.46_jit-caps-simdna	measured	pinned	1	ratio_vs_best	1.000000	12	1.0000	0	0		
rank	level-context	(set)	large-subject-throughput	plain	same program	libpcre2_10.46_interp-caps-simdna	measured	pinned	2	median_ns	6022246.140351	12	1.0000	0	0		
rank	level-context	(set)	large-subject-throughput	plain	same program	libpcre2_10.46_interp-caps-simdna	measured	pinned	2	min_ns	5960655.947368	12	1.0000	0	0		
rank	level-context	(set)	large-subject-throughput	plain	same program	libpcre2_10.46_interp-caps-simdna	measured	pinned	2	max_ns	6049303.029240	12	1.0000	0	0		
rank	level-context	(set)	large-subject-throughput	plain	same program	libpcre2_10.46_interp-caps-simdna	measured	pinned	2	stddev_ns	32577.382346	12	1.0000	0	0		
rank	level-context	(set)	large-subject-throughput	plain	same program	libpcre2_10.46_interp-caps-simdna	measured	pinned	2	ratio_vs_baseline	1.000000	12	1.0000	0	0		
rank	level-context	(set)	large-subject-throughput	plain	same program	libpcre2_10.46_interp-caps-simdna	measured	pinned	2	ratio_vs_best	2.004411	12	1.0000	0	0		
rank	level-context	(set)	large-subject-throughput	plain	same program	pcrec_25b1984f_auto-nocaps-simdna	measured	pinned	3	median_ns	11025210.481013	12	1.0000	0	0		unchanged (within spread)
rank	level-context	(set)	large-subject-throughput	plain	same program	pcrec_25b1984f_auto-nocaps-simdna	measured	pinned	3	min_ns	11023207.936709	12	1.0000	0	0		unchanged (within spread)
rank	level-context	(set)	large-subject-throughput	plain	same program	pcrec_25b1984f_auto-nocaps-simdna	measured	pinned	3	max_ns	11029908.848101	12	1.0000	0	0		unchanged (within spread)
rank	level-context	(set)	large-subject-throughput	plain	same program	pcrec_25b1984f_auto-nocaps-simdna	measured	pinned	3	stddev_ns	2421.221405	12	1.0000	0	0		unchanged (within spread)
rank	level-context	(set)	large-subject-throughput	plain	same program	pcrec_25b1984f_auto-nocaps-simdna	measured	pinned	3	ratio_vs_baseline	1.830747	12	1.0000	0	0		unchanged (within spread)
rank	level-context	(set)	large-subject-throughput	plain	same program	pcrec_25b1984f_auto-nocaps-simdna	measured	pinned	3	ratio_vs_best	3.669570	12	1.0000	0	0		unchanged (within spread)
rank	level-context	(set)	large-subject-throughput	plain	same program	pcrec_25b1984f_auto-caps-simdna	measured	pinned	4	median_ns	11033386.835443	12	1.0000	0	0		unchanged (within spread)
rank	level-context	(set)	large-subject-throughput	plain	same program	pcrec_25b1984f_auto-caps-simdna	measured	pinned	4	min_ns	11030199.860759	12	1.0000	0	0		unchanged (within spread)
rank	level-context	(set)	large-subject-throughput	plain	same program	pcrec_25b1984f_auto-caps-simdna	measured	pinned	4	max_ns	11036124.835443	12	1.0000	0	0		unchanged (within spread)
rank	level-context	(set)	large-subject-throughput	plain	same program	pcrec_25b1984f_auto-caps-simdna	measured	pinned	4	stddev_ns	2218.279837	12	1.0000	0	0		unchanged (within spread)
rank	level-context	(set)	large-subject-throughput	plain	same program	pcrec_25b1984f_auto-caps-simdna	measured	pinned	4	ratio_vs_baseline	1.832105	12	1.0000	0	0		unchanged (within spread)
rank	level-context	(set)	large-subject-throughput	plain	same program	pcrec_25b1984f_auto-caps-simdna	measured	pinned	4	ratio_vs_best	3.672291	12	1.0000	0	0		unchanged (within spread)
rank	level-context	(set)	large-subject-throughput	plain	same program	pcrec_d34c9131_auto-caps-simdna	measured	pinned	5	median_ns	11035670.402597	12	1.0000	0	0		
rank	level-context	(set)	large-subject-throughput	plain	same program	pcrec_d34c9131_auto-caps-simdna	measured	pinned	5	min_ns	11015715.987013	12	1.0000	0	0		
rank	level-context	(set)	large-subject-throughput	plain	same program	pcrec_d34c9131_auto-caps-simdna	measured	pinned	5	max_ns	11060328.727273	12	1.0000	0	0		
rank	level-context	(set)	large-subject-throughput	plain	same program	pcrec_d34c9131_auto-caps-simdna	measured	pinned	5	stddev_ns	15635.841494	12	1.0000	0	0		
rank	level-context	(set)	large-subject-throughput	plain	same program	pcrec_d34c9131_auto-caps-simdna	measured	pinned	5	ratio_vs_baseline	1.832484	12	1.0000	0	0		
rank	level-context	(set)	large-subject-throughput	plain	same program	pcrec_d34c9131_auto-caps-simdna	measured	pinned	5	ratio_vs_best	3.673052	12	1.0000	0	0		
rank	level-context	(set)	large-subject-throughput	plain	same program	pcrec_1989c62_auto-nocaps-simdna	measured	pinned	6	median_ns	11051106.151899	12	1.0000	0	0		
rank	level-context	(set)	large-subject-throughput	plain	same program	pcrec_1989c62_auto-nocaps-simdna	measured	pinned	6	min_ns	11045483.974684	12	1.0000	0	0		
rank	level-context	(set)	large-subject-throughput	plain	same program	pcrec_1989c62_auto-nocaps-simdna	measured	pinned	6	max_ns	11092713.367089	12	1.0000	0	0		
rank	level-context	(set)	large-subject-throughput	plain	same program	pcrec_1989c62_auto-nocaps-simdna	measured	pinned	6	stddev_ns	18633.352633	12	1.0000	0	0		
rank	level-context	(set)	large-subject-throughput	plain	same program	pcrec_1989c62_auto-nocaps-simdna	measured	pinned	6	ratio_vs_baseline	1.835047	12	1.0000	0	0		
rank	level-context	(set)	large-subject-throughput	plain	same program	pcrec_1989c62_auto-nocaps-simdna	measured	pinned	6	ratio_vs_best	3.678189	12	1.0000	0	0		
rank	level-context	(set)	large-subject-throughput	plain	same program	pcrec_25b1984f_vm-caps-simdna	measured	pinned	7	median_ns	28804545.379310	12	1.0000	0	0		faster ×1.42
rank	level-context	(set)	large-subject-throughput	plain	same program	pcrec_25b1984f_vm-caps-simdna	measured	pinned	7	min_ns	28772537.275862	12	1.0000	0	0		faster ×1.42
rank	level-context	(set)	large-subject-throughput	plain	same program	pcrec_25b1984f_vm-caps-simdna	measured	pinned	7	max_ns	29162993.758621	12	1.0000	0	0		faster ×1.42
rank	level-context	(set)	large-subject-throughput	plain	same program	pcrec_25b1984f_vm-caps-simdna	measured	pinned	7	stddev_ns	144217.388413	12	1.0000	0	0		faster ×1.42
rank	level-context	(set)	large-subject-throughput	plain	same program	pcrec_25b1984f_vm-caps-simdna	measured	pinned	7	ratio_vs_baseline	4.783024	12	1.0000	0	0		faster ×1.42
rank	level-context	(set)	large-subject-throughput	plain	same program	pcrec_25b1984f_vm-caps-simdna	measured	pinned	7	ratio_vs_best	9.587146	12	1.0000	0	0		faster ×1.42
rank	level-context	(set)	large-subject-throughput	plain	same program	pcrec_25b1984f_vm-in-caps-simdna	measured	pinned	8	median_ns	28861852.275862	12	1.0000	0	0		faster ×1.42
rank	level-context	(set)	large-subject-throughput	plain	same program	pcrec_25b1984f_vm-in-caps-simdna	measured	pinned	8	min_ns	28804821.275862	12	1.0000	0	0		faster ×1.42
rank	level-context	(set)	large-subject-throughput	plain	same program	pcrec_25b1984f_vm-in-caps-simdna	measured	pinned	8	max_ns	28890241.379310	12	1.0000	0	0		faster ×1.42
rank	level-context	(set)	large-subject-throughput	plain	same program	pcrec_25b1984f_vm-in-caps-simdna	measured	pinned	8	stddev_ns	30734.900281	12	1.0000	0	0		faster ×1.42
rank	level-context	(set)	large-subject-throughput	plain	same program	pcrec_25b1984f_vm-in-caps-simdna	measured	pinned	8	ratio_vs_baseline	4.792539	12	1.0000	0	0		faster ×1.42
rank	level-context	(set)	large-subject-throughput	plain	same program	pcrec_25b1984f_vm-in-caps-simdna	measured	pinned	8	ratio_vs_best	9.606219	12	1.0000	0	0		faster ×1.42
rank	level-context	(set)	large-subject-throughput	plain	same program	pcrec_1989c62_vm-caps-simdna	measured	pinned	9	median_ns	40952257.300000	12	1.0000	0	0		
rank	level-context	(set)	large-subject-throughput	plain	same program	pcrec_1989c62_vm-caps-simdna	measured	pinned	9	min_ns	40829713.550000	12	1.0000	0	0		
rank	level-context	(set)	large-subject-throughput	plain	same program	pcrec_1989c62_vm-caps-simdna	measured	pinned	9	max_ns	41054323.450000	12	1.0000	0	0		
rank	level-context	(set)	large-subject-throughput	plain	same program	pcrec_1989c62_vm-caps-simdna	measured	pinned	9	stddev_ns	96495.191756	12	1.0000	0	0		
rank	level-context	(set)	large-subject-throughput	plain	same program	pcrec_1989c62_vm-caps-simdna	measured	pinned	9	ratio_vs_baseline	6.800163	12	1.0000	0	0		
rank	level-context	(set)	large-subject-throughput	plain	same program	pcrec_1989c62_vm-caps-simdna	measured	pinned	9	ratio_vs_best	13.630323	12	1.0000	0	0		
rank	level-context	(set)	large-subject-throughput	plain	same program	pcrec_1989c62_vm-in-caps-simdna	measured	pinned	10	median_ns	40955065.300000	12	1.0000	0	0		
rank	level-context	(set)	large-subject-throughput	plain	same program	pcrec_1989c62_vm-in-caps-simdna	measured	pinned	10	min_ns	40846789.200000	12	1.0000	0	0		
rank	level-context	(set)	large-subject-throughput	plain	same program	pcrec_1989c62_vm-in-caps-simdna	measured	pinned	10	max_ns	40984496.500000	12	1.0000	0	0		
rank	level-context	(set)	large-subject-throughput	plain	same program	pcrec_1989c62_vm-in-caps-simdna	measured	pinned	10	stddev_ns	50242.109596	12	1.0000	0	0		
rank	level-context	(set)	large-subject-throughput	plain	same program	pcrec_1989c62_vm-in-caps-simdna	measured	pinned	10	ratio_vs_baseline	6.800630	12	1.0000	0	0		
rank	level-context	(set)	large-subject-throughput	plain	same program	pcrec_1989c62_vm-in-caps-simdna	measured	pinned	10	ratio_vs_best	13.631257	12	1.0000	0	0		
baseline	level-context	(set)	short-subject-search			libpcre2_10.46_interp-caps-simdna				baseline_identity	interp					libpcre2_10.46_interp-caps-simdna (interp, present in this group)	
rank	level-context	(set)	short-subject-search	plain	same program	libpcre2_10.46_jit-caps-simdna	measured	pinned	1	median_ns	115086.665475	112	1.0000	0	0		
rank	level-context	(set)	short-subject-search	plain	same program	libpcre2_10.46_jit-caps-simdna	measured	pinned	1	min_ns	115048.459139	112	1.0000	0	0		
rank	level-context	(set)	short-subject-search	plain	same program	libpcre2_10.46_jit-caps-simdna	measured	pinned	1	max_ns	115441.216202	112	1.0000	0	0		
rank	level-context	(set)	short-subject-search	plain	same program	libpcre2_10.46_jit-caps-simdna	measured	pinned	1	stddev_ns	145.100105	112	1.0000	0	0		
rank	level-context	(set)	short-subject-search	plain	same program	libpcre2_10.46_jit-caps-simdna	measured	pinned	1	ratio_vs_baseline	0.533918	112	1.0000	0	0		
rank	level-context	(set)	short-subject-search	plain	same program	libpcre2_10.46_jit-caps-simdna	measured	pinned	1	ratio_vs_best	1.000000	112	1.0000	0	0		
rank	level-context	(set)	short-subject-search	plain	same program	libpcre2_10.46_interp-caps-simdna	measured	pinned	2	median_ns	215551.094816	112	1.0000	0	0		
rank	level-context	(set)	short-subject-search	plain	same program	libpcre2_10.46_interp-caps-simdna	measured	pinned	2	min_ns	215237.669437	112	1.0000	0	0		
rank	level-context	(set)	short-subject-search	plain	same program	libpcre2_10.46_interp-caps-simdna	measured	pinned	2	max_ns	215844.306797	112	1.0000	0	0		
rank	level-context	(set)	short-subject-search	plain	same program	libpcre2_10.46_interp-caps-simdna	measured	pinned	2	stddev_ns	243.646171	112	1.0000	0	0		
rank	level-context	(set)	short-subject-search	plain	same program	libpcre2_10.46_interp-caps-simdna	measured	pinned	2	ratio_vs_baseline	1.000000	112	1.0000	0	0		
rank	level-context	(set)	short-subject-search	plain	same program	libpcre2_10.46_interp-caps-simdna	measured	pinned	2	ratio_vs_best	1.872946	112	1.0000	0	0		
rank	level-context	(set)	short-subject-search	plain	same program	pcrec_25b1984f_auto-caps-simdna	measured	pinned	3	median_ns	333404.710027	112	1.0000	0	0		unchanged (within spread)
rank	level-context	(set)	short-subject-search	plain	same program	pcrec_25b1984f_auto-caps-simdna	measured	pinned	3	min_ns	332763.258649	112	1.0000	0	0		unchanged (within spread)
rank	level-context	(set)	short-subject-search	plain	same program	pcrec_25b1984f_auto-caps-simdna	measured	pinned	3	max_ns	334032.967122	112	1.0000	0	0		unchanged (within spread)
rank	level-context	(set)	short-subject-search	plain	same program	pcrec_25b1984f_auto-caps-simdna	measured	pinned	3	stddev_ns	476.678130	112	1.0000	0	0		unchanged (within spread)
rank	level-context	(set)	short-subject-search	plain	same program	pcrec_25b1984f_auto-caps-simdna	measured	pinned	3	ratio_vs_baseline	1.546755	112	1.0000	0	0		unchanged (within spread)
rank	level-context	(set)	short-subject-search	plain	same program	pcrec_25b1984f_auto-caps-simdna	measured	pinned	3	ratio_vs_best	2.896988	112	1.0000	0	0		unchanged (within spread)
rank	level-context	(set)	short-subject-search	plain	same program	pcrec_25b1984f_auto-nocaps-simdna	measured	pinned	4	median_ns	333437.968975	112	1.0000	0	0		unchanged (within spread)
rank	level-context	(set)	short-subject-search	plain	same program	pcrec_25b1984f_auto-nocaps-simdna	measured	pinned	4	min_ns	333072.850477	112	1.0000	0	0		unchanged (within spread)
rank	level-context	(set)	short-subject-search	plain	same program	pcrec_25b1984f_auto-nocaps-simdna	measured	pinned	4	max_ns	334151.923608	112	1.0000	0	0		unchanged (within spread)
rank	level-context	(set)	short-subject-search	plain	same program	pcrec_25b1984f_auto-nocaps-simdna	measured	pinned	4	stddev_ns	414.773321	112	1.0000	0	0		unchanged (within spread)
rank	level-context	(set)	short-subject-search	plain	same program	pcrec_25b1984f_auto-nocaps-simdna	measured	pinned	4	ratio_vs_baseline	1.546909	112	1.0000	0	0		unchanged (within spread)
rank	level-context	(set)	short-subject-search	plain	same program	pcrec_25b1984f_auto-nocaps-simdna	measured	pinned	4	ratio_vs_best	2.897277	112	1.0000	0	0		unchanged (within spread)
rank	level-context	(set)	short-subject-search	plain	same program	pcrec_d34c9131_auto-caps-simdna	measured	pinned	5	median_ns	333473.668351	112	1.0000	0	0		
rank	level-context	(set)	short-subject-search	plain	same program	pcrec_d34c9131_auto-caps-simdna	measured	pinned	5	min_ns	333312.853263	112	1.0000	0	0		
rank	level-context	(set)	short-subject-search	plain	same program	pcrec_d34c9131_auto-caps-simdna	measured	pinned	5	max_ns	334311.828854	112	1.0000	0	0		
rank	level-context	(set)	short-subject-search	plain	same program	pcrec_d34c9131_auto-caps-simdna	measured	pinned	5	stddev_ns	380.274315	112	1.0000	0	0		
rank	level-context	(set)	short-subject-search	plain	same program	pcrec_d34c9131_auto-caps-simdna	measured	pinned	5	ratio_vs_baseline	1.547075	112	1.0000	0	0		
rank	level-context	(set)	short-subject-search	plain	same program	pcrec_d34c9131_auto-caps-simdna	measured	pinned	5	ratio_vs_best	2.897587	112	1.0000	0	0		
rank	level-context	(set)	short-subject-search	plain	same program	pcrec_1989c62_auto-nocaps-simdna	measured	pinned	6	median_ns	334100.412568	112	1.0000	0	0		
rank	level-context	(set)	short-subject-search	plain	same program	pcrec_1989c62_auto-nocaps-simdna	measured	pinned	6	min_ns	333824.013941	112	1.0000	0	0		
rank	level-context	(set)	short-subject-search	plain	same program	pcrec_1989c62_auto-nocaps-simdna	measured	pinned	6	max_ns	334875.118394	112	1.0000	0	0		
rank	level-context	(set)	short-subject-search	plain	same program	pcrec_1989c62_auto-nocaps-simdna	measured	pinned	6	stddev_ns	444.435610	112	1.0000	0	0		
rank	level-context	(set)	short-subject-search	plain	same program	pcrec_1989c62_auto-nocaps-simdna	measured	pinned	6	ratio_vs_baseline	1.549982	112	1.0000	0	0		
rank	level-context	(set)	short-subject-search	plain	same program	pcrec_1989c62_auto-nocaps-simdna	measured	pinned	6	ratio_vs_best	2.903033	112	1.0000	0	0		
rank	level-context	(set)	short-subject-search	plain	same program	pcrec_25b1984f_vm-in-caps-simdna	measured	pinned	7	median_ns	1107296.076836	112	1.0000	0	0		faster ×1.39
rank	level-context	(set)	short-subject-search	plain	same program	pcrec_25b1984f_vm-in-caps-simdna	measured	pinned	7	min_ns	1106674.976130	112	1.0000	0	0		faster ×1.39
rank	level-context	(set)	short-subject-search	plain	same program	pcrec_25b1984f_vm-in-caps-simdna	measured	pinned	7	max_ns	1110041.660452	112	1.0000	0	0		faster ×1.39
rank	level-context	(set)	short-subject-search	plain	same program	pcrec_25b1984f_vm-in-caps-simdna	measured	pinned	7	stddev_ns	1205.136562	112	1.0000	0	0		faster ×1.39
rank	level-context	(set)	short-subject-search	plain	same program	pcrec_25b1984f_vm-in-caps-simdna	measured	pinned	7	ratio_vs_baseline	5.137047	112	1.0000	0	0		faster ×1.39
rank	level-context	(set)	short-subject-search	plain	same program	pcrec_25b1984f_vm-in-caps-simdna	measured	pinned	7	ratio_vs_best	9.621411	112	1.0000	0	0		faster ×1.39
rank	level-context	(set)	short-subject-search	plain	same program	pcrec_25b1984f_vm-caps-simdna	measured	pinned	8	median_ns	1107691.694133	112	1.0000	0	0		faster ×1.39
rank	level-context	(set)	short-subject-search	plain	same program	pcrec_25b1984f_vm-caps-simdna	measured	pinned	8	min_ns	1106770.197923	112	1.0000	0	0		faster ×1.39
rank	level-context	(set)	short-subject-search	plain	same program	pcrec_25b1984f_vm-caps-simdna	measured	pinned	8	max_ns	1109021.881106	112	1.0000	0	0		faster ×1.39
rank	level-context	(set)	short-subject-search	plain	same program	pcrec_25b1984f_vm-caps-simdna	measured	pinned	8	stddev_ns	794.456974	112	1.0000	0	0		faster ×1.39
rank	level-context	(set)	short-subject-search	plain	same program	pcrec_25b1984f_vm-caps-simdna	measured	pinned	8	ratio_vs_baseline	5.138882	112	1.0000	0	0		faster ×1.39
rank	level-context	(set)	short-subject-search	plain	same program	pcrec_25b1984f_vm-caps-simdna	measured	pinned	8	ratio_vs_best	9.624848	112	1.0000	0	0		faster ×1.39
rank	level-context	(set)	short-subject-search	plain	same program	pcrec_1989c62_vm-caps-simdna	measured	pinned	9	median_ns	1542781.073869	112	1.0000	0	0		
rank	level-context	(set)	short-subject-search	plain	same program	pcrec_1989c62_vm-caps-simdna	measured	pinned	9	min_ns	1540887.839091	112	1.0000	0	0		
rank	level-context	(set)	short-subject-search	plain	same program	pcrec_1989c62_vm-caps-simdna	measured	pinned	9	max_ns	1548827.702233	112	1.0000	0	0		
rank	level-context	(set)	short-subject-search	plain	same program	pcrec_1989c62_vm-caps-simdna	measured	pinned	9	stddev_ns	2840.529944	112	1.0000	0	0		
rank	level-context	(set)	short-subject-search	plain	same program	pcrec_1989c62_vm-caps-simdna	measured	pinned	9	ratio_vs_baseline	7.157380	112	1.0000	0	0		
rank	level-context	(set)	short-subject-search	plain	same program	pcrec_1989c62_vm-caps-simdna	measured	pinned	9	ratio_vs_best	13.405385	112	1.0000	0	0		
rank	level-context	(set)	short-subject-search	plain	same program	pcrec_1989c62_vm-in-caps-simdna	measured	pinned	10	median_ns	1543051.121784	112	1.0000	0	0		
rank	level-context	(set)	short-subject-search	plain	same program	pcrec_1989c62_vm-in-caps-simdna	measured	pinned	10	min_ns	1541944.193253	112	1.0000	0	0		
rank	level-context	(set)	short-subject-search	plain	same program	pcrec_1989c62_vm-in-caps-simdna	measured	pinned	10	max_ns	1543664.676196	112	1.0000	0	0		
rank	level-context	(set)	short-subject-search	plain	same program	pcrec_1989c62_vm-in-caps-simdna	measured	pinned	10	stddev_ns	655.306548	112	1.0000	0	0		
rank	level-context	(set)	short-subject-search	plain	same program	pcrec_1989c62_vm-in-caps-simdna	measured	pinned	10	ratio_vs_baseline	7.158633	112	1.0000	0	0		
rank	level-context	(set)	short-subject-search	plain	same program	pcrec_1989c62_vm-in-caps-simdna	measured	pinned	10	ratio_vs_best	13.407732	112	1.0000	0	0		
baseline	stack-frame	(set)	large-subject-throughput			libpcre2_10.46_interp-caps-simdna				baseline_identity	interp					libpcre2_10.46_interp-caps-simdna (interp, present in this group)	
rank	stack-frame	(set)	large-subject-throughput	plain	same program	libpcre2_10.46_jit-caps-simdna	measured	pinned	1	median_ns	475090.818215	12	1.0000	0	0		
rank	stack-frame	(set)	large-subject-throughput	plain	same program	libpcre2_10.46_jit-caps-simdna	measured	pinned	1	min_ns	475015.480980	12	1.0000	0	0		
rank	stack-frame	(set)	large-subject-throughput	plain	same program	libpcre2_10.46_jit-caps-simdna	measured	pinned	1	max_ns	476292.014265	12	1.0000	0	0		
rank	stack-frame	(set)	large-subject-throughput	plain	same program	libpcre2_10.46_jit-caps-simdna	measured	pinned	1	stddev_ns	480.819562	12	1.0000	0	0		
rank	stack-frame	(set)	large-subject-throughput	plain	same program	libpcre2_10.46_jit-caps-simdna	measured	pinned	1	ratio_vs_baseline	0.094104	12	1.0000	0	0		
rank	stack-frame	(set)	large-subject-throughput	plain	same program	libpcre2_10.46_jit-caps-simdna	measured	pinned	1	ratio_vs_best	1.000000	12	1.0000	0	0		
rank	stack-frame	(set)	large-subject-throughput	plain	same program	pcrec_d34c9131_auto-caps-simdna	measured	pinned	2	median_ns	1843274.723769	12	1.0000	0	0		
rank	stack-frame	(set)	large-subject-throughput	plain	same program	pcrec_d34c9131_auto-caps-simdna	measured	pinned	2	min_ns	1842195.361884	12	1.0000	0	0		
rank	stack-frame	(set)	large-subject-throughput	plain	same program	pcrec_d34c9131_auto-caps-simdna	measured	pinned	2	max_ns	1846932.905782	12	1.0000	0	0		
rank	stack-frame	(set)	large-subject-throughput	plain	same program	pcrec_d34c9131_auto-caps-simdna	measured	pinned	2	stddev_ns	2030.764602	12	1.0000	0	0		
rank	stack-frame	(set)	large-subject-throughput	plain	same program	pcrec_d34c9131_auto-caps-simdna	measured	pinned	2	ratio_vs_baseline	0.365107	12	1.0000	0	0		
rank	stack-frame	(set)	large-subject-throughput	plain	same program	pcrec_d34c9131_auto-caps-simdna	measured	pinned	2	ratio_vs_best	3.879837	12	1.0000	0	0		
rank	stack-frame	(set)	large-subject-throughput	plain	same program	pcrec_1989c62_auto-nocaps-simdna	measured	pinned	3	median_ns	1843517.182203	12	1.0000	0	0		
rank	stack-frame	(set)	large-subject-throughput	plain	same program	pcrec_1989c62_auto-nocaps-simdna	measured	pinned	3	min_ns	1840868.794492	12	1.0000	0	0		
rank	stack-frame	(set)	large-subject-throughput	plain	same program	pcrec_1989c62_auto-nocaps-simdna	measured	pinned	3	max_ns	1845522.974576	12	1.0000	0	0		
rank	stack-frame	(set)	large-subject-throughput	plain	same program	pcrec_1989c62_auto-nocaps-simdna	measured	pinned	3	stddev_ns	1498.173404	12	1.0000	0	0		
rank	stack-frame	(set)	large-subject-throughput	plain	same program	pcrec_1989c62_auto-nocaps-simdna	measured	pinned	3	ratio_vs_baseline	0.365155	12	1.0000	0	0		
rank	stack-frame	(set)	large-subject-throughput	plain	same program	pcrec_1989c62_auto-nocaps-simdna	measured	pinned	3	ratio_vs_best	3.880347	12	1.0000	0	0		
rank	stack-frame	(set)	large-subject-throughput	plain	same program	pcrec_25b1984f_auto-nocaps-simdna	measured	pinned	4	median_ns	1845506.853503	12	1.0000	0	0		unchanged (within spread)
rank	stack-frame	(set)	large-subject-throughput	plain	same program	pcrec_25b1984f_auto-nocaps-simdna	measured	pinned	4	min_ns	1843557.138004	12	1.0000	0	0		unchanged (within spread)
rank	stack-frame	(set)	large-subject-throughput	plain	same program	pcrec_25b1984f_auto-nocaps-simdna	measured	pinned	4	max_ns	1848958.316348	12	1.0000	0	0		unchanged (within spread)
rank	stack-frame	(set)	large-subject-throughput	plain	same program	pcrec_25b1984f_auto-nocaps-simdna	measured	pinned	4	stddev_ns	2046.168219	12	1.0000	0	0		unchanged (within spread)
rank	stack-frame	(set)	large-subject-throughput	plain	same program	pcrec_25b1984f_auto-nocaps-simdna	measured	pinned	4	ratio_vs_baseline	0.365549	12	1.0000	0	0		unchanged (within spread)
rank	stack-frame	(set)	large-subject-throughput	plain	same program	pcrec_25b1984f_auto-nocaps-simdna	measured	pinned	4	ratio_vs_best	3.884535	12	1.0000	0	0		unchanged (within spread)
rank	stack-frame	(set)	large-subject-throughput	plain	same program	pcrec_25b1984f_auto-caps-simdna	measured	pinned	5	median_ns	1846619.365751	12	1.0000	0	0		unchanged (within spread)
rank	stack-frame	(set)	large-subject-throughput	plain	same program	pcrec_25b1984f_auto-caps-simdna	measured	pinned	5	min_ns	1844419.308668	12	1.0000	0	0		unchanged (within spread)
rank	stack-frame	(set)	large-subject-throughput	plain	same program	pcrec_25b1984f_auto-caps-simdna	measured	pinned	5	max_ns	1849084.494715	12	1.0000	0	0		unchanged (within spread)
rank	stack-frame	(set)	large-subject-throughput	plain	same program	pcrec_25b1984f_auto-caps-simdna	measured	pinned	5	stddev_ns	1494.504096	12	1.0000	0	0		unchanged (within spread)
rank	stack-frame	(set)	large-subject-throughput	plain	same program	pcrec_25b1984f_auto-caps-simdna	measured	pinned	5	ratio_vs_baseline	0.365770	12	1.0000	0	0		unchanged (within spread)
rank	stack-frame	(set)	large-subject-throughput	plain	same program	pcrec_25b1984f_auto-caps-simdna	measured	pinned	5	ratio_vs_best	3.886877	12	1.0000	0	0		unchanged (within spread)
rank	stack-frame	(set)	large-subject-throughput	plain	same program	libpcre2_10.46_interp-caps-simdna	measured	pinned	6	median_ns	5048586.434783	12	1.0000	0	0		
rank	stack-frame	(set)	large-subject-throughput	plain	same program	libpcre2_10.46_interp-caps-simdna	measured	pinned	6	min_ns	5029502.102174	12	1.0000	0	0		
rank	stack-frame	(set)	large-subject-throughput	plain	same program	libpcre2_10.46_interp-caps-simdna	measured	pinned	6	max_ns	5077655.582609	12	1.0000	0	0		
rank	stack-frame	(set)	large-subject-throughput	plain	same program	libpcre2_10.46_interp-caps-simdna	measured	pinned	6	stddev_ns	18020.386895	12	1.0000	0	0		
rank	stack-frame	(set)	large-subject-throughput	plain	same program	libpcre2_10.46_interp-caps-simdna	measured	pinned	6	ratio_vs_baseline	1.000000	12	1.0000	0	0		
rank	stack-frame	(set)	large-subject-throughput	plain	same program	libpcre2_10.46_interp-caps-simdna	measured	pinned	6	ratio_vs_best	10.626571	12	1.0000	0	0		
rank	stack-frame	(set)	large-subject-throughput	plain	same program	pcrec_1989c62_vm-caps-simdna	measured	pinned	7	median_ns	29171525.071429	12	1.0000	0	0		
rank	stack-frame	(set)	large-subject-throughput	plain	same program	pcrec_1989c62_vm-caps-simdna	measured	pinned	7	min_ns	29153686.428571	12	1.0000	0	0		
rank	stack-frame	(set)	large-subject-throughput	plain	same program	pcrec_1989c62_vm-caps-simdna	measured	pinned	7	max_ns	29202079.964286	12	1.0000	0	0		
rank	stack-frame	(set)	large-subject-throughput	plain	same program	pcrec_1989c62_vm-caps-simdna	measured	pinned	7	stddev_ns	15858.549712	12	1.0000	0	0		
rank	stack-frame	(set)	large-subject-throughput	plain	same program	pcrec_1989c62_vm-caps-simdna	measured	pinned	7	ratio_vs_baseline	5.778157	12	1.0000	0	0		
rank	stack-frame	(set)	large-subject-throughput	plain	same program	pcrec_1989c62_vm-caps-simdna	measured	pinned	7	ratio_vs_best	61.401997	12	1.0000	0	0		
rank	stack-frame	(set)	large-subject-throughput	plain	same program	pcrec_25b1984f_vm-in-caps-simdna	measured	pinned	8	median_ns	29207207.678571	12	1.0000	0	0		faster ×1.00
rank	stack-frame	(set)	large-subject-throughput	plain	same program	pcrec_25b1984f_vm-in-caps-simdna	measured	pinned	8	min_ns	29182811.428571	12	1.0000	0	0		faster ×1.00
rank	stack-frame	(set)	large-subject-throughput	plain	same program	pcrec_25b1984f_vm-in-caps-simdna	measured	pinned	8	max_ns	29219594.500000	12	1.0000	0	0		faster ×1.00
rank	stack-frame	(set)	large-subject-throughput	plain	same program	pcrec_25b1984f_vm-in-caps-simdna	measured	pinned	8	stddev_ns	12040.924152	12	1.0000	0	0		faster ×1.00
rank	stack-frame	(set)	large-subject-throughput	plain	same program	pcrec_25b1984f_vm-in-caps-simdna	measured	pinned	8	ratio_vs_baseline	5.785225	12	1.0000	0	0		faster ×1.00
rank	stack-frame	(set)	large-subject-throughput	plain	same program	pcrec_25b1984f_vm-in-caps-simdna	measured	pinned	8	ratio_vs_best	61.477104	12	1.0000	0	0		faster ×1.00
rank	stack-frame	(set)	large-subject-throughput	plain	same program	pcrec_25b1984f_vm-caps-simdna	measured	pinned	9	median_ns	29211303.464286	12	1.0000	0	0		unchanged (within spread)
rank	stack-frame	(set)	large-subject-throughput	plain	same program	pcrec_25b1984f_vm-caps-simdna	measured	pinned	9	min_ns	29174486.500000	12	1.0000	0	0		unchanged (within spread)
rank	stack-frame	(set)	large-subject-throughput	plain	same program	pcrec_25b1984f_vm-caps-simdna	measured	pinned	9	max_ns	29623661.285714	12	1.0000	0	0		unchanged (within spread)
rank	stack-frame	(set)	large-subject-throughput	plain	same program	pcrec_25b1984f_vm-caps-simdna	measured	pinned	9	stddev_ns	166922.974590	12	1.0000	0	0		unchanged (within spread)
rank	stack-frame	(set)	large-subject-throughput	plain	same program	pcrec_25b1984f_vm-caps-simdna	measured	pinned	9	ratio_vs_baseline	5.786036	12	1.0000	0	0		unchanged (within spread)
rank	stack-frame	(set)	large-subject-throughput	plain	same program	pcrec_25b1984f_vm-caps-simdna	measured	pinned	9	ratio_vs_best	61.485725	12	1.0000	0	0		unchanged (within spread)
rank	stack-frame	(set)	large-subject-throughput	plain	same program	pcrec_1989c62_vm-in-caps-simdna	measured	pinned	10	median_ns	29231821.928571	12	1.0000	0	0		
rank	stack-frame	(set)	large-subject-throughput	plain	same program	pcrec_1989c62_vm-in-caps-simdna	measured	pinned	10	min_ns	29218488.928571	12	1.0000	0	0		
rank	stack-frame	(set)	large-subject-throughput	plain	same program	pcrec_1989c62_vm-in-caps-simdna	measured	pinned	10	max_ns	29242663.678571	12	1.0000	0	0		
rank	stack-frame	(set)	large-subject-throughput	plain	same program	pcrec_1989c62_vm-in-caps-simdna	measured	pinned	10	stddev_ns	10197.582091	12	1.0000	0	0		
rank	stack-frame	(set)	large-subject-throughput	plain	same program	pcrec_1989c62_vm-in-caps-simdna	measured	pinned	10	ratio_vs_baseline	5.790100	12	1.0000	0	0		
rank	stack-frame	(set)	large-subject-throughput	plain	same program	pcrec_1989c62_vm-in-caps-simdna	measured	pinned	10	ratio_vs_best	61.528914	12	1.0000	0	0		
baseline	stack-frame	(set)	short-subject-search			libpcre2_10.46_interp-caps-simdna				baseline_identity	interp					libpcre2_10.46_interp-caps-simdna (interp, present in this group)	
rank	stack-frame	(set)	short-subject-search	plain	same program	libpcre2_10.46_jit-caps-simdna	measured	pinned	1	median_ns	17535.434306	112	1.0000	0	0		
rank	stack-frame	(set)	short-subject-search	plain	same program	libpcre2_10.46_jit-caps-simdna	measured	pinned	1	min_ns	17456.253810	112	1.0000	0	0		
rank	stack-frame	(set)	short-subject-search	plain	same program	libpcre2_10.46_jit-caps-simdna	measured	pinned	1	max_ns	17704.820924	112	1.0000	0	0		
rank	stack-frame	(set)	short-subject-search	plain	same program	libpcre2_10.46_jit-caps-simdna	measured	pinned	1	stddev_ns	94.688791	112	1.0000	0	0		
rank	stack-frame	(set)	short-subject-search	plain	same program	libpcre2_10.46_jit-caps-simdna	measured	pinned	1	ratio_vs_baseline	0.084658	112	1.0000	0	0		
rank	stack-frame	(set)	short-subject-search	plain	same program	libpcre2_10.46_jit-caps-simdna	measured	pinned	1	ratio_vs_best	1.000000	112	1.0000	0	0		
rank	stack-frame	(set)	short-subject-search	plain	same program	pcrec_1989c62_auto-nocaps-simdna	measured	pinned	2	median_ns	31805.236034	112	1.0000	0	0		
rank	stack-frame	(set)	short-subject-search	plain	same program	pcrec_1989c62_auto-nocaps-simdna	measured	pinned	2	min_ns	31740.463393	112	1.0000	0	0		
rank	stack-frame	(set)	short-subject-search	plain	same program	pcrec_1989c62_auto-nocaps-simdna	measured	pinned	2	max_ns	31950.043594	112	1.0000	0	0		
rank	stack-frame	(set)	short-subject-search	plain	same program	pcrec_1989c62_auto-nocaps-simdna	measured	pinned	2	stddev_ns	69.093801	112	1.0000	0	0		
rank	stack-frame	(set)	short-subject-search	plain	same program	pcrec_1989c62_auto-nocaps-simdna	measured	pinned	2	ratio_vs_baseline	0.153551	112	1.0000	0	0		
rank	stack-frame	(set)	short-subject-search	plain	same program	pcrec_1989c62_auto-nocaps-simdna	measured	pinned	2	ratio_vs_best	1.813770	112	1.0000	0	0		
rank	stack-frame	(set)	short-subject-search	plain	same program	pcrec_d34c9131_auto-caps-simdna	measured	pinned	3	median_ns	31834.376002	112	1.0000	0	0		
rank	stack-frame	(set)	short-subject-search	plain	same program	pcrec_d34c9131_auto-caps-simdna	measured	pinned	3	min_ns	31807.323433	112	1.0000	0	0		
rank	stack-frame	(set)	short-subject-search	plain	same program	pcrec_d34c9131_auto-caps-simdna	measured	pinned	3	max_ns	32032.428796	112	1.0000	0	0		
rank	stack-frame	(set)	short-subject-search	plain	same program	pcrec_d34c9131_auto-caps-simdna	measured	pinned	3	stddev_ns	81.267243	112	1.0000	0	0		
rank	stack-frame	(set)	short-subject-search	plain	same program	pcrec_d34c9131_auto-caps-simdna	measured	pinned	3	ratio_vs_baseline	0.153692	112	1.0000	0	0		
rank	stack-frame	(set)	short-subject-search	plain	same program	pcrec_d34c9131_auto-caps-simdna	measured	pinned	3	ratio_vs_best	1.815431	112	1.0000	0	0		
rank	stack-frame	(set)	short-subject-search	plain	same program	pcrec_25b1984f_auto-caps-simdna	measured	pinned	4	median_ns	31868.215086	112	1.0000	0	0		unchanged (within spread)
rank	stack-frame	(set)	short-subject-search	plain	same program	pcrec_25b1984f_auto-caps-simdna	measured	pinned	4	min_ns	31805.529626	112	1.0000	0	0		unchanged (within spread)
rank	stack-frame	(set)	short-subject-search	plain	same program	pcrec_25b1984f_auto-caps-simdna	measured	pinned	4	max_ns	31928.940188	112	1.0000	0	0		unchanged (within spread)
rank	stack-frame	(set)	short-subject-search	plain	same program	pcrec_25b1984f_auto-caps-simdna	measured	pinned	4	stddev_ns	40.080447	112	1.0000	0	0		unchanged (within spread)
rank	stack-frame	(set)	short-subject-search	plain	same program	pcrec_25b1984f_auto-caps-simdna	measured	pinned	4	ratio_vs_baseline	0.153855	112	1.0000	0	0		unchanged (within spread)
rank	stack-frame	(set)	short-subject-search	plain	same program	pcrec_25b1984f_auto-caps-simdna	measured	pinned	4	ratio_vs_best	1.817361	112	1.0000	0	0		unchanged (within spread)
rank	stack-frame	(set)	short-subject-search	plain	same program	pcrec_25b1984f_auto-nocaps-simdna	measured	pinned	5	median_ns	31873.237087	112	1.0000	0	0		unchanged (within spread)
rank	stack-frame	(set)	short-subject-search	plain	same program	pcrec_25b1984f_auto-nocaps-simdna	measured	pinned	5	min_ns	31779.117320	112	1.0000	0	0		unchanged (within spread)
rank	stack-frame	(set)	short-subject-search	plain	same program	pcrec_25b1984f_auto-nocaps-simdna	measured	pinned	5	max_ns	32756.925908	112	1.0000	0	0		unchanged (within spread)
rank	stack-frame	(set)	short-subject-search	plain	same program	pcrec_25b1984f_auto-nocaps-simdna	measured	pinned	5	stddev_ns	367.272274	112	1.0000	0	0		unchanged (within spread)
rank	stack-frame	(set)	short-subject-search	plain	same program	pcrec_25b1984f_auto-nocaps-simdna	measured	pinned	5	ratio_vs_baseline	0.153879	112	1.0000	0	0		unchanged (within spread)
rank	stack-frame	(set)	short-subject-search	plain	same program	pcrec_25b1984f_auto-nocaps-simdna	measured	pinned	5	ratio_vs_best	1.817647	112	1.0000	0	0		unchanged (within spread)
rank	stack-frame	(set)	short-subject-search	plain	same program	libpcre2_10.46_interp-caps-simdna	measured	pinned	6	median_ns	207131.659096	112	1.0000	0	0		
rank	stack-frame	(set)	short-subject-search	plain	same program	libpcre2_10.46_interp-caps-simdna	measured	pinned	6	min_ns	207012.538216	112	1.0000	0	0		
rank	stack-frame	(set)	short-subject-search	plain	same program	libpcre2_10.46_interp-caps-simdna	measured	pinned	6	max_ns	207324.679723	112	1.0000	0	0		
rank	stack-frame	(set)	short-subject-search	plain	same program	libpcre2_10.46_interp-caps-simdna	measured	pinned	6	stddev_ns	128.050522	112	1.0000	0	0		
rank	stack-frame	(set)	short-subject-search	plain	same program	libpcre2_10.46_interp-caps-simdna	measured	pinned	6	ratio_vs_baseline	1.000000	112	1.0000	0	0		
rank	stack-frame	(set)	short-subject-search	plain	same program	libpcre2_10.46_interp-caps-simdna	measured	pinned	6	ratio_vs_best	11.812177	112	1.0000	0	0		
rank	stack-frame	(set)	short-subject-search	plain	same program	pcrec_25b1984f_vm-caps-simdna	measured	pinned	7	median_ns	1118342.124169	112	1.0000	0	0		unchanged (within spread)
rank	stack-frame	(set)	short-subject-search	plain	same program	pcrec_25b1984f_vm-caps-simdna	measured	pinned	7	min_ns	1118148.150450	112	1.0000	0	0		unchanged (within spread)
rank	stack-frame	(set)	short-subject-search	plain	same program	pcrec_25b1984f_vm-caps-simdna	measured	pinned	7	max_ns	1119081.044441	112	1.0000	0	0		unchanged (within spread)
rank	stack-frame	(set)	short-subject-search	plain	same program	pcrec_25b1984f_vm-caps-simdna	measured	pinned	7	stddev_ns	343.269619	112	1.0000	0	0		unchanged (within spread)
rank	stack-frame	(set)	short-subject-search	plain	same program	pcrec_25b1984f_vm-caps-simdna	measured	pinned	7	ratio_vs_baseline	5.399185	112	1.0000	0	0		unchanged (within spread)
rank	stack-frame	(set)	short-subject-search	plain	same program	pcrec_25b1984f_vm-caps-simdna	measured	pinned	7	ratio_vs_best	63.776129	112	1.0000	0	0		unchanged (within spread)
rank	stack-frame	(set)	short-subject-search	plain	same program	pcrec_1989c62_vm-caps-simdna	measured	pinned	8	median_ns	1118343.180061	112	1.0000	0	0		
rank	stack-frame	(set)	short-subject-search	plain	same program	pcrec_1989c62_vm-caps-simdna	measured	pinned	8	min_ns	1117927.155065	112	1.0000	0	0		
rank	stack-frame	(set)	short-subject-search	plain	same program	pcrec_1989c62_vm-caps-simdna	measured	pinned	8	max_ns	1118688.778375	112	1.0000	0	0		
rank	stack-frame	(set)	short-subject-search	plain	same program	pcrec_1989c62_vm-caps-simdna	measured	pinned	8	stddev_ns	276.004929	112	1.0000	0	0		
rank	stack-frame	(set)	short-subject-search	plain	same program	pcrec_1989c62_vm-caps-simdna	measured	pinned	8	ratio_vs_baseline	5.399190	112	1.0000	0	0		
rank	stack-frame	(set)	short-subject-search	plain	same program	pcrec_1989c62_vm-caps-simdna	measured	pinned	8	ratio_vs_best	63.776189	112	1.0000	0	0		
rank	stack-frame	(set)	short-subject-search	plain	same program	pcrec_25b1984f_vm-in-caps-simdna	measured	pinned	9	median_ns	1119978.036503	112	1.0000	0	0		unchanged (within spread)
rank	stack-frame	(set)	short-subject-search	plain	same program	pcrec_25b1984f_vm-in-caps-simdna	measured	pinned	9	min_ns	1119469.206752	112	1.0000	0	0		unchanged (within spread)
rank	stack-frame	(set)	short-subject-search	plain	same program	pcrec_25b1984f_vm-in-caps-simdna	measured	pinned	9	max_ns	1127289.166787	112	1.0000	0	0		unchanged (within spread)
rank	stack-frame	(set)	short-subject-search	plain	same program	pcrec_25b1984f_vm-in-caps-simdna	measured	pinned	9	stddev_ns	2995.109390	112	1.0000	0	0		unchanged (within spread)
rank	stack-frame	(set)	short-subject-search	plain	same program	pcrec_25b1984f_vm-in-caps-simdna	measured	pinned	9	ratio_vs_baseline	5.407083	112	1.0000	0	0		unchanged (within spread)
rank	stack-frame	(set)	short-subject-search	plain	same program	pcrec_25b1984f_vm-in-caps-simdna	measured	pinned	9	ratio_vs_best	63.869421	112	1.0000	0	0		unchanged (within spread)
rank	stack-frame	(set)	short-subject-search	plain	same program	pcrec_1989c62_vm-in-caps-simdna	measured	pinned	10	median_ns	1120417.217247	112	1.0000	0	0		
rank	stack-frame	(set)	short-subject-search	plain	same program	pcrec_1989c62_vm-in-caps-simdna	measured	pinned	10	min_ns	1119900.714368	112	1.0000	0	0		
rank	stack-frame	(set)	short-subject-search	plain	same program	pcrec_1989c62_vm-in-caps-simdna	measured	pinned	10	max_ns	1121096.972070	112	1.0000	0	0		
rank	stack-frame	(set)	short-subject-search	plain	same program	pcrec_1989c62_vm-in-caps-simdna	measured	pinned	10	stddev_ns	419.067638	112	1.0000	0	0		
rank	stack-frame	(set)	short-subject-search	plain	same program	pcrec_1989c62_vm-in-caps-simdna	measured	pinned	10	ratio_vs_baseline	5.409203	112	1.0000	0	0		
rank	stack-frame	(set)	short-subject-search	plain	same program	pcrec_1989c62_vm-in-caps-simdna	measured	pinned	10	ratio_vs_best	63.894466	112	1.0000	0	0		
baseline	uuid	(set)	large-subject-throughput			libpcre2_10.46_interp-caps-simdna				baseline_identity	interp					libpcre2_10.46_interp-caps-simdna (interp, present in this group)	
rank	uuid	(set)	large-subject-throughput	plain	same program	pcrec_1989c62_auto-nocaps-simdna	measured	pinned	1	median_ns	1076874.354515	12	1.0000	0	0		
rank	uuid	(set)	large-subject-throughput	plain	same program	pcrec_1989c62_auto-nocaps-simdna	measured	pinned	1	min_ns	1075455.818283	12	1.0000	0	0		
rank	uuid	(set)	large-subject-throughput	plain	same program	pcrec_1989c62_auto-nocaps-simdna	measured	pinned	1	max_ns	1078822.236343	12	1.0000	0	0		
rank	uuid	(set)	large-subject-throughput	plain	same program	pcrec_1989c62_auto-nocaps-simdna	measured	pinned	1	stddev_ns	1167.295921	12	1.0000	0	0		
rank	uuid	(set)	large-subject-throughput	plain	same program	pcrec_1989c62_auto-nocaps-simdna	measured	pinned	1	ratio_vs_baseline	0.010930	12	1.0000	0	0		
rank	uuid	(set)	large-subject-throughput	plain	same program	pcrec_1989c62_auto-nocaps-simdna	measured	pinned	1	ratio_vs_best	1.000000	12	1.0000	0	0		
rank	uuid	(set)	large-subject-throughput	plain	same program	pcrec_d34c9131_auto-caps-simdna	measured	pinned	2	median_ns	1078097.814189	12	1.0000	0	0		
rank	uuid	(set)	large-subject-throughput	plain	same program	pcrec_d34c9131_auto-caps-simdna	measured	pinned	2	min_ns	1077563.327703	12	1.0000	0	0		
rank	uuid	(set)	large-subject-throughput	plain	same program	pcrec_d34c9131_auto-caps-simdna	measured	pinned	2	max_ns	1079857.769144	12	1.0000	0	0		
rank	uuid	(set)	large-subject-throughput	plain	same program	pcrec_d34c9131_auto-caps-simdna	measured	pinned	2	stddev_ns	895.748609	12	1.0000	0	0		
rank	uuid	(set)	large-subject-throughput	plain	same program	pcrec_d34c9131_auto-caps-simdna	measured	pinned	2	ratio_vs_baseline	0.010943	12	1.0000	0	0		
rank	uuid	(set)	large-subject-throughput	plain	same program	pcrec_d34c9131_auto-caps-simdna	measured	pinned	2	ratio_vs_best	1.001136	12	1.0000	0	0		
rank	uuid	(set)	large-subject-throughput	plain	same program	pcrec_25b1984f_auto-caps-simdna	measured	pinned	3	median_ns	1080328.297968	12	1.0000	0	0		slower ×1.00
rank	uuid	(set)	large-subject-throughput	plain	same program	pcrec_25b1984f_auto-caps-simdna	measured	pinned	3	min_ns	1079253.948081	12	1.0000	0	0		slower ×1.00
rank	uuid	(set)	large-subject-throughput	plain	same program	pcrec_25b1984f_auto-caps-simdna	measured	pinned	3	max_ns	1081199.917607	12	1.0000	0	0		slower ×1.00
rank	uuid	(set)	large-subject-throughput	plain	same program	pcrec_25b1984f_auto-caps-simdna	measured	pinned	3	stddev_ns	659.594809	12	1.0000	0	0		slower ×1.00
rank	uuid	(set)	large-subject-throughput	plain	same program	pcrec_25b1984f_auto-caps-simdna	measured	pinned	3	ratio_vs_baseline	0.010965	12	1.0000	0	0		slower ×1.00
rank	uuid	(set)	large-subject-throughput	plain	same program	pcrec_25b1984f_auto-caps-simdna	measured	pinned	3	ratio_vs_best	1.003207	12	1.0000	0	0		slower ×1.00
rank	uuid	(set)	large-subject-throughput	plain	same program	pcrec_25b1984f_auto-nocaps-simdna	measured	pinned	4	median_ns	1080525.229268	12	1.0000	0	0		slower ×1.00
rank	uuid	(set)	large-subject-throughput	plain	same program	pcrec_25b1984f_auto-nocaps-simdna	measured	pinned	4	min_ns	1079237.009756	12	1.0000	0	0		slower ×1.00
rank	uuid	(set)	large-subject-throughput	plain	same program	pcrec_25b1984f_auto-nocaps-simdna	measured	pinned	4	max_ns	1081880.357724	12	1.0000	0	0		slower ×1.00
rank	uuid	(set)	large-subject-throughput	plain	same program	pcrec_25b1984f_auto-nocaps-simdna	measured	pinned	4	stddev_ns	844.145253	12	1.0000	0	0		slower ×1.00
rank	uuid	(set)	large-subject-throughput	plain	same program	pcrec_25b1984f_auto-nocaps-simdna	measured	pinned	4	ratio_vs_baseline	0.010967	12	1.0000	0	0		slower ×1.00
rank	uuid	(set)	large-subject-throughput	plain	same program	pcrec_25b1984f_auto-nocaps-simdna	measured	pinned	4	ratio_vs_best	1.003390	12	1.0000	0	0		slower ×1.00
rank	uuid	(set)	large-subject-throughput	plain	same program	libpcre2_10.46_jit-caps-simdna	measured	pinned	5	median_ns	1737828.366890	12	1.0000	0	0		
rank	uuid	(set)	large-subject-throughput	plain	same program	libpcre2_10.46_jit-caps-simdna	measured	pinned	5	min_ns	1735170.275168	12	1.0000	0	0		
rank	uuid	(set)	large-subject-throughput	plain	same program	libpcre2_10.46_jit-caps-simdna	measured	pinned	5	max_ns	1738052.212528	12	1.0000	0	0		
rank	uuid	(set)	large-subject-throughput	plain	same program	libpcre2_10.46_jit-caps-simdna	measured	pinned	5	stddev_ns	1109.664754	12	1.0000	0	0		
rank	uuid	(set)	large-subject-throughput	plain	same program	libpcre2_10.46_jit-caps-simdna	measured	pinned	5	ratio_vs_baseline	0.017639	12	1.0000	0	0		
rank	uuid	(set)	large-subject-throughput	plain	same program	libpcre2_10.46_jit-caps-simdna	measured	pinned	5	ratio_vs_best	1.613771	12	1.0000	0	0		
rank	uuid	(set)	large-subject-throughput	plain	same program	pcrec_1989c62_vm-in-caps-simdna	measured	pinned	6	median_ns	33561566.480000	12	1.0000	0	0		
rank	uuid	(set)	large-subject-throughput	plain	same program	pcrec_1989c62_vm-in-caps-simdna	measured	pinned	6	min_ns	33284334.160000	12	1.0000	0	0		
rank	uuid	(set)	large-subject-throughput	plain	same program	pcrec_1989c62_vm-in-caps-simdna	measured	pinned	6	max_ns	33620140.480000	12	1.0000	0	0		
rank	uuid	(set)	large-subject-throughput	plain	same program	pcrec_1989c62_vm-in-caps-simdna	measured	pinned	6	stddev_ns	123626.906693	12	1.0000	0	0		
rank	uuid	(set)	large-subject-throughput	plain	same program	pcrec_1989c62_vm-in-caps-simdna	measured	pinned	6	ratio_vs_baseline	0.340654	12	1.0000	0	0		
rank	uuid	(set)	large-subject-throughput	plain	same program	pcrec_1989c62_vm-in-caps-simdna	measured	pinned	6	ratio_vs_best	31.165722	12	1.0000	0	0		
rank	uuid	(set)	large-subject-throughput	plain	same program	pcrec_1989c62_vm-caps-simdna	measured	pinned	7	median_ns	33578541.040000	12	1.0000	0	0		
rank	uuid	(set)	large-subject-throughput	plain	same program	pcrec_1989c62_vm-caps-simdna	measured	pinned	7	min_ns	33210204.480000	12	1.0000	0	0		
rank	uuid	(set)	large-subject-throughput	plain	same program	pcrec_1989c62_vm-caps-simdna	measured	pinned	7	max_ns	33610729.680000	12	1.0000	0	0		
rank	uuid	(set)	large-subject-throughput	plain	same program	pcrec_1989c62_vm-caps-simdna	measured	pinned	7	stddev_ns	152450.759851	12	1.0000	0	0		
rank	uuid	(set)	large-subject-throughput	plain	same program	pcrec_1989c62_vm-caps-simdna	measured	pinned	7	ratio_vs_baseline	0.340826	12	1.0000	0	0		
rank	uuid	(set)	large-subject-throughput	plain	same program	pcrec_1989c62_vm-caps-simdna	measured	pinned	7	ratio_vs_best	31.181485	12	1.0000	0	0		
rank	uuid	(set)	large-subject-throughput	plain	same program	pcrec_25b1984f_vm-caps-simdna	measured	pinned	8	median_ns	33687659.200000	12	1.0000	0	0		unchanged (within spread)
rank	uuid	(set)	large-subject-throughput	plain	same program	pcrec_25b1984f_vm-caps-simdna	measured	pinned	8	min_ns	33559788.560000	12	1.0000	0	0		unchanged (within spread)
rank	uuid	(set)	large-subject-throughput	plain	same program	pcrec_25b1984f_vm-caps-simdna	measured	pinned	8	max_ns	33841273.240000	12	1.0000	0	0		unchanged (within spread)
rank	uuid	(set)	large-subject-throughput	plain	same program	pcrec_25b1984f_vm-caps-simdna	measured	pinned	8	stddev_ns	102263.067596	12	1.0000	0	0		unchanged (within spread)
rank	uuid	(set)	large-subject-throughput	plain	same program	pcrec_25b1984f_vm-caps-simdna	measured	pinned	8	ratio_vs_baseline	0.341934	12	1.0000	0	0		unchanged (within spread)
rank	uuid	(set)	large-subject-throughput	plain	same program	pcrec_25b1984f_vm-caps-simdna	measured	pinned	8	ratio_vs_best	31.282813	12	1.0000	0	0		unchanged (within spread)
rank	uuid	(set)	large-subject-throughput	plain	same program	pcrec_25b1984f_vm-in-caps-simdna	measured	pinned	9	median_ns	33697054.960000	12	1.0000	0	0		unchanged (within spread)
rank	uuid	(set)	large-subject-throughput	plain	same program	pcrec_25b1984f_vm-in-caps-simdna	measured	pinned	9	min_ns	33263223.080000	12	1.0000	0	0		unchanged (within spread)
rank	uuid	(set)	large-subject-throughput	plain	same program	pcrec_25b1984f_vm-in-caps-simdna	measured	pinned	9	max_ns	33828107.640000	12	1.0000	0	0		unchanged (within spread)
rank	uuid	(set)	large-subject-throughput	plain	same program	pcrec_25b1984f_vm-in-caps-simdna	measured	pinned	9	stddev_ns	226812.998159	12	1.0000	0	0		unchanged (within spread)
rank	uuid	(set)	large-subject-throughput	plain	same program	pcrec_25b1984f_vm-in-caps-simdna	measured	pinned	9	ratio_vs_baseline	0.342029	12	1.0000	0	0		unchanged (within spread)
rank	uuid	(set)	large-subject-throughput	plain	same program	pcrec_25b1984f_vm-in-caps-simdna	measured	pinned	9	ratio_vs_best	31.291538	12	1.0000	0	0		unchanged (within spread)
rank	uuid	(set)	large-subject-throughput	plain	same program	libpcre2_10.46_interp-caps-simdna	measured	pinned	10	median_ns	98521050.666667	12	1.0000	0	0		
rank	uuid	(set)	large-subject-throughput	plain	same program	libpcre2_10.46_interp-caps-simdna	measured	pinned	10	min_ns	98344419.555556	12	1.0000	0	0		
rank	uuid	(set)	large-subject-throughput	plain	same program	libpcre2_10.46_interp-caps-simdna	measured	pinned	10	max_ns	98700163.777778	12	1.0000	0	0		
rank	uuid	(set)	large-subject-throughput	plain	same program	libpcre2_10.46_interp-caps-simdna	measured	pinned	10	stddev_ns	120487.300492	12	1.0000	0	0		
rank	uuid	(set)	large-subject-throughput	plain	same program	libpcre2_10.46_interp-caps-simdna	measured	pinned	10	ratio_vs_baseline	1.000000	12	1.0000	0	0		
rank	uuid	(set)	large-subject-throughput	plain	same program	libpcre2_10.46_interp-caps-simdna	measured	pinned	10	ratio_vs_best	91.487972	12	1.0000	0	0		
baseline	uuid	(set)	short-subject-search			libpcre2_10.46_interp-caps-simdna				baseline_identity	interp					libpcre2_10.46_interp-caps-simdna (interp, present in this group)	
rank	uuid	(set)	short-subject-search	plain	same program	pcrec_25b1984f_auto-caps-simdna	measured	pinned	1	median_ns	21037.569894	112	1.0000	0	0		faster ×1.01
rank	uuid	(set)	short-subject-search	plain	same program	pcrec_25b1984f_auto-caps-simdna	measured	pinned	1	min_ns	21028.059239	112	1.0000	0	0		faster ×1.01
rank	uuid	(set)	short-subject-search	plain	same program	pcrec_25b1984f_auto-caps-simdna	measured	pinned	1	max_ns	21068.078548	112	1.0000	0	0		faster ×1.01
rank	uuid	(set)	short-subject-search	plain	same program	pcrec_25b1984f_auto-caps-simdna	measured	pinned	1	stddev_ns	16.424247	112	1.0000	0	0		faster ×1.01
rank	uuid	(set)	short-subject-search	plain	same program	pcrec_25b1984f_auto-caps-simdna	measured	pinned	1	ratio_vs_baseline	0.005679	112	1.0000	0	0		faster ×1.01
rank	uuid	(set)	short-subject-search	plain	same program	pcrec_25b1984f_auto-caps-simdna	measured	pinned	1	ratio_vs_best	1.000000	112	1.0000	0	0		faster ×1.01
rank	uuid	(set)	short-subject-search	plain	same program	pcrec_25b1984f_auto-nocaps-simdna	measured	pinned	2	median_ns	21072.990540	112	1.0000	0	0		faster ×1.01
rank	uuid	(set)	short-subject-search	plain	same program	pcrec_25b1984f_auto-nocaps-simdna	measured	pinned	2	min_ns	21045.132438	112	1.0000	0	0		faster ×1.01
rank	uuid	(set)	short-subject-search	plain	same program	pcrec_25b1984f_auto-nocaps-simdna	measured	pinned	2	max_ns	21091.061083	112	1.0000	0	0		faster ×1.01
rank	uuid	(set)	short-subject-search	plain	same program	pcrec_25b1984f_auto-nocaps-simdna	measured	pinned	2	stddev_ns	17.318579	112	1.0000	0	0		faster ×1.01
rank	uuid	(set)	short-subject-search	plain	same program	pcrec_25b1984f_auto-nocaps-simdna	measured	pinned	2	ratio_vs_baseline	0.005688	112	1.0000	0	0		faster ×1.01
rank	uuid	(set)	short-subject-search	plain	same program	pcrec_25b1984f_auto-nocaps-simdna	measured	pinned	2	ratio_vs_best	1.001684	112	1.0000	0	0		faster ×1.01
rank	uuid	(set)	short-subject-search	plain	same program	pcrec_1989c62_auto-nocaps-simdna	measured	pinned	3	median_ns	21181.618007	112	1.0000	0	0		
rank	uuid	(set)	short-subject-search	plain	same program	pcrec_1989c62_auto-nocaps-simdna	measured	pinned	3	min_ns	21138.512360	112	1.0000	0	0		
rank	uuid	(set)	short-subject-search	plain	same program	pcrec_1989c62_auto-nocaps-simdna	measured	pinned	3	max_ns	21211.438789	112	1.0000	0	0		
rank	uuid	(set)	short-subject-search	plain	same program	pcrec_1989c62_auto-nocaps-simdna	measured	pinned	3	stddev_ns	25.147884	112	1.0000	0	0		
rank	uuid	(set)	short-subject-search	plain	same program	pcrec_1989c62_auto-nocaps-simdna	measured	pinned	3	ratio_vs_baseline	0.005717	112	1.0000	0	0		
rank	uuid	(set)	short-subject-search	plain	same program	pcrec_1989c62_auto-nocaps-simdna	measured	pinned	3	ratio_vs_best	1.006847	112	1.0000	0	0		
rank	uuid	(set)	short-subject-search	plain	same program	pcrec_d34c9131_auto-caps-simdna	measured	pinned	4	median_ns	21215.144510	112	1.0000	0	0		
rank	uuid	(set)	short-subject-search	plain	same program	pcrec_d34c9131_auto-caps-simdna	measured	pinned	4	min_ns	21187.454045	112	1.0000	0	0		
rank	uuid	(set)	short-subject-search	plain	same program	pcrec_d34c9131_auto-caps-simdna	measured	pinned	4	max_ns	21292.230802	112	1.0000	0	0		
rank	uuid	(set)	short-subject-search	plain	same program	pcrec_d34c9131_auto-caps-simdna	measured	pinned	4	stddev_ns	41.138155	112	1.0000	0	0		
rank	uuid	(set)	short-subject-search	plain	same program	pcrec_d34c9131_auto-caps-simdna	measured	pinned	4	ratio_vs_baseline	0.005726	112	1.0000	0	0		
rank	uuid	(set)	short-subject-search	plain	same program	pcrec_d34c9131_auto-caps-simdna	measured	pinned	4	ratio_vs_best	1.008441	112	1.0000	0	0		
rank	uuid	(set)	short-subject-search	plain	same program	libpcre2_10.46_jit-caps-simdna	measured	pinned	5	median_ns	35647.451022	112	1.0000	0	0		
rank	uuid	(set)	short-subject-search	plain	same program	libpcre2_10.46_jit-caps-simdna	measured	pinned	5	min_ns	35483.631830	112	1.0000	0	0		
rank	uuid	(set)	short-subject-search	plain	same program	libpcre2_10.46_jit-caps-simdna	measured	pinned	5	max_ns	35826.809367	112	1.0000	0	0		
rank	uuid	(set)	short-subject-search	plain	same program	libpcre2_10.46_jit-caps-simdna	measured	pinned	5	stddev_ns	129.696519	112	1.0000	0	0		
rank	uuid	(set)	short-subject-search	plain	same program	libpcre2_10.46_jit-caps-simdna	measured	pinned	5	ratio_vs_baseline	0.009622	112	1.0000	0	0		
rank	uuid	(set)	short-subject-search	plain	same program	libpcre2_10.46_jit-caps-simdna	measured	pinned	5	ratio_vs_best	1.694466	112	1.0000	0	0		
rank	uuid	(set)	short-subject-search	plain	same program	pcrec_25b1984f_vm-caps-simdna	measured	pinned	6	median_ns	1277633.568421	112	1.0000	0	0		unchanged (within spread)
rank	uuid	(set)	short-subject-search	plain	same program	pcrec_25b1984f_vm-caps-simdna	measured	pinned	6	min_ns	1270043.288007	112	1.0000	0	0		unchanged (within spread)
rank	uuid	(set)	short-subject-search	plain	same program	pcrec_25b1984f_vm-caps-simdna	measured	pinned	6	max_ns	1289767.160483	112	1.0000	0	0		unchanged (within spread)
rank	uuid	(set)	short-subject-search	plain	same program	pcrec_25b1984f_vm-caps-simdna	measured	pinned	6	stddev_ns	6875.414156	112	1.0000	0	0		unchanged (within spread)
rank	uuid	(set)	short-subject-search	plain	same program	pcrec_25b1984f_vm-caps-simdna	measured	pinned	6	ratio_vs_baseline	0.344864	112	1.0000	0	0		unchanged (within spread)
rank	uuid	(set)	short-subject-search	plain	same program	pcrec_25b1984f_vm-caps-simdna	measured	pinned	6	ratio_vs_best	60.731043	112	1.0000	0	0		unchanged (within spread)
rank	uuid	(set)	short-subject-search	plain	same program	pcrec_1989c62_vm-in-caps-simdna	measured	pinned	7	median_ns	1278715.179792	112	1.0000	0	0		
rank	uuid	(set)	short-subject-search	plain	same program	pcrec_1989c62_vm-in-caps-simdna	measured	pinned	7	min_ns	1265845.349719	112	1.0000	0	0		
rank	uuid	(set)	short-subject-search	plain	same program	pcrec_1989c62_vm-in-caps-simdna	measured	pinned	7	max_ns	1285077.356693	112	1.0000	0	0		
rank	uuid	(set)	short-subject-search	plain	same program	pcrec_1989c62_vm-in-caps-simdna	measured	pinned	7	stddev_ns	6262.771244	112	1.0000	0	0		
rank	uuid	(set)	short-subject-search	plain	same program	pcrec_1989c62_vm-in-caps-simdna	measured	pinned	7	ratio_vs_baseline	0.345156	112	1.0000	0	0		
rank	uuid	(set)	short-subject-search	plain	same program	pcrec_1989c62_vm-in-caps-simdna	measured	pinned	7	ratio_vs_best	60.782457	112	1.0000	0	0		
rank	uuid	(set)	short-subject-search	plain	same program	pcrec_1989c62_vm-caps-simdna	measured	pinned	8	median_ns	1280188.420837	112	1.0000	0	0		
rank	uuid	(set)	short-subject-search	plain	same program	pcrec_1989c62_vm-caps-simdna	measured	pinned	8	min_ns	1254196.332878	112	1.0000	0	0		
rank	uuid	(set)	short-subject-search	plain	same program	pcrec_1989c62_vm-caps-simdna	measured	pinned	8	max_ns	1291983.830743	112	1.0000	0	0		
rank	uuid	(set)	short-subject-search	plain	same program	pcrec_1989c62_vm-caps-simdna	measured	pinned	8	stddev_ns	12472.443009	112	1.0000	0	0		
rank	uuid	(set)	short-subject-search	plain	same program	pcrec_1989c62_vm-caps-simdna	measured	pinned	8	ratio_vs_baseline	0.345554	112	1.0000	0	0		
rank	uuid	(set)	short-subject-search	plain	same program	pcrec_1989c62_vm-caps-simdna	measured	pinned	8	ratio_vs_best	60.852486	112	1.0000	0	0		
rank	uuid	(set)	short-subject-search	plain	same program	pcrec_25b1984f_vm-in-caps-simdna	measured	pinned	9	median_ns	1284208.871441	112	1.0000	0	0		unchanged (within spread)
rank	uuid	(set)	short-subject-search	plain	same program	pcrec_25b1984f_vm-in-caps-simdna	measured	pinned	9	min_ns	1275192.489560	112	1.0000	0	0		unchanged (within spread)
rank	uuid	(set)	short-subject-search	plain	same program	pcrec_25b1984f_vm-in-caps-simdna	measured	pinned	9	max_ns	1287637.800518	112	1.0000	0	0		unchanged (within spread)
rank	uuid	(set)	short-subject-search	plain	same program	pcrec_25b1984f_vm-in-caps-simdna	measured	pinned	9	stddev_ns	5395.353003	112	1.0000	0	0		unchanged (within spread)
rank	uuid	(set)	short-subject-search	plain	same program	pcrec_25b1984f_vm-in-caps-simdna	measured	pinned	9	ratio_vs_baseline	0.346639	112	1.0000	0	0		unchanged (within spread)
rank	uuid	(set)	short-subject-search	plain	same program	pcrec_25b1984f_vm-in-caps-simdna	measured	pinned	9	ratio_vs_best	61.043594	112	1.0000	0	0		unchanged (within spread)
rank	uuid	(set)	short-subject-search	plain	same program	libpcre2_10.46_interp-caps-simdna	measured	pinned	10	median_ns	3704741.350552	112	1.0000	0	0		
rank	uuid	(set)	short-subject-search	plain	same program	libpcre2_10.46_interp-caps-simdna	measured	pinned	10	min_ns	3702911.121364	112	1.0000	0	0		
rank	uuid	(set)	short-subject-search	plain	same program	libpcre2_10.46_interp-caps-simdna	measured	pinned	10	max_ns	3739906.595286	112	1.0000	0	0		
rank	uuid	(set)	short-subject-search	plain	same program	libpcre2_10.46_interp-caps-simdna	measured	pinned	10	stddev_ns	14134.707771	112	1.0000	0	0		
rank	uuid	(set)	short-subject-search	plain	same program	libpcre2_10.46_interp-caps-simdna	measured	pinned	10	ratio_vs_baseline	1.000000	112	1.0000	0	0		
rank	uuid	(set)	short-subject-search	plain	same program	libpcre2_10.46_interp-caps-simdna	measured	pinned	10	ratio_vs_best	176.101202	112	1.0000	0	0		
query_yes_beats_nocaps										hit_count	36						
query_yes_beats_nocaps	bignum		large-subject-throughput			pcrec_1989c62_auto-nocaps-simdna				beaten_by	libpcre2_10.46_jit-caps-simdna					competitor_ns=11382589.670732; nocaps_ns=13188159.985075; ratio=0.863092; null_band_clearance=clears IQR only: gap 13.69%; IQR 0.62% (clears); no null band (no identity census for pcrec 1989c62 -> 25b1984f)	
query_yes_beats_nocaps	bignum		large-subject-throughput			pcrec_25b1984f_auto-nocaps-simdna				beaten_by	libpcre2_10.46_jit-caps-simdna					competitor_ns=11382589.670732; nocaps_ns=13201447.402985; ratio=0.862223; null_band_clearance=clears IQR only: gap 13.78%; IQR 0.08% (clears); no null band (no identity census for pcrec 1989c62 -> 25b1984f)	
query_yes_beats_nocaps	bignum		large-subject-throughput			pcrec_25b1984f_auto-nocaps-simdna				beaten_by	pcrec_25b1984f_auto-caps-simdna					competitor_ns=13195556.757576; nocaps_ns=13201447.402985; ratio=0.999554; null_band_clearance=within IQR: gap 0.04%; IQR 0.66% (within); no null band (no identity census for pcrec 1989c62 -> 25b1984f)	
query_yes_beats_nocaps	bignum		short-subject-search			pcrec_1989c62_auto-nocaps-simdna				beaten_by	libpcre2_10.46_jit-caps-simdna					competitor_ns=395913.648097; nocaps_ns=427977.560095; ratio=0.925080; null_band_clearance=clears IQR only: gap 7.49%; IQR 1.07% (clears); no null band (no identity census for pcrec 1989c62 -> 25b1984f)	
query_yes_beats_nocaps	bignum		short-subject-search			pcrec_25b1984f_auto-nocaps-simdna				beaten_by	libpcre2_10.46_jit-caps-simdna					competitor_ns=395913.648097; nocaps_ns=430718.845538; ratio=0.919193; null_band_clearance=clears IQR only: gap 8.08%; IQR 0.39% (clears); no null band (no identity census for pcrec 1989c62 -> 25b1984f)	
query_yes_beats_nocaps	bignum		short-subject-search			pcrec_25b1984f_auto-nocaps-simdna				beaten_by	pcrec_25b1984f_auto-caps-simdna					competitor_ns=429980.577871; nocaps_ns=430718.845538; ratio=0.998286; null_band_clearance=within IQR: gap 0.17%; IQR 0.88% (within); no null band (no identity census for pcrec 1989c62 -> 25b1984f)	
query_yes_beats_nocaps	floor		short-subject-search			pcrec_1989c62_auto-nocaps-simdna				beaten_by	pcrec_1989c62_vm-caps-simdna					competitor_ns=1595.333928; nocaps_ns=2038.796946; ratio=0.782488; null_band_clearance=clears IQR only: gap 21.75%; IQR 0.16% (clears); no null band (no identity census for pcrec 1989c62 -> 25b1984f)	
query_yes_beats_nocaps	floor		short-subject-search			pcrec_1989c62_auto-nocaps-simdna				beaten_by	pcrec_1989c62_vm-in-caps-simdna					competitor_ns=1611.038131; nocaps_ns=2038.796946; ratio=0.790191; null_band_clearance=clears IQR only: gap 20.98%; IQR 0.20% (clears); no null band (no identity census for pcrec 1989c62 -> 25b1984f)	
query_yes_beats_nocaps	floor		short-subject-search			pcrec_25b1984f_auto-nocaps-simdna				beaten_by	pcrec_25b1984f_auto-caps-simdna					competitor_ns=2049.135229; nocaps_ns=2056.105243; ratio=0.996610; null_band_clearance=clears IQR only: gap 0.34%; IQR 0.31% (clears); no null band (no identity census for pcrec 1989c62 -> 25b1984f)	
query_yes_beats_nocaps	floor		short-subject-search			pcrec_25b1984f_auto-nocaps-simdna				beaten_by	pcrec_25b1984f_vm-caps-simdna					competitor_ns=1649.980973; nocaps_ns=2056.105243; ratio=0.802479; null_band_clearance=clears IQR only: gap 19.75%; IQR 0.28% (clears); no null band (no identity census for pcrec 1989c62 -> 25b1984f)	
query_yes_beats_nocaps	floor		short-subject-search			pcrec_25b1984f_auto-nocaps-simdna				beaten_by	pcrec_25b1984f_vm-in-caps-simdna					competitor_ns=1538.518856; nocaps_ns=2056.105243; ratio=0.748269; null_band_clearance=clears IQR only: gap 25.17%; IQR 0.94% (clears); no null band (no identity census for pcrec 1989c62 -> 25b1984f)	
query_yes_beats_nocaps	http-5xx		large-subject-throughput			pcrec_25b1984f_auto-nocaps-simdna				beaten_by	pcrec_25b1984f_auto-caps-simdna					competitor_ns=251842.621727; nocaps_ns=251951.913151; ratio=0.999566; null_band_clearance=within IQR: gap 0.04%; IQR 0.09% (within); no null band (no identity census for pcrec 1989c62 -> 25b1984f)	
query_yes_beats_nocaps	ipv4		short-subject-search			pcrec_25b1984f_auto-nocaps-simdna				beaten_by	pcrec_25b1984f_auto-caps-simdna					competitor_ns=203949.119573; nocaps_ns=204680.142616; ratio=0.996428; null_band_clearance=clears IQR only: gap 0.36%; IQR 0.34% (clears); no null band (no identity census for pcrec 1989c62 -> 25b1984f)	
query_yes_beats_nocaps	iso-ts		large-subject-throughput			pcrec_1989c62_auto-nocaps-simdna				beaten_by	libpcre2_10.46_jit-caps-simdna					competitor_ns=962034.734560; nocaps_ns=1219070.785714; ratio=0.789154; null_band_clearance=clears IQR only: gap 21.08%; IQR 0.15% (clears); no null band (no identity census for pcrec 1989c62 -> 25b1984f)	
query_yes_beats_nocaps	iso-ts		large-subject-throughput			pcrec_25b1984f_auto-nocaps-simdna				beaten_by	libpcre2_10.46_jit-caps-simdna					competitor_ns=962034.734560; nocaps_ns=1152312.003619; ratio=0.834873; null_band_clearance=clears IQR only: gap 16.51%; IQR 0.04% (clears); no null band (no identity census for pcrec 1989c62 -> 25b1984f)	
query_yes_beats_nocaps	iso-ts		large-subject-throughput			pcrec_25b1984f_auto-nocaps-simdna				beaten_by	pcrec_25b1984f_auto-caps-simdna					competitor_ns=1151889.577381; nocaps_ns=1152312.003619; ratio=0.999633; null_band_clearance=within IQR: gap 0.04%; IQR 0.06% (within); no null band (no identity census for pcrec 1989c62 -> 25b1984f)	
query_yes_beats_nocaps	iso-ts		short-subject-search			pcrec_1989c62_auto-nocaps-simdna				beaten_by	libpcre2_10.46_jit-caps-simdna					competitor_ns=20688.099771; nocaps_ns=22275.635522; ratio=0.928732; null_band_clearance=clears IQR only: gap 7.13%; IQR 0.25% (clears); no null band (no identity census for pcrec 1989c62 -> 25b1984f)	
query_yes_beats_nocaps	iso-ts		short-subject-search			pcrec_25b1984f_auto-nocaps-simdna				beaten_by	pcrec_25b1984f_auto-caps-simdna					competitor_ns=20620.955166; nocaps_ns=20627.912883; ratio=0.999663; null_band_clearance=within IQR: gap 0.03%; IQR 0.11% (within); no null band (no identity census for pcrec 1989c62 -> 25b1984f)	
query_yes_beats_nocaps	kv-quoted		short-subject-search			pcrec_1989c62_auto-nocaps-simdna				beaten_by	libpcre2_10.46_jit-caps-simdna					competitor_ns=334426.651888; nocaps_ns=513180.326604; ratio=0.651675; null_band_clearance=clears IQR only: gap 34.83%; IQR 2.05% (clears); no null band (no identity census for pcrec 1989c62 -> 25b1984f)	
query_yes_beats_nocaps	kv-quoted		short-subject-search			pcrec_25b1984f_auto-nocaps-simdna				beaten_by	libpcre2_10.46_jit-caps-simdna					competitor_ns=334426.651888; nocaps_ns=512138.091756; ratio=0.653001; null_band_clearance=clears IQR only: gap 34.70%; IQR 2.55% (clears); no null band (no identity census for pcrec 1989c62 -> 25b1984f)	
query_yes_beats_nocaps	level-context		large-subject-throughput			pcrec_1989c62_auto-nocaps-simdna				beaten_by	libpcre2_10.46_interp-caps-simdna					competitor_ns=6022246.140351; nocaps_ns=11051106.151899; ratio=0.544945; null_band_clearance=clears IQR only: gap 45.51%; IQR 0.44% (clears); no null band (no identity census for pcrec 1989c62 -> 25b1984f)	
query_yes_beats_nocaps	level-context		large-subject-throughput			pcrec_1989c62_auto-nocaps-simdna				beaten_by	libpcre2_10.46_jit-caps-simdna					competitor_ns=3004496.489362; nocaps_ns=11051106.151899; ratio=0.271873; null_band_clearance=clears IQR only: gap 72.81%; IQR 0.25% (clears); no null band (no identity census for pcrec 1989c62 -> 25b1984f)	
query_yes_beats_nocaps	level-context		large-subject-throughput			pcrec_25b1984f_auto-nocaps-simdna				beaten_by	libpcre2_10.46_interp-caps-simdna					competitor_ns=6022246.140351; nocaps_ns=11025210.481013; ratio=0.546225; null_band_clearance=clears IQR only: gap 45.38%; IQR 0.44% (clears); no null band (no identity census for pcrec 1989c62 -> 25b1984f)	
query_yes_beats_nocaps	level-context		large-subject-throughput			pcrec_25b1984f_auto-nocaps-simdna				beaten_by	libpcre2_10.46_jit-caps-simdna					competitor_ns=3004496.489362; nocaps_ns=11025210.481013; ratio=0.272511; null_band_clearance=clears IQR only: gap 72.75%; IQR 0.03% (clears); no null band (no identity census for pcrec 1989c62 -> 25b1984f)	
query_yes_beats_nocaps	level-context		short-subject-search			pcrec_1989c62_auto-nocaps-simdna				beaten_by	libpcre2_10.46_interp-caps-simdna					competitor_ns=215551.094816; nocaps_ns=334100.412568; ratio=0.645169; null_band_clearance=clears IQR only: gap 35.48%; IQR 0.26% (clears); no null band (no identity census for pcrec 1989c62 -> 25b1984f)	
query_yes_beats_nocaps	level-context		short-subject-search			pcrec_1989c62_auto-nocaps-simdna				beaten_by	libpcre2_10.46_jit-caps-simdna					competitor_ns=115086.665475; nocaps_ns=334100.412568; ratio=0.344467; null_band_clearance=clears IQR only: gap 65.55%; IQR 0.26% (clears); no null band (no identity census for pcrec 1989c62 -> 25b1984f)	
query_yes_beats_nocaps	level-context		short-subject-search			pcrec_25b1984f_auto-nocaps-simdna				beaten_by	libpcre2_10.46_interp-caps-simdna					competitor_ns=215551.094816; nocaps_ns=333437.968975; ratio=0.646450; null_band_clearance=clears IQR only: gap 35.35%; IQR 0.20% (clears); no null band (no identity census for pcrec 1989c62 -> 25b1984f)	
query_yes_beats_nocaps	level-context		short-subject-search			pcrec_25b1984f_auto-nocaps-simdna				beaten_by	libpcre2_10.46_jit-caps-simdna					competitor_ns=115086.665475; nocaps_ns=333437.968975; ratio=0.345152; null_band_clearance=clears IQR only: gap 65.48%; IQR 0.20% (clears); no null band (no identity census for pcrec 1989c62 -> 25b1984f)	
query_yes_beats_nocaps	level-context		short-subject-search			pcrec_25b1984f_auto-nocaps-simdna				beaten_by	pcrec_25b1984f_auto-caps-simdna					competitor_ns=333404.710027; nocaps_ns=333437.968975; ratio=0.999900; null_band_clearance=within IQR: gap 0.01%; IQR 0.24% (within); no null band (no identity census for pcrec 1989c62 -> 25b1984f)	
query_yes_beats_nocaps	stack-frame		large-subject-throughput			pcrec_1989c62_auto-nocaps-simdna				beaten_by	libpcre2_10.46_jit-caps-simdna					competitor_ns=475090.818215; nocaps_ns=1843517.182203; ratio=0.257709; null_band_clearance=clears IQR only: gap 74.23%; IQR 0.03% (clears); no null band (no identity census for pcrec 1989c62 -> 25b1984f)	
query_yes_beats_nocaps	stack-frame		large-subject-throughput			pcrec_25b1984f_auto-nocaps-simdna				beaten_by	libpcre2_10.46_jit-caps-simdna					competitor_ns=475090.818215; nocaps_ns=1845506.853503; ratio=0.257431; null_band_clearance=clears IQR only: gap 74.26%; IQR 0.19% (clears); no null band (no identity census for pcrec 1989c62 -> 25b1984f)	
query_yes_beats_nocaps	stack-frame		short-subject-search			pcrec_1989c62_auto-nocaps-simdna				beaten_by	libpcre2_10.46_jit-caps-simdna					competitor_ns=17535.434306; nocaps_ns=31805.236034; ratio=0.551338; null_band_clearance=clears IQR only: gap 44.87%; IQR 0.50% (clears); no null band (no identity census for pcrec 1989c62 -> 25b1984f)	
query_yes_beats_nocaps	stack-frame		short-subject-search			pcrec_25b1984f_auto-nocaps-simdna				beaten_by	libpcre2_10.46_jit-caps-simdna					competitor_ns=17535.434306; nocaps_ns=31873.237087; ratio=0.550162; null_band_clearance=clears IQR only: gap 44.98%; IQR 0.64% (clears); no null band (no identity census for pcrec 1989c62 -> 25b1984f)	
query_yes_beats_nocaps	stack-frame		short-subject-search			pcrec_25b1984f_auto-nocaps-simdna				beaten_by	pcrec_25b1984f_auto-caps-simdna					competitor_ns=31868.215086; nocaps_ns=31873.237087; ratio=0.999842; null_band_clearance=within IQR: gap 0.02%; IQR 0.64% (within); no null band (no identity census for pcrec 1989c62 -> 25b1984f)	
query_yes_beats_nocaps	uuid		large-subject-throughput			pcrec_25b1984f_auto-nocaps-simdna				beaten_by	pcrec_25b1984f_auto-caps-simdna					competitor_ns=1080328.297968; nocaps_ns=1080525.229268; ratio=0.999818; null_band_clearance=within IQR: gap 0.02%; IQR 0.06% (within); no null band (no identity census for pcrec 1989c62 -> 25b1984f)	
query_yes_beats_nocaps	uuid		short-subject-search			pcrec_25b1984f_auto-nocaps-simdna				beaten_by	pcrec_25b1984f_auto-caps-simdna					competitor_ns=21037.569894; nocaps_ns=21072.990540; ratio=0.998319; null_band_clearance=clears IQR only: gap 0.17%; IQR 0.14% (clears); no null band (no identity census for pcrec 1989c62 -> 25b1984f)	
null_band						pcrec 1989c62 -> 25b1984f				census	absent					expected=reports/identity/loglines@0.1/pcrec_1989c62__25b1984f.tsv	
null_band						pcrec d34c9131 -> 25b1984f				census	absent					expected=reports/identity/loglines@0.1/pcrec_d34c9131__25b1984f.tsv	
compile	bignum			plain	same program	libpcre2_10.46_interp-caps-simdna				median_total_ns	1260.000000	5					
compile	bignum			plain	same program	libpcre2_10.46_interp-caps-simdna				jitter	timer-floor						
compile	bignum			plain	same program	libpcre2_10.46_interp-caps-simdna				artifact_bytes	199						
compile_stamp						libpcre2_10.46_interp-caps-simdna				engine	-						
compile_stamp						libpcre2_10.46_interp-caps-simdna				entry	plain entry						
compile_stamp						libpcre2_10.46_interp-caps-simdna				prefilter	-						
compile_stamp						libpcre2_10.46_interp-caps-simdna				vm_rungs	-						
compile_stamp						libpcre2_10.46_interp-caps-simdna				buffers	n/s						
compile_stamp						libpcre2_10.46_interp-caps-simdna				frame	n/s						
compile	floor			plain	same program	libpcre2_10.46_interp-caps-simdna				median_total_ns	570.000000	5					
compile	floor			plain	same program	libpcre2_10.46_interp-caps-simdna				jitter	timer-floor						
compile	floor			plain	same program	libpcre2_10.46_interp-caps-simdna				artifact_bytes	161						
compile	hex32-id			plain	same program	libpcre2_10.46_interp-caps-simdna				median_total_ns	2340.000000	5					
compile	hex32-id			plain	same program	libpcre2_10.46_interp-caps-simdna				jitter	timer-floor						
compile	hex32-id			plain	same program	libpcre2_10.46_interp-caps-simdna				artifact_bytes	199						
compile	http-5xx			plain	same program	libpcre2_10.46_interp-caps-simdna				median_total_ns	4210.000000	5					
compile	http-5xx			plain	same program	libpcre2_10.46_interp-caps-simdna				jitter	timer-floor						
compile	http-5xx			plain	same program	libpcre2_10.46_interp-caps-simdna				artifact_bytes	362						
compile	ipv4			plain	same program	libpcre2_10.46_interp-caps-simdna				median_total_ns	5130.000000	5					
compile	ipv4			plain	same program	libpcre2_10.46_interp-caps-simdna				jitter	timer-floor						
compile	ipv4			plain	same program	libpcre2_10.46_interp-caps-simdna				artifact_bytes	1203						
compile	ipv6			plain	same program	libpcre2_10.46_interp-caps-simdna				median_total_ns	4010.000000	5					
compile	ipv6			plain	same program	libpcre2_10.46_interp-caps-simdna				jitter	timer-floor						
compile	ipv6			plain	same program	libpcre2_10.46_interp-caps-simdna				artifact_bytes	941						
compile	iso-ts			plain	same program	libpcre2_10.46_interp-caps-simdna				median_total_ns	3900.000000	5					
compile	iso-ts			plain	same program	libpcre2_10.46_interp-caps-simdna				jitter	timer-floor						
compile	iso-ts			plain	same program	libpcre2_10.46_interp-caps-simdna				artifact_bytes	324						
compile	kv-quoted			plain	same program	libpcre2_10.46_interp-caps-simdna				median_total_ns	2680.000000	5					
compile	kv-quoted			plain	same program	libpcre2_10.46_interp-caps-simdna				jitter	timer-floor						
compile	kv-quoted			plain	same program	libpcre2_10.46_interp-caps-simdna				artifact_bytes	283						
compile	level-context			plain	same program	libpcre2_10.46_interp-caps-simdna				median_total_ns	4430.000000	5					
compile	level-context			plain	same program	libpcre2_10.46_interp-caps-simdna				jitter	timer-floor						
compile	level-context			plain	same program	libpcre2_10.46_interp-caps-simdna				artifact_bytes	305						
compile	stack-frame			plain	same program	libpcre2_10.46_interp-caps-simdna				median_total_ns	12250.000000	5					
compile	stack-frame			plain	same program	libpcre2_10.46_interp-caps-simdna				jitter	timer-floor						
compile	stack-frame			plain	same program	libpcre2_10.46_interp-caps-simdna				artifact_bytes	533						
compile	uuid			plain	same program	libpcre2_10.46_interp-caps-simdna				median_total_ns	3150.000000	5					
compile	uuid			plain	same program	libpcre2_10.46_interp-caps-simdna				jitter	timer-floor						
compile	uuid			plain	same program	libpcre2_10.46_interp-caps-simdna				artifact_bytes	425						
compile	bignum			plain	same program	libpcre2_10.46_jit-caps-simdna				median_total_ns	9240.000000	5					
compile	bignum			plain	same program	libpcre2_10.46_jit-caps-simdna				jitter	timer-floor						
compile	bignum			plain	same program	libpcre2_10.46_jit-caps-simdna				artifact_bytes	199						
compile_stamp						libpcre2_10.46_jit-caps-simdna				engine	-						
compile_stamp						libpcre2_10.46_jit-caps-simdna				entry	plain entry						
compile_stamp						libpcre2_10.46_jit-caps-simdna				prefilter	-						
compile_stamp						libpcre2_10.46_jit-caps-simdna				vm_rungs	-						
compile_stamp						libpcre2_10.46_jit-caps-simdna				buffers	n/s						
compile_stamp						libpcre2_10.46_jit-caps-simdna				frame	n/s						
compile	floor			plain	same program	libpcre2_10.46_jit-caps-simdna				median_total_ns	6350.000000	5					
compile	floor			plain	same program	libpcre2_10.46_jit-caps-simdna				jitter	timer-floor						
compile	floor			plain	same program	libpcre2_10.46_jit-caps-simdna				artifact_bytes	161						
compile	hex32-id			plain	same program	libpcre2_10.46_jit-caps-simdna				median_total_ns	9160.000000	5					
compile	hex32-id			plain	same program	libpcre2_10.46_jit-caps-simdna				jitter	timer-floor						
compile	hex32-id			plain	same program	libpcre2_10.46_jit-caps-simdna				artifact_bytes	199						
compile	http-5xx			plain	same program	libpcre2_10.46_jit-caps-simdna				median_total_ns	24500.000000	5					
compile	http-5xx			plain	same program	libpcre2_10.46_jit-caps-simdna				jitter	1.027						
compile	http-5xx			plain	same program	libpcre2_10.46_jit-caps-simdna				artifact_bytes	362						
compile	ipv4			plain	same program	libpcre2_10.46_jit-caps-simdna				median_total_ns	27240.000000	5					
compile	ipv4			plain	same program	libpcre2_10.46_jit-caps-simdna				jitter	1.014						
compile	ipv4			plain	same program	libpcre2_10.46_jit-caps-simdna				artifact_bytes	1203						
compile	ipv6			plain	same program	libpcre2_10.46_jit-caps-simdna				median_total_ns	24750.000000	5					
compile	ipv6			plain	same program	libpcre2_10.46_jit-caps-simdna				jitter	1.075						
compile	ipv6			plain	same program	libpcre2_10.46_jit-caps-simdna				artifact_bytes	941						
compile	iso-ts			plain	same program	libpcre2_10.46_jit-caps-simdna				median_total_ns	25301.000000	5					
compile	iso-ts			plain	same program	libpcre2_10.46_jit-caps-simdna				jitter	1.564						
compile	iso-ts			plain	same program	libpcre2_10.46_jit-caps-simdna				artifact_bytes	324						
compile	kv-quoted			plain	same program	libpcre2_10.46_jit-caps-simdna				median_total_ns	17611.000000	5					
compile	kv-quoted			plain	same program	libpcre2_10.46_jit-caps-simdna				jitter	timer-floor						
compile	kv-quoted			plain	same program	libpcre2_10.46_jit-caps-simdna				artifact_bytes	283						
compile	level-context			plain	same program	libpcre2_10.46_jit-caps-simdna				median_total_ns	22150.000000	5					
compile	level-context			plain	same program	libpcre2_10.46_jit-caps-simdna				jitter	timer-floor						
compile	level-context			plain	same program	libpcre2_10.46_jit-caps-simdna				artifact_bytes	305						
compile	stack-frame			plain	same program	libpcre2_10.46_jit-caps-simdna				median_total_ns	29460.000000	5					
compile	stack-frame			plain	same program	libpcre2_10.46_jit-caps-simdna				jitter	1.524						
compile	stack-frame			plain	same program	libpcre2_10.46_jit-caps-simdna				artifact_bytes	533						
compile	uuid			plain	same program	libpcre2_10.46_jit-caps-simdna				median_total_ns	21370.000000	5					
compile	uuid			plain	same program	libpcre2_10.46_jit-caps-simdna				jitter	timer-floor						
compile	uuid			plain	same program	libpcre2_10.46_jit-caps-simdna				artifact_bytes	425						
compile	bignum			plain	same program	pcrec_1989c62_auto-nocaps-simdna				median_total_ns	138785731.000000	5					
compile	bignum			plain	same program	pcrec_1989c62_auto-nocaps-simdna				jitter	0.034						
compile	bignum			plain	same program	pcrec_1989c62_auto-nocaps-simdna				artifact_bytes	27248						
compile	bignum			plain	same program	pcrec_1989c62_auto-nocaps-simdna				emit_bytes	23899						
compile	bignum			plain	same program	pcrec_1989c62_auto-nocaps-simdna				emit_code_bytes	14648						
compile_stamp						pcrec_1989c62_auto-nocaps-simdna				engine	dfa						
compile_stamp						pcrec_1989c62_auto-nocaps-simdna				entry	plain entry						
compile_stamp						pcrec_1989c62_auto-nocaps-simdna				prefilter	-						
compile_stamp						pcrec_1989c62_auto-nocaps-simdna				vm_rungs	-						
compile_stamp						pcrec_1989c62_auto-nocaps-simdna				buffers	0 (DFA)						
compile_stamp						pcrec_1989c62_auto-nocaps-simdna				frame	0 (DFA)						
compile_stamp						pcrec_1989c62_auto-nocaps-simdna				dfa_prefilter_offsets	none						
compile_stamp						pcrec_1989c62_auto-nocaps-simdna				dfa_match	unwrapped						
compile_stamp						pcrec_1989c62_auto-nocaps-simdna				dfa_scan_edge	none						
compile_stamp						pcrec_1989c62_auto-nocaps-simdna				engine_sel	selected						
compile	bignum			whole-subject	separate artifact	pcrec_1989c62_auto-nocaps-simdna				median_total_ns	157246751.000000	5					
compile	bignum			whole-subject	separate artifact	pcrec_1989c62_auto-nocaps-simdna				jitter	0.015						
compile	bignum			whole-subject	separate artifact	pcrec_1989c62_auto-nocaps-simdna				artifact_bytes	27392						
compile	bignum			whole-subject	separate artifact	pcrec_1989c62_auto-nocaps-simdna				emit_bytes	27446						
compile	bignum			whole-subject	separate artifact	pcrec_1989c62_auto-nocaps-simdna				emit_code_bytes	16619						
compile	floor			plain	same program	pcrec_1989c62_auto-nocaps-simdna				median_total_ns	130351691.000000	5					
compile	floor			plain	same program	pcrec_1989c62_auto-nocaps-simdna				jitter	0.036						
compile	floor			plain	same program	pcrec_1989c62_auto-nocaps-simdna				artifact_bytes	22832						
compile	floor			plain	same program	pcrec_1989c62_auto-nocaps-simdna				emit_bytes	17965						
compile	floor			plain	same program	pcrec_1989c62_auto-nocaps-simdna				emit_code_bytes	12968						
compile	floor			whole-subject	separate artifact	pcrec_1989c62_auto-nocaps-simdna				median_total_ns	149965677.000000	5					
compile	floor			whole-subject	separate artifact	pcrec_1989c62_auto-nocaps-simdna				jitter	0.029						
compile	floor			whole-subject	separate artifact	pcrec_1989c62_auto-nocaps-simdna				artifact_bytes	22968						
compile	floor			whole-subject	separate artifact	pcrec_1989c62_auto-nocaps-simdna				emit_bytes	20308						
compile	floor			whole-subject	separate artifact	pcrec_1989c62_auto-nocaps-simdna				emit_code_bytes	14985						
compile	hex32-id			plain	same program	pcrec_1989c62_auto-nocaps-simdna				median_total_ns	149126072.000000	5					
compile	hex32-id			plain	same program	pcrec_1989c62_auto-nocaps-simdna				jitter	0.029						
compile	hex32-id			plain	same program	pcrec_1989c62_auto-nocaps-simdna				artifact_bytes	27248						
compile	hex32-id			plain	same program	pcrec_1989c62_auto-nocaps-simdna				emit_bytes	25388						
compile	hex32-id			plain	same program	pcrec_1989c62_auto-nocaps-simdna				emit_code_bytes	14648						
compile	hex32-id			whole-subject	separate artifact	pcrec_1989c62_auto-nocaps-simdna				median_total_ns	159604784.000000	5					
compile	hex32-id			whole-subject	separate artifact	pcrec_1989c62_auto-nocaps-simdna				jitter	0.030						
compile	hex32-id			whole-subject	separate artifact	pcrec_1989c62_auto-nocaps-simdna				artifact_bytes	27392						
compile	hex32-id			whole-subject	separate artifact	pcrec_1989c62_auto-nocaps-simdna				emit_bytes	28467						
compile	hex32-id			whole-subject	separate artifact	pcrec_1989c62_auto-nocaps-simdna				emit_code_bytes	16619						
compile	http-5xx			plain	same program	pcrec_1989c62_auto-nocaps-simdna				median_total_ns	164146872.000000	5					
compile	http-5xx			plain	same program	pcrec_1989c62_auto-nocaps-simdna				jitter	0.026						
compile	http-5xx			plain	same program	pcrec_1989c62_auto-nocaps-simdna				artifact_bytes	35424						
compile	http-5xx			plain	same program	pcrec_1989c62_auto-nocaps-simdna				emit_bytes	51675						
compile	http-5xx			plain	same program	pcrec_1989c62_auto-nocaps-simdna				emit_code_bytes	15556						
compile	http-5xx			whole-subject	separate artifact	pcrec_1989c62_auto-nocaps-simdna				median_total_ns	176719396.000000	5					
compile	http-5xx			whole-subject	separate artifact	pcrec_1989c62_auto-nocaps-simdna				jitter	0.028						
compile	http-5xx			whole-subject	separate artifact	pcrec_1989c62_auto-nocaps-simdna				artifact_bytes	35568						
compile	http-5xx			whole-subject	separate artifact	pcrec_1989c62_auto-nocaps-simdna				emit_bytes	55449						
compile	http-5xx			whole-subject	separate artifact	pcrec_1989c62_auto-nocaps-simdna				emit_code_bytes	17521						
compile	ipv4			plain	same program	pcrec_1989c62_auto-nocaps-simdna				median_total_ns	140691633.000000	5					
compile	ipv4			plain	same program	pcrec_1989c62_auto-nocaps-simdna				jitter	0.053						
compile	ipv4			plain	same program	pcrec_1989c62_auto-nocaps-simdna				artifact_bytes	26920						
compile	ipv4			plain	same program	pcrec_1989c62_auto-nocaps-simdna				emit_bytes	24618						
compile	ipv4			plain	same program	pcrec_1989c62_auto-nocaps-simdna				emit_code_bytes	13000						
compile	ipv4			whole-subject	separate artifact	pcrec_1989c62_auto-nocaps-simdna				median_total_ns	150229998.000000	5					
compile	ipv4			whole-subject	separate artifact	pcrec_1989c62_auto-nocaps-simdna				jitter	0.049						
compile	ipv4			whole-subject	separate artifact	pcrec_1989c62_auto-nocaps-simdna				artifact_bytes	27064						
compile	ipv4			whole-subject	separate artifact	pcrec_1989c62_auto-nocaps-simdna				emit_bytes	28440						
compile	ipv4			whole-subject	separate artifact	pcrec_1989c62_auto-nocaps-simdna				emit_code_bytes	14912						
compile	ipv6			plain	same program	pcrec_1989c62_auto-nocaps-simdna				median_total_ns	150078008.000000	5					
compile	ipv6			plain	same program	pcrec_1989c62_auto-nocaps-simdna				jitter	0.019						
compile	ipv6			plain	same program	pcrec_1989c62_auto-nocaps-simdna				artifact_bytes	26968						
compile	ipv6			plain	same program	pcrec_1989c62_auto-nocaps-simdna				emit_bytes	25222						
compile	ipv6			plain	same program	pcrec_1989c62_auto-nocaps-simdna				emit_code_bytes	13679						
compile	ipv6			whole-subject	separate artifact	pcrec_1989c62_auto-nocaps-simdna				median_total_ns	159239382.000000	5					
compile	ipv6			whole-subject	separate artifact	pcrec_1989c62_auto-nocaps-simdna				jitter	0.028						
compile	ipv6			whole-subject	separate artifact	pcrec_1989c62_auto-nocaps-simdna				artifact_bytes	27104						
compile	ipv6			whole-subject	separate artifact	pcrec_1989c62_auto-nocaps-simdna				emit_bytes	30717						
compile	ipv6			whole-subject	separate artifact	pcrec_1989c62_auto-nocaps-simdna				emit_code_bytes	15591						
compile	iso-ts			plain	same program	pcrec_1989c62_auto-nocaps-simdna				median_total_ns	200151405.000000	5					
compile	iso-ts			plain	same program	pcrec_1989c62_auto-nocaps-simdna				jitter	0.031						
compile	iso-ts			plain	same program	pcrec_1989c62_auto-nocaps-simdna				artifact_bytes	26960						
compile	iso-ts			plain	same program	pcrec_1989c62_auto-nocaps-simdna				emit_bytes	32607						
compile	iso-ts			plain	same program	pcrec_1989c62_auto-nocaps-simdna				emit_code_bytes	19564						
compile	iso-ts			whole-subject	separate artifact	pcrec_1989c62_auto-nocaps-simdna				median_total_ns	213139562.000000	5					
compile	iso-ts			whole-subject	separate artifact	pcrec_1989c62_auto-nocaps-simdna				jitter	0.016						
compile	iso-ts			whole-subject	separate artifact	pcrec_1989c62_auto-nocaps-simdna				artifact_bytes	31200						
compile	iso-ts			whole-subject	separate artifact	pcrec_1989c62_auto-nocaps-simdna				emit_bytes	38334						
compile	iso-ts			whole-subject	separate artifact	pcrec_1989c62_auto-nocaps-simdna				emit_code_bytes	21656						
compile	kv-quoted			plain	same program	pcrec_1989c62_auto-nocaps-simdna				median_total_ns	153124326.000000	5					
compile	kv-quoted			plain	same program	pcrec_1989c62_auto-nocaps-simdna				jitter	0.018						
compile	kv-quoted			plain	same program	pcrec_1989c62_auto-nocaps-simdna				artifact_bytes	31312						
compile	kv-quoted			plain	same program	pcrec_1989c62_auto-nocaps-simdna				emit_bytes	38380						
compile	kv-quoted			plain	same program	pcrec_1989c62_auto-nocaps-simdna				emit_code_bytes	14277						
compile	kv-quoted			whole-subject	separate artifact	pcrec_1989c62_auto-nocaps-simdna				median_total_ns	160812740.000000	5					
compile	kv-quoted			whole-subject	separate artifact	pcrec_1989c62_auto-nocaps-simdna				jitter	0.034						
compile	kv-quoted			whole-subject	separate artifact	pcrec_1989c62_auto-nocaps-simdna				artifact_bytes	31408						
compile	kv-quoted			whole-subject	separate artifact	pcrec_1989c62_auto-nocaps-simdna				emit_bytes	42884						
compile	kv-quoted			whole-subject	separate artifact	pcrec_1989c62_auto-nocaps-simdna				emit_code_bytes	16072						
compile	level-context			plain	same program	pcrec_1989c62_auto-nocaps-simdna				median_total_ns	773518548.000000	5					
compile	level-context			plain	same program	pcrec_1989c62_auto-nocaps-simdna				jitter	0.002						
compile	level-context			plain	same program	pcrec_1989c62_auto-nocaps-simdna				artifact_bytes	39568						
compile	level-context			plain	same program	pcrec_1989c62_auto-nocaps-simdna				emit_bytes	76046						
compile	level-context			plain	same program	pcrec_1989c62_auto-nocaps-simdna				emit_code_bytes	34217						
compile	level-context			whole-subject	separate artifact	pcrec_1989c62_auto-nocaps-simdna				median_total_ns	984217083.000000	5					
compile	level-context			whole-subject	separate artifact	pcrec_1989c62_auto-nocaps-simdna				jitter	0.006						
compile	level-context			whole-subject	separate artifact	pcrec_1989c62_auto-nocaps-simdna				artifact_bytes	39656						
compile	level-context			whole-subject	separate artifact	pcrec_1989c62_auto-nocaps-simdna				emit_bytes	79069						
compile	level-context			whole-subject	separate artifact	pcrec_1989c62_auto-nocaps-simdna				emit_code_bytes	35638						
compile	stack-frame			plain	same program	pcrec_1989c62_auto-nocaps-simdna				median_total_ns	166216054.000000	5					
compile	stack-frame			plain	same program	pcrec_1989c62_auto-nocaps-simdna				jitter	0.036						
compile	stack-frame			plain	same program	pcrec_1989c62_auto-nocaps-simdna				artifact_bytes	39376						
compile	stack-frame			plain	same program	pcrec_1989c62_auto-nocaps-simdna				emit_bytes	64617						
compile	stack-frame			plain	same program	pcrec_1989c62_auto-nocaps-simdna				emit_code_bytes	14657						
compile	stack-frame			whole-subject	separate artifact	pcrec_1989c62_auto-nocaps-simdna				median_total_ns	173574887.000000	5					
compile	stack-frame			whole-subject	separate artifact	pcrec_1989c62_auto-nocaps-simdna				jitter	0.026						
compile	stack-frame			whole-subject	separate artifact	pcrec_1989c62_auto-nocaps-simdna				artifact_bytes	39512						
compile	stack-frame			whole-subject	separate artifact	pcrec_1989c62_auto-nocaps-simdna				emit_bytes	68911						
compile	stack-frame			whole-subject	separate artifact	pcrec_1989c62_auto-nocaps-simdna				emit_code_bytes	16622						
compile	uuid			plain	same program	pcrec_1989c62_auto-nocaps-simdna				median_total_ns	158920400.000000	5					
compile	uuid			plain	same program	pcrec_1989c62_auto-nocaps-simdna				jitter	0.021						
compile	uuid			plain	same program	pcrec_1989c62_auto-nocaps-simdna				artifact_bytes	27288						
compile	uuid			plain	same program	pcrec_1989c62_auto-nocaps-simdna				emit_bytes	31254						
compile	uuid			plain	same program	pcrec_1989c62_auto-nocaps-simdna				emit_code_bytes	15639						
compile	uuid			whole-subject	separate artifact	pcrec_1989c62_auto-nocaps-simdna				median_total_ns	158778279.000000	5					
compile	uuid			whole-subject	separate artifact	pcrec_1989c62_auto-nocaps-simdna				jitter	0.026						
compile	uuid			whole-subject	separate artifact	pcrec_1989c62_auto-nocaps-simdna				artifact_bytes	27432						
compile	uuid			whole-subject	separate artifact	pcrec_1989c62_auto-nocaps-simdna				emit_bytes	34527						
compile	uuid			whole-subject	separate artifact	pcrec_1989c62_auto-nocaps-simdna				emit_code_bytes	17610						
compile	bignum			plain	same program	pcrec_1989c62_vm-caps-simdna				median_total_ns	172119478.000000	5					
compile	bignum			plain	same program	pcrec_1989c62_vm-caps-simdna				jitter	0.024						
compile	bignum			plain	same program	pcrec_1989c62_vm-caps-simdna				artifact_bytes	22456						
compile	bignum			plain	same program	pcrec_1989c62_vm-caps-simdna				emit_bytes	19453						
compile	bignum			plain	same program	pcrec_1989c62_vm-caps-simdna				emit_code_bytes	19222						
compile_stamp						pcrec_1989c62_vm-caps-simdna				engine	vm						
compile_stamp						pcrec_1989c62_vm-caps-simdna				entry	plain entry						
compile_stamp						pcrec_1989c62_vm-caps-simdna				prefilter	none						
compile_stamp						pcrec_1989c62_vm-caps-simdna				vm_rungs	PCREC_VM_RUNG_CURSOR						
compile_stamp						pcrec_1989c62_vm-caps-simdna				buffers	2/2 (stamped default)						
compile_stamp						pcrec_1989c62_vm-caps-simdna				frame	24						
compile_stamp						pcrec_1989c62_vm-caps-simdna				engine_sel	forced						
compile	bignum			whole-subject	separate artifact	pcrec_1989c62_vm-caps-simdna				median_total_ns	172581122.000000	5					
compile	bignum			whole-subject	separate artifact	pcrec_1989c62_vm-caps-simdna				jitter	0.022						
compile	bignum			whole-subject	separate artifact	pcrec_1989c62_vm-caps-simdna				artifact_bytes	22456						
compile	bignum			whole-subject	separate artifact	pcrec_1989c62_vm-caps-simdna				emit_bytes	19564						
compile	bignum			whole-subject	separate artifact	pcrec_1989c62_vm-caps-simdna				emit_code_bytes	19333						
compile	floor			plain	same program	pcrec_1989c62_vm-caps-simdna				median_total_ns	134203413.000000	5					
compile	floor			plain	same program	pcrec_1989c62_vm-caps-simdna				jitter	0.040						
compile	floor			plain	same program	pcrec_1989c62_vm-caps-simdna				artifact_bytes	22376						
compile	floor			plain	same program	pcrec_1989c62_vm-caps-simdna				emit_bytes	17258						
compile	floor			plain	same program	pcrec_1989c62_vm-caps-simdna				emit_code_bytes	17258						
compile	floor			whole-subject	separate artifact	pcrec_1989c62_vm-caps-simdna				median_total_ns	136354437.000000	5					
compile	floor			whole-subject	separate artifact	pcrec_1989c62_vm-caps-simdna				jitter	0.028						
compile	floor			whole-subject	separate artifact	pcrec_1989c62_vm-caps-simdna				artifact_bytes	22376						
compile	floor			whole-subject	separate artifact	pcrec_1989c62_vm-caps-simdna				emit_bytes	17369						
compile	floor			whole-subject	separate artifact	pcrec_1989c62_vm-caps-simdna				emit_code_bytes	17369						
compile	hex32-id			plain	same program	pcrec_1989c62_vm-caps-simdna				median_total_ns	155185128.000000	5					
compile	hex32-id			plain	same program	pcrec_1989c62_vm-caps-simdna				jitter	0.024						
compile	hex32-id			plain	same program	pcrec_1989c62_vm-caps-simdna				artifact_bytes	22504						
compile	hex32-id			plain	same program	pcrec_1989c62_vm-caps-simdna				emit_bytes	18951						
compile	hex32-id			plain	same program	pcrec_1989c62_vm-caps-simdna				emit_code_bytes	18489						
compile	hex32-id			whole-subject	separate artifact	pcrec_1989c62_vm-caps-simdna				median_total_ns	162084089.000000	5					
compile	hex32-id			whole-subject	separate artifact	pcrec_1989c62_vm-caps-simdna				jitter	0.027						
compile	hex32-id			whole-subject	separate artifact	pcrec_1989c62_vm-caps-simdna				artifact_bytes	22504						
compile	hex32-id			whole-subject	separate artifact	pcrec_1989c62_vm-caps-simdna				emit_bytes	19062						
compile	hex32-id			whole-subject	separate artifact	pcrec_1989c62_vm-caps-simdna				emit_code_bytes	18600						
compile	http-5xx			plain	same program	pcrec_1989c62_vm-caps-simdna				median_total_ns	211562902.000000	5					
compile	http-5xx			plain	same program	pcrec_1989c62_vm-caps-simdna				jitter	0.023						
compile	http-5xx			plain	same program	pcrec_1989c62_vm-caps-simdna				artifact_bytes	26600						
compile	http-5xx			plain	same program	pcrec_1989c62_vm-caps-simdna				emit_bytes	26486						
compile	http-5xx			plain	same program	pcrec_1989c62_vm-caps-simdna				emit_code_bytes	26022						
compile	http-5xx			whole-subject	separate artifact	pcrec_1989c62_vm-caps-simdna				median_total_ns	211170729.000000	5					
compile	http-5xx			whole-subject	separate artifact	pcrec_1989c62_vm-caps-simdna				jitter	0.004						
compile	http-5xx			whole-subject	separate artifact	pcrec_1989c62_vm-caps-simdna				artifact_bytes	26600						
compile	http-5xx			whole-subject	separate artifact	pcrec_1989c62_vm-caps-simdna				emit_bytes	26599						
compile	http-5xx			whole-subject	separate artifact	pcrec_1989c62_vm-caps-simdna				emit_code_bytes	26135						
compile	ipv4			plain	same program	pcrec_1989c62_vm-caps-simdna				median_total_ns	245925955.000000	5					
compile	ipv4			plain	same program	pcrec_1989c62_vm-caps-simdna				jitter	0.006						
compile	ipv4			plain	same program	pcrec_1989c62_vm-caps-simdna				artifact_bytes	26512						
compile	ipv4			plain	same program	pcrec_1989c62_vm-caps-simdna				emit_bytes	30241						
compile	ipv4			plain	same program	pcrec_1989c62_vm-caps-simdna				emit_code_bytes	30241						
compile	ipv4			whole-subject	separate artifact	pcrec_1989c62_vm-caps-simdna				median_total_ns	249025903.000000	5					
compile	ipv4			whole-subject	separate artifact	pcrec_1989c62_vm-caps-simdna				jitter	0.015						
compile	ipv4			whole-subject	separate artifact	pcrec_1989c62_vm-caps-simdna				artifact_bytes	26512						
compile	ipv4			whole-subject	separate artifact	pcrec_1989c62_vm-caps-simdna				emit_bytes	30357						
compile	ipv4			whole-subject	separate artifact	pcrec_1989c62_vm-caps-simdna				emit_code_bytes	30357						
compile	ipv6			plain	same program	pcrec_1989c62_vm-caps-simdna				median_total_ns	398559668.000000	5					
compile	ipv6			plain	same program	pcrec_1989c62_vm-caps-simdna				jitter	0.011						
compile	ipv6			plain	same program	pcrec_1989c62_vm-caps-simdna				artifact_bytes	30648						
compile	ipv6			plain	same program	pcrec_1989c62_vm-caps-simdna				emit_bytes	37996						
compile	ipv6			plain	same program	pcrec_1989c62_vm-caps-simdna				emit_code_bytes	37765						
compile	ipv6			whole-subject	separate artifact	pcrec_1989c62_vm-caps-simdna				median_total_ns	398474817.000000	5					
compile	ipv6			whole-subject	separate artifact	pcrec_1989c62_vm-caps-simdna				jitter	0.019						
compile	ipv6			whole-subject	separate artifact	pcrec_1989c62_vm-caps-simdna				artifact_bytes	30648						
compile	ipv6			whole-subject	separate artifact	pcrec_1989c62_vm-caps-simdna				emit_bytes	38110						
compile	ipv6			whole-subject	separate artifact	pcrec_1989c62_vm-caps-simdna				emit_code_bytes	37879						
compile	iso-ts			plain	same program	pcrec_1989c62_vm-caps-simdna				median_total_ns	233890133.000000	5					
compile	iso-ts			plain	same program	pcrec_1989c62_vm-caps-simdna				jitter	0.031						
compile	iso-ts			plain	same program	pcrec_1989c62_vm-caps-simdna				artifact_bytes	26640						
compile	iso-ts			plain	same program	pcrec_1989c62_vm-caps-simdna				emit_bytes	26286						
compile	iso-ts			plain	same program	pcrec_1989c62_vm-caps-simdna				emit_code_bytes	25593						
compile	iso-ts			whole-subject	separate artifact	pcrec_1989c62_vm-caps-simdna				median_total_ns	242167953.000000	5					
compile	iso-ts			whole-subject	separate artifact	pcrec_1989c62_vm-caps-simdna				jitter	0.028						
compile	iso-ts			whole-subject	separate artifact	pcrec_1989c62_vm-caps-simdna				artifact_bytes	26640						
compile	iso-ts			whole-subject	separate artifact	pcrec_1989c62_vm-caps-simdna				emit_bytes	26401						
compile	iso-ts			whole-subject	separate artifact	pcrec_1989c62_vm-caps-simdna				emit_code_bytes	25708						
compile	kv-quoted			plain	same program	pcrec_1989c62_vm-caps-simdna				median_total_ns	185976710.000000	5					
compile	kv-quoted			plain	same program	pcrec_1989c62_vm-caps-simdna				jitter	0.036						
compile	kv-quoted			plain	same program	pcrec_1989c62_vm-caps-simdna				artifact_bytes	26720						
compile	kv-quoted			plain	same program	pcrec_1989c62_vm-caps-simdna				emit_bytes	22186						
compile	kv-quoted			plain	same program	pcrec_1989c62_vm-caps-simdna				emit_code_bytes	21031						
compile	kv-quoted			whole-subject	separate artifact	pcrec_1989c62_vm-caps-simdna				median_total_ns	188433775.000000	5					
compile	kv-quoted			whole-subject	separate artifact	pcrec_1989c62_vm-caps-simdna				jitter	0.022						
compile	kv-quoted			whole-subject	separate artifact	pcrec_1989c62_vm-caps-simdna				artifact_bytes	26720						
compile	kv-quoted			whole-subject	separate artifact	pcrec_1989c62_vm-caps-simdna				emit_bytes	22299						
compile	kv-quoted			whole-subject	separate artifact	pcrec_1989c62_vm-caps-simdna				emit_code_bytes	21144						
compile	level-context			plain	same program	pcrec_1989c62_vm-caps-simdna				median_total_ns	225929317.000000	5					
compile	level-context			plain	same program	pcrec_1989c62_vm-caps-simdna				jitter	0.018						
compile	level-context			plain	same program	pcrec_1989c62_vm-caps-simdna				artifact_bytes	26600						
compile	level-context			plain	same program	pcrec_1989c62_vm-caps-simdna				emit_bytes	29375						
compile	level-context			plain	same program	pcrec_1989c62_vm-caps-simdna				emit_code_bytes	28912						
compile	level-context			whole-subject	separate artifact	pcrec_1989c62_vm-caps-simdna				median_total_ns	229044395.000000	5					
compile	level-context			whole-subject	separate artifact	pcrec_1989c62_vm-caps-simdna				jitter	0.037						
compile	level-context			whole-subject	separate artifact	pcrec_1989c62_vm-caps-simdna				artifact_bytes	26600						
compile	level-context			whole-subject	separate artifact	pcrec_1989c62_vm-caps-simdna				emit_bytes	29488						
compile	level-context			whole-subject	separate artifact	pcrec_1989c62_vm-caps-simdna				emit_code_bytes	29025						
compile	stack-frame			plain	same program	pcrec_1989c62_vm-caps-simdna				median_total_ns	269314845.000000	5					
compile	stack-frame			plain	same program	pcrec_1989c62_vm-caps-simdna				jitter	0.013						
compile	stack-frame			plain	same program	pcrec_1989c62_vm-caps-simdna				artifact_bytes	26760						
compile	stack-frame			plain	same program	pcrec_1989c62_vm-caps-simdna				emit_bytes	33616						
compile	stack-frame			plain	same program	pcrec_1989c62_vm-caps-simdna				emit_code_bytes	32923						
compile	stack-frame			whole-subject	separate artifact	pcrec_1989c62_vm-caps-simdna				median_total_ns	268529619.000000	5					
compile	stack-frame			whole-subject	separate artifact	pcrec_1989c62_vm-caps-simdna				jitter	0.001						
compile	stack-frame			whole-subject	separate artifact	pcrec_1989c62_vm-caps-simdna				artifact_bytes	26760						
compile	stack-frame			whole-subject	separate artifact	pcrec_1989c62_vm-caps-simdna				emit_bytes	33729						
compile	stack-frame			whole-subject	separate artifact	pcrec_1989c62_vm-caps-simdna				emit_code_bytes	33036						
compile	uuid			plain	same program	pcrec_1989c62_vm-caps-simdna				median_total_ns	203795256.000000	5					
compile	uuid			plain	same program	pcrec_1989c62_vm-caps-simdna				jitter	0.029						
compile	uuid			plain	same program	pcrec_1989c62_vm-caps-simdna				artifact_bytes	26640						
compile	uuid			plain	same program	pcrec_1989c62_vm-caps-simdna				emit_bytes	23006						
compile	uuid			plain	same program	pcrec_1989c62_vm-caps-simdna				emit_code_bytes	22313						
compile	uuid			whole-subject	separate artifact	pcrec_1989c62_vm-caps-simdna				median_total_ns	202978901.000000	5					
compile	uuid			whole-subject	separate artifact	pcrec_1989c62_vm-caps-simdna				jitter	0.020						
compile	uuid			whole-subject	separate artifact	pcrec_1989c62_vm-caps-simdna				artifact_bytes	26640						
compile	uuid			whole-subject	separate artifact	pcrec_1989c62_vm-caps-simdna				emit_bytes	23119						
compile	uuid			whole-subject	separate artifact	pcrec_1989c62_vm-caps-simdna				emit_code_bytes	22426						
compile	bignum			plain	same program	pcrec_1989c62_vm-in-caps-simdna				median_total_ns	166452618.000000	5					
compile	bignum			plain	same program	pcrec_1989c62_vm-in-caps-simdna				jitter	0.017						
compile	bignum			plain	same program	pcrec_1989c62_vm-in-caps-simdna				artifact_bytes	22456						
compile	bignum			plain	same program	pcrec_1989c62_vm-in-caps-simdna				emit_bytes	19453						
compile	bignum			plain	same program	pcrec_1989c62_vm-in-caps-simdna				emit_code_bytes	19222						
compile_stamp						pcrec_1989c62_vm-in-caps-simdna				engine	vm						
compile_stamp						pcrec_1989c62_vm-in-caps-simdna				entry	_in						
compile_stamp						pcrec_1989c62_vm-in-caps-simdna				prefilter	none						
compile_stamp						pcrec_1989c62_vm-in-caps-simdna				vm_rungs	PCREC_VM_RUNG_CURSOR						
compile_stamp						pcrec_1989c62_vm-in-caps-simdna				buffers	32768/131072 (caller-provided)						
compile_stamp						pcrec_1989c62_vm-in-caps-simdna				frame	24						
compile_stamp						pcrec_1989c62_vm-in-caps-simdna				engine_sel	forced						
compile	bignum			whole-subject	separate artifact	pcrec_1989c62_vm-in-caps-simdna				median_total_ns	172067582.000000	5					
compile	bignum			whole-subject	separate artifact	pcrec_1989c62_vm-in-caps-simdna				jitter	0.040						
compile	bignum			whole-subject	separate artifact	pcrec_1989c62_vm-in-caps-simdna				artifact_bytes	22456						
compile	bignum			whole-subject	separate artifact	pcrec_1989c62_vm-in-caps-simdna				emit_bytes	19564						
compile	bignum			whole-subject	separate artifact	pcrec_1989c62_vm-in-caps-simdna				emit_code_bytes	19333						
compile	floor			plain	same program	pcrec_1989c62_vm-in-caps-simdna				median_total_ns	135599687.000000	5					
compile	floor			plain	same program	pcrec_1989c62_vm-in-caps-simdna				jitter	0.016						
compile	floor			plain	same program	pcrec_1989c62_vm-in-caps-simdna				artifact_bytes	22376						
compile	floor			plain	same program	pcrec_1989c62_vm-in-caps-simdna				emit_bytes	17258						
compile	floor			plain	same program	pcrec_1989c62_vm-in-caps-simdna				emit_code_bytes	17258						
compile	floor			whole-subject	separate artifact	pcrec_1989c62_vm-in-caps-simdna				median_total_ns	139022937.000000	5					
compile	floor			whole-subject	separate artifact	pcrec_1989c62_vm-in-caps-simdna				jitter	0.011						
compile	floor			whole-subject	separate artifact	pcrec_1989c62_vm-in-caps-simdna				artifact_bytes	22376						
compile	floor			whole-subject	separate artifact	pcrec_1989c62_vm-in-caps-simdna				emit_bytes	17369						
compile	floor			whole-subject	separate artifact	pcrec_1989c62_vm-in-caps-simdna				emit_code_bytes	17369						
compile	hex32-id			plain	same program	pcrec_1989c62_vm-in-caps-simdna				median_total_ns	161097847.000000	5					
compile	hex32-id			plain	same program	pcrec_1989c62_vm-in-caps-simdna				jitter	0.020						
compile	hex32-id			plain	same program	pcrec_1989c62_vm-in-caps-simdna				artifact_bytes	22504						
compile	hex32-id			plain	same program	pcrec_1989c62_vm-in-caps-simdna				emit_bytes	18951						
compile	hex32-id			plain	same program	pcrec_1989c62_vm-in-caps-simdna				emit_code_bytes	18489						
compile	hex32-id			whole-subject	separate artifact	pcrec_1989c62_vm-in-caps-simdna				median_total_ns	161637940.000000	5					
compile	hex32-id			whole-subject	separate artifact	pcrec_1989c62_vm-in-caps-simdna				jitter	0.026						
compile	hex32-id			whole-subject	separate artifact	pcrec_1989c62_vm-in-caps-simdna				artifact_bytes	22504						
compile	hex32-id			whole-subject	separate artifact	pcrec_1989c62_vm-in-caps-simdna				emit_bytes	19062						
compile	hex32-id			whole-subject	separate artifact	pcrec_1989c62_vm-in-caps-simdna				emit_code_bytes	18600						
compile	http-5xx			plain	same program	pcrec_1989c62_vm-in-caps-simdna				median_total_ns	211917865.000000	5					
compile	http-5xx			plain	same program	pcrec_1989c62_vm-in-caps-simdna				jitter	0.021						
compile	http-5xx			plain	same program	pcrec_1989c62_vm-in-caps-simdna				artifact_bytes	26600						
compile	http-5xx			plain	same program	pcrec_1989c62_vm-in-caps-simdna				emit_bytes	26486						
compile	http-5xx			plain	same program	pcrec_1989c62_vm-in-caps-simdna				emit_code_bytes	26022						
compile	http-5xx			whole-subject	separate artifact	pcrec_1989c62_vm-in-caps-simdna				median_total_ns	212629431.000000	5					
compile	http-5xx			whole-subject	separate artifact	pcrec_1989c62_vm-in-caps-simdna				jitter	0.017						
compile	http-5xx			whole-subject	separate artifact	pcrec_1989c62_vm-in-caps-simdna				artifact_bytes	26600						
compile	http-5xx			whole-subject	separate artifact	pcrec_1989c62_vm-in-caps-simdna				emit_bytes	26599						
compile	http-5xx			whole-subject	separate artifact	pcrec_1989c62_vm-in-caps-simdna				emit_code_bytes	26135						
compile	ipv4			plain	same program	pcrec_1989c62_vm-in-caps-simdna				median_total_ns	248336010.000000	5					
compile	ipv4			plain	same program	pcrec_1989c62_vm-in-caps-simdna				jitter	0.017						
compile	ipv4			plain	same program	pcrec_1989c62_vm-in-caps-simdna				artifact_bytes	26512						
compile	ipv4			plain	same program	pcrec_1989c62_vm-in-caps-simdna				emit_bytes	30241						
compile	ipv4			plain	same program	pcrec_1989c62_vm-in-caps-simdna				emit_code_bytes	30241						
compile	ipv4			whole-subject	separate artifact	pcrec_1989c62_vm-in-caps-simdna				median_total_ns	240079592.000000	5					
compile	ipv4			whole-subject	separate artifact	pcrec_1989c62_vm-in-caps-simdna				jitter	0.021						
compile	ipv4			whole-subject	separate artifact	pcrec_1989c62_vm-in-caps-simdna				artifact_bytes	26512						
compile	ipv4			whole-subject	separate artifact	pcrec_1989c62_vm-in-caps-simdna				emit_bytes	30357						
compile	ipv4			whole-subject	separate artifact	pcrec_1989c62_vm-in-caps-simdna				emit_code_bytes	30357						
compile	ipv6			plain	same program	pcrec_1989c62_vm-in-caps-simdna				median_total_ns	401856353.000000	5					
compile	ipv6			plain	same program	pcrec_1989c62_vm-in-caps-simdna				jitter	0.011						
compile	ipv6			plain	same program	pcrec_1989c62_vm-in-caps-simdna				artifact_bytes	30648						
compile	ipv6			plain	same program	pcrec_1989c62_vm-in-caps-simdna				emit_bytes	37996						
compile	ipv6			plain	same program	pcrec_1989c62_vm-in-caps-simdna				emit_code_bytes	37765						
compile	ipv6			whole-subject	separate artifact	pcrec_1989c62_vm-in-caps-simdna				median_total_ns	399529840.000000	5					
compile	ipv6			whole-subject	separate artifact	pcrec_1989c62_vm-in-caps-simdna				jitter	0.004						
compile	ipv6			whole-subject	separate artifact	pcrec_1989c62_vm-in-caps-simdna				artifact_bytes	30648						
compile	ipv6			whole-subject	separate artifact	pcrec_1989c62_vm-in-caps-simdna				emit_bytes	38110						
compile	ipv6			whole-subject	separate artifact	pcrec_1989c62_vm-in-caps-simdna				emit_code_bytes	37879						
compile	iso-ts			plain	same program	pcrec_1989c62_vm-in-caps-simdna				median_total_ns	241821333.000000	5					
compile	iso-ts			plain	same program	pcrec_1989c62_vm-in-caps-simdna				jitter	0.025						
compile	iso-ts			plain	same program	pcrec_1989c62_vm-in-caps-simdna				artifact_bytes	26640						
compile	iso-ts			plain	same program	pcrec_1989c62_vm-in-caps-simdna				emit_bytes	26286						
compile	iso-ts			plain	same program	pcrec_1989c62_vm-in-caps-simdna				emit_code_bytes	25593						
compile	iso-ts			whole-subject	separate artifact	pcrec_1989c62_vm-in-caps-simdna				median_total_ns	238292691.000000	5					
compile	iso-ts			whole-subject	separate artifact	pcrec_1989c62_vm-in-caps-simdna				jitter	0.016						
compile	iso-ts			whole-subject	separate artifact	pcrec_1989c62_vm-in-caps-simdna				artifact_bytes	26640						
compile	iso-ts			whole-subject	separate artifact	pcrec_1989c62_vm-in-caps-simdna				emit_bytes	26401						
compile	iso-ts			whole-subject	separate artifact	pcrec_1989c62_vm-in-caps-simdna				emit_code_bytes	25708						
compile	kv-quoted			plain	same program	pcrec_1989c62_vm-in-caps-simdna				median_total_ns	185458281.000000	5					
compile	kv-quoted			plain	same program	pcrec_1989c62_vm-in-caps-simdna				jitter	0.022						
compile	kv-quoted			plain	same program	pcrec_1989c62_vm-in-caps-simdna				artifact_bytes	26720						
compile	kv-quoted			plain	same program	pcrec_1989c62_vm-in-caps-simdna				emit_bytes	22186						
compile	kv-quoted			plain	same program	pcrec_1989c62_vm-in-caps-simdna				emit_code_bytes	21031						
compile	kv-quoted			whole-subject	separate artifact	pcrec_1989c62_vm-in-caps-simdna				median_total_ns	188318208.000000	5					
compile	kv-quoted			whole-subject	separate artifact	pcrec_1989c62_vm-in-caps-simdna				jitter	0.008						
compile	kv-quoted			whole-subject	separate artifact	pcrec_1989c62_vm-in-caps-simdna				artifact_bytes	26720						
compile	kv-quoted			whole-subject	separate artifact	pcrec_1989c62_vm-in-caps-simdna				emit_bytes	22299						
compile	kv-quoted			whole-subject	separate artifact	pcrec_1989c62_vm-in-caps-simdna				emit_code_bytes	21144						
compile	level-context			plain	same program	pcrec_1989c62_vm-in-caps-simdna				median_total_ns	220290526.000000	5					
compile	level-context			plain	same program	pcrec_1989c62_vm-in-caps-simdna				jitter	0.015						
compile	level-context			plain	same program	pcrec_1989c62_vm-in-caps-simdna				artifact_bytes	26600						
compile	level-context			plain	same program	pcrec_1989c62_vm-in-caps-simdna				emit_bytes	29375						
compile	level-context			plain	same program	pcrec_1989c62_vm-in-caps-simdna				emit_code_bytes	28912						
compile	level-context			whole-subject	separate artifact	pcrec_1989c62_vm-in-caps-simdna				median_total_ns	227170486.000000	5					
compile	level-context			whole-subject	separate artifact	pcrec_1989c62_vm-in-caps-simdna				jitter	0.027						
compile	level-context			whole-subject	separate artifact	pcrec_1989c62_vm-in-caps-simdna				artifact_bytes	26600						
compile	level-context			whole-subject	separate artifact	pcrec_1989c62_vm-in-caps-simdna				emit_bytes	29488						
compile	level-context			whole-subject	separate artifact	pcrec_1989c62_vm-in-caps-simdna				emit_code_bytes	29025						
compile	stack-frame			plain	same program	pcrec_1989c62_vm-in-caps-simdna				median_total_ns	268577119.000000	5					
compile	stack-frame			plain	same program	pcrec_1989c62_vm-in-caps-simdna				jitter	0.018						
compile	stack-frame			plain	same program	pcrec_1989c62_vm-in-caps-simdna				artifact_bytes	26760						
compile	stack-frame			plain	same program	pcrec_1989c62_vm-in-caps-simdna				emit_bytes	33616						
compile	stack-frame			plain	same program	pcrec_1989c62_vm-in-caps-simdna				emit_code_bytes	32923						
compile	stack-frame			whole-subject	separate artifact	pcrec_1989c62_vm-in-caps-simdna				median_total_ns	268336387.000000	5					
compile	stack-frame			whole-subject	separate artifact	pcrec_1989c62_vm-in-caps-simdna				jitter	0.016						
compile	stack-frame			whole-subject	separate artifact	pcrec_1989c62_vm-in-caps-simdna				artifact_bytes	26760						
compile	stack-frame			whole-subject	separate artifact	pcrec_1989c62_vm-in-caps-simdna				emit_bytes	33729						
compile	stack-frame			whole-subject	separate artifact	pcrec_1989c62_vm-in-caps-simdna				emit_code_bytes	33036						
compile	uuid			plain	same program	pcrec_1989c62_vm-in-caps-simdna				median_total_ns	202006239.000000	5					
compile	uuid			plain	same program	pcrec_1989c62_vm-in-caps-simdna				jitter	0.016						
compile	uuid			plain	same program	pcrec_1989c62_vm-in-caps-simdna				artifact_bytes	26640						
compile	uuid			plain	same program	pcrec_1989c62_vm-in-caps-simdna				emit_bytes	23006						
compile	uuid			plain	same program	pcrec_1989c62_vm-in-caps-simdna				emit_code_bytes	22313						
compile	uuid			whole-subject	separate artifact	pcrec_1989c62_vm-in-caps-simdna				median_total_ns	200421699.000000	5					
compile	uuid			whole-subject	separate artifact	pcrec_1989c62_vm-in-caps-simdna				jitter	0.022						
compile	uuid			whole-subject	separate artifact	pcrec_1989c62_vm-in-caps-simdna				artifact_bytes	26640						
compile	uuid			whole-subject	separate artifact	pcrec_1989c62_vm-in-caps-simdna				emit_bytes	23119						
compile	uuid			whole-subject	separate artifact	pcrec_1989c62_vm-in-caps-simdna				emit_code_bytes	22426						
compile	bignum			plain	same program	pcrec_25b1984f_auto-caps-simdna				median_total_ns	151998457.000000	5					
compile	bignum			plain	same program	pcrec_25b1984f_auto-caps-simdna				jitter	0.032						
compile	bignum			plain	same program	pcrec_25b1984f_auto-caps-simdna				artifact_bytes	27936						
compile	bignum			plain	same program	pcrec_25b1984f_auto-caps-simdna				emit_bytes	24228						
compile	bignum			plain	same program	pcrec_25b1984f_auto-caps-simdna				emit_code_bytes	14977						
compile_stamp						pcrec_25b1984f_auto-caps-simdna				engine	dfa						
compile_stamp						pcrec_25b1984f_auto-caps-simdna				entry	plain entry						
compile_stamp						pcrec_25b1984f_auto-caps-simdna				prefilter	-						
compile_stamp						pcrec_25b1984f_auto-caps-simdna				vm_rungs	-						
compile_stamp						pcrec_25b1984f_auto-caps-simdna				buffers	0 (DFA)						
compile_stamp						pcrec_25b1984f_auto-caps-simdna				frame	0 (DFA)						
compile_stamp						pcrec_25b1984f_auto-caps-simdna				dfa_prefilter_offsets	none						
compile_stamp						pcrec_25b1984f_auto-caps-simdna				dfa_match	unwrapped						
compile_stamp						pcrec_25b1984f_auto-caps-simdna				dfa_scan_edge	none						
compile_stamp						pcrec_25b1984f_auto-caps-simdna				scan_edges	0						
compile_stamp						pcrec_25b1984f_auto-caps-simdna				scan_edges_match	0						
compile_stamp						pcrec_25b1984f_auto-caps-simdna				engine_sel	selected						
compile	bignum			whole-subject	separate artifact	pcrec_25b1984f_auto-caps-simdna				median_total_ns	164968010.000000	5					
compile	bignum			whole-subject	separate artifact	pcrec_25b1984f_auto-caps-simdna				jitter	0.022						
compile	bignum			whole-subject	separate artifact	pcrec_25b1984f_auto-caps-simdna				artifact_bytes	28080						
compile	bignum			whole-subject	separate artifact	pcrec_25b1984f_auto-caps-simdna				emit_bytes	27775						
compile	bignum			whole-subject	separate artifact	pcrec_25b1984f_auto-caps-simdna				emit_code_bytes	16948						
compile	floor			plain	same program	pcrec_25b1984f_auto-caps-simdna				median_total_ns	142279465.000000	5					
compile	floor			plain	same program	pcrec_25b1984f_auto-caps-simdna				jitter	0.042						
compile	floor			plain	same program	pcrec_25b1984f_auto-caps-simdna				artifact_bytes	27608						
compile	floor			plain	same program	pcrec_25b1984f_auto-caps-simdna				emit_bytes	18294						
compile	floor			plain	same program	pcrec_25b1984f_auto-caps-simdna				emit_code_bytes	13297						
compile	floor			whole-subject	separate artifact	pcrec_25b1984f_auto-caps-simdna				median_total_ns	152641742.000000	5					
compile	floor			whole-subject	separate artifact	pcrec_25b1984f_auto-caps-simdna				jitter	0.024						
compile	floor			whole-subject	separate artifact	pcrec_25b1984f_auto-caps-simdna				artifact_bytes	27752						
compile	floor			whole-subject	separate artifact	pcrec_25b1984f_auto-caps-simdna				emit_bytes	20637						
compile	floor			whole-subject	separate artifact	pcrec_25b1984f_auto-caps-simdna				emit_code_bytes	15314						
compile	hex32-id			plain	same program	pcrec_25b1984f_auto-caps-simdna				median_total_ns	157593639.000000	5					
compile	hex32-id			plain	same program	pcrec_25b1984f_auto-caps-simdna				jitter	0.034						
compile	hex32-id			plain	same program	pcrec_25b1984f_auto-caps-simdna				artifact_bytes	27936						
compile	hex32-id			plain	same program	pcrec_25b1984f_auto-caps-simdna				emit_bytes	25717						
compile	hex32-id			plain	same program	pcrec_25b1984f_auto-caps-simdna				emit_code_bytes	14977						
compile	hex32-id			whole-subject	separate artifact	pcrec_25b1984f_auto-caps-simdna				median_total_ns	165566392.000000	5					
compile	hex32-id			whole-subject	separate artifact	pcrec_25b1984f_auto-caps-simdna				jitter	0.032						
compile	hex32-id			whole-subject	separate artifact	pcrec_25b1984f_auto-caps-simdna				artifact_bytes	28080						
compile	hex32-id			whole-subject	separate artifact	pcrec_25b1984f_auto-caps-simdna				emit_bytes	28796						
compile	hex32-id			whole-subject	separate artifact	pcrec_25b1984f_auto-caps-simdna				emit_code_bytes	16948						
compile	http-5xx			plain	same program	pcrec_25b1984f_auto-caps-simdna				median_total_ns	172150939.000000	5					
compile	http-5xx			plain	same program	pcrec_25b1984f_auto-caps-simdna				jitter	0.018						
compile	http-5xx			plain	same program	pcrec_25b1984f_auto-caps-simdna				artifact_bytes	36112						
compile	http-5xx			plain	same program	pcrec_25b1984f_auto-caps-simdna				emit_bytes	52492						
compile	http-5xx			plain	same program	pcrec_25b1984f_auto-caps-simdna				emit_code_bytes	16373						
compile	http-5xx			whole-subject	separate artifact	pcrec_25b1984f_auto-caps-simdna				median_total_ns	190465380.000000	5					
compile	http-5xx			whole-subject	separate artifact	pcrec_25b1984f_auto-caps-simdna				jitter	0.024						
compile	http-5xx			whole-subject	separate artifact	pcrec_25b1984f_auto-caps-simdna				artifact_bytes	36248						
compile	http-5xx			whole-subject	separate artifact	pcrec_25b1984f_auto-caps-simdna				emit_bytes	56266						
compile	http-5xx			whole-subject	separate artifact	pcrec_25b1984f_auto-caps-simdna				emit_code_bytes	18338						
compile	ipv4			plain	same program	pcrec_25b1984f_auto-caps-simdna				median_total_ns	146150186.000000	5					
compile	ipv4			plain	same program	pcrec_25b1984f_auto-caps-simdna				jitter	0.022						
compile	ipv4			plain	same program	pcrec_25b1984f_auto-caps-simdna				artifact_bytes	27608						
compile	ipv4			plain	same program	pcrec_25b1984f_auto-caps-simdna				emit_bytes	24947						
compile	ipv4			plain	same program	pcrec_25b1984f_auto-caps-simdna				emit_code_bytes	13329						
compile	ipv4			whole-subject	separate artifact	pcrec_25b1984f_auto-caps-simdna				median_total_ns	151522456.000000	5					
compile	ipv4			whole-subject	separate artifact	pcrec_25b1984f_auto-caps-simdna				jitter	0.036						
compile	ipv4			whole-subject	separate artifact	pcrec_25b1984f_auto-caps-simdna				artifact_bytes	27744						
compile	ipv4			whole-subject	separate artifact	pcrec_25b1984f_auto-caps-simdna				emit_bytes	28769						
compile	ipv4			whole-subject	separate artifact	pcrec_25b1984f_auto-caps-simdna				emit_code_bytes	15241						
compile	ipv6			plain	same program	pcrec_25b1984f_auto-caps-simdna				median_total_ns	160954208.000000	5					
compile	ipv6			plain	same program	pcrec_25b1984f_auto-caps-simdna				jitter	0.035						
compile	ipv6			plain	same program	pcrec_25b1984f_auto-caps-simdna				artifact_bytes	27648						
compile	ipv6			plain	same program	pcrec_25b1984f_auto-caps-simdna				emit_bytes	25914						
compile	ipv6			plain	same program	pcrec_25b1984f_auto-caps-simdna				emit_code_bytes	14371						
compile	ipv6			whole-subject	separate artifact	pcrec_25b1984f_auto-caps-simdna				median_total_ns	169618735.000000	5					
compile	ipv6			whole-subject	separate artifact	pcrec_25b1984f_auto-caps-simdna				jitter	0.020						
compile	ipv6			whole-subject	separate artifact	pcrec_25b1984f_auto-caps-simdna				artifact_bytes	27792						
compile	ipv6			whole-subject	separate artifact	pcrec_25b1984f_auto-caps-simdna				emit_bytes	31293						
compile	ipv6			whole-subject	separate artifact	pcrec_25b1984f_auto-caps-simdna				emit_code_bytes	16167						
compile	iso-ts			plain	same program	pcrec_25b1984f_auto-caps-simdna				median_total_ns	222480646.000000	5					
compile	iso-ts			plain	same program	pcrec_25b1984f_auto-caps-simdna				jitter	0.025						
compile	iso-ts			plain	same program	pcrec_25b1984f_auto-caps-simdna				artifact_bytes	31744						
compile	iso-ts			plain	same program	pcrec_25b1984f_auto-caps-simdna				emit_bytes	34378						
compile	iso-ts			plain	same program	pcrec_25b1984f_auto-caps-simdna				emit_code_bytes	21176						
compile	iso-ts			whole-subject	separate artifact	pcrec_25b1984f_auto-caps-simdna				median_total_ns	218920226.000000	5					
compile	iso-ts			whole-subject	separate artifact	pcrec_25b1984f_auto-caps-simdna				jitter	0.019						
compile	iso-ts			whole-subject	separate artifact	pcrec_25b1984f_auto-caps-simdna				artifact_bytes	31888						
compile	iso-ts			whole-subject	separate artifact	pcrec_25b1984f_auto-caps-simdna				emit_bytes	39482						
compile	iso-ts			whole-subject	separate artifact	pcrec_25b1984f_auto-caps-simdna				emit_code_bytes	22822						
compile	kv-quoted			plain	same program	pcrec_25b1984f_auto-caps-simdna				median_total_ns	156737744.000000	5					
compile	kv-quoted			plain	same program	pcrec_25b1984f_auto-caps-simdna				jitter	0.016						
compile	kv-quoted			plain	same program	pcrec_25b1984f_auto-caps-simdna				artifact_bytes	31992						
compile	kv-quoted			plain	same program	pcrec_25b1984f_auto-caps-simdna				emit_bytes	38709						
compile	kv-quoted			plain	same program	pcrec_25b1984f_auto-caps-simdna				emit_code_bytes	14606						
compile	kv-quoted			whole-subject	separate artifact	pcrec_25b1984f_auto-caps-simdna				median_total_ns	175241076.000000	5					
compile	kv-quoted			whole-subject	separate artifact	pcrec_25b1984f_auto-caps-simdna				jitter	0.026						
compile	kv-quoted			whole-subject	separate artifact	pcrec_25b1984f_auto-caps-simdna				artifact_bytes	32088						
compile	kv-quoted			whole-subject	separate artifact	pcrec_25b1984f_auto-caps-simdna				emit_bytes	43213						
compile	kv-quoted			whole-subject	separate artifact	pcrec_25b1984f_auto-caps-simdna				emit_code_bytes	16401						
compile	level-context			plain	same program	pcrec_25b1984f_auto-caps-simdna				median_total_ns	858650095.000000	5					
compile	level-context			plain	same program	pcrec_25b1984f_auto-caps-simdna				jitter	0.003						
compile	level-context			plain	same program	pcrec_25b1984f_auto-caps-simdna				artifact_bytes	40248						
compile	level-context			plain	same program	pcrec_25b1984f_auto-caps-simdna				emit_bytes	76598						
compile	level-context			plain	same program	pcrec_25b1984f_auto-caps-simdna				emit_code_bytes	34770						
compile	level-context			whole-subject	separate artifact	pcrec_25b1984f_auto-caps-simdna				median_total_ns	1069682847.000000	5					
compile	level-context			whole-subject	separate artifact	pcrec_25b1984f_auto-caps-simdna				jitter	0.005						
compile	level-context			whole-subject	separate artifact	pcrec_25b1984f_auto-caps-simdna				artifact_bytes	40344						
compile	level-context			whole-subject	separate artifact	pcrec_25b1984f_auto-caps-simdna				emit_bytes	79621						
compile	level-context			whole-subject	separate artifact	pcrec_25b1984f_auto-caps-simdna				emit_code_bytes	36191						
compile	stack-frame			plain	same program	pcrec_25b1984f_auto-caps-simdna				median_total_ns	175435888.000000	5					
compile	stack-frame			plain	same program	pcrec_25b1984f_auto-caps-simdna				jitter	0.026						
compile	stack-frame			plain	same program	pcrec_25b1984f_auto-caps-simdna				artifact_bytes	40056						
compile	stack-frame			plain	same program	pcrec_25b1984f_auto-caps-simdna				emit_bytes	64946						
compile	stack-frame			plain	same program	pcrec_25b1984f_auto-caps-simdna				emit_code_bytes	14986						
compile	stack-frame			whole-subject	separate artifact	pcrec_25b1984f_auto-caps-simdna				median_total_ns	179250558.000000	5					
compile	stack-frame			whole-subject	separate artifact	pcrec_25b1984f_auto-caps-simdna				jitter	0.023						
compile	stack-frame			whole-subject	separate artifact	pcrec_25b1984f_auto-caps-simdna				artifact_bytes	40200						
compile	stack-frame			whole-subject	separate artifact	pcrec_25b1984f_auto-caps-simdna				emit_bytes	69240						
compile	stack-frame			whole-subject	separate artifact	pcrec_25b1984f_auto-caps-simdna				emit_code_bytes	16951						
compile	uuid			plain	same program	pcrec_25b1984f_auto-caps-simdna				median_total_ns	168584920.000000	5					
compile	uuid			plain	same program	pcrec_25b1984f_auto-caps-simdna				jitter	0.031						
compile	uuid			plain	same program	pcrec_25b1984f_auto-caps-simdna				artifact_bytes	27976						
compile	uuid			plain	same program	pcrec_25b1984f_auto-caps-simdna				emit_bytes	31583						
compile	uuid			plain	same program	pcrec_25b1984f_auto-caps-simdna				emit_code_bytes	15968						
compile	uuid			whole-subject	separate artifact	pcrec_25b1984f_auto-caps-simdna				median_total_ns	177682820.000000	5					
compile	uuid			whole-subject	separate artifact	pcrec_25b1984f_auto-caps-simdna				jitter	0.029						
compile	uuid			whole-subject	separate artifact	pcrec_25b1984f_auto-caps-simdna				artifact_bytes	28120						
compile	uuid			whole-subject	separate artifact	pcrec_25b1984f_auto-caps-simdna				emit_bytes	34856						
compile	uuid			whole-subject	separate artifact	pcrec_25b1984f_auto-caps-simdna				emit_code_bytes	17939						
compile	bignum			plain	same program	pcrec_25b1984f_auto-nocaps-simdna				median_total_ns	157103950.000000	5					
compile	bignum			plain	same program	pcrec_25b1984f_auto-nocaps-simdna				jitter	0.029						
compile	bignum			plain	same program	pcrec_25b1984f_auto-nocaps-simdna				artifact_bytes	27936						
compile	bignum			plain	same program	pcrec_25b1984f_auto-nocaps-simdna				emit_bytes	24228						
compile	bignum			plain	same program	pcrec_25b1984f_auto-nocaps-simdna				emit_code_bytes	14977						
compile_stamp						pcrec_25b1984f_auto-nocaps-simdna				engine	dfa						
compile_stamp						pcrec_25b1984f_auto-nocaps-simdna				entry	plain entry						
compile_stamp						pcrec_25b1984f_auto-nocaps-simdna				prefilter	-						
compile_stamp						pcrec_25b1984f_auto-nocaps-simdna				vm_rungs	-						
compile_stamp						pcrec_25b1984f_auto-nocaps-simdna				buffers	0 (DFA)						
compile_stamp						pcrec_25b1984f_auto-nocaps-simdna				frame	0 (DFA)						
compile_stamp						pcrec_25b1984f_auto-nocaps-simdna				dfa_prefilter_offsets	none						
compile_stamp						pcrec_25b1984f_auto-nocaps-simdna				dfa_match	unwrapped						
compile_stamp						pcrec_25b1984f_auto-nocaps-simdna				dfa_scan_edge	none						
compile_stamp						pcrec_25b1984f_auto-nocaps-simdna				scan_edges	0						
compile_stamp						pcrec_25b1984f_auto-nocaps-simdna				scan_edges_match	0						
compile_stamp						pcrec_25b1984f_auto-nocaps-simdna				engine_sel	selected						
compile	bignum			whole-subject	separate artifact	pcrec_25b1984f_auto-nocaps-simdna				median_total_ns	161331494.000000	5					
compile	bignum			whole-subject	separate artifact	pcrec_25b1984f_auto-nocaps-simdna				jitter	0.018						
compile	bignum			whole-subject	separate artifact	pcrec_25b1984f_auto-nocaps-simdna				artifact_bytes	28080						
compile	bignum			whole-subject	separate artifact	pcrec_25b1984f_auto-nocaps-simdna				emit_bytes	27775						
compile	bignum			whole-subject	separate artifact	pcrec_25b1984f_auto-nocaps-simdna				emit_code_bytes	16948						
compile	floor			plain	same program	pcrec_25b1984f_auto-nocaps-simdna				median_total_ns	152563827.000000	5					
compile	floor			plain	same program	pcrec_25b1984f_auto-nocaps-simdna				jitter	0.035						
compile	floor			plain	same program	pcrec_25b1984f_auto-nocaps-simdna				artifact_bytes	27608						
compile	floor			plain	same program	pcrec_25b1984f_auto-nocaps-simdna				emit_bytes	18294						
compile	floor			plain	same program	pcrec_25b1984f_auto-nocaps-simdna				emit_code_bytes	13297						
compile	floor			whole-subject	separate artifact	pcrec_25b1984f_auto-nocaps-simdna				median_total_ns	152906079.000000	5					
compile	floor			whole-subject	separate artifact	pcrec_25b1984f_auto-nocaps-simdna				jitter	0.044						
compile	floor			whole-subject	separate artifact	pcrec_25b1984f_auto-nocaps-simdna				artifact_bytes	27752						
compile	floor			whole-subject	separate artifact	pcrec_25b1984f_auto-nocaps-simdna				emit_bytes	20637						
compile	floor			whole-subject	separate artifact	pcrec_25b1984f_auto-nocaps-simdna				emit_code_bytes	15314						
compile	hex32-id			plain	same program	pcrec_25b1984f_auto-nocaps-simdna				median_total_ns	158875011.000000	5					
compile	hex32-id			plain	same program	pcrec_25b1984f_auto-nocaps-simdna				jitter	0.020						
compile	hex32-id			plain	same program	pcrec_25b1984f_auto-nocaps-simdna				artifact_bytes	27936						
compile	hex32-id			plain	same program	pcrec_25b1984f_auto-nocaps-simdna				emit_bytes	25717						
compile	hex32-id			plain	same program	pcrec_25b1984f_auto-nocaps-simdna				emit_code_bytes	14977						
compile	hex32-id			whole-subject	separate artifact	pcrec_25b1984f_auto-nocaps-simdna				median_total_ns	163141793.000000	5					
compile	hex32-id			whole-subject	separate artifact	pcrec_25b1984f_auto-nocaps-simdna				jitter	0.023						
compile	hex32-id			whole-subject	separate artifact	pcrec_25b1984f_auto-nocaps-simdna				artifact_bytes	28080						
compile	hex32-id			whole-subject	separate artifact	pcrec_25b1984f_auto-nocaps-simdna				emit_bytes	28796						
compile	hex32-id			whole-subject	separate artifact	pcrec_25b1984f_auto-nocaps-simdna				emit_code_bytes	16948						
compile	http-5xx			plain	same program	pcrec_25b1984f_auto-nocaps-simdna				median_total_ns	185233770.000000	5					
compile	http-5xx			plain	same program	pcrec_25b1984f_auto-nocaps-simdna				jitter	0.038						
compile	http-5xx			plain	same program	pcrec_25b1984f_auto-nocaps-simdna				artifact_bytes	36112						
compile	http-5xx			plain	same program	pcrec_25b1984f_auto-nocaps-simdna				emit_bytes	52492						
compile	http-5xx			plain	same program	pcrec_25b1984f_auto-nocaps-simdna				emit_code_bytes	16373						
compile	http-5xx			whole-subject	separate artifact	pcrec_25b1984f_auto-nocaps-simdna				median_total_ns	187557763.000000	5					
compile	http-5xx			whole-subject	separate artifact	pcrec_25b1984f_auto-nocaps-simdna				jitter	0.026						
compile	http-5xx			whole-subject	separate artifact	pcrec_25b1984f_auto-nocaps-simdna				artifact_bytes	36248						
compile	http-5xx			whole-subject	separate artifact	pcrec_25b1984f_auto-nocaps-simdna				emit_bytes	56266						
compile	http-5xx			whole-subject	separate artifact	pcrec_25b1984f_auto-nocaps-simdna				emit_code_bytes	18338						
compile	ipv4			plain	same program	pcrec_25b1984f_auto-nocaps-simdna				median_total_ns	146314834.000000	5					
compile	ipv4			plain	same program	pcrec_25b1984f_auto-nocaps-simdna				jitter	0.060						
compile	ipv4			plain	same program	pcrec_25b1984f_auto-nocaps-simdna				artifact_bytes	27608						
compile	ipv4			plain	same program	pcrec_25b1984f_auto-nocaps-simdna				emit_bytes	24947						
compile	ipv4			plain	same program	pcrec_25b1984f_auto-nocaps-simdna				emit_code_bytes	13329						
compile	ipv4			whole-subject	separate artifact	pcrec_25b1984f_auto-nocaps-simdna				median_total_ns	151868184.000000	5					
compile	ipv4			whole-subject	separate artifact	pcrec_25b1984f_auto-nocaps-simdna				jitter	0.039						
compile	ipv4			whole-subject	separate artifact	pcrec_25b1984f_auto-nocaps-simdna				artifact_bytes	27744						
compile	ipv4			whole-subject	separate artifact	pcrec_25b1984f_auto-nocaps-simdna				emit_bytes	28769						
compile	ipv4			whole-subject	separate artifact	pcrec_25b1984f_auto-nocaps-simdna				emit_code_bytes	15241						
compile	ipv6			plain	same program	pcrec_25b1984f_auto-nocaps-simdna				median_total_ns	158926080.000000	5					
compile	ipv6			plain	same program	pcrec_25b1984f_auto-nocaps-simdna				jitter	0.023						
compile	ipv6			plain	same program	pcrec_25b1984f_auto-nocaps-simdna				artifact_bytes	27648						
compile	ipv6			plain	same program	pcrec_25b1984f_auto-nocaps-simdna				emit_bytes	25914						
compile	ipv6			plain	same program	pcrec_25b1984f_auto-nocaps-simdna				emit_code_bytes	14371						
compile	ipv6			whole-subject	separate artifact	pcrec_25b1984f_auto-nocaps-simdna				median_total_ns	167572096.000000	5					
compile	ipv6			whole-subject	separate artifact	pcrec_25b1984f_auto-nocaps-simdna				jitter	0.021						
compile	ipv6			whole-subject	separate artifact	pcrec_25b1984f_auto-nocaps-simdna				artifact_bytes	27792						
compile	ipv6			whole-subject	separate artifact	pcrec_25b1984f_auto-nocaps-simdna				emit_bytes	31293						
compile	ipv6			whole-subject	separate artifact	pcrec_25b1984f_auto-nocaps-simdna				emit_code_bytes	16167						
compile	iso-ts			plain	same program	pcrec_25b1984f_auto-nocaps-simdna				median_total_ns	224775789.000000	5					
compile	iso-ts			plain	same program	pcrec_25b1984f_auto-nocaps-simdna				jitter	0.015						
compile	iso-ts			plain	same program	pcrec_25b1984f_auto-nocaps-simdna				artifact_bytes	31744						
compile	iso-ts			plain	same program	pcrec_25b1984f_auto-nocaps-simdna				emit_bytes	34378						
compile	iso-ts			plain	same program	pcrec_25b1984f_auto-nocaps-simdna				emit_code_bytes	21176						
compile	iso-ts			whole-subject	separate artifact	pcrec_25b1984f_auto-nocaps-simdna				median_total_ns	221873804.000000	5					
compile	iso-ts			whole-subject	separate artifact	pcrec_25b1984f_auto-nocaps-simdna				jitter	0.019						
compile	iso-ts			whole-subject	separate artifact	pcrec_25b1984f_auto-nocaps-simdna				artifact_bytes	31888						
compile	iso-ts			whole-subject	separate artifact	pcrec_25b1984f_auto-nocaps-simdna				emit_bytes	39482						
compile	iso-ts			whole-subject	separate artifact	pcrec_25b1984f_auto-nocaps-simdna				emit_code_bytes	22822						
compile	kv-quoted			plain	same program	pcrec_25b1984f_auto-nocaps-simdna				median_total_ns	165265545.000000	5					
compile	kv-quoted			plain	same program	pcrec_25b1984f_auto-nocaps-simdna				jitter	0.006						
compile	kv-quoted			plain	same program	pcrec_25b1984f_auto-nocaps-simdna				artifact_bytes	31992						
compile	kv-quoted			plain	same program	pcrec_25b1984f_auto-nocaps-simdna				emit_bytes	38709						
compile	kv-quoted			plain	same program	pcrec_25b1984f_auto-nocaps-simdna				emit_code_bytes	14606						
compile	kv-quoted			whole-subject	separate artifact	pcrec_25b1984f_auto-nocaps-simdna				median_total_ns	171489527.000000	5					
compile	kv-quoted			whole-subject	separate artifact	pcrec_25b1984f_auto-nocaps-simdna				jitter	0.021						
compile	kv-quoted			whole-subject	separate artifact	pcrec_25b1984f_auto-nocaps-simdna				artifact_bytes	32088						
compile	kv-quoted			whole-subject	separate artifact	pcrec_25b1984f_auto-nocaps-simdna				emit_bytes	43213						
compile	kv-quoted			whole-subject	separate artifact	pcrec_25b1984f_auto-nocaps-simdna				emit_code_bytes	16401						
compile	level-context			plain	same program	pcrec_25b1984f_auto-nocaps-simdna				median_total_ns	847676233.000000	5					
compile	level-context			plain	same program	pcrec_25b1984f_auto-nocaps-simdna				jitter	0.007						
compile	level-context			plain	same program	pcrec_25b1984f_auto-nocaps-simdna				artifact_bytes	40248						
compile	level-context			plain	same program	pcrec_25b1984f_auto-nocaps-simdna				emit_bytes	76598						
compile	level-context			plain	same program	pcrec_25b1984f_auto-nocaps-simdna				emit_code_bytes	34770						
compile	level-context			whole-subject	separate artifact	pcrec_25b1984f_auto-nocaps-simdna				median_total_ns	1075613809.000000	5					
compile	level-context			whole-subject	separate artifact	pcrec_25b1984f_auto-nocaps-simdna				jitter	0.008						
compile	level-context			whole-subject	separate artifact	pcrec_25b1984f_auto-nocaps-simdna				artifact_bytes	40344						
compile	level-context			whole-subject	separate artifact	pcrec_25b1984f_auto-nocaps-simdna				emit_bytes	79621						
compile	level-context			whole-subject	separate artifact	pcrec_25b1984f_auto-nocaps-simdna				emit_code_bytes	36191						
compile	stack-frame			plain	same program	pcrec_25b1984f_auto-nocaps-simdna				median_total_ns	177135738.000000	5					
compile	stack-frame			plain	same program	pcrec_25b1984f_auto-nocaps-simdna				jitter	0.029						
compile	stack-frame			plain	same program	pcrec_25b1984f_auto-nocaps-simdna				artifact_bytes	40056						
compile	stack-frame			plain	same program	pcrec_25b1984f_auto-nocaps-simdna				emit_bytes	64946						
compile	stack-frame			plain	same program	pcrec_25b1984f_auto-nocaps-simdna				emit_code_bytes	14986						
compile	stack-frame			whole-subject	separate artifact	pcrec_25b1984f_auto-nocaps-simdna				median_total_ns	184674836.000000	5					
compile	stack-frame			whole-subject	separate artifact	pcrec_25b1984f_auto-nocaps-simdna				jitter	0.030						
compile	stack-frame			whole-subject	separate artifact	pcrec_25b1984f_auto-nocaps-simdna				artifact_bytes	40200						
compile	stack-frame			whole-subject	separate artifact	pcrec_25b1984f_auto-nocaps-simdna				emit_bytes	69240						
compile	stack-frame			whole-subject	separate artifact	pcrec_25b1984f_auto-nocaps-simdna				emit_code_bytes	16951						
compile	uuid			plain	same program	pcrec_25b1984f_auto-nocaps-simdna				median_total_ns	166472911.000000	5					
compile	uuid			plain	same program	pcrec_25b1984f_auto-nocaps-simdna				jitter	0.026						
compile	uuid			plain	same program	pcrec_25b1984f_auto-nocaps-simdna				artifact_bytes	27976						
compile	uuid			plain	same program	pcrec_25b1984f_auto-nocaps-simdna				emit_bytes	31583						
compile	uuid			plain	same program	pcrec_25b1984f_auto-nocaps-simdna				emit_code_bytes	15968						
compile	uuid			whole-subject	separate artifact	pcrec_25b1984f_auto-nocaps-simdna				median_total_ns	175837700.000000	5					
compile	uuid			whole-subject	separate artifact	pcrec_25b1984f_auto-nocaps-simdna				jitter	0.022						
compile	uuid			whole-subject	separate artifact	pcrec_25b1984f_auto-nocaps-simdna				artifact_bytes	28120						
compile	uuid			whole-subject	separate artifact	pcrec_25b1984f_auto-nocaps-simdna				emit_bytes	34856						
compile	uuid			whole-subject	separate artifact	pcrec_25b1984f_auto-nocaps-simdna				emit_code_bytes	17939						
compile	bignum			plain	same program	pcrec_25b1984f_vm-caps-simdna				median_total_ns	183540686.000000	5					
compile	bignum			plain	same program	pcrec_25b1984f_vm-caps-simdna				jitter	0.027						
compile	bignum			plain	same program	pcrec_25b1984f_vm-caps-simdna				artifact_bytes	27240						
compile	bignum			plain	same program	pcrec_25b1984f_vm-caps-simdna				emit_bytes	19855						
compile	bignum			plain	same program	pcrec_25b1984f_vm-caps-simdna				emit_code_bytes	19624						
compile_stamp						pcrec_25b1984f_vm-caps-simdna				engine	vm						
compile_stamp						pcrec_25b1984f_vm-caps-simdna				entry	plain entry						
compile_stamp						pcrec_25b1984f_vm-caps-simdna				prefilter	none						
compile_stamp						pcrec_25b1984f_vm-caps-simdna				vm_rungs	PCREC_VM_RUNG_CURSOR						
compile_stamp						pcrec_25b1984f_vm-caps-simdna				buffers	2/2 (stamped default)						
compile_stamp						pcrec_25b1984f_vm-caps-simdna				frame	24						
compile_stamp						pcrec_25b1984f_vm-caps-simdna				scan_edges	0						
compile_stamp						pcrec_25b1984f_vm-caps-simdna				scan_edges_match	0						
compile_stamp						pcrec_25b1984f_vm-caps-simdna				engine_sel	forced						
compile	bignum			whole-subject	separate artifact	pcrec_25b1984f_vm-caps-simdna				median_total_ns	180235777.000000	5					
compile	bignum			whole-subject	separate artifact	pcrec_25b1984f_vm-caps-simdna				jitter	0.017						
compile	bignum			whole-subject	separate artifact	pcrec_25b1984f_vm-caps-simdna				artifact_bytes	23144						
compile	bignum			whole-subject	separate artifact	pcrec_25b1984f_vm-caps-simdna				emit_bytes	19966						
compile	bignum			whole-subject	separate artifact	pcrec_25b1984f_vm-caps-simdna				emit_code_bytes	19735						
compile	floor			plain	same program	pcrec_25b1984f_vm-caps-simdna				median_total_ns	127611379.000000	5					
compile	floor			plain	same program	pcrec_25b1984f_vm-caps-simdna				jitter	0.088						
compile	floor			plain	same program	pcrec_25b1984f_vm-caps-simdna				artifact_bytes	23072						
compile	floor			plain	same program	pcrec_25b1984f_vm-caps-simdna				emit_bytes	17837						
compile	floor			plain	same program	pcrec_25b1984f_vm-caps-simdna				emit_code_bytes	17837						
compile	floor			whole-subject	separate artifact	pcrec_25b1984f_vm-caps-simdna				median_total_ns	138592276.000000	5					
compile	floor			whole-subject	separate artifact	pcrec_25b1984f_vm-caps-simdna				jitter	0.037						
compile	floor			whole-subject	separate artifact	pcrec_25b1984f_vm-caps-simdna				artifact_bytes	23072						
compile	floor			whole-subject	separate artifact	pcrec_25b1984f_vm-caps-simdna				emit_bytes	17948						
compile	floor			whole-subject	separate artifact	pcrec_25b1984f_vm-caps-simdna				emit_code_bytes	17948						
compile	hex32-id			plain	same program	pcrec_25b1984f_vm-caps-simdna				median_total_ns	201958049.000000	5					
compile	hex32-id			plain	same program	pcrec_25b1984f_vm-caps-simdna				jitter	0.009						
compile	hex32-id			plain	same program	pcrec_25b1984f_vm-caps-simdna				artifact_bytes	23152						
compile	hex32-id			plain	same program	pcrec_25b1984f_vm-caps-simdna				emit_bytes	19531						
compile	hex32-id			plain	same program	pcrec_25b1984f_vm-caps-simdna				emit_code_bytes	19069						
compile	hex32-id			whole-subject	separate artifact	pcrec_25b1984f_vm-caps-simdna				median_total_ns	198488861.000000	5					
compile	hex32-id			whole-subject	separate artifact	pcrec_25b1984f_vm-caps-simdna				jitter	0.015						
compile	hex32-id			whole-subject	separate artifact	pcrec_25b1984f_vm-caps-simdna				artifact_bytes	23152						
compile	hex32-id			whole-subject	separate artifact	pcrec_25b1984f_vm-caps-simdna				emit_bytes	19642						
compile	hex32-id			whole-subject	separate artifact	pcrec_25b1984f_vm-caps-simdna				emit_code_bytes	19180						
compile	http-5xx			plain	same program	pcrec_25b1984f_vm-caps-simdna				median_total_ns	204151420.000000	5					
compile	http-5xx			plain	same program	pcrec_25b1984f_vm-caps-simdna				jitter	0.011						
compile	http-5xx			plain	same program	pcrec_25b1984f_vm-caps-simdna				artifact_bytes	27288						
compile	http-5xx			plain	same program	pcrec_25b1984f_vm-caps-simdna				emit_bytes	26384						
compile	http-5xx			plain	same program	pcrec_25b1984f_vm-caps-simdna				emit_code_bytes	25921						
compile	http-5xx			whole-subject	separate artifact	pcrec_25b1984f_vm-caps-simdna				median_total_ns	201740297.000000	5					
compile	http-5xx			whole-subject	separate artifact	pcrec_25b1984f_vm-caps-simdna				jitter	0.015						
compile	http-5xx			whole-subject	separate artifact	pcrec_25b1984f_vm-caps-simdna				artifact_bytes	27288						
compile	http-5xx			whole-subject	separate artifact	pcrec_25b1984f_vm-caps-simdna				emit_bytes	26497						
compile	http-5xx			whole-subject	separate artifact	pcrec_25b1984f_vm-caps-simdna				emit_code_bytes	26034						
compile	ipv4			plain	same program	pcrec_25b1984f_vm-caps-simdna				median_total_ns	257281880.000000	5					
compile	ipv4			plain	same program	pcrec_25b1984f_vm-caps-simdna				jitter	0.003						
compile	ipv4			plain	same program	pcrec_25b1984f_vm-caps-simdna				artifact_bytes	27200						
compile	ipv4			plain	same program	pcrec_25b1984f_vm-caps-simdna				emit_bytes	30644						
compile	ipv4			plain	same program	pcrec_25b1984f_vm-caps-simdna				emit_code_bytes	30644						
compile	ipv4			whole-subject	separate artifact	pcrec_25b1984f_vm-caps-simdna				median_total_ns	252498936.000000	5					
compile	ipv4			whole-subject	separate artifact	pcrec_25b1984f_vm-caps-simdna				jitter	0.014						
compile	ipv4			whole-subject	separate artifact	pcrec_25b1984f_vm-caps-simdna				artifact_bytes	27200						
compile	ipv4			whole-subject	separate artifact	pcrec_25b1984f_vm-caps-simdna				emit_bytes	30760						
compile	ipv4			whole-subject	separate artifact	pcrec_25b1984f_vm-caps-simdna				emit_code_bytes	30760						
compile	ipv6			plain	same program	pcrec_25b1984f_vm-caps-simdna				median_total_ns	406820553.000000	5					
compile	ipv6			plain	same program	pcrec_25b1984f_vm-caps-simdna				jitter	0.010						
compile	ipv6			plain	same program	pcrec_25b1984f_vm-caps-simdna				artifact_bytes	31336						
compile	ipv6			plain	same program	pcrec_25b1984f_vm-caps-simdna				emit_bytes	38399						
compile	ipv6			plain	same program	pcrec_25b1984f_vm-caps-simdna				emit_code_bytes	38168						
compile	ipv6			whole-subject	separate artifact	pcrec_25b1984f_vm-caps-simdna				median_total_ns	410359269.000000	5					
compile	ipv6			whole-subject	separate artifact	pcrec_25b1984f_vm-caps-simdna				jitter	0.004						
compile	ipv6			whole-subject	separate artifact	pcrec_25b1984f_vm-caps-simdna				artifact_bytes	31336						
compile	ipv6			whole-subject	separate artifact	pcrec_25b1984f_vm-caps-simdna				emit_bytes	38513						
compile	ipv6			whole-subject	separate artifact	pcrec_25b1984f_vm-caps-simdna				emit_code_bytes	38282						
compile	iso-ts			plain	same program	pcrec_25b1984f_vm-caps-simdna				median_total_ns	250210363.000000	5					
compile	iso-ts			plain	same program	pcrec_25b1984f_vm-caps-simdna				jitter	0.013						
compile	iso-ts			plain	same program	pcrec_25b1984f_vm-caps-simdna				artifact_bytes	27320						
compile	iso-ts			plain	same program	pcrec_25b1984f_vm-caps-simdna				emit_bytes	26688						
compile	iso-ts			plain	same program	pcrec_25b1984f_vm-caps-simdna				emit_code_bytes	25995						
compile	iso-ts			whole-subject	separate artifact	pcrec_25b1984f_vm-caps-simdna				median_total_ns	247208399.000000	5					
compile	iso-ts			whole-subject	separate artifact	pcrec_25b1984f_vm-caps-simdna				jitter	0.018						
compile	iso-ts			whole-subject	separate artifact	pcrec_25b1984f_vm-caps-simdna				artifact_bytes	27320						
compile	iso-ts			whole-subject	separate artifact	pcrec_25b1984f_vm-caps-simdna				emit_bytes	26803						
compile	iso-ts			whole-subject	separate artifact	pcrec_25b1984f_vm-caps-simdna				emit_code_bytes	26110						
compile	kv-quoted			plain	same program	pcrec_25b1984f_vm-caps-simdna				median_total_ns	189182924.000000	5					
compile	kv-quoted			plain	same program	pcrec_25b1984f_vm-caps-simdna				jitter	0.003						
compile	kv-quoted			plain	same program	pcrec_25b1984f_vm-caps-simdna				artifact_bytes	27408						
compile	kv-quoted			plain	same program	pcrec_25b1984f_vm-caps-simdna				emit_bytes	22588						
compile	kv-quoted			plain	same program	pcrec_25b1984f_vm-caps-simdna				emit_code_bytes	21433						
compile	kv-quoted			whole-subject	separate artifact	pcrec_25b1984f_vm-caps-simdna				median_total_ns	194873463.000000	5					
compile	kv-quoted			whole-subject	separate artifact	pcrec_25b1984f_vm-caps-simdna				jitter	0.018						
compile	kv-quoted			whole-subject	separate artifact	pcrec_25b1984f_vm-caps-simdna				artifact_bytes	27408						
compile	kv-quoted			whole-subject	separate artifact	pcrec_25b1984f_vm-caps-simdna				emit_bytes	22701						
compile	kv-quoted			whole-subject	separate artifact	pcrec_25b1984f_vm-caps-simdna				emit_code_bytes	21546						
compile	level-context			plain	same program	pcrec_25b1984f_vm-caps-simdna				median_total_ns	247315420.000000	5					
compile	level-context			plain	same program	pcrec_25b1984f_vm-caps-simdna				jitter	0.029						
compile	level-context			plain	same program	pcrec_25b1984f_vm-caps-simdna				artifact_bytes	27280						
compile	level-context			plain	same program	pcrec_25b1984f_vm-caps-simdna				emit_bytes	29850						
compile	level-context			plain	same program	pcrec_25b1984f_vm-caps-simdna				emit_code_bytes	29388						
compile	level-context			whole-subject	separate artifact	pcrec_25b1984f_vm-caps-simdna				median_total_ns	245227620.000000	5					
compile	level-context			whole-subject	separate artifact	pcrec_25b1984f_vm-caps-simdna				jitter	0.024						
compile	level-context			whole-subject	separate artifact	pcrec_25b1984f_vm-caps-simdna				artifact_bytes	27280						
compile	level-context			whole-subject	separate artifact	pcrec_25b1984f_vm-caps-simdna				emit_bytes	29963						
compile	level-context			whole-subject	separate artifact	pcrec_25b1984f_vm-caps-simdna				emit_code_bytes	29501						
compile	stack-frame			plain	same program	pcrec_25b1984f_vm-caps-simdna				median_total_ns	279345363.000000	5					
compile	stack-frame			plain	same program	pcrec_25b1984f_vm-caps-simdna				jitter	0.015						
compile	stack-frame			plain	same program	pcrec_25b1984f_vm-caps-simdna				artifact_bytes	27440						
compile	stack-frame			plain	same program	pcrec_25b1984f_vm-caps-simdna				emit_bytes	34019						
compile	stack-frame			plain	same program	pcrec_25b1984f_vm-caps-simdna				emit_code_bytes	33326						
compile	stack-frame			whole-subject	separate artifact	pcrec_25b1984f_vm-caps-simdna				median_total_ns	279056832.000000	5					
compile	stack-frame			whole-subject	separate artifact	pcrec_25b1984f_vm-caps-simdna				jitter	0.003						
compile	stack-frame			whole-subject	separate artifact	pcrec_25b1984f_vm-caps-simdna				artifact_bytes	27440						
compile	stack-frame			whole-subject	separate artifact	pcrec_25b1984f_vm-caps-simdna				emit_bytes	34132						
compile	stack-frame			whole-subject	separate artifact	pcrec_25b1984f_vm-caps-simdna				emit_code_bytes	33439						
compile	uuid			plain	same program	pcrec_25b1984f_vm-caps-simdna				median_total_ns	205256585.000000	5					
compile	uuid			plain	same program	pcrec_25b1984f_vm-caps-simdna				jitter	0.011						
compile	uuid			plain	same program	pcrec_25b1984f_vm-caps-simdna				artifact_bytes	27328						
compile	uuid			plain	same program	pcrec_25b1984f_vm-caps-simdna				emit_bytes	23573						
compile	uuid			plain	same program	pcrec_25b1984f_vm-caps-simdna				emit_code_bytes	22880						
compile	uuid			whole-subject	separate artifact	pcrec_25b1984f_vm-caps-simdna				median_total_ns	204478493.000000	5					
compile	uuid			whole-subject	separate artifact	pcrec_25b1984f_vm-caps-simdna				jitter	0.022						
compile	uuid			whole-subject	separate artifact	pcrec_25b1984f_vm-caps-simdna				artifact_bytes	27328						
compile	uuid			whole-subject	separate artifact	pcrec_25b1984f_vm-caps-simdna				emit_bytes	23686						
compile	uuid			whole-subject	separate artifact	pcrec_25b1984f_vm-caps-simdna				emit_code_bytes	22993						
compile	bignum			plain	same program	pcrec_25b1984f_vm-in-caps-simdna				median_total_ns	182174988.000000	5					
compile	bignum			plain	same program	pcrec_25b1984f_vm-in-caps-simdna				jitter	0.011						
compile	bignum			plain	same program	pcrec_25b1984f_vm-in-caps-simdna				artifact_bytes	27240						
compile	bignum			plain	same program	pcrec_25b1984f_vm-in-caps-simdna				emit_bytes	19855						
compile	bignum			plain	same program	pcrec_25b1984f_vm-in-caps-simdna				emit_code_bytes	19624						
compile_stamp						pcrec_25b1984f_vm-in-caps-simdna				engine	vm						
compile_stamp						pcrec_25b1984f_vm-in-caps-simdna				entry	_in						
compile_stamp						pcrec_25b1984f_vm-in-caps-simdna				prefilter	none						
compile_stamp						pcrec_25b1984f_vm-in-caps-simdna				vm_rungs	PCREC_VM_RUNG_CURSOR						
compile_stamp						pcrec_25b1984f_vm-in-caps-simdna				buffers	32768/131072 (caller-provided)						
compile_stamp						pcrec_25b1984f_vm-in-caps-simdna				frame	24						
compile_stamp						pcrec_25b1984f_vm-in-caps-simdna				scan_edges	0						
compile_stamp						pcrec_25b1984f_vm-in-caps-simdna				scan_edges_match	0						
compile_stamp						pcrec_25b1984f_vm-in-caps-simdna				engine_sel	forced						
compile	bignum			whole-subject	separate artifact	pcrec_25b1984f_vm-in-caps-simdna				median_total_ns	173898326.000000	5					
compile	bignum			whole-subject	separate artifact	pcrec_25b1984f_vm-in-caps-simdna				jitter	0.031						
compile	bignum			whole-subject	separate artifact	pcrec_25b1984f_vm-in-caps-simdna				artifact_bytes	23144						
compile	bignum			whole-subject	separate artifact	pcrec_25b1984f_vm-in-caps-simdna				emit_bytes	19966						
compile	bignum			whole-subject	separate artifact	pcrec_25b1984f_vm-in-caps-simdna				emit_code_bytes	19735						
compile	floor			plain	same program	pcrec_25b1984f_vm-in-caps-simdna				median_total_ns	135862282.000000	5					
compile	floor			plain	same program	pcrec_25b1984f_vm-in-caps-simdna				jitter	0.042						
compile	floor			plain	same program	pcrec_25b1984f_vm-in-caps-simdna				artifact_bytes	23072						
compile	floor			plain	same program	pcrec_25b1984f_vm-in-caps-simdna				emit_bytes	17837						
compile	floor			plain	same program	pcrec_25b1984f_vm-in-caps-simdna				emit_code_bytes	17837						
compile	floor			whole-subject	separate artifact	pcrec_25b1984f_vm-in-caps-simdna				median_total_ns	139171129.000000	5					
compile	floor			whole-subject	separate artifact	pcrec_25b1984f_vm-in-caps-simdna				jitter	0.037						
compile	floor			whole-subject	separate artifact	pcrec_25b1984f_vm-in-caps-simdna				artifact_bytes	23072						
compile	floor			whole-subject	separate artifact	pcrec_25b1984f_vm-in-caps-simdna				emit_bytes	17948						
compile	floor			whole-subject	separate artifact	pcrec_25b1984f_vm-in-caps-simdna				emit_code_bytes	17948						
compile	hex32-id			plain	same program	pcrec_25b1984f_vm-in-caps-simdna				median_total_ns	201014554.000000	5					
compile	hex32-id			plain	same program	pcrec_25b1984f_vm-in-caps-simdna				jitter	0.016						
compile	hex32-id			plain	same program	pcrec_25b1984f_vm-in-caps-simdna				artifact_bytes	23152						
compile	hex32-id			plain	same program	pcrec_25b1984f_vm-in-caps-simdna				emit_bytes	19531						
compile	hex32-id			plain	same program	pcrec_25b1984f_vm-in-caps-simdna				emit_code_bytes	19069						
compile	hex32-id			whole-subject	separate artifact	pcrec_25b1984f_vm-in-caps-simdna				median_total_ns	199123845.000000	5					
compile	hex32-id			whole-subject	separate artifact	pcrec_25b1984f_vm-in-caps-simdna				jitter	0.015						
compile	hex32-id			whole-subject	separate artifact	pcrec_25b1984f_vm-in-caps-simdna				artifact_bytes	23152						
compile	hex32-id			whole-subject	separate artifact	pcrec_25b1984f_vm-in-caps-simdna				emit_bytes	19642						
compile	hex32-id			whole-subject	separate artifact	pcrec_25b1984f_vm-in-caps-simdna				emit_code_bytes	19180						
compile	http-5xx			plain	same program	pcrec_25b1984f_vm-in-caps-simdna				median_total_ns	203162745.000000	5					
compile	http-5xx			plain	same program	pcrec_25b1984f_vm-in-caps-simdna				jitter	0.005						
compile	http-5xx			plain	same program	pcrec_25b1984f_vm-in-caps-simdna				artifact_bytes	27288						
compile	http-5xx			plain	same program	pcrec_25b1984f_vm-in-caps-simdna				emit_bytes	26384						
compile	http-5xx			plain	same program	pcrec_25b1984f_vm-in-caps-simdna				emit_code_bytes	25921						
compile	http-5xx			whole-subject	separate artifact	pcrec_25b1984f_vm-in-caps-simdna				median_total_ns	201594877.000000	5					
compile	http-5xx			whole-subject	separate artifact	pcrec_25b1984f_vm-in-caps-simdna				jitter	0.027						
compile	http-5xx			whole-subject	separate artifact	pcrec_25b1984f_vm-in-caps-simdna				artifact_bytes	27288						
compile	http-5xx			whole-subject	separate artifact	pcrec_25b1984f_vm-in-caps-simdna				emit_bytes	26497						
compile	http-5xx			whole-subject	separate artifact	pcrec_25b1984f_vm-in-caps-simdna				emit_code_bytes	26034						
compile	ipv4			plain	same program	pcrec_25b1984f_vm-in-caps-simdna				median_total_ns	255345029.000000	5					
compile	ipv4			plain	same program	pcrec_25b1984f_vm-in-caps-simdna				jitter	0.013						
compile	ipv4			plain	same program	pcrec_25b1984f_vm-in-caps-simdna				artifact_bytes	27200						
compile	ipv4			plain	same program	pcrec_25b1984f_vm-in-caps-simdna				emit_bytes	30644						
compile	ipv4			plain	same program	pcrec_25b1984f_vm-in-caps-simdna				emit_code_bytes	30644						
compile	ipv4			whole-subject	separate artifact	pcrec_25b1984f_vm-in-caps-simdna				median_total_ns	249739722.000000	5					
compile	ipv4			whole-subject	separate artifact	pcrec_25b1984f_vm-in-caps-simdna				jitter	0.018						
compile	ipv4			whole-subject	separate artifact	pcrec_25b1984f_vm-in-caps-simdna				artifact_bytes	27200						
compile	ipv4			whole-subject	separate artifact	pcrec_25b1984f_vm-in-caps-simdna				emit_bytes	30760						
compile	ipv4			whole-subject	separate artifact	pcrec_25b1984f_vm-in-caps-simdna				emit_code_bytes	30760						
compile	ipv6			plain	same program	pcrec_25b1984f_vm-in-caps-simdna				median_total_ns	407691708.000000	5					
compile	ipv6			plain	same program	pcrec_25b1984f_vm-in-caps-simdna				jitter	0.006						
compile	ipv6			plain	same program	pcrec_25b1984f_vm-in-caps-simdna				artifact_bytes	31336						
compile	ipv6			plain	same program	pcrec_25b1984f_vm-in-caps-simdna				emit_bytes	38399						
compile	ipv6			plain	same program	pcrec_25b1984f_vm-in-caps-simdna				emit_code_bytes	38168						
compile	ipv6			whole-subject	separate artifact	pcrec_25b1984f_vm-in-caps-simdna				median_total_ns	408101999.000000	5					
compile	ipv6			whole-subject	separate artifact	pcrec_25b1984f_vm-in-caps-simdna				jitter	0.003						
compile	ipv6			whole-subject	separate artifact	pcrec_25b1984f_vm-in-caps-simdna				artifact_bytes	31336						
compile	ipv6			whole-subject	separate artifact	pcrec_25b1984f_vm-in-caps-simdna				emit_bytes	38513						
compile	ipv6			whole-subject	separate artifact	pcrec_25b1984f_vm-in-caps-simdna				emit_code_bytes	38282						
compile	iso-ts			plain	same program	pcrec_25b1984f_vm-in-caps-simdna				median_total_ns	250440417.000000	5					
compile	iso-ts			plain	same program	pcrec_25b1984f_vm-in-caps-simdna				jitter	0.005						
compile	iso-ts			plain	same program	pcrec_25b1984f_vm-in-caps-simdna				artifact_bytes	27320						
compile	iso-ts			plain	same program	pcrec_25b1984f_vm-in-caps-simdna				emit_bytes	26688						
compile	iso-ts			plain	same program	pcrec_25b1984f_vm-in-caps-simdna				emit_code_bytes	25995						
compile	iso-ts			whole-subject	separate artifact	pcrec_25b1984f_vm-in-caps-simdna				median_total_ns	249856844.000000	5					
compile	iso-ts			whole-subject	separate artifact	pcrec_25b1984f_vm-in-caps-simdna				jitter	0.013						
compile	iso-ts			whole-subject	separate artifact	pcrec_25b1984f_vm-in-caps-simdna				artifact_bytes	27320						
compile	iso-ts			whole-subject	separate artifact	pcrec_25b1984f_vm-in-caps-simdna				emit_bytes	26803						
compile	iso-ts			whole-subject	separate artifact	pcrec_25b1984f_vm-in-caps-simdna				emit_code_bytes	26110						
compile	kv-quoted			plain	same program	pcrec_25b1984f_vm-in-caps-simdna				median_total_ns	194225390.000000	5					
compile	kv-quoted			plain	same program	pcrec_25b1984f_vm-in-caps-simdna				jitter	0.024						
compile	kv-quoted			plain	same program	pcrec_25b1984f_vm-in-caps-simdna				artifact_bytes	27408						
compile	kv-quoted			plain	same program	pcrec_25b1984f_vm-in-caps-simdna				emit_bytes	22588						
compile	kv-quoted			plain	same program	pcrec_25b1984f_vm-in-caps-simdna				emit_code_bytes	21433						
compile	kv-quoted			whole-subject	separate artifact	pcrec_25b1984f_vm-in-caps-simdna				median_total_ns	194149629.000000	5					
compile	kv-quoted			whole-subject	separate artifact	pcrec_25b1984f_vm-in-caps-simdna				jitter	0.015						
compile	kv-quoted			whole-subject	separate artifact	pcrec_25b1984f_vm-in-caps-simdna				artifact_bytes	27408						
compile	kv-quoted			whole-subject	separate artifact	pcrec_25b1984f_vm-in-caps-simdna				emit_bytes	22701						
compile	kv-quoted			whole-subject	separate artifact	pcrec_25b1984f_vm-in-caps-simdna				emit_code_bytes	21546						
compile	level-context			plain	same program	pcrec_25b1984f_vm-in-caps-simdna				median_total_ns	237614990.000000	5					
compile	level-context			plain	same program	pcrec_25b1984f_vm-in-caps-simdna				jitter	0.019						
compile	level-context			plain	same program	pcrec_25b1984f_vm-in-caps-simdna				artifact_bytes	27280						
compile	level-context			plain	same program	pcrec_25b1984f_vm-in-caps-simdna				emit_bytes	29850						
compile	level-context			plain	same program	pcrec_25b1984f_vm-in-caps-simdna				emit_code_bytes	29388						
compile	level-context			whole-subject	separate artifact	pcrec_25b1984f_vm-in-caps-simdna				median_total_ns	244035863.000000	5					
compile	level-context			whole-subject	separate artifact	pcrec_25b1984f_vm-in-caps-simdna				jitter	0.015						
compile	level-context			whole-subject	separate artifact	pcrec_25b1984f_vm-in-caps-simdna				artifact_bytes	27280						
compile	level-context			whole-subject	separate artifact	pcrec_25b1984f_vm-in-caps-simdna				emit_bytes	29963						
compile	level-context			whole-subject	separate artifact	pcrec_25b1984f_vm-in-caps-simdna				emit_code_bytes	29501						
compile	stack-frame			plain	same program	pcrec_25b1984f_vm-in-caps-simdna				median_total_ns	279430513.000000	5					
compile	stack-frame			plain	same program	pcrec_25b1984f_vm-in-caps-simdna				jitter	0.003						
compile	stack-frame			plain	same program	pcrec_25b1984f_vm-in-caps-simdna				artifact_bytes	27440						
compile	stack-frame			plain	same program	pcrec_25b1984f_vm-in-caps-simdna				emit_bytes	34019						
compile	stack-frame			plain	same program	pcrec_25b1984f_vm-in-caps-simdna				emit_code_bytes	33326						
compile	stack-frame			whole-subject	separate artifact	pcrec_25b1984f_vm-in-caps-simdna				median_total_ns	278340278.000000	5					
compile	stack-frame			whole-subject	separate artifact	pcrec_25b1984f_vm-in-caps-simdna				jitter	0.010						
compile	stack-frame			whole-subject	separate artifact	pcrec_25b1984f_vm-in-caps-simdna				artifact_bytes	27440						
compile	stack-frame			whole-subject	separate artifact	pcrec_25b1984f_vm-in-caps-simdna				emit_bytes	34132						
compile	stack-frame			whole-subject	separate artifact	pcrec_25b1984f_vm-in-caps-simdna				emit_code_bytes	33439						
compile	uuid			plain	same program	pcrec_25b1984f_vm-in-caps-simdna				median_total_ns	198265030.000000	5					
compile	uuid			plain	same program	pcrec_25b1984f_vm-in-caps-simdna				jitter	0.014						
compile	uuid			plain	same program	pcrec_25b1984f_vm-in-caps-simdna				artifact_bytes	27328						
compile	uuid			plain	same program	pcrec_25b1984f_vm-in-caps-simdna				emit_bytes	23573						
compile	uuid			plain	same program	pcrec_25b1984f_vm-in-caps-simdna				emit_code_bytes	22880						
compile	uuid			whole-subject	separate artifact	pcrec_25b1984f_vm-in-caps-simdna				median_total_ns	198651090.000000	5					
compile	uuid			whole-subject	separate artifact	pcrec_25b1984f_vm-in-caps-simdna				jitter	0.018						
compile	uuid			whole-subject	separate artifact	pcrec_25b1984f_vm-in-caps-simdna				artifact_bytes	27328						
compile	uuid			whole-subject	separate artifact	pcrec_25b1984f_vm-in-caps-simdna				emit_bytes	23686						
compile	uuid			whole-subject	separate artifact	pcrec_25b1984f_vm-in-caps-simdna				emit_code_bytes	22993						
compile	bignum			plain	same program	pcrec_d34c9131_auto-caps-simdna				median_total_ns	156040240.000000	5					
compile	bignum			plain	same program	pcrec_d34c9131_auto-caps-simdna				jitter	0.024						
compile	bignum			plain	same program	pcrec_d34c9131_auto-caps-simdna				artifact_bytes	27936						
compile	bignum			plain	same program	pcrec_d34c9131_auto-caps-simdna				emit_bytes	24040						
compile	bignum			plain	same program	pcrec_d34c9131_auto-caps-simdna				emit_code_bytes	14789						
compile_stamp						pcrec_d34c9131_auto-caps-simdna				engine	dfa						
compile_stamp						pcrec_d34c9131_auto-caps-simdna				entry	plain entry						
compile_stamp						pcrec_d34c9131_auto-caps-simdna				prefilter	-						
compile_stamp						pcrec_d34c9131_auto-caps-simdna				vm_rungs	-						
compile_stamp						pcrec_d34c9131_auto-caps-simdna				buffers	0 (DFA)						
compile_stamp						pcrec_d34c9131_auto-caps-simdna				frame	0 (DFA)						
compile_stamp						pcrec_d34c9131_auto-caps-simdna				dfa_prefilter_offsets	none						
compile_stamp						pcrec_d34c9131_auto-caps-simdna				dfa_match	unwrapped						
compile_stamp						pcrec_d34c9131_auto-caps-simdna				dfa_scan_edge	none						
compile_stamp						pcrec_d34c9131_auto-caps-simdna				scan_edges	0						
compile_stamp						pcrec_d34c9131_auto-caps-simdna				scan_edges_match	0						
compile_stamp						pcrec_d34c9131_auto-caps-simdna				engine_sel	selected						
compile	bignum			whole-subject	separate artifact	pcrec_d34c9131_auto-caps-simdna				median_total_ns	162536810.000000	5					
compile	bignum			whole-subject	separate artifact	pcrec_d34c9131_auto-caps-simdna				jitter	0.018						
compile	bignum			whole-subject	separate artifact	pcrec_d34c9131_auto-caps-simdna				artifact_bytes	28080						
compile	bignum			whole-subject	separate artifact	pcrec_d34c9131_auto-caps-simdna				emit_bytes	27587						
compile	bignum			whole-subject	separate artifact	pcrec_d34c9131_auto-caps-simdna				emit_code_bytes	16760						
compile	floor			plain	same program	pcrec_d34c9131_auto-caps-simdna				median_total_ns	146931875.000000	5					
compile	floor			plain	same program	pcrec_d34c9131_auto-caps-simdna				jitter	0.022						
compile	floor			plain	same program	pcrec_d34c9131_auto-caps-simdna				artifact_bytes	27608						
compile	floor			plain	same program	pcrec_d34c9131_auto-caps-simdna				emit_bytes	18106						
compile	floor			plain	same program	pcrec_d34c9131_auto-caps-simdna				emit_code_bytes	13109						
compile	floor			whole-subject	separate artifact	pcrec_d34c9131_auto-caps-simdna				median_total_ns	156053121.000000	5					
compile	floor			whole-subject	separate artifact	pcrec_d34c9131_auto-caps-simdna				jitter	0.025						
compile	floor			whole-subject	separate artifact	pcrec_d34c9131_auto-caps-simdna				artifact_bytes	27752						
compile	floor			whole-subject	separate artifact	pcrec_d34c9131_auto-caps-simdna				emit_bytes	20449						
compile	floor			whole-subject	separate artifact	pcrec_d34c9131_auto-caps-simdna				emit_code_bytes	15126						
compile	hex32-id			plain	same program	pcrec_d34c9131_auto-caps-simdna				median_total_ns	148550944.000000	5					
compile	hex32-id			plain	same program	pcrec_d34c9131_auto-caps-simdna				jitter	0.017						
compile	hex32-id			plain	same program	pcrec_d34c9131_auto-caps-simdna				artifact_bytes	27936						
compile	hex32-id			plain	same program	pcrec_d34c9131_auto-caps-simdna				emit_bytes	25529						
compile	hex32-id			plain	same program	pcrec_d34c9131_auto-caps-simdna				emit_code_bytes	14789						
compile	hex32-id			whole-subject	separate artifact	pcrec_d34c9131_auto-caps-simdna				median_total_ns	159016398.000000	5					
compile	hex32-id			whole-subject	separate artifact	pcrec_d34c9131_auto-caps-simdna				jitter	0.016						
compile	hex32-id			whole-subject	separate artifact	pcrec_d34c9131_auto-caps-simdna				artifact_bytes	28080						
compile	hex32-id			whole-subject	separate artifact	pcrec_d34c9131_auto-caps-simdna				emit_bytes	28608						
compile	hex32-id			whole-subject	separate artifact	pcrec_d34c9131_auto-caps-simdna				emit_code_bytes	16760						
compile	http-5xx			plain	same program	pcrec_d34c9131_auto-caps-simdna				median_total_ns	174760233.000000	5					
compile	http-5xx			plain	same program	pcrec_d34c9131_auto-caps-simdna				jitter	0.017						
compile	http-5xx			plain	same program	pcrec_d34c9131_auto-caps-simdna				artifact_bytes	36112						
compile	http-5xx			plain	same program	pcrec_d34c9131_auto-caps-simdna				emit_bytes	52302						
compile	http-5xx			plain	same program	pcrec_d34c9131_auto-caps-simdna				emit_code_bytes	16183						
compile	http-5xx			whole-subject	separate artifact	pcrec_d34c9131_auto-caps-simdna				median_total_ns	189859034.000000	5					
compile	http-5xx			whole-subject	separate artifact	pcrec_d34c9131_auto-caps-simdna				jitter	0.012						
compile	http-5xx			whole-subject	separate artifact	pcrec_d34c9131_auto-caps-simdna				artifact_bytes	36248						
compile	http-5xx			whole-subject	separate artifact	pcrec_d34c9131_auto-caps-simdna				emit_bytes	56076						
compile	http-5xx			whole-subject	separate artifact	pcrec_d34c9131_auto-caps-simdna				emit_code_bytes	18148						
compile	ipv4			plain	same program	pcrec_d34c9131_auto-caps-simdna				median_total_ns	151887635.000000	5					
compile	ipv4			plain	same program	pcrec_d34c9131_auto-caps-simdna				jitter	0.033						
compile	ipv4			plain	same program	pcrec_d34c9131_auto-caps-simdna				artifact_bytes	27608						
compile	ipv4			plain	same program	pcrec_d34c9131_auto-caps-simdna				emit_bytes	24759						
compile	ipv4			plain	same program	pcrec_d34c9131_auto-caps-simdna				emit_code_bytes	13141						
compile	ipv4			whole-subject	separate artifact	pcrec_d34c9131_auto-caps-simdna				median_total_ns	158405554.000000	5					
compile	ipv4			whole-subject	separate artifact	pcrec_d34c9131_auto-caps-simdna				jitter	0.012						
compile	ipv4			whole-subject	separate artifact	pcrec_d34c9131_auto-caps-simdna				artifact_bytes	27744						
compile	ipv4			whole-subject	separate artifact	pcrec_d34c9131_auto-caps-simdna				emit_bytes	28581						
compile	ipv4			whole-subject	separate artifact	pcrec_d34c9131_auto-caps-simdna				emit_code_bytes	15053						
compile	ipv6			plain	same program	pcrec_d34c9131_auto-caps-simdna				median_total_ns	154740732.000000	5					
compile	ipv6			plain	same program	pcrec_d34c9131_auto-caps-simdna				jitter	0.020						
compile	ipv6			plain	same program	pcrec_d34c9131_auto-caps-simdna				artifact_bytes	27648						
compile	ipv6			plain	same program	pcrec_d34c9131_auto-caps-simdna				emit_bytes	25725						
compile	ipv6			plain	same program	pcrec_d34c9131_auto-caps-simdna				emit_code_bytes	14182						
compile	ipv6			whole-subject	separate artifact	pcrec_d34c9131_auto-caps-simdna				median_total_ns	166688294.000000	5					
compile	ipv6			whole-subject	separate artifact	pcrec_d34c9131_auto-caps-simdna				jitter	0.027						
compile	ipv6			whole-subject	separate artifact	pcrec_d34c9131_auto-caps-simdna				artifact_bytes	27792						
compile	ipv6			whole-subject	separate artifact	pcrec_d34c9131_auto-caps-simdna				emit_bytes	31104						
compile	ipv6			whole-subject	separate artifact	pcrec_d34c9131_auto-caps-simdna				emit_code_bytes	15978						
compile	iso-ts			plain	same program	pcrec_d34c9131_auto-caps-simdna				median_total_ns	220689221.000000	5					
compile	iso-ts			plain	same program	pcrec_d34c9131_auto-caps-simdna				jitter	0.013						
compile	iso-ts			plain	same program	pcrec_d34c9131_auto-caps-simdna				artifact_bytes	31744						
compile	iso-ts			plain	same program	pcrec_d34c9131_auto-caps-simdna				emit_bytes	34185						
compile	iso-ts			plain	same program	pcrec_d34c9131_auto-caps-simdna				emit_code_bytes	20983						
compile	iso-ts			whole-subject	separate artifact	pcrec_d34c9131_auto-caps-simdna				median_total_ns	223186415.000000	5					
compile	iso-ts			whole-subject	separate artifact	pcrec_d34c9131_auto-caps-simdna				jitter	0.009						
compile	iso-ts			whole-subject	separate artifact	pcrec_d34c9131_auto-caps-simdna				artifact_bytes	31888						
compile	iso-ts			whole-subject	separate artifact	pcrec_d34c9131_auto-caps-simdna				emit_bytes	39290						
compile	iso-ts			whole-subject	separate artifact	pcrec_d34c9131_auto-caps-simdna				emit_code_bytes	22630						
compile	kv-quoted			plain	same program	pcrec_d34c9131_auto-caps-simdna				median_total_ns	162155688.000000	5					
compile	kv-quoted			plain	same program	pcrec_d34c9131_auto-caps-simdna				jitter	0.023						
compile	kv-quoted			plain	same program	pcrec_d34c9131_auto-caps-simdna				artifact_bytes	31992						
compile	kv-quoted			plain	same program	pcrec_d34c9131_auto-caps-simdna				emit_bytes	38521						
compile	kv-quoted			plain	same program	pcrec_d34c9131_auto-caps-simdna				emit_code_bytes	14418						
compile	kv-quoted			whole-subject	separate artifact	pcrec_d34c9131_auto-caps-simdna				median_total_ns	170656199.000000	5					
compile	kv-quoted			whole-subject	separate artifact	pcrec_d34c9131_auto-caps-simdna				jitter	0.022						
compile	kv-quoted			whole-subject	separate artifact	pcrec_d34c9131_auto-caps-simdna				artifact_bytes	32088						
compile	kv-quoted			whole-subject	separate artifact	pcrec_d34c9131_auto-caps-simdna				emit_bytes	43025						
compile	kv-quoted			whole-subject	separate artifact	pcrec_d34c9131_auto-caps-simdna				emit_code_bytes	16213						
compile	level-context			plain	same program	pcrec_d34c9131_auto-caps-simdna				median_total_ns	805516524.000000	5					
compile	level-context			plain	same program	pcrec_d34c9131_auto-caps-simdna				jitter	0.016						
compile	level-context			plain	same program	pcrec_d34c9131_auto-caps-simdna				artifact_bytes	40248						
compile	level-context			plain	same program	pcrec_d34c9131_auto-caps-simdna				emit_bytes	76410						
compile	level-context			plain	same program	pcrec_d34c9131_auto-caps-simdna				emit_code_bytes	34582						
compile	level-context			whole-subject	separate artifact	pcrec_d34c9131_auto-caps-simdna				median_total_ns	1011838768.000000	5					
compile	level-context			whole-subject	separate artifact	pcrec_d34c9131_auto-caps-simdna				jitter	0.004						
compile	level-context			whole-subject	separate artifact	pcrec_d34c9131_auto-caps-simdna				artifact_bytes	40344						
compile	level-context			whole-subject	separate artifact	pcrec_d34c9131_auto-caps-simdna				emit_bytes	79433						
compile	level-context			whole-subject	separate artifact	pcrec_d34c9131_auto-caps-simdna				emit_code_bytes	36003						
compile	stack-frame			plain	same program	pcrec_d34c9131_auto-caps-simdna				median_total_ns	176114012.000000	5					
compile	stack-frame			plain	same program	pcrec_d34c9131_auto-caps-simdna				jitter	0.022						
compile	stack-frame			plain	same program	pcrec_d34c9131_auto-caps-simdna				artifact_bytes	40056						
compile	stack-frame			plain	same program	pcrec_d34c9131_auto-caps-simdna				emit_bytes	64758						
compile	stack-frame			plain	same program	pcrec_d34c9131_auto-caps-simdna				emit_code_bytes	14798						
compile	stack-frame			whole-subject	separate artifact	pcrec_d34c9131_auto-caps-simdna				median_total_ns	185440519.000000	5					
compile	stack-frame			whole-subject	separate artifact	pcrec_d34c9131_auto-caps-simdna				jitter	0.015						
compile	stack-frame			whole-subject	separate artifact	pcrec_d34c9131_auto-caps-simdna				artifact_bytes	40200						
compile	stack-frame			whole-subject	separate artifact	pcrec_d34c9131_auto-caps-simdna				emit_bytes	69052						
compile	stack-frame			whole-subject	separate artifact	pcrec_d34c9131_auto-caps-simdna				emit_code_bytes	16763						
compile	uuid			plain	same program	pcrec_d34c9131_auto-caps-simdna				median_total_ns	165973821.000000	5					
compile	uuid			plain	same program	pcrec_d34c9131_auto-caps-simdna				jitter	0.018						
compile	uuid			plain	same program	pcrec_d34c9131_auto-caps-simdna				artifact_bytes	27976						
compile	uuid			plain	same program	pcrec_d34c9131_auto-caps-simdna				emit_bytes	31395						
compile	uuid			plain	same program	pcrec_d34c9131_auto-caps-simdna				emit_code_bytes	15780						
compile	uuid			whole-subject	separate artifact	pcrec_d34c9131_auto-caps-simdna				median_total_ns	172635790.000000	5					
compile	uuid			whole-subject	separate artifact	pcrec_d34c9131_auto-caps-simdna				jitter	0.013						
compile	uuid			whole-subject	separate artifact	pcrec_d34c9131_auto-caps-simdna				artifact_bytes	28120						
compile	uuid			whole-subject	separate artifact	pcrec_d34c9131_auto-caps-simdna				emit_bytes	34668						
compile	uuid			whole-subject	separate artifact	pcrec_d34c9131_auto-caps-simdna				emit_code_bytes	17751						
