# reporter: v25 (2026-09-26); filters: subbench=loglines, version=0.1, testee=pcrec_fc719ca4_auto-caps-simdna, testee=pcrec_fc719ca4_auto-caps-simdna_noedge, testee=libpcre2_10.46_interp-caps-simdna, testee=libpcre2_10.46_jit-caps-simdna, testee=rust_1.13.1_default-caps-simdna; source: store/index.tsv (11 record(s) matching this query); records: 5; excluded_invalid: 0; superseded: 6; newer_not_measured: 0; subbench_versions: loglines@0.1; machines: budu-ryzen1600; schema_versions: 1.4,1.6,1.7; grain: set; single_subject_regimes: ; include_unmeasured: False; include_scratch: False; all_records: False; x13_rules: v1.4 X13 (pre-flight + trial agreement) on 5; mixed_x13: False; include_provenance: False; worst_other_core_busy: 13.83% (libpcre2_10.46_jit-caps-simdna / stack-frame / short-subject-search); floor_pattern: floor
section	pattern	subject_or_na	regime_or_na	form	fact	testee	status	tier	rank_or_na	metric	value	n	pass_rate	n_gave_up	n_wrong	gave_up_summary	delta_verdict
record						loglines@0.1__libpcre2_10.46_interp-caps-simdna__budu-ryzen1600__20260902T070149Z				agreement	agree (0 of 22 groups; 0 of 1364 rows; 0 unjudged; k=1.5, 2/3; 5 trials)						
record						loglines@0.1__libpcre2_10.46_jit-caps-simdna__budu-ryzen1600__20260902T071053Z				agreement	agree (0 of 22 groups; 0 of 1364 rows; 0 unjudged; k=1.5, 2/3; 5 trials)						
record						loglines@0.1__pcrec_fc719ca4_auto-caps-simdna__budu-ryzen1600__20261002T044728Z				agreement	agree (0 of 22 groups; 0 of 1364 rows; 0 unjudged; k=1.5, 2/3; 5 trials)						
record						loglines@0.1__pcrec_fc719ca4_auto-caps-simdna_noedge__budu-ryzen1600__20261002T045707Z				agreement	agree (0 of 22 groups; 0 of 1364 rows; 0 unjudged; k=1.5, 2/3; 5 trials)						
record						loglines@0.1__rust_1.13.1_default-caps-simdna__budu-ryzen1600__20260920T164630Z				agreement	agree (0 of 22 groups; 0 of 1364 rows; 0 unjudged; k=1.5, 2/3; 5 trials)						
baseline_yes	bignum	(set)	large-subject-throughput			libpcre2_10.46_interp-caps-simdna				baseline_identity	interp					libpcre2_10.46_interp-caps-simdna (interp, present in this group)	
rank_yes	bignum	(set)	large-subject-throughput	plain	same program	libpcre2_10.46_jit-caps-simdna	measured	pinned	1	median_ns	11382589.670732	12	1.0000	0	0		
rank_yes	bignum	(set)	large-subject-throughput	plain	same program	libpcre2_10.46_jit-caps-simdna	measured	pinned	1	min_ns	11358255.402439	12	1.0000	0	0		
rank_yes	bignum	(set)	large-subject-throughput	plain	same program	libpcre2_10.46_jit-caps-simdna	measured	pinned	1	max_ns	11389777.158537	12	1.0000	0	0		
rank_yes	bignum	(set)	large-subject-throughput	plain	same program	libpcre2_10.46_jit-caps-simdna	measured	pinned	1	stddev_ns	11462.816169	12	1.0000	0	0		
rank_yes	bignum	(set)	large-subject-throughput	plain	same program	libpcre2_10.46_jit-caps-simdna	measured	pinned	1	ratio_vs_baseline	0.196662	12	1.0000	0	0		
rank_yes	bignum	(set)	large-subject-throughput	plain	same program	libpcre2_10.46_jit-caps-simdna	measured	pinned	1	ratio_vs_best	1.000000	12	1.0000	0	0		
rank_yes	bignum	(set)	large-subject-throughput	plain	same program	pcrec_fc719ca4_auto-caps-simdna_noedge	measured	pinned	2	median_ns	13190820.106061	12	1.0000	0	0		
rank_yes	bignum	(set)	large-subject-throughput	plain	same program	pcrec_fc719ca4_auto-caps-simdna_noedge	measured	pinned	2	min_ns	13152491.257576	12	1.0000	0	0		
rank_yes	bignum	(set)	large-subject-throughput	plain	same program	pcrec_fc719ca4_auto-caps-simdna_noedge	measured	pinned	2	max_ns	13203000.787879	12	1.0000	0	0		
rank_yes	bignum	(set)	large-subject-throughput	plain	same program	pcrec_fc719ca4_auto-caps-simdna_noedge	measured	pinned	2	stddev_ns	19240.970316	12	1.0000	0	0		
rank_yes	bignum	(set)	large-subject-throughput	plain	same program	pcrec_fc719ca4_auto-caps-simdna_noedge	measured	pinned	2	ratio_vs_baseline	0.227904	12	1.0000	0	0		
rank_yes	bignum	(set)	large-subject-throughput	plain	same program	pcrec_fc719ca4_auto-caps-simdna_noedge	measured	pinned	2	ratio_vs_best	1.158859	12	1.0000	0	0		
rank_yes	bignum	(set)	large-subject-throughput	plain	same program	pcrec_fc719ca4_auto-caps-simdna	measured	pinned	3	median_ns	13192391.358209	12	1.0000	0	0		
rank_yes	bignum	(set)	large-subject-throughput	plain	same program	pcrec_fc719ca4_auto-caps-simdna	measured	pinned	3	min_ns	12988772.223881	12	1.0000	0	0		
rank_yes	bignum	(set)	large-subject-throughput	plain	same program	pcrec_fc719ca4_auto-caps-simdna	measured	pinned	3	max_ns	13197929.910448	12	1.0000	0	0		
rank_yes	bignum	(set)	large-subject-throughput	plain	same program	pcrec_fc719ca4_auto-caps-simdna	measured	pinned	3	stddev_ns	82139.391809	12	1.0000	0	0		
rank_yes	bignum	(set)	large-subject-throughput	plain	same program	pcrec_fc719ca4_auto-caps-simdna	measured	pinned	3	ratio_vs_baseline	0.227931	12	1.0000	0	0		
rank_yes	bignum	(set)	large-subject-throughput	plain	same program	pcrec_fc719ca4_auto-caps-simdna	measured	pinned	3	ratio_vs_best	1.158997	12	1.0000	0	0		
rank_yes	bignum	(set)	large-subject-throughput	plain	same program	libpcre2_10.46_interp-caps-simdna	measured	pinned	4	median_ns	57878835.000000	12	1.0000	0	0		
rank_yes	bignum	(set)	large-subject-throughput	plain	same program	libpcre2_10.46_interp-caps-simdna	measured	pinned	4	min_ns	57794557.866667	12	1.0000	0	0		
rank_yes	bignum	(set)	large-subject-throughput	plain	same program	libpcre2_10.46_interp-caps-simdna	measured	pinned	4	max_ns	58075503.400000	12	1.0000	0	0		
rank_yes	bignum	(set)	large-subject-throughput	plain	same program	libpcre2_10.46_interp-caps-simdna	measured	pinned	4	stddev_ns	103320.758894	12	1.0000	0	0		
rank_yes	bignum	(set)	large-subject-throughput	plain	same program	libpcre2_10.46_interp-caps-simdna	measured	pinned	4	ratio_vs_baseline	1.000000	12	1.0000	0	0		
rank_yes	bignum	(set)	large-subject-throughput	plain	same program	libpcre2_10.46_interp-caps-simdna	measured	pinned	4	ratio_vs_best	5.084856	12	1.0000	0	0		
baseline_yes	bignum	(set)	short-subject-search			libpcre2_10.46_interp-caps-simdna				baseline_identity	interp					libpcre2_10.46_interp-caps-simdna (interp, present in this group)	
rank_yes	bignum	(set)	short-subject-search	plain	same program	libpcre2_10.46_jit-caps-simdna	measured	pinned	1	median_ns	395913.648097	112	1.0000	0	0		
rank_yes	bignum	(set)	short-subject-search	plain	same program	libpcre2_10.46_jit-caps-simdna	measured	pinned	1	min_ns	393751.781507	112	1.0000	0	0		
rank_yes	bignum	(set)	short-subject-search	plain	same program	libpcre2_10.46_jit-caps-simdna	measured	pinned	1	max_ns	396496.751045	112	1.0000	0	0		
rank_yes	bignum	(set)	short-subject-search	plain	same program	libpcre2_10.46_jit-caps-simdna	measured	pinned	1	stddev_ns	1004.478834	112	1.0000	0	0		
rank_yes	bignum	(set)	short-subject-search	plain	same program	libpcre2_10.46_jit-caps-simdna	measured	pinned	1	ratio_vs_baseline	0.175936	112	1.0000	0	0		
rank_yes	bignum	(set)	short-subject-search	plain	same program	libpcre2_10.46_jit-caps-simdna	measured	pinned	1	ratio_vs_best	1.000000	112	1.0000	0	0		
rank_yes	bignum	(set)	short-subject-search	plain	same program	pcrec_fc719ca4_auto-caps-simdna	measured	pinned	2	median_ns	430277.218281	112	1.0000	0	0		
rank_yes	bignum	(set)	short-subject-search	plain	same program	pcrec_fc719ca4_auto-caps-simdna	measured	pinned	2	min_ns	428901.595994	112	1.0000	0	0		
rank_yes	bignum	(set)	short-subject-search	plain	same program	pcrec_fc719ca4_auto-caps-simdna	measured	pinned	2	max_ns	434019.673145	112	1.0000	0	0		
rank_yes	bignum	(set)	short-subject-search	plain	same program	pcrec_fc719ca4_auto-caps-simdna	measured	pinned	2	stddev_ns	1788.937733	112	1.0000	0	0		
rank_yes	bignum	(set)	short-subject-search	plain	same program	pcrec_fc719ca4_auto-caps-simdna	measured	pinned	2	ratio_vs_baseline	0.191206	112	1.0000	0	0		
rank_yes	bignum	(set)	short-subject-search	plain	same program	pcrec_fc719ca4_auto-caps-simdna	measured	pinned	2	ratio_vs_best	1.086796	112	1.0000	0	0		
rank_yes	bignum	(set)	short-subject-search	plain	same program	pcrec_fc719ca4_auto-caps-simdna_noedge	measured	pinned	3	median_ns	432256.409081	112	1.0000	0	0		
rank_yes	bignum	(set)	short-subject-search	plain	same program	pcrec_fc719ca4_auto-caps-simdna_noedge	measured	pinned	3	min_ns	424810.194280	112	1.0000	0	0		
rank_yes	bignum	(set)	short-subject-search	plain	same program	pcrec_fc719ca4_auto-caps-simdna_noedge	measured	pinned	3	max_ns	433924.756921	112	1.0000	0	0		
rank_yes	bignum	(set)	short-subject-search	plain	same program	pcrec_fc719ca4_auto-caps-simdna_noedge	measured	pinned	3	stddev_ns	3449.281089	112	1.0000	0	0		
rank_yes	bignum	(set)	short-subject-search	plain	same program	pcrec_fc719ca4_auto-caps-simdna_noedge	measured	pinned	3	ratio_vs_baseline	0.192086	112	1.0000	0	0		
rank_yes	bignum	(set)	short-subject-search	plain	same program	pcrec_fc719ca4_auto-caps-simdna_noedge	measured	pinned	3	ratio_vs_best	1.091795	112	1.0000	0	0		
rank_yes	bignum	(set)	short-subject-search	plain	same program	libpcre2_10.46_interp-caps-simdna	measured	pinned	4	median_ns	2250332.922988	112	1.0000	0	0		
rank_yes	bignum	(set)	short-subject-search	plain	same program	libpcre2_10.46_interp-caps-simdna	measured	pinned	4	min_ns	2243652.571222	112	1.0000	0	0		
rank_yes	bignum	(set)	short-subject-search	plain	same program	libpcre2_10.46_interp-caps-simdna	measured	pinned	4	max_ns	2739686.144760	112	1.0000	0	0		
rank_yes	bignum	(set)	short-subject-search	plain	same program	libpcre2_10.46_interp-caps-simdna	measured	pinned	4	stddev_ns	196086.771387	112	1.0000	0	0		
rank_yes	bignum	(set)	short-subject-search	plain	same program	libpcre2_10.46_interp-caps-simdna	measured	pinned	4	ratio_vs_baseline	1.000000	112	1.0000	0	0		
rank_yes	bignum	(set)	short-subject-search	plain	same program	libpcre2_10.46_interp-caps-simdna	measured	pinned	4	ratio_vs_best	5.683898	112	1.0000	0	0		
baseline_yes	floor	(set)	large-subject-throughput			libpcre2_10.46_interp-caps-simdna				baseline_identity	interp					libpcre2_10.46_interp-caps-simdna (interp, present in this group)	
rank_yes	floor	(set)	large-subject-throughput	plain	same program	pcrec_fc719ca4_auto-caps-simdna	measured	pinned	1	median_ns	2964776.217557	12	1.0000	0	0		
rank_yes	floor	(set)	large-subject-throughput	plain	same program	pcrec_fc719ca4_auto-caps-simdna	measured	pinned	1	min_ns	2954269.545802	12	1.0000	0	0		
rank_yes	floor	(set)	large-subject-throughput	plain	same program	pcrec_fc719ca4_auto-caps-simdna	measured	pinned	1	max_ns	2968779.442748	12	1.0000	0	0		
rank_yes	floor	(set)	large-subject-throughput	plain	same program	pcrec_fc719ca4_auto-caps-simdna	measured	pinned	1	stddev_ns	5812.549949	12	1.0000	0	0		
rank_yes	floor	(set)	large-subject-throughput	plain	same program	pcrec_fc719ca4_auto-caps-simdna	measured	pinned	1	ratio_vs_baseline	0.203990	12	1.0000	0	0		
rank_yes	floor	(set)	large-subject-throughput	plain	same program	pcrec_fc719ca4_auto-caps-simdna	measured	pinned	1	ratio_vs_best	1.000000	12	1.0000	0	0		
rank_yes	floor	(set)	large-subject-throughput	plain	same program	pcrec_fc719ca4_auto-caps-simdna_noedge	measured	pinned	2	median_ns	2965431.531365	12	1.0000	0	0		
rank_yes	floor	(set)	large-subject-throughput	plain	same program	pcrec_fc719ca4_auto-caps-simdna_noedge	measured	pinned	2	min_ns	2961898.180812	12	1.0000	0	0		
rank_yes	floor	(set)	large-subject-throughput	plain	same program	pcrec_fc719ca4_auto-caps-simdna_noedge	measured	pinned	2	max_ns	2969600.918819	12	1.0000	0	0		
rank_yes	floor	(set)	large-subject-throughput	plain	same program	pcrec_fc719ca4_auto-caps-simdna_noedge	measured	pinned	2	stddev_ns	2560.067194	12	1.0000	0	0		
rank_yes	floor	(set)	large-subject-throughput	plain	same program	pcrec_fc719ca4_auto-caps-simdna_noedge	measured	pinned	2	ratio_vs_baseline	0.204035	12	1.0000	0	0		
rank_yes	floor	(set)	large-subject-throughput	plain	same program	pcrec_fc719ca4_auto-caps-simdna_noedge	measured	pinned	2	ratio_vs_best	1.000221	12	1.0000	0	0		
rank_yes	floor	(set)	large-subject-throughput	plain	same program	libpcre2_10.46_jit-caps-simdna	measured	pinned	3	median_ns	6679229.808333	12	1.0000	0	0		
rank_yes	floor	(set)	large-subject-throughput	plain	same program	libpcre2_10.46_jit-caps-simdna	measured	pinned	3	min_ns	6646712.608333	12	1.0000	0	0		
rank_yes	floor	(set)	large-subject-throughput	plain	same program	libpcre2_10.46_jit-caps-simdna	measured	pinned	3	max_ns	7365085.825000	12	1.0000	0	0		
rank_yes	floor	(set)	large-subject-throughput	plain	same program	libpcre2_10.46_jit-caps-simdna	measured	pinned	3	stddev_ns	272133.552491	12	1.0000	0	0		
rank_yes	floor	(set)	large-subject-throughput	plain	same program	libpcre2_10.46_jit-caps-simdna	measured	pinned	3	ratio_vs_baseline	0.459560	12	1.0000	0	0		
rank_yes	floor	(set)	large-subject-throughput	plain	same program	libpcre2_10.46_jit-caps-simdna	measured	pinned	3	ratio_vs_best	2.252861	12	1.0000	0	0		
rank_yes	floor	(set)	large-subject-throughput	plain	same program	libpcre2_10.46_interp-caps-simdna	measured	pinned	4	median_ns	14533959.070175	12	1.0000	0	0		
rank_yes	floor	(set)	large-subject-throughput	plain	same program	libpcre2_10.46_interp-caps-simdna	measured	pinned	4	min_ns	14361041.385965	12	1.0000	0	0		
rank_yes	floor	(set)	large-subject-throughput	plain	same program	libpcre2_10.46_interp-caps-simdna	measured	pinned	4	max_ns	14749243.175439	12	1.0000	0	0		
rank_yes	floor	(set)	large-subject-throughput	plain	same program	libpcre2_10.46_interp-caps-simdna	measured	pinned	4	stddev_ns	130640.420849	12	1.0000	0	0		
rank_yes	floor	(set)	large-subject-throughput	plain	same program	libpcre2_10.46_interp-caps-simdna	measured	pinned	4	ratio_vs_baseline	1.000000	12	1.0000	0	0		
rank_yes	floor	(set)	large-subject-throughput	plain	same program	libpcre2_10.46_interp-caps-simdna	measured	pinned	4	ratio_vs_best	4.902211	12	1.0000	0	0		
baseline_yes	floor	(set)	short-subject-search			libpcre2_10.46_interp-caps-simdna				baseline_identity	interp					libpcre2_10.46_interp-caps-simdna (interp, present in this group)	
rank_yes	floor	(set)	short-subject-search	plain	same program	pcrec_fc719ca4_auto-caps-simdna_noedge	measured	pinned	1	median_ns	2027.762869	112	1.0000	0	0		
rank_yes	floor	(set)	short-subject-search	plain	same program	pcrec_fc719ca4_auto-caps-simdna_noedge	measured	pinned	1	min_ns	2022.535973	112	1.0000	0	0		
rank_yes	floor	(set)	short-subject-search	plain	same program	pcrec_fc719ca4_auto-caps-simdna_noedge	measured	pinned	1	max_ns	2031.798429	112	1.0000	0	0		
rank_yes	floor	(set)	short-subject-search	plain	same program	pcrec_fc719ca4_auto-caps-simdna_noedge	measured	pinned	1	stddev_ns	3.037215	112	1.0000	0	0		
rank_yes	floor	(set)	short-subject-search	plain	same program	pcrec_fc719ca4_auto-caps-simdna_noedge	measured	pinned	1	ratio_vs_baseline	0.178496	112	1.0000	0	0		
rank_yes	floor	(set)	short-subject-search	plain	same program	pcrec_fc719ca4_auto-caps-simdna_noedge	measured	pinned	1	ratio_vs_best	1.000000	112	1.0000	0	0		
rank_yes	floor	(set)	short-subject-search	plain	same program	pcrec_fc719ca4_auto-caps-simdna	measured	pinned	2	median_ns	2029.103333	112	1.0000	0	0		
rank_yes	floor	(set)	short-subject-search	plain	same program	pcrec_fc719ca4_auto-caps-simdna	measured	pinned	2	min_ns	2025.433502	112	1.0000	0	0		
rank_yes	floor	(set)	short-subject-search	plain	same program	pcrec_fc719ca4_auto-caps-simdna	measured	pinned	2	max_ns	2049.093650	112	1.0000	0	0		
rank_yes	floor	(set)	short-subject-search	plain	same program	pcrec_fc719ca4_auto-caps-simdna	measured	pinned	2	stddev_ns	10.841093	112	1.0000	0	0		
rank_yes	floor	(set)	short-subject-search	plain	same program	pcrec_fc719ca4_auto-caps-simdna	measured	pinned	2	ratio_vs_baseline	0.178614	112	1.0000	0	0		
rank_yes	floor	(set)	short-subject-search	plain	same program	pcrec_fc719ca4_auto-caps-simdna	measured	pinned	2	ratio_vs_best	1.000661	112	1.0000	0	0		
rank_yes	floor	(set)	short-subject-search	plain	same program	libpcre2_10.46_jit-caps-simdna	measured	pinned	3	median_ns	4976.571523	112	1.0000	0	0		
rank_yes	floor	(set)	short-subject-search	plain	same program	libpcre2_10.46_jit-caps-simdna	measured	pinned	3	min_ns	4915.868949	112	1.0000	0	0		
rank_yes	floor	(set)	short-subject-search	plain	same program	libpcre2_10.46_jit-caps-simdna	measured	pinned	3	max_ns	5683.164091	112	1.0000	0	0		
rank_yes	floor	(set)	short-subject-search	plain	same program	libpcre2_10.46_jit-caps-simdna	measured	pinned	3	stddev_ns	298.852714	112	1.0000	0	0		
rank_yes	floor	(set)	short-subject-search	plain	same program	libpcre2_10.46_jit-caps-simdna	measured	pinned	3	ratio_vs_baseline	0.438069	112	1.0000	0	0		
rank_yes	floor	(set)	short-subject-search	plain	same program	libpcre2_10.46_jit-caps-simdna	measured	pinned	3	ratio_vs_best	2.454218	112	1.0000	0	0		
rank_yes	floor	(set)	short-subject-search	plain	same program	libpcre2_10.46_interp-caps-simdna	measured	pinned	4	median_ns	11360.240484	112	1.0000	0	0		
rank_yes	floor	(set)	short-subject-search	plain	same program	libpcre2_10.46_interp-caps-simdna	measured	pinned	4	min_ns	10972.331570	112	1.0000	0	0		
rank_yes	floor	(set)	short-subject-search	plain	same program	libpcre2_10.46_interp-caps-simdna	measured	pinned	4	max_ns	11577.511339	112	1.0000	0	0		
rank_yes	floor	(set)	short-subject-search	plain	same program	libpcre2_10.46_interp-caps-simdna	measured	pinned	4	stddev_ns	226.064231	112	1.0000	0	0		
rank_yes	floor	(set)	short-subject-search	plain	same program	libpcre2_10.46_interp-caps-simdna	measured	pinned	4	ratio_vs_baseline	1.000000	112	1.0000	0	0		
rank_yes	floor	(set)	short-subject-search	plain	same program	libpcre2_10.46_interp-caps-simdna	measured	pinned	4	ratio_vs_best	5.602352	112	1.0000	0	0		
baseline_yes	hex32-id	(set)	large-subject-throughput			libpcre2_10.46_interp-caps-simdna				baseline_identity	interp					libpcre2_10.46_interp-caps-simdna (interp, present in this group)	
rank_yes	hex32-id	(set)	large-subject-throughput	plain	same program	pcrec_fc719ca4_auto-caps-simdna_noedge	measured	pinned	1	median_ns	13171573.462687	12	1.0000	0	0		
rank_yes	hex32-id	(set)	large-subject-throughput	plain	same program	pcrec_fc719ca4_auto-caps-simdna_noedge	measured	pinned	1	min_ns	12968022.492537	12	1.0000	0	0		
rank_yes	hex32-id	(set)	large-subject-throughput	plain	same program	pcrec_fc719ca4_auto-caps-simdna_noedge	measured	pinned	1	max_ns	13177360.522388	12	1.0000	0	0		
rank_yes	hex32-id	(set)	large-subject-throughput	plain	same program	pcrec_fc719ca4_auto-caps-simdna_noedge	measured	pinned	1	stddev_ns	89931.468441	12	1.0000	0	0		
rank_yes	hex32-id	(set)	large-subject-throughput	plain	same program	pcrec_fc719ca4_auto-caps-simdna_noedge	measured	pinned	1	ratio_vs_baseline	0.135874	12	1.0000	0	0		
rank_yes	hex32-id	(set)	large-subject-throughput	plain	same program	pcrec_fc719ca4_auto-caps-simdna_noedge	measured	pinned	1	ratio_vs_best	1.000000	12	1.0000	0	0		
rank_yes	hex32-id	(set)	large-subject-throughput	plain	same program	pcrec_fc719ca4_auto-caps-simdna	measured	pinned	2	median_ns	13179275.477612	12	1.0000	0	0		
rank_yes	hex32-id	(set)	large-subject-throughput	plain	same program	pcrec_fc719ca4_auto-caps-simdna	measured	pinned	2	min_ns	13145253.507463	12	1.0000	0	0		
rank_yes	hex32-id	(set)	large-subject-throughput	plain	same program	pcrec_fc719ca4_auto-caps-simdna	measured	pinned	2	max_ns	13181421.014925	12	1.0000	0	0		
rank_yes	hex32-id	(set)	large-subject-throughput	plain	same program	pcrec_fc719ca4_auto-caps-simdna	measured	pinned	2	stddev_ns	13576.545067	12	1.0000	0	0		
rank_yes	hex32-id	(set)	large-subject-throughput	plain	same program	pcrec_fc719ca4_auto-caps-simdna	measured	pinned	2	ratio_vs_baseline	0.135953	12	1.0000	0	0		
rank_yes	hex32-id	(set)	large-subject-throughput	plain	same program	pcrec_fc719ca4_auto-caps-simdna	measured	pinned	2	ratio_vs_best	1.000585	12	1.0000	0	0		
rank_yes	hex32-id	(set)	large-subject-throughput	plain	same program	libpcre2_10.46_jit-caps-simdna	measured	pinned	3	median_ns	15348645.754098	12	1.0000	0	0		
rank_yes	hex32-id	(set)	large-subject-throughput	plain	same program	libpcre2_10.46_jit-caps-simdna	measured	pinned	3	min_ns	15334063.393443	12	1.0000	0	0		
rank_yes	hex32-id	(set)	large-subject-throughput	plain	same program	libpcre2_10.46_jit-caps-simdna	measured	pinned	3	max_ns	15432218.081967	12	1.0000	0	0		
rank_yes	hex32-id	(set)	large-subject-throughput	plain	same program	libpcre2_10.46_jit-caps-simdna	measured	pinned	3	stddev_ns	36932.464816	12	1.0000	0	0		
rank_yes	hex32-id	(set)	large-subject-throughput	plain	same program	libpcre2_10.46_jit-caps-simdna	measured	pinned	3	ratio_vs_baseline	0.158332	12	1.0000	0	0		
rank_yes	hex32-id	(set)	large-subject-throughput	plain	same program	libpcre2_10.46_jit-caps-simdna	measured	pinned	3	ratio_vs_best	1.165286	12	1.0000	0	0		
rank_yes	hex32-id	(set)	large-subject-throughput	plain	same program	libpcre2_10.46_interp-caps-simdna	measured	pinned	4	median_ns	96939827.888889	12	1.0000	0	0		
rank_yes	hex32-id	(set)	large-subject-throughput	plain	same program	libpcre2_10.46_interp-caps-simdna	measured	pinned	4	min_ns	96766693.444444	12	1.0000	0	0		
rank_yes	hex32-id	(set)	large-subject-throughput	plain	same program	libpcre2_10.46_interp-caps-simdna	measured	pinned	4	max_ns	97026123.666667	12	1.0000	0	0		
rank_yes	hex32-id	(set)	large-subject-throughput	plain	same program	libpcre2_10.46_interp-caps-simdna	measured	pinned	4	stddev_ns	84787.911678	12	1.0000	0	0		
rank_yes	hex32-id	(set)	large-subject-throughput	plain	same program	libpcre2_10.46_interp-caps-simdna	measured	pinned	4	ratio_vs_baseline	1.000000	12	1.0000	0	0		
rank_yes	hex32-id	(set)	large-subject-throughput	plain	same program	libpcre2_10.46_interp-caps-simdna	measured	pinned	4	ratio_vs_best	7.359776	12	1.0000	0	0		
baseline_yes	hex32-id	(set)	short-subject-search			libpcre2_10.46_interp-caps-simdna				baseline_identity	interp					libpcre2_10.46_interp-caps-simdna (interp, present in this group)	
rank_yes	hex32-id	(set)	short-subject-search	plain	same program	pcrec_fc719ca4_auto-caps-simdna	measured	pinned	1	median_ns	431495.030292	112	1.0000	0	0		
rank_yes	hex32-id	(set)	short-subject-search	plain	same program	pcrec_fc719ca4_auto-caps-simdna	measured	pinned	1	min_ns	429866.840065	112	1.0000	0	0		
rank_yes	hex32-id	(set)	short-subject-search	plain	same program	pcrec_fc719ca4_auto-caps-simdna	measured	pinned	1	max_ns	436948.892117	112	1.0000	0	0		
rank_yes	hex32-id	(set)	short-subject-search	plain	same program	pcrec_fc719ca4_auto-caps-simdna	measured	pinned	1	stddev_ns	2518.057676	112	1.0000	0	0		
rank_yes	hex32-id	(set)	short-subject-search	plain	same program	pcrec_fc719ca4_auto-caps-simdna	measured	pinned	1	ratio_vs_baseline	0.117860	112	1.0000	0	0		
rank_yes	hex32-id	(set)	short-subject-search	plain	same program	pcrec_fc719ca4_auto-caps-simdna	measured	pinned	1	ratio_vs_best	1.000000	112	1.0000	0	0		
rank_yes	hex32-id	(set)	short-subject-search	plain	same program	pcrec_fc719ca4_auto-caps-simdna_noedge	measured	pinned	2	median_ns	435456.548095	112	1.0000	0	0		
rank_yes	hex32-id	(set)	short-subject-search	plain	same program	pcrec_fc719ca4_auto-caps-simdna_noedge	measured	pinned	2	min_ns	433976.114974	112	1.0000	0	0		
rank_yes	hex32-id	(set)	short-subject-search	plain	same program	pcrec_fc719ca4_auto-caps-simdna_noedge	measured	pinned	2	max_ns	437575.028986	112	1.0000	0	0		
rank_yes	hex32-id	(set)	short-subject-search	plain	same program	pcrec_fc719ca4_auto-caps-simdna_noedge	measured	pinned	2	stddev_ns	1268.907356	112	1.0000	0	0		
rank_yes	hex32-id	(set)	short-subject-search	plain	same program	pcrec_fc719ca4_auto-caps-simdna_noedge	measured	pinned	2	ratio_vs_baseline	0.118942	112	1.0000	0	0		
rank_yes	hex32-id	(set)	short-subject-search	plain	same program	pcrec_fc719ca4_auto-caps-simdna_noedge	measured	pinned	2	ratio_vs_best	1.009181	112	1.0000	0	0		
rank_yes	hex32-id	(set)	short-subject-search	plain	same program	libpcre2_10.46_jit-caps-simdna	measured	pinned	3	median_ns	489992.192118	112	1.0000	0	0		
rank_yes	hex32-id	(set)	short-subject-search	plain	same program	libpcre2_10.46_jit-caps-simdna	measured	pinned	3	min_ns	488298.584516	112	1.0000	0	0		
rank_yes	hex32-id	(set)	short-subject-search	plain	same program	libpcre2_10.46_jit-caps-simdna	measured	pinned	3	max_ns	490250.128038	112	1.0000	0	0		
rank_yes	hex32-id	(set)	short-subject-search	plain	same program	libpcre2_10.46_jit-caps-simdna	measured	pinned	3	stddev_ns	702.848945	112	1.0000	0	0		
rank_yes	hex32-id	(set)	short-subject-search	plain	same program	libpcre2_10.46_jit-caps-simdna	measured	pinned	3	ratio_vs_baseline	0.133838	112	1.0000	0	0		
rank_yes	hex32-id	(set)	short-subject-search	plain	same program	libpcre2_10.46_jit-caps-simdna	measured	pinned	3	ratio_vs_best	1.135569	112	1.0000	0	0		
rank_yes	hex32-id	(set)	short-subject-search	plain	same program	libpcre2_10.46_interp-caps-simdna	measured	pinned	4	median_ns	3661076.024679	112	1.0000	0	0		
rank_yes	hex32-id	(set)	short-subject-search	plain	same program	libpcre2_10.46_interp-caps-simdna	measured	pinned	4	min_ns	3660252.510365	112	1.0000	0	0		
rank_yes	hex32-id	(set)	short-subject-search	plain	same program	libpcre2_10.46_interp-caps-simdna	measured	pinned	4	max_ns	3666490.601185	112	1.0000	0	0		
rank_yes	hex32-id	(set)	short-subject-search	plain	same program	libpcre2_10.46_interp-caps-simdna	measured	pinned	4	stddev_ns	2467.892045	112	1.0000	0	0		
rank_yes	hex32-id	(set)	short-subject-search	plain	same program	libpcre2_10.46_interp-caps-simdna	measured	pinned	4	ratio_vs_baseline	1.000000	112	1.0000	0	0		
rank_yes	hex32-id	(set)	short-subject-search	plain	same program	libpcre2_10.46_interp-caps-simdna	measured	pinned	4	ratio_vs_best	8.484631	112	1.0000	0	0		
baseline_yes	http-5xx	(set)	large-subject-throughput			libpcre2_10.46_interp-caps-simdna				baseline_identity	interp					libpcre2_10.46_interp-caps-simdna (interp, present in this group)	
rank_yes	http-5xx	(set)	large-subject-throughput	plain	same program	pcrec_fc719ca4_auto-caps-simdna	measured	pinned	1	median_ns	285722.508326	12	1.0000	0	0		
rank_yes	http-5xx	(set)	large-subject-throughput	plain	same program	pcrec_fc719ca4_auto-caps-simdna	measured	pinned	1	min_ns	285629.452316	12	1.0000	0	0		
rank_yes	http-5xx	(set)	large-subject-throughput	plain	same program	pcrec_fc719ca4_auto-caps-simdna	measured	pinned	1	max_ns	288611.283076	12	1.0000	0	0		
rank_yes	http-5xx	(set)	large-subject-throughput	plain	same program	pcrec_fc719ca4_auto-caps-simdna	measured	pinned	1	stddev_ns	1139.826462	12	1.0000	0	0		
rank_yes	http-5xx	(set)	large-subject-throughput	plain	same program	pcrec_fc719ca4_auto-caps-simdna	measured	pinned	1	ratio_vs_baseline	0.148269	12	1.0000	0	0		
rank_yes	http-5xx	(set)	large-subject-throughput	plain	same program	pcrec_fc719ca4_auto-caps-simdna	measured	pinned	1	ratio_vs_best	1.000000	12	1.0000	0	0		
rank_yes	http-5xx	(set)	large-subject-throughput	plain	same program	pcrec_fc719ca4_auto-caps-simdna_noedge	measured	pinned	2	median_ns	286887.878264	12	1.0000	0	0		
rank_yes	http-5xx	(set)	large-subject-throughput	plain	same program	pcrec_fc719ca4_auto-caps-simdna_noedge	measured	pinned	2	min_ns	286068.688525	12	1.0000	0	0		
rank_yes	http-5xx	(set)	large-subject-throughput	plain	same program	pcrec_fc719ca4_auto-caps-simdna_noedge	measured	pinned	2	max_ns	288661.920461	12	1.0000	0	0		
rank_yes	http-5xx	(set)	large-subject-throughput	plain	same program	pcrec_fc719ca4_auto-caps-simdna_noedge	measured	pinned	2	stddev_ns	1003.980885	12	1.0000	0	0		
rank_yes	http-5xx	(set)	large-subject-throughput	plain	same program	pcrec_fc719ca4_auto-caps-simdna_noedge	measured	pinned	2	ratio_vs_baseline	0.148874	12	1.0000	0	0		
rank_yes	http-5xx	(set)	large-subject-throughput	plain	same program	pcrec_fc719ca4_auto-caps-simdna_noedge	measured	pinned	2	ratio_vs_best	1.004079	12	1.0000	0	0		
rank_yes	http-5xx	(set)	large-subject-throughput	plain	same program	libpcre2_10.46_interp-caps-simdna	measured	pinned	3	median_ns	1927055.766540	12	1.0000	0	0		
rank_yes	http-5xx	(set)	large-subject-throughput	plain	same program	libpcre2_10.46_interp-caps-simdna	measured	pinned	3	min_ns	1921526.198479	12	1.0000	0	0		
rank_yes	http-5xx	(set)	large-subject-throughput	plain	same program	libpcre2_10.46_interp-caps-simdna	measured	pinned	3	max_ns	1932635.456274	12	1.0000	0	0		
rank_yes	http-5xx	(set)	large-subject-throughput	plain	same program	libpcre2_10.46_interp-caps-simdna	measured	pinned	3	stddev_ns	3553.829458	12	1.0000	0	0		
rank_yes	http-5xx	(set)	large-subject-throughput	plain	same program	libpcre2_10.46_interp-caps-simdna	measured	pinned	3	ratio_vs_baseline	1.000000	12	1.0000	0	0		
rank_yes	http-5xx	(set)	large-subject-throughput	plain	same program	libpcre2_10.46_interp-caps-simdna	measured	pinned	3	ratio_vs_best	6.744501	12	1.0000	0	0		
rank_yes	http-5xx	(set)	large-subject-throughput	plain	same program	libpcre2_10.46_jit-caps-simdna	measured	pinned	4	median_ns	3206078.204918	12	1.0000	0	0		
rank_yes	http-5xx	(set)	large-subject-throughput	plain	same program	libpcre2_10.46_jit-caps-simdna	measured	pinned	4	min_ns	3204454.750000	12	1.0000	0	0		
rank_yes	http-5xx	(set)	large-subject-throughput	plain	same program	libpcre2_10.46_jit-caps-simdna	measured	pinned	4	max_ns	3211566.147541	12	1.0000	0	0		
rank_yes	http-5xx	(set)	large-subject-throughput	plain	same program	libpcre2_10.46_jit-caps-simdna	measured	pinned	4	stddev_ns	2774.860349	12	1.0000	0	0		
rank_yes	http-5xx	(set)	large-subject-throughput	plain	same program	libpcre2_10.46_jit-caps-simdna	measured	pinned	4	ratio_vs_baseline	1.663718	12	1.0000	0	0		
rank_yes	http-5xx	(set)	large-subject-throughput	plain	same program	libpcre2_10.46_jit-caps-simdna	measured	pinned	4	ratio_vs_best	11.220951	12	1.0000	0	0		
baseline_yes	http-5xx	(set)	short-subject-search			libpcre2_10.46_interp-caps-simdna				baseline_identity	interp					libpcre2_10.46_interp-caps-simdna (interp, present in this group)	
rank_yes	http-5xx	(set)	short-subject-search	plain	same program	pcrec_fc719ca4_auto-caps-simdna	measured	pinned	1	median_ns	4958.721722	112	1.0000	0	0		
rank_yes	http-5xx	(set)	short-subject-search	plain	same program	pcrec_fc719ca4_auto-caps-simdna	measured	pinned	1	min_ns	4949.424701	112	1.0000	0	0		
rank_yes	http-5xx	(set)	short-subject-search	plain	same program	pcrec_fc719ca4_auto-caps-simdna	measured	pinned	1	max_ns	4962.384047	112	1.0000	0	0		
rank_yes	http-5xx	(set)	short-subject-search	plain	same program	pcrec_fc719ca4_auto-caps-simdna	measured	pinned	1	stddev_ns	4.389966	112	1.0000	0	0		
rank_yes	http-5xx	(set)	short-subject-search	plain	same program	pcrec_fc719ca4_auto-caps-simdna	measured	pinned	1	ratio_vs_baseline	0.087766	112	1.0000	0	0		
rank_yes	http-5xx	(set)	short-subject-search	plain	same program	pcrec_fc719ca4_auto-caps-simdna	measured	pinned	1	ratio_vs_best	1.000000	112	1.0000	0	0		
rank_yes	http-5xx	(set)	short-subject-search	plain	same program	pcrec_fc719ca4_auto-caps-simdna_noedge	measured	pinned	2	median_ns	5031.144710	112	1.0000	0	0		
rank_yes	http-5xx	(set)	short-subject-search	plain	same program	pcrec_fc719ca4_auto-caps-simdna_noedge	measured	pinned	2	min_ns	5027.204837	112	1.0000	0	0		
rank_yes	http-5xx	(set)	short-subject-search	plain	same program	pcrec_fc719ca4_auto-caps-simdna_noedge	measured	pinned	2	max_ns	5111.028226	112	1.0000	0	0		
rank_yes	http-5xx	(set)	short-subject-search	plain	same program	pcrec_fc719ca4_auto-caps-simdna_noedge	measured	pinned	2	stddev_ns	32.499548	112	1.0000	0	0		
rank_yes	http-5xx	(set)	short-subject-search	plain	same program	pcrec_fc719ca4_auto-caps-simdna_noedge	measured	pinned	2	ratio_vs_baseline	0.089048	112	1.0000	0	0		
rank_yes	http-5xx	(set)	short-subject-search	plain	same program	pcrec_fc719ca4_auto-caps-simdna_noedge	measured	pinned	2	ratio_vs_best	1.014605	112	1.0000	0	0		
rank_yes	http-5xx	(set)	short-subject-search	plain	same program	libpcre2_10.46_interp-caps-simdna	measured	pinned	3	median_ns	56499.295491	112	1.0000	0	0		
rank_yes	http-5xx	(set)	short-subject-search	plain	same program	libpcre2_10.46_interp-caps-simdna	measured	pinned	3	min_ns	56465.267022	112	1.0000	0	0		
rank_yes	http-5xx	(set)	short-subject-search	plain	same program	libpcre2_10.46_interp-caps-simdna	measured	pinned	3	max_ns	56727.266729	112	1.0000	0	0		
rank_yes	http-5xx	(set)	short-subject-search	plain	same program	libpcre2_10.46_interp-caps-simdna	measured	pinned	3	stddev_ns	103.961817	112	1.0000	0	0		
rank_yes	http-5xx	(set)	short-subject-search	plain	same program	libpcre2_10.46_interp-caps-simdna	measured	pinned	3	ratio_vs_baseline	1.000000	112	1.0000	0	0		
rank_yes	http-5xx	(set)	short-subject-search	plain	same program	libpcre2_10.46_interp-caps-simdna	measured	pinned	3	ratio_vs_best	11.393923	112	1.0000	0	0		
rank_yes	http-5xx	(set)	short-subject-search	plain	same program	libpcre2_10.46_jit-caps-simdna	measured	pinned	4	median_ns	104817.480752	112	1.0000	0	0		
rank_yes	http-5xx	(set)	short-subject-search	plain	same program	libpcre2_10.46_jit-caps-simdna	measured	pinned	4	min_ns	104787.649134	112	1.0000	0	0		
rank_yes	http-5xx	(set)	short-subject-search	plain	same program	libpcre2_10.46_jit-caps-simdna	measured	pinned	4	max_ns	105287.129098	112	1.0000	0	0		
rank_yes	http-5xx	(set)	short-subject-search	plain	same program	libpcre2_10.46_jit-caps-simdna	measured	pinned	4	stddev_ns	186.669983	112	1.0000	0	0		
rank_yes	http-5xx	(set)	short-subject-search	plain	same program	libpcre2_10.46_jit-caps-simdna	measured	pinned	4	ratio_vs_baseline	1.855200	112	1.0000	0	0		
rank_yes	http-5xx	(set)	short-subject-search	plain	same program	libpcre2_10.46_jit-caps-simdna	measured	pinned	4	ratio_vs_best	21.138004	112	1.0000	0	0		
baseline_yes	ipv4	(set)	large-subject-throughput			libpcre2_10.46_interp-caps-simdna				baseline_identity	interp					libpcre2_10.46_interp-caps-simdna (interp, present in this group)	
rank_yes	ipv4	(set)	large-subject-throughput	plain	same program	pcrec_fc719ca4_auto-caps-simdna	measured	pinned	1	median_ns	6942799.666667	12	1.0000	0	0		
rank_yes	ipv4	(set)	large-subject-throughput	plain	same program	pcrec_fc719ca4_auto-caps-simdna	measured	pinned	1	min_ns	6934763.730496	12	1.0000	0	0		
rank_yes	ipv4	(set)	large-subject-throughput	plain	same program	pcrec_fc719ca4_auto-caps-simdna	measured	pinned	1	max_ns	6963774.035461	12	1.0000	0	0		
rank_yes	ipv4	(set)	large-subject-throughput	plain	same program	pcrec_fc719ca4_auto-caps-simdna	measured	pinned	1	stddev_ns	10175.537633	12	1.0000	0	0		
rank_yes	ipv4	(set)	large-subject-throughput	plain	same program	pcrec_fc719ca4_auto-caps-simdna	measured	pinned	1	ratio_vs_baseline	0.034885	12	1.0000	0	0		
rank_yes	ipv4	(set)	large-subject-throughput	plain	same program	pcrec_fc719ca4_auto-caps-simdna	measured	pinned	1	ratio_vs_best	1.000000	12	1.0000	0	0		
rank_yes	ipv4	(set)	large-subject-throughput	plain	same program	pcrec_fc719ca4_auto-caps-simdna_noedge	measured	pinned	2	median_ns	6952669.666667	12	1.0000	0	0		
rank_yes	ipv4	(set)	large-subject-throughput	plain	same program	pcrec_fc719ca4_auto-caps-simdna_noedge	measured	pinned	2	min_ns	6942950.156028	12	1.0000	0	0		
rank_yes	ipv4	(set)	large-subject-throughput	plain	same program	pcrec_fc719ca4_auto-caps-simdna_noedge	measured	pinned	2	max_ns	6959581.659574	12	1.0000	0	0		
rank_yes	ipv4	(set)	large-subject-throughput	plain	same program	pcrec_fc719ca4_auto-caps-simdna_noedge	measured	pinned	2	stddev_ns	5344.396142	12	1.0000	0	0		
rank_yes	ipv4	(set)	large-subject-throughput	plain	same program	pcrec_fc719ca4_auto-caps-simdna_noedge	measured	pinned	2	ratio_vs_baseline	0.034935	12	1.0000	0	0		
rank_yes	ipv4	(set)	large-subject-throughput	plain	same program	pcrec_fc719ca4_auto-caps-simdna_noedge	measured	pinned	2	ratio_vs_best	1.001422	12	1.0000	0	0		
rank_yes	ipv4	(set)	large-subject-throughput	plain	same program	libpcre2_10.46_jit-caps-simdna	measured	pinned	3	median_ns	21666092.418605	12	1.0000	0	0		
rank_yes	ipv4	(set)	large-subject-throughput	plain	same program	libpcre2_10.46_jit-caps-simdna	measured	pinned	3	min_ns	21658620.720930	12	1.0000	0	0		
rank_yes	ipv4	(set)	large-subject-throughput	plain	same program	libpcre2_10.46_jit-caps-simdna	measured	pinned	3	max_ns	21748907.790698	12	1.0000	0	0		
rank_yes	ipv4	(set)	large-subject-throughput	plain	same program	libpcre2_10.46_jit-caps-simdna	measured	pinned	3	stddev_ns	33270.359406	12	1.0000	0	0		
rank_yes	ipv4	(set)	large-subject-throughput	plain	same program	libpcre2_10.46_jit-caps-simdna	measured	pinned	3	ratio_vs_baseline	0.108866	12	1.0000	0	0		
rank_yes	ipv4	(set)	large-subject-throughput	plain	same program	libpcre2_10.46_jit-caps-simdna	measured	pinned	3	ratio_vs_best	3.120656	12	1.0000	0	0		
rank_yes	ipv4	(set)	large-subject-throughput	plain	same program	libpcre2_10.46_interp-caps-simdna	measured	pinned	4	median_ns	199016878.600000	12	1.0000	0	0		
rank_yes	ipv4	(set)	large-subject-throughput	plain	same program	libpcre2_10.46_interp-caps-simdna	measured	pinned	4	min_ns	198834351.400000	12	1.0000	0	0		
rank_yes	ipv4	(set)	large-subject-throughput	plain	same program	libpcre2_10.46_interp-caps-simdna	measured	pinned	4	max_ns	202261568.000000	12	1.0000	0	0		
rank_yes	ipv4	(set)	large-subject-throughput	plain	same program	libpcre2_10.46_interp-caps-simdna	measured	pinned	4	stddev_ns	1302844.365607	12	1.0000	0	0		
rank_yes	ipv4	(set)	large-subject-throughput	plain	same program	libpcre2_10.46_interp-caps-simdna	measured	pinned	4	ratio_vs_baseline	1.000000	12	1.0000	0	0		
rank_yes	ipv4	(set)	large-subject-throughput	plain	same program	libpcre2_10.46_interp-caps-simdna	measured	pinned	4	ratio_vs_best	28.665220	12	1.0000	0	0		
baseline_yes	ipv4	(set)	short-subject-search			libpcre2_10.46_interp-caps-simdna				baseline_identity	interp					libpcre2_10.46_interp-caps-simdna (interp, present in this group)	
rank_yes	ipv4	(set)	short-subject-search	plain	same program	pcrec_fc719ca4_auto-caps-simdna	measured	pinned	1	median_ns	207579.217646	112	1.0000	0	0		
rank_yes	ipv4	(set)	short-subject-search	plain	same program	pcrec_fc719ca4_auto-caps-simdna	measured	pinned	1	min_ns	205674.820061	112	1.0000	0	0		
rank_yes	ipv4	(set)	short-subject-search	plain	same program	pcrec_fc719ca4_auto-caps-simdna	measured	pinned	1	max_ns	208193.780297	112	1.0000	0	0		
rank_yes	ipv4	(set)	short-subject-search	plain	same program	pcrec_fc719ca4_auto-caps-simdna	measured	pinned	1	stddev_ns	904.220542	112	1.0000	0	0		
rank_yes	ipv4	(set)	short-subject-search	plain	same program	pcrec_fc719ca4_auto-caps-simdna	measured	pinned	1	ratio_vs_baseline	0.026647	112	1.0000	0	0		
rank_yes	ipv4	(set)	short-subject-search	plain	same program	pcrec_fc719ca4_auto-caps-simdna	measured	pinned	1	ratio_vs_best	1.000000	112	1.0000	0	0		
rank_yes	ipv4	(set)	short-subject-search	plain	same program	pcrec_fc719ca4_auto-caps-simdna_noedge	measured	pinned	2	median_ns	207944.403138	112	1.0000	0	0		
rank_yes	ipv4	(set)	short-subject-search	plain	same program	pcrec_fc719ca4_auto-caps-simdna_noedge	measured	pinned	2	min_ns	206977.888675	112	1.0000	0	0		
rank_yes	ipv4	(set)	short-subject-search	plain	same program	pcrec_fc719ca4_auto-caps-simdna_noedge	measured	pinned	2	max_ns	208227.663171	112	1.0000	0	0		
rank_yes	ipv4	(set)	short-subject-search	plain	same program	pcrec_fc719ca4_auto-caps-simdna_noedge	measured	pinned	2	stddev_ns	467.638862	112	1.0000	0	0		
rank_yes	ipv4	(set)	short-subject-search	plain	same program	pcrec_fc719ca4_auto-caps-simdna_noedge	measured	pinned	2	ratio_vs_baseline	0.026694	112	1.0000	0	0		
rank_yes	ipv4	(set)	short-subject-search	plain	same program	pcrec_fc719ca4_auto-caps-simdna_noedge	measured	pinned	2	ratio_vs_best	1.001759	112	1.0000	0	0		
rank_yes	ipv4	(set)	short-subject-search	plain	same program	libpcre2_10.46_jit-caps-simdna	measured	pinned	3	median_ns	722942.356646	112	1.0000	0	0		
rank_yes	ipv4	(set)	short-subject-search	plain	same program	libpcre2_10.46_jit-caps-simdna	measured	pinned	3	min_ns	722056.523501	112	1.0000	0	0		
rank_yes	ipv4	(set)	short-subject-search	plain	same program	libpcre2_10.46_jit-caps-simdna	measured	pinned	3	max_ns	724395.977815	112	1.0000	0	0		
rank_yes	ipv4	(set)	short-subject-search	plain	same program	libpcre2_10.46_jit-caps-simdna	measured	pinned	3	stddev_ns	871.024706	112	1.0000	0	0		
rank_yes	ipv4	(set)	short-subject-search	plain	same program	libpcre2_10.46_jit-caps-simdna	measured	pinned	3	ratio_vs_baseline	0.092806	112	1.0000	0	0		
rank_yes	ipv4	(set)	short-subject-search	plain	same program	libpcre2_10.46_jit-caps-simdna	measured	pinned	3	ratio_vs_best	3.482730	112	1.0000	0	0		
rank_yes	ipv4	(set)	short-subject-search	plain	same program	libpcre2_10.46_interp-caps-simdna	measured	pinned	4	median_ns	7789853.905319	112	1.0000	0	0		
rank_yes	ipv4	(set)	short-subject-search	plain	same program	libpcre2_10.46_interp-caps-simdna	measured	pinned	4	min_ns	7759415.344681	112	1.0000	0	0		
rank_yes	ipv4	(set)	short-subject-search	plain	same program	libpcre2_10.46_interp-caps-simdna	measured	pinned	4	max_ns	8128808.822340	112	1.0000	0	0		
rank_yes	ipv4	(set)	short-subject-search	plain	same program	libpcre2_10.46_interp-caps-simdna	measured	pinned	4	stddev_ns	136676.864945	112	1.0000	0	0		
rank_yes	ipv4	(set)	short-subject-search	plain	same program	libpcre2_10.46_interp-caps-simdna	measured	pinned	4	ratio_vs_baseline	1.000000	112	1.0000	0	0		
rank_yes	ipv4	(set)	short-subject-search	plain	same program	libpcre2_10.46_interp-caps-simdna	measured	pinned	4	ratio_vs_best	37.527138	112	1.0000	0	0		
baseline_yes	ipv6	(set)	large-subject-throughput			libpcre2_10.46_interp-caps-simdna				baseline_identity	interp					libpcre2_10.46_interp-caps-simdna (interp, present in this group)	
rank_yes	ipv6	(set)	large-subject-throughput	plain	same program	pcrec_fc719ca4_auto-caps-simdna	measured	pinned	1	median_ns	10536653.202381	12	1.0000	0	0		
rank_yes	ipv6	(set)	large-subject-throughput	plain	same program	pcrec_fc719ca4_auto-caps-simdna	measured	pinned	1	min_ns	10492836.500000	12	1.0000	0	0		
rank_yes	ipv6	(set)	large-subject-throughput	plain	same program	pcrec_fc719ca4_auto-caps-simdna	measured	pinned	1	max_ns	10595017.547619	12	1.0000	0	0		
rank_yes	ipv6	(set)	large-subject-throughput	plain	same program	pcrec_fc719ca4_auto-caps-simdna	measured	pinned	1	stddev_ns	39803.962220	12	1.0000	0	0		
rank_yes	ipv6	(set)	large-subject-throughput	plain	same program	pcrec_fc719ca4_auto-caps-simdna	measured	pinned	1	ratio_vs_baseline	0.048311	12	1.0000	0	0		
rank_yes	ipv6	(set)	large-subject-throughput	plain	same program	pcrec_fc719ca4_auto-caps-simdna	measured	pinned	1	ratio_vs_best	1.000000	12	1.0000	0	0		
rank_yes	ipv6	(set)	large-subject-throughput	plain	same program	pcrec_fc719ca4_auto-caps-simdna_noedge	measured	pinned	2	median_ns	10588595.439024	12	1.0000	0	0		
rank_yes	ipv6	(set)	large-subject-throughput	plain	same program	pcrec_fc719ca4_auto-caps-simdna_noedge	measured	pinned	2	min_ns	10487201.573171	12	1.0000	0	0		
rank_yes	ipv6	(set)	large-subject-throughput	plain	same program	pcrec_fc719ca4_auto-caps-simdna_noedge	measured	pinned	2	max_ns	10607521.585366	12	1.0000	0	0		
rank_yes	ipv6	(set)	large-subject-throughput	plain	same program	pcrec_fc719ca4_auto-caps-simdna_noedge	measured	pinned	2	stddev_ns	44237.450048	12	1.0000	0	0		
rank_yes	ipv6	(set)	large-subject-throughput	plain	same program	pcrec_fc719ca4_auto-caps-simdna_noedge	measured	pinned	2	ratio_vs_baseline	0.048550	12	1.0000	0	0		
rank_yes	ipv6	(set)	large-subject-throughput	plain	same program	pcrec_fc719ca4_auto-caps-simdna_noedge	measured	pinned	2	ratio_vs_best	1.004930	12	1.0000	0	0		
rank_yes	ipv6	(set)	large-subject-throughput	plain	same program	libpcre2_10.46_jit-caps-simdna	measured	pinned	3	median_ns	31724265.214286	12	1.0000	0	0		
rank_yes	ipv6	(set)	large-subject-throughput	plain	same program	libpcre2_10.46_jit-caps-simdna	measured	pinned	3	min_ns	31692969.964286	12	1.0000	0	0		
rank_yes	ipv6	(set)	large-subject-throughput	plain	same program	libpcre2_10.46_jit-caps-simdna	measured	pinned	3	max_ns	31829239.035714	12	1.0000	0	0		
rank_yes	ipv6	(set)	large-subject-throughput	plain	same program	libpcre2_10.46_jit-caps-simdna	measured	pinned	3	stddev_ns	49734.727592	12	1.0000	0	0		
rank_yes	ipv6	(set)	large-subject-throughput	plain	same program	libpcre2_10.46_jit-caps-simdna	measured	pinned	3	ratio_vs_baseline	0.145458	12	1.0000	0	0		
rank_yes	ipv6	(set)	large-subject-throughput	plain	same program	libpcre2_10.46_jit-caps-simdna	measured	pinned	3	ratio_vs_best	3.010848	12	1.0000	0	0		
rank_yes	ipv6	(set)	large-subject-throughput	plain	same program	libpcre2_10.46_interp-caps-simdna	measured	pinned	4	median_ns	218098807.750000	12	1.0000	0	0		
rank_yes	ipv6	(set)	large-subject-throughput	plain	same program	libpcre2_10.46_interp-caps-simdna	measured	pinned	4	min_ns	217660955.000000	12	1.0000	0	0		
rank_yes	ipv6	(set)	large-subject-throughput	plain	same program	libpcre2_10.46_interp-caps-simdna	measured	pinned	4	max_ns	218483372.500000	12	1.0000	0	0		
rank_yes	ipv6	(set)	large-subject-throughput	plain	same program	libpcre2_10.46_interp-caps-simdna	measured	pinned	4	stddev_ns	278296.269304	12	1.0000	0	0		
rank_yes	ipv6	(set)	large-subject-throughput	plain	same program	libpcre2_10.46_interp-caps-simdna	measured	pinned	4	ratio_vs_baseline	1.000000	12	1.0000	0	0		
rank_yes	ipv6	(set)	large-subject-throughput	plain	same program	libpcre2_10.46_interp-caps-simdna	measured	pinned	4	ratio_vs_best	20.699059	12	1.0000	0	0		
baseline_yes	ipv6	(set)	short-subject-search			libpcre2_10.46_interp-caps-simdna				baseline_identity	interp					libpcre2_10.46_interp-caps-simdna (interp, present in this group)	
rank_yes	ipv6	(set)	short-subject-search	plain	same program	pcrec_fc719ca4_auto-caps-simdna	measured	pinned	1	median_ns	259631.286898	112	1.0000	0	0		
rank_yes	ipv6	(set)	short-subject-search	plain	same program	pcrec_fc719ca4_auto-caps-simdna	measured	pinned	1	min_ns	259458.120226	112	1.0000	0	0		
rank_yes	ipv6	(set)	short-subject-search	plain	same program	pcrec_fc719ca4_auto-caps-simdna	measured	pinned	1	max_ns	265331.110177	112	1.0000	0	0		
rank_yes	ipv6	(set)	short-subject-search	plain	same program	pcrec_fc719ca4_auto-caps-simdna	measured	pinned	1	stddev_ns	2236.261182	112	1.0000	0	0		
rank_yes	ipv6	(set)	short-subject-search	plain	same program	pcrec_fc719ca4_auto-caps-simdna	measured	pinned	1	ratio_vs_baseline	0.031441	112	1.0000	0	0		
rank_yes	ipv6	(set)	short-subject-search	plain	same program	pcrec_fc719ca4_auto-caps-simdna	measured	pinned	1	ratio_vs_best	1.000000	112	1.0000	0	0		
rank_yes	ipv6	(set)	short-subject-search	plain	same program	pcrec_fc719ca4_auto-caps-simdna_noedge	measured	pinned	2	median_ns	260153.813029	112	1.0000	0	0		
rank_yes	ipv6	(set)	short-subject-search	plain	same program	pcrec_fc719ca4_auto-caps-simdna_noedge	measured	pinned	2	min_ns	257463.423259	112	1.0000	0	0		
rank_yes	ipv6	(set)	short-subject-search	plain	same program	pcrec_fc719ca4_auto-caps-simdna_noedge	measured	pinned	2	max_ns	264104.343203	112	1.0000	0	0		
rank_yes	ipv6	(set)	short-subject-search	plain	same program	pcrec_fc719ca4_auto-caps-simdna_noedge	measured	pinned	2	stddev_ns	2515.681614	112	1.0000	0	0		
rank_yes	ipv6	(set)	short-subject-search	plain	same program	pcrec_fc719ca4_auto-caps-simdna_noedge	measured	pinned	2	ratio_vs_baseline	0.031505	112	1.0000	0	0		
rank_yes	ipv6	(set)	short-subject-search	plain	same program	pcrec_fc719ca4_auto-caps-simdna_noedge	measured	pinned	2	ratio_vs_best	1.002013	112	1.0000	0	0		
rank_yes	ipv6	(set)	short-subject-search	plain	same program	libpcre2_10.46_jit-caps-simdna	measured	pinned	3	median_ns	1132824.972544	112	1.0000	0	0		
rank_yes	ipv6	(set)	short-subject-search	plain	same program	libpcre2_10.46_jit-caps-simdna	measured	pinned	3	min_ns	1131209.922625	112	1.0000	0	0		
rank_yes	ipv6	(set)	short-subject-search	plain	same program	libpcre2_10.46_jit-caps-simdna	measured	pinned	3	max_ns	1133943.280576	112	1.0000	0	0		
rank_yes	ipv6	(set)	short-subject-search	plain	same program	libpcre2_10.46_jit-caps-simdna	measured	pinned	3	stddev_ns	987.521632	112	1.0000	0	0		
rank_yes	ipv6	(set)	short-subject-search	plain	same program	libpcre2_10.46_jit-caps-simdna	measured	pinned	3	ratio_vs_baseline	0.137185	112	1.0000	0	0		
rank_yes	ipv6	(set)	short-subject-search	plain	same program	libpcre2_10.46_jit-caps-simdna	measured	pinned	3	ratio_vs_best	4.363207	112	1.0000	0	0		
rank_yes	ipv6	(set)	short-subject-search	plain	same program	libpcre2_10.46_interp-caps-simdna	measured	pinned	4	median_ns	8257629.230852	112	1.0000	0	0		
rank_yes	ipv6	(set)	short-subject-search	plain	same program	libpcre2_10.46_interp-caps-simdna	measured	pinned	4	min_ns	8245361.570658	112	1.0000	0	0		
rank_yes	ipv6	(set)	short-subject-search	plain	same program	libpcre2_10.46_interp-caps-simdna	measured	pinned	4	max_ns	8274337.558792	112	1.0000	0	0		
rank_yes	ipv6	(set)	short-subject-search	plain	same program	libpcre2_10.46_interp-caps-simdna	measured	pinned	4	stddev_ns	9769.520553	112	1.0000	0	0		
rank_yes	ipv6	(set)	short-subject-search	plain	same program	libpcre2_10.46_interp-caps-simdna	measured	pinned	4	ratio_vs_baseline	1.000000	112	1.0000	0	0		
rank_yes	ipv6	(set)	short-subject-search	plain	same program	libpcre2_10.46_interp-caps-simdna	measured	pinned	4	ratio_vs_best	31.805216	112	1.0000	0	0		
baseline_yes	iso-ts	(set)	large-subject-throughput			libpcre2_10.46_interp-caps-simdna				baseline_identity	interp					libpcre2_10.46_interp-caps-simdna (interp, present in this group)	
rank_yes	iso-ts	(set)	large-subject-throughput	plain	same program	libpcre2_10.46_jit-caps-simdna	measured	pinned	1	median_ns	962034.734560	12	1.0000	0	0		
rank_yes	iso-ts	(set)	large-subject-throughput	plain	same program	libpcre2_10.46_jit-caps-simdna	measured	pinned	1	min_ns	960301.767411	12	1.0000	0	0		
rank_yes	iso-ts	(set)	large-subject-throughput	plain	same program	libpcre2_10.46_jit-caps-simdna	measured	pinned	1	max_ns	962187.771353	12	1.0000	0	0		
rank_yes	iso-ts	(set)	large-subject-throughput	plain	same program	libpcre2_10.46_jit-caps-simdna	measured	pinned	1	stddev_ns	711.213992	12	1.0000	0	0		
rank_yes	iso-ts	(set)	large-subject-throughput	plain	same program	libpcre2_10.46_jit-caps-simdna	measured	pinned	1	ratio_vs_baseline	0.015790	12	1.0000	0	0		
rank_yes	iso-ts	(set)	large-subject-throughput	plain	same program	libpcre2_10.46_jit-caps-simdna	measured	pinned	1	ratio_vs_best	1.000000	12	1.0000	0	0		
rank_yes	iso-ts	(set)	large-subject-throughput	plain	same program	pcrec_fc719ca4_auto-caps-simdna_noedge	measured	pinned	2	median_ns	1139873.527586	12	1.0000	0	0		
rank_yes	iso-ts	(set)	large-subject-throughput	plain	same program	pcrec_fc719ca4_auto-caps-simdna_noedge	measured	pinned	2	min_ns	1138979.706897	12	1.0000	0	0		
rank_yes	iso-ts	(set)	large-subject-throughput	plain	same program	pcrec_fc719ca4_auto-caps-simdna_noedge	measured	pinned	2	max_ns	1140332.774713	12	1.0000	0	0		
rank_yes	iso-ts	(set)	large-subject-throughput	plain	same program	pcrec_fc719ca4_auto-caps-simdna_noedge	measured	pinned	2	stddev_ns	555.500498	12	1.0000	0	0		
rank_yes	iso-ts	(set)	large-subject-throughput	plain	same program	pcrec_fc719ca4_auto-caps-simdna_noedge	measured	pinned	2	ratio_vs_baseline	0.018709	12	1.0000	0	0		
rank_yes	iso-ts	(set)	large-subject-throughput	plain	same program	pcrec_fc719ca4_auto-caps-simdna_noedge	measured	pinned	2	ratio_vs_best	1.184857	12	1.0000	0	0		
rank_yes	iso-ts	(set)	large-subject-throughput	plain	same program	pcrec_fc719ca4_auto-caps-simdna	measured	pinned	3	median_ns	1150637.780660	12	1.0000	0	0		
rank_yes	iso-ts	(set)	large-subject-throughput	plain	same program	pcrec_fc719ca4_auto-caps-simdna	measured	pinned	3	min_ns	1150575.847877	12	1.0000	0	0		
rank_yes	iso-ts	(set)	large-subject-throughput	plain	same program	pcrec_fc719ca4_auto-caps-simdna	measured	pinned	3	max_ns	1152016.701651	12	1.0000	0	0		
rank_yes	iso-ts	(set)	large-subject-throughput	plain	same program	pcrec_fc719ca4_auto-caps-simdna	measured	pinned	3	stddev_ns	662.030094	12	1.0000	0	0		
rank_yes	iso-ts	(set)	large-subject-throughput	plain	same program	pcrec_fc719ca4_auto-caps-simdna	measured	pinned	3	ratio_vs_baseline	0.018886	12	1.0000	0	0		
rank_yes	iso-ts	(set)	large-subject-throughput	plain	same program	pcrec_fc719ca4_auto-caps-simdna	measured	pinned	3	ratio_vs_best	1.196046	12	1.0000	0	0		
rank_yes	iso-ts	(set)	large-subject-throughput	plain	same program	libpcre2_10.46_interp-caps-simdna	measured	pinned	4	median_ns	60925794.066667	12	1.0000	0	0		
rank_yes	iso-ts	(set)	large-subject-throughput	plain	same program	libpcre2_10.46_interp-caps-simdna	measured	pinned	4	min_ns	60793681.200000	12	1.0000	0	0		
rank_yes	iso-ts	(set)	large-subject-throughput	plain	same program	libpcre2_10.46_interp-caps-simdna	measured	pinned	4	max_ns	61368408.666667	12	1.0000	0	0		
rank_yes	iso-ts	(set)	large-subject-throughput	plain	same program	libpcre2_10.46_interp-caps-simdna	measured	pinned	4	stddev_ns	222898.825099	12	1.0000	0	0		
rank_yes	iso-ts	(set)	large-subject-throughput	plain	same program	libpcre2_10.46_interp-caps-simdna	measured	pinned	4	ratio_vs_baseline	1.000000	12	1.0000	0	0		
rank_yes	iso-ts	(set)	large-subject-throughput	plain	same program	libpcre2_10.46_interp-caps-simdna	measured	pinned	4	ratio_vs_best	63.330140	12	1.0000	0	0		
baseline_yes	iso-ts	(set)	short-subject-search			libpcre2_10.46_interp-caps-simdna				baseline_identity	interp					libpcre2_10.46_interp-caps-simdna (interp, present in this group)	
rank_yes	iso-ts	(set)	short-subject-search	plain	same program	pcrec_fc719ca4_auto-caps-simdna_noedge	measured	pinned	1	median_ns	20359.526921	112	1.0000	0	0		
rank_yes	iso-ts	(set)	short-subject-search	plain	same program	pcrec_fc719ca4_auto-caps-simdna_noedge	measured	pinned	1	min_ns	20348.926536	112	1.0000	0	0		
rank_yes	iso-ts	(set)	short-subject-search	plain	same program	pcrec_fc719ca4_auto-caps-simdna_noedge	measured	pinned	1	max_ns	20416.411907	112	1.0000	0	0		
rank_yes	iso-ts	(set)	short-subject-search	plain	same program	pcrec_fc719ca4_auto-caps-simdna_noedge	measured	pinned	1	stddev_ns	23.826463	112	1.0000	0	0		
rank_yes	iso-ts	(set)	short-subject-search	plain	same program	pcrec_fc719ca4_auto-caps-simdna_noedge	measured	pinned	1	ratio_vs_baseline	0.008542	112	1.0000	0	0		
rank_yes	iso-ts	(set)	short-subject-search	plain	same program	pcrec_fc719ca4_auto-caps-simdna_noedge	measured	pinned	1	ratio_vs_best	1.000000	112	1.0000	0	0		
rank_yes	iso-ts	(set)	short-subject-search	plain	same program	pcrec_fc719ca4_auto-caps-simdna	measured	pinned	2	median_ns	20652.453622	112	1.0000	0	0		
rank_yes	iso-ts	(set)	short-subject-search	plain	same program	pcrec_fc719ca4_auto-caps-simdna	measured	pinned	2	min_ns	20629.724545	112	1.0000	0	0		
rank_yes	iso-ts	(set)	short-subject-search	plain	same program	pcrec_fc719ca4_auto-caps-simdna	measured	pinned	2	max_ns	20873.362562	112	1.0000	0	0		
rank_yes	iso-ts	(set)	short-subject-search	plain	same program	pcrec_fc719ca4_auto-caps-simdna	measured	pinned	2	stddev_ns	89.961069	112	1.0000	0	0		
rank_yes	iso-ts	(set)	short-subject-search	plain	same program	pcrec_fc719ca4_auto-caps-simdna	measured	pinned	2	ratio_vs_baseline	0.008665	112	1.0000	0	0		
rank_yes	iso-ts	(set)	short-subject-search	plain	same program	pcrec_fc719ca4_auto-caps-simdna	measured	pinned	2	ratio_vs_best	1.014388	112	1.0000	0	0		
rank_yes	iso-ts	(set)	short-subject-search	plain	same program	libpcre2_10.46_jit-caps-simdna	measured	pinned	3	median_ns	20688.099771	112	1.0000	0	0		
rank_yes	iso-ts	(set)	short-subject-search	plain	same program	libpcre2_10.46_jit-caps-simdna	measured	pinned	3	min_ns	20617.407494	112	1.0000	0	0		
rank_yes	iso-ts	(set)	short-subject-search	plain	same program	libpcre2_10.46_jit-caps-simdna	measured	pinned	3	max_ns	20790.052725	112	1.0000	0	0		
rank_yes	iso-ts	(set)	short-subject-search	plain	same program	libpcre2_10.46_jit-caps-simdna	measured	pinned	3	stddev_ns	56.496727	112	1.0000	0	0		
rank_yes	iso-ts	(set)	short-subject-search	plain	same program	libpcre2_10.46_jit-caps-simdna	measured	pinned	3	ratio_vs_baseline	0.008680	112	1.0000	0	0		
rank_yes	iso-ts	(set)	short-subject-search	plain	same program	libpcre2_10.46_jit-caps-simdna	measured	pinned	3	ratio_vs_best	1.016139	112	1.0000	0	0		
rank_yes	iso-ts	(set)	short-subject-search	plain	same program	libpcre2_10.46_interp-caps-simdna	measured	pinned	4	median_ns	2383523.219914	112	1.0000	0	0		
rank_yes	iso-ts	(set)	short-subject-search	plain	same program	libpcre2_10.46_interp-caps-simdna	measured	pinned	4	min_ns	2379855.569074	112	1.0000	0	0		
rank_yes	iso-ts	(set)	short-subject-search	plain	same program	libpcre2_10.46_interp-caps-simdna	measured	pinned	4	max_ns	2385957.718431	112	1.0000	0	0		
rank_yes	iso-ts	(set)	short-subject-search	plain	same program	libpcre2_10.46_interp-caps-simdna	measured	pinned	4	stddev_ns	2003.360239	112	1.0000	0	0		
rank_yes	iso-ts	(set)	short-subject-search	plain	same program	libpcre2_10.46_interp-caps-simdna	measured	pinned	4	ratio_vs_baseline	1.000000	112	1.0000	0	0		
rank_yes	iso-ts	(set)	short-subject-search	plain	same program	libpcre2_10.46_interp-caps-simdna	measured	pinned	4	ratio_vs_best	117.071641	112	1.0000	0	0		
baseline_yes	kv-quoted	(set)	large-subject-throughput			libpcre2_10.46_interp-caps-simdna				baseline_identity	interp					libpcre2_10.46_interp-caps-simdna (interp, present in this group)	
rank_yes	kv-quoted	(set)	large-subject-throughput	plain	same program	pcrec_fc719ca4_auto-caps-simdna	measured	pinned	1	median_ns	4989983.584079	12	1.0000	0	0		
rank_yes	kv-quoted	(set)	large-subject-throughput	plain	same program	pcrec_fc719ca4_auto-caps-simdna	measured	pinned	1	min_ns	4985341.982111	12	1.0000	0	0		
rank_yes	kv-quoted	(set)	large-subject-throughput	plain	same program	pcrec_fc719ca4_auto-caps-simdna	measured	pinned	1	max_ns	4999100.302326	12	1.0000	0	0		
rank_yes	kv-quoted	(set)	large-subject-throughput	plain	same program	pcrec_fc719ca4_auto-caps-simdna	measured	pinned	1	stddev_ns	4981.289944	12	1.0000	0	0		
rank_yes	kv-quoted	(set)	large-subject-throughput	plain	same program	pcrec_fc719ca4_auto-caps-simdna	measured	pinned	1	ratio_vs_baseline	0.076009	12	1.0000	0	0		
rank_yes	kv-quoted	(set)	large-subject-throughput	plain	same program	pcrec_fc719ca4_auto-caps-simdna	measured	pinned	1	ratio_vs_best	1.000000	12	1.0000	0	0		
rank_yes	kv-quoted	(set)	large-subject-throughput	plain	same program	pcrec_fc719ca4_auto-caps-simdna_noedge	measured	pinned	2	median_ns	4991474.476912	12	1.0000	0	0		
rank_yes	kv-quoted	(set)	large-subject-throughput	plain	same program	pcrec_fc719ca4_auto-caps-simdna_noedge	measured	pinned	2	min_ns	4984556.657287	12	1.0000	0	0		
rank_yes	kv-quoted	(set)	large-subject-throughput	plain	same program	pcrec_fc719ca4_auto-caps-simdna_noedge	measured	pinned	2	max_ns	4994525.258297	12	1.0000	0	0		
rank_yes	kv-quoted	(set)	large-subject-throughput	plain	same program	pcrec_fc719ca4_auto-caps-simdna_noedge	measured	pinned	2	stddev_ns	3579.930822	12	1.0000	0	0		
rank_yes	kv-quoted	(set)	large-subject-throughput	plain	same program	pcrec_fc719ca4_auto-caps-simdna_noedge	measured	pinned	2	ratio_vs_baseline	0.076032	12	1.0000	0	0		
rank_yes	kv-quoted	(set)	large-subject-throughput	plain	same program	pcrec_fc719ca4_auto-caps-simdna_noedge	measured	pinned	2	ratio_vs_best	1.000299	12	1.0000	0	0		
rank_yes	kv-quoted	(set)	large-subject-throughput	plain	same program	libpcre2_10.46_jit-caps-simdna	measured	pinned	3	median_ns	15011589.956790	12	1.0000	0	0		
rank_yes	kv-quoted	(set)	large-subject-throughput	plain	same program	libpcre2_10.46_jit-caps-simdna	measured	pinned	3	min_ns	14992050.333333	12	1.0000	0	0		
rank_yes	kv-quoted	(set)	large-subject-throughput	plain	same program	libpcre2_10.46_jit-caps-simdna	measured	pinned	3	max_ns	15021093.351852	12	1.0000	0	0		
rank_yes	kv-quoted	(set)	large-subject-throughput	plain	same program	libpcre2_10.46_jit-caps-simdna	measured	pinned	3	stddev_ns	10918.558605	12	1.0000	0	0		
rank_yes	kv-quoted	(set)	large-subject-throughput	plain	same program	libpcre2_10.46_jit-caps-simdna	measured	pinned	3	ratio_vs_baseline	0.228661	12	1.0000	0	0		
rank_yes	kv-quoted	(set)	large-subject-throughput	plain	same program	libpcre2_10.46_jit-caps-simdna	measured	pinned	3	ratio_vs_best	3.008345	12	1.0000	0	0		
rank_yes	kv-quoted	(set)	large-subject-throughput	plain	same program	libpcre2_10.46_interp-caps-simdna	measured	pinned	4	median_ns	65649918.424242	12	1.0000	0	0		
rank_yes	kv-quoted	(set)	large-subject-throughput	plain	same program	libpcre2_10.46_interp-caps-simdna	measured	pinned	4	min_ns	65616022.727273	12	1.0000	0	0		
rank_yes	kv-quoted	(set)	large-subject-throughput	plain	same program	libpcre2_10.46_interp-caps-simdna	measured	pinned	4	max_ns	65759030.878788	12	1.0000	0	0		
rank_yes	kv-quoted	(set)	large-subject-throughput	plain	same program	libpcre2_10.46_interp-caps-simdna	measured	pinned	4	stddev_ns	60116.289040	12	1.0000	0	0		
rank_yes	kv-quoted	(set)	large-subject-throughput	plain	same program	libpcre2_10.46_interp-caps-simdna	measured	pinned	4	ratio_vs_baseline	1.000000	12	1.0000	0	0		
rank_yes	kv-quoted	(set)	large-subject-throughput	plain	same program	libpcre2_10.46_interp-caps-simdna	measured	pinned	4	ratio_vs_best	13.156340	12	1.0000	0	0		
baseline_yes	kv-quoted	(set)	short-subject-search			libpcre2_10.46_interp-caps-simdna				baseline_identity	interp					libpcre2_10.46_interp-caps-simdna (interp, present in this group)	
rank_yes	kv-quoted	(set)	short-subject-search	plain	same program	pcrec_fc719ca4_auto-caps-simdna	measured	pinned	1	median_ns	18664.985288	112	1.0000	0	0		
rank_yes	kv-quoted	(set)	short-subject-search	plain	same program	pcrec_fc719ca4_auto-caps-simdna	measured	pinned	1	min_ns	18655.370490	112	1.0000	0	0		
rank_yes	kv-quoted	(set)	short-subject-search	plain	same program	pcrec_fc719ca4_auto-caps-simdna	measured	pinned	1	max_ns	18675.897101	112	1.0000	0	0		
rank_yes	kv-quoted	(set)	short-subject-search	plain	same program	pcrec_fc719ca4_auto-caps-simdna	measured	pinned	1	stddev_ns	7.490912	112	1.0000	0	0		
rank_yes	kv-quoted	(set)	short-subject-search	plain	same program	pcrec_fc719ca4_auto-caps-simdna	measured	pinned	1	ratio_vs_baseline	0.010021	112	1.0000	0	0		
rank_yes	kv-quoted	(set)	short-subject-search	plain	same program	pcrec_fc719ca4_auto-caps-simdna	measured	pinned	1	ratio_vs_best	1.000000	112	1.0000	0	0		
rank_yes	kv-quoted	(set)	short-subject-search	plain	same program	pcrec_fc719ca4_auto-caps-simdna_noedge	measured	pinned	2	median_ns	18674.274674	112	1.0000	0	0		
rank_yes	kv-quoted	(set)	short-subject-search	plain	same program	pcrec_fc719ca4_auto-caps-simdna_noedge	measured	pinned	2	min_ns	18658.218976	112	1.0000	0	0		
rank_yes	kv-quoted	(set)	short-subject-search	plain	same program	pcrec_fc719ca4_auto-caps-simdna_noedge	measured	pinned	2	max_ns	18699.909712	112	1.0000	0	0		
rank_yes	kv-quoted	(set)	short-subject-search	plain	same program	pcrec_fc719ca4_auto-caps-simdna_noedge	measured	pinned	2	stddev_ns	14.607549	112	1.0000	0	0		
rank_yes	kv-quoted	(set)	short-subject-search	plain	same program	pcrec_fc719ca4_auto-caps-simdna_noedge	measured	pinned	2	ratio_vs_baseline	0.010026	112	1.0000	0	0		
rank_yes	kv-quoted	(set)	short-subject-search	plain	same program	pcrec_fc719ca4_auto-caps-simdna_noedge	measured	pinned	2	ratio_vs_best	1.000498	112	1.0000	0	0		
rank_yes	kv-quoted	(set)	short-subject-search	plain	same program	libpcre2_10.46_jit-caps-simdna	measured	pinned	3	median_ns	334426.651888	112	1.0000	0	0		
rank_yes	kv-quoted	(set)	short-subject-search	plain	same program	libpcre2_10.46_jit-caps-simdna	measured	pinned	3	min_ns	333573.819822	112	1.0000	0	0		
rank_yes	kv-quoted	(set)	short-subject-search	plain	same program	libpcre2_10.46_jit-caps-simdna	measured	pinned	3	max_ns	334534.119630	112	1.0000	0	0		
rank_yes	kv-quoted	(set)	short-subject-search	plain	same program	libpcre2_10.46_jit-caps-simdna	measured	pinned	3	stddev_ns	359.876707	112	1.0000	0	0		
rank_yes	kv-quoted	(set)	short-subject-search	plain	same program	libpcre2_10.46_jit-caps-simdna	measured	pinned	3	ratio_vs_baseline	0.179545	112	1.0000	0	0		
rank_yes	kv-quoted	(set)	short-subject-search	plain	same program	libpcre2_10.46_jit-caps-simdna	measured	pinned	3	ratio_vs_best	17.917327	112	1.0000	0	0		
rank_yes	kv-quoted	(set)	short-subject-search	plain	same program	libpcre2_10.46_interp-caps-simdna	measured	pinned	4	median_ns	1862635.377660	112	1.0000	0	0		
rank_yes	kv-quoted	(set)	short-subject-search	plain	same program	libpcre2_10.46_interp-caps-simdna	measured	pinned	4	min_ns	1858327.306738	112	1.0000	0	0		
rank_yes	kv-quoted	(set)	short-subject-search	plain	same program	libpcre2_10.46_interp-caps-simdna	measured	pinned	4	max_ns	1866163.611259	112	1.0000	0	0		
rank_yes	kv-quoted	(set)	short-subject-search	plain	same program	libpcre2_10.46_interp-caps-simdna	measured	pinned	4	stddev_ns	3072.356523	112	1.0000	0	0		
rank_yes	kv-quoted	(set)	short-subject-search	plain	same program	libpcre2_10.46_interp-caps-simdna	measured	pinned	4	ratio_vs_baseline	1.000000	112	1.0000	0	0		
rank_yes	kv-quoted	(set)	short-subject-search	plain	same program	libpcre2_10.46_interp-caps-simdna	measured	pinned	4	ratio_vs_best	99.793027	112	1.0000	0	0		
baseline_yes	level-context	(set)	large-subject-throughput			libpcre2_10.46_interp-caps-simdna				baseline_identity	interp					libpcre2_10.46_interp-caps-simdna (interp, present in this group)	
rank_yes	level-context	(set)	large-subject-throughput	plain	same program	libpcre2_10.46_jit-caps-simdna	measured	pinned	1	median_ns	3004496.489362	12	1.0000	0	0		
rank_yes	level-context	(set)	large-subject-throughput	plain	same program	libpcre2_10.46_jit-caps-simdna	measured	pinned	1	min_ns	3002619.950355	12	1.0000	0	0		
rank_yes	level-context	(set)	large-subject-throughput	plain	same program	libpcre2_10.46_jit-caps-simdna	measured	pinned	1	max_ns	3005422.840426	12	1.0000	0	0		
rank_yes	level-context	(set)	large-subject-throughput	plain	same program	libpcre2_10.46_jit-caps-simdna	measured	pinned	1	stddev_ns	1195.146454	12	1.0000	0	0		
rank_yes	level-context	(set)	large-subject-throughput	plain	same program	libpcre2_10.46_jit-caps-simdna	measured	pinned	1	ratio_vs_baseline	0.498900	12	1.0000	0	0		
rank_yes	level-context	(set)	large-subject-throughput	plain	same program	libpcre2_10.46_jit-caps-simdna	measured	pinned	1	ratio_vs_best	1.000000	12	1.0000	0	0		
rank_yes	level-context	(set)	large-subject-throughput	plain	same program	libpcre2_10.46_interp-caps-simdna	measured	pinned	2	median_ns	6022246.140351	12	1.0000	0	0		
rank_yes	level-context	(set)	large-subject-throughput	plain	same program	libpcre2_10.46_interp-caps-simdna	measured	pinned	2	min_ns	5960655.947368	12	1.0000	0	0		
rank_yes	level-context	(set)	large-subject-throughput	plain	same program	libpcre2_10.46_interp-caps-simdna	measured	pinned	2	max_ns	6049303.029240	12	1.0000	0	0		
rank_yes	level-context	(set)	large-subject-throughput	plain	same program	libpcre2_10.46_interp-caps-simdna	measured	pinned	2	stddev_ns	32577.382346	12	1.0000	0	0		
rank_yes	level-context	(set)	large-subject-throughput	plain	same program	libpcre2_10.46_interp-caps-simdna	measured	pinned	2	ratio_vs_baseline	1.000000	12	1.0000	0	0		
rank_yes	level-context	(set)	large-subject-throughput	plain	same program	libpcre2_10.46_interp-caps-simdna	measured	pinned	2	ratio_vs_best	2.004411	12	1.0000	0	0		
rank_yes	level-context	(set)	large-subject-throughput	plain	same program	pcrec_fc719ca4_auto-caps-simdna_noedge	measured	pinned	3	median_ns	11488649.407895	12	1.0000	0	0		
rank_yes	level-context	(set)	large-subject-throughput	plain	same program	pcrec_fc719ca4_auto-caps-simdna_noedge	measured	pinned	3	min_ns	11476619.657895	12	1.0000	0	0		
rank_yes	level-context	(set)	large-subject-throughput	plain	same program	pcrec_fc719ca4_auto-caps-simdna_noedge	measured	pinned	3	max_ns	11507597.013158	12	1.0000	0	0		
rank_yes	level-context	(set)	large-subject-throughput	plain	same program	pcrec_fc719ca4_auto-caps-simdna_noedge	measured	pinned	3	stddev_ns	10593.109465	12	1.0000	0	0		
rank_yes	level-context	(set)	large-subject-throughput	plain	same program	pcrec_fc719ca4_auto-caps-simdna_noedge	measured	pinned	3	ratio_vs_baseline	1.907702	12	1.0000	0	0		
rank_yes	level-context	(set)	large-subject-throughput	plain	same program	pcrec_fc719ca4_auto-caps-simdna_noedge	measured	pinned	3	ratio_vs_best	3.823819	12	1.0000	0	0		
rank_yes	level-context	(set)	large-subject-throughput	plain	same program	pcrec_fc719ca4_auto-caps-simdna	measured	pinned	4	median_ns	11503979.723684	12	1.0000	0	0		
rank_yes	level-context	(set)	large-subject-throughput	plain	same program	pcrec_fc719ca4_auto-caps-simdna	measured	pinned	4	min_ns	11486269.526316	12	1.0000	0	0		
rank_yes	level-context	(set)	large-subject-throughput	plain	same program	pcrec_fc719ca4_auto-caps-simdna	measured	pinned	4	max_ns	11514146.776316	12	1.0000	0	0		
rank_yes	level-context	(set)	large-subject-throughput	plain	same program	pcrec_fc719ca4_auto-caps-simdna	measured	pinned	4	stddev_ns	10102.509895	12	1.0000	0	0		
rank_yes	level-context	(set)	large-subject-throughput	plain	same program	pcrec_fc719ca4_auto-caps-simdna	measured	pinned	4	ratio_vs_baseline	1.910247	12	1.0000	0	0		
rank_yes	level-context	(set)	large-subject-throughput	plain	same program	pcrec_fc719ca4_auto-caps-simdna	measured	pinned	4	ratio_vs_best	3.828921	12	1.0000	0	0		
baseline_yes	level-context	(set)	short-subject-search			libpcre2_10.46_interp-caps-simdna				baseline_identity	interp					libpcre2_10.46_interp-caps-simdna (interp, present in this group)	
rank_yes	level-context	(set)	short-subject-search	plain	same program	libpcre2_10.46_jit-caps-simdna	measured	pinned	1	median_ns	115086.665475	112	1.0000	0	0		
rank_yes	level-context	(set)	short-subject-search	plain	same program	libpcre2_10.46_jit-caps-simdna	measured	pinned	1	min_ns	115048.459139	112	1.0000	0	0		
rank_yes	level-context	(set)	short-subject-search	plain	same program	libpcre2_10.46_jit-caps-simdna	measured	pinned	1	max_ns	115441.216202	112	1.0000	0	0		
rank_yes	level-context	(set)	short-subject-search	plain	same program	libpcre2_10.46_jit-caps-simdna	measured	pinned	1	stddev_ns	145.100105	112	1.0000	0	0		
rank_yes	level-context	(set)	short-subject-search	plain	same program	libpcre2_10.46_jit-caps-simdna	measured	pinned	1	ratio_vs_baseline	0.533918	112	1.0000	0	0		
rank_yes	level-context	(set)	short-subject-search	plain	same program	libpcre2_10.46_jit-caps-simdna	measured	pinned	1	ratio_vs_best	1.000000	112	1.0000	0	0		
rank_yes	level-context	(set)	short-subject-search	plain	same program	libpcre2_10.46_interp-caps-simdna	measured	pinned	2	median_ns	215551.094816	112	1.0000	0	0		
rank_yes	level-context	(set)	short-subject-search	plain	same program	libpcre2_10.46_interp-caps-simdna	measured	pinned	2	min_ns	215237.669437	112	1.0000	0	0		
rank_yes	level-context	(set)	short-subject-search	plain	same program	libpcre2_10.46_interp-caps-simdna	measured	pinned	2	max_ns	215844.306797	112	1.0000	0	0		
rank_yes	level-context	(set)	short-subject-search	plain	same program	libpcre2_10.46_interp-caps-simdna	measured	pinned	2	stddev_ns	243.646171	112	1.0000	0	0		
rank_yes	level-context	(set)	short-subject-search	plain	same program	libpcre2_10.46_interp-caps-simdna	measured	pinned	2	ratio_vs_baseline	1.000000	112	1.0000	0	0		
rank_yes	level-context	(set)	short-subject-search	plain	same program	libpcre2_10.46_interp-caps-simdna	measured	pinned	2	ratio_vs_best	1.872946	112	1.0000	0	0		
rank_yes	level-context	(set)	short-subject-search	plain	same program	pcrec_fc719ca4_auto-caps-simdna_noedge	measured	pinned	3	median_ns	341497.429629	112	1.0000	0	0		
rank_yes	level-context	(set)	short-subject-search	plain	same program	pcrec_fc719ca4_auto-caps-simdna_noedge	measured	pinned	3	min_ns	340886.044515	112	1.0000	0	0		
rank_yes	level-context	(set)	short-subject-search	plain	same program	pcrec_fc719ca4_auto-caps-simdna_noedge	measured	pinned	3	max_ns	342212.990628	112	1.0000	0	0		
rank_yes	level-context	(set)	short-subject-search	plain	same program	pcrec_fc719ca4_auto-caps-simdna_noedge	measured	pinned	3	stddev_ns	429.829309	112	1.0000	0	0		
rank_yes	level-context	(set)	short-subject-search	plain	same program	pcrec_fc719ca4_auto-caps-simdna_noedge	measured	pinned	3	ratio_vs_baseline	1.584299	112	1.0000	0	0		
rank_yes	level-context	(set)	short-subject-search	plain	same program	pcrec_fc719ca4_auto-caps-simdna_noedge	measured	pinned	3	ratio_vs_best	2.967307	112	1.0000	0	0		
rank_yes	level-context	(set)	short-subject-search	plain	same program	pcrec_fc719ca4_auto-caps-simdna	measured	pinned	4	median_ns	342029.549839	112	1.0000	0	0		
rank_yes	level-context	(set)	short-subject-search	plain	same program	pcrec_fc719ca4_auto-caps-simdna	measured	pinned	4	min_ns	341374.785986	112	1.0000	0	0		
rank_yes	level-context	(set)	short-subject-search	plain	same program	pcrec_fc719ca4_auto-caps-simdna	measured	pinned	4	max_ns	342483.602255	112	1.0000	0	0		
rank_yes	level-context	(set)	short-subject-search	plain	same program	pcrec_fc719ca4_auto-caps-simdna	measured	pinned	4	stddev_ns	385.733690	112	1.0000	0	0		
rank_yes	level-context	(set)	short-subject-search	plain	same program	pcrec_fc719ca4_auto-caps-simdna	measured	pinned	4	ratio_vs_baseline	1.586768	112	1.0000	0	0		
rank_yes	level-context	(set)	short-subject-search	plain	same program	pcrec_fc719ca4_auto-caps-simdna	measured	pinned	4	ratio_vs_best	2.971930	112	1.0000	0	0		
baseline_yes	stack-frame	(set)	large-subject-throughput			libpcre2_10.46_interp-caps-simdna				baseline_identity	interp					libpcre2_10.46_interp-caps-simdna (interp, present in this group)	
rank_yes	stack-frame	(set)	large-subject-throughput	plain	same program	libpcre2_10.46_jit-caps-simdna	measured	pinned	1	median_ns	475090.818215	12	1.0000	0	0		
rank_yes	stack-frame	(set)	large-subject-throughput	plain	same program	libpcre2_10.46_jit-caps-simdna	measured	pinned	1	min_ns	475015.480980	12	1.0000	0	0		
rank_yes	stack-frame	(set)	large-subject-throughput	plain	same program	libpcre2_10.46_jit-caps-simdna	measured	pinned	1	max_ns	476292.014265	12	1.0000	0	0		
rank_yes	stack-frame	(set)	large-subject-throughput	plain	same program	libpcre2_10.46_jit-caps-simdna	measured	pinned	1	stddev_ns	480.819562	12	1.0000	0	0		
rank_yes	stack-frame	(set)	large-subject-throughput	plain	same program	libpcre2_10.46_jit-caps-simdna	measured	pinned	1	ratio_vs_baseline	0.094104	12	1.0000	0	0		
rank_yes	stack-frame	(set)	large-subject-throughput	plain	same program	libpcre2_10.46_jit-caps-simdna	measured	pinned	1	ratio_vs_best	1.000000	12	1.0000	0	0		
rank_yes	stack-frame	(set)	large-subject-throughput	plain	same program	pcrec_fc719ca4_auto-caps-simdna	measured	pinned	2	median_ns	2295611.576842	12	1.0000	0	0		
rank_yes	stack-frame	(set)	large-subject-throughput	plain	same program	pcrec_fc719ca4_auto-caps-simdna	measured	pinned	2	min_ns	2293455.080000	12	1.0000	0	0		
rank_yes	stack-frame	(set)	large-subject-throughput	plain	same program	pcrec_fc719ca4_auto-caps-simdna	measured	pinned	2	max_ns	2298092.644211	12	1.0000	0	0		
rank_yes	stack-frame	(set)	large-subject-throughput	plain	same program	pcrec_fc719ca4_auto-caps-simdna	measured	pinned	2	stddev_ns	1772.307391	12	1.0000	0	0		
rank_yes	stack-frame	(set)	large-subject-throughput	plain	same program	pcrec_fc719ca4_auto-caps-simdna	measured	pinned	2	ratio_vs_baseline	0.454704	12	1.0000	0	0		
rank_yes	stack-frame	(set)	large-subject-throughput	plain	same program	pcrec_fc719ca4_auto-caps-simdna	measured	pinned	2	ratio_vs_best	4.831943	12	1.0000	0	0		
rank_yes	stack-frame	(set)	large-subject-throughput	plain	same program	pcrec_fc719ca4_auto-caps-simdna_noedge	measured	pinned	3	median_ns	2296489.866109	12	1.0000	0	0		
rank_yes	stack-frame	(set)	large-subject-throughput	plain	same program	pcrec_fc719ca4_auto-caps-simdna_noedge	measured	pinned	3	min_ns	2295594.261506	12	1.0000	0	0		
rank_yes	stack-frame	(set)	large-subject-throughput	plain	same program	pcrec_fc719ca4_auto-caps-simdna_noedge	measured	pinned	3	max_ns	2297186.761506	12	1.0000	0	0		
rank_yes	stack-frame	(set)	large-subject-throughput	plain	same program	pcrec_fc719ca4_auto-caps-simdna_noedge	measured	pinned	3	stddev_ns	630.668020	12	1.0000	0	0		
rank_yes	stack-frame	(set)	large-subject-throughput	plain	same program	pcrec_fc719ca4_auto-caps-simdna_noedge	measured	pinned	3	ratio_vs_baseline	0.454878	12	1.0000	0	0		
rank_yes	stack-frame	(set)	large-subject-throughput	plain	same program	pcrec_fc719ca4_auto-caps-simdna_noedge	measured	pinned	3	ratio_vs_best	4.833791	12	1.0000	0	0		
rank_yes	stack-frame	(set)	large-subject-throughput	plain	same program	libpcre2_10.46_interp-caps-simdna	measured	pinned	4	median_ns	5048586.434783	12	1.0000	0	0		
rank_yes	stack-frame	(set)	large-subject-throughput	plain	same program	libpcre2_10.46_interp-caps-simdna	measured	pinned	4	min_ns	5029502.102174	12	1.0000	0	0		
rank_yes	stack-frame	(set)	large-subject-throughput	plain	same program	libpcre2_10.46_interp-caps-simdna	measured	pinned	4	max_ns	5077655.582609	12	1.0000	0	0		
rank_yes	stack-frame	(set)	large-subject-throughput	plain	same program	libpcre2_10.46_interp-caps-simdna	measured	pinned	4	stddev_ns	18020.386895	12	1.0000	0	0		
rank_yes	stack-frame	(set)	large-subject-throughput	plain	same program	libpcre2_10.46_interp-caps-simdna	measured	pinned	4	ratio_vs_baseline	1.000000	12	1.0000	0	0		
rank_yes	stack-frame	(set)	large-subject-throughput	plain	same program	libpcre2_10.46_interp-caps-simdna	measured	pinned	4	ratio_vs_best	10.626571	12	1.0000	0	0		
baseline_yes	stack-frame	(set)	short-subject-search			libpcre2_10.46_interp-caps-simdna				baseline_identity	interp					libpcre2_10.46_interp-caps-simdna (interp, present in this group)	
rank_yes	stack-frame	(set)	short-subject-search	plain	same program	libpcre2_10.46_jit-caps-simdna	measured	pinned	1	median_ns	17535.434306	112	1.0000	0	0		
rank_yes	stack-frame	(set)	short-subject-search	plain	same program	libpcre2_10.46_jit-caps-simdna	measured	pinned	1	min_ns	17456.253810	112	1.0000	0	0		
rank_yes	stack-frame	(set)	short-subject-search	plain	same program	libpcre2_10.46_jit-caps-simdna	measured	pinned	1	max_ns	17704.820924	112	1.0000	0	0		
rank_yes	stack-frame	(set)	short-subject-search	plain	same program	libpcre2_10.46_jit-caps-simdna	measured	pinned	1	stddev_ns	94.688791	112	1.0000	0	0		
rank_yes	stack-frame	(set)	short-subject-search	plain	same program	libpcre2_10.46_jit-caps-simdna	measured	pinned	1	ratio_vs_baseline	0.084658	112	1.0000	0	0		
rank_yes	stack-frame	(set)	short-subject-search	plain	same program	libpcre2_10.46_jit-caps-simdna	measured	pinned	1	ratio_vs_best	1.000000	112	1.0000	0	0		
rank_yes	stack-frame	(set)	short-subject-search	plain	same program	pcrec_fc719ca4_auto-caps-simdna_noedge	measured	pinned	2	median_ns	36042.574882	112	1.0000	0	0		
rank_yes	stack-frame	(set)	short-subject-search	plain	same program	pcrec_fc719ca4_auto-caps-simdna_noedge	measured	pinned	2	min_ns	36011.913140	112	1.0000	0	0		
rank_yes	stack-frame	(set)	short-subject-search	plain	same program	pcrec_fc719ca4_auto-caps-simdna_noedge	measured	pinned	2	max_ns	36078.299310	112	1.0000	0	0		
rank_yes	stack-frame	(set)	short-subject-search	plain	same program	pcrec_fc719ca4_auto-caps-simdna_noedge	measured	pinned	2	stddev_ns	23.100850	112	1.0000	0	0		
rank_yes	stack-frame	(set)	short-subject-search	plain	same program	pcrec_fc719ca4_auto-caps-simdna_noedge	measured	pinned	2	ratio_vs_baseline	0.174008	112	1.0000	0	0		
rank_yes	stack-frame	(set)	short-subject-search	plain	same program	pcrec_fc719ca4_auto-caps-simdna_noedge	measured	pinned	2	ratio_vs_best	2.055414	112	1.0000	0	0		
rank_yes	stack-frame	(set)	short-subject-search	plain	same program	pcrec_fc719ca4_auto-caps-simdna	measured	pinned	3	median_ns	36051.313915	112	1.0000	0	0		
rank_yes	stack-frame	(set)	short-subject-search	plain	same program	pcrec_fc719ca4_auto-caps-simdna	measured	pinned	3	min_ns	36016.487889	112	1.0000	0	0		
rank_yes	stack-frame	(set)	short-subject-search	plain	same program	pcrec_fc719ca4_auto-caps-simdna	measured	pinned	3	max_ns	36060.789778	112	1.0000	0	0		
rank_yes	stack-frame	(set)	short-subject-search	plain	same program	pcrec_fc719ca4_auto-caps-simdna	measured	pinned	3	stddev_ns	15.784341	112	1.0000	0	0		
rank_yes	stack-frame	(set)	short-subject-search	plain	same program	pcrec_fc719ca4_auto-caps-simdna	measured	pinned	3	ratio_vs_baseline	0.174050	112	1.0000	0	0		
rank_yes	stack-frame	(set)	short-subject-search	plain	same program	pcrec_fc719ca4_auto-caps-simdna	measured	pinned	3	ratio_vs_best	2.055912	112	1.0000	0	0		
rank_yes	stack-frame	(set)	short-subject-search	plain	same program	libpcre2_10.46_interp-caps-simdna	measured	pinned	4	median_ns	207131.659096	112	1.0000	0	0		
rank_yes	stack-frame	(set)	short-subject-search	plain	same program	libpcre2_10.46_interp-caps-simdna	measured	pinned	4	min_ns	207012.538216	112	1.0000	0	0		
rank_yes	stack-frame	(set)	short-subject-search	plain	same program	libpcre2_10.46_interp-caps-simdna	measured	pinned	4	max_ns	207324.679723	112	1.0000	0	0		
rank_yes	stack-frame	(set)	short-subject-search	plain	same program	libpcre2_10.46_interp-caps-simdna	measured	pinned	4	stddev_ns	128.050522	112	1.0000	0	0		
rank_yes	stack-frame	(set)	short-subject-search	plain	same program	libpcre2_10.46_interp-caps-simdna	measured	pinned	4	ratio_vs_baseline	1.000000	112	1.0000	0	0		
rank_yes	stack-frame	(set)	short-subject-search	plain	same program	libpcre2_10.46_interp-caps-simdna	measured	pinned	4	ratio_vs_best	11.812177	112	1.0000	0	0		
baseline_yes	uuid	(set)	large-subject-throughput			libpcre2_10.46_interp-caps-simdna				baseline_identity	interp					libpcre2_10.46_interp-caps-simdna (interp, present in this group)	
rank_yes	uuid	(set)	large-subject-throughput	plain	same program	pcrec_fc719ca4_auto-caps-simdna_noedge	measured	pinned	1	median_ns	1079697.819196	12	1.0000	0	0		
rank_yes	uuid	(set)	large-subject-throughput	plain	same program	pcrec_fc719ca4_auto-caps-simdna_noedge	measured	pinned	1	min_ns	1077643.672991	12	1.0000	0	0		
rank_yes	uuid	(set)	large-subject-throughput	plain	same program	pcrec_fc719ca4_auto-caps-simdna_noedge	measured	pinned	1	max_ns	1085568.494420	12	1.0000	0	0		
rank_yes	uuid	(set)	large-subject-throughput	plain	same program	pcrec_fc719ca4_auto-caps-simdna_noedge	measured	pinned	1	stddev_ns	2703.343942	12	1.0000	0	0		
rank_yes	uuid	(set)	large-subject-throughput	plain	same program	pcrec_fc719ca4_auto-caps-simdna_noedge	measured	pinned	1	ratio_vs_baseline	0.010959	12	1.0000	0	0		
rank_yes	uuid	(set)	large-subject-throughput	plain	same program	pcrec_fc719ca4_auto-caps-simdna_noedge	measured	pinned	1	ratio_vs_best	1.000000	12	1.0000	0	0		
rank_yes	uuid	(set)	large-subject-throughput	plain	same program	pcrec_fc719ca4_auto-caps-simdna	measured	pinned	2	median_ns	1080376.400231	12	1.0000	0	0		
rank_yes	uuid	(set)	large-subject-throughput	plain	same program	pcrec_fc719ca4_auto-caps-simdna	measured	pinned	2	min_ns	1079466.027682	12	1.0000	0	0		
rank_yes	uuid	(set)	large-subject-throughput	plain	same program	pcrec_fc719ca4_auto-caps-simdna	measured	pinned	2	max_ns	1082668.374856	12	1.0000	0	0		
rank_yes	uuid	(set)	large-subject-throughput	plain	same program	pcrec_fc719ca4_auto-caps-simdna	measured	pinned	2	stddev_ns	1168.064261	12	1.0000	0	0		
rank_yes	uuid	(set)	large-subject-throughput	plain	same program	pcrec_fc719ca4_auto-caps-simdna	measured	pinned	2	ratio_vs_baseline	0.010966	12	1.0000	0	0		
rank_yes	uuid	(set)	large-subject-throughput	plain	same program	pcrec_fc719ca4_auto-caps-simdna	measured	pinned	2	ratio_vs_best	1.000628	12	1.0000	0	0		
rank_yes	uuid	(set)	large-subject-throughput	plain	same program	libpcre2_10.46_jit-caps-simdna	measured	pinned	3	median_ns	1737828.366890	12	1.0000	0	0		
rank_yes	uuid	(set)	large-subject-throughput	plain	same program	libpcre2_10.46_jit-caps-simdna	measured	pinned	3	min_ns	1735170.275168	12	1.0000	0	0		
rank_yes	uuid	(set)	large-subject-throughput	plain	same program	libpcre2_10.46_jit-caps-simdna	measured	pinned	3	max_ns	1738052.212528	12	1.0000	0	0		
rank_yes	uuid	(set)	large-subject-throughput	plain	same program	libpcre2_10.46_jit-caps-simdna	measured	pinned	3	stddev_ns	1109.664754	12	1.0000	0	0		
rank_yes	uuid	(set)	large-subject-throughput	plain	same program	libpcre2_10.46_jit-caps-simdna	measured	pinned	3	ratio_vs_baseline	0.017639	12	1.0000	0	0		
rank_yes	uuid	(set)	large-subject-throughput	plain	same program	libpcre2_10.46_jit-caps-simdna	measured	pinned	3	ratio_vs_best	1.609551	12	1.0000	0	0		
rank_yes	uuid	(set)	large-subject-throughput	plain	same program	libpcre2_10.46_interp-caps-simdna	measured	pinned	4	median_ns	98521050.666667	12	1.0000	0	0		
rank_yes	uuid	(set)	large-subject-throughput	plain	same program	libpcre2_10.46_interp-caps-simdna	measured	pinned	4	min_ns	98344419.555556	12	1.0000	0	0		
rank_yes	uuid	(set)	large-subject-throughput	plain	same program	libpcre2_10.46_interp-caps-simdna	measured	pinned	4	max_ns	98700163.777778	12	1.0000	0	0		
rank_yes	uuid	(set)	large-subject-throughput	plain	same program	libpcre2_10.46_interp-caps-simdna	measured	pinned	4	stddev_ns	120487.300492	12	1.0000	0	0		
rank_yes	uuid	(set)	large-subject-throughput	plain	same program	libpcre2_10.46_interp-caps-simdna	measured	pinned	4	ratio_vs_baseline	1.000000	12	1.0000	0	0		
rank_yes	uuid	(set)	large-subject-throughput	plain	same program	libpcre2_10.46_interp-caps-simdna	measured	pinned	4	ratio_vs_best	91.248726	12	1.0000	0	0		
baseline_yes	uuid	(set)	short-subject-search			libpcre2_10.46_interp-caps-simdna				baseline_identity	interp					libpcre2_10.46_interp-caps-simdna (interp, present in this group)	
rank_yes	uuid	(set)	short-subject-search	plain	same program	pcrec_fc719ca4_auto-caps-simdna_noedge	measured	pinned	1	median_ns	20997.083104	112	1.0000	0	0		
rank_yes	uuid	(set)	short-subject-search	plain	same program	pcrec_fc719ca4_auto-caps-simdna_noedge	measured	pinned	1	min_ns	20964.810336	112	1.0000	0	0		
rank_yes	uuid	(set)	short-subject-search	plain	same program	pcrec_fc719ca4_auto-caps-simdna_noedge	measured	pinned	1	max_ns	21017.428003	112	1.0000	0	0		
rank_yes	uuid	(set)	short-subject-search	plain	same program	pcrec_fc719ca4_auto-caps-simdna_noedge	measured	pinned	1	stddev_ns	17.473995	112	1.0000	0	0		
rank_yes	uuid	(set)	short-subject-search	plain	same program	pcrec_fc719ca4_auto-caps-simdna_noedge	measured	pinned	1	ratio_vs_baseline	0.005668	112	1.0000	0	0		
rank_yes	uuid	(set)	short-subject-search	plain	same program	pcrec_fc719ca4_auto-caps-simdna_noedge	measured	pinned	1	ratio_vs_best	1.000000	112	1.0000	0	0		
rank_yes	uuid	(set)	short-subject-search	plain	same program	pcrec_fc719ca4_auto-caps-simdna	measured	pinned	2	median_ns	21021.046324	112	1.0000	0	0		
rank_yes	uuid	(set)	short-subject-search	plain	same program	pcrec_fc719ca4_auto-caps-simdna	measured	pinned	2	min_ns	21005.632090	112	1.0000	0	0		
rank_yes	uuid	(set)	short-subject-search	plain	same program	pcrec_fc719ca4_auto-caps-simdna	measured	pinned	2	max_ns	21060.529823	112	1.0000	0	0		
rank_yes	uuid	(set)	short-subject-search	plain	same program	pcrec_fc719ca4_auto-caps-simdna	measured	pinned	2	stddev_ns	20.278880	112	1.0000	0	0		
rank_yes	uuid	(set)	short-subject-search	plain	same program	pcrec_fc719ca4_auto-caps-simdna	measured	pinned	2	ratio_vs_baseline	0.005674	112	1.0000	0	0		
rank_yes	uuid	(set)	short-subject-search	plain	same program	pcrec_fc719ca4_auto-caps-simdna	measured	pinned	2	ratio_vs_best	1.001141	112	1.0000	0	0		
rank_yes	uuid	(set)	short-subject-search	plain	same program	libpcre2_10.46_jit-caps-simdna	measured	pinned	3	median_ns	35647.451022	112	1.0000	0	0		
rank_yes	uuid	(set)	short-subject-search	plain	same program	libpcre2_10.46_jit-caps-simdna	measured	pinned	3	min_ns	35483.631830	112	1.0000	0	0		
rank_yes	uuid	(set)	short-subject-search	plain	same program	libpcre2_10.46_jit-caps-simdna	measured	pinned	3	max_ns	35826.809367	112	1.0000	0	0		
rank_yes	uuid	(set)	short-subject-search	plain	same program	libpcre2_10.46_jit-caps-simdna	measured	pinned	3	stddev_ns	129.696519	112	1.0000	0	0		
rank_yes	uuid	(set)	short-subject-search	plain	same program	libpcre2_10.46_jit-caps-simdna	measured	pinned	3	ratio_vs_baseline	0.009622	112	1.0000	0	0		
rank_yes	uuid	(set)	short-subject-search	plain	same program	libpcre2_10.46_jit-caps-simdna	measured	pinned	3	ratio_vs_best	1.697733	112	1.0000	0	0		
rank_yes	uuid	(set)	short-subject-search	plain	same program	libpcre2_10.46_interp-caps-simdna	measured	pinned	4	median_ns	3704741.350552	112	1.0000	0	0		
rank_yes	uuid	(set)	short-subject-search	plain	same program	libpcre2_10.46_interp-caps-simdna	measured	pinned	4	min_ns	3702911.121364	112	1.0000	0	0		
rank_yes	uuid	(set)	short-subject-search	plain	same program	libpcre2_10.46_interp-caps-simdna	measured	pinned	4	max_ns	3739906.595286	112	1.0000	0	0		
rank_yes	uuid	(set)	short-subject-search	plain	same program	libpcre2_10.46_interp-caps-simdna	measured	pinned	4	stddev_ns	14134.707771	112	1.0000	0	0		
rank_yes	uuid	(set)	short-subject-search	plain	same program	libpcre2_10.46_interp-caps-simdna	measured	pinned	4	ratio_vs_baseline	1.000000	112	1.0000	0	0		
rank_yes	uuid	(set)	short-subject-search	plain	same program	libpcre2_10.46_interp-caps-simdna	measured	pinned	4	ratio_vs_best	176.440762	112	1.0000	0	0		
baseline_no	bignum	(set)	large-subject-throughput			rust_1.13.1_default-caps-simdna				baseline_identity	row-best-fallback					rust_1.13.1_default-caps-simdna (row-best fallback -- interp absent from this group)	
rank_no	bignum	(set)	large-subject-throughput	plain	same program	rust_1.13.1_default-caps-simdna	measured	pinned	1	median_ns	17744002.254237	12	1.0000	0	0		
rank_no	bignum	(set)	large-subject-throughput	plain	same program	rust_1.13.1_default-caps-simdna	measured	pinned	1	min_ns	17718973.355932	12	1.0000	0	0		
rank_no	bignum	(set)	large-subject-throughput	plain	same program	rust_1.13.1_default-caps-simdna	measured	pinned	1	max_ns	19010549.474576	12	1.0000	0	0		
rank_no	bignum	(set)	large-subject-throughput	plain	same program	rust_1.13.1_default-caps-simdna	measured	pinned	1	stddev_ns	509059.555189	12	1.0000	0	0		
rank_no	bignum	(set)	large-subject-throughput	plain	same program	rust_1.13.1_default-caps-simdna	measured	pinned	1	ratio_vs_baseline	1.000000	12	1.0000	0	0		
rank_no	bignum	(set)	large-subject-throughput	plain	same program	rust_1.13.1_default-caps-simdna	measured	pinned	1	ratio_vs_best	1.000000	12	1.0000	0	0		
baseline_no	bignum	(set)	short-subject-search			rust_1.13.1_default-caps-simdna				baseline_identity	row-best-fallback					rust_1.13.1_default-caps-simdna (row-best fallback -- interp absent from this group)	
rank_no	bignum	(set)	short-subject-search	plain	same program	rust_1.13.1_default-caps-simdna	measured	pinned	1	median_ns	725435.508311	112	1.0000	0	0		
rank_no	bignum	(set)	short-subject-search	plain	same program	rust_1.13.1_default-caps-simdna	measured	pinned	1	min_ns	723907.880791	112	1.0000	0	0		
rank_no	bignum	(set)	short-subject-search	plain	same program	rust_1.13.1_default-caps-simdna	measured	pinned	1	max_ns	726985.269204	112	1.0000	0	0		
rank_no	bignum	(set)	short-subject-search	plain	same program	rust_1.13.1_default-caps-simdna	measured	pinned	1	stddev_ns	1103.994901	112	1.0000	0	0		
rank_no	bignum	(set)	short-subject-search	plain	same program	rust_1.13.1_default-caps-simdna	measured	pinned	1	ratio_vs_baseline	1.000000	112	1.0000	0	0		
rank_no	bignum	(set)	short-subject-search	plain	same program	rust_1.13.1_default-caps-simdna	measured	pinned	1	ratio_vs_best	1.000000	112	1.0000	0	0		
baseline_no	floor	(set)	large-subject-throughput			rust_1.13.1_default-caps-simdna				baseline_identity	row-best-fallback					rust_1.13.1_default-caps-simdna (row-best fallback -- interp absent from this group)	
rank_no	floor	(set)	large-subject-throughput	plain	same program	rust_1.13.1_default-caps-simdna	measured	pinned	1	median_ns	4168307.092683	12	1.0000	0	0		
rank_no	floor	(set)	large-subject-throughput	plain	same program	rust_1.13.1_default-caps-simdna	measured	pinned	1	min_ns	4164827.429268	12	1.0000	0	0		
rank_no	floor	(set)	large-subject-throughput	plain	same program	rust_1.13.1_default-caps-simdna	measured	pinned	1	max_ns	4171492.287805	12	1.0000	0	0		
rank_no	floor	(set)	large-subject-throughput	plain	same program	rust_1.13.1_default-caps-simdna	measured	pinned	1	stddev_ns	2221.689318	12	1.0000	0	0		
rank_no	floor	(set)	large-subject-throughput	plain	same program	rust_1.13.1_default-caps-simdna	measured	pinned	1	ratio_vs_baseline	1.000000	12	1.0000	0	0		
rank_no	floor	(set)	large-subject-throughput	plain	same program	rust_1.13.1_default-caps-simdna	measured	pinned	1	ratio_vs_best	1.000000	12	1.0000	0	0		
baseline_no	floor	(set)	short-subject-search			rust_1.13.1_default-caps-simdna				baseline_identity	row-best-fallback					rust_1.13.1_default-caps-simdna (row-best fallback -- interp absent from this group)	
rank_no	floor	(set)	short-subject-search	plain	same program	rust_1.13.1_default-caps-simdna	measured	pinned	1	median_ns	8061.097033	112	1.0000	0	0		
rank_no	floor	(set)	short-subject-search	plain	same program	rust_1.13.1_default-caps-simdna	measured	pinned	1	min_ns	8046.198197	112	1.0000	0	0		
rank_no	floor	(set)	short-subject-search	plain	same program	rust_1.13.1_default-caps-simdna	measured	pinned	1	max_ns	8068.164077	112	1.0000	0	0		
rank_no	floor	(set)	short-subject-search	plain	same program	rust_1.13.1_default-caps-simdna	measured	pinned	1	stddev_ns	7.925818	112	1.0000	0	0		
rank_no	floor	(set)	short-subject-search	plain	same program	rust_1.13.1_default-caps-simdna	measured	pinned	1	ratio_vs_baseline	1.000000	112	1.0000	0	0		
rank_no	floor	(set)	short-subject-search	plain	same program	rust_1.13.1_default-caps-simdna	measured	pinned	1	ratio_vs_best	1.000000	112	1.0000	0	0		
baseline_no	hex32-id	(set)	large-subject-throughput			rust_1.13.1_default-caps-simdna				baseline_identity	row-best-fallback					rust_1.13.1_default-caps-simdna (row-best fallback -- interp absent from this group)	
rank_no	hex32-id	(set)	large-subject-throughput	plain	same program	rust_1.13.1_default-caps-simdna	measured	pinned	1	median_ns	7465417.411765	12	1.0000	0	0		
rank_no	hex32-id	(set)	large-subject-throughput	plain	same program	rust_1.13.1_default-caps-simdna	measured	pinned	1	min_ns	7461275.019608	12	1.0000	0	0		
rank_no	hex32-id	(set)	large-subject-throughput	plain	same program	rust_1.13.1_default-caps-simdna	measured	pinned	1	max_ns	7467243.607843	12	1.0000	0	0		
rank_no	hex32-id	(set)	large-subject-throughput	plain	same program	rust_1.13.1_default-caps-simdna	measured	pinned	1	stddev_ns	2132.534818	12	1.0000	0	0		
rank_no	hex32-id	(set)	large-subject-throughput	plain	same program	rust_1.13.1_default-caps-simdna	measured	pinned	1	ratio_vs_baseline	1.000000	12	1.0000	0	0		
rank_no	hex32-id	(set)	large-subject-throughput	plain	same program	rust_1.13.1_default-caps-simdna	measured	pinned	1	ratio_vs_best	1.000000	12	1.0000	0	0		
baseline_no	hex32-id	(set)	short-subject-search			rust_1.13.1_default-caps-simdna				baseline_identity	row-best-fallback					rust_1.13.1_default-caps-simdna (row-best fallback -- interp absent from this group)	
rank_no	hex32-id	(set)	short-subject-search	plain	same program	rust_1.13.1_default-caps-simdna	measured	pinned	1	median_ns	294679.269714	112	1.0000	0	0		
rank_no	hex32-id	(set)	short-subject-search	plain	same program	rust_1.13.1_default-caps-simdna	measured	pinned	1	min_ns	294642.410188	112	1.0000	0	0		
rank_no	hex32-id	(set)	short-subject-search	plain	same program	rust_1.13.1_default-caps-simdna	measured	pinned	1	max_ns	294821.023150	112	1.0000	0	0		
rank_no	hex32-id	(set)	short-subject-search	plain	same program	rust_1.13.1_default-caps-simdna	measured	pinned	1	stddev_ns	71.066432	112	1.0000	0	0		
rank_no	hex32-id	(set)	short-subject-search	plain	same program	rust_1.13.1_default-caps-simdna	measured	pinned	1	ratio_vs_baseline	1.000000	112	1.0000	0	0		
rank_no	hex32-id	(set)	short-subject-search	plain	same program	rust_1.13.1_default-caps-simdna	measured	pinned	1	ratio_vs_best	1.000000	112	1.0000	0	0		
baseline_no	http-5xx	(set)	large-subject-throughput			rust_1.13.1_default-caps-simdna				baseline_identity	row-best-fallback					rust_1.13.1_default-caps-simdna (row-best fallback -- interp absent from this group)	
rank_no	http-5xx	(set)	large-subject-throughput	plain	same program	rust_1.13.1_default-caps-simdna	measured	pinned	1	median_ns	443901.317308	12	1.0000	0	0		
rank_no	http-5xx	(set)	large-subject-throughput	plain	same program	rust_1.13.1_default-caps-simdna	measured	pinned	1	min_ns	443025.739183	12	1.0000	0	0		
rank_no	http-5xx	(set)	large-subject-throughput	plain	same program	rust_1.13.1_default-caps-simdna	measured	pinned	1	max_ns	445923.493990	12	1.0000	0	0		
rank_no	http-5xx	(set)	large-subject-throughput	plain	same program	rust_1.13.1_default-caps-simdna	measured	pinned	1	stddev_ns	1018.219165	12	1.0000	0	0		
rank_no	http-5xx	(set)	large-subject-throughput	plain	same program	rust_1.13.1_default-caps-simdna	measured	pinned	1	ratio_vs_baseline	1.000000	12	1.0000	0	0		
rank_no	http-5xx	(set)	large-subject-throughput	plain	same program	rust_1.13.1_default-caps-simdna	measured	pinned	1	ratio_vs_best	1.000000	12	1.0000	0	0		
baseline_no	http-5xx	(set)	short-subject-search			rust_1.13.1_default-caps-simdna				baseline_identity	row-best-fallback					rust_1.13.1_default-caps-simdna (row-best fallback -- interp absent from this group)	
rank_no	http-5xx	(set)	short-subject-search	plain	same program	rust_1.13.1_default-caps-simdna	measured	pinned	1	median_ns	15746.826814	112	1.0000	0	0		
rank_no	http-5xx	(set)	short-subject-search	plain	same program	rust_1.13.1_default-caps-simdna	measured	pinned	1	min_ns	15714.869236	112	1.0000	0	0		
rank_no	http-5xx	(set)	short-subject-search	plain	same program	rust_1.13.1_default-caps-simdna	measured	pinned	1	max_ns	15967.946153	112	1.0000	0	0		
rank_no	http-5xx	(set)	short-subject-search	plain	same program	rust_1.13.1_default-caps-simdna	measured	pinned	1	stddev_ns	92.211053	112	1.0000	0	0		
rank_no	http-5xx	(set)	short-subject-search	plain	same program	rust_1.13.1_default-caps-simdna	measured	pinned	1	ratio_vs_baseline	1.000000	112	1.0000	0	0		
rank_no	http-5xx	(set)	short-subject-search	plain	same program	rust_1.13.1_default-caps-simdna	measured	pinned	1	ratio_vs_best	1.000000	112	1.0000	0	0		
baseline_no	ipv4	(set)	large-subject-throughput			rust_1.13.1_default-caps-simdna				baseline_identity	row-best-fallback					rust_1.13.1_default-caps-simdna (row-best fallback -- interp absent from this group)	
rank_no	ipv4	(set)	large-subject-throughput	plain	same program	rust_1.13.1_default-caps-simdna	measured	pinned	1	median_ns	7507131.516484	12	1.0000	0	0		
rank_no	ipv4	(set)	large-subject-throughput	plain	same program	rust_1.13.1_default-caps-simdna	measured	pinned	1	min_ns	7504841.043956	12	1.0000	0	0		
rank_no	ipv4	(set)	large-subject-throughput	plain	same program	rust_1.13.1_default-caps-simdna	measured	pinned	1	max_ns	7510410.879121	12	1.0000	0	0		
rank_no	ipv4	(set)	large-subject-throughput	plain	same program	rust_1.13.1_default-caps-simdna	measured	pinned	1	stddev_ns	2063.961946	12	1.0000	0	0		
rank_no	ipv4	(set)	large-subject-throughput	plain	same program	rust_1.13.1_default-caps-simdna	measured	pinned	1	ratio_vs_baseline	1.000000	12	1.0000	0	0		
rank_no	ipv4	(set)	large-subject-throughput	plain	same program	rust_1.13.1_default-caps-simdna	measured	pinned	1	ratio_vs_best	1.000000	12	1.0000	0	0		
baseline_no	ipv4	(set)	short-subject-search			rust_1.13.1_default-caps-simdna				baseline_identity	row-best-fallback					rust_1.13.1_default-caps-simdna (row-best fallback -- interp absent from this group)	
rank_no	ipv4	(set)	short-subject-search	plain	same program	rust_1.13.1_default-caps-simdna	measured	pinned	1	median_ns	294105.310308	112	1.0000	0	0		
rank_no	ipv4	(set)	short-subject-search	plain	same program	rust_1.13.1_default-caps-simdna	measured	pinned	1	min_ns	294054.191436	112	1.0000	0	0		
rank_no	ipv4	(set)	short-subject-search	plain	same program	rust_1.13.1_default-caps-simdna	measured	pinned	1	max_ns	386500.732467	112	1.0000	0	0		
rank_no	ipv4	(set)	short-subject-search	plain	same program	rust_1.13.1_default-caps-simdna	measured	pinned	1	stddev_ns	36931.604354	112	1.0000	0	0		
rank_no	ipv4	(set)	short-subject-search	plain	same program	rust_1.13.1_default-caps-simdna	measured	pinned	1	ratio_vs_baseline	1.000000	112	1.0000	0	0		
rank_no	ipv4	(set)	short-subject-search	plain	same program	rust_1.13.1_default-caps-simdna	measured	pinned	1	ratio_vs_best	1.000000	112	1.0000	0	0		
baseline_no	ipv6	(set)	large-subject-throughput			rust_1.13.1_default-caps-simdna				baseline_identity	row-best-fallback					rust_1.13.1_default-caps-simdna (row-best fallback -- interp absent from this group)	
rank_no	ipv6	(set)	large-subject-throughput	plain	same program	rust_1.13.1_default-caps-simdna	measured	pinned	1	median_ns	7477277.203883	12	1.0000	0	0		
rank_no	ipv6	(set)	large-subject-throughput	plain	same program	rust_1.13.1_default-caps-simdna	measured	pinned	1	min_ns	7470821.145631	12	1.0000	0	0		
rank_no	ipv6	(set)	large-subject-throughput	plain	same program	rust_1.13.1_default-caps-simdna	measured	pinned	1	max_ns	7480194.388350	12	1.0000	0	0		
rank_no	ipv6	(set)	large-subject-throughput	plain	same program	rust_1.13.1_default-caps-simdna	measured	pinned	1	stddev_ns	3531.829640	12	1.0000	0	0		
rank_no	ipv6	(set)	large-subject-throughput	plain	same program	rust_1.13.1_default-caps-simdna	measured	pinned	1	ratio_vs_baseline	1.000000	12	1.0000	0	0		
rank_no	ipv6	(set)	large-subject-throughput	plain	same program	rust_1.13.1_default-caps-simdna	measured	pinned	1	ratio_vs_best	1.000000	12	1.0000	0	0		
baseline_no	ipv6	(set)	short-subject-search			rust_1.13.1_default-caps-simdna				baseline_identity	row-best-fallback					rust_1.13.1_default-caps-simdna (row-best fallback -- interp absent from this group)	
rank_no	ipv6	(set)	short-subject-search	plain	same program	rust_1.13.1_default-caps-simdna	measured	pinned	1	median_ns	291467.667681	112	1.0000	0	0		
rank_no	ipv6	(set)	short-subject-search	plain	same program	rust_1.13.1_default-caps-simdna	measured	pinned	1	min_ns	291249.055094	112	1.0000	0	0		
rank_no	ipv6	(set)	short-subject-search	plain	same program	rust_1.13.1_default-caps-simdna	measured	pinned	1	max_ns	291766.341744	112	1.0000	0	0		
rank_no	ipv6	(set)	short-subject-search	plain	same program	rust_1.13.1_default-caps-simdna	measured	pinned	1	stddev_ns	185.999017	112	1.0000	0	0		
rank_no	ipv6	(set)	short-subject-search	plain	same program	rust_1.13.1_default-caps-simdna	measured	pinned	1	ratio_vs_baseline	1.000000	112	1.0000	0	0		
rank_no	ipv6	(set)	short-subject-search	plain	same program	rust_1.13.1_default-caps-simdna	measured	pinned	1	ratio_vs_best	1.000000	112	1.0000	0	0		
baseline_no	iso-ts	(set)	large-subject-throughput			rust_1.13.1_default-caps-simdna				baseline_identity	row-best-fallback					rust_1.13.1_default-caps-simdna (row-best fallback -- interp absent from this group)	
rank_no	iso-ts	(set)	large-subject-throughput	plain	same program	rust_1.13.1_default-caps-simdna	measured	pinned	1	median_ns	5841273.894309	12	1.0000	0	0		
rank_no	iso-ts	(set)	large-subject-throughput	plain	same program	rust_1.13.1_default-caps-simdna	measured	pinned	1	min_ns	5833590.430894	12	1.0000	0	0		
rank_no	iso-ts	(set)	large-subject-throughput	plain	same program	rust_1.13.1_default-caps-simdna	measured	pinned	1	max_ns	5848617.252033	12	1.0000	0	0		
rank_no	iso-ts	(set)	large-subject-throughput	plain	same program	rust_1.13.1_default-caps-simdna	measured	pinned	1	stddev_ns	5465.222919	12	1.0000	0	0		
rank_no	iso-ts	(set)	large-subject-throughput	plain	same program	rust_1.13.1_default-caps-simdna	measured	pinned	1	ratio_vs_baseline	1.000000	12	1.0000	0	0		
rank_no	iso-ts	(set)	large-subject-throughput	plain	same program	rust_1.13.1_default-caps-simdna	measured	pinned	1	ratio_vs_best	1.000000	12	1.0000	0	0		
baseline_no	iso-ts	(set)	short-subject-search			rust_1.13.1_default-caps-simdna				baseline_identity	row-best-fallback					rust_1.13.1_default-caps-simdna (row-best fallback -- interp absent from this group)	
rank_no	iso-ts	(set)	short-subject-search	plain	same program	rust_1.13.1_default-caps-simdna	measured	pinned	1	median_ns	207150.243881	112	1.0000	0	0		
rank_no	iso-ts	(set)	short-subject-search	plain	same program	rust_1.13.1_default-caps-simdna	measured	pinned	1	min_ns	206491.684656	112	1.0000	0	0		
rank_no	iso-ts	(set)	short-subject-search	plain	same program	rust_1.13.1_default-caps-simdna	measured	pinned	1	max_ns	213145.909123	112	1.0000	0	0		
rank_no	iso-ts	(set)	short-subject-search	plain	same program	rust_1.13.1_default-caps-simdna	measured	pinned	1	stddev_ns	2491.664210	112	1.0000	0	0		
rank_no	iso-ts	(set)	short-subject-search	plain	same program	rust_1.13.1_default-caps-simdna	measured	pinned	1	ratio_vs_baseline	1.000000	112	1.0000	0	0		
rank_no	iso-ts	(set)	short-subject-search	plain	same program	rust_1.13.1_default-caps-simdna	measured	pinned	1	ratio_vs_best	1.000000	112	1.0000	0	0		
baseline_no	kv-quoted	(set)	large-subject-throughput			rust_1.13.1_default-caps-simdna				baseline_identity	row-best-fallback					rust_1.13.1_default-caps-simdna (row-best fallback -- interp absent from this group)	
rank_no	kv-quoted	(set)	large-subject-throughput	plain	same program	rust_1.13.1_default-caps-simdna	measured	pinned	1	median_ns	210692.918991	12	1.0000	0	0		
rank_no	kv-quoted	(set)	large-subject-throughput	plain	same program	rust_1.13.1_default-caps-simdna	measured	pinned	1	min_ns	210432.051793	12	1.0000	0	0		
rank_no	kv-quoted	(set)	large-subject-throughput	plain	same program	rust_1.13.1_default-caps-simdna	measured	pinned	1	max_ns	212132.466135	12	1.0000	0	0		
rank_no	kv-quoted	(set)	large-subject-throughput	plain	same program	rust_1.13.1_default-caps-simdna	measured	pinned	1	stddev_ns	626.230644	12	1.0000	0	0		
rank_no	kv-quoted	(set)	large-subject-throughput	plain	same program	rust_1.13.1_default-caps-simdna	measured	pinned	1	ratio_vs_baseline	1.000000	12	1.0000	0	0		
rank_no	kv-quoted	(set)	large-subject-throughput	plain	same program	rust_1.13.1_default-caps-simdna	measured	pinned	1	ratio_vs_best	1.000000	12	1.0000	0	0		
baseline_no	kv-quoted	(set)	short-subject-search			rust_1.13.1_default-caps-simdna				baseline_identity	row-best-fallback					rust_1.13.1_default-caps-simdna (row-best fallback -- interp absent from this group)	
rank_no	kv-quoted	(set)	short-subject-search	plain	same program	rust_1.13.1_default-caps-simdna	measured	pinned	1	median_ns	9141.666360	112	1.0000	0	0		
rank_no	kv-quoted	(set)	short-subject-search	plain	same program	rust_1.13.1_default-caps-simdna	measured	pinned	1	min_ns	9125.371546	112	1.0000	0	0		
rank_no	kv-quoted	(set)	short-subject-search	plain	same program	rust_1.13.1_default-caps-simdna	measured	pinned	1	max_ns	9174.087032	112	1.0000	0	0		
rank_no	kv-quoted	(set)	short-subject-search	plain	same program	rust_1.13.1_default-caps-simdna	measured	pinned	1	stddev_ns	16.053138	112	1.0000	0	0		
rank_no	kv-quoted	(set)	short-subject-search	plain	same program	rust_1.13.1_default-caps-simdna	measured	pinned	1	ratio_vs_baseline	1.000000	112	1.0000	0	0		
rank_no	kv-quoted	(set)	short-subject-search	plain	same program	rust_1.13.1_default-caps-simdna	measured	pinned	1	ratio_vs_best	1.000000	112	1.0000	0	0		
baseline_no	level-context	(set)	large-subject-throughput			rust_1.13.1_default-caps-simdna				baseline_identity	row-best-fallback					rust_1.13.1_default-caps-simdna (row-best fallback -- interp absent from this group)	
rank_no	level-context	(set)	large-subject-throughput	plain	same program	rust_1.13.1_default-caps-simdna	measured	pinned	1	median_ns	1098534.995434	12	1.0000	0	0		
rank_no	level-context	(set)	large-subject-throughput	plain	same program	rust_1.13.1_default-caps-simdna	measured	pinned	1	min_ns	1097866.191781	12	1.0000	0	0		
rank_no	level-context	(set)	large-subject-throughput	plain	same program	rust_1.13.1_default-caps-simdna	measured	pinned	1	max_ns	1101854.662100	12	1.0000	0	0		
rank_no	level-context	(set)	large-subject-throughput	plain	same program	rust_1.13.1_default-caps-simdna	measured	pinned	1	stddev_ns	1450.539185	12	1.0000	0	0		
rank_no	level-context	(set)	large-subject-throughput	plain	same program	rust_1.13.1_default-caps-simdna	measured	pinned	1	ratio_vs_baseline	1.000000	12	1.0000	0	0		
rank_no	level-context	(set)	large-subject-throughput	plain	same program	rust_1.13.1_default-caps-simdna	measured	pinned	1	ratio_vs_best	1.000000	12	1.0000	0	0		
baseline_no	level-context	(set)	short-subject-search			rust_1.13.1_default-caps-simdna				baseline_identity	row-best-fallback					rust_1.13.1_default-caps-simdna (row-best fallback -- interp absent from this group)	
rank_no	level-context	(set)	short-subject-search	plain	same program	rust_1.13.1_default-caps-simdna	measured	pinned	1	median_ns	42982.552681	112	1.0000	0	0		
rank_no	level-context	(set)	short-subject-search	plain	same program	rust_1.13.1_default-caps-simdna	measured	pinned	1	min_ns	42917.888536	112	1.0000	0	0		
rank_no	level-context	(set)	short-subject-search	plain	same program	rust_1.13.1_default-caps-simdna	measured	pinned	1	max_ns	43158.004577	112	1.0000	0	0		
rank_no	level-context	(set)	short-subject-search	plain	same program	rust_1.13.1_default-caps-simdna	measured	pinned	1	stddev_ns	99.815462	112	1.0000	0	0		
rank_no	level-context	(set)	short-subject-search	plain	same program	rust_1.13.1_default-caps-simdna	measured	pinned	1	ratio_vs_baseline	1.000000	112	1.0000	0	0		
rank_no	level-context	(set)	short-subject-search	plain	same program	rust_1.13.1_default-caps-simdna	measured	pinned	1	ratio_vs_best	1.000000	112	1.0000	0	0		
baseline_no	stack-frame	(set)	large-subject-throughput			rust_1.13.1_default-caps-simdna				baseline_identity	row-best-fallback					rust_1.13.1_default-caps-simdna (row-best fallback -- interp absent from this group)	
rank_no	stack-frame	(set)	large-subject-throughput	plain	same program	rust_1.13.1_default-caps-simdna	measured	pinned	1	median_ns	550473.075163	12	1.0000	0	0		
rank_no	stack-frame	(set)	large-subject-throughput	plain	same program	rust_1.13.1_default-caps-simdna	measured	pinned	1	min_ns	550151.607843	12	1.0000	0	0		
rank_no	stack-frame	(set)	large-subject-throughput	plain	same program	rust_1.13.1_default-caps-simdna	measured	pinned	1	max_ns	668377.326797	12	1.0000	0	0		
rank_no	stack-frame	(set)	large-subject-throughput	plain	same program	rust_1.13.1_default-caps-simdna	measured	pinned	1	stddev_ns	47080.086587	12	1.0000	0	0		
rank_no	stack-frame	(set)	large-subject-throughput	plain	same program	rust_1.13.1_default-caps-simdna	measured	pinned	1	ratio_vs_baseline	1.000000	12	1.0000	0	0		
rank_no	stack-frame	(set)	large-subject-throughput	plain	same program	rust_1.13.1_default-caps-simdna	measured	pinned	1	ratio_vs_best	1.000000	12	1.0000	0	0		
baseline_no	stack-frame	(set)	short-subject-search			rust_1.13.1_default-caps-simdna				baseline_identity	row-best-fallback					rust_1.13.1_default-caps-simdna (row-best fallback -- interp absent from this group)	
rank_no	stack-frame	(set)	short-subject-search	plain	same program	rust_1.13.1_default-caps-simdna	measured	pinned	1	median_ns	12891.368093	112	1.0000	0	0		
rank_no	stack-frame	(set)	short-subject-search	plain	same program	rust_1.13.1_default-caps-simdna	measured	pinned	1	min_ns	12860.390388	112	1.0000	0	0		
rank_no	stack-frame	(set)	short-subject-search	plain	same program	rust_1.13.1_default-caps-simdna	measured	pinned	1	max_ns	13161.090349	112	1.0000	0	0		
rank_no	stack-frame	(set)	short-subject-search	plain	same program	rust_1.13.1_default-caps-simdna	measured	pinned	1	stddev_ns	112.318253	112	1.0000	0	0		
rank_no	stack-frame	(set)	short-subject-search	plain	same program	rust_1.13.1_default-caps-simdna	measured	pinned	1	ratio_vs_baseline	1.000000	112	1.0000	0	0		
rank_no	stack-frame	(set)	short-subject-search	plain	same program	rust_1.13.1_default-caps-simdna	measured	pinned	1	ratio_vs_best	1.000000	112	1.0000	0	0		
baseline_no	uuid	(set)	large-subject-throughput			rust_1.13.1_default-caps-simdna				baseline_identity	row-best-fallback					rust_1.13.1_default-caps-simdna (row-best fallback -- interp absent from this group)	
rank_no	uuid	(set)	large-subject-throughput	plain	same program	rust_1.13.1_default-caps-simdna	measured	pinned	1	median_ns	6148513.377358	12	1.0000	0	0		
rank_no	uuid	(set)	large-subject-throughput	plain	same program	rust_1.13.1_default-caps-simdna	measured	pinned	1	min_ns	6132788.647799	12	1.0000	0	0		
rank_no	uuid	(set)	large-subject-throughput	plain	same program	rust_1.13.1_default-caps-simdna	measured	pinned	1	max_ns	6180453.515723	12	1.0000	0	0		
rank_no	uuid	(set)	large-subject-throughput	plain	same program	rust_1.13.1_default-caps-simdna	measured	pinned	1	stddev_ns	16032.148330	12	1.0000	0	0		
rank_no	uuid	(set)	large-subject-throughput	plain	same program	rust_1.13.1_default-caps-simdna	measured	pinned	1	ratio_vs_baseline	1.000000	12	1.0000	0	0		
rank_no	uuid	(set)	large-subject-throughput	plain	same program	rust_1.13.1_default-caps-simdna	measured	pinned	1	ratio_vs_best	1.000000	12	1.0000	0	0		
baseline_no	uuid	(set)	short-subject-search			rust_1.13.1_default-caps-simdna				baseline_identity	row-best-fallback					rust_1.13.1_default-caps-simdna (row-best fallback -- interp absent from this group)	
rank_no	uuid	(set)	short-subject-search	plain	same program	rust_1.13.1_default-caps-simdna	measured	pinned	1	median_ns	292934.195827	112	1.0000	0	0		
rank_no	uuid	(set)	short-subject-search	plain	same program	rust_1.13.1_default-caps-simdna	measured	pinned	1	min_ns	292840.792111	112	1.0000	0	0		
rank_no	uuid	(set)	short-subject-search	plain	same program	rust_1.13.1_default-caps-simdna	measured	pinned	1	max_ns	293640.190379	112	1.0000	0	0		
rank_no	uuid	(set)	short-subject-search	plain	same program	rust_1.13.1_default-caps-simdna	measured	pinned	1	stddev_ns	289.881822	112	1.0000	0	0		
rank_no	uuid	(set)	short-subject-search	plain	same program	rust_1.13.1_default-caps-simdna	measured	pinned	1	ratio_vs_baseline	1.000000	112	1.0000	0	0		
rank_no	uuid	(set)	short-subject-search	plain	same program	rust_1.13.1_default-caps-simdna	measured	pinned	1	ratio_vs_best	1.000000	112	1.0000	0	0		
baseline	bignum	(set)	large-subject-throughput			libpcre2_10.46_interp-caps-simdna				baseline_identity	interp					libpcre2_10.46_interp-caps-simdna (interp, present in this group)	
rank	bignum	(set)	large-subject-throughput	plain	same program	libpcre2_10.46_jit-caps-simdna	measured	pinned	1	median_ns	11382589.670732	12	1.0000	0	0		
rank	bignum	(set)	large-subject-throughput	plain	same program	libpcre2_10.46_jit-caps-simdna	measured	pinned	1	min_ns	11358255.402439	12	1.0000	0	0		
rank	bignum	(set)	large-subject-throughput	plain	same program	libpcre2_10.46_jit-caps-simdna	measured	pinned	1	max_ns	11389777.158537	12	1.0000	0	0		
rank	bignum	(set)	large-subject-throughput	plain	same program	libpcre2_10.46_jit-caps-simdna	measured	pinned	1	stddev_ns	11462.816169	12	1.0000	0	0		
rank	bignum	(set)	large-subject-throughput	plain	same program	libpcre2_10.46_jit-caps-simdna	measured	pinned	1	ratio_vs_baseline	0.196662	12	1.0000	0	0		
rank	bignum	(set)	large-subject-throughput	plain	same program	libpcre2_10.46_jit-caps-simdna	measured	pinned	1	ratio_vs_best	1.000000	12	1.0000	0	0		
rank	bignum	(set)	large-subject-throughput	plain	same program	pcrec_fc719ca4_auto-caps-simdna_noedge	measured	pinned	2	median_ns	13190820.106061	12	1.0000	0	0		
rank	bignum	(set)	large-subject-throughput	plain	same program	pcrec_fc719ca4_auto-caps-simdna_noedge	measured	pinned	2	min_ns	13152491.257576	12	1.0000	0	0		
rank	bignum	(set)	large-subject-throughput	plain	same program	pcrec_fc719ca4_auto-caps-simdna_noedge	measured	pinned	2	max_ns	13203000.787879	12	1.0000	0	0		
rank	bignum	(set)	large-subject-throughput	plain	same program	pcrec_fc719ca4_auto-caps-simdna_noedge	measured	pinned	2	stddev_ns	19240.970316	12	1.0000	0	0		
rank	bignum	(set)	large-subject-throughput	plain	same program	pcrec_fc719ca4_auto-caps-simdna_noedge	measured	pinned	2	ratio_vs_baseline	0.227904	12	1.0000	0	0		
rank	bignum	(set)	large-subject-throughput	plain	same program	pcrec_fc719ca4_auto-caps-simdna_noedge	measured	pinned	2	ratio_vs_best	1.158859	12	1.0000	0	0		
rank	bignum	(set)	large-subject-throughput	plain	same program	pcrec_fc719ca4_auto-caps-simdna	measured	pinned	3	median_ns	13192391.358209	12	1.0000	0	0		
rank	bignum	(set)	large-subject-throughput	plain	same program	pcrec_fc719ca4_auto-caps-simdna	measured	pinned	3	min_ns	12988772.223881	12	1.0000	0	0		
rank	bignum	(set)	large-subject-throughput	plain	same program	pcrec_fc719ca4_auto-caps-simdna	measured	pinned	3	max_ns	13197929.910448	12	1.0000	0	0		
rank	bignum	(set)	large-subject-throughput	plain	same program	pcrec_fc719ca4_auto-caps-simdna	measured	pinned	3	stddev_ns	82139.391809	12	1.0000	0	0		
rank	bignum	(set)	large-subject-throughput	plain	same program	pcrec_fc719ca4_auto-caps-simdna	measured	pinned	3	ratio_vs_baseline	0.227931	12	1.0000	0	0		
rank	bignum	(set)	large-subject-throughput	plain	same program	pcrec_fc719ca4_auto-caps-simdna	measured	pinned	3	ratio_vs_best	1.158997	12	1.0000	0	0		
rank	bignum	(set)	large-subject-throughput	plain	same program	rust_1.13.1_default-caps-simdna	measured	pinned	4	median_ns	17744002.254237	12	1.0000	0	0		
rank	bignum	(set)	large-subject-throughput	plain	same program	rust_1.13.1_default-caps-simdna	measured	pinned	4	min_ns	17718973.355932	12	1.0000	0	0		
rank	bignum	(set)	large-subject-throughput	plain	same program	rust_1.13.1_default-caps-simdna	measured	pinned	4	max_ns	19010549.474576	12	1.0000	0	0		
rank	bignum	(set)	large-subject-throughput	plain	same program	rust_1.13.1_default-caps-simdna	measured	pinned	4	stddev_ns	509059.555189	12	1.0000	0	0		
rank	bignum	(set)	large-subject-throughput	plain	same program	rust_1.13.1_default-caps-simdna	measured	pinned	4	ratio_vs_baseline	0.306572	12	1.0000	0	0		
rank	bignum	(set)	large-subject-throughput	plain	same program	rust_1.13.1_default-caps-simdna	measured	pinned	4	ratio_vs_best	1.558872	12	1.0000	0	0		
rank	bignum	(set)	large-subject-throughput	plain	same program	libpcre2_10.46_interp-caps-simdna	measured	pinned	5	median_ns	57878835.000000	12	1.0000	0	0		
rank	bignum	(set)	large-subject-throughput	plain	same program	libpcre2_10.46_interp-caps-simdna	measured	pinned	5	min_ns	57794557.866667	12	1.0000	0	0		
rank	bignum	(set)	large-subject-throughput	plain	same program	libpcre2_10.46_interp-caps-simdna	measured	pinned	5	max_ns	58075503.400000	12	1.0000	0	0		
rank	bignum	(set)	large-subject-throughput	plain	same program	libpcre2_10.46_interp-caps-simdna	measured	pinned	5	stddev_ns	103320.758894	12	1.0000	0	0		
rank	bignum	(set)	large-subject-throughput	plain	same program	libpcre2_10.46_interp-caps-simdna	measured	pinned	5	ratio_vs_baseline	1.000000	12	1.0000	0	0		
rank	bignum	(set)	large-subject-throughput	plain	same program	libpcre2_10.46_interp-caps-simdna	measured	pinned	5	ratio_vs_best	5.084856	12	1.0000	0	0		
baseline	bignum	(set)	short-subject-search			libpcre2_10.46_interp-caps-simdna				baseline_identity	interp					libpcre2_10.46_interp-caps-simdna (interp, present in this group)	
rank	bignum	(set)	short-subject-search	plain	same program	libpcre2_10.46_jit-caps-simdna	measured	pinned	1	median_ns	395913.648097	112	1.0000	0	0		
rank	bignum	(set)	short-subject-search	plain	same program	libpcre2_10.46_jit-caps-simdna	measured	pinned	1	min_ns	393751.781507	112	1.0000	0	0		
rank	bignum	(set)	short-subject-search	plain	same program	libpcre2_10.46_jit-caps-simdna	measured	pinned	1	max_ns	396496.751045	112	1.0000	0	0		
rank	bignum	(set)	short-subject-search	plain	same program	libpcre2_10.46_jit-caps-simdna	measured	pinned	1	stddev_ns	1004.478834	112	1.0000	0	0		
rank	bignum	(set)	short-subject-search	plain	same program	libpcre2_10.46_jit-caps-simdna	measured	pinned	1	ratio_vs_baseline	0.175936	112	1.0000	0	0		
rank	bignum	(set)	short-subject-search	plain	same program	libpcre2_10.46_jit-caps-simdna	measured	pinned	1	ratio_vs_best	1.000000	112	1.0000	0	0		
rank	bignum	(set)	short-subject-search	plain	same program	pcrec_fc719ca4_auto-caps-simdna	measured	pinned	2	median_ns	430277.218281	112	1.0000	0	0		
rank	bignum	(set)	short-subject-search	plain	same program	pcrec_fc719ca4_auto-caps-simdna	measured	pinned	2	min_ns	428901.595994	112	1.0000	0	0		
rank	bignum	(set)	short-subject-search	plain	same program	pcrec_fc719ca4_auto-caps-simdna	measured	pinned	2	max_ns	434019.673145	112	1.0000	0	0		
rank	bignum	(set)	short-subject-search	plain	same program	pcrec_fc719ca4_auto-caps-simdna	measured	pinned	2	stddev_ns	1788.937733	112	1.0000	0	0		
rank	bignum	(set)	short-subject-search	plain	same program	pcrec_fc719ca4_auto-caps-simdna	measured	pinned	2	ratio_vs_baseline	0.191206	112	1.0000	0	0		
rank	bignum	(set)	short-subject-search	plain	same program	pcrec_fc719ca4_auto-caps-simdna	measured	pinned	2	ratio_vs_best	1.086796	112	1.0000	0	0		
rank	bignum	(set)	short-subject-search	plain	same program	pcrec_fc719ca4_auto-caps-simdna_noedge	measured	pinned	3	median_ns	432256.409081	112	1.0000	0	0		
rank	bignum	(set)	short-subject-search	plain	same program	pcrec_fc719ca4_auto-caps-simdna_noedge	measured	pinned	3	min_ns	424810.194280	112	1.0000	0	0		
rank	bignum	(set)	short-subject-search	plain	same program	pcrec_fc719ca4_auto-caps-simdna_noedge	measured	pinned	3	max_ns	433924.756921	112	1.0000	0	0		
rank	bignum	(set)	short-subject-search	plain	same program	pcrec_fc719ca4_auto-caps-simdna_noedge	measured	pinned	3	stddev_ns	3449.281089	112	1.0000	0	0		
rank	bignum	(set)	short-subject-search	plain	same program	pcrec_fc719ca4_auto-caps-simdna_noedge	measured	pinned	3	ratio_vs_baseline	0.192086	112	1.0000	0	0		
rank	bignum	(set)	short-subject-search	plain	same program	pcrec_fc719ca4_auto-caps-simdna_noedge	measured	pinned	3	ratio_vs_best	1.091795	112	1.0000	0	0		
rank	bignum	(set)	short-subject-search	plain	same program	rust_1.13.1_default-caps-simdna	measured	pinned	4	median_ns	725435.508311	112	1.0000	0	0		
rank	bignum	(set)	short-subject-search	plain	same program	rust_1.13.1_default-caps-simdna	measured	pinned	4	min_ns	723907.880791	112	1.0000	0	0		
rank	bignum	(set)	short-subject-search	plain	same program	rust_1.13.1_default-caps-simdna	measured	pinned	4	max_ns	726985.269204	112	1.0000	0	0		
rank	bignum	(set)	short-subject-search	plain	same program	rust_1.13.1_default-caps-simdna	measured	pinned	4	stddev_ns	1103.994901	112	1.0000	0	0		
rank	bignum	(set)	short-subject-search	plain	same program	rust_1.13.1_default-caps-simdna	measured	pinned	4	ratio_vs_baseline	0.322368	112	1.0000	0	0		
rank	bignum	(set)	short-subject-search	plain	same program	rust_1.13.1_default-caps-simdna	measured	pinned	4	ratio_vs_best	1.832307	112	1.0000	0	0		
rank	bignum	(set)	short-subject-search	plain	same program	libpcre2_10.46_interp-caps-simdna	measured	pinned	5	median_ns	2250332.922988	112	1.0000	0	0		
rank	bignum	(set)	short-subject-search	plain	same program	libpcre2_10.46_interp-caps-simdna	measured	pinned	5	min_ns	2243652.571222	112	1.0000	0	0		
rank	bignum	(set)	short-subject-search	plain	same program	libpcre2_10.46_interp-caps-simdna	measured	pinned	5	max_ns	2739686.144760	112	1.0000	0	0		
rank	bignum	(set)	short-subject-search	plain	same program	libpcre2_10.46_interp-caps-simdna	measured	pinned	5	stddev_ns	196086.771387	112	1.0000	0	0		
rank	bignum	(set)	short-subject-search	plain	same program	libpcre2_10.46_interp-caps-simdna	measured	pinned	5	ratio_vs_baseline	1.000000	112	1.0000	0	0		
rank	bignum	(set)	short-subject-search	plain	same program	libpcre2_10.46_interp-caps-simdna	measured	pinned	5	ratio_vs_best	5.683898	112	1.0000	0	0		
baseline	floor	(set)	large-subject-throughput			libpcre2_10.46_interp-caps-simdna				baseline_identity	interp					libpcre2_10.46_interp-caps-simdna (interp, present in this group)	
rank	floor	(set)	large-subject-throughput	plain	same program	pcrec_fc719ca4_auto-caps-simdna	measured	pinned	1	median_ns	2964776.217557	12	1.0000	0	0		
rank	floor	(set)	large-subject-throughput	plain	same program	pcrec_fc719ca4_auto-caps-simdna	measured	pinned	1	min_ns	2954269.545802	12	1.0000	0	0		
rank	floor	(set)	large-subject-throughput	plain	same program	pcrec_fc719ca4_auto-caps-simdna	measured	pinned	1	max_ns	2968779.442748	12	1.0000	0	0		
rank	floor	(set)	large-subject-throughput	plain	same program	pcrec_fc719ca4_auto-caps-simdna	measured	pinned	1	stddev_ns	5812.549949	12	1.0000	0	0		
rank	floor	(set)	large-subject-throughput	plain	same program	pcrec_fc719ca4_auto-caps-simdna	measured	pinned	1	ratio_vs_baseline	0.203990	12	1.0000	0	0		
rank	floor	(set)	large-subject-throughput	plain	same program	pcrec_fc719ca4_auto-caps-simdna	measured	pinned	1	ratio_vs_best	1.000000	12	1.0000	0	0		
rank	floor	(set)	large-subject-throughput	plain	same program	pcrec_fc719ca4_auto-caps-simdna_noedge	measured	pinned	2	median_ns	2965431.531365	12	1.0000	0	0		
rank	floor	(set)	large-subject-throughput	plain	same program	pcrec_fc719ca4_auto-caps-simdna_noedge	measured	pinned	2	min_ns	2961898.180812	12	1.0000	0	0		
rank	floor	(set)	large-subject-throughput	plain	same program	pcrec_fc719ca4_auto-caps-simdna_noedge	measured	pinned	2	max_ns	2969600.918819	12	1.0000	0	0		
rank	floor	(set)	large-subject-throughput	plain	same program	pcrec_fc719ca4_auto-caps-simdna_noedge	measured	pinned	2	stddev_ns	2560.067194	12	1.0000	0	0		
rank	floor	(set)	large-subject-throughput	plain	same program	pcrec_fc719ca4_auto-caps-simdna_noedge	measured	pinned	2	ratio_vs_baseline	0.204035	12	1.0000	0	0		
rank	floor	(set)	large-subject-throughput	plain	same program	pcrec_fc719ca4_auto-caps-simdna_noedge	measured	pinned	2	ratio_vs_best	1.000221	12	1.0000	0	0		
rank	floor	(set)	large-subject-throughput	plain	same program	rust_1.13.1_default-caps-simdna	measured	pinned	3	median_ns	4168307.092683	12	1.0000	0	0		
rank	floor	(set)	large-subject-throughput	plain	same program	rust_1.13.1_default-caps-simdna	measured	pinned	3	min_ns	4164827.429268	12	1.0000	0	0		
rank	floor	(set)	large-subject-throughput	plain	same program	rust_1.13.1_default-caps-simdna	measured	pinned	3	max_ns	4171492.287805	12	1.0000	0	0		
rank	floor	(set)	large-subject-throughput	plain	same program	rust_1.13.1_default-caps-simdna	measured	pinned	3	stddev_ns	2221.689318	12	1.0000	0	0		
rank	floor	(set)	large-subject-throughput	plain	same program	rust_1.13.1_default-caps-simdna	measured	pinned	3	ratio_vs_baseline	0.286798	12	1.0000	0	0		
rank	floor	(set)	large-subject-throughput	plain	same program	rust_1.13.1_default-caps-simdna	measured	pinned	3	ratio_vs_best	1.405943	12	1.0000	0	0		
rank	floor	(set)	large-subject-throughput	plain	same program	libpcre2_10.46_jit-caps-simdna	measured	pinned	4	median_ns	6679229.808333	12	1.0000	0	0		
rank	floor	(set)	large-subject-throughput	plain	same program	libpcre2_10.46_jit-caps-simdna	measured	pinned	4	min_ns	6646712.608333	12	1.0000	0	0		
rank	floor	(set)	large-subject-throughput	plain	same program	libpcre2_10.46_jit-caps-simdna	measured	pinned	4	max_ns	7365085.825000	12	1.0000	0	0		
rank	floor	(set)	large-subject-throughput	plain	same program	libpcre2_10.46_jit-caps-simdna	measured	pinned	4	stddev_ns	272133.552491	12	1.0000	0	0		
rank	floor	(set)	large-subject-throughput	plain	same program	libpcre2_10.46_jit-caps-simdna	measured	pinned	4	ratio_vs_baseline	0.459560	12	1.0000	0	0		
rank	floor	(set)	large-subject-throughput	plain	same program	libpcre2_10.46_jit-caps-simdna	measured	pinned	4	ratio_vs_best	2.252861	12	1.0000	0	0		
rank	floor	(set)	large-subject-throughput	plain	same program	libpcre2_10.46_interp-caps-simdna	measured	pinned	5	median_ns	14533959.070175	12	1.0000	0	0		
rank	floor	(set)	large-subject-throughput	plain	same program	libpcre2_10.46_interp-caps-simdna	measured	pinned	5	min_ns	14361041.385965	12	1.0000	0	0		
rank	floor	(set)	large-subject-throughput	plain	same program	libpcre2_10.46_interp-caps-simdna	measured	pinned	5	max_ns	14749243.175439	12	1.0000	0	0		
rank	floor	(set)	large-subject-throughput	plain	same program	libpcre2_10.46_interp-caps-simdna	measured	pinned	5	stddev_ns	130640.420849	12	1.0000	0	0		
rank	floor	(set)	large-subject-throughput	plain	same program	libpcre2_10.46_interp-caps-simdna	measured	pinned	5	ratio_vs_baseline	1.000000	12	1.0000	0	0		
rank	floor	(set)	large-subject-throughput	plain	same program	libpcre2_10.46_interp-caps-simdna	measured	pinned	5	ratio_vs_best	4.902211	12	1.0000	0	0		
baseline	floor	(set)	short-subject-search			libpcre2_10.46_interp-caps-simdna				baseline_identity	interp					libpcre2_10.46_interp-caps-simdna (interp, present in this group)	
rank	floor	(set)	short-subject-search	plain	same program	pcrec_fc719ca4_auto-caps-simdna_noedge	measured	pinned	1	median_ns	2027.762869	112	1.0000	0	0		
rank	floor	(set)	short-subject-search	plain	same program	pcrec_fc719ca4_auto-caps-simdna_noedge	measured	pinned	1	min_ns	2022.535973	112	1.0000	0	0		
rank	floor	(set)	short-subject-search	plain	same program	pcrec_fc719ca4_auto-caps-simdna_noedge	measured	pinned	1	max_ns	2031.798429	112	1.0000	0	0		
rank	floor	(set)	short-subject-search	plain	same program	pcrec_fc719ca4_auto-caps-simdna_noedge	measured	pinned	1	stddev_ns	3.037215	112	1.0000	0	0		
rank	floor	(set)	short-subject-search	plain	same program	pcrec_fc719ca4_auto-caps-simdna_noedge	measured	pinned	1	ratio_vs_baseline	0.178496	112	1.0000	0	0		
rank	floor	(set)	short-subject-search	plain	same program	pcrec_fc719ca4_auto-caps-simdna_noedge	measured	pinned	1	ratio_vs_best	1.000000	112	1.0000	0	0		
rank	floor	(set)	short-subject-search	plain	same program	pcrec_fc719ca4_auto-caps-simdna	measured	pinned	2	median_ns	2029.103333	112	1.0000	0	0		
rank	floor	(set)	short-subject-search	plain	same program	pcrec_fc719ca4_auto-caps-simdna	measured	pinned	2	min_ns	2025.433502	112	1.0000	0	0		
rank	floor	(set)	short-subject-search	plain	same program	pcrec_fc719ca4_auto-caps-simdna	measured	pinned	2	max_ns	2049.093650	112	1.0000	0	0		
rank	floor	(set)	short-subject-search	plain	same program	pcrec_fc719ca4_auto-caps-simdna	measured	pinned	2	stddev_ns	10.841093	112	1.0000	0	0		
rank	floor	(set)	short-subject-search	plain	same program	pcrec_fc719ca4_auto-caps-simdna	measured	pinned	2	ratio_vs_baseline	0.178614	112	1.0000	0	0		
rank	floor	(set)	short-subject-search	plain	same program	pcrec_fc719ca4_auto-caps-simdna	measured	pinned	2	ratio_vs_best	1.000661	112	1.0000	0	0		
rank	floor	(set)	short-subject-search	plain	same program	libpcre2_10.46_jit-caps-simdna	measured	pinned	3	median_ns	4976.571523	112	1.0000	0	0		
rank	floor	(set)	short-subject-search	plain	same program	libpcre2_10.46_jit-caps-simdna	measured	pinned	3	min_ns	4915.868949	112	1.0000	0	0		
rank	floor	(set)	short-subject-search	plain	same program	libpcre2_10.46_jit-caps-simdna	measured	pinned	3	max_ns	5683.164091	112	1.0000	0	0		
rank	floor	(set)	short-subject-search	plain	same program	libpcre2_10.46_jit-caps-simdna	measured	pinned	3	stddev_ns	298.852714	112	1.0000	0	0		
rank	floor	(set)	short-subject-search	plain	same program	libpcre2_10.46_jit-caps-simdna	measured	pinned	3	ratio_vs_baseline	0.438069	112	1.0000	0	0		
rank	floor	(set)	short-subject-search	plain	same program	libpcre2_10.46_jit-caps-simdna	measured	pinned	3	ratio_vs_best	2.454218	112	1.0000	0	0		
rank	floor	(set)	short-subject-search	plain	same program	rust_1.13.1_default-caps-simdna	measured	pinned	4	median_ns	8061.097033	112	1.0000	0	0		
rank	floor	(set)	short-subject-search	plain	same program	rust_1.13.1_default-caps-simdna	measured	pinned	4	min_ns	8046.198197	112	1.0000	0	0		
rank	floor	(set)	short-subject-search	plain	same program	rust_1.13.1_default-caps-simdna	measured	pinned	4	max_ns	8068.164077	112	1.0000	0	0		
rank	floor	(set)	short-subject-search	plain	same program	rust_1.13.1_default-caps-simdna	measured	pinned	4	stddev_ns	7.925818	112	1.0000	0	0		
rank	floor	(set)	short-subject-search	plain	same program	rust_1.13.1_default-caps-simdna	measured	pinned	4	ratio_vs_baseline	0.709589	112	1.0000	0	0		
rank	floor	(set)	short-subject-search	plain	same program	rust_1.13.1_default-caps-simdna	measured	pinned	4	ratio_vs_best	3.975365	112	1.0000	0	0		
rank	floor	(set)	short-subject-search	plain	same program	libpcre2_10.46_interp-caps-simdna	measured	pinned	5	median_ns	11360.240484	112	1.0000	0	0		
rank	floor	(set)	short-subject-search	plain	same program	libpcre2_10.46_interp-caps-simdna	measured	pinned	5	min_ns	10972.331570	112	1.0000	0	0		
rank	floor	(set)	short-subject-search	plain	same program	libpcre2_10.46_interp-caps-simdna	measured	pinned	5	max_ns	11577.511339	112	1.0000	0	0		
rank	floor	(set)	short-subject-search	plain	same program	libpcre2_10.46_interp-caps-simdna	measured	pinned	5	stddev_ns	226.064231	112	1.0000	0	0		
rank	floor	(set)	short-subject-search	plain	same program	libpcre2_10.46_interp-caps-simdna	measured	pinned	5	ratio_vs_baseline	1.000000	112	1.0000	0	0		
rank	floor	(set)	short-subject-search	plain	same program	libpcre2_10.46_interp-caps-simdna	measured	pinned	5	ratio_vs_best	5.602352	112	1.0000	0	0		
baseline	hex32-id	(set)	large-subject-throughput			libpcre2_10.46_interp-caps-simdna				baseline_identity	interp					libpcre2_10.46_interp-caps-simdna (interp, present in this group)	
rank	hex32-id	(set)	large-subject-throughput	plain	same program	rust_1.13.1_default-caps-simdna	measured	pinned	1	median_ns	7465417.411765	12	1.0000	0	0		
rank	hex32-id	(set)	large-subject-throughput	plain	same program	rust_1.13.1_default-caps-simdna	measured	pinned	1	min_ns	7461275.019608	12	1.0000	0	0		
rank	hex32-id	(set)	large-subject-throughput	plain	same program	rust_1.13.1_default-caps-simdna	measured	pinned	1	max_ns	7467243.607843	12	1.0000	0	0		
rank	hex32-id	(set)	large-subject-throughput	plain	same program	rust_1.13.1_default-caps-simdna	measured	pinned	1	stddev_ns	2132.534818	12	1.0000	0	0		
rank	hex32-id	(set)	large-subject-throughput	plain	same program	rust_1.13.1_default-caps-simdna	measured	pinned	1	ratio_vs_baseline	0.077011	12	1.0000	0	0		
rank	hex32-id	(set)	large-subject-throughput	plain	same program	rust_1.13.1_default-caps-simdna	measured	pinned	1	ratio_vs_best	1.000000	12	1.0000	0	0		
rank	hex32-id	(set)	large-subject-throughput	plain	same program	pcrec_fc719ca4_auto-caps-simdna_noedge	measured	pinned	2	median_ns	13171573.462687	12	1.0000	0	0		
rank	hex32-id	(set)	large-subject-throughput	plain	same program	pcrec_fc719ca4_auto-caps-simdna_noedge	measured	pinned	2	min_ns	12968022.492537	12	1.0000	0	0		
rank	hex32-id	(set)	large-subject-throughput	plain	same program	pcrec_fc719ca4_auto-caps-simdna_noedge	measured	pinned	2	max_ns	13177360.522388	12	1.0000	0	0		
rank	hex32-id	(set)	large-subject-throughput	plain	same program	pcrec_fc719ca4_auto-caps-simdna_noedge	measured	pinned	2	stddev_ns	89931.468441	12	1.0000	0	0		
rank	hex32-id	(set)	large-subject-throughput	plain	same program	pcrec_fc719ca4_auto-caps-simdna_noedge	measured	pinned	2	ratio_vs_baseline	0.135874	12	1.0000	0	0		
rank	hex32-id	(set)	large-subject-throughput	plain	same program	pcrec_fc719ca4_auto-caps-simdna_noedge	measured	pinned	2	ratio_vs_best	1.764345	12	1.0000	0	0		
rank	hex32-id	(set)	large-subject-throughput	plain	same program	pcrec_fc719ca4_auto-caps-simdna	measured	pinned	3	median_ns	13179275.477612	12	1.0000	0	0		
rank	hex32-id	(set)	large-subject-throughput	plain	same program	pcrec_fc719ca4_auto-caps-simdna	measured	pinned	3	min_ns	13145253.507463	12	1.0000	0	0		
rank	hex32-id	(set)	large-subject-throughput	plain	same program	pcrec_fc719ca4_auto-caps-simdna	measured	pinned	3	max_ns	13181421.014925	12	1.0000	0	0		
rank	hex32-id	(set)	large-subject-throughput	plain	same program	pcrec_fc719ca4_auto-caps-simdna	measured	pinned	3	stddev_ns	13576.545067	12	1.0000	0	0		
rank	hex32-id	(set)	large-subject-throughput	plain	same program	pcrec_fc719ca4_auto-caps-simdna	measured	pinned	3	ratio_vs_baseline	0.135953	12	1.0000	0	0		
rank	hex32-id	(set)	large-subject-throughput	plain	same program	pcrec_fc719ca4_auto-caps-simdna	measured	pinned	3	ratio_vs_best	1.765377	12	1.0000	0	0		
rank	hex32-id	(set)	large-subject-throughput	plain	same program	libpcre2_10.46_jit-caps-simdna	measured	pinned	4	median_ns	15348645.754098	12	1.0000	0	0		
rank	hex32-id	(set)	large-subject-throughput	plain	same program	libpcre2_10.46_jit-caps-simdna	measured	pinned	4	min_ns	15334063.393443	12	1.0000	0	0		
rank	hex32-id	(set)	large-subject-throughput	plain	same program	libpcre2_10.46_jit-caps-simdna	measured	pinned	4	max_ns	15432218.081967	12	1.0000	0	0		
rank	hex32-id	(set)	large-subject-throughput	plain	same program	libpcre2_10.46_jit-caps-simdna	measured	pinned	4	stddev_ns	36932.464816	12	1.0000	0	0		
rank	hex32-id	(set)	large-subject-throughput	plain	same program	libpcre2_10.46_jit-caps-simdna	measured	pinned	4	ratio_vs_baseline	0.158332	12	1.0000	0	0		
rank	hex32-id	(set)	large-subject-throughput	plain	same program	libpcre2_10.46_jit-caps-simdna	measured	pinned	4	ratio_vs_best	2.055966	12	1.0000	0	0		
rank	hex32-id	(set)	large-subject-throughput	plain	same program	libpcre2_10.46_interp-caps-simdna	measured	pinned	5	median_ns	96939827.888889	12	1.0000	0	0		
rank	hex32-id	(set)	large-subject-throughput	plain	same program	libpcre2_10.46_interp-caps-simdna	measured	pinned	5	min_ns	96766693.444444	12	1.0000	0	0		
rank	hex32-id	(set)	large-subject-throughput	plain	same program	libpcre2_10.46_interp-caps-simdna	measured	pinned	5	max_ns	97026123.666667	12	1.0000	0	0		
rank	hex32-id	(set)	large-subject-throughput	plain	same program	libpcre2_10.46_interp-caps-simdna	measured	pinned	5	stddev_ns	84787.911678	12	1.0000	0	0		
rank	hex32-id	(set)	large-subject-throughput	plain	same program	libpcre2_10.46_interp-caps-simdna	measured	pinned	5	ratio_vs_baseline	1.000000	12	1.0000	0	0		
rank	hex32-id	(set)	large-subject-throughput	plain	same program	libpcre2_10.46_interp-caps-simdna	measured	pinned	5	ratio_vs_best	12.985185	12	1.0000	0	0		
baseline	hex32-id	(set)	short-subject-search			libpcre2_10.46_interp-caps-simdna				baseline_identity	interp					libpcre2_10.46_interp-caps-simdna (interp, present in this group)	
rank	hex32-id	(set)	short-subject-search	plain	same program	rust_1.13.1_default-caps-simdna	measured	pinned	1	median_ns	294679.269714	112	1.0000	0	0		
rank	hex32-id	(set)	short-subject-search	plain	same program	rust_1.13.1_default-caps-simdna	measured	pinned	1	min_ns	294642.410188	112	1.0000	0	0		
rank	hex32-id	(set)	short-subject-search	plain	same program	rust_1.13.1_default-caps-simdna	measured	pinned	1	max_ns	294821.023150	112	1.0000	0	0		
rank	hex32-id	(set)	short-subject-search	plain	same program	rust_1.13.1_default-caps-simdna	measured	pinned	1	stddev_ns	71.066432	112	1.0000	0	0		
rank	hex32-id	(set)	short-subject-search	plain	same program	rust_1.13.1_default-caps-simdna	measured	pinned	1	ratio_vs_baseline	0.080490	112	1.0000	0	0		
rank	hex32-id	(set)	short-subject-search	plain	same program	rust_1.13.1_default-caps-simdna	measured	pinned	1	ratio_vs_best	1.000000	112	1.0000	0	0		
rank	hex32-id	(set)	short-subject-search	plain	same program	pcrec_fc719ca4_auto-caps-simdna	measured	pinned	2	median_ns	431495.030292	112	1.0000	0	0		
rank	hex32-id	(set)	short-subject-search	plain	same program	pcrec_fc719ca4_auto-caps-simdna	measured	pinned	2	min_ns	429866.840065	112	1.0000	0	0		
rank	hex32-id	(set)	short-subject-search	plain	same program	pcrec_fc719ca4_auto-caps-simdna	measured	pinned	2	max_ns	436948.892117	112	1.0000	0	0		
rank	hex32-id	(set)	short-subject-search	plain	same program	pcrec_fc719ca4_auto-caps-simdna	measured	pinned	2	stddev_ns	2518.057676	112	1.0000	0	0		
rank	hex32-id	(set)	short-subject-search	plain	same program	pcrec_fc719ca4_auto-caps-simdna	measured	pinned	2	ratio_vs_baseline	0.117860	112	1.0000	0	0		
rank	hex32-id	(set)	short-subject-search	plain	same program	pcrec_fc719ca4_auto-caps-simdna	measured	pinned	2	ratio_vs_best	1.464287	112	1.0000	0	0		
rank	hex32-id	(set)	short-subject-search	plain	same program	pcrec_fc719ca4_auto-caps-simdna_noedge	measured	pinned	3	median_ns	435456.548095	112	1.0000	0	0		
rank	hex32-id	(set)	short-subject-search	plain	same program	pcrec_fc719ca4_auto-caps-simdna_noedge	measured	pinned	3	min_ns	433976.114974	112	1.0000	0	0		
rank	hex32-id	(set)	short-subject-search	plain	same program	pcrec_fc719ca4_auto-caps-simdna_noedge	measured	pinned	3	max_ns	437575.028986	112	1.0000	0	0		
rank	hex32-id	(set)	short-subject-search	plain	same program	pcrec_fc719ca4_auto-caps-simdna_noedge	measured	pinned	3	stddev_ns	1268.907356	112	1.0000	0	0		
rank	hex32-id	(set)	short-subject-search	plain	same program	pcrec_fc719ca4_auto-caps-simdna_noedge	measured	pinned	3	ratio_vs_baseline	0.118942	112	1.0000	0	0		
rank	hex32-id	(set)	short-subject-search	plain	same program	pcrec_fc719ca4_auto-caps-simdna_noedge	measured	pinned	3	ratio_vs_best	1.477731	112	1.0000	0	0		
rank	hex32-id	(set)	short-subject-search	plain	same program	libpcre2_10.46_jit-caps-simdna	measured	pinned	4	median_ns	489992.192118	112	1.0000	0	0		
rank	hex32-id	(set)	short-subject-search	plain	same program	libpcre2_10.46_jit-caps-simdna	measured	pinned	4	min_ns	488298.584516	112	1.0000	0	0		
rank	hex32-id	(set)	short-subject-search	plain	same program	libpcre2_10.46_jit-caps-simdna	measured	pinned	4	max_ns	490250.128038	112	1.0000	0	0		
rank	hex32-id	(set)	short-subject-search	plain	same program	libpcre2_10.46_jit-caps-simdna	measured	pinned	4	stddev_ns	702.848945	112	1.0000	0	0		
rank	hex32-id	(set)	short-subject-search	plain	same program	libpcre2_10.46_jit-caps-simdna	measured	pinned	4	ratio_vs_baseline	0.133838	112	1.0000	0	0		
rank	hex32-id	(set)	short-subject-search	plain	same program	libpcre2_10.46_jit-caps-simdna	measured	pinned	4	ratio_vs_best	1.662798	112	1.0000	0	0		
rank	hex32-id	(set)	short-subject-search	plain	same program	libpcre2_10.46_interp-caps-simdna	measured	pinned	5	median_ns	3661076.024679	112	1.0000	0	0		
rank	hex32-id	(set)	short-subject-search	plain	same program	libpcre2_10.46_interp-caps-simdna	measured	pinned	5	min_ns	3660252.510365	112	1.0000	0	0		
rank	hex32-id	(set)	short-subject-search	plain	same program	libpcre2_10.46_interp-caps-simdna	measured	pinned	5	max_ns	3666490.601185	112	1.0000	0	0		
rank	hex32-id	(set)	short-subject-search	plain	same program	libpcre2_10.46_interp-caps-simdna	measured	pinned	5	stddev_ns	2467.892045	112	1.0000	0	0		
rank	hex32-id	(set)	short-subject-search	plain	same program	libpcre2_10.46_interp-caps-simdna	measured	pinned	5	ratio_vs_baseline	1.000000	112	1.0000	0	0		
rank	hex32-id	(set)	short-subject-search	plain	same program	libpcre2_10.46_interp-caps-simdna	measured	pinned	5	ratio_vs_best	12.423935	112	1.0000	0	0		
baseline	http-5xx	(set)	large-subject-throughput			libpcre2_10.46_interp-caps-simdna				baseline_identity	interp					libpcre2_10.46_interp-caps-simdna (interp, present in this group)	
rank	http-5xx	(set)	large-subject-throughput	plain	same program	pcrec_fc719ca4_auto-caps-simdna	measured	pinned	1	median_ns	285722.508326	12	1.0000	0	0		
rank	http-5xx	(set)	large-subject-throughput	plain	same program	pcrec_fc719ca4_auto-caps-simdna	measured	pinned	1	min_ns	285629.452316	12	1.0000	0	0		
rank	http-5xx	(set)	large-subject-throughput	plain	same program	pcrec_fc719ca4_auto-caps-simdna	measured	pinned	1	max_ns	288611.283076	12	1.0000	0	0		
rank	http-5xx	(set)	large-subject-throughput	plain	same program	pcrec_fc719ca4_auto-caps-simdna	measured	pinned	1	stddev_ns	1139.826462	12	1.0000	0	0		
rank	http-5xx	(set)	large-subject-throughput	plain	same program	pcrec_fc719ca4_auto-caps-simdna	measured	pinned	1	ratio_vs_baseline	0.148269	12	1.0000	0	0		
rank	http-5xx	(set)	large-subject-throughput	plain	same program	pcrec_fc719ca4_auto-caps-simdna	measured	pinned	1	ratio_vs_best	1.000000	12	1.0000	0	0		
rank	http-5xx	(set)	large-subject-throughput	plain	same program	pcrec_fc719ca4_auto-caps-simdna_noedge	measured	pinned	2	median_ns	286887.878264	12	1.0000	0	0		
rank	http-5xx	(set)	large-subject-throughput	plain	same program	pcrec_fc719ca4_auto-caps-simdna_noedge	measured	pinned	2	min_ns	286068.688525	12	1.0000	0	0		
rank	http-5xx	(set)	large-subject-throughput	plain	same program	pcrec_fc719ca4_auto-caps-simdna_noedge	measured	pinned	2	max_ns	288661.920461	12	1.0000	0	0		
rank	http-5xx	(set)	large-subject-throughput	plain	same program	pcrec_fc719ca4_auto-caps-simdna_noedge	measured	pinned	2	stddev_ns	1003.980885	12	1.0000	0	0		
rank	http-5xx	(set)	large-subject-throughput	plain	same program	pcrec_fc719ca4_auto-caps-simdna_noedge	measured	pinned	2	ratio_vs_baseline	0.148874	12	1.0000	0	0		
rank	http-5xx	(set)	large-subject-throughput	plain	same program	pcrec_fc719ca4_auto-caps-simdna_noedge	measured	pinned	2	ratio_vs_best	1.004079	12	1.0000	0	0		
rank	http-5xx	(set)	large-subject-throughput	plain	same program	rust_1.13.1_default-caps-simdna	measured	pinned	3	median_ns	443901.317308	12	1.0000	0	0		
rank	http-5xx	(set)	large-subject-throughput	plain	same program	rust_1.13.1_default-caps-simdna	measured	pinned	3	min_ns	443025.739183	12	1.0000	0	0		
rank	http-5xx	(set)	large-subject-throughput	plain	same program	rust_1.13.1_default-caps-simdna	measured	pinned	3	max_ns	445923.493990	12	1.0000	0	0		
rank	http-5xx	(set)	large-subject-throughput	plain	same program	rust_1.13.1_default-caps-simdna	measured	pinned	3	stddev_ns	1018.219165	12	1.0000	0	0		
rank	http-5xx	(set)	large-subject-throughput	plain	same program	rust_1.13.1_default-caps-simdna	measured	pinned	3	ratio_vs_baseline	0.230352	12	1.0000	0	0		
rank	http-5xx	(set)	large-subject-throughput	plain	same program	rust_1.13.1_default-caps-simdna	measured	pinned	3	ratio_vs_best	1.553610	12	1.0000	0	0		
rank	http-5xx	(set)	large-subject-throughput	plain	same program	libpcre2_10.46_interp-caps-simdna	measured	pinned	4	median_ns	1927055.766540	12	1.0000	0	0		
rank	http-5xx	(set)	large-subject-throughput	plain	same program	libpcre2_10.46_interp-caps-simdna	measured	pinned	4	min_ns	1921526.198479	12	1.0000	0	0		
rank	http-5xx	(set)	large-subject-throughput	plain	same program	libpcre2_10.46_interp-caps-simdna	measured	pinned	4	max_ns	1932635.456274	12	1.0000	0	0		
rank	http-5xx	(set)	large-subject-throughput	plain	same program	libpcre2_10.46_interp-caps-simdna	measured	pinned	4	stddev_ns	3553.829458	12	1.0000	0	0		
rank	http-5xx	(set)	large-subject-throughput	plain	same program	libpcre2_10.46_interp-caps-simdna	measured	pinned	4	ratio_vs_baseline	1.000000	12	1.0000	0	0		
rank	http-5xx	(set)	large-subject-throughput	plain	same program	libpcre2_10.46_interp-caps-simdna	measured	pinned	4	ratio_vs_best	6.744501	12	1.0000	0	0		
rank	http-5xx	(set)	large-subject-throughput	plain	same program	libpcre2_10.46_jit-caps-simdna	measured	pinned	5	median_ns	3206078.204918	12	1.0000	0	0		
rank	http-5xx	(set)	large-subject-throughput	plain	same program	libpcre2_10.46_jit-caps-simdna	measured	pinned	5	min_ns	3204454.750000	12	1.0000	0	0		
rank	http-5xx	(set)	large-subject-throughput	plain	same program	libpcre2_10.46_jit-caps-simdna	measured	pinned	5	max_ns	3211566.147541	12	1.0000	0	0		
rank	http-5xx	(set)	large-subject-throughput	plain	same program	libpcre2_10.46_jit-caps-simdna	measured	pinned	5	stddev_ns	2774.860349	12	1.0000	0	0		
rank	http-5xx	(set)	large-subject-throughput	plain	same program	libpcre2_10.46_jit-caps-simdna	measured	pinned	5	ratio_vs_baseline	1.663718	12	1.0000	0	0		
rank	http-5xx	(set)	large-subject-throughput	plain	same program	libpcre2_10.46_jit-caps-simdna	measured	pinned	5	ratio_vs_best	11.220951	12	1.0000	0	0		
baseline	http-5xx	(set)	short-subject-search			libpcre2_10.46_interp-caps-simdna				baseline_identity	interp					libpcre2_10.46_interp-caps-simdna (interp, present in this group)	
rank	http-5xx	(set)	short-subject-search	plain	same program	pcrec_fc719ca4_auto-caps-simdna	measured	pinned	1	median_ns	4958.721722	112	1.0000	0	0		
rank	http-5xx	(set)	short-subject-search	plain	same program	pcrec_fc719ca4_auto-caps-simdna	measured	pinned	1	min_ns	4949.424701	112	1.0000	0	0		
rank	http-5xx	(set)	short-subject-search	plain	same program	pcrec_fc719ca4_auto-caps-simdna	measured	pinned	1	max_ns	4962.384047	112	1.0000	0	0		
rank	http-5xx	(set)	short-subject-search	plain	same program	pcrec_fc719ca4_auto-caps-simdna	measured	pinned	1	stddev_ns	4.389966	112	1.0000	0	0		
rank	http-5xx	(set)	short-subject-search	plain	same program	pcrec_fc719ca4_auto-caps-simdna	measured	pinned	1	ratio_vs_baseline	0.087766	112	1.0000	0	0		
rank	http-5xx	(set)	short-subject-search	plain	same program	pcrec_fc719ca4_auto-caps-simdna	measured	pinned	1	ratio_vs_best	1.000000	112	1.0000	0	0		
rank	http-5xx	(set)	short-subject-search	plain	same program	pcrec_fc719ca4_auto-caps-simdna_noedge	measured	pinned	2	median_ns	5031.144710	112	1.0000	0	0		
rank	http-5xx	(set)	short-subject-search	plain	same program	pcrec_fc719ca4_auto-caps-simdna_noedge	measured	pinned	2	min_ns	5027.204837	112	1.0000	0	0		
rank	http-5xx	(set)	short-subject-search	plain	same program	pcrec_fc719ca4_auto-caps-simdna_noedge	measured	pinned	2	max_ns	5111.028226	112	1.0000	0	0		
rank	http-5xx	(set)	short-subject-search	plain	same program	pcrec_fc719ca4_auto-caps-simdna_noedge	measured	pinned	2	stddev_ns	32.499548	112	1.0000	0	0		
rank	http-5xx	(set)	short-subject-search	plain	same program	pcrec_fc719ca4_auto-caps-simdna_noedge	measured	pinned	2	ratio_vs_baseline	0.089048	112	1.0000	0	0		
rank	http-5xx	(set)	short-subject-search	plain	same program	pcrec_fc719ca4_auto-caps-simdna_noedge	measured	pinned	2	ratio_vs_best	1.014605	112	1.0000	0	0		
rank	http-5xx	(set)	short-subject-search	plain	same program	rust_1.13.1_default-caps-simdna	measured	pinned	3	median_ns	15746.826814	112	1.0000	0	0		
rank	http-5xx	(set)	short-subject-search	plain	same program	rust_1.13.1_default-caps-simdna	measured	pinned	3	min_ns	15714.869236	112	1.0000	0	0		
rank	http-5xx	(set)	short-subject-search	plain	same program	rust_1.13.1_default-caps-simdna	measured	pinned	3	max_ns	15967.946153	112	1.0000	0	0		
rank	http-5xx	(set)	short-subject-search	plain	same program	rust_1.13.1_default-caps-simdna	measured	pinned	3	stddev_ns	92.211053	112	1.0000	0	0		
rank	http-5xx	(set)	short-subject-search	plain	same program	rust_1.13.1_default-caps-simdna	measured	pinned	3	ratio_vs_baseline	0.278708	112	1.0000	0	0		
rank	http-5xx	(set)	short-subject-search	plain	same program	rust_1.13.1_default-caps-simdna	measured	pinned	3	ratio_vs_best	3.175582	112	1.0000	0	0		
rank	http-5xx	(set)	short-subject-search	plain	same program	libpcre2_10.46_interp-caps-simdna	measured	pinned	4	median_ns	56499.295491	112	1.0000	0	0		
rank	http-5xx	(set)	short-subject-search	plain	same program	libpcre2_10.46_interp-caps-simdna	measured	pinned	4	min_ns	56465.267022	112	1.0000	0	0		
rank	http-5xx	(set)	short-subject-search	plain	same program	libpcre2_10.46_interp-caps-simdna	measured	pinned	4	max_ns	56727.266729	112	1.0000	0	0		
rank	http-5xx	(set)	short-subject-search	plain	same program	libpcre2_10.46_interp-caps-simdna	measured	pinned	4	stddev_ns	103.961817	112	1.0000	0	0		
rank	http-5xx	(set)	short-subject-search	plain	same program	libpcre2_10.46_interp-caps-simdna	measured	pinned	4	ratio_vs_baseline	1.000000	112	1.0000	0	0		
rank	http-5xx	(set)	short-subject-search	plain	same program	libpcre2_10.46_interp-caps-simdna	measured	pinned	4	ratio_vs_best	11.393923	112	1.0000	0	0		
rank	http-5xx	(set)	short-subject-search	plain	same program	libpcre2_10.46_jit-caps-simdna	measured	pinned	5	median_ns	104817.480752	112	1.0000	0	0		
rank	http-5xx	(set)	short-subject-search	plain	same program	libpcre2_10.46_jit-caps-simdna	measured	pinned	5	min_ns	104787.649134	112	1.0000	0	0		
rank	http-5xx	(set)	short-subject-search	plain	same program	libpcre2_10.46_jit-caps-simdna	measured	pinned	5	max_ns	105287.129098	112	1.0000	0	0		
rank	http-5xx	(set)	short-subject-search	plain	same program	libpcre2_10.46_jit-caps-simdna	measured	pinned	5	stddev_ns	186.669983	112	1.0000	0	0		
rank	http-5xx	(set)	short-subject-search	plain	same program	libpcre2_10.46_jit-caps-simdna	measured	pinned	5	ratio_vs_baseline	1.855200	112	1.0000	0	0		
rank	http-5xx	(set)	short-subject-search	plain	same program	libpcre2_10.46_jit-caps-simdna	measured	pinned	5	ratio_vs_best	21.138004	112	1.0000	0	0		
baseline	ipv4	(set)	large-subject-throughput			libpcre2_10.46_interp-caps-simdna				baseline_identity	interp					libpcre2_10.46_interp-caps-simdna (interp, present in this group)	
rank	ipv4	(set)	large-subject-throughput	plain	same program	pcrec_fc719ca4_auto-caps-simdna	measured	pinned	1	median_ns	6942799.666667	12	1.0000	0	0		
rank	ipv4	(set)	large-subject-throughput	plain	same program	pcrec_fc719ca4_auto-caps-simdna	measured	pinned	1	min_ns	6934763.730496	12	1.0000	0	0		
rank	ipv4	(set)	large-subject-throughput	plain	same program	pcrec_fc719ca4_auto-caps-simdna	measured	pinned	1	max_ns	6963774.035461	12	1.0000	0	0		
rank	ipv4	(set)	large-subject-throughput	plain	same program	pcrec_fc719ca4_auto-caps-simdna	measured	pinned	1	stddev_ns	10175.537633	12	1.0000	0	0		
rank	ipv4	(set)	large-subject-throughput	plain	same program	pcrec_fc719ca4_auto-caps-simdna	measured	pinned	1	ratio_vs_baseline	0.034885	12	1.0000	0	0		
rank	ipv4	(set)	large-subject-throughput	plain	same program	pcrec_fc719ca4_auto-caps-simdna	measured	pinned	1	ratio_vs_best	1.000000	12	1.0000	0	0		
rank	ipv4	(set)	large-subject-throughput	plain	same program	pcrec_fc719ca4_auto-caps-simdna_noedge	measured	pinned	2	median_ns	6952669.666667	12	1.0000	0	0		
rank	ipv4	(set)	large-subject-throughput	plain	same program	pcrec_fc719ca4_auto-caps-simdna_noedge	measured	pinned	2	min_ns	6942950.156028	12	1.0000	0	0		
rank	ipv4	(set)	large-subject-throughput	plain	same program	pcrec_fc719ca4_auto-caps-simdna_noedge	measured	pinned	2	max_ns	6959581.659574	12	1.0000	0	0		
rank	ipv4	(set)	large-subject-throughput	plain	same program	pcrec_fc719ca4_auto-caps-simdna_noedge	measured	pinned	2	stddev_ns	5344.396142	12	1.0000	0	0		
rank	ipv4	(set)	large-subject-throughput	plain	same program	pcrec_fc719ca4_auto-caps-simdna_noedge	measured	pinned	2	ratio_vs_baseline	0.034935	12	1.0000	0	0		
rank	ipv4	(set)	large-subject-throughput	plain	same program	pcrec_fc719ca4_auto-caps-simdna_noedge	measured	pinned	2	ratio_vs_best	1.001422	12	1.0000	0	0		
rank	ipv4	(set)	large-subject-throughput	plain	same program	rust_1.13.1_default-caps-simdna	measured	pinned	3	median_ns	7507131.516484	12	1.0000	0	0		
rank	ipv4	(set)	large-subject-throughput	plain	same program	rust_1.13.1_default-caps-simdna	measured	pinned	3	min_ns	7504841.043956	12	1.0000	0	0		
rank	ipv4	(set)	large-subject-throughput	plain	same program	rust_1.13.1_default-caps-simdna	measured	pinned	3	max_ns	7510410.879121	12	1.0000	0	0		
rank	ipv4	(set)	large-subject-throughput	plain	same program	rust_1.13.1_default-caps-simdna	measured	pinned	3	stddev_ns	2063.961946	12	1.0000	0	0		
rank	ipv4	(set)	large-subject-throughput	plain	same program	rust_1.13.1_default-caps-simdna	measured	pinned	3	ratio_vs_baseline	0.037721	12	1.0000	0	0		
rank	ipv4	(set)	large-subject-throughput	plain	same program	rust_1.13.1_default-caps-simdna	measured	pinned	3	ratio_vs_best	1.081283	12	1.0000	0	0		
rank	ipv4	(set)	large-subject-throughput	plain	same program	libpcre2_10.46_jit-caps-simdna	measured	pinned	4	median_ns	21666092.418605	12	1.0000	0	0		
rank	ipv4	(set)	large-subject-throughput	plain	same program	libpcre2_10.46_jit-caps-simdna	measured	pinned	4	min_ns	21658620.720930	12	1.0000	0	0		
rank	ipv4	(set)	large-subject-throughput	plain	same program	libpcre2_10.46_jit-caps-simdna	measured	pinned	4	max_ns	21748907.790698	12	1.0000	0	0		
rank	ipv4	(set)	large-subject-throughput	plain	same program	libpcre2_10.46_jit-caps-simdna	measured	pinned	4	stddev_ns	33270.359406	12	1.0000	0	0		
rank	ipv4	(set)	large-subject-throughput	plain	same program	libpcre2_10.46_jit-caps-simdna	measured	pinned	4	ratio_vs_baseline	0.108866	12	1.0000	0	0		
rank	ipv4	(set)	large-subject-throughput	plain	same program	libpcre2_10.46_jit-caps-simdna	measured	pinned	4	ratio_vs_best	3.120656	12	1.0000	0	0		
rank	ipv4	(set)	large-subject-throughput	plain	same program	libpcre2_10.46_interp-caps-simdna	measured	pinned	5	median_ns	199016878.600000	12	1.0000	0	0		
rank	ipv4	(set)	large-subject-throughput	plain	same program	libpcre2_10.46_interp-caps-simdna	measured	pinned	5	min_ns	198834351.400000	12	1.0000	0	0		
rank	ipv4	(set)	large-subject-throughput	plain	same program	libpcre2_10.46_interp-caps-simdna	measured	pinned	5	max_ns	202261568.000000	12	1.0000	0	0		
rank	ipv4	(set)	large-subject-throughput	plain	same program	libpcre2_10.46_interp-caps-simdna	measured	pinned	5	stddev_ns	1302844.365607	12	1.0000	0	0		
rank	ipv4	(set)	large-subject-throughput	plain	same program	libpcre2_10.46_interp-caps-simdna	measured	pinned	5	ratio_vs_baseline	1.000000	12	1.0000	0	0		
rank	ipv4	(set)	large-subject-throughput	plain	same program	libpcre2_10.46_interp-caps-simdna	measured	pinned	5	ratio_vs_best	28.665220	12	1.0000	0	0		
baseline	ipv4	(set)	short-subject-search			libpcre2_10.46_interp-caps-simdna				baseline_identity	interp					libpcre2_10.46_interp-caps-simdna (interp, present in this group)	
rank	ipv4	(set)	short-subject-search	plain	same program	pcrec_fc719ca4_auto-caps-simdna	measured	pinned	1	median_ns	207579.217646	112	1.0000	0	0		
rank	ipv4	(set)	short-subject-search	plain	same program	pcrec_fc719ca4_auto-caps-simdna	measured	pinned	1	min_ns	205674.820061	112	1.0000	0	0		
rank	ipv4	(set)	short-subject-search	plain	same program	pcrec_fc719ca4_auto-caps-simdna	measured	pinned	1	max_ns	208193.780297	112	1.0000	0	0		
rank	ipv4	(set)	short-subject-search	plain	same program	pcrec_fc719ca4_auto-caps-simdna	measured	pinned	1	stddev_ns	904.220542	112	1.0000	0	0		
rank	ipv4	(set)	short-subject-search	plain	same program	pcrec_fc719ca4_auto-caps-simdna	measured	pinned	1	ratio_vs_baseline	0.026647	112	1.0000	0	0		
rank	ipv4	(set)	short-subject-search	plain	same program	pcrec_fc719ca4_auto-caps-simdna	measured	pinned	1	ratio_vs_best	1.000000	112	1.0000	0	0		
rank	ipv4	(set)	short-subject-search	plain	same program	pcrec_fc719ca4_auto-caps-simdna_noedge	measured	pinned	2	median_ns	207944.403138	112	1.0000	0	0		
rank	ipv4	(set)	short-subject-search	plain	same program	pcrec_fc719ca4_auto-caps-simdna_noedge	measured	pinned	2	min_ns	206977.888675	112	1.0000	0	0		
rank	ipv4	(set)	short-subject-search	plain	same program	pcrec_fc719ca4_auto-caps-simdna_noedge	measured	pinned	2	max_ns	208227.663171	112	1.0000	0	0		
rank	ipv4	(set)	short-subject-search	plain	same program	pcrec_fc719ca4_auto-caps-simdna_noedge	measured	pinned	2	stddev_ns	467.638862	112	1.0000	0	0		
rank	ipv4	(set)	short-subject-search	plain	same program	pcrec_fc719ca4_auto-caps-simdna_noedge	measured	pinned	2	ratio_vs_baseline	0.026694	112	1.0000	0	0		
rank	ipv4	(set)	short-subject-search	plain	same program	pcrec_fc719ca4_auto-caps-simdna_noedge	measured	pinned	2	ratio_vs_best	1.001759	112	1.0000	0	0		
rank	ipv4	(set)	short-subject-search	plain	same program	rust_1.13.1_default-caps-simdna	measured	pinned	3	median_ns	294105.310308	112	1.0000	0	0		
rank	ipv4	(set)	short-subject-search	plain	same program	rust_1.13.1_default-caps-simdna	measured	pinned	3	min_ns	294054.191436	112	1.0000	0	0		
rank	ipv4	(set)	short-subject-search	plain	same program	rust_1.13.1_default-caps-simdna	measured	pinned	3	max_ns	386500.732467	112	1.0000	0	0		
rank	ipv4	(set)	short-subject-search	plain	same program	rust_1.13.1_default-caps-simdna	measured	pinned	3	stddev_ns	36931.604354	112	1.0000	0	0		
rank	ipv4	(set)	short-subject-search	plain	same program	rust_1.13.1_default-caps-simdna	measured	pinned	3	ratio_vs_baseline	0.037755	112	1.0000	0	0		
rank	ipv4	(set)	short-subject-search	plain	same program	rust_1.13.1_default-caps-simdna	measured	pinned	3	ratio_vs_best	1.416834	112	1.0000	0	0		
rank	ipv4	(set)	short-subject-search	plain	same program	libpcre2_10.46_jit-caps-simdna	measured	pinned	4	median_ns	722942.356646	112	1.0000	0	0		
rank	ipv4	(set)	short-subject-search	plain	same program	libpcre2_10.46_jit-caps-simdna	measured	pinned	4	min_ns	722056.523501	112	1.0000	0	0		
rank	ipv4	(set)	short-subject-search	plain	same program	libpcre2_10.46_jit-caps-simdna	measured	pinned	4	max_ns	724395.977815	112	1.0000	0	0		
rank	ipv4	(set)	short-subject-search	plain	same program	libpcre2_10.46_jit-caps-simdna	measured	pinned	4	stddev_ns	871.024706	112	1.0000	0	0		
rank	ipv4	(set)	short-subject-search	plain	same program	libpcre2_10.46_jit-caps-simdna	measured	pinned	4	ratio_vs_baseline	0.092806	112	1.0000	0	0		
rank	ipv4	(set)	short-subject-search	plain	same program	libpcre2_10.46_jit-caps-simdna	measured	pinned	4	ratio_vs_best	3.482730	112	1.0000	0	0		
rank	ipv4	(set)	short-subject-search	plain	same program	libpcre2_10.46_interp-caps-simdna	measured	pinned	5	median_ns	7789853.905319	112	1.0000	0	0		
rank	ipv4	(set)	short-subject-search	plain	same program	libpcre2_10.46_interp-caps-simdna	measured	pinned	5	min_ns	7759415.344681	112	1.0000	0	0		
rank	ipv4	(set)	short-subject-search	plain	same program	libpcre2_10.46_interp-caps-simdna	measured	pinned	5	max_ns	8128808.822340	112	1.0000	0	0		
rank	ipv4	(set)	short-subject-search	plain	same program	libpcre2_10.46_interp-caps-simdna	measured	pinned	5	stddev_ns	136676.864945	112	1.0000	0	0		
rank	ipv4	(set)	short-subject-search	plain	same program	libpcre2_10.46_interp-caps-simdna	measured	pinned	5	ratio_vs_baseline	1.000000	112	1.0000	0	0		
rank	ipv4	(set)	short-subject-search	plain	same program	libpcre2_10.46_interp-caps-simdna	measured	pinned	5	ratio_vs_best	37.527138	112	1.0000	0	0		
baseline	ipv6	(set)	large-subject-throughput			libpcre2_10.46_interp-caps-simdna				baseline_identity	interp					libpcre2_10.46_interp-caps-simdna (interp, present in this group)	
rank	ipv6	(set)	large-subject-throughput	plain	same program	rust_1.13.1_default-caps-simdna	measured	pinned	1	median_ns	7477277.203883	12	1.0000	0	0		
rank	ipv6	(set)	large-subject-throughput	plain	same program	rust_1.13.1_default-caps-simdna	measured	pinned	1	min_ns	7470821.145631	12	1.0000	0	0		
rank	ipv6	(set)	large-subject-throughput	plain	same program	rust_1.13.1_default-caps-simdna	measured	pinned	1	max_ns	7480194.388350	12	1.0000	0	0		
rank	ipv6	(set)	large-subject-throughput	plain	same program	rust_1.13.1_default-caps-simdna	measured	pinned	1	stddev_ns	3531.829640	12	1.0000	0	0		
rank	ipv6	(set)	large-subject-throughput	plain	same program	rust_1.13.1_default-caps-simdna	measured	pinned	1	ratio_vs_baseline	0.034284	12	1.0000	0	0		
rank	ipv6	(set)	large-subject-throughput	plain	same program	rust_1.13.1_default-caps-simdna	measured	pinned	1	ratio_vs_best	1.000000	12	1.0000	0	0		
rank	ipv6	(set)	large-subject-throughput	plain	same program	pcrec_fc719ca4_auto-caps-simdna	measured	pinned	2	median_ns	10536653.202381	12	1.0000	0	0		
rank	ipv6	(set)	large-subject-throughput	plain	same program	pcrec_fc719ca4_auto-caps-simdna	measured	pinned	2	min_ns	10492836.500000	12	1.0000	0	0		
rank	ipv6	(set)	large-subject-throughput	plain	same program	pcrec_fc719ca4_auto-caps-simdna	measured	pinned	2	max_ns	10595017.547619	12	1.0000	0	0		
rank	ipv6	(set)	large-subject-throughput	plain	same program	pcrec_fc719ca4_auto-caps-simdna	measured	pinned	2	stddev_ns	39803.962220	12	1.0000	0	0		
rank	ipv6	(set)	large-subject-throughput	plain	same program	pcrec_fc719ca4_auto-caps-simdna	measured	pinned	2	ratio_vs_baseline	0.048311	12	1.0000	0	0		
rank	ipv6	(set)	large-subject-throughput	plain	same program	pcrec_fc719ca4_auto-caps-simdna	measured	pinned	2	ratio_vs_best	1.409156	12	1.0000	0	0		
rank	ipv6	(set)	large-subject-throughput	plain	same program	pcrec_fc719ca4_auto-caps-simdna_noedge	measured	pinned	3	median_ns	10588595.439024	12	1.0000	0	0		
rank	ipv6	(set)	large-subject-throughput	plain	same program	pcrec_fc719ca4_auto-caps-simdna_noedge	measured	pinned	3	min_ns	10487201.573171	12	1.0000	0	0		
rank	ipv6	(set)	large-subject-throughput	plain	same program	pcrec_fc719ca4_auto-caps-simdna_noedge	measured	pinned	3	max_ns	10607521.585366	12	1.0000	0	0		
rank	ipv6	(set)	large-subject-throughput	plain	same program	pcrec_fc719ca4_auto-caps-simdna_noedge	measured	pinned	3	stddev_ns	44237.450048	12	1.0000	0	0		
rank	ipv6	(set)	large-subject-throughput	plain	same program	pcrec_fc719ca4_auto-caps-simdna_noedge	measured	pinned	3	ratio_vs_baseline	0.048550	12	1.0000	0	0		
rank	ipv6	(set)	large-subject-throughput	plain	same program	pcrec_fc719ca4_auto-caps-simdna_noedge	measured	pinned	3	ratio_vs_best	1.416103	12	1.0000	0	0		
rank	ipv6	(set)	large-subject-throughput	plain	same program	libpcre2_10.46_jit-caps-simdna	measured	pinned	4	median_ns	31724265.214286	12	1.0000	0	0		
rank	ipv6	(set)	large-subject-throughput	plain	same program	libpcre2_10.46_jit-caps-simdna	measured	pinned	4	min_ns	31692969.964286	12	1.0000	0	0		
rank	ipv6	(set)	large-subject-throughput	plain	same program	libpcre2_10.46_jit-caps-simdna	measured	pinned	4	max_ns	31829239.035714	12	1.0000	0	0		
rank	ipv6	(set)	large-subject-throughput	plain	same program	libpcre2_10.46_jit-caps-simdna	measured	pinned	4	stddev_ns	49734.727592	12	1.0000	0	0		
rank	ipv6	(set)	large-subject-throughput	plain	same program	libpcre2_10.46_jit-caps-simdna	measured	pinned	4	ratio_vs_baseline	0.145458	12	1.0000	0	0		
rank	ipv6	(set)	large-subject-throughput	plain	same program	libpcre2_10.46_jit-caps-simdna	measured	pinned	4	ratio_vs_best	4.242756	12	1.0000	0	0		
rank	ipv6	(set)	large-subject-throughput	plain	same program	libpcre2_10.46_interp-caps-simdna	measured	pinned	5	median_ns	218098807.750000	12	1.0000	0	0		
rank	ipv6	(set)	large-subject-throughput	plain	same program	libpcre2_10.46_interp-caps-simdna	measured	pinned	5	min_ns	217660955.000000	12	1.0000	0	0		
rank	ipv6	(set)	large-subject-throughput	plain	same program	libpcre2_10.46_interp-caps-simdna	measured	pinned	5	max_ns	218483372.500000	12	1.0000	0	0		
rank	ipv6	(set)	large-subject-throughput	plain	same program	libpcre2_10.46_interp-caps-simdna	measured	pinned	5	stddev_ns	278296.269304	12	1.0000	0	0		
rank	ipv6	(set)	large-subject-throughput	plain	same program	libpcre2_10.46_interp-caps-simdna	measured	pinned	5	ratio_vs_baseline	1.000000	12	1.0000	0	0		
rank	ipv6	(set)	large-subject-throughput	plain	same program	libpcre2_10.46_interp-caps-simdna	measured	pinned	5	ratio_vs_best	29.168212	12	1.0000	0	0		
baseline	ipv6	(set)	short-subject-search			libpcre2_10.46_interp-caps-simdna				baseline_identity	interp					libpcre2_10.46_interp-caps-simdna (interp, present in this group)	
rank	ipv6	(set)	short-subject-search	plain	same program	pcrec_fc719ca4_auto-caps-simdna	measured	pinned	1	median_ns	259631.286898	112	1.0000	0	0		
rank	ipv6	(set)	short-subject-search	plain	same program	pcrec_fc719ca4_auto-caps-simdna	measured	pinned	1	min_ns	259458.120226	112	1.0000	0	0		
rank	ipv6	(set)	short-subject-search	plain	same program	pcrec_fc719ca4_auto-caps-simdna	measured	pinned	1	max_ns	265331.110177	112	1.0000	0	0		
rank	ipv6	(set)	short-subject-search	plain	same program	pcrec_fc719ca4_auto-caps-simdna	measured	pinned	1	stddev_ns	2236.261182	112	1.0000	0	0		
rank	ipv6	(set)	short-subject-search	plain	same program	pcrec_fc719ca4_auto-caps-simdna	measured	pinned	1	ratio_vs_baseline	0.031441	112	1.0000	0	0		
rank	ipv6	(set)	short-subject-search	plain	same program	pcrec_fc719ca4_auto-caps-simdna	measured	pinned	1	ratio_vs_best	1.000000	112	1.0000	0	0		
rank	ipv6	(set)	short-subject-search	plain	same program	pcrec_fc719ca4_auto-caps-simdna_noedge	measured	pinned	2	median_ns	260153.813029	112	1.0000	0	0		
rank	ipv6	(set)	short-subject-search	plain	same program	pcrec_fc719ca4_auto-caps-simdna_noedge	measured	pinned	2	min_ns	257463.423259	112	1.0000	0	0		
rank	ipv6	(set)	short-subject-search	plain	same program	pcrec_fc719ca4_auto-caps-simdna_noedge	measured	pinned	2	max_ns	264104.343203	112	1.0000	0	0		
rank	ipv6	(set)	short-subject-search	plain	same program	pcrec_fc719ca4_auto-caps-simdna_noedge	measured	pinned	2	stddev_ns	2515.681614	112	1.0000	0	0		
rank	ipv6	(set)	short-subject-search	plain	same program	pcrec_fc719ca4_auto-caps-simdna_noedge	measured	pinned	2	ratio_vs_baseline	0.031505	112	1.0000	0	0		
rank	ipv6	(set)	short-subject-search	plain	same program	pcrec_fc719ca4_auto-caps-simdna_noedge	measured	pinned	2	ratio_vs_best	1.002013	112	1.0000	0	0		
rank	ipv6	(set)	short-subject-search	plain	same program	rust_1.13.1_default-caps-simdna	measured	pinned	3	median_ns	291467.667681	112	1.0000	0	0		
rank	ipv6	(set)	short-subject-search	plain	same program	rust_1.13.1_default-caps-simdna	measured	pinned	3	min_ns	291249.055094	112	1.0000	0	0		
rank	ipv6	(set)	short-subject-search	plain	same program	rust_1.13.1_default-caps-simdna	measured	pinned	3	max_ns	291766.341744	112	1.0000	0	0		
rank	ipv6	(set)	short-subject-search	plain	same program	rust_1.13.1_default-caps-simdna	measured	pinned	3	stddev_ns	185.999017	112	1.0000	0	0		
rank	ipv6	(set)	short-subject-search	plain	same program	rust_1.13.1_default-caps-simdna	measured	pinned	3	ratio_vs_baseline	0.035297	112	1.0000	0	0		
rank	ipv6	(set)	short-subject-search	plain	same program	rust_1.13.1_default-caps-simdna	measured	pinned	3	ratio_vs_best	1.122622	112	1.0000	0	0		
rank	ipv6	(set)	short-subject-search	plain	same program	libpcre2_10.46_jit-caps-simdna	measured	pinned	4	median_ns	1132824.972544	112	1.0000	0	0		
rank	ipv6	(set)	short-subject-search	plain	same program	libpcre2_10.46_jit-caps-simdna	measured	pinned	4	min_ns	1131209.922625	112	1.0000	0	0		
rank	ipv6	(set)	short-subject-search	plain	same program	libpcre2_10.46_jit-caps-simdna	measured	pinned	4	max_ns	1133943.280576	112	1.0000	0	0		
rank	ipv6	(set)	short-subject-search	plain	same program	libpcre2_10.46_jit-caps-simdna	measured	pinned	4	stddev_ns	987.521632	112	1.0000	0	0		
rank	ipv6	(set)	short-subject-search	plain	same program	libpcre2_10.46_jit-caps-simdna	measured	pinned	4	ratio_vs_baseline	0.137185	112	1.0000	0	0		
rank	ipv6	(set)	short-subject-search	plain	same program	libpcre2_10.46_jit-caps-simdna	measured	pinned	4	ratio_vs_best	4.363207	112	1.0000	0	0		
rank	ipv6	(set)	short-subject-search	plain	same program	libpcre2_10.46_interp-caps-simdna	measured	pinned	5	median_ns	8257629.230852	112	1.0000	0	0		
rank	ipv6	(set)	short-subject-search	plain	same program	libpcre2_10.46_interp-caps-simdna	measured	pinned	5	min_ns	8245361.570658	112	1.0000	0	0		
rank	ipv6	(set)	short-subject-search	plain	same program	libpcre2_10.46_interp-caps-simdna	measured	pinned	5	max_ns	8274337.558792	112	1.0000	0	0		
rank	ipv6	(set)	short-subject-search	plain	same program	libpcre2_10.46_interp-caps-simdna	measured	pinned	5	stddev_ns	9769.520553	112	1.0000	0	0		
rank	ipv6	(set)	short-subject-search	plain	same program	libpcre2_10.46_interp-caps-simdna	measured	pinned	5	ratio_vs_baseline	1.000000	112	1.0000	0	0		
rank	ipv6	(set)	short-subject-search	plain	same program	libpcre2_10.46_interp-caps-simdna	measured	pinned	5	ratio_vs_best	31.805216	112	1.0000	0	0		
baseline	iso-ts	(set)	large-subject-throughput			libpcre2_10.46_interp-caps-simdna				baseline_identity	interp					libpcre2_10.46_interp-caps-simdna (interp, present in this group)	
rank	iso-ts	(set)	large-subject-throughput	plain	same program	libpcre2_10.46_jit-caps-simdna	measured	pinned	1	median_ns	962034.734560	12	1.0000	0	0		
rank	iso-ts	(set)	large-subject-throughput	plain	same program	libpcre2_10.46_jit-caps-simdna	measured	pinned	1	min_ns	960301.767411	12	1.0000	0	0		
rank	iso-ts	(set)	large-subject-throughput	plain	same program	libpcre2_10.46_jit-caps-simdna	measured	pinned	1	max_ns	962187.771353	12	1.0000	0	0		
rank	iso-ts	(set)	large-subject-throughput	plain	same program	libpcre2_10.46_jit-caps-simdna	measured	pinned	1	stddev_ns	711.213992	12	1.0000	0	0		
rank	iso-ts	(set)	large-subject-throughput	plain	same program	libpcre2_10.46_jit-caps-simdna	measured	pinned	1	ratio_vs_baseline	0.015790	12	1.0000	0	0		
rank	iso-ts	(set)	large-subject-throughput	plain	same program	libpcre2_10.46_jit-caps-simdna	measured	pinned	1	ratio_vs_best	1.000000	12	1.0000	0	0		
rank	iso-ts	(set)	large-subject-throughput	plain	same program	pcrec_fc719ca4_auto-caps-simdna_noedge	measured	pinned	2	median_ns	1139873.527586	12	1.0000	0	0		
rank	iso-ts	(set)	large-subject-throughput	plain	same program	pcrec_fc719ca4_auto-caps-simdna_noedge	measured	pinned	2	min_ns	1138979.706897	12	1.0000	0	0		
rank	iso-ts	(set)	large-subject-throughput	plain	same program	pcrec_fc719ca4_auto-caps-simdna_noedge	measured	pinned	2	max_ns	1140332.774713	12	1.0000	0	0		
rank	iso-ts	(set)	large-subject-throughput	plain	same program	pcrec_fc719ca4_auto-caps-simdna_noedge	measured	pinned	2	stddev_ns	555.500498	12	1.0000	0	0		
rank	iso-ts	(set)	large-subject-throughput	plain	same program	pcrec_fc719ca4_auto-caps-simdna_noedge	measured	pinned	2	ratio_vs_baseline	0.018709	12	1.0000	0	0		
rank	iso-ts	(set)	large-subject-throughput	plain	same program	pcrec_fc719ca4_auto-caps-simdna_noedge	measured	pinned	2	ratio_vs_best	1.184857	12	1.0000	0	0		
rank	iso-ts	(set)	large-subject-throughput	plain	same program	pcrec_fc719ca4_auto-caps-simdna	measured	pinned	3	median_ns	1150637.780660	12	1.0000	0	0		
rank	iso-ts	(set)	large-subject-throughput	plain	same program	pcrec_fc719ca4_auto-caps-simdna	measured	pinned	3	min_ns	1150575.847877	12	1.0000	0	0		
rank	iso-ts	(set)	large-subject-throughput	plain	same program	pcrec_fc719ca4_auto-caps-simdna	measured	pinned	3	max_ns	1152016.701651	12	1.0000	0	0		
rank	iso-ts	(set)	large-subject-throughput	plain	same program	pcrec_fc719ca4_auto-caps-simdna	measured	pinned	3	stddev_ns	662.030094	12	1.0000	0	0		
rank	iso-ts	(set)	large-subject-throughput	plain	same program	pcrec_fc719ca4_auto-caps-simdna	measured	pinned	3	ratio_vs_baseline	0.018886	12	1.0000	0	0		
rank	iso-ts	(set)	large-subject-throughput	plain	same program	pcrec_fc719ca4_auto-caps-simdna	measured	pinned	3	ratio_vs_best	1.196046	12	1.0000	0	0		
rank	iso-ts	(set)	large-subject-throughput	plain	same program	rust_1.13.1_default-caps-simdna	measured	pinned	4	median_ns	5841273.894309	12	1.0000	0	0		
rank	iso-ts	(set)	large-subject-throughput	plain	same program	rust_1.13.1_default-caps-simdna	measured	pinned	4	min_ns	5833590.430894	12	1.0000	0	0		
rank	iso-ts	(set)	large-subject-throughput	plain	same program	rust_1.13.1_default-caps-simdna	measured	pinned	4	max_ns	5848617.252033	12	1.0000	0	0		
rank	iso-ts	(set)	large-subject-throughput	plain	same program	rust_1.13.1_default-caps-simdna	measured	pinned	4	stddev_ns	5465.222919	12	1.0000	0	0		
rank	iso-ts	(set)	large-subject-throughput	plain	same program	rust_1.13.1_default-caps-simdna	measured	pinned	4	ratio_vs_baseline	0.095875	12	1.0000	0	0		
rank	iso-ts	(set)	large-subject-throughput	plain	same program	rust_1.13.1_default-caps-simdna	measured	pinned	4	ratio_vs_best	6.071791	12	1.0000	0	0		
rank	iso-ts	(set)	large-subject-throughput	plain	same program	libpcre2_10.46_interp-caps-simdna	measured	pinned	5	median_ns	60925794.066667	12	1.0000	0	0		
rank	iso-ts	(set)	large-subject-throughput	plain	same program	libpcre2_10.46_interp-caps-simdna	measured	pinned	5	min_ns	60793681.200000	12	1.0000	0	0		
rank	iso-ts	(set)	large-subject-throughput	plain	same program	libpcre2_10.46_interp-caps-simdna	measured	pinned	5	max_ns	61368408.666667	12	1.0000	0	0		
rank	iso-ts	(set)	large-subject-throughput	plain	same program	libpcre2_10.46_interp-caps-simdna	measured	pinned	5	stddev_ns	222898.825099	12	1.0000	0	0		
rank	iso-ts	(set)	large-subject-throughput	plain	same program	libpcre2_10.46_interp-caps-simdna	measured	pinned	5	ratio_vs_baseline	1.000000	12	1.0000	0	0		
rank	iso-ts	(set)	large-subject-throughput	plain	same program	libpcre2_10.46_interp-caps-simdna	measured	pinned	5	ratio_vs_best	63.330140	12	1.0000	0	0		
baseline	iso-ts	(set)	short-subject-search			libpcre2_10.46_interp-caps-simdna				baseline_identity	interp					libpcre2_10.46_interp-caps-simdna (interp, present in this group)	
rank	iso-ts	(set)	short-subject-search	plain	same program	pcrec_fc719ca4_auto-caps-simdna_noedge	measured	pinned	1	median_ns	20359.526921	112	1.0000	0	0		
rank	iso-ts	(set)	short-subject-search	plain	same program	pcrec_fc719ca4_auto-caps-simdna_noedge	measured	pinned	1	min_ns	20348.926536	112	1.0000	0	0		
rank	iso-ts	(set)	short-subject-search	plain	same program	pcrec_fc719ca4_auto-caps-simdna_noedge	measured	pinned	1	max_ns	20416.411907	112	1.0000	0	0		
rank	iso-ts	(set)	short-subject-search	plain	same program	pcrec_fc719ca4_auto-caps-simdna_noedge	measured	pinned	1	stddev_ns	23.826463	112	1.0000	0	0		
rank	iso-ts	(set)	short-subject-search	plain	same program	pcrec_fc719ca4_auto-caps-simdna_noedge	measured	pinned	1	ratio_vs_baseline	0.008542	112	1.0000	0	0		
rank	iso-ts	(set)	short-subject-search	plain	same program	pcrec_fc719ca4_auto-caps-simdna_noedge	measured	pinned	1	ratio_vs_best	1.000000	112	1.0000	0	0		
rank	iso-ts	(set)	short-subject-search	plain	same program	pcrec_fc719ca4_auto-caps-simdna	measured	pinned	2	median_ns	20652.453622	112	1.0000	0	0		
rank	iso-ts	(set)	short-subject-search	plain	same program	pcrec_fc719ca4_auto-caps-simdna	measured	pinned	2	min_ns	20629.724545	112	1.0000	0	0		
rank	iso-ts	(set)	short-subject-search	plain	same program	pcrec_fc719ca4_auto-caps-simdna	measured	pinned	2	max_ns	20873.362562	112	1.0000	0	0		
rank	iso-ts	(set)	short-subject-search	plain	same program	pcrec_fc719ca4_auto-caps-simdna	measured	pinned	2	stddev_ns	89.961069	112	1.0000	0	0		
rank	iso-ts	(set)	short-subject-search	plain	same program	pcrec_fc719ca4_auto-caps-simdna	measured	pinned	2	ratio_vs_baseline	0.008665	112	1.0000	0	0		
rank	iso-ts	(set)	short-subject-search	plain	same program	pcrec_fc719ca4_auto-caps-simdna	measured	pinned	2	ratio_vs_best	1.014388	112	1.0000	0	0		
rank	iso-ts	(set)	short-subject-search	plain	same program	libpcre2_10.46_jit-caps-simdna	measured	pinned	3	median_ns	20688.099771	112	1.0000	0	0		
rank	iso-ts	(set)	short-subject-search	plain	same program	libpcre2_10.46_jit-caps-simdna	measured	pinned	3	min_ns	20617.407494	112	1.0000	0	0		
rank	iso-ts	(set)	short-subject-search	plain	same program	libpcre2_10.46_jit-caps-simdna	measured	pinned	3	max_ns	20790.052725	112	1.0000	0	0		
rank	iso-ts	(set)	short-subject-search	plain	same program	libpcre2_10.46_jit-caps-simdna	measured	pinned	3	stddev_ns	56.496727	112	1.0000	0	0		
rank	iso-ts	(set)	short-subject-search	plain	same program	libpcre2_10.46_jit-caps-simdna	measured	pinned	3	ratio_vs_baseline	0.008680	112	1.0000	0	0		
rank	iso-ts	(set)	short-subject-search	plain	same program	libpcre2_10.46_jit-caps-simdna	measured	pinned	3	ratio_vs_best	1.016139	112	1.0000	0	0		
rank	iso-ts	(set)	short-subject-search	plain	same program	rust_1.13.1_default-caps-simdna	measured	pinned	4	median_ns	207150.243881	112	1.0000	0	0		
rank	iso-ts	(set)	short-subject-search	plain	same program	rust_1.13.1_default-caps-simdna	measured	pinned	4	min_ns	206491.684656	112	1.0000	0	0		
rank	iso-ts	(set)	short-subject-search	plain	same program	rust_1.13.1_default-caps-simdna	measured	pinned	4	max_ns	213145.909123	112	1.0000	0	0		
rank	iso-ts	(set)	short-subject-search	plain	same program	rust_1.13.1_default-caps-simdna	measured	pinned	4	stddev_ns	2491.664210	112	1.0000	0	0		
rank	iso-ts	(set)	short-subject-search	plain	same program	rust_1.13.1_default-caps-simdna	measured	pinned	4	ratio_vs_baseline	0.086909	112	1.0000	0	0		
rank	iso-ts	(set)	short-subject-search	plain	same program	rust_1.13.1_default-caps-simdna	measured	pinned	4	ratio_vs_best	10.174610	112	1.0000	0	0		
rank	iso-ts	(set)	short-subject-search	plain	same program	libpcre2_10.46_interp-caps-simdna	measured	pinned	5	median_ns	2383523.219914	112	1.0000	0	0		
rank	iso-ts	(set)	short-subject-search	plain	same program	libpcre2_10.46_interp-caps-simdna	measured	pinned	5	min_ns	2379855.569074	112	1.0000	0	0		
rank	iso-ts	(set)	short-subject-search	plain	same program	libpcre2_10.46_interp-caps-simdna	measured	pinned	5	max_ns	2385957.718431	112	1.0000	0	0		
rank	iso-ts	(set)	short-subject-search	plain	same program	libpcre2_10.46_interp-caps-simdna	measured	pinned	5	stddev_ns	2003.360239	112	1.0000	0	0		
rank	iso-ts	(set)	short-subject-search	plain	same program	libpcre2_10.46_interp-caps-simdna	measured	pinned	5	ratio_vs_baseline	1.000000	112	1.0000	0	0		
rank	iso-ts	(set)	short-subject-search	plain	same program	libpcre2_10.46_interp-caps-simdna	measured	pinned	5	ratio_vs_best	117.071641	112	1.0000	0	0		
baseline	kv-quoted	(set)	large-subject-throughput			libpcre2_10.46_interp-caps-simdna				baseline_identity	interp					libpcre2_10.46_interp-caps-simdna (interp, present in this group)	
rank	kv-quoted	(set)	large-subject-throughput	plain	same program	rust_1.13.1_default-caps-simdna	measured	pinned	1	median_ns	210692.918991	12	1.0000	0	0		
rank	kv-quoted	(set)	large-subject-throughput	plain	same program	rust_1.13.1_default-caps-simdna	measured	pinned	1	min_ns	210432.051793	12	1.0000	0	0		
rank	kv-quoted	(set)	large-subject-throughput	plain	same program	rust_1.13.1_default-caps-simdna	measured	pinned	1	max_ns	212132.466135	12	1.0000	0	0		
rank	kv-quoted	(set)	large-subject-throughput	plain	same program	rust_1.13.1_default-caps-simdna	measured	pinned	1	stddev_ns	626.230644	12	1.0000	0	0		
rank	kv-quoted	(set)	large-subject-throughput	plain	same program	rust_1.13.1_default-caps-simdna	measured	pinned	1	ratio_vs_baseline	0.003209	12	1.0000	0	0		
rank	kv-quoted	(set)	large-subject-throughput	plain	same program	rust_1.13.1_default-caps-simdna	measured	pinned	1	ratio_vs_best	1.000000	12	1.0000	0	0		
rank	kv-quoted	(set)	large-subject-throughput	plain	same program	pcrec_fc719ca4_auto-caps-simdna	measured	pinned	2	median_ns	4989983.584079	12	1.0000	0	0		
rank	kv-quoted	(set)	large-subject-throughput	plain	same program	pcrec_fc719ca4_auto-caps-simdna	measured	pinned	2	min_ns	4985341.982111	12	1.0000	0	0		
rank	kv-quoted	(set)	large-subject-throughput	plain	same program	pcrec_fc719ca4_auto-caps-simdna	measured	pinned	2	max_ns	4999100.302326	12	1.0000	0	0		
rank	kv-quoted	(set)	large-subject-throughput	plain	same program	pcrec_fc719ca4_auto-caps-simdna	measured	pinned	2	stddev_ns	4981.289944	12	1.0000	0	0		
rank	kv-quoted	(set)	large-subject-throughput	plain	same program	pcrec_fc719ca4_auto-caps-simdna	measured	pinned	2	ratio_vs_baseline	0.076009	12	1.0000	0	0		
rank	kv-quoted	(set)	large-subject-throughput	plain	same program	pcrec_fc719ca4_auto-caps-simdna	measured	pinned	2	ratio_vs_best	23.683680	12	1.0000	0	0		
rank	kv-quoted	(set)	large-subject-throughput	plain	same program	pcrec_fc719ca4_auto-caps-simdna_noedge	measured	pinned	3	median_ns	4991474.476912	12	1.0000	0	0		
rank	kv-quoted	(set)	large-subject-throughput	plain	same program	pcrec_fc719ca4_auto-caps-simdna_noedge	measured	pinned	3	min_ns	4984556.657287	12	1.0000	0	0		
rank	kv-quoted	(set)	large-subject-throughput	plain	same program	pcrec_fc719ca4_auto-caps-simdna_noedge	measured	pinned	3	max_ns	4994525.258297	12	1.0000	0	0		
rank	kv-quoted	(set)	large-subject-throughput	plain	same program	pcrec_fc719ca4_auto-caps-simdna_noedge	measured	pinned	3	stddev_ns	3579.930822	12	1.0000	0	0		
rank	kv-quoted	(set)	large-subject-throughput	plain	same program	pcrec_fc719ca4_auto-caps-simdna_noedge	measured	pinned	3	ratio_vs_baseline	0.076032	12	1.0000	0	0		
rank	kv-quoted	(set)	large-subject-throughput	plain	same program	pcrec_fc719ca4_auto-caps-simdna_noedge	measured	pinned	3	ratio_vs_best	23.690756	12	1.0000	0	0		
rank	kv-quoted	(set)	large-subject-throughput	plain	same program	libpcre2_10.46_jit-caps-simdna	measured	pinned	4	median_ns	15011589.956790	12	1.0000	0	0		
rank	kv-quoted	(set)	large-subject-throughput	plain	same program	libpcre2_10.46_jit-caps-simdna	measured	pinned	4	min_ns	14992050.333333	12	1.0000	0	0		
rank	kv-quoted	(set)	large-subject-throughput	plain	same program	libpcre2_10.46_jit-caps-simdna	measured	pinned	4	max_ns	15021093.351852	12	1.0000	0	0		
rank	kv-quoted	(set)	large-subject-throughput	plain	same program	libpcre2_10.46_jit-caps-simdna	measured	pinned	4	stddev_ns	10918.558605	12	1.0000	0	0		
rank	kv-quoted	(set)	large-subject-throughput	plain	same program	libpcre2_10.46_jit-caps-simdna	measured	pinned	4	ratio_vs_baseline	0.228661	12	1.0000	0	0		
rank	kv-quoted	(set)	large-subject-throughput	plain	same program	libpcre2_10.46_jit-caps-simdna	measured	pinned	4	ratio_vs_best	71.248669	12	1.0000	0	0		
rank	kv-quoted	(set)	large-subject-throughput	plain	same program	libpcre2_10.46_interp-caps-simdna	measured	pinned	5	median_ns	65649918.424242	12	1.0000	0	0		
rank	kv-quoted	(set)	large-subject-throughput	plain	same program	libpcre2_10.46_interp-caps-simdna	measured	pinned	5	min_ns	65616022.727273	12	1.0000	0	0		
rank	kv-quoted	(set)	large-subject-throughput	plain	same program	libpcre2_10.46_interp-caps-simdna	measured	pinned	5	max_ns	65759030.878788	12	1.0000	0	0		
rank	kv-quoted	(set)	large-subject-throughput	plain	same program	libpcre2_10.46_interp-caps-simdna	measured	pinned	5	stddev_ns	60116.289040	12	1.0000	0	0		
rank	kv-quoted	(set)	large-subject-throughput	plain	same program	libpcre2_10.46_interp-caps-simdna	measured	pinned	5	ratio_vs_baseline	1.000000	12	1.0000	0	0		
rank	kv-quoted	(set)	large-subject-throughput	plain	same program	libpcre2_10.46_interp-caps-simdna	measured	pinned	5	ratio_vs_best	311.590531	12	1.0000	0	0		
baseline	kv-quoted	(set)	short-subject-search			libpcre2_10.46_interp-caps-simdna				baseline_identity	interp					libpcre2_10.46_interp-caps-simdna (interp, present in this group)	
rank	kv-quoted	(set)	short-subject-search	plain	same program	rust_1.13.1_default-caps-simdna	measured	pinned	1	median_ns	9141.666360	112	1.0000	0	0		
rank	kv-quoted	(set)	short-subject-search	plain	same program	rust_1.13.1_default-caps-simdna	measured	pinned	1	min_ns	9125.371546	112	1.0000	0	0		
rank	kv-quoted	(set)	short-subject-search	plain	same program	rust_1.13.1_default-caps-simdna	measured	pinned	1	max_ns	9174.087032	112	1.0000	0	0		
rank	kv-quoted	(set)	short-subject-search	plain	same program	rust_1.13.1_default-caps-simdna	measured	pinned	1	stddev_ns	16.053138	112	1.0000	0	0		
rank	kv-quoted	(set)	short-subject-search	plain	same program	rust_1.13.1_default-caps-simdna	measured	pinned	1	ratio_vs_baseline	0.004908	112	1.0000	0	0		
rank	kv-quoted	(set)	short-subject-search	plain	same program	rust_1.13.1_default-caps-simdna	measured	pinned	1	ratio_vs_best	1.000000	112	1.0000	0	0		
rank	kv-quoted	(set)	short-subject-search	plain	same program	pcrec_fc719ca4_auto-caps-simdna	measured	pinned	2	median_ns	18664.985288	112	1.0000	0	0		
rank	kv-quoted	(set)	short-subject-search	plain	same program	pcrec_fc719ca4_auto-caps-simdna	measured	pinned	2	min_ns	18655.370490	112	1.0000	0	0		
rank	kv-quoted	(set)	short-subject-search	plain	same program	pcrec_fc719ca4_auto-caps-simdna	measured	pinned	2	max_ns	18675.897101	112	1.0000	0	0		
rank	kv-quoted	(set)	short-subject-search	plain	same program	pcrec_fc719ca4_auto-caps-simdna	measured	pinned	2	stddev_ns	7.490912	112	1.0000	0	0		
rank	kv-quoted	(set)	short-subject-search	plain	same program	pcrec_fc719ca4_auto-caps-simdna	measured	pinned	2	ratio_vs_baseline	0.010021	112	1.0000	0	0		
rank	kv-quoted	(set)	short-subject-search	plain	same program	pcrec_fc719ca4_auto-caps-simdna	measured	pinned	2	ratio_vs_best	2.041749	112	1.0000	0	0		
rank	kv-quoted	(set)	short-subject-search	plain	same program	pcrec_fc719ca4_auto-caps-simdna_noedge	measured	pinned	3	median_ns	18674.274674	112	1.0000	0	0		
rank	kv-quoted	(set)	short-subject-search	plain	same program	pcrec_fc719ca4_auto-caps-simdna_noedge	measured	pinned	3	min_ns	18658.218976	112	1.0000	0	0		
rank	kv-quoted	(set)	short-subject-search	plain	same program	pcrec_fc719ca4_auto-caps-simdna_noedge	measured	pinned	3	max_ns	18699.909712	112	1.0000	0	0		
rank	kv-quoted	(set)	short-subject-search	plain	same program	pcrec_fc719ca4_auto-caps-simdna_noedge	measured	pinned	3	stddev_ns	14.607549	112	1.0000	0	0		
rank	kv-quoted	(set)	short-subject-search	plain	same program	pcrec_fc719ca4_auto-caps-simdna_noedge	measured	pinned	3	ratio_vs_baseline	0.010026	112	1.0000	0	0		
rank	kv-quoted	(set)	short-subject-search	plain	same program	pcrec_fc719ca4_auto-caps-simdna_noedge	measured	pinned	3	ratio_vs_best	2.042765	112	1.0000	0	0		
rank	kv-quoted	(set)	short-subject-search	plain	same program	libpcre2_10.46_jit-caps-simdna	measured	pinned	4	median_ns	334426.651888	112	1.0000	0	0		
rank	kv-quoted	(set)	short-subject-search	plain	same program	libpcre2_10.46_jit-caps-simdna	measured	pinned	4	min_ns	333573.819822	112	1.0000	0	0		
rank	kv-quoted	(set)	short-subject-search	plain	same program	libpcre2_10.46_jit-caps-simdna	measured	pinned	4	max_ns	334534.119630	112	1.0000	0	0		
rank	kv-quoted	(set)	short-subject-search	plain	same program	libpcre2_10.46_jit-caps-simdna	measured	pinned	4	stddev_ns	359.876707	112	1.0000	0	0		
rank	kv-quoted	(set)	short-subject-search	plain	same program	libpcre2_10.46_jit-caps-simdna	measured	pinned	4	ratio_vs_baseline	0.179545	112	1.0000	0	0		
rank	kv-quoted	(set)	short-subject-search	plain	same program	libpcre2_10.46_jit-caps-simdna	measured	pinned	4	ratio_vs_best	36.582680	112	1.0000	0	0		
rank	kv-quoted	(set)	short-subject-search	plain	same program	libpcre2_10.46_interp-caps-simdna	measured	pinned	5	median_ns	1862635.377660	112	1.0000	0	0		
rank	kv-quoted	(set)	short-subject-search	plain	same program	libpcre2_10.46_interp-caps-simdna	measured	pinned	5	min_ns	1858327.306738	112	1.0000	0	0		
rank	kv-quoted	(set)	short-subject-search	plain	same program	libpcre2_10.46_interp-caps-simdna	measured	pinned	5	max_ns	1866163.611259	112	1.0000	0	0		
rank	kv-quoted	(set)	short-subject-search	plain	same program	libpcre2_10.46_interp-caps-simdna	measured	pinned	5	stddev_ns	3072.356523	112	1.0000	0	0		
rank	kv-quoted	(set)	short-subject-search	plain	same program	libpcre2_10.46_interp-caps-simdna	measured	pinned	5	ratio_vs_baseline	1.000000	112	1.0000	0	0		
rank	kv-quoted	(set)	short-subject-search	plain	same program	libpcre2_10.46_interp-caps-simdna	measured	pinned	5	ratio_vs_best	203.752282	112	1.0000	0	0		
baseline	level-context	(set)	large-subject-throughput			libpcre2_10.46_interp-caps-simdna				baseline_identity	interp					libpcre2_10.46_interp-caps-simdna (interp, present in this group)	
rank	level-context	(set)	large-subject-throughput	plain	same program	rust_1.13.1_default-caps-simdna	measured	pinned	1	median_ns	1098534.995434	12	1.0000	0	0		
rank	level-context	(set)	large-subject-throughput	plain	same program	rust_1.13.1_default-caps-simdna	measured	pinned	1	min_ns	1097866.191781	12	1.0000	0	0		
rank	level-context	(set)	large-subject-throughput	plain	same program	rust_1.13.1_default-caps-simdna	measured	pinned	1	max_ns	1101854.662100	12	1.0000	0	0		
rank	level-context	(set)	large-subject-throughput	plain	same program	rust_1.13.1_default-caps-simdna	measured	pinned	1	stddev_ns	1450.539185	12	1.0000	0	0		
rank	level-context	(set)	large-subject-throughput	plain	same program	rust_1.13.1_default-caps-simdna	measured	pinned	1	ratio_vs_baseline	0.182413	12	1.0000	0	0		
rank	level-context	(set)	large-subject-throughput	plain	same program	rust_1.13.1_default-caps-simdna	measured	pinned	1	ratio_vs_best	1.000000	12	1.0000	0	0		
rank	level-context	(set)	large-subject-throughput	plain	same program	libpcre2_10.46_jit-caps-simdna	measured	pinned	2	median_ns	3004496.489362	12	1.0000	0	0		
rank	level-context	(set)	large-subject-throughput	plain	same program	libpcre2_10.46_jit-caps-simdna	measured	pinned	2	min_ns	3002619.950355	12	1.0000	0	0		
rank	level-context	(set)	large-subject-throughput	plain	same program	libpcre2_10.46_jit-caps-simdna	measured	pinned	2	max_ns	3005422.840426	12	1.0000	0	0		
rank	level-context	(set)	large-subject-throughput	plain	same program	libpcre2_10.46_jit-caps-simdna	measured	pinned	2	stddev_ns	1195.146454	12	1.0000	0	0		
rank	level-context	(set)	large-subject-throughput	plain	same program	libpcre2_10.46_jit-caps-simdna	measured	pinned	2	ratio_vs_baseline	0.498900	12	1.0000	0	0		
rank	level-context	(set)	large-subject-throughput	plain	same program	libpcre2_10.46_jit-caps-simdna	measured	pinned	2	ratio_vs_best	2.735003	12	1.0000	0	0		
rank	level-context	(set)	large-subject-throughput	plain	same program	libpcre2_10.46_interp-caps-simdna	measured	pinned	3	median_ns	6022246.140351	12	1.0000	0	0		
rank	level-context	(set)	large-subject-throughput	plain	same program	libpcre2_10.46_interp-caps-simdna	measured	pinned	3	min_ns	5960655.947368	12	1.0000	0	0		
rank	level-context	(set)	large-subject-throughput	plain	same program	libpcre2_10.46_interp-caps-simdna	measured	pinned	3	max_ns	6049303.029240	12	1.0000	0	0		
rank	level-context	(set)	large-subject-throughput	plain	same program	libpcre2_10.46_interp-caps-simdna	measured	pinned	3	stddev_ns	32577.382346	12	1.0000	0	0		
rank	level-context	(set)	large-subject-throughput	plain	same program	libpcre2_10.46_interp-caps-simdna	measured	pinned	3	ratio_vs_baseline	1.000000	12	1.0000	0	0		
rank	level-context	(set)	large-subject-throughput	plain	same program	libpcre2_10.46_interp-caps-simdna	measured	pinned	3	ratio_vs_best	5.482070	12	1.0000	0	0		
rank	level-context	(set)	large-subject-throughput	plain	same program	pcrec_fc719ca4_auto-caps-simdna_noedge	measured	pinned	4	median_ns	11488649.407895	12	1.0000	0	0		
rank	level-context	(set)	large-subject-throughput	plain	same program	pcrec_fc719ca4_auto-caps-simdna_noedge	measured	pinned	4	min_ns	11476619.657895	12	1.0000	0	0		
rank	level-context	(set)	large-subject-throughput	plain	same program	pcrec_fc719ca4_auto-caps-simdna_noedge	measured	pinned	4	max_ns	11507597.013158	12	1.0000	0	0		
rank	level-context	(set)	large-subject-throughput	plain	same program	pcrec_fc719ca4_auto-caps-simdna_noedge	measured	pinned	4	stddev_ns	10593.109465	12	1.0000	0	0		
rank	level-context	(set)	large-subject-throughput	plain	same program	pcrec_fc719ca4_auto-caps-simdna_noedge	measured	pinned	4	ratio_vs_baseline	1.907702	12	1.0000	0	0		
rank	level-context	(set)	large-subject-throughput	plain	same program	pcrec_fc719ca4_auto-caps-simdna_noedge	measured	pinned	4	ratio_vs_best	10.458155	12	1.0000	0	0		
rank	level-context	(set)	large-subject-throughput	plain	same program	pcrec_fc719ca4_auto-caps-simdna	measured	pinned	5	median_ns	11503979.723684	12	1.0000	0	0		
rank	level-context	(set)	large-subject-throughput	plain	same program	pcrec_fc719ca4_auto-caps-simdna	measured	pinned	5	min_ns	11486269.526316	12	1.0000	0	0		
rank	level-context	(set)	large-subject-throughput	plain	same program	pcrec_fc719ca4_auto-caps-simdna	measured	pinned	5	max_ns	11514146.776316	12	1.0000	0	0		
rank	level-context	(set)	large-subject-throughput	plain	same program	pcrec_fc719ca4_auto-caps-simdna	measured	pinned	5	stddev_ns	10102.509895	12	1.0000	0	0		
rank	level-context	(set)	large-subject-throughput	plain	same program	pcrec_fc719ca4_auto-caps-simdna	measured	pinned	5	ratio_vs_baseline	1.910247	12	1.0000	0	0		
rank	level-context	(set)	large-subject-throughput	plain	same program	pcrec_fc719ca4_auto-caps-simdna	measured	pinned	5	ratio_vs_best	10.472110	12	1.0000	0	0		
baseline	level-context	(set)	short-subject-search			libpcre2_10.46_interp-caps-simdna				baseline_identity	interp					libpcre2_10.46_interp-caps-simdna (interp, present in this group)	
rank	level-context	(set)	short-subject-search	plain	same program	rust_1.13.1_default-caps-simdna	measured	pinned	1	median_ns	42982.552681	112	1.0000	0	0		
rank	level-context	(set)	short-subject-search	plain	same program	rust_1.13.1_default-caps-simdna	measured	pinned	1	min_ns	42917.888536	112	1.0000	0	0		
rank	level-context	(set)	short-subject-search	plain	same program	rust_1.13.1_default-caps-simdna	measured	pinned	1	max_ns	43158.004577	112	1.0000	0	0		
rank	level-context	(set)	short-subject-search	plain	same program	rust_1.13.1_default-caps-simdna	measured	pinned	1	stddev_ns	99.815462	112	1.0000	0	0		
rank	level-context	(set)	short-subject-search	plain	same program	rust_1.13.1_default-caps-simdna	measured	pinned	1	ratio_vs_baseline	0.199408	112	1.0000	0	0		
rank	level-context	(set)	short-subject-search	plain	same program	rust_1.13.1_default-caps-simdna	measured	pinned	1	ratio_vs_best	1.000000	112	1.0000	0	0		
rank	level-context	(set)	short-subject-search	plain	same program	libpcre2_10.46_jit-caps-simdna	measured	pinned	2	median_ns	115086.665475	112	1.0000	0	0		
rank	level-context	(set)	short-subject-search	plain	same program	libpcre2_10.46_jit-caps-simdna	measured	pinned	2	min_ns	115048.459139	112	1.0000	0	0		
rank	level-context	(set)	short-subject-search	plain	same program	libpcre2_10.46_jit-caps-simdna	measured	pinned	2	max_ns	115441.216202	112	1.0000	0	0		
rank	level-context	(set)	short-subject-search	plain	same program	libpcre2_10.46_jit-caps-simdna	measured	pinned	2	stddev_ns	145.100105	112	1.0000	0	0		
rank	level-context	(set)	short-subject-search	plain	same program	libpcre2_10.46_jit-caps-simdna	measured	pinned	2	ratio_vs_baseline	0.533918	112	1.0000	0	0		
rank	level-context	(set)	short-subject-search	plain	same program	libpcre2_10.46_jit-caps-simdna	measured	pinned	2	ratio_vs_best	2.677520	112	1.0000	0	0		
rank	level-context	(set)	short-subject-search	plain	same program	libpcre2_10.46_interp-caps-simdna	measured	pinned	3	median_ns	215551.094816	112	1.0000	0	0		
rank	level-context	(set)	short-subject-search	plain	same program	libpcre2_10.46_interp-caps-simdna	measured	pinned	3	min_ns	215237.669437	112	1.0000	0	0		
rank	level-context	(set)	short-subject-search	plain	same program	libpcre2_10.46_interp-caps-simdna	measured	pinned	3	max_ns	215844.306797	112	1.0000	0	0		
rank	level-context	(set)	short-subject-search	plain	same program	libpcre2_10.46_interp-caps-simdna	measured	pinned	3	stddev_ns	243.646171	112	1.0000	0	0		
rank	level-context	(set)	short-subject-search	plain	same program	libpcre2_10.46_interp-caps-simdna	measured	pinned	3	ratio_vs_baseline	1.000000	112	1.0000	0	0		
rank	level-context	(set)	short-subject-search	plain	same program	libpcre2_10.46_interp-caps-simdna	measured	pinned	3	ratio_vs_best	5.014851	112	1.0000	0	0		
rank	level-context	(set)	short-subject-search	plain	same program	pcrec_fc719ca4_auto-caps-simdna_noedge	measured	pinned	4	median_ns	341497.429629	112	1.0000	0	0		
rank	level-context	(set)	short-subject-search	plain	same program	pcrec_fc719ca4_auto-caps-simdna_noedge	measured	pinned	4	min_ns	340886.044515	112	1.0000	0	0		
rank	level-context	(set)	short-subject-search	plain	same program	pcrec_fc719ca4_auto-caps-simdna_noedge	measured	pinned	4	max_ns	342212.990628	112	1.0000	0	0		
rank	level-context	(set)	short-subject-search	plain	same program	pcrec_fc719ca4_auto-caps-simdna_noedge	measured	pinned	4	stddev_ns	429.829309	112	1.0000	0	0		
rank	level-context	(set)	short-subject-search	plain	same program	pcrec_fc719ca4_auto-caps-simdna_noedge	measured	pinned	4	ratio_vs_baseline	1.584299	112	1.0000	0	0		
rank	level-context	(set)	short-subject-search	plain	same program	pcrec_fc719ca4_auto-caps-simdna_noedge	measured	pinned	4	ratio_vs_best	7.945024	112	1.0000	0	0		
rank	level-context	(set)	short-subject-search	plain	same program	pcrec_fc719ca4_auto-caps-simdna	measured	pinned	5	median_ns	342029.549839	112	1.0000	0	0		
rank	level-context	(set)	short-subject-search	plain	same program	pcrec_fc719ca4_auto-caps-simdna	measured	pinned	5	min_ns	341374.785986	112	1.0000	0	0		
rank	level-context	(set)	short-subject-search	plain	same program	pcrec_fc719ca4_auto-caps-simdna	measured	pinned	5	max_ns	342483.602255	112	1.0000	0	0		
rank	level-context	(set)	short-subject-search	plain	same program	pcrec_fc719ca4_auto-caps-simdna	measured	pinned	5	stddev_ns	385.733690	112	1.0000	0	0		
rank	level-context	(set)	short-subject-search	plain	same program	pcrec_fc719ca4_auto-caps-simdna	measured	pinned	5	ratio_vs_baseline	1.586768	112	1.0000	0	0		
rank	level-context	(set)	short-subject-search	plain	same program	pcrec_fc719ca4_auto-caps-simdna	measured	pinned	5	ratio_vs_best	7.957404	112	1.0000	0	0		
baseline	stack-frame	(set)	large-subject-throughput			libpcre2_10.46_interp-caps-simdna				baseline_identity	interp					libpcre2_10.46_interp-caps-simdna (interp, present in this group)	
rank	stack-frame	(set)	large-subject-throughput	plain	same program	libpcre2_10.46_jit-caps-simdna	measured	pinned	1	median_ns	475090.818215	12	1.0000	0	0		
rank	stack-frame	(set)	large-subject-throughput	plain	same program	libpcre2_10.46_jit-caps-simdna	measured	pinned	1	min_ns	475015.480980	12	1.0000	0	0		
rank	stack-frame	(set)	large-subject-throughput	plain	same program	libpcre2_10.46_jit-caps-simdna	measured	pinned	1	max_ns	476292.014265	12	1.0000	0	0		
rank	stack-frame	(set)	large-subject-throughput	plain	same program	libpcre2_10.46_jit-caps-simdna	measured	pinned	1	stddev_ns	480.819562	12	1.0000	0	0		
rank	stack-frame	(set)	large-subject-throughput	plain	same program	libpcre2_10.46_jit-caps-simdna	measured	pinned	1	ratio_vs_baseline	0.094104	12	1.0000	0	0		
rank	stack-frame	(set)	large-subject-throughput	plain	same program	libpcre2_10.46_jit-caps-simdna	measured	pinned	1	ratio_vs_best	1.000000	12	1.0000	0	0		
rank	stack-frame	(set)	large-subject-throughput	plain	same program	rust_1.13.1_default-caps-simdna	measured	pinned	2	median_ns	550473.075163	12	1.0000	0	0		
rank	stack-frame	(set)	large-subject-throughput	plain	same program	rust_1.13.1_default-caps-simdna	measured	pinned	2	min_ns	550151.607843	12	1.0000	0	0		
rank	stack-frame	(set)	large-subject-throughput	plain	same program	rust_1.13.1_default-caps-simdna	measured	pinned	2	max_ns	668377.326797	12	1.0000	0	0		
rank	stack-frame	(set)	large-subject-throughput	plain	same program	rust_1.13.1_default-caps-simdna	measured	pinned	2	stddev_ns	47080.086587	12	1.0000	0	0		
rank	stack-frame	(set)	large-subject-throughput	plain	same program	rust_1.13.1_default-caps-simdna	measured	pinned	2	ratio_vs_baseline	0.109035	12	1.0000	0	0		
rank	stack-frame	(set)	large-subject-throughput	plain	same program	rust_1.13.1_default-caps-simdna	measured	pinned	2	ratio_vs_best	1.158669	12	1.0000	0	0		
rank	stack-frame	(set)	large-subject-throughput	plain	same program	pcrec_fc719ca4_auto-caps-simdna	measured	pinned	3	median_ns	2295611.576842	12	1.0000	0	0		
rank	stack-frame	(set)	large-subject-throughput	plain	same program	pcrec_fc719ca4_auto-caps-simdna	measured	pinned	3	min_ns	2293455.080000	12	1.0000	0	0		
rank	stack-frame	(set)	large-subject-throughput	plain	same program	pcrec_fc719ca4_auto-caps-simdna	measured	pinned	3	max_ns	2298092.644211	12	1.0000	0	0		
rank	stack-frame	(set)	large-subject-throughput	plain	same program	pcrec_fc719ca4_auto-caps-simdna	measured	pinned	3	stddev_ns	1772.307391	12	1.0000	0	0		
rank	stack-frame	(set)	large-subject-throughput	plain	same program	pcrec_fc719ca4_auto-caps-simdna	measured	pinned	3	ratio_vs_baseline	0.454704	12	1.0000	0	0		
rank	stack-frame	(set)	large-subject-throughput	plain	same program	pcrec_fc719ca4_auto-caps-simdna	measured	pinned	3	ratio_vs_best	4.831943	12	1.0000	0	0		
rank	stack-frame	(set)	large-subject-throughput	plain	same program	pcrec_fc719ca4_auto-caps-simdna_noedge	measured	pinned	4	median_ns	2296489.866109	12	1.0000	0	0		
rank	stack-frame	(set)	large-subject-throughput	plain	same program	pcrec_fc719ca4_auto-caps-simdna_noedge	measured	pinned	4	min_ns	2295594.261506	12	1.0000	0	0		
rank	stack-frame	(set)	large-subject-throughput	plain	same program	pcrec_fc719ca4_auto-caps-simdna_noedge	measured	pinned	4	max_ns	2297186.761506	12	1.0000	0	0		
rank	stack-frame	(set)	large-subject-throughput	plain	same program	pcrec_fc719ca4_auto-caps-simdna_noedge	measured	pinned	4	stddev_ns	630.668020	12	1.0000	0	0		
rank	stack-frame	(set)	large-subject-throughput	plain	same program	pcrec_fc719ca4_auto-caps-simdna_noedge	measured	pinned	4	ratio_vs_baseline	0.454878	12	1.0000	0	0		
rank	stack-frame	(set)	large-subject-throughput	plain	same program	pcrec_fc719ca4_auto-caps-simdna_noedge	measured	pinned	4	ratio_vs_best	4.833791	12	1.0000	0	0		
rank	stack-frame	(set)	large-subject-throughput	plain	same program	libpcre2_10.46_interp-caps-simdna	measured	pinned	5	median_ns	5048586.434783	12	1.0000	0	0		
rank	stack-frame	(set)	large-subject-throughput	plain	same program	libpcre2_10.46_interp-caps-simdna	measured	pinned	5	min_ns	5029502.102174	12	1.0000	0	0		
rank	stack-frame	(set)	large-subject-throughput	plain	same program	libpcre2_10.46_interp-caps-simdna	measured	pinned	5	max_ns	5077655.582609	12	1.0000	0	0		
rank	stack-frame	(set)	large-subject-throughput	plain	same program	libpcre2_10.46_interp-caps-simdna	measured	pinned	5	stddev_ns	18020.386895	12	1.0000	0	0		
rank	stack-frame	(set)	large-subject-throughput	plain	same program	libpcre2_10.46_interp-caps-simdna	measured	pinned	5	ratio_vs_baseline	1.000000	12	1.0000	0	0		
rank	stack-frame	(set)	large-subject-throughput	plain	same program	libpcre2_10.46_interp-caps-simdna	measured	pinned	5	ratio_vs_best	10.626571	12	1.0000	0	0		
baseline	stack-frame	(set)	short-subject-search			libpcre2_10.46_interp-caps-simdna				baseline_identity	interp					libpcre2_10.46_interp-caps-simdna (interp, present in this group)	
rank	stack-frame	(set)	short-subject-search	plain	same program	rust_1.13.1_default-caps-simdna	measured	pinned	1	median_ns	12891.368093	112	1.0000	0	0		
rank	stack-frame	(set)	short-subject-search	plain	same program	rust_1.13.1_default-caps-simdna	measured	pinned	1	min_ns	12860.390388	112	1.0000	0	0		
rank	stack-frame	(set)	short-subject-search	plain	same program	rust_1.13.1_default-caps-simdna	measured	pinned	1	max_ns	13161.090349	112	1.0000	0	0		
rank	stack-frame	(set)	short-subject-search	plain	same program	rust_1.13.1_default-caps-simdna	measured	pinned	1	stddev_ns	112.318253	112	1.0000	0	0		
rank	stack-frame	(set)	short-subject-search	plain	same program	rust_1.13.1_default-caps-simdna	measured	pinned	1	ratio_vs_baseline	0.062238	112	1.0000	0	0		
rank	stack-frame	(set)	short-subject-search	plain	same program	rust_1.13.1_default-caps-simdna	measured	pinned	1	ratio_vs_best	1.000000	112	1.0000	0	0		
rank	stack-frame	(set)	short-subject-search	plain	same program	libpcre2_10.46_jit-caps-simdna	measured	pinned	2	median_ns	17535.434306	112	1.0000	0	0		
rank	stack-frame	(set)	short-subject-search	plain	same program	libpcre2_10.46_jit-caps-simdna	measured	pinned	2	min_ns	17456.253810	112	1.0000	0	0		
rank	stack-frame	(set)	short-subject-search	plain	same program	libpcre2_10.46_jit-caps-simdna	measured	pinned	2	max_ns	17704.820924	112	1.0000	0	0		
rank	stack-frame	(set)	short-subject-search	plain	same program	libpcre2_10.46_jit-caps-simdna	measured	pinned	2	stddev_ns	94.688791	112	1.0000	0	0		
rank	stack-frame	(set)	short-subject-search	plain	same program	libpcre2_10.46_jit-caps-simdna	measured	pinned	2	ratio_vs_baseline	0.084658	112	1.0000	0	0		
rank	stack-frame	(set)	short-subject-search	plain	same program	libpcre2_10.46_jit-caps-simdna	measured	pinned	2	ratio_vs_best	1.360246	112	1.0000	0	0		
rank	stack-frame	(set)	short-subject-search	plain	same program	pcrec_fc719ca4_auto-caps-simdna_noedge	measured	pinned	3	median_ns	36042.574882	112	1.0000	0	0		
rank	stack-frame	(set)	short-subject-search	plain	same program	pcrec_fc719ca4_auto-caps-simdna_noedge	measured	pinned	3	min_ns	36011.913140	112	1.0000	0	0		
rank	stack-frame	(set)	short-subject-search	plain	same program	pcrec_fc719ca4_auto-caps-simdna_noedge	measured	pinned	3	max_ns	36078.299310	112	1.0000	0	0		
rank	stack-frame	(set)	short-subject-search	plain	same program	pcrec_fc719ca4_auto-caps-simdna_noedge	measured	pinned	3	stddev_ns	23.100850	112	1.0000	0	0		
rank	stack-frame	(set)	short-subject-search	plain	same program	pcrec_fc719ca4_auto-caps-simdna_noedge	measured	pinned	3	ratio_vs_baseline	0.174008	112	1.0000	0	0		
rank	stack-frame	(set)	short-subject-search	plain	same program	pcrec_fc719ca4_auto-caps-simdna_noedge	measured	pinned	3	ratio_vs_best	2.795869	112	1.0000	0	0		
rank	stack-frame	(set)	short-subject-search	plain	same program	pcrec_fc719ca4_auto-caps-simdna	measured	pinned	4	median_ns	36051.313915	112	1.0000	0	0		
rank	stack-frame	(set)	short-subject-search	plain	same program	pcrec_fc719ca4_auto-caps-simdna	measured	pinned	4	min_ns	36016.487889	112	1.0000	0	0		
rank	stack-frame	(set)	short-subject-search	plain	same program	pcrec_fc719ca4_auto-caps-simdna	measured	pinned	4	max_ns	36060.789778	112	1.0000	0	0		
rank	stack-frame	(set)	short-subject-search	plain	same program	pcrec_fc719ca4_auto-caps-simdna	measured	pinned	4	stddev_ns	15.784341	112	1.0000	0	0		
rank	stack-frame	(set)	short-subject-search	plain	same program	pcrec_fc719ca4_auto-caps-simdna	measured	pinned	4	ratio_vs_baseline	0.174050	112	1.0000	0	0		
rank	stack-frame	(set)	short-subject-search	plain	same program	pcrec_fc719ca4_auto-caps-simdna	measured	pinned	4	ratio_vs_best	2.796547	112	1.0000	0	0		
rank	stack-frame	(set)	short-subject-search	plain	same program	libpcre2_10.46_interp-caps-simdna	measured	pinned	5	median_ns	207131.659096	112	1.0000	0	0		
rank	stack-frame	(set)	short-subject-search	plain	same program	libpcre2_10.46_interp-caps-simdna	measured	pinned	5	min_ns	207012.538216	112	1.0000	0	0		
rank	stack-frame	(set)	short-subject-search	plain	same program	libpcre2_10.46_interp-caps-simdna	measured	pinned	5	max_ns	207324.679723	112	1.0000	0	0		
rank	stack-frame	(set)	short-subject-search	plain	same program	libpcre2_10.46_interp-caps-simdna	measured	pinned	5	stddev_ns	128.050522	112	1.0000	0	0		
rank	stack-frame	(set)	short-subject-search	plain	same program	libpcre2_10.46_interp-caps-simdna	measured	pinned	5	ratio_vs_baseline	1.000000	112	1.0000	0	0		
rank	stack-frame	(set)	short-subject-search	plain	same program	libpcre2_10.46_interp-caps-simdna	measured	pinned	5	ratio_vs_best	16.067469	112	1.0000	0	0		
baseline	uuid	(set)	large-subject-throughput			libpcre2_10.46_interp-caps-simdna				baseline_identity	interp					libpcre2_10.46_interp-caps-simdna (interp, present in this group)	
rank	uuid	(set)	large-subject-throughput	plain	same program	pcrec_fc719ca4_auto-caps-simdna_noedge	measured	pinned	1	median_ns	1079697.819196	12	1.0000	0	0		
rank	uuid	(set)	large-subject-throughput	plain	same program	pcrec_fc719ca4_auto-caps-simdna_noedge	measured	pinned	1	min_ns	1077643.672991	12	1.0000	0	0		
rank	uuid	(set)	large-subject-throughput	plain	same program	pcrec_fc719ca4_auto-caps-simdna_noedge	measured	pinned	1	max_ns	1085568.494420	12	1.0000	0	0		
rank	uuid	(set)	large-subject-throughput	plain	same program	pcrec_fc719ca4_auto-caps-simdna_noedge	measured	pinned	1	stddev_ns	2703.343942	12	1.0000	0	0		
rank	uuid	(set)	large-subject-throughput	plain	same program	pcrec_fc719ca4_auto-caps-simdna_noedge	measured	pinned	1	ratio_vs_baseline	0.010959	12	1.0000	0	0		
rank	uuid	(set)	large-subject-throughput	plain	same program	pcrec_fc719ca4_auto-caps-simdna_noedge	measured	pinned	1	ratio_vs_best	1.000000	12	1.0000	0	0		
rank	uuid	(set)	large-subject-throughput	plain	same program	pcrec_fc719ca4_auto-caps-simdna	measured	pinned	2	median_ns	1080376.400231	12	1.0000	0	0		
rank	uuid	(set)	large-subject-throughput	plain	same program	pcrec_fc719ca4_auto-caps-simdna	measured	pinned	2	min_ns	1079466.027682	12	1.0000	0	0		
rank	uuid	(set)	large-subject-throughput	plain	same program	pcrec_fc719ca4_auto-caps-simdna	measured	pinned	2	max_ns	1082668.374856	12	1.0000	0	0		
rank	uuid	(set)	large-subject-throughput	plain	same program	pcrec_fc719ca4_auto-caps-simdna	measured	pinned	2	stddev_ns	1168.064261	12	1.0000	0	0		
rank	uuid	(set)	large-subject-throughput	plain	same program	pcrec_fc719ca4_auto-caps-simdna	measured	pinned	2	ratio_vs_baseline	0.010966	12	1.0000	0	0		
rank	uuid	(set)	large-subject-throughput	plain	same program	pcrec_fc719ca4_auto-caps-simdna	measured	pinned	2	ratio_vs_best	1.000628	12	1.0000	0	0		
rank	uuid	(set)	large-subject-throughput	plain	same program	libpcre2_10.46_jit-caps-simdna	measured	pinned	3	median_ns	1737828.366890	12	1.0000	0	0		
rank	uuid	(set)	large-subject-throughput	plain	same program	libpcre2_10.46_jit-caps-simdna	measured	pinned	3	min_ns	1735170.275168	12	1.0000	0	0		
rank	uuid	(set)	large-subject-throughput	plain	same program	libpcre2_10.46_jit-caps-simdna	measured	pinned	3	max_ns	1738052.212528	12	1.0000	0	0		
rank	uuid	(set)	large-subject-throughput	plain	same program	libpcre2_10.46_jit-caps-simdna	measured	pinned	3	stddev_ns	1109.664754	12	1.0000	0	0		
rank	uuid	(set)	large-subject-throughput	plain	same program	libpcre2_10.46_jit-caps-simdna	measured	pinned	3	ratio_vs_baseline	0.017639	12	1.0000	0	0		
rank	uuid	(set)	large-subject-throughput	plain	same program	libpcre2_10.46_jit-caps-simdna	measured	pinned	3	ratio_vs_best	1.609551	12	1.0000	0	0		
rank	uuid	(set)	large-subject-throughput	plain	same program	rust_1.13.1_default-caps-simdna	measured	pinned	4	median_ns	6148513.377358	12	1.0000	0	0		
rank	uuid	(set)	large-subject-throughput	plain	same program	rust_1.13.1_default-caps-simdna	measured	pinned	4	min_ns	6132788.647799	12	1.0000	0	0		
rank	uuid	(set)	large-subject-throughput	plain	same program	rust_1.13.1_default-caps-simdna	measured	pinned	4	max_ns	6180453.515723	12	1.0000	0	0		
rank	uuid	(set)	large-subject-throughput	plain	same program	rust_1.13.1_default-caps-simdna	measured	pinned	4	stddev_ns	16032.148330	12	1.0000	0	0		
rank	uuid	(set)	large-subject-throughput	plain	same program	rust_1.13.1_default-caps-simdna	measured	pinned	4	ratio_vs_baseline	0.062408	12	1.0000	0	0		
rank	uuid	(set)	large-subject-throughput	plain	same program	rust_1.13.1_default-caps-simdna	measured	pinned	4	ratio_vs_best	5.694661	12	1.0000	0	0		
rank	uuid	(set)	large-subject-throughput	plain	same program	libpcre2_10.46_interp-caps-simdna	measured	pinned	5	median_ns	98521050.666667	12	1.0000	0	0		
rank	uuid	(set)	large-subject-throughput	plain	same program	libpcre2_10.46_interp-caps-simdna	measured	pinned	5	min_ns	98344419.555556	12	1.0000	0	0		
rank	uuid	(set)	large-subject-throughput	plain	same program	libpcre2_10.46_interp-caps-simdna	measured	pinned	5	max_ns	98700163.777778	12	1.0000	0	0		
rank	uuid	(set)	large-subject-throughput	plain	same program	libpcre2_10.46_interp-caps-simdna	measured	pinned	5	stddev_ns	120487.300492	12	1.0000	0	0		
rank	uuid	(set)	large-subject-throughput	plain	same program	libpcre2_10.46_interp-caps-simdna	measured	pinned	5	ratio_vs_baseline	1.000000	12	1.0000	0	0		
rank	uuid	(set)	large-subject-throughput	plain	same program	libpcre2_10.46_interp-caps-simdna	measured	pinned	5	ratio_vs_best	91.248726	12	1.0000	0	0		
baseline	uuid	(set)	short-subject-search			libpcre2_10.46_interp-caps-simdna				baseline_identity	interp					libpcre2_10.46_interp-caps-simdna (interp, present in this group)	
rank	uuid	(set)	short-subject-search	plain	same program	pcrec_fc719ca4_auto-caps-simdna_noedge	measured	pinned	1	median_ns	20997.083104	112	1.0000	0	0		
rank	uuid	(set)	short-subject-search	plain	same program	pcrec_fc719ca4_auto-caps-simdna_noedge	measured	pinned	1	min_ns	20964.810336	112	1.0000	0	0		
rank	uuid	(set)	short-subject-search	plain	same program	pcrec_fc719ca4_auto-caps-simdna_noedge	measured	pinned	1	max_ns	21017.428003	112	1.0000	0	0		
rank	uuid	(set)	short-subject-search	plain	same program	pcrec_fc719ca4_auto-caps-simdna_noedge	measured	pinned	1	stddev_ns	17.473995	112	1.0000	0	0		
rank	uuid	(set)	short-subject-search	plain	same program	pcrec_fc719ca4_auto-caps-simdna_noedge	measured	pinned	1	ratio_vs_baseline	0.005668	112	1.0000	0	0		
rank	uuid	(set)	short-subject-search	plain	same program	pcrec_fc719ca4_auto-caps-simdna_noedge	measured	pinned	1	ratio_vs_best	1.000000	112	1.0000	0	0		
rank	uuid	(set)	short-subject-search	plain	same program	pcrec_fc719ca4_auto-caps-simdna	measured	pinned	2	median_ns	21021.046324	112	1.0000	0	0		
rank	uuid	(set)	short-subject-search	plain	same program	pcrec_fc719ca4_auto-caps-simdna	measured	pinned	2	min_ns	21005.632090	112	1.0000	0	0		
rank	uuid	(set)	short-subject-search	plain	same program	pcrec_fc719ca4_auto-caps-simdna	measured	pinned	2	max_ns	21060.529823	112	1.0000	0	0		
rank	uuid	(set)	short-subject-search	plain	same program	pcrec_fc719ca4_auto-caps-simdna	measured	pinned	2	stddev_ns	20.278880	112	1.0000	0	0		
rank	uuid	(set)	short-subject-search	plain	same program	pcrec_fc719ca4_auto-caps-simdna	measured	pinned	2	ratio_vs_baseline	0.005674	112	1.0000	0	0		
rank	uuid	(set)	short-subject-search	plain	same program	pcrec_fc719ca4_auto-caps-simdna	measured	pinned	2	ratio_vs_best	1.001141	112	1.0000	0	0		
rank	uuid	(set)	short-subject-search	plain	same program	libpcre2_10.46_jit-caps-simdna	measured	pinned	3	median_ns	35647.451022	112	1.0000	0	0		
rank	uuid	(set)	short-subject-search	plain	same program	libpcre2_10.46_jit-caps-simdna	measured	pinned	3	min_ns	35483.631830	112	1.0000	0	0		
rank	uuid	(set)	short-subject-search	plain	same program	libpcre2_10.46_jit-caps-simdna	measured	pinned	3	max_ns	35826.809367	112	1.0000	0	0		
rank	uuid	(set)	short-subject-search	plain	same program	libpcre2_10.46_jit-caps-simdna	measured	pinned	3	stddev_ns	129.696519	112	1.0000	0	0		
rank	uuid	(set)	short-subject-search	plain	same program	libpcre2_10.46_jit-caps-simdna	measured	pinned	3	ratio_vs_baseline	0.009622	112	1.0000	0	0		
rank	uuid	(set)	short-subject-search	plain	same program	libpcre2_10.46_jit-caps-simdna	measured	pinned	3	ratio_vs_best	1.697733	112	1.0000	0	0		
rank	uuid	(set)	short-subject-search	plain	same program	rust_1.13.1_default-caps-simdna	measured	pinned	4	median_ns	292934.195827	112	1.0000	0	0		
rank	uuid	(set)	short-subject-search	plain	same program	rust_1.13.1_default-caps-simdna	measured	pinned	4	min_ns	292840.792111	112	1.0000	0	0		
rank	uuid	(set)	short-subject-search	plain	same program	rust_1.13.1_default-caps-simdna	measured	pinned	4	max_ns	293640.190379	112	1.0000	0	0		
rank	uuid	(set)	short-subject-search	plain	same program	rust_1.13.1_default-caps-simdna	measured	pinned	4	stddev_ns	289.881822	112	1.0000	0	0		
rank	uuid	(set)	short-subject-search	plain	same program	rust_1.13.1_default-caps-simdna	measured	pinned	4	ratio_vs_baseline	0.079070	112	1.0000	0	0		
rank	uuid	(set)	short-subject-search	plain	same program	rust_1.13.1_default-caps-simdna	measured	pinned	4	ratio_vs_best	13.951185	112	1.0000	0	0		
rank	uuid	(set)	short-subject-search	plain	same program	libpcre2_10.46_interp-caps-simdna	measured	pinned	5	median_ns	3704741.350552	112	1.0000	0	0		
rank	uuid	(set)	short-subject-search	plain	same program	libpcre2_10.46_interp-caps-simdna	measured	pinned	5	min_ns	3702911.121364	112	1.0000	0	0		
rank	uuid	(set)	short-subject-search	plain	same program	libpcre2_10.46_interp-caps-simdna	measured	pinned	5	max_ns	3739906.595286	112	1.0000	0	0		
rank	uuid	(set)	short-subject-search	plain	same program	libpcre2_10.46_interp-caps-simdna	measured	pinned	5	stddev_ns	14134.707771	112	1.0000	0	0		
rank	uuid	(set)	short-subject-search	plain	same program	libpcre2_10.46_interp-caps-simdna	measured	pinned	5	ratio_vs_baseline	1.000000	112	1.0000	0	0		
rank	uuid	(set)	short-subject-search	plain	same program	libpcre2_10.46_interp-caps-simdna	measured	pinned	5	ratio_vs_best	176.440762	112	1.0000	0	0		
query_yes_beats_nocaps										hit_count	0						
compile	bignum			plain	same program	libpcre2_10.46_interp-caps-simdna				median_total_ns	1260.000000	5					
compile	bignum			plain	same program	libpcre2_10.46_interp-caps-simdna				jitter	timer-floor						
compile	bignum			plain	same program	libpcre2_10.46_interp-caps-simdna				artifact_bytes	199						
compile_stamp						libpcre2_10.46_interp-caps-simdna				engine	-						
compile_stamp						libpcre2_10.46_interp-caps-simdna				entry	plain entry						
compile_stamp						libpcre2_10.46_interp-caps-simdna				prefilter	-						
compile_stamp						libpcre2_10.46_interp-caps-simdna				vm_rungs	-						
compile_stamp						libpcre2_10.46_interp-caps-simdna				buffers	n/s						
compile_stamp						libpcre2_10.46_interp-caps-simdna				frame	n/s						
compile	floor			plain	same program	libpcre2_10.46_interp-caps-simdna				median_total_ns	570.000000	5					
compile	floor			plain	same program	libpcre2_10.46_interp-caps-simdna				jitter	timer-floor						
compile	floor			plain	same program	libpcre2_10.46_interp-caps-simdna				artifact_bytes	161						
compile	hex32-id			plain	same program	libpcre2_10.46_interp-caps-simdna				median_total_ns	2340.000000	5					
compile	hex32-id			plain	same program	libpcre2_10.46_interp-caps-simdna				jitter	timer-floor						
compile	hex32-id			plain	same program	libpcre2_10.46_interp-caps-simdna				artifact_bytes	199						
compile	http-5xx			plain	same program	libpcre2_10.46_interp-caps-simdna				median_total_ns	4210.000000	5					
compile	http-5xx			plain	same program	libpcre2_10.46_interp-caps-simdna				jitter	timer-floor						
compile	http-5xx			plain	same program	libpcre2_10.46_interp-caps-simdna				artifact_bytes	362						
compile	ipv4			plain	same program	libpcre2_10.46_interp-caps-simdna				median_total_ns	5130.000000	5					
compile	ipv4			plain	same program	libpcre2_10.46_interp-caps-simdna				jitter	timer-floor						
compile	ipv4			plain	same program	libpcre2_10.46_interp-caps-simdna				artifact_bytes	1203						
compile	ipv6			plain	same program	libpcre2_10.46_interp-caps-simdna				median_total_ns	4010.000000	5					
compile	ipv6			plain	same program	libpcre2_10.46_interp-caps-simdna				jitter	timer-floor						
compile	ipv6			plain	same program	libpcre2_10.46_interp-caps-simdna				artifact_bytes	941						
compile	iso-ts			plain	same program	libpcre2_10.46_interp-caps-simdna				median_total_ns	3900.000000	5					
compile	iso-ts			plain	same program	libpcre2_10.46_interp-caps-simdna				jitter	timer-floor						
compile	iso-ts			plain	same program	libpcre2_10.46_interp-caps-simdna				artifact_bytes	324						
compile	kv-quoted			plain	same program	libpcre2_10.46_interp-caps-simdna				median_total_ns	2680.000000	5					
compile	kv-quoted			plain	same program	libpcre2_10.46_interp-caps-simdna				jitter	timer-floor						
compile	kv-quoted			plain	same program	libpcre2_10.46_interp-caps-simdna				artifact_bytes	283						
compile	level-context			plain	same program	libpcre2_10.46_interp-caps-simdna				median_total_ns	4430.000000	5					
compile	level-context			plain	same program	libpcre2_10.46_interp-caps-simdna				jitter	timer-floor						
compile	level-context			plain	same program	libpcre2_10.46_interp-caps-simdna				artifact_bytes	305						
compile	stack-frame			plain	same program	libpcre2_10.46_interp-caps-simdna				median_total_ns	12250.000000	5					
compile	stack-frame			plain	same program	libpcre2_10.46_interp-caps-simdna				jitter	timer-floor						
compile	stack-frame			plain	same program	libpcre2_10.46_interp-caps-simdna				artifact_bytes	533						
compile	uuid			plain	same program	libpcre2_10.46_interp-caps-simdna				median_total_ns	3150.000000	5					
compile	uuid			plain	same program	libpcre2_10.46_interp-caps-simdna				jitter	timer-floor						
compile	uuid			plain	same program	libpcre2_10.46_interp-caps-simdna				artifact_bytes	425						
compile	bignum			plain	same program	libpcre2_10.46_jit-caps-simdna				median_total_ns	9240.000000	5					
compile	bignum			plain	same program	libpcre2_10.46_jit-caps-simdna				jitter	timer-floor						
compile	bignum			plain	same program	libpcre2_10.46_jit-caps-simdna				artifact_bytes	199						
compile_stamp						libpcre2_10.46_jit-caps-simdna				engine	-						
compile_stamp						libpcre2_10.46_jit-caps-simdna				entry	plain entry						
compile_stamp						libpcre2_10.46_jit-caps-simdna				prefilter	-						
compile_stamp						libpcre2_10.46_jit-caps-simdna				vm_rungs	-						
compile_stamp						libpcre2_10.46_jit-caps-simdna				buffers	n/s						
compile_stamp						libpcre2_10.46_jit-caps-simdna				frame	n/s						
compile	floor			plain	same program	libpcre2_10.46_jit-caps-simdna				median_total_ns	6350.000000	5					
compile	floor			plain	same program	libpcre2_10.46_jit-caps-simdna				jitter	timer-floor						
compile	floor			plain	same program	libpcre2_10.46_jit-caps-simdna				artifact_bytes	161						
compile	hex32-id			plain	same program	libpcre2_10.46_jit-caps-simdna				median_total_ns	9160.000000	5					
compile	hex32-id			plain	same program	libpcre2_10.46_jit-caps-simdna				jitter	timer-floor						
compile	hex32-id			plain	same program	libpcre2_10.46_jit-caps-simdna				artifact_bytes	199						
compile	http-5xx			plain	same program	libpcre2_10.46_jit-caps-simdna				median_total_ns	24500.000000	5					
compile	http-5xx			plain	same program	libpcre2_10.46_jit-caps-simdna				jitter	1.027						
compile	http-5xx			plain	same program	libpcre2_10.46_jit-caps-simdna				artifact_bytes	362						
compile	ipv4			plain	same program	libpcre2_10.46_jit-caps-simdna				median_total_ns	27240.000000	5					
compile	ipv4			plain	same program	libpcre2_10.46_jit-caps-simdna				jitter	1.014						
compile	ipv4			plain	same program	libpcre2_10.46_jit-caps-simdna				artifact_bytes	1203						
compile	ipv6			plain	same program	libpcre2_10.46_jit-caps-simdna				median_total_ns	24750.000000	5					
compile	ipv6			plain	same program	libpcre2_10.46_jit-caps-simdna				jitter	1.075						
compile	ipv6			plain	same program	libpcre2_10.46_jit-caps-simdna				artifact_bytes	941						
compile	iso-ts			plain	same program	libpcre2_10.46_jit-caps-simdna				median_total_ns	25301.000000	5					
compile	iso-ts			plain	same program	libpcre2_10.46_jit-caps-simdna				jitter	1.564						
compile	iso-ts			plain	same program	libpcre2_10.46_jit-caps-simdna				artifact_bytes	324						
compile	kv-quoted			plain	same program	libpcre2_10.46_jit-caps-simdna				median_total_ns	17611.000000	5					
compile	kv-quoted			plain	same program	libpcre2_10.46_jit-caps-simdna				jitter	timer-floor						
compile	kv-quoted			plain	same program	libpcre2_10.46_jit-caps-simdna				artifact_bytes	283						
compile	level-context			plain	same program	libpcre2_10.46_jit-caps-simdna				median_total_ns	22150.000000	5					
compile	level-context			plain	same program	libpcre2_10.46_jit-caps-simdna				jitter	timer-floor						
compile	level-context			plain	same program	libpcre2_10.46_jit-caps-simdna				artifact_bytes	305						
compile	stack-frame			plain	same program	libpcre2_10.46_jit-caps-simdna				median_total_ns	29460.000000	5					
compile	stack-frame			plain	same program	libpcre2_10.46_jit-caps-simdna				jitter	1.524						
compile	stack-frame			plain	same program	libpcre2_10.46_jit-caps-simdna				artifact_bytes	533						
compile	uuid			plain	same program	libpcre2_10.46_jit-caps-simdna				median_total_ns	21370.000000	5					
compile	uuid			plain	same program	libpcre2_10.46_jit-caps-simdna				jitter	timer-floor						
compile	uuid			plain	same program	libpcre2_10.46_jit-caps-simdna				artifact_bytes	425						
compile	bignum			plain	same program	pcrec_fc719ca4_auto-caps-simdna				median_total_ns	165683143.000000	5					
compile	bignum			plain	same program	pcrec_fc719ca4_auto-caps-simdna				jitter	0.009						
compile	bignum			plain	same program	pcrec_fc719ca4_auto-caps-simdna				artifact_bytes	28648						
compile	bignum			plain	same program	pcrec_fc719ca4_auto-caps-simdna				emit_bytes	26103						
compile	bignum			plain	same program	pcrec_fc719ca4_auto-caps-simdna				emit_code_bytes	16852						
compile_stamp						pcrec_fc719ca4_auto-caps-simdna				engine	dfa						
compile_stamp						pcrec_fc719ca4_auto-caps-simdna				entry	plain entry						
compile_stamp						pcrec_fc719ca4_auto-caps-simdna				prefilter	-						
compile_stamp						pcrec_fc719ca4_auto-caps-simdna				vm_rungs	-						
compile_stamp						pcrec_fc719ca4_auto-caps-simdna				buffers	0 (DFA)						
compile_stamp						pcrec_fc719ca4_auto-caps-simdna				frame	0 (DFA)						
compile_stamp						pcrec_fc719ca4_auto-caps-simdna				dfa_prefilter_offsets	none						
compile_stamp						pcrec_fc719ca4_auto-caps-simdna				dfa_match	unwrapped						
compile_stamp						pcrec_fc719ca4_auto-caps-simdna				dfa_scan_edge	none						
compile_stamp						pcrec_fc719ca4_auto-caps-simdna				scan_edges	0						
compile_stamp						pcrec_fc719ca4_auto-caps-simdna				scan_edges_match	0						
compile_stamp						pcrec_fc719ca4_auto-caps-simdna				engine_sel	selected						
compile	bignum			whole-subject	separate artifact	pcrec_fc719ca4_auto-caps-simdna				median_total_ns	170381247.000000	5					
compile	bignum			whole-subject	separate artifact	pcrec_fc719ca4_auto-caps-simdna				jitter	0.030						
compile	bignum			whole-subject	separate artifact	pcrec_fc719ca4_auto-caps-simdna				artifact_bytes	28792						
compile	bignum			whole-subject	separate artifact	pcrec_fc719ca4_auto-caps-simdna				emit_bytes	29766						
compile	bignum			whole-subject	separate artifact	pcrec_fc719ca4_auto-caps-simdna				emit_code_bytes	18939						
compile	floor			plain	same program	pcrec_fc719ca4_auto-caps-simdna				median_total_ns	156983695.000000	5					
compile	floor			plain	same program	pcrec_fc719ca4_auto-caps-simdna				jitter	0.021						
compile	floor			plain	same program	pcrec_fc719ca4_auto-caps-simdna				artifact_bytes	28320						
compile	floor			plain	same program	pcrec_fc719ca4_auto-caps-simdna				emit_bytes	20172						
compile	floor			plain	same program	pcrec_fc719ca4_auto-caps-simdna				emit_code_bytes	15175						
compile	floor			whole-subject	separate artifact	pcrec_fc719ca4_auto-caps-simdna				median_total_ns	171582143.000000	5					
compile	floor			whole-subject	separate artifact	pcrec_fc719ca4_auto-caps-simdna				jitter	0.019						
compile	floor			whole-subject	separate artifact	pcrec_fc719ca4_auto-caps-simdna				artifact_bytes	28464						
compile	floor			whole-subject	separate artifact	pcrec_fc719ca4_auto-caps-simdna				emit_bytes	22627						
compile	floor			whole-subject	separate artifact	pcrec_fc719ca4_auto-caps-simdna				emit_code_bytes	17304						
compile	hex32-id			plain	same program	pcrec_fc719ca4_auto-caps-simdna				median_total_ns	163412039.000000	5					
compile	hex32-id			plain	same program	pcrec_fc719ca4_auto-caps-simdna				jitter	0.049						
compile	hex32-id			plain	same program	pcrec_fc719ca4_auto-caps-simdna				artifact_bytes	28648						
compile	hex32-id			plain	same program	pcrec_fc719ca4_auto-caps-simdna				emit_bytes	27592						
compile	hex32-id			plain	same program	pcrec_fc719ca4_auto-caps-simdna				emit_code_bytes	16852						
compile	hex32-id			whole-subject	separate artifact	pcrec_fc719ca4_auto-caps-simdna				median_total_ns	176515299.000000	5					
compile	hex32-id			whole-subject	separate artifact	pcrec_fc719ca4_auto-caps-simdna				jitter	0.024						
compile	hex32-id			whole-subject	separate artifact	pcrec_fc719ca4_auto-caps-simdna				artifact_bytes	28792						
compile	hex32-id			whole-subject	separate artifact	pcrec_fc719ca4_auto-caps-simdna				emit_bytes	30787						
compile	hex32-id			whole-subject	separate artifact	pcrec_fc719ca4_auto-caps-simdna				emit_code_bytes	18939						
compile	http-5xx			plain	same program	pcrec_fc719ca4_auto-caps-simdna				median_total_ns	195290699.000000	5					
compile	http-5xx			plain	same program	pcrec_fc719ca4_auto-caps-simdna				jitter	0.011						
compile	http-5xx			plain	same program	pcrec_fc719ca4_auto-caps-simdna				artifact_bytes	36824						
compile	http-5xx			plain	same program	pcrec_fc719ca4_auto-caps-simdna				emit_bytes	54907						
compile	http-5xx			plain	same program	pcrec_fc719ca4_auto-caps-simdna				emit_code_bytes	18788						
compile	http-5xx			whole-subject	separate artifact	pcrec_fc719ca4_auto-caps-simdna				median_total_ns	208909961.000000	5					
compile	http-5xx			whole-subject	separate artifact	pcrec_fc719ca4_auto-caps-simdna				jitter	0.018						
compile	http-5xx			whole-subject	separate artifact	pcrec_fc719ca4_auto-caps-simdna				artifact_bytes	36960						
compile	http-5xx			whole-subject	separate artifact	pcrec_fc719ca4_auto-caps-simdna				emit_bytes	58681						
compile	http-5xx			whole-subject	separate artifact	pcrec_fc719ca4_auto-caps-simdna				emit_code_bytes	20753						
compile	ipv4			plain	same program	pcrec_fc719ca4_auto-caps-simdna				median_total_ns	162300548.000000	5					
compile	ipv4			plain	same program	pcrec_fc719ca4_auto-caps-simdna				jitter	0.030						
compile	ipv4			plain	same program	pcrec_fc719ca4_auto-caps-simdna				artifact_bytes	28368						
compile	ipv4			plain	same program	pcrec_fc719ca4_auto-caps-simdna				emit_bytes	26956						
compile	ipv4			plain	same program	pcrec_fc719ca4_auto-caps-simdna				emit_code_bytes	15338						
compile	ipv4			whole-subject	separate artifact	pcrec_fc719ca4_auto-caps-simdna				median_total_ns	167614966.000000	5					
compile	ipv4			whole-subject	separate artifact	pcrec_fc719ca4_auto-caps-simdna				jitter	0.021						
compile	ipv4			whole-subject	separate artifact	pcrec_fc719ca4_auto-caps-simdna				artifact_bytes	28512						
compile	ipv4			whole-subject	separate artifact	pcrec_fc719ca4_auto-caps-simdna				emit_bytes	30894						
compile	ipv4			whole-subject	separate artifact	pcrec_fc719ca4_auto-caps-simdna				emit_code_bytes	17366						
compile	ipv6			plain	same program	pcrec_fc719ca4_auto-caps-simdna				median_total_ns	174921344.000000	5					
compile	ipv6			plain	same program	pcrec_fc719ca4_auto-caps-simdna				jitter	0.053						
compile	ipv6			plain	same program	pcrec_fc719ca4_auto-caps-simdna				artifact_bytes	28416						
compile	ipv6			plain	same program	pcrec_fc719ca4_auto-caps-simdna				emit_bytes	27923						
compile	ipv6			plain	same program	pcrec_fc719ca4_auto-caps-simdna				emit_code_bytes	16380						
compile	ipv6			whole-subject	separate artifact	pcrec_fc719ca4_auto-caps-simdna				median_total_ns	176193800.000000	5					
compile	ipv6			whole-subject	separate artifact	pcrec_fc719ca4_auto-caps-simdna				jitter	0.029						
compile	ipv6			whole-subject	separate artifact	pcrec_fc719ca4_auto-caps-simdna				artifact_bytes	28552						
compile	ipv6			whole-subject	separate artifact	pcrec_fc719ca4_auto-caps-simdna				emit_bytes	33418						
compile	ipv6			whole-subject	separate artifact	pcrec_fc719ca4_auto-caps-simdna				emit_code_bytes	18292						
compile	iso-ts			plain	same program	pcrec_fc719ca4_auto-caps-simdna				median_total_ns	232318542.000000	5					
compile	iso-ts			plain	same program	pcrec_fc719ca4_auto-caps-simdna				jitter	0.028						
compile	iso-ts			plain	same program	pcrec_fc719ca4_auto-caps-simdna				artifact_bytes	32456						
compile	iso-ts			plain	same program	pcrec_fc719ca4_auto-caps-simdna				emit_bytes	36256						
compile	iso-ts			plain	same program	pcrec_fc719ca4_auto-caps-simdna				emit_code_bytes	23054						
compile	iso-ts			whole-subject	separate artifact	pcrec_fc719ca4_auto-caps-simdna				median_total_ns	236261782.000000	5					
compile	iso-ts			whole-subject	separate artifact	pcrec_fc719ca4_auto-caps-simdna				jitter	0.012						
compile	iso-ts			whole-subject	separate artifact	pcrec_fc719ca4_auto-caps-simdna				artifact_bytes	36696						
compile	iso-ts			whole-subject	separate artifact	pcrec_fc719ca4_auto-caps-simdna				emit_bytes	41476						
compile	iso-ts			whole-subject	separate artifact	pcrec_fc719ca4_auto-caps-simdna				emit_code_bytes	24816						
compile	kv-quoted			plain	same program	pcrec_fc719ca4_auto-caps-simdna				median_total_ns	179506918.000000	5					
compile	kv-quoted			plain	same program	pcrec_fc719ca4_auto-caps-simdna				jitter	0.021						
compile	kv-quoted			plain	same program	pcrec_fc719ca4_auto-caps-simdna				artifact_bytes	32760						
compile	kv-quoted			plain	same program	pcrec_fc719ca4_auto-caps-simdna				emit_bytes	41107						
compile	kv-quoted			plain	same program	pcrec_fc719ca4_auto-caps-simdna				emit_code_bytes	17004						
compile	kv-quoted			whole-subject	separate artifact	pcrec_fc719ca4_auto-caps-simdna				median_total_ns	184742346.000000	5					
compile	kv-quoted			whole-subject	separate artifact	pcrec_fc719ca4_auto-caps-simdna				jitter	0.017						
compile	kv-quoted			whole-subject	separate artifact	pcrec_fc719ca4_auto-caps-simdna				artifact_bytes	32856						
compile	kv-quoted			whole-subject	separate artifact	pcrec_fc719ca4_auto-caps-simdna				emit_bytes	45611						
compile	kv-quoted			whole-subject	separate artifact	pcrec_fc719ca4_auto-caps-simdna				emit_code_bytes	18799						
compile	level-context			plain	same program	pcrec_fc719ca4_auto-caps-simdna				median_total_ns	798968939.000000	5					
compile	level-context			plain	same program	pcrec_fc719ca4_auto-caps-simdna				jitter	0.009						
compile	level-context			plain	same program	pcrec_fc719ca4_auto-caps-simdna				artifact_bytes	41008						
compile	level-context			plain	same program	pcrec_fc719ca4_auto-caps-simdna				emit_bytes	73526						
compile	level-context			plain	same program	pcrec_fc719ca4_auto-caps-simdna				emit_code_bytes	31698						
compile	level-context			whole-subject	separate artifact	pcrec_fc719ca4_auto-caps-simdna				median_total_ns	1031978754.000000	5					
compile	level-context			whole-subject	separate artifact	pcrec_fc719ca4_auto-caps-simdna				jitter	0.008						
compile	level-context			whole-subject	separate artifact	pcrec_fc719ca4_auto-caps-simdna				artifact_bytes	45200						
compile	level-context			whole-subject	separate artifact	pcrec_fc719ca4_auto-caps-simdna				emit_bytes	76669						
compile	level-context			whole-subject	separate artifact	pcrec_fc719ca4_auto-caps-simdna				emit_code_bytes	33239						
compile	stack-frame			plain	same program	pcrec_fc719ca4_auto-caps-simdna				median_total_ns	181045174.000000	5					
compile	stack-frame			plain	same program	pcrec_fc719ca4_auto-caps-simdna				jitter	0.021						
compile	stack-frame			plain	same program	pcrec_fc719ca4_auto-caps-simdna				artifact_bytes	40768						
compile	stack-frame			plain	same program	pcrec_fc719ca4_auto-caps-simdna				emit_bytes	67334						
compile	stack-frame			plain	same program	pcrec_fc719ca4_auto-caps-simdna				emit_code_bytes	17374						
compile	stack-frame			whole-subject	separate artifact	pcrec_fc719ca4_auto-caps-simdna				median_total_ns	197847922.000000	5					
compile	stack-frame			whole-subject	separate artifact	pcrec_fc719ca4_auto-caps-simdna				jitter	0.023						
compile	stack-frame			whole-subject	separate artifact	pcrec_fc719ca4_auto-caps-simdna				artifact_bytes	40912						
compile	stack-frame			whole-subject	separate artifact	pcrec_fc719ca4_auto-caps-simdna				emit_bytes	71628						
compile	stack-frame			whole-subject	separate artifact	pcrec_fc719ca4_auto-caps-simdna				emit_code_bytes	19339						
compile	uuid			plain	same program	pcrec_fc719ca4_auto-caps-simdna				median_total_ns	175225765.000000	5					
compile	uuid			plain	same program	pcrec_fc719ca4_auto-caps-simdna				jitter	0.013						
compile	uuid			plain	same program	pcrec_fc719ca4_auto-caps-simdna				artifact_bytes	32784						
compile	uuid			plain	same program	pcrec_fc719ca4_auto-caps-simdna				emit_bytes	33461						
compile	uuid			plain	same program	pcrec_fc719ca4_auto-caps-simdna				emit_code_bytes	17846						
compile	uuid			whole-subject	separate artifact	pcrec_fc719ca4_auto-caps-simdna				median_total_ns	181469828.000000	5					
compile	uuid			whole-subject	separate artifact	pcrec_fc719ca4_auto-caps-simdna				jitter	0.009						
compile	uuid			whole-subject	separate artifact	pcrec_fc719ca4_auto-caps-simdna				artifact_bytes	32928						
compile	uuid			whole-subject	separate artifact	pcrec_fc719ca4_auto-caps-simdna				emit_bytes	36850						
compile	uuid			whole-subject	separate artifact	pcrec_fc719ca4_auto-caps-simdna				emit_code_bytes	19933						
compile	bignum			plain	same program	pcrec_fc719ca4_auto-caps-simdna_noedge				median_total_ns	153303167.000000	5					
compile	bignum			plain	same program	pcrec_fc719ca4_auto-caps-simdna_noedge				jitter	0.053						
compile	bignum			plain	same program	pcrec_fc719ca4_auto-caps-simdna_noedge				artifact_bytes	28648						
compile	bignum			plain	same program	pcrec_fc719ca4_auto-caps-simdna_noedge				emit_bytes	26109						
compile	bignum			plain	same program	pcrec_fc719ca4_auto-caps-simdna_noedge				emit_code_bytes	16858						
compile_stamp						pcrec_fc719ca4_auto-caps-simdna_noedge				engine	dfa						
compile_stamp						pcrec_fc719ca4_auto-caps-simdna_noedge				entry	plain entry						
compile_stamp						pcrec_fc719ca4_auto-caps-simdna_noedge				prefilter	-						
compile_stamp						pcrec_fc719ca4_auto-caps-simdna_noedge				vm_rungs	-						
compile_stamp						pcrec_fc719ca4_auto-caps-simdna_noedge				buffers	0 (DFA)						
compile_stamp						pcrec_fc719ca4_auto-caps-simdna_noedge				frame	0 (DFA)						
compile_stamp						pcrec_fc719ca4_auto-caps-simdna_noedge				dfa_prefilter_offsets	none						
compile_stamp						pcrec_fc719ca4_auto-caps-simdna_noedge				dfa_match	unwrapped						
compile_stamp						pcrec_fc719ca4_auto-caps-simdna_noedge				dfa_scan_edge	none						
compile_stamp						pcrec_fc719ca4_auto-caps-simdna_noedge				scan_edges	0						
compile_stamp						pcrec_fc719ca4_auto-caps-simdna_noedge				scan_edges_match	0						
compile_stamp						pcrec_fc719ca4_auto-caps-simdna_noedge				engine_sel	selected						
compile	bignum			whole-subject	separate artifact	pcrec_fc719ca4_auto-caps-simdna_noedge				median_total_ns	169962594.000000	5					
compile	bignum			whole-subject	separate artifact	pcrec_fc719ca4_auto-caps-simdna_noedge				jitter	0.040						
compile	bignum			whole-subject	separate artifact	pcrec_fc719ca4_auto-caps-simdna_noedge				artifact_bytes	28792						
compile	bignum			whole-subject	separate artifact	pcrec_fc719ca4_auto-caps-simdna_noedge				emit_bytes	29772						
compile	bignum			whole-subject	separate artifact	pcrec_fc719ca4_auto-caps-simdna_noedge				emit_code_bytes	18945						
compile	floor			plain	same program	pcrec_fc719ca4_auto-caps-simdna_noedge				median_total_ns	152144151.000000	5					
compile	floor			plain	same program	pcrec_fc719ca4_auto-caps-simdna_noedge				jitter	0.041						
compile	floor			plain	same program	pcrec_fc719ca4_auto-caps-simdna_noedge				artifact_bytes	28320						
compile	floor			plain	same program	pcrec_fc719ca4_auto-caps-simdna_noedge				emit_bytes	20178						
compile	floor			plain	same program	pcrec_fc719ca4_auto-caps-simdna_noedge				emit_code_bytes	15181						
compile	floor			whole-subject	separate artifact	pcrec_fc719ca4_auto-caps-simdna_noedge				median_total_ns	168717868.000000	5					
compile	floor			whole-subject	separate artifact	pcrec_fc719ca4_auto-caps-simdna_noedge				jitter	0.031						
compile	floor			whole-subject	separate artifact	pcrec_fc719ca4_auto-caps-simdna_noedge				artifact_bytes	28464						
compile	floor			whole-subject	separate artifact	pcrec_fc719ca4_auto-caps-simdna_noedge				emit_bytes	22633						
compile	floor			whole-subject	separate artifact	pcrec_fc719ca4_auto-caps-simdna_noedge				emit_code_bytes	17310						
compile	hex32-id			plain	same program	pcrec_fc719ca4_auto-caps-simdna_noedge				median_total_ns	165179959.000000	5					
compile	hex32-id			plain	same program	pcrec_fc719ca4_auto-caps-simdna_noedge				jitter	0.033						
compile	hex32-id			plain	same program	pcrec_fc719ca4_auto-caps-simdna_noedge				artifact_bytes	28648						
compile	hex32-id			plain	same program	pcrec_fc719ca4_auto-caps-simdna_noedge				emit_bytes	27598						
compile	hex32-id			plain	same program	pcrec_fc719ca4_auto-caps-simdna_noedge				emit_code_bytes	16858						
compile	hex32-id			whole-subject	separate artifact	pcrec_fc719ca4_auto-caps-simdna_noedge				median_total_ns	169368492.000000	5					
compile	hex32-id			whole-subject	separate artifact	pcrec_fc719ca4_auto-caps-simdna_noedge				jitter	0.043						
compile	hex32-id			whole-subject	separate artifact	pcrec_fc719ca4_auto-caps-simdna_noedge				artifact_bytes	28792						
compile	hex32-id			whole-subject	separate artifact	pcrec_fc719ca4_auto-caps-simdna_noedge				emit_bytes	30793						
compile	hex32-id			whole-subject	separate artifact	pcrec_fc719ca4_auto-caps-simdna_noedge				emit_code_bytes	18945						
compile	http-5xx			plain	same program	pcrec_fc719ca4_auto-caps-simdna_noedge				median_total_ns	175865937.000000	5					
compile	http-5xx			plain	same program	pcrec_fc719ca4_auto-caps-simdna_noedge				jitter	0.034						
compile	http-5xx			plain	same program	pcrec_fc719ca4_auto-caps-simdna_noedge				artifact_bytes	36824						
compile	http-5xx			plain	same program	pcrec_fc719ca4_auto-caps-simdna_noedge				emit_bytes	54030						
compile	http-5xx			plain	same program	pcrec_fc719ca4_auto-caps-simdna_noedge				emit_code_bytes	17357						
compile	http-5xx			whole-subject	separate artifact	pcrec_fc719ca4_auto-caps-simdna_noedge				median_total_ns	177475624.000000	5					
compile	http-5xx			whole-subject	separate artifact	pcrec_fc719ca4_auto-caps-simdna_noedge				jitter	0.030						
compile	http-5xx			whole-subject	separate artifact	pcrec_fc719ca4_auto-caps-simdna_noedge				artifact_bytes	36960						
compile	http-5xx			whole-subject	separate artifact	pcrec_fc719ca4_auto-caps-simdna_noedge				emit_bytes	57826						
compile	http-5xx			whole-subject	separate artifact	pcrec_fc719ca4_auto-caps-simdna_noedge				emit_code_bytes	19322						
compile	ipv4			plain	same program	pcrec_fc719ca4_auto-caps-simdna_noedge				median_total_ns	165696611.000000	5					
compile	ipv4			plain	same program	pcrec_fc719ca4_auto-caps-simdna_noedge				jitter	0.020						
compile	ipv4			plain	same program	pcrec_fc719ca4_auto-caps-simdna_noedge				artifact_bytes	28368						
compile	ipv4			plain	same program	pcrec_fc719ca4_auto-caps-simdna_noedge				emit_bytes	26962						
compile	ipv4			plain	same program	pcrec_fc719ca4_auto-caps-simdna_noedge				emit_code_bytes	15344						
compile	ipv4			whole-subject	separate artifact	pcrec_fc719ca4_auto-caps-simdna_noedge				median_total_ns	170308586.000000	5					
compile	ipv4			whole-subject	separate artifact	pcrec_fc719ca4_auto-caps-simdna_noedge				jitter	0.014						
compile	ipv4			whole-subject	separate artifact	pcrec_fc719ca4_auto-caps-simdna_noedge				artifact_bytes	28512						
compile	ipv4			whole-subject	separate artifact	pcrec_fc719ca4_auto-caps-simdna_noedge				emit_bytes	30900						
compile	ipv4			whole-subject	separate artifact	pcrec_fc719ca4_auto-caps-simdna_noedge				emit_code_bytes	17372						
compile	ipv6			plain	same program	pcrec_fc719ca4_auto-caps-simdna_noedge				median_total_ns	160694875.000000	5					
compile	ipv6			plain	same program	pcrec_fc719ca4_auto-caps-simdna_noedge				jitter	0.033						
compile	ipv6			plain	same program	pcrec_fc719ca4_auto-caps-simdna_noedge				artifact_bytes	28368						
compile	ipv6			plain	same program	pcrec_fc719ca4_auto-caps-simdna_noedge				emit_bytes	25439						
compile	ipv6			plain	same program	pcrec_fc719ca4_auto-caps-simdna_noedge				emit_code_bytes	15315						
compile	ipv6			whole-subject	separate artifact	pcrec_fc719ca4_auto-caps-simdna_noedge				median_total_ns	172400298.000000	5					
compile	ipv6			whole-subject	separate artifact	pcrec_fc719ca4_auto-caps-simdna_noedge				jitter	0.026						
compile	ipv6			whole-subject	separate artifact	pcrec_fc719ca4_auto-caps-simdna_noedge				artifact_bytes	28512						
compile	ipv6			whole-subject	separate artifact	pcrec_fc719ca4_auto-caps-simdna_noedge				emit_bytes	31064						
compile	ipv6			whole-subject	separate artifact	pcrec_fc719ca4_auto-caps-simdna_noedge				emit_code_bytes	17343						
compile	iso-ts			plain	same program	pcrec_fc719ca4_auto-caps-simdna_noedge				median_total_ns	164797437.000000	5					
compile	iso-ts			plain	same program	pcrec_fc719ca4_auto-caps-simdna_noedge				jitter	0.039						
compile	iso-ts			plain	same program	pcrec_fc719ca4_auto-caps-simdna_noedge				artifact_bytes	28360						
compile	iso-ts			plain	same program	pcrec_fc719ca4_auto-caps-simdna_noedge				emit_bytes	29995						
compile	iso-ts			plain	same program	pcrec_fc719ca4_auto-caps-simdna_noedge				emit_code_bytes	15652						
compile	iso-ts			whole-subject	separate artifact	pcrec_fc719ca4_auto-caps-simdna_noedge				median_total_ns	177530785.000000	5					
compile	iso-ts			whole-subject	separate artifact	pcrec_fc719ca4_auto-caps-simdna_noedge				jitter	0.018						
compile	iso-ts			whole-subject	separate artifact	pcrec_fc719ca4_auto-caps-simdna_noedge				artifact_bytes	32600						
compile	iso-ts			whole-subject	separate artifact	pcrec_fc719ca4_auto-caps-simdna_noedge				emit_bytes	35885						
compile	iso-ts			whole-subject	separate artifact	pcrec_fc719ca4_auto-caps-simdna_noedge				emit_code_bytes	17857						
compile	kv-quoted			plain	same program	pcrec_fc719ca4_auto-caps-simdna_noedge				median_total_ns	174052226.000000	5					
compile	kv-quoted			plain	same program	pcrec_fc719ca4_auto-caps-simdna_noedge				jitter	0.035						
compile	kv-quoted			plain	same program	pcrec_fc719ca4_auto-caps-simdna_noedge				artifact_bytes	32760						
compile	kv-quoted			plain	same program	pcrec_fc719ca4_auto-caps-simdna_noedge				emit_bytes	41113						
compile	kv-quoted			plain	same program	pcrec_fc719ca4_auto-caps-simdna_noedge				emit_code_bytes	17010						
compile	kv-quoted			whole-subject	separate artifact	pcrec_fc719ca4_auto-caps-simdna_noedge				median_total_ns	187845561.000000	5					
compile	kv-quoted			whole-subject	separate artifact	pcrec_fc719ca4_auto-caps-simdna_noedge				jitter	0.020						
compile	kv-quoted			whole-subject	separate artifact	pcrec_fc719ca4_auto-caps-simdna_noedge				artifact_bytes	32856						
compile	kv-quoted			whole-subject	separate artifact	pcrec_fc719ca4_auto-caps-simdna_noedge				emit_bytes	45617						
compile	kv-quoted			whole-subject	separate artifact	pcrec_fc719ca4_auto-caps-simdna_noedge				emit_code_bytes	18805						
compile	level-context			plain	same program	pcrec_fc719ca4_auto-caps-simdna_noedge				median_total_ns	796550643.000000	5					
compile	level-context			plain	same program	pcrec_fc719ca4_auto-caps-simdna_noedge				jitter	0.016						
compile	level-context			plain	same program	pcrec_fc719ca4_auto-caps-simdna_noedge				artifact_bytes	41008						
compile	level-context			plain	same program	pcrec_fc719ca4_auto-caps-simdna_noedge				emit_bytes	73532						
compile	level-context			plain	same program	pcrec_fc719ca4_auto-caps-simdna_noedge				emit_code_bytes	31704						
compile	level-context			whole-subject	separate artifact	pcrec_fc719ca4_auto-caps-simdna_noedge				median_total_ns	1043812105.000000	5					
compile	level-context			whole-subject	separate artifact	pcrec_fc719ca4_auto-caps-simdna_noedge				jitter	0.006						
compile	level-context			whole-subject	separate artifact	pcrec_fc719ca4_auto-caps-simdna_noedge				artifact_bytes	45200						
compile	level-context			whole-subject	separate artifact	pcrec_fc719ca4_auto-caps-simdna_noedge				emit_bytes	76675						
compile	level-context			whole-subject	separate artifact	pcrec_fc719ca4_auto-caps-simdna_noedge				emit_code_bytes	33245						
compile	stack-frame			plain	same program	pcrec_fc719ca4_auto-caps-simdna_noedge				median_total_ns	177175443.000000	5					
compile	stack-frame			plain	same program	pcrec_fc719ca4_auto-caps-simdna_noedge				jitter	0.034						
compile	stack-frame			plain	same program	pcrec_fc719ca4_auto-caps-simdna_noedge				artifact_bytes	40768						
compile	stack-frame			plain	same program	pcrec_fc719ca4_auto-caps-simdna_noedge				emit_bytes	67340						
compile	stack-frame			plain	same program	pcrec_fc719ca4_auto-caps-simdna_noedge				emit_code_bytes	17380						
compile	stack-frame			whole-subject	separate artifact	pcrec_fc719ca4_auto-caps-simdna_noedge				median_total_ns	198070951.000000	5					
compile	stack-frame			whole-subject	separate artifact	pcrec_fc719ca4_auto-caps-simdna_noedge				jitter	0.016						
compile	stack-frame			whole-subject	separate artifact	pcrec_fc719ca4_auto-caps-simdna_noedge				artifact_bytes	40912						
compile	stack-frame			whole-subject	separate artifact	pcrec_fc719ca4_auto-caps-simdna_noedge				emit_bytes	71634						
compile	stack-frame			whole-subject	separate artifact	pcrec_fc719ca4_auto-caps-simdna_noedge				emit_code_bytes	19345						
compile	uuid			plain	same program	pcrec_fc719ca4_auto-caps-simdna_noedge				median_total_ns	177573366.000000	5					
compile	uuid			plain	same program	pcrec_fc719ca4_auto-caps-simdna_noedge				jitter	0.008						
compile	uuid			plain	same program	pcrec_fc719ca4_auto-caps-simdna_noedge				artifact_bytes	32784						
compile	uuid			plain	same program	pcrec_fc719ca4_auto-caps-simdna_noedge				emit_bytes	33467						
compile	uuid			plain	same program	pcrec_fc719ca4_auto-caps-simdna_noedge				emit_code_bytes	17852						
compile	uuid			whole-subject	separate artifact	pcrec_fc719ca4_auto-caps-simdna_noedge				median_total_ns	189166767.000000	5					
compile	uuid			whole-subject	separate artifact	pcrec_fc719ca4_auto-caps-simdna_noedge				jitter	0.039						
compile	uuid			whole-subject	separate artifact	pcrec_fc719ca4_auto-caps-simdna_noedge				artifact_bytes	32928						
compile	uuid			whole-subject	separate artifact	pcrec_fc719ca4_auto-caps-simdna_noedge				emit_bytes	36856						
compile	uuid			whole-subject	separate artifact	pcrec_fc719ca4_auto-caps-simdna_noedge				emit_code_bytes	19939						
compile	bignum			plain	same program	rust_1.13.1_default-caps-simdna				median_total_ns	200222.000000	5					
compile	bignum			plain	same program	rust_1.13.1_default-caps-simdna				jitter	0.467						
compile_stamp						rust_1.13.1_default-caps-simdna				engine	-						
compile_stamp						rust_1.13.1_default-caps-simdna				entry	plain entry						
compile_stamp						rust_1.13.1_default-caps-simdna				prefilter	-						
compile_stamp						rust_1.13.1_default-caps-simdna				vm_rungs	-						
compile_stamp						rust_1.13.1_default-caps-simdna				buffers	n/s						
compile_stamp						rust_1.13.1_default-caps-simdna				frame	n/s						
compile	bignum			whole-subject	separate artifact	rust_1.13.1_default-caps-simdna				median_total_ns	78610.000000	5					
compile	bignum			whole-subject	separate artifact	rust_1.13.1_default-caps-simdna				jitter	2.389						
compile	floor			plain	same program	rust_1.13.1_default-caps-simdna				median_total_ns	5020.000000	5					
compile	floor			plain	same program	rust_1.13.1_default-caps-simdna				jitter	timer-floor						
compile	floor			whole-subject	separate artifact	rust_1.13.1_default-caps-simdna				median_total_ns	11370.000000	5					
compile	floor			whole-subject	separate artifact	rust_1.13.1_default-caps-simdna				jitter	timer-floor						
compile	hex32-id			plain	same program	rust_1.13.1_default-caps-simdna				median_total_ns	40310.000000	5					
compile	hex32-id			plain	same program	rust_1.13.1_default-caps-simdna				jitter	2.169						
compile	hex32-id			whole-subject	separate artifact	rust_1.13.1_default-caps-simdna				median_total_ns	92590.000000	5					
compile	hex32-id			whole-subject	separate artifact	rust_1.13.1_default-caps-simdna				jitter	2.047						
compile	http-5xx			plain	same program	rust_1.13.1_default-caps-simdna				median_total_ns	119631.000000	5					
compile	http-5xx			plain	same program	rust_1.13.1_default-caps-simdna				jitter	1.546						
compile	http-5xx			whole-subject	separate artifact	rust_1.13.1_default-caps-simdna				median_total_ns	142791.000000	5					
compile	http-5xx			whole-subject	separate artifact	rust_1.13.1_default-caps-simdna				jitter	1.458						
compile	ipv4			plain	same program	rust_1.13.1_default-caps-simdna				median_total_ns	424813.000000	5					
compile	ipv4			plain	same program	rust_1.13.1_default-caps-simdna				jitter	0.519						
compile	ipv4			whole-subject	separate artifact	rust_1.13.1_default-caps-simdna				median_total_ns	69761.000000	5					
compile	ipv4			whole-subject	separate artifact	rust_1.13.1_default-caps-simdna				jitter	1.319						
compile	ipv6			plain	same program	rust_1.13.1_default-caps-simdna				median_total_ns	74641.000000	5					
compile	ipv6			plain	same program	rust_1.13.1_default-caps-simdna				jitter	1.256						
compile	ipv6			whole-subject	separate artifact	rust_1.13.1_default-caps-simdna				median_total_ns	76371.000000	5					
compile	ipv6			whole-subject	separate artifact	rust_1.13.1_default-caps-simdna				jitter	1.269						
compile	iso-ts			plain	same program	rust_1.13.1_default-caps-simdna				median_total_ns	845666.000000	5					
compile	iso-ts			plain	same program	rust_1.13.1_default-caps-simdna				jitter	0.277						
compile	iso-ts			whole-subject	separate artifact	rust_1.13.1_default-caps-simdna				median_total_ns	2105934.000000	5					
compile	iso-ts			whole-subject	separate artifact	rust_1.13.1_default-caps-simdna				jitter	0.257						
compile	kv-quoted			plain	same program	rust_1.13.1_default-caps-simdna				median_total_ns	345952.000000	5					
compile	kv-quoted			plain	same program	rust_1.13.1_default-caps-simdna				jitter	1.150						
compile	kv-quoted			whole-subject	separate artifact	rust_1.13.1_default-caps-simdna				median_total_ns	112041.000000	5					
compile	kv-quoted			whole-subject	separate artifact	rust_1.13.1_default-caps-simdna				jitter	1.648						
compile	level-context			plain	same program	rust_1.13.1_default-caps-simdna				median_total_ns	1118007.000000	5					
compile	level-context			plain	same program	rust_1.13.1_default-caps-simdna				jitter	0.301						
compile	level-context			whole-subject	separate artifact	rust_1.13.1_default-caps-simdna				median_total_ns	1090737.000000	5					
compile	level-context			whole-subject	separate artifact	rust_1.13.1_default-caps-simdna				jitter	0.283						
compile	stack-frame			plain	same program	rust_1.13.1_default-caps-simdna				median_total_ns	68181.000000	5					
compile	stack-frame			plain	same program	rust_1.13.1_default-caps-simdna				jitter	1.367						
compile	stack-frame			whole-subject	separate artifact	rust_1.13.1_default-caps-simdna				median_total_ns	151841.000000	5					
compile	stack-frame			whole-subject	separate artifact	rust_1.13.1_default-caps-simdna				jitter	1.253						
compile	uuid			plain	same program	rust_1.13.1_default-caps-simdna				median_total_ns	172121.000000	5					
compile	uuid			plain	same program	rust_1.13.1_default-caps-simdna				jitter	1.082						
compile	uuid			whole-subject	separate artifact	rust_1.13.1_default-caps-simdna				median_total_ns	55521.000000	5					
compile	uuid			whole-subject	separate artifact	rust_1.13.1_default-caps-simdna				jitter	1.628						
