# reporter: v18 (2026-09-18); filters: subbench=loglines, version=0.1, testee=libpcre2_10.46_interp-caps-simdna, testee=libpcre2_10.46_jit-caps-simdna, testee=pcrec_25b1984f_auto-caps-simdna, testee=pcrec_25b1984f_auto-nocaps-simdna, testee=pcrec_25b1984f_vm-caps-simdna, testee=pcrec_25b1984f_vm-in-caps-simdna, testee=rust_1.13.1_default-caps-simdna; source: store/index.tsv (13 record(s) matching this query); records: 7; excluded_invalid: 0; superseded: 6; newer_not_measured: 0; subbench_versions: loglines@0.1; machines: budu-ryzen1600; schema_versions: 1.4,1.6; grain: set; single_subject_regimes: ; include_unmeasured: False; include_scratch: False; all_records: False; x13_rules: v1.4 X13 (pre-flight + trial agreement) on 7; mixed_x13: False; include_provenance: False; worst_other_core_busy: 13.83% (libpcre2_10.46_jit-caps-simdna / stack-frame / short-subject-search); floor_pattern: floor
section	pattern	subject_or_na	regime_or_na	form	fact	testee	status	tier	rank_or_na	metric	value	n	pass_rate	n_gave_up	n_wrong	gave_up_summary	delta_verdict
record						loglines@0.1__libpcre2_10.46_interp-caps-simdna__budu-ryzen1600__20260902T070149Z				agreement	agree (0 of 22 groups; 0 of 1364 rows; 0 unjudged; k=1.5, 2/3; 5 trials)						
record						loglines@0.1__libpcre2_10.46_jit-caps-simdna__budu-ryzen1600__20260902T071053Z				agreement	agree (0 of 22 groups; 0 of 1364 rows; 0 unjudged; k=1.5, 2/3; 5 trials)						
record						loglines@0.1__pcrec_25b1984f_auto-caps-simdna__budu-ryzen1600__20260921T041526Z				agreement	agree (0 of 22 groups; 0 of 1364 rows; 0 unjudged; k=1.5, 2/3; 5 trials)						
record						loglines@0.1__pcrec_25b1984f_auto-nocaps-simdna__budu-ryzen1600__20260921T042401Z				agreement	agree (0 of 22 groups; 0 of 1364 rows; 0 unjudged; k=1.5, 2/3; 5 trials)						
record						loglines@0.1__pcrec_25b1984f_vm-caps-simdna__budu-ryzen1600__20260921T043233Z				agreement	agree (0 of 22 groups; 0 of 1364 rows; 0 unjudged; k=1.5, 2/3; 5 trials)						
record						loglines@0.1__pcrec_25b1984f_vm-in-caps-simdna__budu-ryzen1600__20260921T044101Z				agreement	agree (0 of 22 groups; 0 of 1364 rows; 0 unjudged; k=1.5, 2/3; 5 trials)						
record						loglines@0.1__rust_1.13.1_default-caps-simdna__budu-ryzen1600__20260920T164630Z				agreement	agree (0 of 22 groups; 0 of 1364 rows; 0 unjudged; k=1.5, 2/3; 5 trials)						
baseline	bignum	(set)	large-subject-throughput			libpcre2_10.46_interp-caps-simdna				baseline_identity	interp					libpcre2_10.46_interp-caps-simdna (interp, present in this group)	
rank	bignum	(set)	large-subject-throughput	plain	same program	libpcre2_10.46_jit-caps-simdna	measured	pinned	1	median_ns	11382589.670732	12	1.0000	0	0		
rank	bignum	(set)	large-subject-throughput	plain	same program	libpcre2_10.46_jit-caps-simdna	measured	pinned	1	min_ns	11358255.402439	12	1.0000	0	0		
rank	bignum	(set)	large-subject-throughput	plain	same program	libpcre2_10.46_jit-caps-simdna	measured	pinned	1	max_ns	11389777.158537	12	1.0000	0	0		
rank	bignum	(set)	large-subject-throughput	plain	same program	libpcre2_10.46_jit-caps-simdna	measured	pinned	1	stddev_ns	11462.816169	12	1.0000	0	0		
rank	bignum	(set)	large-subject-throughput	plain	same program	libpcre2_10.46_jit-caps-simdna	measured	pinned	1	ratio_vs_baseline	0.196662	12	1.0000	0	0		
rank	bignum	(set)	large-subject-throughput	plain	same program	libpcre2_10.46_jit-caps-simdna	measured	pinned	1	ratio_vs_best	1.000000	12	1.0000	0	0		
rank	bignum	(set)	large-subject-throughput	plain	same program	pcrec_25b1984f_auto-caps-simdna	measured	pinned	2	median_ns	13195556.757576	12	1.0000	0	0		
rank	bignum	(set)	large-subject-throughput	plain	same program	pcrec_25b1984f_auto-caps-simdna	measured	pinned	2	min_ns	13073482.787879	12	1.0000	0	0		
rank	bignum	(set)	large-subject-throughput	plain	same program	pcrec_25b1984f_auto-caps-simdna	measured	pinned	2	max_ns	13208171.984848	12	1.0000	0	0		
rank	bignum	(set)	large-subject-throughput	plain	same program	pcrec_25b1984f_auto-caps-simdna	measured	pinned	2	stddev_ns	54538.506161	12	1.0000	0	0		
rank	bignum	(set)	large-subject-throughput	plain	same program	pcrec_25b1984f_auto-caps-simdna	measured	pinned	2	ratio_vs_baseline	0.227986	12	1.0000	0	0		
rank	bignum	(set)	large-subject-throughput	plain	same program	pcrec_25b1984f_auto-caps-simdna	measured	pinned	2	ratio_vs_best	1.159275	12	1.0000	0	0		
rank	bignum	(set)	large-subject-throughput	plain	same program	pcrec_25b1984f_auto-nocaps-simdna	measured	pinned	3	median_ns	13201447.402985	12	1.0000	0	0		
rank	bignum	(set)	large-subject-throughput	plain	same program	pcrec_25b1984f_auto-nocaps-simdna	measured	pinned	3	min_ns	13118232.208955	12	1.0000	0	0		
rank	bignum	(set)	large-subject-throughput	plain	same program	pcrec_25b1984f_auto-nocaps-simdna	measured	pinned	3	max_ns	13209410.731343	12	1.0000	0	0		
rank	bignum	(set)	large-subject-throughput	plain	same program	pcrec_25b1984f_auto-nocaps-simdna	measured	pinned	3	stddev_ns	34452.201937	12	1.0000	0	0		
rank	bignum	(set)	large-subject-throughput	plain	same program	pcrec_25b1984f_auto-nocaps-simdna	measured	pinned	3	ratio_vs_baseline	0.228088	12	1.0000	0	0		
rank	bignum	(set)	large-subject-throughput	plain	same program	pcrec_25b1984f_auto-nocaps-simdna	measured	pinned	3	ratio_vs_best	1.159793	12	1.0000	0	0		
rank	bignum	(set)	large-subject-throughput	plain	same program	rust_1.13.1_default-caps-simdna	measured	pinned	4	median_ns	17744002.254237	12	1.0000	0	0		
rank	bignum	(set)	large-subject-throughput	plain	same program	rust_1.13.1_default-caps-simdna	measured	pinned	4	min_ns	17718973.355932	12	1.0000	0	0		
rank	bignum	(set)	large-subject-throughput	plain	same program	rust_1.13.1_default-caps-simdna	measured	pinned	4	max_ns	19010549.474576	12	1.0000	0	0		
rank	bignum	(set)	large-subject-throughput	plain	same program	rust_1.13.1_default-caps-simdna	measured	pinned	4	stddev_ns	509059.555189	12	1.0000	0	0		
rank	bignum	(set)	large-subject-throughput	plain	same program	rust_1.13.1_default-caps-simdna	measured	pinned	4	ratio_vs_baseline	0.306572	12	1.0000	0	0		
rank	bignum	(set)	large-subject-throughput	plain	same program	rust_1.13.1_default-caps-simdna	measured	pinned	4	ratio_vs_best	1.558872	12	1.0000	0	0		
rank	bignum	(set)	large-subject-throughput	plain	same program	pcrec_25b1984f_vm-caps-simdna	measured	pinned	5	median_ns	34440671.708333	12	1.0000	0	0		
rank	bignum	(set)	large-subject-throughput	plain	same program	pcrec_25b1984f_vm-caps-simdna	measured	pinned	5	min_ns	34404807.750000	12	1.0000	0	0		
rank	bignum	(set)	large-subject-throughput	plain	same program	pcrec_25b1984f_vm-caps-simdna	measured	pinned	5	max_ns	34502529.541667	12	1.0000	0	0		
rank	bignum	(set)	large-subject-throughput	plain	same program	pcrec_25b1984f_vm-caps-simdna	measured	pinned	5	stddev_ns	34712.960864	12	1.0000	0	0		
rank	bignum	(set)	large-subject-throughput	plain	same program	pcrec_25b1984f_vm-caps-simdna	measured	pinned	5	ratio_vs_baseline	0.595048	12	1.0000	0	0		
rank	bignum	(set)	large-subject-throughput	plain	same program	pcrec_25b1984f_vm-caps-simdna	measured	pinned	5	ratio_vs_best	3.025733	12	1.0000	0	0		
rank	bignum	(set)	large-subject-throughput	plain	same program	pcrec_25b1984f_vm-in-caps-simdna	measured	pinned	6	median_ns	34476416.041667	12	1.0000	0	0		
rank	bignum	(set)	large-subject-throughput	plain	same program	pcrec_25b1984f_vm-in-caps-simdna	measured	pinned	6	min_ns	34458438.875000	12	1.0000	0	0		
rank	bignum	(set)	large-subject-throughput	plain	same program	pcrec_25b1984f_vm-in-caps-simdna	measured	pinned	6	max_ns	34767412.583333	12	1.0000	0	0		
rank	bignum	(set)	large-subject-throughput	plain	same program	pcrec_25b1984f_vm-in-caps-simdna	measured	pinned	6	stddev_ns	132024.477558	12	1.0000	0	0		
rank	bignum	(set)	large-subject-throughput	plain	same program	pcrec_25b1984f_vm-in-caps-simdna	measured	pinned	6	ratio_vs_baseline	0.595665	12	1.0000	0	0		
rank	bignum	(set)	large-subject-throughput	plain	same program	pcrec_25b1984f_vm-in-caps-simdna	measured	pinned	6	ratio_vs_best	3.028873	12	1.0000	0	0		
rank	bignum	(set)	large-subject-throughput	plain	same program	libpcre2_10.46_interp-caps-simdna	measured	pinned	7	median_ns	57878835.000000	12	1.0000	0	0		
rank	bignum	(set)	large-subject-throughput	plain	same program	libpcre2_10.46_interp-caps-simdna	measured	pinned	7	min_ns	57794557.866667	12	1.0000	0	0		
rank	bignum	(set)	large-subject-throughput	plain	same program	libpcre2_10.46_interp-caps-simdna	measured	pinned	7	max_ns	58075503.400000	12	1.0000	0	0		
rank	bignum	(set)	large-subject-throughput	plain	same program	libpcre2_10.46_interp-caps-simdna	measured	pinned	7	stddev_ns	103320.758894	12	1.0000	0	0		
rank	bignum	(set)	large-subject-throughput	plain	same program	libpcre2_10.46_interp-caps-simdna	measured	pinned	7	ratio_vs_baseline	1.000000	12	1.0000	0	0		
rank	bignum	(set)	large-subject-throughput	plain	same program	libpcre2_10.46_interp-caps-simdna	measured	pinned	7	ratio_vs_best	5.084856	12	1.0000	0	0		
baseline	bignum	(set)	short-subject-search			libpcre2_10.46_interp-caps-simdna				baseline_identity	interp					libpcre2_10.46_interp-caps-simdna (interp, present in this group)	
rank	bignum	(set)	short-subject-search	plain	same program	libpcre2_10.46_jit-caps-simdna	measured	pinned	1	median_ns	395913.648097	112	1.0000	0	0		
rank	bignum	(set)	short-subject-search	plain	same program	libpcre2_10.46_jit-caps-simdna	measured	pinned	1	min_ns	393751.781507	112	1.0000	0	0		
rank	bignum	(set)	short-subject-search	plain	same program	libpcre2_10.46_jit-caps-simdna	measured	pinned	1	max_ns	396496.751045	112	1.0000	0	0		
rank	bignum	(set)	short-subject-search	plain	same program	libpcre2_10.46_jit-caps-simdna	measured	pinned	1	stddev_ns	1004.478834	112	1.0000	0	0		
rank	bignum	(set)	short-subject-search	plain	same program	libpcre2_10.46_jit-caps-simdna	measured	pinned	1	ratio_vs_baseline	0.175936	112	1.0000	0	0		
rank	bignum	(set)	short-subject-search	plain	same program	libpcre2_10.46_jit-caps-simdna	measured	pinned	1	ratio_vs_best	1.000000	112	1.0000	0	0		
rank	bignum	(set)	short-subject-search	plain	same program	pcrec_25b1984f_auto-caps-simdna	measured	pinned	2	median_ns	429980.577871	112	1.0000	0	0		
rank	bignum	(set)	short-subject-search	plain	same program	pcrec_25b1984f_auto-caps-simdna	measured	pinned	2	min_ns	427894.054092	112	1.0000	0	0		
rank	bignum	(set)	short-subject-search	plain	same program	pcrec_25b1984f_auto-caps-simdna	measured	pinned	2	max_ns	434432.681502	112	1.0000	0	0		
rank	bignum	(set)	short-subject-search	plain	same program	pcrec_25b1984f_auto-caps-simdna	measured	pinned	2	stddev_ns	2460.291971	112	1.0000	0	0		
rank	bignum	(set)	short-subject-search	plain	same program	pcrec_25b1984f_auto-caps-simdna	measured	pinned	2	ratio_vs_baseline	0.191074	112	1.0000	0	0		
rank	bignum	(set)	short-subject-search	plain	same program	pcrec_25b1984f_auto-caps-simdna	measured	pinned	2	ratio_vs_best	1.086046	112	1.0000	0	0		
rank	bignum	(set)	short-subject-search	plain	same program	pcrec_25b1984f_auto-nocaps-simdna	measured	pinned	3	median_ns	430718.845538	112	1.0000	0	0		
rank	bignum	(set)	short-subject-search	plain	same program	pcrec_25b1984f_auto-nocaps-simdna	measured	pinned	3	min_ns	427072.904876	112	1.0000	0	0		
rank	bignum	(set)	short-subject-search	plain	same program	pcrec_25b1984f_auto-nocaps-simdna	measured	pinned	3	max_ns	432153.992469	112	1.0000	0	0		
rank	bignum	(set)	short-subject-search	plain	same program	pcrec_25b1984f_auto-nocaps-simdna	measured	pinned	3	stddev_ns	1740.947879	112	1.0000	0	0		
rank	bignum	(set)	short-subject-search	plain	same program	pcrec_25b1984f_auto-nocaps-simdna	measured	pinned	3	ratio_vs_baseline	0.191402	112	1.0000	0	0		
rank	bignum	(set)	short-subject-search	plain	same program	pcrec_25b1984f_auto-nocaps-simdna	measured	pinned	3	ratio_vs_best	1.087911	112	1.0000	0	0		
rank	bignum	(set)	short-subject-search	plain	same program	rust_1.13.1_default-caps-simdna	measured	pinned	4	median_ns	725435.508311	112	1.0000	0	0		
rank	bignum	(set)	short-subject-search	plain	same program	rust_1.13.1_default-caps-simdna	measured	pinned	4	min_ns	723907.880791	112	1.0000	0	0		
rank	bignum	(set)	short-subject-search	plain	same program	rust_1.13.1_default-caps-simdna	measured	pinned	4	max_ns	726985.269204	112	1.0000	0	0		
rank	bignum	(set)	short-subject-search	plain	same program	rust_1.13.1_default-caps-simdna	measured	pinned	4	stddev_ns	1103.994901	112	1.0000	0	0		
rank	bignum	(set)	short-subject-search	plain	same program	rust_1.13.1_default-caps-simdna	measured	pinned	4	ratio_vs_baseline	0.322368	112	1.0000	0	0		
rank	bignum	(set)	short-subject-search	plain	same program	rust_1.13.1_default-caps-simdna	measured	pinned	4	ratio_vs_best	1.832307	112	1.0000	0	0		
rank	bignum	(set)	short-subject-search	plain	same program	pcrec_25b1984f_vm-caps-simdna	measured	pinned	5	median_ns	1280919.696620	112	1.0000	0	0		
rank	bignum	(set)	short-subject-search	plain	same program	pcrec_25b1984f_vm-caps-simdna	measured	pinned	5	min_ns	1280355.413153	112	1.0000	0	0		
rank	bignum	(set)	short-subject-search	plain	same program	pcrec_25b1984f_vm-caps-simdna	measured	pinned	5	max_ns	1282063.199632	112	1.0000	0	0		
rank	bignum	(set)	short-subject-search	plain	same program	pcrec_25b1984f_vm-caps-simdna	measured	pinned	5	stddev_ns	667.938845	112	1.0000	0	0		
rank	bignum	(set)	short-subject-search	plain	same program	pcrec_25b1984f_vm-caps-simdna	measured	pinned	5	ratio_vs_baseline	0.569213	112	1.0000	0	0		
rank	bignum	(set)	short-subject-search	plain	same program	pcrec_25b1984f_vm-caps-simdna	measured	pinned	5	ratio_vs_best	3.235351	112	1.0000	0	0		
rank	bignum	(set)	short-subject-search	plain	same program	pcrec_25b1984f_vm-in-caps-simdna	measured	pinned	6	median_ns	1282579.627922	112	1.0000	0	0		
rank	bignum	(set)	short-subject-search	plain	same program	pcrec_25b1984f_vm-in-caps-simdna	measured	pinned	6	min_ns	1281524.979937	112	1.0000	0	0		
rank	bignum	(set)	short-subject-search	plain	same program	pcrec_25b1984f_vm-in-caps-simdna	measured	pinned	6	max_ns	1284186.244238	112	1.0000	0	0		
rank	bignum	(set)	short-subject-search	plain	same program	pcrec_25b1984f_vm-in-caps-simdna	measured	pinned	6	stddev_ns	880.122486	112	1.0000	0	0		
rank	bignum	(set)	short-subject-search	plain	same program	pcrec_25b1984f_vm-in-caps-simdna	measured	pinned	6	ratio_vs_baseline	0.569951	112	1.0000	0	0		
rank	bignum	(set)	short-subject-search	plain	same program	pcrec_25b1984f_vm-in-caps-simdna	measured	pinned	6	ratio_vs_best	3.239544	112	1.0000	0	0		
rank	bignum	(set)	short-subject-search	plain	same program	libpcre2_10.46_interp-caps-simdna	measured	pinned	7	median_ns	2250332.922988	112	1.0000	0	0		
rank	bignum	(set)	short-subject-search	plain	same program	libpcre2_10.46_interp-caps-simdna	measured	pinned	7	min_ns	2243652.571222	112	1.0000	0	0		
rank	bignum	(set)	short-subject-search	plain	same program	libpcre2_10.46_interp-caps-simdna	measured	pinned	7	max_ns	2739686.144760	112	1.0000	0	0		
rank	bignum	(set)	short-subject-search	plain	same program	libpcre2_10.46_interp-caps-simdna	measured	pinned	7	stddev_ns	196086.771387	112	1.0000	0	0		
rank	bignum	(set)	short-subject-search	plain	same program	libpcre2_10.46_interp-caps-simdna	measured	pinned	7	ratio_vs_baseline	1.000000	112	1.0000	0	0		
rank	bignum	(set)	short-subject-search	plain	same program	libpcre2_10.46_interp-caps-simdna	measured	pinned	7	ratio_vs_best	5.683898	112	1.0000	0	0		
baseline	floor	(set)	large-subject-throughput			libpcre2_10.46_interp-caps-simdna				baseline_identity	interp					libpcre2_10.46_interp-caps-simdna (interp, present in this group)	
rank	floor	(set)	large-subject-throughput	plain	same program	pcrec_25b1984f_auto-nocaps-simdna	measured	pinned	1	median_ns	3834279.630332	12	1.0000	0	0		
rank	floor	(set)	large-subject-throughput	plain	same program	pcrec_25b1984f_auto-nocaps-simdna	measured	pinned	1	min_ns	3832135.308057	12	1.0000	0	0		
rank	floor	(set)	large-subject-throughput	plain	same program	pcrec_25b1984f_auto-nocaps-simdna	measured	pinned	1	max_ns	3836022.483412	12	1.0000	0	0		
rank	floor	(set)	large-subject-throughput	plain	same program	pcrec_25b1984f_auto-nocaps-simdna	measured	pinned	1	stddev_ns	1234.390194	12	1.0000	0	0		
rank	floor	(set)	large-subject-throughput	plain	same program	pcrec_25b1984f_auto-nocaps-simdna	measured	pinned	1	ratio_vs_baseline	0.263815	12	1.0000	0	0		
rank	floor	(set)	large-subject-throughput	plain	same program	pcrec_25b1984f_auto-nocaps-simdna	measured	pinned	1	ratio_vs_best	1.000000	12	1.0000	0	0		
rank	floor	(set)	large-subject-throughput	plain	same program	pcrec_25b1984f_auto-caps-simdna	measured	pinned	2	median_ns	3837086.127962	12	1.0000	0	0		
rank	floor	(set)	large-subject-throughput	plain	same program	pcrec_25b1984f_auto-caps-simdna	measured	pinned	2	min_ns	3832658.426540	12	1.0000	0	0		
rank	floor	(set)	large-subject-throughput	plain	same program	pcrec_25b1984f_auto-caps-simdna	measured	pinned	2	max_ns	3840569.412322	12	1.0000	0	0		
rank	floor	(set)	large-subject-throughput	plain	same program	pcrec_25b1984f_auto-caps-simdna	measured	pinned	2	stddev_ns	2664.523923	12	1.0000	0	0		
rank	floor	(set)	large-subject-throughput	plain	same program	pcrec_25b1984f_auto-caps-simdna	measured	pinned	2	ratio_vs_baseline	0.264008	12	1.0000	0	0		
rank	floor	(set)	large-subject-throughput	plain	same program	pcrec_25b1984f_auto-caps-simdna	measured	pinned	2	ratio_vs_best	1.000732	12	1.0000	0	0		
rank	floor	(set)	large-subject-throughput	plain	same program	rust_1.13.1_default-caps-simdna	measured	pinned	3	median_ns	4168307.092683	12	1.0000	0	0		
rank	floor	(set)	large-subject-throughput	plain	same program	rust_1.13.1_default-caps-simdna	measured	pinned	3	min_ns	4164827.429268	12	1.0000	0	0		
rank	floor	(set)	large-subject-throughput	plain	same program	rust_1.13.1_default-caps-simdna	measured	pinned	3	max_ns	4171492.287805	12	1.0000	0	0		
rank	floor	(set)	large-subject-throughput	plain	same program	rust_1.13.1_default-caps-simdna	measured	pinned	3	stddev_ns	2221.689318	12	1.0000	0	0		
rank	floor	(set)	large-subject-throughput	plain	same program	rust_1.13.1_default-caps-simdna	measured	pinned	3	ratio_vs_baseline	0.286798	12	1.0000	0	0		
rank	floor	(set)	large-subject-throughput	plain	same program	rust_1.13.1_default-caps-simdna	measured	pinned	3	ratio_vs_best	1.087116	12	1.0000	0	0		
rank	floor	(set)	large-subject-throughput	plain	same program	pcrec_25b1984f_vm-caps-simdna	measured	pinned	4	median_ns	4567393.429319	12	1.0000	0	0		
rank	floor	(set)	large-subject-throughput	plain	same program	pcrec_25b1984f_vm-caps-simdna	measured	pinned	4	min_ns	4534740.434555	12	1.0000	0	0		
rank	floor	(set)	large-subject-throughput	plain	same program	pcrec_25b1984f_vm-caps-simdna	measured	pinned	4	max_ns	4653431.036649	12	1.0000	0	0		
rank	floor	(set)	large-subject-throughput	plain	same program	pcrec_25b1984f_vm-caps-simdna	measured	pinned	4	stddev_ns	41520.166466	12	1.0000	0	0		
rank	floor	(set)	large-subject-throughput	plain	same program	pcrec_25b1984f_vm-caps-simdna	measured	pinned	4	ratio_vs_baseline	0.314257	12	1.0000	0	0		
rank	floor	(set)	large-subject-throughput	plain	same program	pcrec_25b1984f_vm-caps-simdna	measured	pinned	4	ratio_vs_best	1.191200	12	1.0000	0	0		
rank	floor	(set)	large-subject-throughput	plain	same program	pcrec_25b1984f_vm-in-caps-simdna	measured	pinned	5	median_ns	4682305.432584	12	1.0000	0	0		
rank	floor	(set)	large-subject-throughput	plain	same program	pcrec_25b1984f_vm-in-caps-simdna	measured	pinned	5	min_ns	4653010.393258	12	1.0000	0	0		
rank	floor	(set)	large-subject-throughput	plain	same program	pcrec_25b1984f_vm-in-caps-simdna	measured	pinned	5	max_ns	4727786.280899	12	1.0000	0	0		
rank	floor	(set)	large-subject-throughput	plain	same program	pcrec_25b1984f_vm-in-caps-simdna	measured	pinned	5	stddev_ns	25756.458820	12	1.0000	0	0		
rank	floor	(set)	large-subject-throughput	plain	same program	pcrec_25b1984f_vm-in-caps-simdna	measured	pinned	5	ratio_vs_baseline	0.322163	12	1.0000	0	0		
rank	floor	(set)	large-subject-throughput	plain	same program	pcrec_25b1984f_vm-in-caps-simdna	measured	pinned	5	ratio_vs_best	1.221170	12	1.0000	0	0		
rank	floor	(set)	large-subject-throughput	plain	same program	libpcre2_10.46_jit-caps-simdna	measured	pinned	6	median_ns	6679229.808333	12	1.0000	0	0		
rank	floor	(set)	large-subject-throughput	plain	same program	libpcre2_10.46_jit-caps-simdna	measured	pinned	6	min_ns	6646712.608333	12	1.0000	0	0		
rank	floor	(set)	large-subject-throughput	plain	same program	libpcre2_10.46_jit-caps-simdna	measured	pinned	6	max_ns	7365085.825000	12	1.0000	0	0		
rank	floor	(set)	large-subject-throughput	plain	same program	libpcre2_10.46_jit-caps-simdna	measured	pinned	6	stddev_ns	272133.552491	12	1.0000	0	0		
rank	floor	(set)	large-subject-throughput	plain	same program	libpcre2_10.46_jit-caps-simdna	measured	pinned	6	ratio_vs_baseline	0.459560	12	1.0000	0	0		
rank	floor	(set)	large-subject-throughput	plain	same program	libpcre2_10.46_jit-caps-simdna	measured	pinned	6	ratio_vs_best	1.741978	12	1.0000	0	0		
rank	floor	(set)	large-subject-throughput	plain	same program	libpcre2_10.46_interp-caps-simdna	measured	pinned	7	median_ns	14533959.070175	12	1.0000	0	0		
rank	floor	(set)	large-subject-throughput	plain	same program	libpcre2_10.46_interp-caps-simdna	measured	pinned	7	min_ns	14361041.385965	12	1.0000	0	0		
rank	floor	(set)	large-subject-throughput	plain	same program	libpcre2_10.46_interp-caps-simdna	measured	pinned	7	max_ns	14749243.175439	12	1.0000	0	0		
rank	floor	(set)	large-subject-throughput	plain	same program	libpcre2_10.46_interp-caps-simdna	measured	pinned	7	stddev_ns	130640.420849	12	1.0000	0	0		
rank	floor	(set)	large-subject-throughput	plain	same program	libpcre2_10.46_interp-caps-simdna	measured	pinned	7	ratio_vs_baseline	1.000000	12	1.0000	0	0		
rank	floor	(set)	large-subject-throughput	plain	same program	libpcre2_10.46_interp-caps-simdna	measured	pinned	7	ratio_vs_best	3.790532	12	1.0000	0	0		
baseline	floor	(set)	short-subject-search			libpcre2_10.46_interp-caps-simdna				baseline_identity	interp					libpcre2_10.46_interp-caps-simdna (interp, present in this group)	
rank	floor	(set)	short-subject-search	plain	same program	pcrec_25b1984f_vm-in-caps-simdna	measured	pinned	1	median_ns	1538.518856	112	1.0000	0	0		
rank	floor	(set)	short-subject-search	plain	same program	pcrec_25b1984f_vm-in-caps-simdna	measured	pinned	1	min_ns	1522.907336	112	1.0000	0	0		
rank	floor	(set)	short-subject-search	plain	same program	pcrec_25b1984f_vm-in-caps-simdna	measured	pinned	1	max_ns	1558.583009	112	1.0000	0	0		
rank	floor	(set)	short-subject-search	plain	same program	pcrec_25b1984f_vm-in-caps-simdna	measured	pinned	1	stddev_ns	12.883864	112	1.0000	0	0		
rank	floor	(set)	short-subject-search	plain	same program	pcrec_25b1984f_vm-in-caps-simdna	measured	pinned	1	ratio_vs_baseline	0.135430	112	1.0000	0	0		
rank	floor	(set)	short-subject-search	plain	same program	pcrec_25b1984f_vm-in-caps-simdna	measured	pinned	1	ratio_vs_best	1.000000	112	1.0000	0	0		
rank	floor	(set)	short-subject-search	plain	same program	pcrec_25b1984f_vm-caps-simdna	measured	pinned	2	median_ns	1649.980973	112	1.0000	0	0		
rank	floor	(set)	short-subject-search	plain	same program	pcrec_25b1984f_vm-caps-simdna	measured	pinned	2	min_ns	1646.016826	112	1.0000	0	0		
rank	floor	(set)	short-subject-search	plain	same program	pcrec_25b1984f_vm-caps-simdna	measured	pinned	2	max_ns	1655.475653	112	1.0000	0	0		
rank	floor	(set)	short-subject-search	plain	same program	pcrec_25b1984f_vm-caps-simdna	measured	pinned	2	stddev_ns	3.517871	112	1.0000	0	0		
rank	floor	(set)	short-subject-search	plain	same program	pcrec_25b1984f_vm-caps-simdna	measured	pinned	2	ratio_vs_baseline	0.145242	112	1.0000	0	0		
rank	floor	(set)	short-subject-search	plain	same program	pcrec_25b1984f_vm-caps-simdna	measured	pinned	2	ratio_vs_best	1.072448	112	1.0000	0	0		
rank	floor	(set)	short-subject-search	plain	same program	pcrec_25b1984f_auto-caps-simdna	measured	pinned	3	median_ns	2049.135229	112	1.0000	0	0		
rank	floor	(set)	short-subject-search	plain	same program	pcrec_25b1984f_auto-caps-simdna	measured	pinned	3	min_ns	2045.498791	112	1.0000	0	0		
rank	floor	(set)	short-subject-search	plain	same program	pcrec_25b1984f_auto-caps-simdna	measured	pinned	3	max_ns	2058.340830	112	1.0000	0	0		
rank	floor	(set)	short-subject-search	plain	same program	pcrec_25b1984f_auto-caps-simdna	measured	pinned	3	stddev_ns	4.684026	112	1.0000	0	0		
rank	floor	(set)	short-subject-search	plain	same program	pcrec_25b1984f_auto-caps-simdna	measured	pinned	3	ratio_vs_baseline	0.180378	112	1.0000	0	0		
rank	floor	(set)	short-subject-search	plain	same program	pcrec_25b1984f_auto-caps-simdna	measured	pinned	3	ratio_vs_best	1.331888	112	1.0000	0	0		
rank	floor	(set)	short-subject-search	plain	same program	pcrec_25b1984f_auto-nocaps-simdna	measured	pinned	4	median_ns	2056.105243	112	1.0000	0	0		
rank	floor	(set)	short-subject-search	plain	same program	pcrec_25b1984f_auto-nocaps-simdna	measured	pinned	4	min_ns	2053.743468	112	1.0000	0	0		
rank	floor	(set)	short-subject-search	plain	same program	pcrec_25b1984f_auto-nocaps-simdna	measured	pinned	4	max_ns	2057.855979	112	1.0000	0	0		
rank	floor	(set)	short-subject-search	plain	same program	pcrec_25b1984f_auto-nocaps-simdna	measured	pinned	4	stddev_ns	1.579086	112	1.0000	0	0		
rank	floor	(set)	short-subject-search	plain	same program	pcrec_25b1984f_auto-nocaps-simdna	measured	pinned	4	ratio_vs_baseline	0.180991	112	1.0000	0	0		
rank	floor	(set)	short-subject-search	plain	same program	pcrec_25b1984f_auto-nocaps-simdna	measured	pinned	4	ratio_vs_best	1.336419	112	1.0000	0	0		
rank	floor	(set)	short-subject-search	plain	same program	libpcre2_10.46_jit-caps-simdna	measured	pinned	5	median_ns	4976.571523	112	1.0000	0	0		
rank	floor	(set)	short-subject-search	plain	same program	libpcre2_10.46_jit-caps-simdna	measured	pinned	5	min_ns	4915.868949	112	1.0000	0	0		
rank	floor	(set)	short-subject-search	plain	same program	libpcre2_10.46_jit-caps-simdna	measured	pinned	5	max_ns	5683.164091	112	1.0000	0	0		
rank	floor	(set)	short-subject-search	plain	same program	libpcre2_10.46_jit-caps-simdna	measured	pinned	5	stddev_ns	298.852714	112	1.0000	0	0		
rank	floor	(set)	short-subject-search	plain	same program	libpcre2_10.46_jit-caps-simdna	measured	pinned	5	ratio_vs_baseline	0.438069	112	1.0000	0	0		
rank	floor	(set)	short-subject-search	plain	same program	libpcre2_10.46_jit-caps-simdna	measured	pinned	5	ratio_vs_best	3.234651	112	1.0000	0	0		
rank	floor	(set)	short-subject-search	plain	same program	rust_1.13.1_default-caps-simdna	measured	pinned	6	median_ns	8061.097033	112	1.0000	0	0		
rank	floor	(set)	short-subject-search	plain	same program	rust_1.13.1_default-caps-simdna	measured	pinned	6	min_ns	8046.198197	112	1.0000	0	0		
rank	floor	(set)	short-subject-search	plain	same program	rust_1.13.1_default-caps-simdna	measured	pinned	6	max_ns	8068.164077	112	1.0000	0	0		
rank	floor	(set)	short-subject-search	plain	same program	rust_1.13.1_default-caps-simdna	measured	pinned	6	stddev_ns	7.925818	112	1.0000	0	0		
rank	floor	(set)	short-subject-search	plain	same program	rust_1.13.1_default-caps-simdna	measured	pinned	6	ratio_vs_baseline	0.709589	112	1.0000	0	0		
rank	floor	(set)	short-subject-search	plain	same program	rust_1.13.1_default-caps-simdna	measured	pinned	6	ratio_vs_best	5.239518	112	1.0000	0	0		
rank	floor	(set)	short-subject-search	plain	same program	libpcre2_10.46_interp-caps-simdna	measured	pinned	7	median_ns	11360.240484	112	1.0000	0	0		
rank	floor	(set)	short-subject-search	plain	same program	libpcre2_10.46_interp-caps-simdna	measured	pinned	7	min_ns	10972.331570	112	1.0000	0	0		
rank	floor	(set)	short-subject-search	plain	same program	libpcre2_10.46_interp-caps-simdna	measured	pinned	7	max_ns	11577.511339	112	1.0000	0	0		
rank	floor	(set)	short-subject-search	plain	same program	libpcre2_10.46_interp-caps-simdna	measured	pinned	7	stddev_ns	226.064231	112	1.0000	0	0		
rank	floor	(set)	short-subject-search	plain	same program	libpcre2_10.46_interp-caps-simdna	measured	pinned	7	ratio_vs_baseline	1.000000	112	1.0000	0	0		
rank	floor	(set)	short-subject-search	plain	same program	libpcre2_10.46_interp-caps-simdna	measured	pinned	7	ratio_vs_best	7.383881	112	1.0000	0	0		
baseline	hex32-id	(set)	large-subject-throughput			libpcre2_10.46_interp-caps-simdna				baseline_identity	interp					libpcre2_10.46_interp-caps-simdna (interp, present in this group)	
rank	hex32-id	(set)	large-subject-throughput	plain	same program	rust_1.13.1_default-caps-simdna	measured	pinned	1	median_ns	7465417.411765	12	1.0000	0	0		
rank	hex32-id	(set)	large-subject-throughput	plain	same program	rust_1.13.1_default-caps-simdna	measured	pinned	1	min_ns	7461275.019608	12	1.0000	0	0		
rank	hex32-id	(set)	large-subject-throughput	plain	same program	rust_1.13.1_default-caps-simdna	measured	pinned	1	max_ns	7467243.607843	12	1.0000	0	0		
rank	hex32-id	(set)	large-subject-throughput	plain	same program	rust_1.13.1_default-caps-simdna	measured	pinned	1	stddev_ns	2132.534818	12	1.0000	0	0		
rank	hex32-id	(set)	large-subject-throughput	plain	same program	rust_1.13.1_default-caps-simdna	measured	pinned	1	ratio_vs_baseline	0.077011	12	1.0000	0	0		
rank	hex32-id	(set)	large-subject-throughput	plain	same program	rust_1.13.1_default-caps-simdna	measured	pinned	1	ratio_vs_best	1.000000	12	1.0000	0	0		
rank	hex32-id	(set)	large-subject-throughput	plain	same program	pcrec_25b1984f_auto-nocaps-simdna	measured	pinned	2	median_ns	13166082.597015	12	1.0000	0	0		
rank	hex32-id	(set)	large-subject-throughput	plain	same program	pcrec_25b1984f_auto-nocaps-simdna	measured	pinned	2	min_ns	12996092.179104	12	1.0000	0	0		
rank	hex32-id	(set)	large-subject-throughput	plain	same program	pcrec_25b1984f_auto-nocaps-simdna	measured	pinned	2	max_ns	13189539.746269	12	1.0000	0	0		
rank	hex32-id	(set)	large-subject-throughput	plain	same program	pcrec_25b1984f_auto-nocaps-simdna	measured	pinned	2	stddev_ns	71366.012091	12	1.0000	0	0		
rank	hex32-id	(set)	large-subject-throughput	plain	same program	pcrec_25b1984f_auto-nocaps-simdna	measured	pinned	2	ratio_vs_baseline	0.135817	12	1.0000	0	0		
rank	hex32-id	(set)	large-subject-throughput	plain	same program	pcrec_25b1984f_auto-nocaps-simdna	measured	pinned	2	ratio_vs_best	1.763610	12	1.0000	0	0		
rank	hex32-id	(set)	large-subject-throughput	plain	same program	pcrec_25b1984f_auto-caps-simdna	measured	pinned	3	median_ns	13184129.723077	12	1.0000	0	0		
rank	hex32-id	(set)	large-subject-throughput	plain	same program	pcrec_25b1984f_auto-caps-simdna	measured	pinned	3	min_ns	13050222.861538	12	1.0000	0	0		
rank	hex32-id	(set)	large-subject-throughput	plain	same program	pcrec_25b1984f_auto-caps-simdna	measured	pinned	3	max_ns	13190380.523077	12	1.0000	0	0		
rank	hex32-id	(set)	large-subject-throughput	plain	same program	pcrec_25b1984f_auto-caps-simdna	measured	pinned	3	stddev_ns	54434.674443	12	1.0000	0	0		
rank	hex32-id	(set)	large-subject-throughput	plain	same program	pcrec_25b1984f_auto-caps-simdna	measured	pinned	3	ratio_vs_baseline	0.136003	12	1.0000	0	0		
rank	hex32-id	(set)	large-subject-throughput	plain	same program	pcrec_25b1984f_auto-caps-simdna	measured	pinned	3	ratio_vs_best	1.766027	12	1.0000	0	0		
rank	hex32-id	(set)	large-subject-throughput	plain	same program	libpcre2_10.46_jit-caps-simdna	measured	pinned	4	median_ns	15348645.754098	12	1.0000	0	0		
rank	hex32-id	(set)	large-subject-throughput	plain	same program	libpcre2_10.46_jit-caps-simdna	measured	pinned	4	min_ns	15334063.393443	12	1.0000	0	0		
rank	hex32-id	(set)	large-subject-throughput	plain	same program	libpcre2_10.46_jit-caps-simdna	measured	pinned	4	max_ns	15432218.081967	12	1.0000	0	0		
rank	hex32-id	(set)	large-subject-throughput	plain	same program	libpcre2_10.46_jit-caps-simdna	measured	pinned	4	stddev_ns	36932.464816	12	1.0000	0	0		
rank	hex32-id	(set)	large-subject-throughput	plain	same program	libpcre2_10.46_jit-caps-simdna	measured	pinned	4	ratio_vs_baseline	0.158332	12	1.0000	0	0		
rank	hex32-id	(set)	large-subject-throughput	plain	same program	libpcre2_10.46_jit-caps-simdna	measured	pinned	4	ratio_vs_best	2.055966	12	1.0000	0	0		
rank	hex32-id	(set)	large-subject-throughput	plain	same program	pcrec_25b1984f_vm-in-caps-simdna	measured	pinned	5	median_ns	20535890.395349	12	1.0000	0	0		
rank	hex32-id	(set)	large-subject-throughput	plain	same program	pcrec_25b1984f_vm-in-caps-simdna	measured	pinned	5	min_ns	20533953.860465	12	1.0000	0	0		
rank	hex32-id	(set)	large-subject-throughput	plain	same program	pcrec_25b1984f_vm-in-caps-simdna	measured	pinned	5	max_ns	20571319.162791	12	1.0000	0	0		
rank	hex32-id	(set)	large-subject-throughput	plain	same program	pcrec_25b1984f_vm-in-caps-simdna	measured	pinned	5	stddev_ns	14636.886375	12	1.0000	0	0		
rank	hex32-id	(set)	large-subject-throughput	plain	same program	pcrec_25b1984f_vm-in-caps-simdna	measured	pinned	5	ratio_vs_baseline	0.211842	12	1.0000	0	0		
rank	hex32-id	(set)	large-subject-throughput	plain	same program	pcrec_25b1984f_vm-in-caps-simdna	measured	pinned	5	ratio_vs_best	2.750803	12	1.0000	0	0		
rank	hex32-id	(set)	large-subject-throughput	plain	same program	pcrec_25b1984f_vm-caps-simdna	measured	pinned	6	median_ns	20554749.372093	12	1.0000	0	0		
rank	hex32-id	(set)	large-subject-throughput	plain	same program	pcrec_25b1984f_vm-caps-simdna	measured	pinned	6	min_ns	20524997.139535	12	1.0000	0	0		
rank	hex32-id	(set)	large-subject-throughput	plain	same program	pcrec_25b1984f_vm-caps-simdna	measured	pinned	6	max_ns	20572619.000000	12	1.0000	0	0		
rank	hex32-id	(set)	large-subject-throughput	plain	same program	pcrec_25b1984f_vm-caps-simdna	measured	pinned	6	stddev_ns	17225.344197	12	1.0000	0	0		
rank	hex32-id	(set)	large-subject-throughput	plain	same program	pcrec_25b1984f_vm-caps-simdna	measured	pinned	6	ratio_vs_baseline	0.212036	12	1.0000	0	0		
rank	hex32-id	(set)	large-subject-throughput	plain	same program	pcrec_25b1984f_vm-caps-simdna	measured	pinned	6	ratio_vs_best	2.753329	12	1.0000	0	0		
rank	hex32-id	(set)	large-subject-throughput	plain	same program	libpcre2_10.46_interp-caps-simdna	measured	pinned	7	median_ns	96939827.888889	12	1.0000	0	0		
rank	hex32-id	(set)	large-subject-throughput	plain	same program	libpcre2_10.46_interp-caps-simdna	measured	pinned	7	min_ns	96766693.444444	12	1.0000	0	0		
rank	hex32-id	(set)	large-subject-throughput	plain	same program	libpcre2_10.46_interp-caps-simdna	measured	pinned	7	max_ns	97026123.666667	12	1.0000	0	0		
rank	hex32-id	(set)	large-subject-throughput	plain	same program	libpcre2_10.46_interp-caps-simdna	measured	pinned	7	stddev_ns	84787.911678	12	1.0000	0	0		
rank	hex32-id	(set)	large-subject-throughput	plain	same program	libpcre2_10.46_interp-caps-simdna	measured	pinned	7	ratio_vs_baseline	1.000000	12	1.0000	0	0		
rank	hex32-id	(set)	large-subject-throughput	plain	same program	libpcre2_10.46_interp-caps-simdna	measured	pinned	7	ratio_vs_best	12.985185	12	1.0000	0	0		
baseline	hex32-id	(set)	short-subject-search			libpcre2_10.46_interp-caps-simdna				baseline_identity	interp					libpcre2_10.46_interp-caps-simdna (interp, present in this group)	
rank	hex32-id	(set)	short-subject-search	plain	same program	rust_1.13.1_default-caps-simdna	measured	pinned	1	median_ns	294679.269714	112	1.0000	0	0		
rank	hex32-id	(set)	short-subject-search	plain	same program	rust_1.13.1_default-caps-simdna	measured	pinned	1	min_ns	294642.410188	112	1.0000	0	0		
rank	hex32-id	(set)	short-subject-search	plain	same program	rust_1.13.1_default-caps-simdna	measured	pinned	1	max_ns	294821.023150	112	1.0000	0	0		
rank	hex32-id	(set)	short-subject-search	plain	same program	rust_1.13.1_default-caps-simdna	measured	pinned	1	stddev_ns	71.066432	112	1.0000	0	0		
rank	hex32-id	(set)	short-subject-search	plain	same program	rust_1.13.1_default-caps-simdna	measured	pinned	1	ratio_vs_baseline	0.080490	112	1.0000	0	0		
rank	hex32-id	(set)	short-subject-search	plain	same program	rust_1.13.1_default-caps-simdna	measured	pinned	1	ratio_vs_best	1.000000	112	1.0000	0	0		
rank	hex32-id	(set)	short-subject-search	plain	same program	pcrec_25b1984f_auto-nocaps-simdna	measured	pinned	2	median_ns	435516.824474	112	1.0000	0	0		
rank	hex32-id	(set)	short-subject-search	plain	same program	pcrec_25b1984f_auto-nocaps-simdna	measured	pinned	2	min_ns	431381.546223	112	1.0000	0	0		
rank	hex32-id	(set)	short-subject-search	plain	same program	pcrec_25b1984f_auto-nocaps-simdna	measured	pinned	2	max_ns	438795.682672	112	1.0000	0	0		
rank	hex32-id	(set)	short-subject-search	plain	same program	pcrec_25b1984f_auto-nocaps-simdna	measured	pinned	2	stddev_ns	2747.178775	112	1.0000	0	0		
rank	hex32-id	(set)	short-subject-search	plain	same program	pcrec_25b1984f_auto-nocaps-simdna	measured	pinned	2	ratio_vs_baseline	0.118959	112	1.0000	0	0		
rank	hex32-id	(set)	short-subject-search	plain	same program	pcrec_25b1984f_auto-nocaps-simdna	measured	pinned	2	ratio_vs_best	1.477935	112	1.0000	0	0		
rank	hex32-id	(set)	short-subject-search	plain	same program	pcrec_25b1984f_auto-caps-simdna	measured	pinned	3	median_ns	436258.158693	112	1.0000	0	0		
rank	hex32-id	(set)	short-subject-search	plain	same program	pcrec_25b1984f_auto-caps-simdna	measured	pinned	3	min_ns	429219.987972	112	1.0000	0	0		
rank	hex32-id	(set)	short-subject-search	plain	same program	pcrec_25b1984f_auto-caps-simdna	measured	pinned	3	max_ns	438515.600314	112	1.0000	0	0		
rank	hex32-id	(set)	short-subject-search	plain	same program	pcrec_25b1984f_auto-caps-simdna	measured	pinned	3	stddev_ns	3179.089017	112	1.0000	0	0		
rank	hex32-id	(set)	short-subject-search	plain	same program	pcrec_25b1984f_auto-caps-simdna	measured	pinned	3	ratio_vs_baseline	0.119161	112	1.0000	0	0		
rank	hex32-id	(set)	short-subject-search	plain	same program	pcrec_25b1984f_auto-caps-simdna	measured	pinned	3	ratio_vs_best	1.480451	112	1.0000	0	0		
rank	hex32-id	(set)	short-subject-search	plain	same program	libpcre2_10.46_jit-caps-simdna	measured	pinned	4	median_ns	489992.192118	112	1.0000	0	0		
rank	hex32-id	(set)	short-subject-search	plain	same program	libpcre2_10.46_jit-caps-simdna	measured	pinned	4	min_ns	488298.584516	112	1.0000	0	0		
rank	hex32-id	(set)	short-subject-search	plain	same program	libpcre2_10.46_jit-caps-simdna	measured	pinned	4	max_ns	490250.128038	112	1.0000	0	0		
rank	hex32-id	(set)	short-subject-search	plain	same program	libpcre2_10.46_jit-caps-simdna	measured	pinned	4	stddev_ns	702.848945	112	1.0000	0	0		
rank	hex32-id	(set)	short-subject-search	plain	same program	libpcre2_10.46_jit-caps-simdna	measured	pinned	4	ratio_vs_baseline	0.133838	112	1.0000	0	0		
rank	hex32-id	(set)	short-subject-search	plain	same program	libpcre2_10.46_jit-caps-simdna	measured	pinned	4	ratio_vs_best	1.662798	112	1.0000	0	0		
rank	hex32-id	(set)	short-subject-search	plain	same program	pcrec_25b1984f_vm-caps-simdna	measured	pinned	5	median_ns	756163.570790	112	1.0000	0	0		
rank	hex32-id	(set)	short-subject-search	plain	same program	pcrec_25b1984f_vm-caps-simdna	measured	pinned	5	min_ns	754892.139010	112	1.0000	0	0		
rank	hex32-id	(set)	short-subject-search	plain	same program	pcrec_25b1984f_vm-caps-simdna	measured	pinned	5	max_ns	757020.348620	112	1.0000	0	0		
rank	hex32-id	(set)	short-subject-search	plain	same program	pcrec_25b1984f_vm-caps-simdna	measured	pinned	5	stddev_ns	835.562695	112	1.0000	0	0		
rank	hex32-id	(set)	short-subject-search	plain	same program	pcrec_25b1984f_vm-caps-simdna	measured	pinned	5	ratio_vs_baseline	0.206541	112	1.0000	0	0		
rank	hex32-id	(set)	short-subject-search	plain	same program	pcrec_25b1984f_vm-caps-simdna	measured	pinned	5	ratio_vs_best	2.566056	112	1.0000	0	0		
rank	hex32-id	(set)	short-subject-search	plain	same program	pcrec_25b1984f_vm-in-caps-simdna	measured	pinned	6	median_ns	756369.892490	112	1.0000	0	0		
rank	hex32-id	(set)	short-subject-search	plain	same program	pcrec_25b1984f_vm-in-caps-simdna	measured	pinned	6	min_ns	753930.862452	112	1.0000	0	0		
rank	hex32-id	(set)	short-subject-search	plain	same program	pcrec_25b1984f_vm-in-caps-simdna	measured	pinned	6	max_ns	758019.668156	112	1.0000	0	0		
rank	hex32-id	(set)	short-subject-search	plain	same program	pcrec_25b1984f_vm-in-caps-simdna	measured	pinned	6	stddev_ns	1496.610942	112	1.0000	0	0		
rank	hex32-id	(set)	short-subject-search	plain	same program	pcrec_25b1984f_vm-in-caps-simdna	measured	pinned	6	ratio_vs_baseline	0.206598	112	1.0000	0	0		
rank	hex32-id	(set)	short-subject-search	plain	same program	pcrec_25b1984f_vm-in-caps-simdna	measured	pinned	6	ratio_vs_best	2.566756	112	1.0000	0	0		
rank	hex32-id	(set)	short-subject-search	plain	same program	libpcre2_10.46_interp-caps-simdna	measured	pinned	7	median_ns	3661076.024679	112	1.0000	0	0		
rank	hex32-id	(set)	short-subject-search	plain	same program	libpcre2_10.46_interp-caps-simdna	measured	pinned	7	min_ns	3660252.510365	112	1.0000	0	0		
rank	hex32-id	(set)	short-subject-search	plain	same program	libpcre2_10.46_interp-caps-simdna	measured	pinned	7	max_ns	3666490.601185	112	1.0000	0	0		
rank	hex32-id	(set)	short-subject-search	plain	same program	libpcre2_10.46_interp-caps-simdna	measured	pinned	7	stddev_ns	2467.892045	112	1.0000	0	0		
rank	hex32-id	(set)	short-subject-search	plain	same program	libpcre2_10.46_interp-caps-simdna	measured	pinned	7	ratio_vs_baseline	1.000000	112	1.0000	0	0		
rank	hex32-id	(set)	short-subject-search	plain	same program	libpcre2_10.46_interp-caps-simdna	measured	pinned	7	ratio_vs_best	12.423935	112	1.0000	0	0		
baseline	http-5xx	(set)	large-subject-throughput			libpcre2_10.46_interp-caps-simdna				baseline_identity	interp					libpcre2_10.46_interp-caps-simdna (interp, present in this group)	
rank	http-5xx	(set)	large-subject-throughput	plain	same program	pcrec_25b1984f_auto-caps-simdna	measured	pinned	1	median_ns	251842.621727	12	1.0000	0	0		
rank	http-5xx	(set)	large-subject-throughput	plain	same program	pcrec_25b1984f_auto-caps-simdna	measured	pinned	1	min_ns	251219.590529	12	1.0000	0	0		
rank	http-5xx	(set)	large-subject-throughput	plain	same program	pcrec_25b1984f_auto-caps-simdna	measured	pinned	1	max_ns	252338.607242	12	1.0000	0	0		
rank	http-5xx	(set)	large-subject-throughput	plain	same program	pcrec_25b1984f_auto-caps-simdna	measured	pinned	1	stddev_ns	357.206811	12	1.0000	0	0		
rank	http-5xx	(set)	large-subject-throughput	plain	same program	pcrec_25b1984f_auto-caps-simdna	measured	pinned	1	ratio_vs_baseline	0.130688	12	1.0000	0	0		
rank	http-5xx	(set)	large-subject-throughput	plain	same program	pcrec_25b1984f_auto-caps-simdna	measured	pinned	1	ratio_vs_best	1.000000	12	1.0000	0	0		
rank	http-5xx	(set)	large-subject-throughput	plain	same program	pcrec_25b1984f_auto-nocaps-simdna	measured	pinned	2	median_ns	251951.913151	12	1.0000	0	0		
rank	http-5xx	(set)	large-subject-throughput	plain	same program	pcrec_25b1984f_auto-nocaps-simdna	measured	pinned	2	min_ns	251612.674628	12	1.0000	0	0		
rank	http-5xx	(set)	large-subject-throughput	plain	same program	pcrec_25b1984f_auto-nocaps-simdna	measured	pinned	2	max_ns	252136.042494	12	1.0000	0	0		
rank	http-5xx	(set)	large-subject-throughput	plain	same program	pcrec_25b1984f_auto-nocaps-simdna	measured	pinned	2	stddev_ns	182.472245	12	1.0000	0	0		
rank	http-5xx	(set)	large-subject-throughput	plain	same program	pcrec_25b1984f_auto-nocaps-simdna	measured	pinned	2	ratio_vs_baseline	0.130744	12	1.0000	0	0		
rank	http-5xx	(set)	large-subject-throughput	plain	same program	pcrec_25b1984f_auto-nocaps-simdna	measured	pinned	2	ratio_vs_best	1.000434	12	1.0000	0	0		
rank	http-5xx	(set)	large-subject-throughput	plain	same program	rust_1.13.1_default-caps-simdna	measured	pinned	3	median_ns	443901.317308	12	1.0000	0	0		
rank	http-5xx	(set)	large-subject-throughput	plain	same program	rust_1.13.1_default-caps-simdna	measured	pinned	3	min_ns	443025.739183	12	1.0000	0	0		
rank	http-5xx	(set)	large-subject-throughput	plain	same program	rust_1.13.1_default-caps-simdna	measured	pinned	3	max_ns	445923.493990	12	1.0000	0	0		
rank	http-5xx	(set)	large-subject-throughput	plain	same program	rust_1.13.1_default-caps-simdna	measured	pinned	3	stddev_ns	1018.219165	12	1.0000	0	0		
rank	http-5xx	(set)	large-subject-throughput	plain	same program	rust_1.13.1_default-caps-simdna	measured	pinned	3	ratio_vs_baseline	0.230352	12	1.0000	0	0		
rank	http-5xx	(set)	large-subject-throughput	plain	same program	rust_1.13.1_default-caps-simdna	measured	pinned	3	ratio_vs_best	1.762614	12	1.0000	0	0		
rank	http-5xx	(set)	large-subject-throughput	plain	same program	libpcre2_10.46_interp-caps-simdna	measured	pinned	4	median_ns	1927055.766540	12	1.0000	0	0		
rank	http-5xx	(set)	large-subject-throughput	plain	same program	libpcre2_10.46_interp-caps-simdna	measured	pinned	4	min_ns	1921526.198479	12	1.0000	0	0		
rank	http-5xx	(set)	large-subject-throughput	plain	same program	libpcre2_10.46_interp-caps-simdna	measured	pinned	4	max_ns	1932635.456274	12	1.0000	0	0		
rank	http-5xx	(set)	large-subject-throughput	plain	same program	libpcre2_10.46_interp-caps-simdna	measured	pinned	4	stddev_ns	3553.829458	12	1.0000	0	0		
rank	http-5xx	(set)	large-subject-throughput	plain	same program	libpcre2_10.46_interp-caps-simdna	measured	pinned	4	ratio_vs_baseline	1.000000	12	1.0000	0	0		
rank	http-5xx	(set)	large-subject-throughput	plain	same program	libpcre2_10.46_interp-caps-simdna	measured	pinned	4	ratio_vs_best	7.651825	12	1.0000	0	0		
rank	http-5xx	(set)	large-subject-throughput	plain	same program	libpcre2_10.46_jit-caps-simdna	measured	pinned	5	median_ns	3206078.204918	12	1.0000	0	0		
rank	http-5xx	(set)	large-subject-throughput	plain	same program	libpcre2_10.46_jit-caps-simdna	measured	pinned	5	min_ns	3204454.750000	12	1.0000	0	0		
rank	http-5xx	(set)	large-subject-throughput	plain	same program	libpcre2_10.46_jit-caps-simdna	measured	pinned	5	max_ns	3211566.147541	12	1.0000	0	0		
rank	http-5xx	(set)	large-subject-throughput	plain	same program	libpcre2_10.46_jit-caps-simdna	measured	pinned	5	stddev_ns	2774.860349	12	1.0000	0	0		
rank	http-5xx	(set)	large-subject-throughput	plain	same program	libpcre2_10.46_jit-caps-simdna	measured	pinned	5	ratio_vs_baseline	1.663718	12	1.0000	0	0		
rank	http-5xx	(set)	large-subject-throughput	plain	same program	libpcre2_10.46_jit-caps-simdna	measured	pinned	5	ratio_vs_best	12.730483	12	1.0000	0	0		
rank	http-5xx	(set)	large-subject-throughput	plain	same program	pcrec_25b1984f_vm-caps-simdna	measured	pinned	6	median_ns	10052080.597561	12	1.0000	0	0		
rank	http-5xx	(set)	large-subject-throughput	plain	same program	pcrec_25b1984f_vm-caps-simdna	measured	pinned	6	min_ns	9110678.487805	12	1.0000	0	0		
rank	http-5xx	(set)	large-subject-throughput	plain	same program	pcrec_25b1984f_vm-caps-simdna	measured	pinned	6	max_ns	10053381.585366	12	1.0000	0	0		
rank	http-5xx	(set)	large-subject-throughput	plain	same program	pcrec_25b1984f_vm-caps-simdna	measured	pinned	6	stddev_ns	375999.180499	12	1.0000	0	0		
rank	http-5xx	(set)	large-subject-throughput	plain	same program	pcrec_25b1984f_vm-caps-simdna	measured	pinned	6	ratio_vs_baseline	5.216289	12	1.0000	0	0		
rank	http-5xx	(set)	large-subject-throughput	plain	same program	pcrec_25b1984f_vm-caps-simdna	measured	pinned	6	ratio_vs_best	39.914136	12	1.0000	0	0		
rank	http-5xx	(set)	large-subject-throughput	plain	same program	pcrec_25b1984f_vm-in-caps-simdna	measured	pinned	7	median_ns	10054914.666667	12	1.0000	0	0		
rank	http-5xx	(set)	large-subject-throughput	plain	same program	pcrec_25b1984f_vm-in-caps-simdna	measured	pinned	7	min_ns	10046959.555556	12	1.0000	0	0		
rank	http-5xx	(set)	large-subject-throughput	plain	same program	pcrec_25b1984f_vm-in-caps-simdna	measured	pinned	7	max_ns	10055434.283951	12	1.0000	0	0		
rank	http-5xx	(set)	large-subject-throughput	plain	same program	pcrec_25b1984f_vm-in-caps-simdna	measured	pinned	7	stddev_ns	3284.131232	12	1.0000	0	0		
rank	http-5xx	(set)	large-subject-throughput	plain	same program	pcrec_25b1984f_vm-in-caps-simdna	measured	pinned	7	ratio_vs_baseline	5.217760	12	1.0000	0	0		
rank	http-5xx	(set)	large-subject-throughput	plain	same program	pcrec_25b1984f_vm-in-caps-simdna	measured	pinned	7	ratio_vs_best	39.925389	12	1.0000	0	0		
baseline	http-5xx	(set)	short-subject-search			libpcre2_10.46_interp-caps-simdna				baseline_identity	interp					libpcre2_10.46_interp-caps-simdna (interp, present in this group)	
rank	http-5xx	(set)	short-subject-search	plain	same program	pcrec_25b1984f_auto-nocaps-simdna	measured	pinned	1	median_ns	6768.693653	112	1.0000	0	0		
rank	http-5xx	(set)	short-subject-search	plain	same program	pcrec_25b1984f_auto-nocaps-simdna	measured	pinned	1	min_ns	6763.809912	112	1.0000	0	0		
rank	http-5xx	(set)	short-subject-search	plain	same program	pcrec_25b1984f_auto-nocaps-simdna	measured	pinned	1	max_ns	6785.902271	112	1.0000	0	0		
rank	http-5xx	(set)	short-subject-search	plain	same program	pcrec_25b1984f_auto-nocaps-simdna	measured	pinned	1	stddev_ns	8.712038	112	1.0000	0	0		
rank	http-5xx	(set)	short-subject-search	plain	same program	pcrec_25b1984f_auto-nocaps-simdna	measured	pinned	1	ratio_vs_baseline	0.119801	112	1.0000	0	0		
rank	http-5xx	(set)	short-subject-search	plain	same program	pcrec_25b1984f_auto-nocaps-simdna	measured	pinned	1	ratio_vs_best	1.000000	112	1.0000	0	0		
rank	http-5xx	(set)	short-subject-search	plain	same program	pcrec_25b1984f_auto-caps-simdna	measured	pinned	2	median_ns	6786.085224	112	1.0000	0	0		
rank	http-5xx	(set)	short-subject-search	plain	same program	pcrec_25b1984f_auto-caps-simdna	measured	pinned	2	min_ns	6742.879662	112	1.0000	0	0		
rank	http-5xx	(set)	short-subject-search	plain	same program	pcrec_25b1984f_auto-caps-simdna	measured	pinned	2	max_ns	6800.045101	112	1.0000	0	0		
rank	http-5xx	(set)	short-subject-search	plain	same program	pcrec_25b1984f_auto-caps-simdna	measured	pinned	2	stddev_ns	20.759859	112	1.0000	0	0		
rank	http-5xx	(set)	short-subject-search	plain	same program	pcrec_25b1984f_auto-caps-simdna	measured	pinned	2	ratio_vs_baseline	0.120109	112	1.0000	0	0		
rank	http-5xx	(set)	short-subject-search	plain	same program	pcrec_25b1984f_auto-caps-simdna	measured	pinned	2	ratio_vs_best	1.002569	112	1.0000	0	0		
rank	http-5xx	(set)	short-subject-search	plain	same program	rust_1.13.1_default-caps-simdna	measured	pinned	3	median_ns	15746.826814	112	1.0000	0	0		
rank	http-5xx	(set)	short-subject-search	plain	same program	rust_1.13.1_default-caps-simdna	measured	pinned	3	min_ns	15714.869236	112	1.0000	0	0		
rank	http-5xx	(set)	short-subject-search	plain	same program	rust_1.13.1_default-caps-simdna	measured	pinned	3	max_ns	15967.946153	112	1.0000	0	0		
rank	http-5xx	(set)	short-subject-search	plain	same program	rust_1.13.1_default-caps-simdna	measured	pinned	3	stddev_ns	92.211053	112	1.0000	0	0		
rank	http-5xx	(set)	short-subject-search	plain	same program	rust_1.13.1_default-caps-simdna	measured	pinned	3	ratio_vs_baseline	0.278708	112	1.0000	0	0		
rank	http-5xx	(set)	short-subject-search	plain	same program	rust_1.13.1_default-caps-simdna	measured	pinned	3	ratio_vs_best	2.326420	112	1.0000	0	0		
rank	http-5xx	(set)	short-subject-search	plain	same program	libpcre2_10.46_interp-caps-simdna	measured	pinned	4	median_ns	56499.295491	112	1.0000	0	0		
rank	http-5xx	(set)	short-subject-search	plain	same program	libpcre2_10.46_interp-caps-simdna	measured	pinned	4	min_ns	56465.267022	112	1.0000	0	0		
rank	http-5xx	(set)	short-subject-search	plain	same program	libpcre2_10.46_interp-caps-simdna	measured	pinned	4	max_ns	56727.266729	112	1.0000	0	0		
rank	http-5xx	(set)	short-subject-search	plain	same program	libpcre2_10.46_interp-caps-simdna	measured	pinned	4	stddev_ns	103.961817	112	1.0000	0	0		
rank	http-5xx	(set)	short-subject-search	plain	same program	libpcre2_10.46_interp-caps-simdna	measured	pinned	4	ratio_vs_baseline	1.000000	112	1.0000	0	0		
rank	http-5xx	(set)	short-subject-search	plain	same program	libpcre2_10.46_interp-caps-simdna	measured	pinned	4	ratio_vs_best	8.347149	112	1.0000	0	0		
rank	http-5xx	(set)	short-subject-search	plain	same program	libpcre2_10.46_jit-caps-simdna	measured	pinned	5	median_ns	104817.480752	112	1.0000	0	0		
rank	http-5xx	(set)	short-subject-search	plain	same program	libpcre2_10.46_jit-caps-simdna	measured	pinned	5	min_ns	104787.649134	112	1.0000	0	0		
rank	http-5xx	(set)	short-subject-search	plain	same program	libpcre2_10.46_jit-caps-simdna	measured	pinned	5	max_ns	105287.129098	112	1.0000	0	0		
rank	http-5xx	(set)	short-subject-search	plain	same program	libpcre2_10.46_jit-caps-simdna	measured	pinned	5	stddev_ns	186.669983	112	1.0000	0	0		
rank	http-5xx	(set)	short-subject-search	plain	same program	libpcre2_10.46_jit-caps-simdna	measured	pinned	5	ratio_vs_baseline	1.855200	112	1.0000	0	0		
rank	http-5xx	(set)	short-subject-search	plain	same program	libpcre2_10.46_jit-caps-simdna	measured	pinned	5	ratio_vs_best	15.485629	112	1.0000	0	0		
rank	http-5xx	(set)	short-subject-search	plain	same program	pcrec_25b1984f_vm-in-caps-simdna	measured	pinned	6	median_ns	326385.762297	112	1.0000	0	0		
rank	http-5xx	(set)	short-subject-search	plain	same program	pcrec_25b1984f_vm-in-caps-simdna	measured	pinned	6	min_ns	316364.969433	112	1.0000	0	0		
rank	http-5xx	(set)	short-subject-search	plain	same program	pcrec_25b1984f_vm-in-caps-simdna	measured	pinned	6	max_ns	379004.667259	112	1.0000	0	0		
rank	http-5xx	(set)	short-subject-search	plain	same program	pcrec_25b1984f_vm-in-caps-simdna	measured	pinned	6	stddev_ns	23109.759437	112	1.0000	0	0		
rank	http-5xx	(set)	short-subject-search	plain	same program	pcrec_25b1984f_vm-in-caps-simdna	measured	pinned	6	ratio_vs_baseline	5.776811	112	1.0000	0	0		
rank	http-5xx	(set)	short-subject-search	plain	same program	pcrec_25b1984f_vm-in-caps-simdna	measured	pinned	6	ratio_vs_best	48.219905	112	1.0000	0	0		
rank	http-5xx	(set)	short-subject-search	plain	same program	pcrec_25b1984f_vm-caps-simdna	measured	pinned	7	median_ns	358184.402677	112	1.0000	0	0		
rank	http-5xx	(set)	short-subject-search	plain	same program	pcrec_25b1984f_vm-caps-simdna	measured	pinned	7	min_ns	315808.020776	112	1.0000	0	0		
rank	http-5xx	(set)	short-subject-search	plain	same program	pcrec_25b1984f_vm-caps-simdna	measured	pinned	7	max_ns	377308.116184	112	1.0000	0	0		
rank	http-5xx	(set)	short-subject-search	plain	same program	pcrec_25b1984f_vm-caps-simdna	measured	pinned	7	stddev_ns	22189.799323	112	1.0000	0	0		
rank	http-5xx	(set)	short-subject-search	plain	same program	pcrec_25b1984f_vm-caps-simdna	measured	pinned	7	ratio_vs_baseline	6.339626	112	1.0000	0	0		
rank	http-5xx	(set)	short-subject-search	plain	same program	pcrec_25b1984f_vm-caps-simdna	measured	pinned	7	ratio_vs_best	52.917804	112	1.0000	0	0		
baseline	ipv4	(set)	large-subject-throughput			libpcre2_10.46_interp-caps-simdna				baseline_identity	interp					libpcre2_10.46_interp-caps-simdna (interp, present in this group)	
rank	ipv4	(set)	large-subject-throughput	plain	same program	pcrec_25b1984f_auto-nocaps-simdna	measured	pinned	1	median_ns	6900187.580882	12	1.0000	0	0		
rank	ipv4	(set)	large-subject-throughput	plain	same program	pcrec_25b1984f_auto-nocaps-simdna	measured	pinned	1	min_ns	6885131.904412	12	1.0000	0	0		
rank	ipv4	(set)	large-subject-throughput	plain	same program	pcrec_25b1984f_auto-nocaps-simdna	measured	pinned	1	max_ns	6910401.676471	12	1.0000	0	0		
rank	ipv4	(set)	large-subject-throughput	plain	same program	pcrec_25b1984f_auto-nocaps-simdna	measured	pinned	1	stddev_ns	8515.189129	12	1.0000	0	0		
rank	ipv4	(set)	large-subject-throughput	plain	same program	pcrec_25b1984f_auto-nocaps-simdna	measured	pinned	1	ratio_vs_baseline	0.034671	12	1.0000	0	0		
rank	ipv4	(set)	large-subject-throughput	plain	same program	pcrec_25b1984f_auto-nocaps-simdna	measured	pinned	1	ratio_vs_best	1.000000	12	1.0000	0	0		
rank	ipv4	(set)	large-subject-throughput	plain	same program	pcrec_25b1984f_auto-caps-simdna	measured	pinned	2	median_ns	6910531.478571	12	1.0000	0	0		
rank	ipv4	(set)	large-subject-throughput	plain	same program	pcrec_25b1984f_auto-caps-simdna	measured	pinned	2	min_ns	6906336.242857	12	1.0000	0	0		
rank	ipv4	(set)	large-subject-throughput	plain	same program	pcrec_25b1984f_auto-caps-simdna	measured	pinned	2	max_ns	6914290.421429	12	1.0000	0	0		
rank	ipv4	(set)	large-subject-throughput	plain	same program	pcrec_25b1984f_auto-caps-simdna	measured	pinned	2	stddev_ns	2777.700026	12	1.0000	0	0		
rank	ipv4	(set)	large-subject-throughput	plain	same program	pcrec_25b1984f_auto-caps-simdna	measured	pinned	2	ratio_vs_baseline	0.034723	12	1.0000	0	0		
rank	ipv4	(set)	large-subject-throughput	plain	same program	pcrec_25b1984f_auto-caps-simdna	measured	pinned	2	ratio_vs_best	1.001499	12	1.0000	0	0		
rank	ipv4	(set)	large-subject-throughput	plain	same program	rust_1.13.1_default-caps-simdna	measured	pinned	3	median_ns	7507131.516484	12	1.0000	0	0		
rank	ipv4	(set)	large-subject-throughput	plain	same program	rust_1.13.1_default-caps-simdna	measured	pinned	3	min_ns	7504841.043956	12	1.0000	0	0		
rank	ipv4	(set)	large-subject-throughput	plain	same program	rust_1.13.1_default-caps-simdna	measured	pinned	3	max_ns	7510410.879121	12	1.0000	0	0		
rank	ipv4	(set)	large-subject-throughput	plain	same program	rust_1.13.1_default-caps-simdna	measured	pinned	3	stddev_ns	2063.961946	12	1.0000	0	0		
rank	ipv4	(set)	large-subject-throughput	plain	same program	rust_1.13.1_default-caps-simdna	measured	pinned	3	ratio_vs_baseline	0.037721	12	1.0000	0	0		
rank	ipv4	(set)	large-subject-throughput	plain	same program	rust_1.13.1_default-caps-simdna	measured	pinned	3	ratio_vs_best	1.087960	12	1.0000	0	0		
rank	ipv4	(set)	large-subject-throughput	plain	same program	libpcre2_10.46_jit-caps-simdna	measured	pinned	4	median_ns	21666092.418605	12	1.0000	0	0		
rank	ipv4	(set)	large-subject-throughput	plain	same program	libpcre2_10.46_jit-caps-simdna	measured	pinned	4	min_ns	21658620.720930	12	1.0000	0	0		
rank	ipv4	(set)	large-subject-throughput	plain	same program	libpcre2_10.46_jit-caps-simdna	measured	pinned	4	max_ns	21748907.790698	12	1.0000	0	0		
rank	ipv4	(set)	large-subject-throughput	plain	same program	libpcre2_10.46_jit-caps-simdna	measured	pinned	4	stddev_ns	33270.359406	12	1.0000	0	0		
rank	ipv4	(set)	large-subject-throughput	plain	same program	libpcre2_10.46_jit-caps-simdna	measured	pinned	4	ratio_vs_baseline	0.108866	12	1.0000	0	0		
rank	ipv4	(set)	large-subject-throughput	plain	same program	libpcre2_10.46_jit-caps-simdna	measured	pinned	4	ratio_vs_best	3.139928	12	1.0000	0	0		
rank	ipv4	(set)	large-subject-throughput	plain	same program	pcrec_25b1984f_vm-caps-simdna	measured	pinned	5	median_ns	77131967.363636	12	1.0000	0	0		
rank	ipv4	(set)	large-subject-throughput	plain	same program	pcrec_25b1984f_vm-caps-simdna	measured	pinned	5	min_ns	76779586.636364	12	1.0000	0	0		
rank	ipv4	(set)	large-subject-throughput	plain	same program	pcrec_25b1984f_vm-caps-simdna	measured	pinned	5	max_ns	77635984.636364	12	1.0000	0	0		
rank	ipv4	(set)	large-subject-throughput	plain	same program	pcrec_25b1984f_vm-caps-simdna	measured	pinned	5	stddev_ns	326926.324914	12	1.0000	0	0		
rank	ipv4	(set)	large-subject-throughput	plain	same program	pcrec_25b1984f_vm-caps-simdna	measured	pinned	5	ratio_vs_baseline	0.387565	12	1.0000	0	0		
rank	ipv4	(set)	large-subject-throughput	plain	same program	pcrec_25b1984f_vm-caps-simdna	measured	pinned	5	ratio_vs_best	11.178242	12	1.0000	0	0		
rank	ipv4	(set)	large-subject-throughput	plain	same program	pcrec_25b1984f_vm-in-caps-simdna	measured	pinned	6	median_ns	78182019.727273	12	1.0000	0	0		
rank	ipv4	(set)	large-subject-throughput	plain	same program	pcrec_25b1984f_vm-in-caps-simdna	measured	pinned	6	min_ns	78020112.090909	12	1.0000	0	0		
rank	ipv4	(set)	large-subject-throughput	plain	same program	pcrec_25b1984f_vm-in-caps-simdna	measured	pinned	6	max_ns	78359096.363636	12	1.0000	0	0		
rank	ipv4	(set)	large-subject-throughput	plain	same program	pcrec_25b1984f_vm-in-caps-simdna	measured	pinned	6	stddev_ns	123753.919002	12	1.0000	0	0		
rank	ipv4	(set)	large-subject-throughput	plain	same program	pcrec_25b1984f_vm-in-caps-simdna	measured	pinned	6	ratio_vs_baseline	0.392841	12	1.0000	0	0		
rank	ipv4	(set)	large-subject-throughput	plain	same program	pcrec_25b1984f_vm-in-caps-simdna	measured	pinned	6	ratio_vs_best	11.330419	12	1.0000	0	0		
rank	ipv4	(set)	large-subject-throughput	plain	same program	libpcre2_10.46_interp-caps-simdna	measured	pinned	7	median_ns	199016878.600000	12	1.0000	0	0		
rank	ipv4	(set)	large-subject-throughput	plain	same program	libpcre2_10.46_interp-caps-simdna	measured	pinned	7	min_ns	198834351.400000	12	1.0000	0	0		
rank	ipv4	(set)	large-subject-throughput	plain	same program	libpcre2_10.46_interp-caps-simdna	measured	pinned	7	max_ns	202261568.000000	12	1.0000	0	0		
rank	ipv4	(set)	large-subject-throughput	plain	same program	libpcre2_10.46_interp-caps-simdna	measured	pinned	7	stddev_ns	1302844.365607	12	1.0000	0	0		
rank	ipv4	(set)	large-subject-throughput	plain	same program	libpcre2_10.46_interp-caps-simdna	measured	pinned	7	ratio_vs_baseline	1.000000	12	1.0000	0	0		
rank	ipv4	(set)	large-subject-throughput	plain	same program	libpcre2_10.46_interp-caps-simdna	measured	pinned	7	ratio_vs_best	28.842242	12	1.0000	0	0		
baseline	ipv4	(set)	short-subject-search			libpcre2_10.46_interp-caps-simdna				baseline_identity	interp					libpcre2_10.46_interp-caps-simdna (interp, present in this group)	
rank	ipv4	(set)	short-subject-search	plain	same program	pcrec_25b1984f_auto-caps-simdna	measured	pinned	1	median_ns	203949.119573	112	1.0000	0	0		
rank	ipv4	(set)	short-subject-search	plain	same program	pcrec_25b1984f_auto-caps-simdna	measured	pinned	1	min_ns	203581.468968	112	1.0000	0	0		
rank	ipv4	(set)	short-subject-search	plain	same program	pcrec_25b1984f_auto-caps-simdna	measured	pinned	1	max_ns	204494.242235	112	1.0000	0	0		
rank	ipv4	(set)	short-subject-search	plain	same program	pcrec_25b1984f_auto-caps-simdna	measured	pinned	1	stddev_ns	364.819207	112	1.0000	0	0		
rank	ipv4	(set)	short-subject-search	plain	same program	pcrec_25b1984f_auto-caps-simdna	measured	pinned	1	ratio_vs_baseline	0.026181	112	1.0000	0	0		
rank	ipv4	(set)	short-subject-search	plain	same program	pcrec_25b1984f_auto-caps-simdna	measured	pinned	1	ratio_vs_best	1.000000	112	1.0000	0	0		
rank	ipv4	(set)	short-subject-search	plain	same program	pcrec_25b1984f_auto-nocaps-simdna	measured	pinned	2	median_ns	204680.142616	112	1.0000	0	0		
rank	ipv4	(set)	short-subject-search	plain	same program	pcrec_25b1984f_auto-nocaps-simdna	measured	pinned	2	min_ns	204196.717421	112	1.0000	0	0		
rank	ipv4	(set)	short-subject-search	plain	same program	pcrec_25b1984f_auto-nocaps-simdna	measured	pinned	2	max_ns	205206.013963	112	1.0000	0	0		
rank	ipv4	(set)	short-subject-search	plain	same program	pcrec_25b1984f_auto-nocaps-simdna	measured	pinned	2	stddev_ns	378.378027	112	1.0000	0	0		
rank	ipv4	(set)	short-subject-search	plain	same program	pcrec_25b1984f_auto-nocaps-simdna	measured	pinned	2	ratio_vs_baseline	0.026275	112	1.0000	0	0		
rank	ipv4	(set)	short-subject-search	plain	same program	pcrec_25b1984f_auto-nocaps-simdna	measured	pinned	2	ratio_vs_best	1.003584	112	1.0000	0	0		
rank	ipv4	(set)	short-subject-search	plain	same program	rust_1.13.1_default-caps-simdna	measured	pinned	3	median_ns	294105.310308	112	1.0000	0	0		
rank	ipv4	(set)	short-subject-search	plain	same program	rust_1.13.1_default-caps-simdna	measured	pinned	3	min_ns	294054.191436	112	1.0000	0	0		
rank	ipv4	(set)	short-subject-search	plain	same program	rust_1.13.1_default-caps-simdna	measured	pinned	3	max_ns	386500.732467	112	1.0000	0	0		
rank	ipv4	(set)	short-subject-search	plain	same program	rust_1.13.1_default-caps-simdna	measured	pinned	3	stddev_ns	36931.604354	112	1.0000	0	0		
rank	ipv4	(set)	short-subject-search	plain	same program	rust_1.13.1_default-caps-simdna	measured	pinned	3	ratio_vs_baseline	0.037755	112	1.0000	0	0		
rank	ipv4	(set)	short-subject-search	plain	same program	rust_1.13.1_default-caps-simdna	measured	pinned	3	ratio_vs_best	1.442052	112	1.0000	0	0		
rank	ipv4	(set)	short-subject-search	plain	same program	libpcre2_10.46_jit-caps-simdna	measured	pinned	4	median_ns	722942.356646	112	1.0000	0	0		
rank	ipv4	(set)	short-subject-search	plain	same program	libpcre2_10.46_jit-caps-simdna	measured	pinned	4	min_ns	722056.523501	112	1.0000	0	0		
rank	ipv4	(set)	short-subject-search	plain	same program	libpcre2_10.46_jit-caps-simdna	measured	pinned	4	max_ns	724395.977815	112	1.0000	0	0		
rank	ipv4	(set)	short-subject-search	plain	same program	libpcre2_10.46_jit-caps-simdna	measured	pinned	4	stddev_ns	871.024706	112	1.0000	0	0		
rank	ipv4	(set)	short-subject-search	plain	same program	libpcre2_10.46_jit-caps-simdna	measured	pinned	4	ratio_vs_baseline	0.092806	112	1.0000	0	0		
rank	ipv4	(set)	short-subject-search	plain	same program	libpcre2_10.46_jit-caps-simdna	measured	pinned	4	ratio_vs_best	3.544719	112	1.0000	0	0		
rank	ipv4	(set)	short-subject-search	plain	same program	pcrec_25b1984f_vm-caps-simdna	measured	pinned	5	median_ns	2951984.645110	112	1.0000	0	0		
rank	ipv4	(set)	short-subject-search	plain	same program	pcrec_25b1984f_vm-caps-simdna	measured	pinned	5	min_ns	2944515.880915	112	1.0000	0	0		
rank	ipv4	(set)	short-subject-search	plain	same program	pcrec_25b1984f_vm-caps-simdna	measured	pinned	5	max_ns	2955765.236199	112	1.0000	0	0		
rank	ipv4	(set)	short-subject-search	plain	same program	pcrec_25b1984f_vm-caps-simdna	measured	pinned	5	stddev_ns	4756.284420	112	1.0000	0	0		
rank	ipv4	(set)	short-subject-search	plain	same program	pcrec_25b1984f_vm-caps-simdna	measured	pinned	5	ratio_vs_baseline	0.378953	112	1.0000	0	0		
rank	ipv4	(set)	short-subject-search	plain	same program	pcrec_25b1984f_vm-caps-simdna	measured	pinned	5	ratio_vs_best	14.474123	112	1.0000	0	0		
rank	ipv4	(set)	short-subject-search	plain	same program	pcrec_25b1984f_vm-in-caps-simdna	measured	pinned	6	median_ns	3020775.874056	112	1.0000	0	0		
rank	ipv4	(set)	short-subject-search	plain	same program	pcrec_25b1984f_vm-in-caps-simdna	measured	pinned	6	min_ns	2980252.541120	112	1.0000	0	0		
rank	ipv4	(set)	short-subject-search	plain	same program	pcrec_25b1984f_vm-in-caps-simdna	measured	pinned	6	max_ns	3026892.185936	112	1.0000	0	0		
rank	ipv4	(set)	short-subject-search	plain	same program	pcrec_25b1984f_vm-in-caps-simdna	measured	pinned	6	stddev_ns	19904.984069	112	1.0000	0	0		
rank	ipv4	(set)	short-subject-search	plain	same program	pcrec_25b1984f_vm-in-caps-simdna	measured	pinned	6	ratio_vs_baseline	0.387783	112	1.0000	0	0		
rank	ipv4	(set)	short-subject-search	plain	same program	pcrec_25b1984f_vm-in-caps-simdna	measured	pinned	6	ratio_vs_best	14.811419	112	1.0000	0	0		
rank	ipv4	(set)	short-subject-search	plain	same program	libpcre2_10.46_interp-caps-simdna	measured	pinned	7	median_ns	7789853.905319	112	1.0000	0	0		
rank	ipv4	(set)	short-subject-search	plain	same program	libpcre2_10.46_interp-caps-simdna	measured	pinned	7	min_ns	7759415.344681	112	1.0000	0	0		
rank	ipv4	(set)	short-subject-search	plain	same program	libpcre2_10.46_interp-caps-simdna	measured	pinned	7	max_ns	8128808.822340	112	1.0000	0	0		
rank	ipv4	(set)	short-subject-search	plain	same program	libpcre2_10.46_interp-caps-simdna	measured	pinned	7	stddev_ns	136676.864945	112	1.0000	0	0		
rank	ipv4	(set)	short-subject-search	plain	same program	libpcre2_10.46_interp-caps-simdna	measured	pinned	7	ratio_vs_baseline	1.000000	112	1.0000	0	0		
rank	ipv4	(set)	short-subject-search	plain	same program	libpcre2_10.46_interp-caps-simdna	measured	pinned	7	ratio_vs_best	38.195085	112	1.0000	0	0		
baseline	ipv6	(set)	large-subject-throughput			libpcre2_10.46_interp-caps-simdna				baseline_identity	interp					libpcre2_10.46_interp-caps-simdna (interp, present in this group)	
rank	ipv6	(set)	large-subject-throughput	plain	same program	rust_1.13.1_default-caps-simdna	measured	pinned	1	median_ns	7477277.203883	12	1.0000	0	0		
rank	ipv6	(set)	large-subject-throughput	plain	same program	rust_1.13.1_default-caps-simdna	measured	pinned	1	min_ns	7470821.145631	12	1.0000	0	0		
rank	ipv6	(set)	large-subject-throughput	plain	same program	rust_1.13.1_default-caps-simdna	measured	pinned	1	max_ns	7480194.388350	12	1.0000	0	0		
rank	ipv6	(set)	large-subject-throughput	plain	same program	rust_1.13.1_default-caps-simdna	measured	pinned	1	stddev_ns	3531.829640	12	1.0000	0	0		
rank	ipv6	(set)	large-subject-throughput	plain	same program	rust_1.13.1_default-caps-simdna	measured	pinned	1	ratio_vs_baseline	0.034284	12	1.0000	0	0		
rank	ipv6	(set)	large-subject-throughput	plain	same program	rust_1.13.1_default-caps-simdna	measured	pinned	1	ratio_vs_best	1.000000	12	1.0000	0	0		
rank	ipv6	(set)	large-subject-throughput	plain	same program	pcrec_25b1984f_auto-nocaps-simdna	measured	pinned	2	median_ns	10504897.764706	12	1.0000	0	0		
rank	ipv6	(set)	large-subject-throughput	plain	same program	pcrec_25b1984f_auto-nocaps-simdna	measured	pinned	2	min_ns	10489587.447059	12	1.0000	0	0		
rank	ipv6	(set)	large-subject-throughput	plain	same program	pcrec_25b1984f_auto-nocaps-simdna	measured	pinned	2	max_ns	10835623.082353	12	1.0000	0	0		
rank	ipv6	(set)	large-subject-throughput	plain	same program	pcrec_25b1984f_auto-nocaps-simdna	measured	pinned	2	stddev_ns	135002.150026	12	1.0000	0	0		
rank	ipv6	(set)	large-subject-throughput	plain	same program	pcrec_25b1984f_auto-nocaps-simdna	measured	pinned	2	ratio_vs_baseline	0.048166	12	1.0000	0	0		
rank	ipv6	(set)	large-subject-throughput	plain	same program	pcrec_25b1984f_auto-nocaps-simdna	measured	pinned	2	ratio_vs_best	1.404909	12	1.0000	0	0		
rank	ipv6	(set)	large-subject-throughput	plain	same program	pcrec_25b1984f_auto-caps-simdna	measured	pinned	3	median_ns	10507078.975610	12	1.0000	0	0		
rank	ipv6	(set)	large-subject-throughput	plain	same program	pcrec_25b1984f_auto-caps-simdna	measured	pinned	3	min_ns	10503748.207317	12	1.0000	0	0		
rank	ipv6	(set)	large-subject-throughput	plain	same program	pcrec_25b1984f_auto-caps-simdna	measured	pinned	3	max_ns	10511926.073171	12	1.0000	0	0		
rank	ipv6	(set)	large-subject-throughput	plain	same program	pcrec_25b1984f_auto-caps-simdna	measured	pinned	3	stddev_ns	3272.887760	12	1.0000	0	0		
rank	ipv6	(set)	large-subject-throughput	plain	same program	pcrec_25b1984f_auto-caps-simdna	measured	pinned	3	ratio_vs_baseline	0.048176	12	1.0000	0	0		
rank	ipv6	(set)	large-subject-throughput	plain	same program	pcrec_25b1984f_auto-caps-simdna	measured	pinned	3	ratio_vs_best	1.405201	12	1.0000	0	0		
rank	ipv6	(set)	large-subject-throughput	plain	same program	libpcre2_10.46_jit-caps-simdna	measured	pinned	4	median_ns	31724265.214286	12	1.0000	0	0		
rank	ipv6	(set)	large-subject-throughput	plain	same program	libpcre2_10.46_jit-caps-simdna	measured	pinned	4	min_ns	31692969.964286	12	1.0000	0	0		
rank	ipv6	(set)	large-subject-throughput	plain	same program	libpcre2_10.46_jit-caps-simdna	measured	pinned	4	max_ns	31829239.035714	12	1.0000	0	0		
rank	ipv6	(set)	large-subject-throughput	plain	same program	libpcre2_10.46_jit-caps-simdna	measured	pinned	4	stddev_ns	49734.727592	12	1.0000	0	0		
rank	ipv6	(set)	large-subject-throughput	plain	same program	libpcre2_10.46_jit-caps-simdna	measured	pinned	4	ratio_vs_baseline	0.145458	12	1.0000	0	0		
rank	ipv6	(set)	large-subject-throughput	plain	same program	libpcre2_10.46_jit-caps-simdna	measured	pinned	4	ratio_vs_best	4.242756	12	1.0000	0	0		
rank	ipv6	(set)	large-subject-throughput	plain	same program	pcrec_25b1984f_vm-caps-simdna	measured	pinned	5	median_ns	115082438.750000	12	1.0000	0	0		
rank	ipv6	(set)	large-subject-throughput	plain	same program	pcrec_25b1984f_vm-caps-simdna	measured	pinned	5	min_ns	113667047.875000	12	1.0000	0	0		
rank	ipv6	(set)	large-subject-throughput	plain	same program	pcrec_25b1984f_vm-caps-simdna	measured	pinned	5	max_ns	116153489.250000	12	1.0000	0	0		
rank	ipv6	(set)	large-subject-throughput	plain	same program	pcrec_25b1984f_vm-caps-simdna	measured	pinned	5	stddev_ns	804033.546789	12	1.0000	0	0		
rank	ipv6	(set)	large-subject-throughput	plain	same program	pcrec_25b1984f_vm-caps-simdna	measured	pinned	5	ratio_vs_baseline	0.527662	12	1.0000	0	0		
rank	ipv6	(set)	large-subject-throughput	plain	same program	pcrec_25b1984f_vm-caps-simdna	measured	pinned	5	ratio_vs_best	15.390955	12	1.0000	0	0		
rank	ipv6	(set)	large-subject-throughput	plain	same program	pcrec_25b1984f_vm-in-caps-simdna	measured	pinned	6	median_ns	116149018.571429	12	1.0000	0	0		
rank	ipv6	(set)	large-subject-throughput	plain	same program	pcrec_25b1984f_vm-in-caps-simdna	measured	pinned	6	min_ns	115927714.571429	12	1.0000	0	0		
rank	ipv6	(set)	large-subject-throughput	plain	same program	pcrec_25b1984f_vm-in-caps-simdna	measured	pinned	6	max_ns	116886593.714286	12	1.0000	0	0		
rank	ipv6	(set)	large-subject-throughput	plain	same program	pcrec_25b1984f_vm-in-caps-simdna	measured	pinned	6	stddev_ns	346135.258529	12	1.0000	0	0		
rank	ipv6	(set)	large-subject-throughput	plain	same program	pcrec_25b1984f_vm-in-caps-simdna	measured	pinned	6	ratio_vs_baseline	0.532552	12	1.0000	0	0		
rank	ipv6	(set)	large-subject-throughput	plain	same program	pcrec_25b1984f_vm-in-caps-simdna	measured	pinned	6	ratio_vs_best	15.533598	12	1.0000	0	0		
rank	ipv6	(set)	large-subject-throughput	plain	same program	libpcre2_10.46_interp-caps-simdna	measured	pinned	7	median_ns	218098807.750000	12	1.0000	0	0		
rank	ipv6	(set)	large-subject-throughput	plain	same program	libpcre2_10.46_interp-caps-simdna	measured	pinned	7	min_ns	217660955.000000	12	1.0000	0	0		
rank	ipv6	(set)	large-subject-throughput	plain	same program	libpcre2_10.46_interp-caps-simdna	measured	pinned	7	max_ns	218483372.500000	12	1.0000	0	0		
rank	ipv6	(set)	large-subject-throughput	plain	same program	libpcre2_10.46_interp-caps-simdna	measured	pinned	7	stddev_ns	278296.269304	12	1.0000	0	0		
rank	ipv6	(set)	large-subject-throughput	plain	same program	libpcre2_10.46_interp-caps-simdna	measured	pinned	7	ratio_vs_baseline	1.000000	12	1.0000	0	0		
rank	ipv6	(set)	large-subject-throughput	plain	same program	libpcre2_10.46_interp-caps-simdna	measured	pinned	7	ratio_vs_best	29.168212	12	1.0000	0	0		
baseline	ipv6	(set)	short-subject-search			libpcre2_10.46_interp-caps-simdna				baseline_identity	interp					libpcre2_10.46_interp-caps-simdna (interp, present in this group)	
rank	ipv6	(set)	short-subject-search	plain	same program	pcrec_25b1984f_auto-nocaps-simdna	measured	pinned	1	median_ns	260245.116270	112	1.0000	0	0		
rank	ipv6	(set)	short-subject-search	plain	same program	pcrec_25b1984f_auto-nocaps-simdna	measured	pinned	1	min_ns	259921.933551	112	1.0000	0	0		
rank	ipv6	(set)	short-subject-search	plain	same program	pcrec_25b1984f_auto-nocaps-simdna	measured	pinned	1	max_ns	261315.990362	112	1.0000	0	0		
rank	ipv6	(set)	short-subject-search	plain	same program	pcrec_25b1984f_auto-nocaps-simdna	measured	pinned	1	stddev_ns	473.029540	112	1.0000	0	0		
rank	ipv6	(set)	short-subject-search	plain	same program	pcrec_25b1984f_auto-nocaps-simdna	measured	pinned	1	ratio_vs_baseline	0.031516	112	1.0000	0	0		
rank	ipv6	(set)	short-subject-search	plain	same program	pcrec_25b1984f_auto-nocaps-simdna	measured	pinned	1	ratio_vs_best	1.000000	112	1.0000	0	0		
rank	ipv6	(set)	short-subject-search	plain	same program	pcrec_25b1984f_auto-caps-simdna	measured	pinned	2	median_ns	260709.545234	112	1.0000	0	0		
rank	ipv6	(set)	short-subject-search	plain	same program	pcrec_25b1984f_auto-caps-simdna	measured	pinned	2	min_ns	260041.648463	112	1.0000	0	0		
rank	ipv6	(set)	short-subject-search	plain	same program	pcrec_25b1984f_auto-caps-simdna	measured	pinned	2	max_ns	262526.946600	112	1.0000	0	0		
rank	ipv6	(set)	short-subject-search	plain	same program	pcrec_25b1984f_auto-caps-simdna	measured	pinned	2	stddev_ns	912.110752	112	1.0000	0	0		
rank	ipv6	(set)	short-subject-search	plain	same program	pcrec_25b1984f_auto-caps-simdna	measured	pinned	2	ratio_vs_baseline	0.031572	112	1.0000	0	0		
rank	ipv6	(set)	short-subject-search	plain	same program	pcrec_25b1984f_auto-caps-simdna	measured	pinned	2	ratio_vs_best	1.001785	112	1.0000	0	0		
rank	ipv6	(set)	short-subject-search	plain	same program	rust_1.13.1_default-caps-simdna	measured	pinned	3	median_ns	291467.667681	112	1.0000	0	0		
rank	ipv6	(set)	short-subject-search	plain	same program	rust_1.13.1_default-caps-simdna	measured	pinned	3	min_ns	291249.055094	112	1.0000	0	0		
rank	ipv6	(set)	short-subject-search	plain	same program	rust_1.13.1_default-caps-simdna	measured	pinned	3	max_ns	291766.341744	112	1.0000	0	0		
rank	ipv6	(set)	short-subject-search	plain	same program	rust_1.13.1_default-caps-simdna	measured	pinned	3	stddev_ns	185.999017	112	1.0000	0	0		
rank	ipv6	(set)	short-subject-search	plain	same program	rust_1.13.1_default-caps-simdna	measured	pinned	3	ratio_vs_baseline	0.035297	112	1.0000	0	0		
rank	ipv6	(set)	short-subject-search	plain	same program	rust_1.13.1_default-caps-simdna	measured	pinned	3	ratio_vs_best	1.119974	112	1.0000	0	0		
rank	ipv6	(set)	short-subject-search	plain	same program	libpcre2_10.46_jit-caps-simdna	measured	pinned	4	median_ns	1132824.972544	112	1.0000	0	0		
rank	ipv6	(set)	short-subject-search	plain	same program	libpcre2_10.46_jit-caps-simdna	measured	pinned	4	min_ns	1131209.922625	112	1.0000	0	0		
rank	ipv6	(set)	short-subject-search	plain	same program	libpcre2_10.46_jit-caps-simdna	measured	pinned	4	max_ns	1133943.280576	112	1.0000	0	0		
rank	ipv6	(set)	short-subject-search	plain	same program	libpcre2_10.46_jit-caps-simdna	measured	pinned	4	stddev_ns	987.521632	112	1.0000	0	0		
rank	ipv6	(set)	short-subject-search	plain	same program	libpcre2_10.46_jit-caps-simdna	measured	pinned	4	ratio_vs_baseline	0.137185	112	1.0000	0	0		
rank	ipv6	(set)	short-subject-search	plain	same program	libpcre2_10.46_jit-caps-simdna	measured	pinned	4	ratio_vs_best	4.352915	112	1.0000	0	0		
rank	ipv6	(set)	short-subject-search	plain	same program	pcrec_25b1984f_vm-caps-simdna	measured	pinned	5	median_ns	4368131.670006	112	1.0000	0	0		
rank	ipv6	(set)	short-subject-search	plain	same program	pcrec_25b1984f_vm-caps-simdna	measured	pinned	5	min_ns	4364392.611668	112	1.0000	0	0		
rank	ipv6	(set)	short-subject-search	plain	same program	pcrec_25b1984f_vm-caps-simdna	measured	pinned	5	max_ns	4407457.869181	112	1.0000	0	0		
rank	ipv6	(set)	short-subject-search	plain	same program	pcrec_25b1984f_vm-caps-simdna	measured	pinned	5	stddev_ns	16132.500928	112	1.0000	0	0		
rank	ipv6	(set)	short-subject-search	plain	same program	pcrec_25b1984f_vm-caps-simdna	measured	pinned	5	ratio_vs_baseline	0.528981	112	1.0000	0	0		
rank	ipv6	(set)	short-subject-search	plain	same program	pcrec_25b1984f_vm-caps-simdna	measured	pinned	5	ratio_vs_best	16.784683	112	1.0000	0	0		
rank	ipv6	(set)	short-subject-search	plain	same program	pcrec_25b1984f_vm-in-caps-simdna	measured	pinned	6	median_ns	4426565.695594	112	1.0000	0	0		
rank	ipv6	(set)	short-subject-search	plain	same program	pcrec_25b1984f_vm-in-caps-simdna	measured	pinned	6	min_ns	4408332.504005	112	1.0000	0	0		
rank	ipv6	(set)	short-subject-search	plain	same program	pcrec_25b1984f_vm-in-caps-simdna	measured	pinned	6	max_ns	4483410.451936	112	1.0000	0	0		
rank	ipv6	(set)	short-subject-search	plain	same program	pcrec_25b1984f_vm-in-caps-simdna	measured	pinned	6	stddev_ns	26281.663628	112	1.0000	0	0		
rank	ipv6	(set)	short-subject-search	plain	same program	pcrec_25b1984f_vm-in-caps-simdna	measured	pinned	6	ratio_vs_baseline	0.536058	112	1.0000	0	0		
rank	ipv6	(set)	short-subject-search	plain	same program	pcrec_25b1984f_vm-in-caps-simdna	measured	pinned	6	ratio_vs_best	17.009217	112	1.0000	0	0		
rank	ipv6	(set)	short-subject-search	plain	same program	libpcre2_10.46_interp-caps-simdna	measured	pinned	7	median_ns	8257629.230852	112	1.0000	0	0		
rank	ipv6	(set)	short-subject-search	plain	same program	libpcre2_10.46_interp-caps-simdna	measured	pinned	7	min_ns	8245361.570658	112	1.0000	0	0		
rank	ipv6	(set)	short-subject-search	plain	same program	libpcre2_10.46_interp-caps-simdna	measured	pinned	7	max_ns	8274337.558792	112	1.0000	0	0		
rank	ipv6	(set)	short-subject-search	plain	same program	libpcre2_10.46_interp-caps-simdna	measured	pinned	7	stddev_ns	9769.520553	112	1.0000	0	0		
rank	ipv6	(set)	short-subject-search	plain	same program	libpcre2_10.46_interp-caps-simdna	measured	pinned	7	ratio_vs_baseline	1.000000	112	1.0000	0	0		
rank	ipv6	(set)	short-subject-search	plain	same program	libpcre2_10.46_interp-caps-simdna	measured	pinned	7	ratio_vs_best	31.730199	112	1.0000	0	0		
baseline	iso-ts	(set)	large-subject-throughput			libpcre2_10.46_interp-caps-simdna				baseline_identity	interp					libpcre2_10.46_interp-caps-simdna (interp, present in this group)	
rank	iso-ts	(set)	large-subject-throughput	plain	same program	libpcre2_10.46_jit-caps-simdna	measured	pinned	1	median_ns	962034.734560	12	1.0000	0	0		
rank	iso-ts	(set)	large-subject-throughput	plain	same program	libpcre2_10.46_jit-caps-simdna	measured	pinned	1	min_ns	960301.767411	12	1.0000	0	0		
rank	iso-ts	(set)	large-subject-throughput	plain	same program	libpcre2_10.46_jit-caps-simdna	measured	pinned	1	max_ns	962187.771353	12	1.0000	0	0		
rank	iso-ts	(set)	large-subject-throughput	plain	same program	libpcre2_10.46_jit-caps-simdna	measured	pinned	1	stddev_ns	711.213992	12	1.0000	0	0		
rank	iso-ts	(set)	large-subject-throughput	plain	same program	libpcre2_10.46_jit-caps-simdna	measured	pinned	1	ratio_vs_baseline	0.015790	12	1.0000	0	0		
rank	iso-ts	(set)	large-subject-throughput	plain	same program	libpcre2_10.46_jit-caps-simdna	measured	pinned	1	ratio_vs_best	1.000000	12	1.0000	0	0		
rank	iso-ts	(set)	large-subject-throughput	plain	same program	pcrec_25b1984f_auto-caps-simdna	measured	pinned	2	median_ns	1151889.577381	12	1.0000	0	0		
rank	iso-ts	(set)	large-subject-throughput	plain	same program	pcrec_25b1984f_auto-caps-simdna	measured	pinned	2	min_ns	1151522.658333	12	1.0000	0	0		
rank	iso-ts	(set)	large-subject-throughput	plain	same program	pcrec_25b1984f_auto-caps-simdna	measured	pinned	2	max_ns	1153706.314286	12	1.0000	0	0		
rank	iso-ts	(set)	large-subject-throughput	plain	same program	pcrec_25b1984f_auto-caps-simdna	measured	pinned	2	stddev_ns	797.734783	12	1.0000	0	0		
rank	iso-ts	(set)	large-subject-throughput	plain	same program	pcrec_25b1984f_auto-caps-simdna	measured	pinned	2	ratio_vs_baseline	0.018906	12	1.0000	0	0		
rank	iso-ts	(set)	large-subject-throughput	plain	same program	pcrec_25b1984f_auto-caps-simdna	measured	pinned	2	ratio_vs_best	1.197347	12	1.0000	0	0		
rank	iso-ts	(set)	large-subject-throughput	plain	same program	pcrec_25b1984f_auto-nocaps-simdna	measured	pinned	3	median_ns	1152312.003619	12	1.0000	0	0		
rank	iso-ts	(set)	large-subject-throughput	plain	same program	pcrec_25b1984f_auto-nocaps-simdna	measured	pinned	3	min_ns	1151485.293124	12	1.0000	0	0		
rank	iso-ts	(set)	large-subject-throughput	plain	same program	pcrec_25b1984f_auto-nocaps-simdna	measured	pinned	3	max_ns	1154088.576598	12	1.0000	0	0		
rank	iso-ts	(set)	large-subject-throughput	plain	same program	pcrec_25b1984f_auto-nocaps-simdna	measured	pinned	3	stddev_ns	885.308984	12	1.0000	0	0		
rank	iso-ts	(set)	large-subject-throughput	plain	same program	pcrec_25b1984f_auto-nocaps-simdna	measured	pinned	3	ratio_vs_baseline	0.018913	12	1.0000	0	0		
rank	iso-ts	(set)	large-subject-throughput	plain	same program	pcrec_25b1984f_auto-nocaps-simdna	measured	pinned	3	ratio_vs_best	1.197786	12	1.0000	0	0		
rank	iso-ts	(set)	large-subject-throughput	plain	same program	rust_1.13.1_default-caps-simdna	measured	pinned	4	median_ns	5841273.894309	12	1.0000	0	0		
rank	iso-ts	(set)	large-subject-throughput	plain	same program	rust_1.13.1_default-caps-simdna	measured	pinned	4	min_ns	5833590.430894	12	1.0000	0	0		
rank	iso-ts	(set)	large-subject-throughput	plain	same program	rust_1.13.1_default-caps-simdna	measured	pinned	4	max_ns	5848617.252033	12	1.0000	0	0		
rank	iso-ts	(set)	large-subject-throughput	plain	same program	rust_1.13.1_default-caps-simdna	measured	pinned	4	stddev_ns	5465.222919	12	1.0000	0	0		
rank	iso-ts	(set)	large-subject-throughput	plain	same program	rust_1.13.1_default-caps-simdna	measured	pinned	4	ratio_vs_baseline	0.095875	12	1.0000	0	0		
rank	iso-ts	(set)	large-subject-throughput	plain	same program	rust_1.13.1_default-caps-simdna	measured	pinned	4	ratio_vs_best	6.071791	12	1.0000	0	0		
rank	iso-ts	(set)	large-subject-throughput	plain	same program	pcrec_25b1984f_vm-in-caps-simdna	measured	pinned	5	median_ns	25256674.264706	12	1.0000	0	0		
rank	iso-ts	(set)	large-subject-throughput	plain	same program	pcrec_25b1984f_vm-in-caps-simdna	measured	pinned	5	min_ns	25248519.529412	12	1.0000	0	0		
rank	iso-ts	(set)	large-subject-throughput	plain	same program	pcrec_25b1984f_vm-in-caps-simdna	measured	pinned	5	max_ns	25262028.117647	12	1.0000	0	0		
rank	iso-ts	(set)	large-subject-throughput	plain	same program	pcrec_25b1984f_vm-in-caps-simdna	measured	pinned	5	stddev_ns	4589.606428	12	1.0000	0	0		
rank	iso-ts	(set)	large-subject-throughput	plain	same program	pcrec_25b1984f_vm-in-caps-simdna	measured	pinned	5	ratio_vs_baseline	0.414548	12	1.0000	0	0		
rank	iso-ts	(set)	large-subject-throughput	plain	same program	pcrec_25b1984f_vm-in-caps-simdna	measured	pinned	5	ratio_vs_best	26.253391	12	1.0000	0	0		
rank	iso-ts	(set)	large-subject-throughput	plain	same program	pcrec_25b1984f_vm-caps-simdna	measured	pinned	6	median_ns	25258218.939394	12	1.0000	0	0		
rank	iso-ts	(set)	large-subject-throughput	plain	same program	pcrec_25b1984f_vm-caps-simdna	measured	pinned	6	min_ns	25244221.030303	12	1.0000	0	0		
rank	iso-ts	(set)	large-subject-throughput	plain	same program	pcrec_25b1984f_vm-caps-simdna	measured	pinned	6	max_ns	25260647.818182	12	1.0000	0	0		
rank	iso-ts	(set)	large-subject-throughput	plain	same program	pcrec_25b1984f_vm-caps-simdna	measured	pinned	6	stddev_ns	5901.345851	12	1.0000	0	0		
rank	iso-ts	(set)	large-subject-throughput	plain	same program	pcrec_25b1984f_vm-caps-simdna	measured	pinned	6	ratio_vs_baseline	0.414573	12	1.0000	0	0		
rank	iso-ts	(set)	large-subject-throughput	plain	same program	pcrec_25b1984f_vm-caps-simdna	measured	pinned	6	ratio_vs_best	26.254997	12	1.0000	0	0		
rank	iso-ts	(set)	large-subject-throughput	plain	same program	libpcre2_10.46_interp-caps-simdna	measured	pinned	7	median_ns	60925794.066667	12	1.0000	0	0		
rank	iso-ts	(set)	large-subject-throughput	plain	same program	libpcre2_10.46_interp-caps-simdna	measured	pinned	7	min_ns	60793681.200000	12	1.0000	0	0		
rank	iso-ts	(set)	large-subject-throughput	plain	same program	libpcre2_10.46_interp-caps-simdna	measured	pinned	7	max_ns	61368408.666667	12	1.0000	0	0		
rank	iso-ts	(set)	large-subject-throughput	plain	same program	libpcre2_10.46_interp-caps-simdna	measured	pinned	7	stddev_ns	222898.825099	12	1.0000	0	0		
rank	iso-ts	(set)	large-subject-throughput	plain	same program	libpcre2_10.46_interp-caps-simdna	measured	pinned	7	ratio_vs_baseline	1.000000	12	1.0000	0	0		
rank	iso-ts	(set)	large-subject-throughput	plain	same program	libpcre2_10.46_interp-caps-simdna	measured	pinned	7	ratio_vs_best	63.330140	12	1.0000	0	0		
baseline	iso-ts	(set)	short-subject-search			libpcre2_10.46_interp-caps-simdna				baseline_identity	interp					libpcre2_10.46_interp-caps-simdna (interp, present in this group)	
rank	iso-ts	(set)	short-subject-search	plain	same program	pcrec_25b1984f_auto-caps-simdna	measured	pinned	1	median_ns	20620.955166	112	1.0000	0	0		
rank	iso-ts	(set)	short-subject-search	plain	same program	pcrec_25b1984f_auto-caps-simdna	measured	pinned	1	min_ns	20602.161153	112	1.0000	0	0		
rank	iso-ts	(set)	short-subject-search	plain	same program	pcrec_25b1984f_auto-caps-simdna	measured	pinned	1	max_ns	20635.553291	112	1.0000	0	0		
rank	iso-ts	(set)	short-subject-search	plain	same program	pcrec_25b1984f_auto-caps-simdna	measured	pinned	1	stddev_ns	12.914232	112	1.0000	0	0		
rank	iso-ts	(set)	short-subject-search	plain	same program	pcrec_25b1984f_auto-caps-simdna	measured	pinned	1	ratio_vs_baseline	0.008651	112	1.0000	0	0		
rank	iso-ts	(set)	short-subject-search	plain	same program	pcrec_25b1984f_auto-caps-simdna	measured	pinned	1	ratio_vs_best	1.000000	112	1.0000	0	0		
rank	iso-ts	(set)	short-subject-search	plain	same program	pcrec_25b1984f_auto-nocaps-simdna	measured	pinned	2	median_ns	20627.912883	112	1.0000	0	0		
rank	iso-ts	(set)	short-subject-search	plain	same program	pcrec_25b1984f_auto-nocaps-simdna	measured	pinned	2	min_ns	20617.719401	112	1.0000	0	0		
rank	iso-ts	(set)	short-subject-search	plain	same program	pcrec_25b1984f_auto-nocaps-simdna	measured	pinned	2	max_ns	20633.898395	112	1.0000	0	0		
rank	iso-ts	(set)	short-subject-search	plain	same program	pcrec_25b1984f_auto-nocaps-simdna	measured	pinned	2	stddev_ns	5.766252	112	1.0000	0	0		
rank	iso-ts	(set)	short-subject-search	plain	same program	pcrec_25b1984f_auto-nocaps-simdna	measured	pinned	2	ratio_vs_baseline	0.008654	112	1.0000	0	0		
rank	iso-ts	(set)	short-subject-search	plain	same program	pcrec_25b1984f_auto-nocaps-simdna	measured	pinned	2	ratio_vs_best	1.000337	112	1.0000	0	0		
rank	iso-ts	(set)	short-subject-search	plain	same program	libpcre2_10.46_jit-caps-simdna	measured	pinned	3	median_ns	20688.099771	112	1.0000	0	0		
rank	iso-ts	(set)	short-subject-search	plain	same program	libpcre2_10.46_jit-caps-simdna	measured	pinned	3	min_ns	20617.407494	112	1.0000	0	0		
rank	iso-ts	(set)	short-subject-search	plain	same program	libpcre2_10.46_jit-caps-simdna	measured	pinned	3	max_ns	20790.052725	112	1.0000	0	0		
rank	iso-ts	(set)	short-subject-search	plain	same program	libpcre2_10.46_jit-caps-simdna	measured	pinned	3	stddev_ns	56.496727	112	1.0000	0	0		
rank	iso-ts	(set)	short-subject-search	plain	same program	libpcre2_10.46_jit-caps-simdna	measured	pinned	3	ratio_vs_baseline	0.008680	112	1.0000	0	0		
rank	iso-ts	(set)	short-subject-search	plain	same program	libpcre2_10.46_jit-caps-simdna	measured	pinned	3	ratio_vs_best	1.003256	112	1.0000	0	0		
rank	iso-ts	(set)	short-subject-search	plain	same program	rust_1.13.1_default-caps-simdna	measured	pinned	4	median_ns	207150.243881	112	1.0000	0	0		
rank	iso-ts	(set)	short-subject-search	plain	same program	rust_1.13.1_default-caps-simdna	measured	pinned	4	min_ns	206491.684656	112	1.0000	0	0		
rank	iso-ts	(set)	short-subject-search	plain	same program	rust_1.13.1_default-caps-simdna	measured	pinned	4	max_ns	213145.909123	112	1.0000	0	0		
rank	iso-ts	(set)	short-subject-search	plain	same program	rust_1.13.1_default-caps-simdna	measured	pinned	4	stddev_ns	2491.664210	112	1.0000	0	0		
rank	iso-ts	(set)	short-subject-search	plain	same program	rust_1.13.1_default-caps-simdna	measured	pinned	4	ratio_vs_baseline	0.086909	112	1.0000	0	0		
rank	iso-ts	(set)	short-subject-search	plain	same program	rust_1.13.1_default-caps-simdna	measured	pinned	4	ratio_vs_best	10.045618	112	1.0000	0	0		
rank	iso-ts	(set)	short-subject-search	plain	same program	pcrec_25b1984f_vm-in-caps-simdna	measured	pinned	5	median_ns	983057.610488	112	1.0000	0	0		
rank	iso-ts	(set)	short-subject-search	plain	same program	pcrec_25b1984f_vm-in-caps-simdna	measured	pinned	5	min_ns	981308.473640	112	1.0000	0	0		
rank	iso-ts	(set)	short-subject-search	plain	same program	pcrec_25b1984f_vm-in-caps-simdna	measured	pinned	5	max_ns	986290.862872	112	1.0000	0	0		
rank	iso-ts	(set)	short-subject-search	plain	same program	pcrec_25b1984f_vm-in-caps-simdna	measured	pinned	5	stddev_ns	1660.431458	112	1.0000	0	0		
rank	iso-ts	(set)	short-subject-search	plain	same program	pcrec_25b1984f_vm-in-caps-simdna	measured	pinned	5	ratio_vs_baseline	0.412439	112	1.0000	0	0		
rank	iso-ts	(set)	short-subject-search	plain	same program	pcrec_25b1984f_vm-in-caps-simdna	measured	pinned	5	ratio_vs_best	47.672749	112	1.0000	0	0		
rank	iso-ts	(set)	short-subject-search	plain	same program	pcrec_25b1984f_vm-caps-simdna	measured	pinned	6	median_ns	989015.308352	112	1.0000	0	0		
rank	iso-ts	(set)	short-subject-search	plain	same program	pcrec_25b1984f_vm-caps-simdna	measured	pinned	6	min_ns	983819.526294	112	1.0000	0	0		
rank	iso-ts	(set)	short-subject-search	plain	same program	pcrec_25b1984f_vm-caps-simdna	measured	pinned	6	max_ns	1004362.123453	112	1.0000	0	0		
rank	iso-ts	(set)	short-subject-search	plain	same program	pcrec_25b1984f_vm-caps-simdna	measured	pinned	6	stddev_ns	7343.503812	112	1.0000	0	0		
rank	iso-ts	(set)	short-subject-search	plain	same program	pcrec_25b1984f_vm-caps-simdna	measured	pinned	6	ratio_vs_baseline	0.414938	112	1.0000	0	0		
rank	iso-ts	(set)	short-subject-search	plain	same program	pcrec_25b1984f_vm-caps-simdna	measured	pinned	6	ratio_vs_best	47.961663	112	1.0000	0	0		
rank	iso-ts	(set)	short-subject-search	plain	same program	libpcre2_10.46_interp-caps-simdna	measured	pinned	7	median_ns	2383523.219914	112	1.0000	0	0		
rank	iso-ts	(set)	short-subject-search	plain	same program	libpcre2_10.46_interp-caps-simdna	measured	pinned	7	min_ns	2379855.569074	112	1.0000	0	0		
rank	iso-ts	(set)	short-subject-search	plain	same program	libpcre2_10.46_interp-caps-simdna	measured	pinned	7	max_ns	2385957.718431	112	1.0000	0	0		
rank	iso-ts	(set)	short-subject-search	plain	same program	libpcre2_10.46_interp-caps-simdna	measured	pinned	7	stddev_ns	2003.360239	112	1.0000	0	0		
rank	iso-ts	(set)	short-subject-search	plain	same program	libpcre2_10.46_interp-caps-simdna	measured	pinned	7	ratio_vs_baseline	1.000000	112	1.0000	0	0		
rank	iso-ts	(set)	short-subject-search	plain	same program	libpcre2_10.46_interp-caps-simdna	measured	pinned	7	ratio_vs_best	115.587430	112	1.0000	0	0		
baseline	kv-quoted	(set)	large-subject-throughput			libpcre2_10.46_interp-caps-simdna				baseline_identity	interp					libpcre2_10.46_interp-caps-simdna (interp, present in this group)	
rank	kv-quoted	(set)	large-subject-throughput	plain	same program	rust_1.13.1_default-caps-simdna	measured	pinned	1	median_ns	210692.918991	12	1.0000	0	0		
rank	kv-quoted	(set)	large-subject-throughput	plain	same program	rust_1.13.1_default-caps-simdna	measured	pinned	1	min_ns	210432.051793	12	1.0000	0	0		
rank	kv-quoted	(set)	large-subject-throughput	plain	same program	rust_1.13.1_default-caps-simdna	measured	pinned	1	max_ns	212132.466135	12	1.0000	0	0		
rank	kv-quoted	(set)	large-subject-throughput	plain	same program	rust_1.13.1_default-caps-simdna	measured	pinned	1	stddev_ns	626.230644	12	1.0000	0	0		
rank	kv-quoted	(set)	large-subject-throughput	plain	same program	rust_1.13.1_default-caps-simdna	measured	pinned	1	ratio_vs_baseline	0.003209	12	1.0000	0	0		
rank	kv-quoted	(set)	large-subject-throughput	plain	same program	rust_1.13.1_default-caps-simdna	measured	pinned	1	ratio_vs_best	1.000000	12	1.0000	0	0		
rank	kv-quoted	(set)	large-subject-throughput	plain	same program	pcrec_25b1984f_auto-nocaps-simdna	measured	pinned	2	median_ns	14261756.140351	12	1.0000	0	0		
rank	kv-quoted	(set)	large-subject-throughput	plain	same program	pcrec_25b1984f_auto-nocaps-simdna	measured	pinned	2	min_ns	14226097.736842	12	1.0000	0	0		
rank	kv-quoted	(set)	large-subject-throughput	plain	same program	pcrec_25b1984f_auto-nocaps-simdna	measured	pinned	2	max_ns	14638571.421053	12	1.0000	0	0		
rank	kv-quoted	(set)	large-subject-throughput	plain	same program	pcrec_25b1984f_auto-nocaps-simdna	measured	pinned	2	stddev_ns	187077.171666	12	1.0000	0	0		
rank	kv-quoted	(set)	large-subject-throughput	plain	same program	pcrec_25b1984f_auto-nocaps-simdna	measured	pinned	2	ratio_vs_baseline	0.217240	12	1.0000	0	0		
rank	kv-quoted	(set)	large-subject-throughput	plain	same program	pcrec_25b1984f_auto-nocaps-simdna	measured	pinned	2	ratio_vs_best	67.689774	12	1.0000	0	0		
rank	kv-quoted	(set)	large-subject-throughput	plain	same program	pcrec_25b1984f_auto-caps-simdna	measured	pinned	3	median_ns	14582658.844828	12	1.0000	0	0		
rank	kv-quoted	(set)	large-subject-throughput	plain	same program	pcrec_25b1984f_auto-caps-simdna	measured	pinned	3	min_ns	14276833.275862	12	1.0000	0	0		
rank	kv-quoted	(set)	large-subject-throughput	plain	same program	pcrec_25b1984f_auto-caps-simdna	measured	pinned	3	max_ns	14614557.448276	12	1.0000	0	0		
rank	kv-quoted	(set)	large-subject-throughput	plain	same program	pcrec_25b1984f_auto-caps-simdna	measured	pinned	3	stddev_ns	129826.181111	12	1.0000	0	0		
rank	kv-quoted	(set)	large-subject-throughput	plain	same program	pcrec_25b1984f_auto-caps-simdna	measured	pinned	3	ratio_vs_baseline	0.222128	12	1.0000	0	0		
rank	kv-quoted	(set)	large-subject-throughput	plain	same program	pcrec_25b1984f_auto-caps-simdna	measured	pinned	3	ratio_vs_best	69.212857	12	1.0000	0	0		
rank	kv-quoted	(set)	large-subject-throughput	plain	same program	libpcre2_10.46_jit-caps-simdna	measured	pinned	4	median_ns	15011589.956790	12	1.0000	0	0		
rank	kv-quoted	(set)	large-subject-throughput	plain	same program	libpcre2_10.46_jit-caps-simdna	measured	pinned	4	min_ns	14992050.333333	12	1.0000	0	0		
rank	kv-quoted	(set)	large-subject-throughput	plain	same program	libpcre2_10.46_jit-caps-simdna	measured	pinned	4	max_ns	15021093.351852	12	1.0000	0	0		
rank	kv-quoted	(set)	large-subject-throughput	plain	same program	libpcre2_10.46_jit-caps-simdna	measured	pinned	4	stddev_ns	10918.558605	12	1.0000	0	0		
rank	kv-quoted	(set)	large-subject-throughput	plain	same program	libpcre2_10.46_jit-caps-simdna	measured	pinned	4	ratio_vs_baseline	0.228661	12	1.0000	0	0		
rank	kv-quoted	(set)	large-subject-throughput	plain	same program	libpcre2_10.46_jit-caps-simdna	measured	pinned	4	ratio_vs_best	71.248669	12	1.0000	0	0		
rank	kv-quoted	(set)	large-subject-throughput	plain	same program	pcrec_25b1984f_vm-caps-simdna	measured	pinned	5	median_ns	35119618.916667	12	1.0000	0	0		
rank	kv-quoted	(set)	large-subject-throughput	plain	same program	pcrec_25b1984f_vm-caps-simdna	measured	pinned	5	min_ns	35089128.750000	12	1.0000	0	0		
rank	kv-quoted	(set)	large-subject-throughput	plain	same program	pcrec_25b1984f_vm-caps-simdna	measured	pinned	5	max_ns	35131274.333333	12	1.0000	0	0		
rank	kv-quoted	(set)	large-subject-throughput	plain	same program	pcrec_25b1984f_vm-caps-simdna	measured	pinned	5	stddev_ns	14880.653165	12	1.0000	0	0		
rank	kv-quoted	(set)	large-subject-throughput	plain	same program	pcrec_25b1984f_vm-caps-simdna	measured	pinned	5	ratio_vs_baseline	0.534953	12	1.0000	0	0		
rank	kv-quoted	(set)	large-subject-throughput	plain	same program	pcrec_25b1984f_vm-caps-simdna	measured	pinned	5	ratio_vs_best	166.686280	12	1.0000	0	0		
rank	kv-quoted	(set)	large-subject-throughput	plain	same program	pcrec_25b1984f_vm-in-caps-simdna	measured	pinned	6	median_ns	35120099.833333	12	1.0000	0	0		
rank	kv-quoted	(set)	large-subject-throughput	plain	same program	pcrec_25b1984f_vm-in-caps-simdna	measured	pinned	6	min_ns	35097135.125000	12	1.0000	0	0		
rank	kv-quoted	(set)	large-subject-throughput	plain	same program	pcrec_25b1984f_vm-in-caps-simdna	measured	pinned	6	max_ns	35144760.000000	12	1.0000	0	0		
rank	kv-quoted	(set)	large-subject-throughput	plain	same program	pcrec_25b1984f_vm-in-caps-simdna	measured	pinned	6	stddev_ns	18414.288102	12	1.0000	0	0		
rank	kv-quoted	(set)	large-subject-throughput	plain	same program	pcrec_25b1984f_vm-in-caps-simdna	measured	pinned	6	ratio_vs_baseline	0.534960	12	1.0000	0	0		
rank	kv-quoted	(set)	large-subject-throughput	plain	same program	pcrec_25b1984f_vm-in-caps-simdna	measured	pinned	6	ratio_vs_best	166.688563	12	1.0000	0	0		
rank	kv-quoted	(set)	large-subject-throughput	plain	same program	libpcre2_10.46_interp-caps-simdna	measured	pinned	7	median_ns	65649918.424242	12	1.0000	0	0		
rank	kv-quoted	(set)	large-subject-throughput	plain	same program	libpcre2_10.46_interp-caps-simdna	measured	pinned	7	min_ns	65616022.727273	12	1.0000	0	0		
rank	kv-quoted	(set)	large-subject-throughput	plain	same program	libpcre2_10.46_interp-caps-simdna	measured	pinned	7	max_ns	65759030.878788	12	1.0000	0	0		
rank	kv-quoted	(set)	large-subject-throughput	plain	same program	libpcre2_10.46_interp-caps-simdna	measured	pinned	7	stddev_ns	60116.289040	12	1.0000	0	0		
rank	kv-quoted	(set)	large-subject-throughput	plain	same program	libpcre2_10.46_interp-caps-simdna	measured	pinned	7	ratio_vs_baseline	1.000000	12	1.0000	0	0		
rank	kv-quoted	(set)	large-subject-throughput	plain	same program	libpcre2_10.46_interp-caps-simdna	measured	pinned	7	ratio_vs_best	311.590531	12	1.0000	0	0		
baseline	kv-quoted	(set)	short-subject-search			libpcre2_10.46_interp-caps-simdna				baseline_identity	interp					libpcre2_10.46_interp-caps-simdna (interp, present in this group)	
rank	kv-quoted	(set)	short-subject-search	plain	same program	rust_1.13.1_default-caps-simdna	measured	pinned	1	median_ns	9141.666360	112	1.0000	0	0		
rank	kv-quoted	(set)	short-subject-search	plain	same program	rust_1.13.1_default-caps-simdna	measured	pinned	1	min_ns	9125.371546	112	1.0000	0	0		
rank	kv-quoted	(set)	short-subject-search	plain	same program	rust_1.13.1_default-caps-simdna	measured	pinned	1	max_ns	9174.087032	112	1.0000	0	0		
rank	kv-quoted	(set)	short-subject-search	plain	same program	rust_1.13.1_default-caps-simdna	measured	pinned	1	stddev_ns	16.053138	112	1.0000	0	0		
rank	kv-quoted	(set)	short-subject-search	plain	same program	rust_1.13.1_default-caps-simdna	measured	pinned	1	ratio_vs_baseline	0.004908	112	1.0000	0	0		
rank	kv-quoted	(set)	short-subject-search	plain	same program	rust_1.13.1_default-caps-simdna	measured	pinned	1	ratio_vs_best	1.000000	112	1.0000	0	0		
rank	kv-quoted	(set)	short-subject-search	plain	same program	libpcre2_10.46_jit-caps-simdna	measured	pinned	2	median_ns	334426.651888	112	1.0000	0	0		
rank	kv-quoted	(set)	short-subject-search	plain	same program	libpcre2_10.46_jit-caps-simdna	measured	pinned	2	min_ns	333573.819822	112	1.0000	0	0		
rank	kv-quoted	(set)	short-subject-search	plain	same program	libpcre2_10.46_jit-caps-simdna	measured	pinned	2	max_ns	334534.119630	112	1.0000	0	0		
rank	kv-quoted	(set)	short-subject-search	plain	same program	libpcre2_10.46_jit-caps-simdna	measured	pinned	2	stddev_ns	359.876707	112	1.0000	0	0		
rank	kv-quoted	(set)	short-subject-search	plain	same program	libpcre2_10.46_jit-caps-simdna	measured	pinned	2	ratio_vs_baseline	0.179545	112	1.0000	0	0		
rank	kv-quoted	(set)	short-subject-search	plain	same program	libpcre2_10.46_jit-caps-simdna	measured	pinned	2	ratio_vs_best	36.582680	112	1.0000	0	0		
rank	kv-quoted	(set)	short-subject-search	plain	same program	pcrec_25b1984f_auto-nocaps-simdna	measured	pinned	3	median_ns	512138.091756	112	1.0000	0	0		
rank	kv-quoted	(set)	short-subject-search	plain	same program	pcrec_25b1984f_auto-nocaps-simdna	measured	pinned	3	min_ns	499752.107243	112	1.0000	0	0		
rank	kv-quoted	(set)	short-subject-search	plain	same program	pcrec_25b1984f_auto-nocaps-simdna	measured	pinned	3	max_ns	520738.730556	112	1.0000	0	0		
rank	kv-quoted	(set)	short-subject-search	plain	same program	pcrec_25b1984f_auto-nocaps-simdna	measured	pinned	3	stddev_ns	7904.715182	112	1.0000	0	0		
rank	kv-quoted	(set)	short-subject-search	plain	same program	pcrec_25b1984f_auto-nocaps-simdna	measured	pinned	3	ratio_vs_baseline	0.274953	112	1.0000	0	0		
rank	kv-quoted	(set)	short-subject-search	plain	same program	pcrec_25b1984f_auto-nocaps-simdna	measured	pinned	3	ratio_vs_best	56.022400	112	1.0000	0	0		
rank	kv-quoted	(set)	short-subject-search	plain	same program	pcrec_25b1984f_auto-caps-simdna	measured	pinned	4	median_ns	512281.031466	112	1.0000	0	0		
rank	kv-quoted	(set)	short-subject-search	plain	same program	pcrec_25b1984f_auto-caps-simdna	measured	pinned	4	min_ns	509697.063746	112	1.0000	0	0		
rank	kv-quoted	(set)	short-subject-search	plain	same program	pcrec_25b1984f_auto-caps-simdna	measured	pinned	4	max_ns	520131.527465	112	1.0000	0	0		
rank	kv-quoted	(set)	short-subject-search	plain	same program	pcrec_25b1984f_auto-caps-simdna	measured	pinned	4	stddev_ns	3737.193146	112	1.0000	0	0		
rank	kv-quoted	(set)	short-subject-search	plain	same program	pcrec_25b1984f_auto-caps-simdna	measured	pinned	4	ratio_vs_baseline	0.275030	112	1.0000	0	0		
rank	kv-quoted	(set)	short-subject-search	plain	same program	pcrec_25b1984f_auto-caps-simdna	measured	pinned	4	ratio_vs_best	56.038036	112	1.0000	0	0		
rank	kv-quoted	(set)	short-subject-search	plain	same program	pcrec_25b1984f_vm-caps-simdna	measured	pinned	5	median_ns	1339843.406632	112	1.0000	0	0		
rank	kv-quoted	(set)	short-subject-search	plain	same program	pcrec_25b1984f_vm-caps-simdna	measured	pinned	5	min_ns	1339091.732754	112	1.0000	0	0		
rank	kv-quoted	(set)	short-subject-search	plain	same program	pcrec_25b1984f_vm-caps-simdna	measured	pinned	5	max_ns	1342676.221316	112	1.0000	0	0		
rank	kv-quoted	(set)	short-subject-search	plain	same program	pcrec_25b1984f_vm-caps-simdna	measured	pinned	5	stddev_ns	1252.873585	112	1.0000	0	0		
rank	kv-quoted	(set)	short-subject-search	plain	same program	pcrec_25b1984f_vm-caps-simdna	measured	pinned	5	ratio_vs_baseline	0.719327	112	1.0000	0	0		
rank	kv-quoted	(set)	short-subject-search	plain	same program	pcrec_25b1984f_vm-caps-simdna	measured	pinned	5	ratio_vs_best	146.564461	112	1.0000	0	0		
rank	kv-quoted	(set)	short-subject-search	plain	same program	pcrec_25b1984f_vm-in-caps-simdna	measured	pinned	6	median_ns	1340169.886735	112	1.0000	0	0		
rank	kv-quoted	(set)	short-subject-search	plain	same program	pcrec_25b1984f_vm-in-caps-simdna	measured	pinned	6	min_ns	1339503.175459	112	1.0000	0	0		
rank	kv-quoted	(set)	short-subject-search	plain	same program	pcrec_25b1984f_vm-in-caps-simdna	measured	pinned	6	max_ns	1348049.002528	112	1.0000	0	0		
rank	kv-quoted	(set)	short-subject-search	plain	same program	pcrec_25b1984f_vm-in-caps-simdna	measured	pinned	6	stddev_ns	3218.028649	112	1.0000	0	0		
rank	kv-quoted	(set)	short-subject-search	plain	same program	pcrec_25b1984f_vm-in-caps-simdna	measured	pinned	6	ratio_vs_baseline	0.719502	112	1.0000	0	0		
rank	kv-quoted	(set)	short-subject-search	plain	same program	pcrec_25b1984f_vm-in-caps-simdna	measured	pinned	6	ratio_vs_best	146.600175	112	1.0000	0	0		
rank	kv-quoted	(set)	short-subject-search	plain	same program	libpcre2_10.46_interp-caps-simdna	measured	pinned	7	median_ns	1862635.377660	112	1.0000	0	0		
rank	kv-quoted	(set)	short-subject-search	plain	same program	libpcre2_10.46_interp-caps-simdna	measured	pinned	7	min_ns	1858327.306738	112	1.0000	0	0		
rank	kv-quoted	(set)	short-subject-search	plain	same program	libpcre2_10.46_interp-caps-simdna	measured	pinned	7	max_ns	1866163.611259	112	1.0000	0	0		
rank	kv-quoted	(set)	short-subject-search	plain	same program	libpcre2_10.46_interp-caps-simdna	measured	pinned	7	stddev_ns	3072.356523	112	1.0000	0	0		
rank	kv-quoted	(set)	short-subject-search	plain	same program	libpcre2_10.46_interp-caps-simdna	measured	pinned	7	ratio_vs_baseline	1.000000	112	1.0000	0	0		
rank	kv-quoted	(set)	short-subject-search	plain	same program	libpcre2_10.46_interp-caps-simdna	measured	pinned	7	ratio_vs_best	203.752282	112	1.0000	0	0		
baseline	level-context	(set)	large-subject-throughput			libpcre2_10.46_interp-caps-simdna				baseline_identity	interp					libpcre2_10.46_interp-caps-simdna (interp, present in this group)	
rank	level-context	(set)	large-subject-throughput	plain	same program	rust_1.13.1_default-caps-simdna	measured	pinned	1	median_ns	1098534.995434	12	1.0000	0	0		
rank	level-context	(set)	large-subject-throughput	plain	same program	rust_1.13.1_default-caps-simdna	measured	pinned	1	min_ns	1097866.191781	12	1.0000	0	0		
rank	level-context	(set)	large-subject-throughput	plain	same program	rust_1.13.1_default-caps-simdna	measured	pinned	1	max_ns	1101854.662100	12	1.0000	0	0		
rank	level-context	(set)	large-subject-throughput	plain	same program	rust_1.13.1_default-caps-simdna	measured	pinned	1	stddev_ns	1450.539185	12	1.0000	0	0		
rank	level-context	(set)	large-subject-throughput	plain	same program	rust_1.13.1_default-caps-simdna	measured	pinned	1	ratio_vs_baseline	0.182413	12	1.0000	0	0		
rank	level-context	(set)	large-subject-throughput	plain	same program	rust_1.13.1_default-caps-simdna	measured	pinned	1	ratio_vs_best	1.000000	12	1.0000	0	0		
rank	level-context	(set)	large-subject-throughput	plain	same program	libpcre2_10.46_jit-caps-simdna	measured	pinned	2	median_ns	3004496.489362	12	1.0000	0	0		
rank	level-context	(set)	large-subject-throughput	plain	same program	libpcre2_10.46_jit-caps-simdna	measured	pinned	2	min_ns	3002619.950355	12	1.0000	0	0		
rank	level-context	(set)	large-subject-throughput	plain	same program	libpcre2_10.46_jit-caps-simdna	measured	pinned	2	max_ns	3005422.840426	12	1.0000	0	0		
rank	level-context	(set)	large-subject-throughput	plain	same program	libpcre2_10.46_jit-caps-simdna	measured	pinned	2	stddev_ns	1195.146454	12	1.0000	0	0		
rank	level-context	(set)	large-subject-throughput	plain	same program	libpcre2_10.46_jit-caps-simdna	measured	pinned	2	ratio_vs_baseline	0.498900	12	1.0000	0	0		
rank	level-context	(set)	large-subject-throughput	plain	same program	libpcre2_10.46_jit-caps-simdna	measured	pinned	2	ratio_vs_best	2.735003	12	1.0000	0	0		
rank	level-context	(set)	large-subject-throughput	plain	same program	libpcre2_10.46_interp-caps-simdna	measured	pinned	3	median_ns	6022246.140351	12	1.0000	0	0		
rank	level-context	(set)	large-subject-throughput	plain	same program	libpcre2_10.46_interp-caps-simdna	measured	pinned	3	min_ns	5960655.947368	12	1.0000	0	0		
rank	level-context	(set)	large-subject-throughput	plain	same program	libpcre2_10.46_interp-caps-simdna	measured	pinned	3	max_ns	6049303.029240	12	1.0000	0	0		
rank	level-context	(set)	large-subject-throughput	plain	same program	libpcre2_10.46_interp-caps-simdna	measured	pinned	3	stddev_ns	32577.382346	12	1.0000	0	0		
rank	level-context	(set)	large-subject-throughput	plain	same program	libpcre2_10.46_interp-caps-simdna	measured	pinned	3	ratio_vs_baseline	1.000000	12	1.0000	0	0		
rank	level-context	(set)	large-subject-throughput	plain	same program	libpcre2_10.46_interp-caps-simdna	measured	pinned	3	ratio_vs_best	5.482070	12	1.0000	0	0		
rank	level-context	(set)	large-subject-throughput	plain	same program	pcrec_25b1984f_auto-nocaps-simdna	measured	pinned	4	median_ns	11025210.481013	12	1.0000	0	0		
rank	level-context	(set)	large-subject-throughput	plain	same program	pcrec_25b1984f_auto-nocaps-simdna	measured	pinned	4	min_ns	11023207.936709	12	1.0000	0	0		
rank	level-context	(set)	large-subject-throughput	plain	same program	pcrec_25b1984f_auto-nocaps-simdna	measured	pinned	4	max_ns	11029908.848101	12	1.0000	0	0		
rank	level-context	(set)	large-subject-throughput	plain	same program	pcrec_25b1984f_auto-nocaps-simdna	measured	pinned	4	stddev_ns	2421.221405	12	1.0000	0	0		
rank	level-context	(set)	large-subject-throughput	plain	same program	pcrec_25b1984f_auto-nocaps-simdna	measured	pinned	4	ratio_vs_baseline	1.830747	12	1.0000	0	0		
rank	level-context	(set)	large-subject-throughput	plain	same program	pcrec_25b1984f_auto-nocaps-simdna	measured	pinned	4	ratio_vs_best	10.036285	12	1.0000	0	0		
rank	level-context	(set)	large-subject-throughput	plain	same program	pcrec_25b1984f_auto-caps-simdna	measured	pinned	5	median_ns	11033386.835443	12	1.0000	0	0		
rank	level-context	(set)	large-subject-throughput	plain	same program	pcrec_25b1984f_auto-caps-simdna	measured	pinned	5	min_ns	11030199.860759	12	1.0000	0	0		
rank	level-context	(set)	large-subject-throughput	plain	same program	pcrec_25b1984f_auto-caps-simdna	measured	pinned	5	max_ns	11036124.835443	12	1.0000	0	0		
rank	level-context	(set)	large-subject-throughput	plain	same program	pcrec_25b1984f_auto-caps-simdna	measured	pinned	5	stddev_ns	2218.279837	12	1.0000	0	0		
rank	level-context	(set)	large-subject-throughput	plain	same program	pcrec_25b1984f_auto-caps-simdna	measured	pinned	5	ratio_vs_baseline	1.832105	12	1.0000	0	0		
rank	level-context	(set)	large-subject-throughput	plain	same program	pcrec_25b1984f_auto-caps-simdna	measured	pinned	5	ratio_vs_best	10.043728	12	1.0000	0	0		
rank	level-context	(set)	large-subject-throughput	plain	same program	pcrec_25b1984f_vm-caps-simdna	measured	pinned	6	median_ns	28804545.379310	12	1.0000	0	0		
rank	level-context	(set)	large-subject-throughput	plain	same program	pcrec_25b1984f_vm-caps-simdna	measured	pinned	6	min_ns	28772537.275862	12	1.0000	0	0		
rank	level-context	(set)	large-subject-throughput	plain	same program	pcrec_25b1984f_vm-caps-simdna	measured	pinned	6	max_ns	29162993.758621	12	1.0000	0	0		
rank	level-context	(set)	large-subject-throughput	plain	same program	pcrec_25b1984f_vm-caps-simdna	measured	pinned	6	stddev_ns	144217.388413	12	1.0000	0	0		
rank	level-context	(set)	large-subject-throughput	plain	same program	pcrec_25b1984f_vm-caps-simdna	measured	pinned	6	ratio_vs_baseline	4.783024	12	1.0000	0	0		
rank	level-context	(set)	large-subject-throughput	plain	same program	pcrec_25b1984f_vm-caps-simdna	measured	pinned	6	ratio_vs_best	26.220872	12	1.0000	0	0		
rank	level-context	(set)	large-subject-throughput	plain	same program	pcrec_25b1984f_vm-in-caps-simdna	measured	pinned	7	median_ns	28861852.275862	12	1.0000	0	0		
rank	level-context	(set)	large-subject-throughput	plain	same program	pcrec_25b1984f_vm-in-caps-simdna	measured	pinned	7	min_ns	28804821.275862	12	1.0000	0	0		
rank	level-context	(set)	large-subject-throughput	plain	same program	pcrec_25b1984f_vm-in-caps-simdna	measured	pinned	7	max_ns	28890241.379310	12	1.0000	0	0		
rank	level-context	(set)	large-subject-throughput	plain	same program	pcrec_25b1984f_vm-in-caps-simdna	measured	pinned	7	stddev_ns	30734.900281	12	1.0000	0	0		
rank	level-context	(set)	large-subject-throughput	plain	same program	pcrec_25b1984f_vm-in-caps-simdna	measured	pinned	7	ratio_vs_baseline	4.792539	12	1.0000	0	0		
rank	level-context	(set)	large-subject-throughput	plain	same program	pcrec_25b1984f_vm-in-caps-simdna	measured	pinned	7	ratio_vs_best	26.273039	12	1.0000	0	0		
baseline	level-context	(set)	short-subject-search			libpcre2_10.46_interp-caps-simdna				baseline_identity	interp					libpcre2_10.46_interp-caps-simdna (interp, present in this group)	
rank	level-context	(set)	short-subject-search	plain	same program	rust_1.13.1_default-caps-simdna	measured	pinned	1	median_ns	42982.552681	112	1.0000	0	0		
rank	level-context	(set)	short-subject-search	plain	same program	rust_1.13.1_default-caps-simdna	measured	pinned	1	min_ns	42917.888536	112	1.0000	0	0		
rank	level-context	(set)	short-subject-search	plain	same program	rust_1.13.1_default-caps-simdna	measured	pinned	1	max_ns	43158.004577	112	1.0000	0	0		
rank	level-context	(set)	short-subject-search	plain	same program	rust_1.13.1_default-caps-simdna	measured	pinned	1	stddev_ns	99.815462	112	1.0000	0	0		
rank	level-context	(set)	short-subject-search	plain	same program	rust_1.13.1_default-caps-simdna	measured	pinned	1	ratio_vs_baseline	0.199408	112	1.0000	0	0		
rank	level-context	(set)	short-subject-search	plain	same program	rust_1.13.1_default-caps-simdna	measured	pinned	1	ratio_vs_best	1.000000	112	1.0000	0	0		
rank	level-context	(set)	short-subject-search	plain	same program	libpcre2_10.46_jit-caps-simdna	measured	pinned	2	median_ns	115086.665475	112	1.0000	0	0		
rank	level-context	(set)	short-subject-search	plain	same program	libpcre2_10.46_jit-caps-simdna	measured	pinned	2	min_ns	115048.459139	112	1.0000	0	0		
rank	level-context	(set)	short-subject-search	plain	same program	libpcre2_10.46_jit-caps-simdna	measured	pinned	2	max_ns	115441.216202	112	1.0000	0	0		
rank	level-context	(set)	short-subject-search	plain	same program	libpcre2_10.46_jit-caps-simdna	measured	pinned	2	stddev_ns	145.100105	112	1.0000	0	0		
rank	level-context	(set)	short-subject-search	plain	same program	libpcre2_10.46_jit-caps-simdna	measured	pinned	2	ratio_vs_baseline	0.533918	112	1.0000	0	0		
rank	level-context	(set)	short-subject-search	plain	same program	libpcre2_10.46_jit-caps-simdna	measured	pinned	2	ratio_vs_best	2.677520	112	1.0000	0	0		
rank	level-context	(set)	short-subject-search	plain	same program	libpcre2_10.46_interp-caps-simdna	measured	pinned	3	median_ns	215551.094816	112	1.0000	0	0		
rank	level-context	(set)	short-subject-search	plain	same program	libpcre2_10.46_interp-caps-simdna	measured	pinned	3	min_ns	215237.669437	112	1.0000	0	0		
rank	level-context	(set)	short-subject-search	plain	same program	libpcre2_10.46_interp-caps-simdna	measured	pinned	3	max_ns	215844.306797	112	1.0000	0	0		
rank	level-context	(set)	short-subject-search	plain	same program	libpcre2_10.46_interp-caps-simdna	measured	pinned	3	stddev_ns	243.646171	112	1.0000	0	0		
rank	level-context	(set)	short-subject-search	plain	same program	libpcre2_10.46_interp-caps-simdna	measured	pinned	3	ratio_vs_baseline	1.000000	112	1.0000	0	0		
rank	level-context	(set)	short-subject-search	plain	same program	libpcre2_10.46_interp-caps-simdna	measured	pinned	3	ratio_vs_best	5.014851	112	1.0000	0	0		
rank	level-context	(set)	short-subject-search	plain	same program	pcrec_25b1984f_auto-caps-simdna	measured	pinned	4	median_ns	333404.710027	112	1.0000	0	0		
rank	level-context	(set)	short-subject-search	plain	same program	pcrec_25b1984f_auto-caps-simdna	measured	pinned	4	min_ns	332763.258649	112	1.0000	0	0		
rank	level-context	(set)	short-subject-search	plain	same program	pcrec_25b1984f_auto-caps-simdna	measured	pinned	4	max_ns	334032.967122	112	1.0000	0	0		
rank	level-context	(set)	short-subject-search	plain	same program	pcrec_25b1984f_auto-caps-simdna	measured	pinned	4	stddev_ns	476.678130	112	1.0000	0	0		
rank	level-context	(set)	short-subject-search	plain	same program	pcrec_25b1984f_auto-caps-simdna	measured	pinned	4	ratio_vs_baseline	1.546755	112	1.0000	0	0		
rank	level-context	(set)	short-subject-search	plain	same program	pcrec_25b1984f_auto-caps-simdna	measured	pinned	4	ratio_vs_best	7.756745	112	1.0000	0	0		
rank	level-context	(set)	short-subject-search	plain	same program	pcrec_25b1984f_auto-nocaps-simdna	measured	pinned	5	median_ns	333437.968975	112	1.0000	0	0		
rank	level-context	(set)	short-subject-search	plain	same program	pcrec_25b1984f_auto-nocaps-simdna	measured	pinned	5	min_ns	333072.850477	112	1.0000	0	0		
rank	level-context	(set)	short-subject-search	plain	same program	pcrec_25b1984f_auto-nocaps-simdna	measured	pinned	5	max_ns	334151.923608	112	1.0000	0	0		
rank	level-context	(set)	short-subject-search	plain	same program	pcrec_25b1984f_auto-nocaps-simdna	measured	pinned	5	stddev_ns	414.773321	112	1.0000	0	0		
rank	level-context	(set)	short-subject-search	plain	same program	pcrec_25b1984f_auto-nocaps-simdna	measured	pinned	5	ratio_vs_baseline	1.546909	112	1.0000	0	0		
rank	level-context	(set)	short-subject-search	plain	same program	pcrec_25b1984f_auto-nocaps-simdna	measured	pinned	5	ratio_vs_best	7.757519	112	1.0000	0	0		
rank	level-context	(set)	short-subject-search	plain	same program	pcrec_25b1984f_vm-in-caps-simdna	measured	pinned	6	median_ns	1107296.076836	112	1.0000	0	0		
rank	level-context	(set)	short-subject-search	plain	same program	pcrec_25b1984f_vm-in-caps-simdna	measured	pinned	6	min_ns	1106674.976130	112	1.0000	0	0		
rank	level-context	(set)	short-subject-search	plain	same program	pcrec_25b1984f_vm-in-caps-simdna	measured	pinned	6	max_ns	1110041.660452	112	1.0000	0	0		
rank	level-context	(set)	short-subject-search	plain	same program	pcrec_25b1984f_vm-in-caps-simdna	measured	pinned	6	stddev_ns	1205.136562	112	1.0000	0	0		
rank	level-context	(set)	short-subject-search	plain	same program	pcrec_25b1984f_vm-in-caps-simdna	measured	pinned	6	ratio_vs_baseline	5.137047	112	1.0000	0	0		
rank	level-context	(set)	short-subject-search	plain	same program	pcrec_25b1984f_vm-in-caps-simdna	measured	pinned	6	ratio_vs_best	25.761524	112	1.0000	0	0		
rank	level-context	(set)	short-subject-search	plain	same program	pcrec_25b1984f_vm-caps-simdna	measured	pinned	7	median_ns	1107691.694133	112	1.0000	0	0		
rank	level-context	(set)	short-subject-search	plain	same program	pcrec_25b1984f_vm-caps-simdna	measured	pinned	7	min_ns	1106770.197923	112	1.0000	0	0		
rank	level-context	(set)	short-subject-search	plain	same program	pcrec_25b1984f_vm-caps-simdna	measured	pinned	7	max_ns	1109021.881106	112	1.0000	0	0		
rank	level-context	(set)	short-subject-search	plain	same program	pcrec_25b1984f_vm-caps-simdna	measured	pinned	7	stddev_ns	794.456974	112	1.0000	0	0		
rank	level-context	(set)	short-subject-search	plain	same program	pcrec_25b1984f_vm-caps-simdna	measured	pinned	7	ratio_vs_baseline	5.138882	112	1.0000	0	0		
rank	level-context	(set)	short-subject-search	plain	same program	pcrec_25b1984f_vm-caps-simdna	measured	pinned	7	ratio_vs_best	25.770728	112	1.0000	0	0		
baseline	stack-frame	(set)	large-subject-throughput			libpcre2_10.46_interp-caps-simdna				baseline_identity	interp					libpcre2_10.46_interp-caps-simdna (interp, present in this group)	
rank	stack-frame	(set)	large-subject-throughput	plain	same program	libpcre2_10.46_jit-caps-simdna	measured	pinned	1	median_ns	475090.818215	12	1.0000	0	0		
rank	stack-frame	(set)	large-subject-throughput	plain	same program	libpcre2_10.46_jit-caps-simdna	measured	pinned	1	min_ns	475015.480980	12	1.0000	0	0		
rank	stack-frame	(set)	large-subject-throughput	plain	same program	libpcre2_10.46_jit-caps-simdna	measured	pinned	1	max_ns	476292.014265	12	1.0000	0	0		
rank	stack-frame	(set)	large-subject-throughput	plain	same program	libpcre2_10.46_jit-caps-simdna	measured	pinned	1	stddev_ns	480.819562	12	1.0000	0	0		
rank	stack-frame	(set)	large-subject-throughput	plain	same program	libpcre2_10.46_jit-caps-simdna	measured	pinned	1	ratio_vs_baseline	0.094104	12	1.0000	0	0		
rank	stack-frame	(set)	large-subject-throughput	plain	same program	libpcre2_10.46_jit-caps-simdna	measured	pinned	1	ratio_vs_best	1.000000	12	1.0000	0	0		
rank	stack-frame	(set)	large-subject-throughput	plain	same program	rust_1.13.1_default-caps-simdna	measured	pinned	2	median_ns	550473.075163	12	1.0000	0	0		
rank	stack-frame	(set)	large-subject-throughput	plain	same program	rust_1.13.1_default-caps-simdna	measured	pinned	2	min_ns	550151.607843	12	1.0000	0	0		
rank	stack-frame	(set)	large-subject-throughput	plain	same program	rust_1.13.1_default-caps-simdna	measured	pinned	2	max_ns	668377.326797	12	1.0000	0	0		
rank	stack-frame	(set)	large-subject-throughput	plain	same program	rust_1.13.1_default-caps-simdna	measured	pinned	2	stddev_ns	47080.086587	12	1.0000	0	0		
rank	stack-frame	(set)	large-subject-throughput	plain	same program	rust_1.13.1_default-caps-simdna	measured	pinned	2	ratio_vs_baseline	0.109035	12	1.0000	0	0		
rank	stack-frame	(set)	large-subject-throughput	plain	same program	rust_1.13.1_default-caps-simdna	measured	pinned	2	ratio_vs_best	1.158669	12	1.0000	0	0		
rank	stack-frame	(set)	large-subject-throughput	plain	same program	pcrec_25b1984f_auto-nocaps-simdna	measured	pinned	3	median_ns	1845506.853503	12	1.0000	0	0		
rank	stack-frame	(set)	large-subject-throughput	plain	same program	pcrec_25b1984f_auto-nocaps-simdna	measured	pinned	3	min_ns	1843557.138004	12	1.0000	0	0		
rank	stack-frame	(set)	large-subject-throughput	plain	same program	pcrec_25b1984f_auto-nocaps-simdna	measured	pinned	3	max_ns	1848958.316348	12	1.0000	0	0		
rank	stack-frame	(set)	large-subject-throughput	plain	same program	pcrec_25b1984f_auto-nocaps-simdna	measured	pinned	3	stddev_ns	2046.168219	12	1.0000	0	0		
rank	stack-frame	(set)	large-subject-throughput	plain	same program	pcrec_25b1984f_auto-nocaps-simdna	measured	pinned	3	ratio_vs_baseline	0.365549	12	1.0000	0	0		
rank	stack-frame	(set)	large-subject-throughput	plain	same program	pcrec_25b1984f_auto-nocaps-simdna	measured	pinned	3	ratio_vs_best	3.884535	12	1.0000	0	0		
rank	stack-frame	(set)	large-subject-throughput	plain	same program	pcrec_25b1984f_auto-caps-simdna	measured	pinned	4	median_ns	1846619.365751	12	1.0000	0	0		
rank	stack-frame	(set)	large-subject-throughput	plain	same program	pcrec_25b1984f_auto-caps-simdna	measured	pinned	4	min_ns	1844419.308668	12	1.0000	0	0		
rank	stack-frame	(set)	large-subject-throughput	plain	same program	pcrec_25b1984f_auto-caps-simdna	measured	pinned	4	max_ns	1849084.494715	12	1.0000	0	0		
rank	stack-frame	(set)	large-subject-throughput	plain	same program	pcrec_25b1984f_auto-caps-simdna	measured	pinned	4	stddev_ns	1494.504096	12	1.0000	0	0		
rank	stack-frame	(set)	large-subject-throughput	plain	same program	pcrec_25b1984f_auto-caps-simdna	measured	pinned	4	ratio_vs_baseline	0.365770	12	1.0000	0	0		
rank	stack-frame	(set)	large-subject-throughput	plain	same program	pcrec_25b1984f_auto-caps-simdna	measured	pinned	4	ratio_vs_best	3.886877	12	1.0000	0	0		
rank	stack-frame	(set)	large-subject-throughput	plain	same program	libpcre2_10.46_interp-caps-simdna	measured	pinned	5	median_ns	5048586.434783	12	1.0000	0	0		
rank	stack-frame	(set)	large-subject-throughput	plain	same program	libpcre2_10.46_interp-caps-simdna	measured	pinned	5	min_ns	5029502.102174	12	1.0000	0	0		
rank	stack-frame	(set)	large-subject-throughput	plain	same program	libpcre2_10.46_interp-caps-simdna	measured	pinned	5	max_ns	5077655.582609	12	1.0000	0	0		
rank	stack-frame	(set)	large-subject-throughput	plain	same program	libpcre2_10.46_interp-caps-simdna	measured	pinned	5	stddev_ns	18020.386895	12	1.0000	0	0		
rank	stack-frame	(set)	large-subject-throughput	plain	same program	libpcre2_10.46_interp-caps-simdna	measured	pinned	5	ratio_vs_baseline	1.000000	12	1.0000	0	0		
rank	stack-frame	(set)	large-subject-throughput	plain	same program	libpcre2_10.46_interp-caps-simdna	measured	pinned	5	ratio_vs_best	10.626571	12	1.0000	0	0		
rank	stack-frame	(set)	large-subject-throughput	plain	same program	pcrec_25b1984f_vm-in-caps-simdna	measured	pinned	6	median_ns	29207207.678571	12	1.0000	0	0		
rank	stack-frame	(set)	large-subject-throughput	plain	same program	pcrec_25b1984f_vm-in-caps-simdna	measured	pinned	6	min_ns	29182811.428571	12	1.0000	0	0		
rank	stack-frame	(set)	large-subject-throughput	plain	same program	pcrec_25b1984f_vm-in-caps-simdna	measured	pinned	6	max_ns	29219594.500000	12	1.0000	0	0		
rank	stack-frame	(set)	large-subject-throughput	plain	same program	pcrec_25b1984f_vm-in-caps-simdna	measured	pinned	6	stddev_ns	12040.924152	12	1.0000	0	0		
rank	stack-frame	(set)	large-subject-throughput	plain	same program	pcrec_25b1984f_vm-in-caps-simdna	measured	pinned	6	ratio_vs_baseline	5.785225	12	1.0000	0	0		
rank	stack-frame	(set)	large-subject-throughput	plain	same program	pcrec_25b1984f_vm-in-caps-simdna	measured	pinned	6	ratio_vs_best	61.477104	12	1.0000	0	0		
rank	stack-frame	(set)	large-subject-throughput	plain	same program	pcrec_25b1984f_vm-caps-simdna	measured	pinned	7	median_ns	29211303.464286	12	1.0000	0	0		
rank	stack-frame	(set)	large-subject-throughput	plain	same program	pcrec_25b1984f_vm-caps-simdna	measured	pinned	7	min_ns	29174486.500000	12	1.0000	0	0		
rank	stack-frame	(set)	large-subject-throughput	plain	same program	pcrec_25b1984f_vm-caps-simdna	measured	pinned	7	max_ns	29623661.285714	12	1.0000	0	0		
rank	stack-frame	(set)	large-subject-throughput	plain	same program	pcrec_25b1984f_vm-caps-simdna	measured	pinned	7	stddev_ns	166922.974590	12	1.0000	0	0		
rank	stack-frame	(set)	large-subject-throughput	plain	same program	pcrec_25b1984f_vm-caps-simdna	measured	pinned	7	ratio_vs_baseline	5.786036	12	1.0000	0	0		
rank	stack-frame	(set)	large-subject-throughput	plain	same program	pcrec_25b1984f_vm-caps-simdna	measured	pinned	7	ratio_vs_best	61.485725	12	1.0000	0	0		
baseline	stack-frame	(set)	short-subject-search			libpcre2_10.46_interp-caps-simdna				baseline_identity	interp					libpcre2_10.46_interp-caps-simdna (interp, present in this group)	
rank	stack-frame	(set)	short-subject-search	plain	same program	rust_1.13.1_default-caps-simdna	measured	pinned	1	median_ns	12891.368093	112	1.0000	0	0		
rank	stack-frame	(set)	short-subject-search	plain	same program	rust_1.13.1_default-caps-simdna	measured	pinned	1	min_ns	12860.390388	112	1.0000	0	0		
rank	stack-frame	(set)	short-subject-search	plain	same program	rust_1.13.1_default-caps-simdna	measured	pinned	1	max_ns	13161.090349	112	1.0000	0	0		
rank	stack-frame	(set)	short-subject-search	plain	same program	rust_1.13.1_default-caps-simdna	measured	pinned	1	stddev_ns	112.318253	112	1.0000	0	0		
rank	stack-frame	(set)	short-subject-search	plain	same program	rust_1.13.1_default-caps-simdna	measured	pinned	1	ratio_vs_baseline	0.062238	112	1.0000	0	0		
rank	stack-frame	(set)	short-subject-search	plain	same program	rust_1.13.1_default-caps-simdna	measured	pinned	1	ratio_vs_best	1.000000	112	1.0000	0	0		
rank	stack-frame	(set)	short-subject-search	plain	same program	libpcre2_10.46_jit-caps-simdna	measured	pinned	2	median_ns	17535.434306	112	1.0000	0	0		
rank	stack-frame	(set)	short-subject-search	plain	same program	libpcre2_10.46_jit-caps-simdna	measured	pinned	2	min_ns	17456.253810	112	1.0000	0	0		
rank	stack-frame	(set)	short-subject-search	plain	same program	libpcre2_10.46_jit-caps-simdna	measured	pinned	2	max_ns	17704.820924	112	1.0000	0	0		
rank	stack-frame	(set)	short-subject-search	plain	same program	libpcre2_10.46_jit-caps-simdna	measured	pinned	2	stddev_ns	94.688791	112	1.0000	0	0		
rank	stack-frame	(set)	short-subject-search	plain	same program	libpcre2_10.46_jit-caps-simdna	measured	pinned	2	ratio_vs_baseline	0.084658	112	1.0000	0	0		
rank	stack-frame	(set)	short-subject-search	plain	same program	libpcre2_10.46_jit-caps-simdna	measured	pinned	2	ratio_vs_best	1.360246	112	1.0000	0	0		
rank	stack-frame	(set)	short-subject-search	plain	same program	pcrec_25b1984f_auto-caps-simdna	measured	pinned	3	median_ns	31868.215086	112	1.0000	0	0		
rank	stack-frame	(set)	short-subject-search	plain	same program	pcrec_25b1984f_auto-caps-simdna	measured	pinned	3	min_ns	31805.529626	112	1.0000	0	0		
rank	stack-frame	(set)	short-subject-search	plain	same program	pcrec_25b1984f_auto-caps-simdna	measured	pinned	3	max_ns	31928.940188	112	1.0000	0	0		
rank	stack-frame	(set)	short-subject-search	plain	same program	pcrec_25b1984f_auto-caps-simdna	measured	pinned	3	stddev_ns	40.080447	112	1.0000	0	0		
rank	stack-frame	(set)	short-subject-search	plain	same program	pcrec_25b1984f_auto-caps-simdna	measured	pinned	3	ratio_vs_baseline	0.153855	112	1.0000	0	0		
rank	stack-frame	(set)	short-subject-search	plain	same program	pcrec_25b1984f_auto-caps-simdna	measured	pinned	3	ratio_vs_best	2.472058	112	1.0000	0	0		
rank	stack-frame	(set)	short-subject-search	plain	same program	pcrec_25b1984f_auto-nocaps-simdna	measured	pinned	4	median_ns	31873.237087	112	1.0000	0	0		
rank	stack-frame	(set)	short-subject-search	plain	same program	pcrec_25b1984f_auto-nocaps-simdna	measured	pinned	4	min_ns	31779.117320	112	1.0000	0	0		
rank	stack-frame	(set)	short-subject-search	plain	same program	pcrec_25b1984f_auto-nocaps-simdna	measured	pinned	4	max_ns	32756.925908	112	1.0000	0	0		
rank	stack-frame	(set)	short-subject-search	plain	same program	pcrec_25b1984f_auto-nocaps-simdna	measured	pinned	4	stddev_ns	367.272274	112	1.0000	0	0		
rank	stack-frame	(set)	short-subject-search	plain	same program	pcrec_25b1984f_auto-nocaps-simdna	measured	pinned	4	ratio_vs_baseline	0.153879	112	1.0000	0	0		
rank	stack-frame	(set)	short-subject-search	plain	same program	pcrec_25b1984f_auto-nocaps-simdna	measured	pinned	4	ratio_vs_best	2.472448	112	1.0000	0	0		
rank	stack-frame	(set)	short-subject-search	plain	same program	libpcre2_10.46_interp-caps-simdna	measured	pinned	5	median_ns	207131.659096	112	1.0000	0	0		
rank	stack-frame	(set)	short-subject-search	plain	same program	libpcre2_10.46_interp-caps-simdna	measured	pinned	5	min_ns	207012.538216	112	1.0000	0	0		
rank	stack-frame	(set)	short-subject-search	plain	same program	libpcre2_10.46_interp-caps-simdna	measured	pinned	5	max_ns	207324.679723	112	1.0000	0	0		
rank	stack-frame	(set)	short-subject-search	plain	same program	libpcre2_10.46_interp-caps-simdna	measured	pinned	5	stddev_ns	128.050522	112	1.0000	0	0		
rank	stack-frame	(set)	short-subject-search	plain	same program	libpcre2_10.46_interp-caps-simdna	measured	pinned	5	ratio_vs_baseline	1.000000	112	1.0000	0	0		
rank	stack-frame	(set)	short-subject-search	plain	same program	libpcre2_10.46_interp-caps-simdna	measured	pinned	5	ratio_vs_best	16.067469	112	1.0000	0	0		
rank	stack-frame	(set)	short-subject-search	plain	same program	pcrec_25b1984f_vm-caps-simdna	measured	pinned	6	median_ns	1118342.124169	112	1.0000	0	0		
rank	stack-frame	(set)	short-subject-search	plain	same program	pcrec_25b1984f_vm-caps-simdna	measured	pinned	6	min_ns	1118148.150450	112	1.0000	0	0		
rank	stack-frame	(set)	short-subject-search	plain	same program	pcrec_25b1984f_vm-caps-simdna	measured	pinned	6	max_ns	1119081.044441	112	1.0000	0	0		
rank	stack-frame	(set)	short-subject-search	plain	same program	pcrec_25b1984f_vm-caps-simdna	measured	pinned	6	stddev_ns	343.269619	112	1.0000	0	0		
rank	stack-frame	(set)	short-subject-search	plain	same program	pcrec_25b1984f_vm-caps-simdna	measured	pinned	6	ratio_vs_baseline	5.399185	112	1.0000	0	0		
rank	stack-frame	(set)	short-subject-search	plain	same program	pcrec_25b1984f_vm-caps-simdna	measured	pinned	6	ratio_vs_best	86.751237	112	1.0000	0	0		
rank	stack-frame	(set)	short-subject-search	plain	same program	pcrec_25b1984f_vm-in-caps-simdna	measured	pinned	7	median_ns	1119978.036503	112	1.0000	0	0		
rank	stack-frame	(set)	short-subject-search	plain	same program	pcrec_25b1984f_vm-in-caps-simdna	measured	pinned	7	min_ns	1119469.206752	112	1.0000	0	0		
rank	stack-frame	(set)	short-subject-search	plain	same program	pcrec_25b1984f_vm-in-caps-simdna	measured	pinned	7	max_ns	1127289.166787	112	1.0000	0	0		
rank	stack-frame	(set)	short-subject-search	plain	same program	pcrec_25b1984f_vm-in-caps-simdna	measured	pinned	7	stddev_ns	2995.109390	112	1.0000	0	0		
rank	stack-frame	(set)	short-subject-search	plain	same program	pcrec_25b1984f_vm-in-caps-simdna	measured	pinned	7	ratio_vs_baseline	5.407083	112	1.0000	0	0		
rank	stack-frame	(set)	short-subject-search	plain	same program	pcrec_25b1984f_vm-in-caps-simdna	measured	pinned	7	ratio_vs_best	86.878136	112	1.0000	0	0		
baseline	uuid	(set)	large-subject-throughput			libpcre2_10.46_interp-caps-simdna				baseline_identity	interp					libpcre2_10.46_interp-caps-simdna (interp, present in this group)	
rank	uuid	(set)	large-subject-throughput	plain	same program	pcrec_25b1984f_auto-caps-simdna	measured	pinned	1	median_ns	1080328.297968	12	1.0000	0	0		
rank	uuid	(set)	large-subject-throughput	plain	same program	pcrec_25b1984f_auto-caps-simdna	measured	pinned	1	min_ns	1079253.948081	12	1.0000	0	0		
rank	uuid	(set)	large-subject-throughput	plain	same program	pcrec_25b1984f_auto-caps-simdna	measured	pinned	1	max_ns	1081199.917607	12	1.0000	0	0		
rank	uuid	(set)	large-subject-throughput	plain	same program	pcrec_25b1984f_auto-caps-simdna	measured	pinned	1	stddev_ns	659.594809	12	1.0000	0	0		
rank	uuid	(set)	large-subject-throughput	plain	same program	pcrec_25b1984f_auto-caps-simdna	measured	pinned	1	ratio_vs_baseline	0.010965	12	1.0000	0	0		
rank	uuid	(set)	large-subject-throughput	plain	same program	pcrec_25b1984f_auto-caps-simdna	measured	pinned	1	ratio_vs_best	1.000000	12	1.0000	0	0		
rank	uuid	(set)	large-subject-throughput	plain	same program	pcrec_25b1984f_auto-nocaps-simdna	measured	pinned	2	median_ns	1080525.229268	12	1.0000	0	0		
rank	uuid	(set)	large-subject-throughput	plain	same program	pcrec_25b1984f_auto-nocaps-simdna	measured	pinned	2	min_ns	1079237.009756	12	1.0000	0	0		
rank	uuid	(set)	large-subject-throughput	plain	same program	pcrec_25b1984f_auto-nocaps-simdna	measured	pinned	2	max_ns	1081880.357724	12	1.0000	0	0		
rank	uuid	(set)	large-subject-throughput	plain	same program	pcrec_25b1984f_auto-nocaps-simdna	measured	pinned	2	stddev_ns	844.145253	12	1.0000	0	0		
rank	uuid	(set)	large-subject-throughput	plain	same program	pcrec_25b1984f_auto-nocaps-simdna	measured	pinned	2	ratio_vs_baseline	0.010967	12	1.0000	0	0		
rank	uuid	(set)	large-subject-throughput	plain	same program	pcrec_25b1984f_auto-nocaps-simdna	measured	pinned	2	ratio_vs_best	1.000182	12	1.0000	0	0		
rank	uuid	(set)	large-subject-throughput	plain	same program	libpcre2_10.46_jit-caps-simdna	measured	pinned	3	median_ns	1737828.366890	12	1.0000	0	0		
rank	uuid	(set)	large-subject-throughput	plain	same program	libpcre2_10.46_jit-caps-simdna	measured	pinned	3	min_ns	1735170.275168	12	1.0000	0	0		
rank	uuid	(set)	large-subject-throughput	plain	same program	libpcre2_10.46_jit-caps-simdna	measured	pinned	3	max_ns	1738052.212528	12	1.0000	0	0		
rank	uuid	(set)	large-subject-throughput	plain	same program	libpcre2_10.46_jit-caps-simdna	measured	pinned	3	stddev_ns	1109.664754	12	1.0000	0	0		
rank	uuid	(set)	large-subject-throughput	plain	same program	libpcre2_10.46_jit-caps-simdna	measured	pinned	3	ratio_vs_baseline	0.017639	12	1.0000	0	0		
rank	uuid	(set)	large-subject-throughput	plain	same program	libpcre2_10.46_jit-caps-simdna	measured	pinned	3	ratio_vs_best	1.608611	12	1.0000	0	0		
rank	uuid	(set)	large-subject-throughput	plain	same program	rust_1.13.1_default-caps-simdna	measured	pinned	4	median_ns	6148513.377358	12	1.0000	0	0		
rank	uuid	(set)	large-subject-throughput	plain	same program	rust_1.13.1_default-caps-simdna	measured	pinned	4	min_ns	6132788.647799	12	1.0000	0	0		
rank	uuid	(set)	large-subject-throughput	plain	same program	rust_1.13.1_default-caps-simdna	measured	pinned	4	max_ns	6180453.515723	12	1.0000	0	0		
rank	uuid	(set)	large-subject-throughput	plain	same program	rust_1.13.1_default-caps-simdna	measured	pinned	4	stddev_ns	16032.148330	12	1.0000	0	0		
rank	uuid	(set)	large-subject-throughput	plain	same program	rust_1.13.1_default-caps-simdna	measured	pinned	4	ratio_vs_baseline	0.062408	12	1.0000	0	0		
rank	uuid	(set)	large-subject-throughput	plain	same program	rust_1.13.1_default-caps-simdna	measured	pinned	4	ratio_vs_best	5.691338	12	1.0000	0	0		
rank	uuid	(set)	large-subject-throughput	plain	same program	pcrec_25b1984f_vm-caps-simdna	measured	pinned	5	median_ns	33687659.200000	12	1.0000	0	0		
rank	uuid	(set)	large-subject-throughput	plain	same program	pcrec_25b1984f_vm-caps-simdna	measured	pinned	5	min_ns	33559788.560000	12	1.0000	0	0		
rank	uuid	(set)	large-subject-throughput	plain	same program	pcrec_25b1984f_vm-caps-simdna	measured	pinned	5	max_ns	33841273.240000	12	1.0000	0	0		
rank	uuid	(set)	large-subject-throughput	plain	same program	pcrec_25b1984f_vm-caps-simdna	measured	pinned	5	stddev_ns	102263.067596	12	1.0000	0	0		
rank	uuid	(set)	large-subject-throughput	plain	same program	pcrec_25b1984f_vm-caps-simdna	measured	pinned	5	ratio_vs_baseline	0.341934	12	1.0000	0	0		
rank	uuid	(set)	large-subject-throughput	plain	same program	pcrec_25b1984f_vm-caps-simdna	measured	pinned	5	ratio_vs_best	31.182798	12	1.0000	0	0		
rank	uuid	(set)	large-subject-throughput	plain	same program	pcrec_25b1984f_vm-in-caps-simdna	measured	pinned	6	median_ns	33697054.960000	12	1.0000	0	0		
rank	uuid	(set)	large-subject-throughput	plain	same program	pcrec_25b1984f_vm-in-caps-simdna	measured	pinned	6	min_ns	33263223.080000	12	1.0000	0	0		
rank	uuid	(set)	large-subject-throughput	plain	same program	pcrec_25b1984f_vm-in-caps-simdna	measured	pinned	6	max_ns	33828107.640000	12	1.0000	0	0		
rank	uuid	(set)	large-subject-throughput	plain	same program	pcrec_25b1984f_vm-in-caps-simdna	measured	pinned	6	stddev_ns	226812.998159	12	1.0000	0	0		
rank	uuid	(set)	large-subject-throughput	plain	same program	pcrec_25b1984f_vm-in-caps-simdna	measured	pinned	6	ratio_vs_baseline	0.342029	12	1.0000	0	0		
rank	uuid	(set)	large-subject-throughput	plain	same program	pcrec_25b1984f_vm-in-caps-simdna	measured	pinned	6	ratio_vs_best	31.191495	12	1.0000	0	0		
rank	uuid	(set)	large-subject-throughput	plain	same program	libpcre2_10.46_interp-caps-simdna	measured	pinned	7	median_ns	98521050.666667	12	1.0000	0	0		
rank	uuid	(set)	large-subject-throughput	plain	same program	libpcre2_10.46_interp-caps-simdna	measured	pinned	7	min_ns	98344419.555556	12	1.0000	0	0		
rank	uuid	(set)	large-subject-throughput	plain	same program	libpcre2_10.46_interp-caps-simdna	measured	pinned	7	max_ns	98700163.777778	12	1.0000	0	0		
rank	uuid	(set)	large-subject-throughput	plain	same program	libpcre2_10.46_interp-caps-simdna	measured	pinned	7	stddev_ns	120487.300492	12	1.0000	0	0		
rank	uuid	(set)	large-subject-throughput	plain	same program	libpcre2_10.46_interp-caps-simdna	measured	pinned	7	ratio_vs_baseline	1.000000	12	1.0000	0	0		
rank	uuid	(set)	large-subject-throughput	plain	same program	libpcre2_10.46_interp-caps-simdna	measured	pinned	7	ratio_vs_best	91.195473	12	1.0000	0	0		
baseline	uuid	(set)	short-subject-search			libpcre2_10.46_interp-caps-simdna				baseline_identity	interp					libpcre2_10.46_interp-caps-simdna (interp, present in this group)	
rank	uuid	(set)	short-subject-search	plain	same program	pcrec_25b1984f_auto-caps-simdna	measured	pinned	1	median_ns	21037.569894	112	1.0000	0	0		
rank	uuid	(set)	short-subject-search	plain	same program	pcrec_25b1984f_auto-caps-simdna	measured	pinned	1	min_ns	21028.059239	112	1.0000	0	0		
rank	uuid	(set)	short-subject-search	plain	same program	pcrec_25b1984f_auto-caps-simdna	measured	pinned	1	max_ns	21068.078548	112	1.0000	0	0		
rank	uuid	(set)	short-subject-search	plain	same program	pcrec_25b1984f_auto-caps-simdna	measured	pinned	1	stddev_ns	16.424247	112	1.0000	0	0		
rank	uuid	(set)	short-subject-search	plain	same program	pcrec_25b1984f_auto-caps-simdna	measured	pinned	1	ratio_vs_baseline	0.005679	112	1.0000	0	0		
rank	uuid	(set)	short-subject-search	plain	same program	pcrec_25b1984f_auto-caps-simdna	measured	pinned	1	ratio_vs_best	1.000000	112	1.0000	0	0		
rank	uuid	(set)	short-subject-search	plain	same program	pcrec_25b1984f_auto-nocaps-simdna	measured	pinned	2	median_ns	21072.990540	112	1.0000	0	0		
rank	uuid	(set)	short-subject-search	plain	same program	pcrec_25b1984f_auto-nocaps-simdna	measured	pinned	2	min_ns	21045.132438	112	1.0000	0	0		
rank	uuid	(set)	short-subject-search	plain	same program	pcrec_25b1984f_auto-nocaps-simdna	measured	pinned	2	max_ns	21091.061083	112	1.0000	0	0		
rank	uuid	(set)	short-subject-search	plain	same program	pcrec_25b1984f_auto-nocaps-simdna	measured	pinned	2	stddev_ns	17.318579	112	1.0000	0	0		
rank	uuid	(set)	short-subject-search	plain	same program	pcrec_25b1984f_auto-nocaps-simdna	measured	pinned	2	ratio_vs_baseline	0.005688	112	1.0000	0	0		
rank	uuid	(set)	short-subject-search	plain	same program	pcrec_25b1984f_auto-nocaps-simdna	measured	pinned	2	ratio_vs_best	1.001684	112	1.0000	0	0		
rank	uuid	(set)	short-subject-search	plain	same program	libpcre2_10.46_jit-caps-simdna	measured	pinned	3	median_ns	35647.451022	112	1.0000	0	0		
rank	uuid	(set)	short-subject-search	plain	same program	libpcre2_10.46_jit-caps-simdna	measured	pinned	3	min_ns	35483.631830	112	1.0000	0	0		
rank	uuid	(set)	short-subject-search	plain	same program	libpcre2_10.46_jit-caps-simdna	measured	pinned	3	max_ns	35826.809367	112	1.0000	0	0		
rank	uuid	(set)	short-subject-search	plain	same program	libpcre2_10.46_jit-caps-simdna	measured	pinned	3	stddev_ns	129.696519	112	1.0000	0	0		
rank	uuid	(set)	short-subject-search	plain	same program	libpcre2_10.46_jit-caps-simdna	measured	pinned	3	ratio_vs_baseline	0.009622	112	1.0000	0	0		
rank	uuid	(set)	short-subject-search	plain	same program	libpcre2_10.46_jit-caps-simdna	measured	pinned	3	ratio_vs_best	1.694466	112	1.0000	0	0		
rank	uuid	(set)	short-subject-search	plain	same program	rust_1.13.1_default-caps-simdna	measured	pinned	4	median_ns	292934.195827	112	1.0000	0	0		
rank	uuid	(set)	short-subject-search	plain	same program	rust_1.13.1_default-caps-simdna	measured	pinned	4	min_ns	292840.792111	112	1.0000	0	0		
rank	uuid	(set)	short-subject-search	plain	same program	rust_1.13.1_default-caps-simdna	measured	pinned	4	max_ns	293640.190379	112	1.0000	0	0		
rank	uuid	(set)	short-subject-search	plain	same program	rust_1.13.1_default-caps-simdna	measured	pinned	4	stddev_ns	289.881822	112	1.0000	0	0		
rank	uuid	(set)	short-subject-search	plain	same program	rust_1.13.1_default-caps-simdna	measured	pinned	4	ratio_vs_baseline	0.079070	112	1.0000	0	0		
rank	uuid	(set)	short-subject-search	plain	same program	rust_1.13.1_default-caps-simdna	measured	pinned	4	ratio_vs_best	13.924336	112	1.0000	0	0		
rank	uuid	(set)	short-subject-search	plain	same program	pcrec_25b1984f_vm-caps-simdna	measured	pinned	5	median_ns	1277633.568421	112	1.0000	0	0		
rank	uuid	(set)	short-subject-search	plain	same program	pcrec_25b1984f_vm-caps-simdna	measured	pinned	5	min_ns	1270043.288007	112	1.0000	0	0		
rank	uuid	(set)	short-subject-search	plain	same program	pcrec_25b1984f_vm-caps-simdna	measured	pinned	5	max_ns	1289767.160483	112	1.0000	0	0		
rank	uuid	(set)	short-subject-search	plain	same program	pcrec_25b1984f_vm-caps-simdna	measured	pinned	5	stddev_ns	6875.414156	112	1.0000	0	0		
rank	uuid	(set)	short-subject-search	plain	same program	pcrec_25b1984f_vm-caps-simdna	measured	pinned	5	ratio_vs_baseline	0.344864	112	1.0000	0	0		
rank	uuid	(set)	short-subject-search	plain	same program	pcrec_25b1984f_vm-caps-simdna	measured	pinned	5	ratio_vs_best	60.731043	112	1.0000	0	0		
rank	uuid	(set)	short-subject-search	plain	same program	pcrec_25b1984f_vm-in-caps-simdna	measured	pinned	6	median_ns	1284208.871441	112	1.0000	0	0		
rank	uuid	(set)	short-subject-search	plain	same program	pcrec_25b1984f_vm-in-caps-simdna	measured	pinned	6	min_ns	1275192.489560	112	1.0000	0	0		
rank	uuid	(set)	short-subject-search	plain	same program	pcrec_25b1984f_vm-in-caps-simdna	measured	pinned	6	max_ns	1287637.800518	112	1.0000	0	0		
rank	uuid	(set)	short-subject-search	plain	same program	pcrec_25b1984f_vm-in-caps-simdna	measured	pinned	6	stddev_ns	5395.353003	112	1.0000	0	0		
rank	uuid	(set)	short-subject-search	plain	same program	pcrec_25b1984f_vm-in-caps-simdna	measured	pinned	6	ratio_vs_baseline	0.346639	112	1.0000	0	0		
rank	uuid	(set)	short-subject-search	plain	same program	pcrec_25b1984f_vm-in-caps-simdna	measured	pinned	6	ratio_vs_best	61.043594	112	1.0000	0	0		
rank	uuid	(set)	short-subject-search	plain	same program	libpcre2_10.46_interp-caps-simdna	measured	pinned	7	median_ns	3704741.350552	112	1.0000	0	0		
rank	uuid	(set)	short-subject-search	plain	same program	libpcre2_10.46_interp-caps-simdna	measured	pinned	7	min_ns	3702911.121364	112	1.0000	0	0		
rank	uuid	(set)	short-subject-search	plain	same program	libpcre2_10.46_interp-caps-simdna	measured	pinned	7	max_ns	3739906.595286	112	1.0000	0	0		
rank	uuid	(set)	short-subject-search	plain	same program	libpcre2_10.46_interp-caps-simdna	measured	pinned	7	stddev_ns	14134.707771	112	1.0000	0	0		
rank	uuid	(set)	short-subject-search	plain	same program	libpcre2_10.46_interp-caps-simdna	measured	pinned	7	ratio_vs_baseline	1.000000	112	1.0000	0	0		
rank	uuid	(set)	short-subject-search	plain	same program	libpcre2_10.46_interp-caps-simdna	measured	pinned	7	ratio_vs_best	176.101202	112	1.0000	0	0		
compile	bignum			plain	same program	libpcre2_10.46_interp-caps-simdna				median_total_ns	1260.000000	5					
compile	bignum			plain	same program	libpcre2_10.46_interp-caps-simdna				jitter	timer-floor						
compile	bignum			plain	same program	libpcre2_10.46_interp-caps-simdna				artifact_bytes	199						
compile_stamp						libpcre2_10.46_interp-caps-simdna				engine	-						
compile_stamp						libpcre2_10.46_interp-caps-simdna				entry	plain entry						
compile_stamp						libpcre2_10.46_interp-caps-simdna				prefilter	-						
compile_stamp						libpcre2_10.46_interp-caps-simdna				vm_rungs	-						
compile_stamp						libpcre2_10.46_interp-caps-simdna				buffers	n/s						
compile_stamp						libpcre2_10.46_interp-caps-simdna				frame	n/s						
compile	floor			plain	same program	libpcre2_10.46_interp-caps-simdna				median_total_ns	570.000000	5					
compile	floor			plain	same program	libpcre2_10.46_interp-caps-simdna				jitter	timer-floor						
compile	floor			plain	same program	libpcre2_10.46_interp-caps-simdna				artifact_bytes	161						
compile	hex32-id			plain	same program	libpcre2_10.46_interp-caps-simdna				median_total_ns	2340.000000	5					
compile	hex32-id			plain	same program	libpcre2_10.46_interp-caps-simdna				jitter	timer-floor						
compile	hex32-id			plain	same program	libpcre2_10.46_interp-caps-simdna				artifact_bytes	199						
compile	http-5xx			plain	same program	libpcre2_10.46_interp-caps-simdna				median_total_ns	4210.000000	5					
compile	http-5xx			plain	same program	libpcre2_10.46_interp-caps-simdna				jitter	timer-floor						
compile	http-5xx			plain	same program	libpcre2_10.46_interp-caps-simdna				artifact_bytes	362						
compile	ipv4			plain	same program	libpcre2_10.46_interp-caps-simdna				median_total_ns	5130.000000	5					
compile	ipv4			plain	same program	libpcre2_10.46_interp-caps-simdna				jitter	timer-floor						
compile	ipv4			plain	same program	libpcre2_10.46_interp-caps-simdna				artifact_bytes	1203						
compile	ipv6			plain	same program	libpcre2_10.46_interp-caps-simdna				median_total_ns	4010.000000	5					
compile	ipv6			plain	same program	libpcre2_10.46_interp-caps-simdna				jitter	timer-floor						
compile	ipv6			plain	same program	libpcre2_10.46_interp-caps-simdna				artifact_bytes	941						
compile	iso-ts			plain	same program	libpcre2_10.46_interp-caps-simdna				median_total_ns	3900.000000	5					
compile	iso-ts			plain	same program	libpcre2_10.46_interp-caps-simdna				jitter	timer-floor						
compile	iso-ts			plain	same program	libpcre2_10.46_interp-caps-simdna				artifact_bytes	324						
compile	kv-quoted			plain	same program	libpcre2_10.46_interp-caps-simdna				median_total_ns	2680.000000	5					
compile	kv-quoted			plain	same program	libpcre2_10.46_interp-caps-simdna				jitter	timer-floor						
compile	kv-quoted			plain	same program	libpcre2_10.46_interp-caps-simdna				artifact_bytes	283						
compile	level-context			plain	same program	libpcre2_10.46_interp-caps-simdna				median_total_ns	4430.000000	5					
compile	level-context			plain	same program	libpcre2_10.46_interp-caps-simdna				jitter	timer-floor						
compile	level-context			plain	same program	libpcre2_10.46_interp-caps-simdna				artifact_bytes	305						
compile	stack-frame			plain	same program	libpcre2_10.46_interp-caps-simdna				median_total_ns	12250.000000	5					
compile	stack-frame			plain	same program	libpcre2_10.46_interp-caps-simdna				jitter	timer-floor						
compile	stack-frame			plain	same program	libpcre2_10.46_interp-caps-simdna				artifact_bytes	533						
compile	uuid			plain	same program	libpcre2_10.46_interp-caps-simdna				median_total_ns	3150.000000	5					
compile	uuid			plain	same program	libpcre2_10.46_interp-caps-simdna				jitter	timer-floor						
compile	uuid			plain	same program	libpcre2_10.46_interp-caps-simdna				artifact_bytes	425						
compile	bignum			plain	same program	libpcre2_10.46_jit-caps-simdna				median_total_ns	9240.000000	5					
compile	bignum			plain	same program	libpcre2_10.46_jit-caps-simdna				jitter	timer-floor						
compile	bignum			plain	same program	libpcre2_10.46_jit-caps-simdna				artifact_bytes	199						
compile_stamp						libpcre2_10.46_jit-caps-simdna				engine	-						
compile_stamp						libpcre2_10.46_jit-caps-simdna				entry	plain entry						
compile_stamp						libpcre2_10.46_jit-caps-simdna				prefilter	-						
compile_stamp						libpcre2_10.46_jit-caps-simdna				vm_rungs	-						
compile_stamp						libpcre2_10.46_jit-caps-simdna				buffers	n/s						
compile_stamp						libpcre2_10.46_jit-caps-simdna				frame	n/s						
compile	floor			plain	same program	libpcre2_10.46_jit-caps-simdna				median_total_ns	6350.000000	5					
compile	floor			plain	same program	libpcre2_10.46_jit-caps-simdna				jitter	timer-floor						
compile	floor			plain	same program	libpcre2_10.46_jit-caps-simdna				artifact_bytes	161						
compile	hex32-id			plain	same program	libpcre2_10.46_jit-caps-simdna				median_total_ns	9160.000000	5					
compile	hex32-id			plain	same program	libpcre2_10.46_jit-caps-simdna				jitter	timer-floor						
compile	hex32-id			plain	same program	libpcre2_10.46_jit-caps-simdna				artifact_bytes	199						
compile	http-5xx			plain	same program	libpcre2_10.46_jit-caps-simdna				median_total_ns	24500.000000	5					
compile	http-5xx			plain	same program	libpcre2_10.46_jit-caps-simdna				jitter	1.027						
compile	http-5xx			plain	same program	libpcre2_10.46_jit-caps-simdna				artifact_bytes	362						
compile	ipv4			plain	same program	libpcre2_10.46_jit-caps-simdna				median_total_ns	27240.000000	5					
compile	ipv4			plain	same program	libpcre2_10.46_jit-caps-simdna				jitter	1.014						
compile	ipv4			plain	same program	libpcre2_10.46_jit-caps-simdna				artifact_bytes	1203						
compile	ipv6			plain	same program	libpcre2_10.46_jit-caps-simdna				median_total_ns	24750.000000	5					
compile	ipv6			plain	same program	libpcre2_10.46_jit-caps-simdna				jitter	1.075						
compile	ipv6			plain	same program	libpcre2_10.46_jit-caps-simdna				artifact_bytes	941						
compile	iso-ts			plain	same program	libpcre2_10.46_jit-caps-simdna				median_total_ns	25301.000000	5					
compile	iso-ts			plain	same program	libpcre2_10.46_jit-caps-simdna				jitter	1.564						
compile	iso-ts			plain	same program	libpcre2_10.46_jit-caps-simdna				artifact_bytes	324						
compile	kv-quoted			plain	same program	libpcre2_10.46_jit-caps-simdna				median_total_ns	17611.000000	5					
compile	kv-quoted			plain	same program	libpcre2_10.46_jit-caps-simdna				jitter	timer-floor						
compile	kv-quoted			plain	same program	libpcre2_10.46_jit-caps-simdna				artifact_bytes	283						
compile	level-context			plain	same program	libpcre2_10.46_jit-caps-simdna				median_total_ns	22150.000000	5					
compile	level-context			plain	same program	libpcre2_10.46_jit-caps-simdna				jitter	timer-floor						
compile	level-context			plain	same program	libpcre2_10.46_jit-caps-simdna				artifact_bytes	305						
compile	stack-frame			plain	same program	libpcre2_10.46_jit-caps-simdna				median_total_ns	29460.000000	5					
compile	stack-frame			plain	same program	libpcre2_10.46_jit-caps-simdna				jitter	1.524						
compile	stack-frame			plain	same program	libpcre2_10.46_jit-caps-simdna				artifact_bytes	533						
compile	uuid			plain	same program	libpcre2_10.46_jit-caps-simdna				median_total_ns	21370.000000	5					
compile	uuid			plain	same program	libpcre2_10.46_jit-caps-simdna				jitter	timer-floor						
compile	uuid			plain	same program	libpcre2_10.46_jit-caps-simdna				artifact_bytes	425						
compile	bignum			plain	same program	pcrec_25b1984f_auto-caps-simdna				median_total_ns	151998457.000000	5					
compile	bignum			plain	same program	pcrec_25b1984f_auto-caps-simdna				jitter	0.032						
compile	bignum			plain	same program	pcrec_25b1984f_auto-caps-simdna				artifact_bytes	27936						
compile	bignum			plain	same program	pcrec_25b1984f_auto-caps-simdna				emit_bytes	24228						
compile	bignum			plain	same program	pcrec_25b1984f_auto-caps-simdna				emit_code_bytes	14977						
compile_stamp						pcrec_25b1984f_auto-caps-simdna				engine	dfa						
compile_stamp						pcrec_25b1984f_auto-caps-simdna				entry	plain entry						
compile_stamp						pcrec_25b1984f_auto-caps-simdna				prefilter	-						
compile_stamp						pcrec_25b1984f_auto-caps-simdna				vm_rungs	-						
compile_stamp						pcrec_25b1984f_auto-caps-simdna				buffers	0 (DFA)						
compile_stamp						pcrec_25b1984f_auto-caps-simdna				frame	0 (DFA)						
compile_stamp						pcrec_25b1984f_auto-caps-simdna				dfa_prefilter_offsets	none						
compile_stamp						pcrec_25b1984f_auto-caps-simdna				dfa_match	unwrapped						
compile_stamp						pcrec_25b1984f_auto-caps-simdna				dfa_scan_edge	none						
compile_stamp						pcrec_25b1984f_auto-caps-simdna				scan_edges	0						
compile_stamp						pcrec_25b1984f_auto-caps-simdna				scan_edges_match	0						
compile_stamp						pcrec_25b1984f_auto-caps-simdna				engine_sel	selected						
compile	bignum			whole-subject	separate artifact	pcrec_25b1984f_auto-caps-simdna				median_total_ns	164968010.000000	5					
compile	bignum			whole-subject	separate artifact	pcrec_25b1984f_auto-caps-simdna				jitter	0.022						
compile	bignum			whole-subject	separate artifact	pcrec_25b1984f_auto-caps-simdna				artifact_bytes	28080						
compile	bignum			whole-subject	separate artifact	pcrec_25b1984f_auto-caps-simdna				emit_bytes	27775						
compile	bignum			whole-subject	separate artifact	pcrec_25b1984f_auto-caps-simdna				emit_code_bytes	16948						
compile	floor			plain	same program	pcrec_25b1984f_auto-caps-simdna				median_total_ns	142279465.000000	5					
compile	floor			plain	same program	pcrec_25b1984f_auto-caps-simdna				jitter	0.042						
compile	floor			plain	same program	pcrec_25b1984f_auto-caps-simdna				artifact_bytes	27608						
compile	floor			plain	same program	pcrec_25b1984f_auto-caps-simdna				emit_bytes	18294						
compile	floor			plain	same program	pcrec_25b1984f_auto-caps-simdna				emit_code_bytes	13297						
compile	floor			whole-subject	separate artifact	pcrec_25b1984f_auto-caps-simdna				median_total_ns	152641742.000000	5					
compile	floor			whole-subject	separate artifact	pcrec_25b1984f_auto-caps-simdna				jitter	0.024						
compile	floor			whole-subject	separate artifact	pcrec_25b1984f_auto-caps-simdna				artifact_bytes	27752						
compile	floor			whole-subject	separate artifact	pcrec_25b1984f_auto-caps-simdna				emit_bytes	20637						
compile	floor			whole-subject	separate artifact	pcrec_25b1984f_auto-caps-simdna				emit_code_bytes	15314						
compile	hex32-id			plain	same program	pcrec_25b1984f_auto-caps-simdna				median_total_ns	157593639.000000	5					
compile	hex32-id			plain	same program	pcrec_25b1984f_auto-caps-simdna				jitter	0.034						
compile	hex32-id			plain	same program	pcrec_25b1984f_auto-caps-simdna				artifact_bytes	27936						
compile	hex32-id			plain	same program	pcrec_25b1984f_auto-caps-simdna				emit_bytes	25717						
compile	hex32-id			plain	same program	pcrec_25b1984f_auto-caps-simdna				emit_code_bytes	14977						
compile	hex32-id			whole-subject	separate artifact	pcrec_25b1984f_auto-caps-simdna				median_total_ns	165566392.000000	5					
compile	hex32-id			whole-subject	separate artifact	pcrec_25b1984f_auto-caps-simdna				jitter	0.032						
compile	hex32-id			whole-subject	separate artifact	pcrec_25b1984f_auto-caps-simdna				artifact_bytes	28080						
compile	hex32-id			whole-subject	separate artifact	pcrec_25b1984f_auto-caps-simdna				emit_bytes	28796						
compile	hex32-id			whole-subject	separate artifact	pcrec_25b1984f_auto-caps-simdna				emit_code_bytes	16948						
compile	http-5xx			plain	same program	pcrec_25b1984f_auto-caps-simdna				median_total_ns	172150939.000000	5					
compile	http-5xx			plain	same program	pcrec_25b1984f_auto-caps-simdna				jitter	0.018						
compile	http-5xx			plain	same program	pcrec_25b1984f_auto-caps-simdna				artifact_bytes	36112						
compile	http-5xx			plain	same program	pcrec_25b1984f_auto-caps-simdna				emit_bytes	52492						
compile	http-5xx			plain	same program	pcrec_25b1984f_auto-caps-simdna				emit_code_bytes	16373						
compile	http-5xx			whole-subject	separate artifact	pcrec_25b1984f_auto-caps-simdna				median_total_ns	190465380.000000	5					
compile	http-5xx			whole-subject	separate artifact	pcrec_25b1984f_auto-caps-simdna				jitter	0.024						
compile	http-5xx			whole-subject	separate artifact	pcrec_25b1984f_auto-caps-simdna				artifact_bytes	36248						
compile	http-5xx			whole-subject	separate artifact	pcrec_25b1984f_auto-caps-simdna				emit_bytes	56266						
compile	http-5xx			whole-subject	separate artifact	pcrec_25b1984f_auto-caps-simdna				emit_code_bytes	18338						
compile	ipv4			plain	same program	pcrec_25b1984f_auto-caps-simdna				median_total_ns	146150186.000000	5					
compile	ipv4			plain	same program	pcrec_25b1984f_auto-caps-simdna				jitter	0.022						
compile	ipv4			plain	same program	pcrec_25b1984f_auto-caps-simdna				artifact_bytes	27608						
compile	ipv4			plain	same program	pcrec_25b1984f_auto-caps-simdna				emit_bytes	24947						
compile	ipv4			plain	same program	pcrec_25b1984f_auto-caps-simdna				emit_code_bytes	13329						
compile	ipv4			whole-subject	separate artifact	pcrec_25b1984f_auto-caps-simdna				median_total_ns	151522456.000000	5					
compile	ipv4			whole-subject	separate artifact	pcrec_25b1984f_auto-caps-simdna				jitter	0.036						
compile	ipv4			whole-subject	separate artifact	pcrec_25b1984f_auto-caps-simdna				artifact_bytes	27744						
compile	ipv4			whole-subject	separate artifact	pcrec_25b1984f_auto-caps-simdna				emit_bytes	28769						
compile	ipv4			whole-subject	separate artifact	pcrec_25b1984f_auto-caps-simdna				emit_code_bytes	15241						
compile	ipv6			plain	same program	pcrec_25b1984f_auto-caps-simdna				median_total_ns	160954208.000000	5					
compile	ipv6			plain	same program	pcrec_25b1984f_auto-caps-simdna				jitter	0.035						
compile	ipv6			plain	same program	pcrec_25b1984f_auto-caps-simdna				artifact_bytes	27648						
compile	ipv6			plain	same program	pcrec_25b1984f_auto-caps-simdna				emit_bytes	25914						
compile	ipv6			plain	same program	pcrec_25b1984f_auto-caps-simdna				emit_code_bytes	14371						
compile	ipv6			whole-subject	separate artifact	pcrec_25b1984f_auto-caps-simdna				median_total_ns	169618735.000000	5					
compile	ipv6			whole-subject	separate artifact	pcrec_25b1984f_auto-caps-simdna				jitter	0.020						
compile	ipv6			whole-subject	separate artifact	pcrec_25b1984f_auto-caps-simdna				artifact_bytes	27792						
compile	ipv6			whole-subject	separate artifact	pcrec_25b1984f_auto-caps-simdna				emit_bytes	31293						
compile	ipv6			whole-subject	separate artifact	pcrec_25b1984f_auto-caps-simdna				emit_code_bytes	16167						
compile	iso-ts			plain	same program	pcrec_25b1984f_auto-caps-simdna				median_total_ns	222480646.000000	5					
compile	iso-ts			plain	same program	pcrec_25b1984f_auto-caps-simdna				jitter	0.025						
compile	iso-ts			plain	same program	pcrec_25b1984f_auto-caps-simdna				artifact_bytes	31744						
compile	iso-ts			plain	same program	pcrec_25b1984f_auto-caps-simdna				emit_bytes	34378						
compile	iso-ts			plain	same program	pcrec_25b1984f_auto-caps-simdna				emit_code_bytes	21176						
compile	iso-ts			whole-subject	separate artifact	pcrec_25b1984f_auto-caps-simdna				median_total_ns	218920226.000000	5					
compile	iso-ts			whole-subject	separate artifact	pcrec_25b1984f_auto-caps-simdna				jitter	0.019						
compile	iso-ts			whole-subject	separate artifact	pcrec_25b1984f_auto-caps-simdna				artifact_bytes	31888						
compile	iso-ts			whole-subject	separate artifact	pcrec_25b1984f_auto-caps-simdna				emit_bytes	39482						
compile	iso-ts			whole-subject	separate artifact	pcrec_25b1984f_auto-caps-simdna				emit_code_bytes	22822						
compile	kv-quoted			plain	same program	pcrec_25b1984f_auto-caps-simdna				median_total_ns	156737744.000000	5					
compile	kv-quoted			plain	same program	pcrec_25b1984f_auto-caps-simdna				jitter	0.016						
compile	kv-quoted			plain	same program	pcrec_25b1984f_auto-caps-simdna				artifact_bytes	31992						
compile	kv-quoted			plain	same program	pcrec_25b1984f_auto-caps-simdna				emit_bytes	38709						
compile	kv-quoted			plain	same program	pcrec_25b1984f_auto-caps-simdna				emit_code_bytes	14606						
compile	kv-quoted			whole-subject	separate artifact	pcrec_25b1984f_auto-caps-simdna				median_total_ns	175241076.000000	5					
compile	kv-quoted			whole-subject	separate artifact	pcrec_25b1984f_auto-caps-simdna				jitter	0.026						
compile	kv-quoted			whole-subject	separate artifact	pcrec_25b1984f_auto-caps-simdna				artifact_bytes	32088						
compile	kv-quoted			whole-subject	separate artifact	pcrec_25b1984f_auto-caps-simdna				emit_bytes	43213						
compile	kv-quoted			whole-subject	separate artifact	pcrec_25b1984f_auto-caps-simdna				emit_code_bytes	16401						
compile	level-context			plain	same program	pcrec_25b1984f_auto-caps-simdna				median_total_ns	858650095.000000	5					
compile	level-context			plain	same program	pcrec_25b1984f_auto-caps-simdna				jitter	0.003						
compile	level-context			plain	same program	pcrec_25b1984f_auto-caps-simdna				artifact_bytes	40248						
compile	level-context			plain	same program	pcrec_25b1984f_auto-caps-simdna				emit_bytes	76598						
compile	level-context			plain	same program	pcrec_25b1984f_auto-caps-simdna				emit_code_bytes	34770						
compile	level-context			whole-subject	separate artifact	pcrec_25b1984f_auto-caps-simdna				median_total_ns	1069682847.000000	5					
compile	level-context			whole-subject	separate artifact	pcrec_25b1984f_auto-caps-simdna				jitter	0.005						
compile	level-context			whole-subject	separate artifact	pcrec_25b1984f_auto-caps-simdna				artifact_bytes	40344						
compile	level-context			whole-subject	separate artifact	pcrec_25b1984f_auto-caps-simdna				emit_bytes	79621						
compile	level-context			whole-subject	separate artifact	pcrec_25b1984f_auto-caps-simdna				emit_code_bytes	36191						
compile	stack-frame			plain	same program	pcrec_25b1984f_auto-caps-simdna				median_total_ns	175435888.000000	5					
compile	stack-frame			plain	same program	pcrec_25b1984f_auto-caps-simdna				jitter	0.026						
compile	stack-frame			plain	same program	pcrec_25b1984f_auto-caps-simdna				artifact_bytes	40056						
compile	stack-frame			plain	same program	pcrec_25b1984f_auto-caps-simdna				emit_bytes	64946						
compile	stack-frame			plain	same program	pcrec_25b1984f_auto-caps-simdna				emit_code_bytes	14986						
compile	stack-frame			whole-subject	separate artifact	pcrec_25b1984f_auto-caps-simdna				median_total_ns	179250558.000000	5					
compile	stack-frame			whole-subject	separate artifact	pcrec_25b1984f_auto-caps-simdna				jitter	0.023						
compile	stack-frame			whole-subject	separate artifact	pcrec_25b1984f_auto-caps-simdna				artifact_bytes	40200						
compile	stack-frame			whole-subject	separate artifact	pcrec_25b1984f_auto-caps-simdna				emit_bytes	69240						
compile	stack-frame			whole-subject	separate artifact	pcrec_25b1984f_auto-caps-simdna				emit_code_bytes	16951						
compile	uuid			plain	same program	pcrec_25b1984f_auto-caps-simdna				median_total_ns	168584920.000000	5					
compile	uuid			plain	same program	pcrec_25b1984f_auto-caps-simdna				jitter	0.031						
compile	uuid			plain	same program	pcrec_25b1984f_auto-caps-simdna				artifact_bytes	27976						
compile	uuid			plain	same program	pcrec_25b1984f_auto-caps-simdna				emit_bytes	31583						
compile	uuid			plain	same program	pcrec_25b1984f_auto-caps-simdna				emit_code_bytes	15968						
compile	uuid			whole-subject	separate artifact	pcrec_25b1984f_auto-caps-simdna				median_total_ns	177682820.000000	5					
compile	uuid			whole-subject	separate artifact	pcrec_25b1984f_auto-caps-simdna				jitter	0.029						
compile	uuid			whole-subject	separate artifact	pcrec_25b1984f_auto-caps-simdna				artifact_bytes	28120						
compile	uuid			whole-subject	separate artifact	pcrec_25b1984f_auto-caps-simdna				emit_bytes	34856						
compile	uuid			whole-subject	separate artifact	pcrec_25b1984f_auto-caps-simdna				emit_code_bytes	17939						
compile	bignum			plain	same program	pcrec_25b1984f_auto-nocaps-simdna				median_total_ns	157103950.000000	5					
compile	bignum			plain	same program	pcrec_25b1984f_auto-nocaps-simdna				jitter	0.029						
compile	bignum			plain	same program	pcrec_25b1984f_auto-nocaps-simdna				artifact_bytes	27936						
compile	bignum			plain	same program	pcrec_25b1984f_auto-nocaps-simdna				emit_bytes	24228						
compile	bignum			plain	same program	pcrec_25b1984f_auto-nocaps-simdna				emit_code_bytes	14977						
compile_stamp						pcrec_25b1984f_auto-nocaps-simdna				engine	dfa						
compile_stamp						pcrec_25b1984f_auto-nocaps-simdna				entry	plain entry						
compile_stamp						pcrec_25b1984f_auto-nocaps-simdna				prefilter	-						
compile_stamp						pcrec_25b1984f_auto-nocaps-simdna				vm_rungs	-						
compile_stamp						pcrec_25b1984f_auto-nocaps-simdna				buffers	0 (DFA)						
compile_stamp						pcrec_25b1984f_auto-nocaps-simdna				frame	0 (DFA)						
compile_stamp						pcrec_25b1984f_auto-nocaps-simdna				dfa_prefilter_offsets	none						
compile_stamp						pcrec_25b1984f_auto-nocaps-simdna				dfa_match	unwrapped						
compile_stamp						pcrec_25b1984f_auto-nocaps-simdna				dfa_scan_edge	none						
compile_stamp						pcrec_25b1984f_auto-nocaps-simdna				scan_edges	0						
compile_stamp						pcrec_25b1984f_auto-nocaps-simdna				scan_edges_match	0						
compile_stamp						pcrec_25b1984f_auto-nocaps-simdna				engine_sel	selected						
compile	bignum			whole-subject	separate artifact	pcrec_25b1984f_auto-nocaps-simdna				median_total_ns	161331494.000000	5					
compile	bignum			whole-subject	separate artifact	pcrec_25b1984f_auto-nocaps-simdna				jitter	0.018						
compile	bignum			whole-subject	separate artifact	pcrec_25b1984f_auto-nocaps-simdna				artifact_bytes	28080						
compile	bignum			whole-subject	separate artifact	pcrec_25b1984f_auto-nocaps-simdna				emit_bytes	27775						
compile	bignum			whole-subject	separate artifact	pcrec_25b1984f_auto-nocaps-simdna				emit_code_bytes	16948						
compile	floor			plain	same program	pcrec_25b1984f_auto-nocaps-simdna				median_total_ns	152563827.000000	5					
compile	floor			plain	same program	pcrec_25b1984f_auto-nocaps-simdna				jitter	0.035						
compile	floor			plain	same program	pcrec_25b1984f_auto-nocaps-simdna				artifact_bytes	27608						
compile	floor			plain	same program	pcrec_25b1984f_auto-nocaps-simdna				emit_bytes	18294						
compile	floor			plain	same program	pcrec_25b1984f_auto-nocaps-simdna				emit_code_bytes	13297						
compile	floor			whole-subject	separate artifact	pcrec_25b1984f_auto-nocaps-simdna				median_total_ns	152906079.000000	5					
compile	floor			whole-subject	separate artifact	pcrec_25b1984f_auto-nocaps-simdna				jitter	0.044						
compile	floor			whole-subject	separate artifact	pcrec_25b1984f_auto-nocaps-simdna				artifact_bytes	27752						
compile	floor			whole-subject	separate artifact	pcrec_25b1984f_auto-nocaps-simdna				emit_bytes	20637						
compile	floor			whole-subject	separate artifact	pcrec_25b1984f_auto-nocaps-simdna				emit_code_bytes	15314						
compile	hex32-id			plain	same program	pcrec_25b1984f_auto-nocaps-simdna				median_total_ns	158875011.000000	5					
compile	hex32-id			plain	same program	pcrec_25b1984f_auto-nocaps-simdna				jitter	0.020						
compile	hex32-id			plain	same program	pcrec_25b1984f_auto-nocaps-simdna				artifact_bytes	27936						
compile	hex32-id			plain	same program	pcrec_25b1984f_auto-nocaps-simdna				emit_bytes	25717						
compile	hex32-id			plain	same program	pcrec_25b1984f_auto-nocaps-simdna				emit_code_bytes	14977						
compile	hex32-id			whole-subject	separate artifact	pcrec_25b1984f_auto-nocaps-simdna				median_total_ns	163141793.000000	5					
compile	hex32-id			whole-subject	separate artifact	pcrec_25b1984f_auto-nocaps-simdna				jitter	0.023						
compile	hex32-id			whole-subject	separate artifact	pcrec_25b1984f_auto-nocaps-simdna				artifact_bytes	28080						
compile	hex32-id			whole-subject	separate artifact	pcrec_25b1984f_auto-nocaps-simdna				emit_bytes	28796						
compile	hex32-id			whole-subject	separate artifact	pcrec_25b1984f_auto-nocaps-simdna				emit_code_bytes	16948						
compile	http-5xx			plain	same program	pcrec_25b1984f_auto-nocaps-simdna				median_total_ns	185233770.000000	5					
compile	http-5xx			plain	same program	pcrec_25b1984f_auto-nocaps-simdna				jitter	0.038						
compile	http-5xx			plain	same program	pcrec_25b1984f_auto-nocaps-simdna				artifact_bytes	36112						
compile	http-5xx			plain	same program	pcrec_25b1984f_auto-nocaps-simdna				emit_bytes	52492						
compile	http-5xx			plain	same program	pcrec_25b1984f_auto-nocaps-simdna				emit_code_bytes	16373						
compile	http-5xx			whole-subject	separate artifact	pcrec_25b1984f_auto-nocaps-simdna				median_total_ns	187557763.000000	5					
compile	http-5xx			whole-subject	separate artifact	pcrec_25b1984f_auto-nocaps-simdna				jitter	0.026						
compile	http-5xx			whole-subject	separate artifact	pcrec_25b1984f_auto-nocaps-simdna				artifact_bytes	36248						
compile	http-5xx			whole-subject	separate artifact	pcrec_25b1984f_auto-nocaps-simdna				emit_bytes	56266						
compile	http-5xx			whole-subject	separate artifact	pcrec_25b1984f_auto-nocaps-simdna				emit_code_bytes	18338						
compile	ipv4			plain	same program	pcrec_25b1984f_auto-nocaps-simdna				median_total_ns	146314834.000000	5					
compile	ipv4			plain	same program	pcrec_25b1984f_auto-nocaps-simdna				jitter	0.060						
compile	ipv4			plain	same program	pcrec_25b1984f_auto-nocaps-simdna				artifact_bytes	27608						
compile	ipv4			plain	same program	pcrec_25b1984f_auto-nocaps-simdna				emit_bytes	24947						
compile	ipv4			plain	same program	pcrec_25b1984f_auto-nocaps-simdna				emit_code_bytes	13329						
compile	ipv4			whole-subject	separate artifact	pcrec_25b1984f_auto-nocaps-simdna				median_total_ns	151868184.000000	5					
compile	ipv4			whole-subject	separate artifact	pcrec_25b1984f_auto-nocaps-simdna				jitter	0.039						
compile	ipv4			whole-subject	separate artifact	pcrec_25b1984f_auto-nocaps-simdna				artifact_bytes	27744						
compile	ipv4			whole-subject	separate artifact	pcrec_25b1984f_auto-nocaps-simdna				emit_bytes	28769						
compile	ipv4			whole-subject	separate artifact	pcrec_25b1984f_auto-nocaps-simdna				emit_code_bytes	15241						
compile	ipv6			plain	same program	pcrec_25b1984f_auto-nocaps-simdna				median_total_ns	158926080.000000	5					
compile	ipv6			plain	same program	pcrec_25b1984f_auto-nocaps-simdna				jitter	0.023						
compile	ipv6			plain	same program	pcrec_25b1984f_auto-nocaps-simdna				artifact_bytes	27648						
compile	ipv6			plain	same program	pcrec_25b1984f_auto-nocaps-simdna				emit_bytes	25914						
compile	ipv6			plain	same program	pcrec_25b1984f_auto-nocaps-simdna				emit_code_bytes	14371						
compile	ipv6			whole-subject	separate artifact	pcrec_25b1984f_auto-nocaps-simdna				median_total_ns	167572096.000000	5					
compile	ipv6			whole-subject	separate artifact	pcrec_25b1984f_auto-nocaps-simdna				jitter	0.021						
compile	ipv6			whole-subject	separate artifact	pcrec_25b1984f_auto-nocaps-simdna				artifact_bytes	27792						
compile	ipv6			whole-subject	separate artifact	pcrec_25b1984f_auto-nocaps-simdna				emit_bytes	31293						
compile	ipv6			whole-subject	separate artifact	pcrec_25b1984f_auto-nocaps-simdna				emit_code_bytes	16167						
compile	iso-ts			plain	same program	pcrec_25b1984f_auto-nocaps-simdna				median_total_ns	224775789.000000	5					
compile	iso-ts			plain	same program	pcrec_25b1984f_auto-nocaps-simdna				jitter	0.015						
compile	iso-ts			plain	same program	pcrec_25b1984f_auto-nocaps-simdna				artifact_bytes	31744						
compile	iso-ts			plain	same program	pcrec_25b1984f_auto-nocaps-simdna				emit_bytes	34378						
compile	iso-ts			plain	same program	pcrec_25b1984f_auto-nocaps-simdna				emit_code_bytes	21176						
compile	iso-ts			whole-subject	separate artifact	pcrec_25b1984f_auto-nocaps-simdna				median_total_ns	221873804.000000	5					
compile	iso-ts			whole-subject	separate artifact	pcrec_25b1984f_auto-nocaps-simdna				jitter	0.019						
compile	iso-ts			whole-subject	separate artifact	pcrec_25b1984f_auto-nocaps-simdna				artifact_bytes	31888						
compile	iso-ts			whole-subject	separate artifact	pcrec_25b1984f_auto-nocaps-simdna				emit_bytes	39482						
compile	iso-ts			whole-subject	separate artifact	pcrec_25b1984f_auto-nocaps-simdna				emit_code_bytes	22822						
compile	kv-quoted			plain	same program	pcrec_25b1984f_auto-nocaps-simdna				median_total_ns	165265545.000000	5					
compile	kv-quoted			plain	same program	pcrec_25b1984f_auto-nocaps-simdna				jitter	0.006						
compile	kv-quoted			plain	same program	pcrec_25b1984f_auto-nocaps-simdna				artifact_bytes	31992						
compile	kv-quoted			plain	same program	pcrec_25b1984f_auto-nocaps-simdna				emit_bytes	38709						
compile	kv-quoted			plain	same program	pcrec_25b1984f_auto-nocaps-simdna				emit_code_bytes	14606						
compile	kv-quoted			whole-subject	separate artifact	pcrec_25b1984f_auto-nocaps-simdna				median_total_ns	171489527.000000	5					
compile	kv-quoted			whole-subject	separate artifact	pcrec_25b1984f_auto-nocaps-simdna				jitter	0.021						
compile	kv-quoted			whole-subject	separate artifact	pcrec_25b1984f_auto-nocaps-simdna				artifact_bytes	32088						
compile	kv-quoted			whole-subject	separate artifact	pcrec_25b1984f_auto-nocaps-simdna				emit_bytes	43213						
compile	kv-quoted			whole-subject	separate artifact	pcrec_25b1984f_auto-nocaps-simdna				emit_code_bytes	16401						
compile	level-context			plain	same program	pcrec_25b1984f_auto-nocaps-simdna				median_total_ns	847676233.000000	5					
compile	level-context			plain	same program	pcrec_25b1984f_auto-nocaps-simdna				jitter	0.007						
compile	level-context			plain	same program	pcrec_25b1984f_auto-nocaps-simdna				artifact_bytes	40248						
compile	level-context			plain	same program	pcrec_25b1984f_auto-nocaps-simdna				emit_bytes	76598						
compile	level-context			plain	same program	pcrec_25b1984f_auto-nocaps-simdna				emit_code_bytes	34770						
compile	level-context			whole-subject	separate artifact	pcrec_25b1984f_auto-nocaps-simdna				median_total_ns	1075613809.000000	5					
compile	level-context			whole-subject	separate artifact	pcrec_25b1984f_auto-nocaps-simdna				jitter	0.008						
compile	level-context			whole-subject	separate artifact	pcrec_25b1984f_auto-nocaps-simdna				artifact_bytes	40344						
compile	level-context			whole-subject	separate artifact	pcrec_25b1984f_auto-nocaps-simdna				emit_bytes	79621						
compile	level-context			whole-subject	separate artifact	pcrec_25b1984f_auto-nocaps-simdna				emit_code_bytes	36191						
compile	stack-frame			plain	same program	pcrec_25b1984f_auto-nocaps-simdna				median_total_ns	177135738.000000	5					
compile	stack-frame			plain	same program	pcrec_25b1984f_auto-nocaps-simdna				jitter	0.029						
compile	stack-frame			plain	same program	pcrec_25b1984f_auto-nocaps-simdna				artifact_bytes	40056						
compile	stack-frame			plain	same program	pcrec_25b1984f_auto-nocaps-simdna				emit_bytes	64946						
compile	stack-frame			plain	same program	pcrec_25b1984f_auto-nocaps-simdna				emit_code_bytes	14986						
compile	stack-frame			whole-subject	separate artifact	pcrec_25b1984f_auto-nocaps-simdna				median_total_ns	184674836.000000	5					
compile	stack-frame			whole-subject	separate artifact	pcrec_25b1984f_auto-nocaps-simdna				jitter	0.030						
compile	stack-frame			whole-subject	separate artifact	pcrec_25b1984f_auto-nocaps-simdna				artifact_bytes	40200						
compile	stack-frame			whole-subject	separate artifact	pcrec_25b1984f_auto-nocaps-simdna				emit_bytes	69240						
compile	stack-frame			whole-subject	separate artifact	pcrec_25b1984f_auto-nocaps-simdna				emit_code_bytes	16951						
compile	uuid			plain	same program	pcrec_25b1984f_auto-nocaps-simdna				median_total_ns	166472911.000000	5					
compile	uuid			plain	same program	pcrec_25b1984f_auto-nocaps-simdna				jitter	0.026						
compile	uuid			plain	same program	pcrec_25b1984f_auto-nocaps-simdna				artifact_bytes	27976						
compile	uuid			plain	same program	pcrec_25b1984f_auto-nocaps-simdna				emit_bytes	31583						
compile	uuid			plain	same program	pcrec_25b1984f_auto-nocaps-simdna				emit_code_bytes	15968						
compile	uuid			whole-subject	separate artifact	pcrec_25b1984f_auto-nocaps-simdna				median_total_ns	175837700.000000	5					
compile	uuid			whole-subject	separate artifact	pcrec_25b1984f_auto-nocaps-simdna				jitter	0.022						
compile	uuid			whole-subject	separate artifact	pcrec_25b1984f_auto-nocaps-simdna				artifact_bytes	28120						
compile	uuid			whole-subject	separate artifact	pcrec_25b1984f_auto-nocaps-simdna				emit_bytes	34856						
compile	uuid			whole-subject	separate artifact	pcrec_25b1984f_auto-nocaps-simdna				emit_code_bytes	17939						
compile	bignum			plain	same program	pcrec_25b1984f_vm-caps-simdna				median_total_ns	183540686.000000	5					
compile	bignum			plain	same program	pcrec_25b1984f_vm-caps-simdna				jitter	0.027						
compile	bignum			plain	same program	pcrec_25b1984f_vm-caps-simdna				artifact_bytes	27240						
compile	bignum			plain	same program	pcrec_25b1984f_vm-caps-simdna				emit_bytes	19855						
compile	bignum			plain	same program	pcrec_25b1984f_vm-caps-simdna				emit_code_bytes	19624						
compile_stamp						pcrec_25b1984f_vm-caps-simdna				engine	vm						
compile_stamp						pcrec_25b1984f_vm-caps-simdna				entry	plain entry						
compile_stamp						pcrec_25b1984f_vm-caps-simdna				prefilter	none						
compile_stamp						pcrec_25b1984f_vm-caps-simdna				vm_rungs	PCREC_VM_RUNG_CURSOR						
compile_stamp						pcrec_25b1984f_vm-caps-simdna				buffers	2/2 (stamped default)						
compile_stamp						pcrec_25b1984f_vm-caps-simdna				frame	24						
compile_stamp						pcrec_25b1984f_vm-caps-simdna				scan_edges	0						
compile_stamp						pcrec_25b1984f_vm-caps-simdna				scan_edges_match	0						
compile_stamp						pcrec_25b1984f_vm-caps-simdna				engine_sel	forced						
compile	bignum			whole-subject	separate artifact	pcrec_25b1984f_vm-caps-simdna				median_total_ns	180235777.000000	5					
compile	bignum			whole-subject	separate artifact	pcrec_25b1984f_vm-caps-simdna				jitter	0.017						
compile	bignum			whole-subject	separate artifact	pcrec_25b1984f_vm-caps-simdna				artifact_bytes	23144						
compile	bignum			whole-subject	separate artifact	pcrec_25b1984f_vm-caps-simdna				emit_bytes	19966						
compile	bignum			whole-subject	separate artifact	pcrec_25b1984f_vm-caps-simdna				emit_code_bytes	19735						
compile	floor			plain	same program	pcrec_25b1984f_vm-caps-simdna				median_total_ns	127611379.000000	5					
compile	floor			plain	same program	pcrec_25b1984f_vm-caps-simdna				jitter	0.088						
compile	floor			plain	same program	pcrec_25b1984f_vm-caps-simdna				artifact_bytes	23072						
compile	floor			plain	same program	pcrec_25b1984f_vm-caps-simdna				emit_bytes	17837						
compile	floor			plain	same program	pcrec_25b1984f_vm-caps-simdna				emit_code_bytes	17837						
compile	floor			whole-subject	separate artifact	pcrec_25b1984f_vm-caps-simdna				median_total_ns	138592276.000000	5					
compile	floor			whole-subject	separate artifact	pcrec_25b1984f_vm-caps-simdna				jitter	0.037						
compile	floor			whole-subject	separate artifact	pcrec_25b1984f_vm-caps-simdna				artifact_bytes	23072						
compile	floor			whole-subject	separate artifact	pcrec_25b1984f_vm-caps-simdna				emit_bytes	17948						
compile	floor			whole-subject	separate artifact	pcrec_25b1984f_vm-caps-simdna				emit_code_bytes	17948						
compile	hex32-id			plain	same program	pcrec_25b1984f_vm-caps-simdna				median_total_ns	201958049.000000	5					
compile	hex32-id			plain	same program	pcrec_25b1984f_vm-caps-simdna				jitter	0.009						
compile	hex32-id			plain	same program	pcrec_25b1984f_vm-caps-simdna				artifact_bytes	23152						
compile	hex32-id			plain	same program	pcrec_25b1984f_vm-caps-simdna				emit_bytes	19531						
compile	hex32-id			plain	same program	pcrec_25b1984f_vm-caps-simdna				emit_code_bytes	19069						
compile	hex32-id			whole-subject	separate artifact	pcrec_25b1984f_vm-caps-simdna				median_total_ns	198488861.000000	5					
compile	hex32-id			whole-subject	separate artifact	pcrec_25b1984f_vm-caps-simdna				jitter	0.015						
compile	hex32-id			whole-subject	separate artifact	pcrec_25b1984f_vm-caps-simdna				artifact_bytes	23152						
compile	hex32-id			whole-subject	separate artifact	pcrec_25b1984f_vm-caps-simdna				emit_bytes	19642						
compile	hex32-id			whole-subject	separate artifact	pcrec_25b1984f_vm-caps-simdna				emit_code_bytes	19180						
compile	http-5xx			plain	same program	pcrec_25b1984f_vm-caps-simdna				median_total_ns	204151420.000000	5					
compile	http-5xx			plain	same program	pcrec_25b1984f_vm-caps-simdna				jitter	0.011						
compile	http-5xx			plain	same program	pcrec_25b1984f_vm-caps-simdna				artifact_bytes	27288						
compile	http-5xx			plain	same program	pcrec_25b1984f_vm-caps-simdna				emit_bytes	26384						
compile	http-5xx			plain	same program	pcrec_25b1984f_vm-caps-simdna				emit_code_bytes	25921						
compile	http-5xx			whole-subject	separate artifact	pcrec_25b1984f_vm-caps-simdna				median_total_ns	201740297.000000	5					
compile	http-5xx			whole-subject	separate artifact	pcrec_25b1984f_vm-caps-simdna				jitter	0.015						
compile	http-5xx			whole-subject	separate artifact	pcrec_25b1984f_vm-caps-simdna				artifact_bytes	27288						
compile	http-5xx			whole-subject	separate artifact	pcrec_25b1984f_vm-caps-simdna				emit_bytes	26497						
compile	http-5xx			whole-subject	separate artifact	pcrec_25b1984f_vm-caps-simdna				emit_code_bytes	26034						
compile	ipv4			plain	same program	pcrec_25b1984f_vm-caps-simdna				median_total_ns	257281880.000000	5					
compile	ipv4			plain	same program	pcrec_25b1984f_vm-caps-simdna				jitter	0.003						
compile	ipv4			plain	same program	pcrec_25b1984f_vm-caps-simdna				artifact_bytes	27200						
compile	ipv4			plain	same program	pcrec_25b1984f_vm-caps-simdna				emit_bytes	30644						
compile	ipv4			plain	same program	pcrec_25b1984f_vm-caps-simdna				emit_code_bytes	30644						
compile	ipv4			whole-subject	separate artifact	pcrec_25b1984f_vm-caps-simdna				median_total_ns	252498936.000000	5					
compile	ipv4			whole-subject	separate artifact	pcrec_25b1984f_vm-caps-simdna				jitter	0.014						
compile	ipv4			whole-subject	separate artifact	pcrec_25b1984f_vm-caps-simdna				artifact_bytes	27200						
compile	ipv4			whole-subject	separate artifact	pcrec_25b1984f_vm-caps-simdna				emit_bytes	30760						
compile	ipv4			whole-subject	separate artifact	pcrec_25b1984f_vm-caps-simdna				emit_code_bytes	30760						
compile	ipv6			plain	same program	pcrec_25b1984f_vm-caps-simdna				median_total_ns	406820553.000000	5					
compile	ipv6			plain	same program	pcrec_25b1984f_vm-caps-simdna				jitter	0.010						
compile	ipv6			plain	same program	pcrec_25b1984f_vm-caps-simdna				artifact_bytes	31336						
compile	ipv6			plain	same program	pcrec_25b1984f_vm-caps-simdna				emit_bytes	38399						
compile	ipv6			plain	same program	pcrec_25b1984f_vm-caps-simdna				emit_code_bytes	38168						
compile	ipv6			whole-subject	separate artifact	pcrec_25b1984f_vm-caps-simdna				median_total_ns	410359269.000000	5					
compile	ipv6			whole-subject	separate artifact	pcrec_25b1984f_vm-caps-simdna				jitter	0.004						
compile	ipv6			whole-subject	separate artifact	pcrec_25b1984f_vm-caps-simdna				artifact_bytes	31336						
compile	ipv6			whole-subject	separate artifact	pcrec_25b1984f_vm-caps-simdna				emit_bytes	38513						
compile	ipv6			whole-subject	separate artifact	pcrec_25b1984f_vm-caps-simdna				emit_code_bytes	38282						
compile	iso-ts			plain	same program	pcrec_25b1984f_vm-caps-simdna				median_total_ns	250210363.000000	5					
compile	iso-ts			plain	same program	pcrec_25b1984f_vm-caps-simdna				jitter	0.013						
compile	iso-ts			plain	same program	pcrec_25b1984f_vm-caps-simdna				artifact_bytes	27320						
compile	iso-ts			plain	same program	pcrec_25b1984f_vm-caps-simdna				emit_bytes	26688						
compile	iso-ts			plain	same program	pcrec_25b1984f_vm-caps-simdna				emit_code_bytes	25995						
compile	iso-ts			whole-subject	separate artifact	pcrec_25b1984f_vm-caps-simdna				median_total_ns	247208399.000000	5					
compile	iso-ts			whole-subject	separate artifact	pcrec_25b1984f_vm-caps-simdna				jitter	0.018						
compile	iso-ts			whole-subject	separate artifact	pcrec_25b1984f_vm-caps-simdna				artifact_bytes	27320						
compile	iso-ts			whole-subject	separate artifact	pcrec_25b1984f_vm-caps-simdna				emit_bytes	26803						
compile	iso-ts			whole-subject	separate artifact	pcrec_25b1984f_vm-caps-simdna				emit_code_bytes	26110						
compile	kv-quoted			plain	same program	pcrec_25b1984f_vm-caps-simdna				median_total_ns	189182924.000000	5					
compile	kv-quoted			plain	same program	pcrec_25b1984f_vm-caps-simdna				jitter	0.003						
compile	kv-quoted			plain	same program	pcrec_25b1984f_vm-caps-simdna				artifact_bytes	27408						
compile	kv-quoted			plain	same program	pcrec_25b1984f_vm-caps-simdna				emit_bytes	22588						
compile	kv-quoted			plain	same program	pcrec_25b1984f_vm-caps-simdna				emit_code_bytes	21433						
compile	kv-quoted			whole-subject	separate artifact	pcrec_25b1984f_vm-caps-simdna				median_total_ns	194873463.000000	5					
compile	kv-quoted			whole-subject	separate artifact	pcrec_25b1984f_vm-caps-simdna				jitter	0.018						
compile	kv-quoted			whole-subject	separate artifact	pcrec_25b1984f_vm-caps-simdna				artifact_bytes	27408						
compile	kv-quoted			whole-subject	separate artifact	pcrec_25b1984f_vm-caps-simdna				emit_bytes	22701						
compile	kv-quoted			whole-subject	separate artifact	pcrec_25b1984f_vm-caps-simdna				emit_code_bytes	21546						
compile	level-context			plain	same program	pcrec_25b1984f_vm-caps-simdna				median_total_ns	247315420.000000	5					
compile	level-context			plain	same program	pcrec_25b1984f_vm-caps-simdna				jitter	0.029						
compile	level-context			plain	same program	pcrec_25b1984f_vm-caps-simdna				artifact_bytes	27280						
compile	level-context			plain	same program	pcrec_25b1984f_vm-caps-simdna				emit_bytes	29850						
compile	level-context			plain	same program	pcrec_25b1984f_vm-caps-simdna				emit_code_bytes	29388						
compile	level-context			whole-subject	separate artifact	pcrec_25b1984f_vm-caps-simdna				median_total_ns	245227620.000000	5					
compile	level-context			whole-subject	separate artifact	pcrec_25b1984f_vm-caps-simdna				jitter	0.024						
compile	level-context			whole-subject	separate artifact	pcrec_25b1984f_vm-caps-simdna				artifact_bytes	27280						
compile	level-context			whole-subject	separate artifact	pcrec_25b1984f_vm-caps-simdna				emit_bytes	29963						
compile	level-context			whole-subject	separate artifact	pcrec_25b1984f_vm-caps-simdna				emit_code_bytes	29501						
compile	stack-frame			plain	same program	pcrec_25b1984f_vm-caps-simdna				median_total_ns	279345363.000000	5					
compile	stack-frame			plain	same program	pcrec_25b1984f_vm-caps-simdna				jitter	0.015						
compile	stack-frame			plain	same program	pcrec_25b1984f_vm-caps-simdna				artifact_bytes	27440						
compile	stack-frame			plain	same program	pcrec_25b1984f_vm-caps-simdna				emit_bytes	34019						
compile	stack-frame			plain	same program	pcrec_25b1984f_vm-caps-simdna				emit_code_bytes	33326						
compile	stack-frame			whole-subject	separate artifact	pcrec_25b1984f_vm-caps-simdna				median_total_ns	279056832.000000	5					
compile	stack-frame			whole-subject	separate artifact	pcrec_25b1984f_vm-caps-simdna				jitter	0.003						
compile	stack-frame			whole-subject	separate artifact	pcrec_25b1984f_vm-caps-simdna				artifact_bytes	27440						
compile	stack-frame			whole-subject	separate artifact	pcrec_25b1984f_vm-caps-simdna				emit_bytes	34132						
compile	stack-frame			whole-subject	separate artifact	pcrec_25b1984f_vm-caps-simdna				emit_code_bytes	33439						
compile	uuid			plain	same program	pcrec_25b1984f_vm-caps-simdna				median_total_ns	205256585.000000	5					
compile	uuid			plain	same program	pcrec_25b1984f_vm-caps-simdna				jitter	0.011						
compile	uuid			plain	same program	pcrec_25b1984f_vm-caps-simdna				artifact_bytes	27328						
compile	uuid			plain	same program	pcrec_25b1984f_vm-caps-simdna				emit_bytes	23573						
compile	uuid			plain	same program	pcrec_25b1984f_vm-caps-simdna				emit_code_bytes	22880						
compile	uuid			whole-subject	separate artifact	pcrec_25b1984f_vm-caps-simdna				median_total_ns	204478493.000000	5					
compile	uuid			whole-subject	separate artifact	pcrec_25b1984f_vm-caps-simdna				jitter	0.022						
compile	uuid			whole-subject	separate artifact	pcrec_25b1984f_vm-caps-simdna				artifact_bytes	27328						
compile	uuid			whole-subject	separate artifact	pcrec_25b1984f_vm-caps-simdna				emit_bytes	23686						
compile	uuid			whole-subject	separate artifact	pcrec_25b1984f_vm-caps-simdna				emit_code_bytes	22993						
compile	bignum			plain	same program	pcrec_25b1984f_vm-in-caps-simdna				median_total_ns	182174988.000000	5					
compile	bignum			plain	same program	pcrec_25b1984f_vm-in-caps-simdna				jitter	0.011						
compile	bignum			plain	same program	pcrec_25b1984f_vm-in-caps-simdna				artifact_bytes	27240						
compile	bignum			plain	same program	pcrec_25b1984f_vm-in-caps-simdna				emit_bytes	19855						
compile	bignum			plain	same program	pcrec_25b1984f_vm-in-caps-simdna				emit_code_bytes	19624						
compile_stamp						pcrec_25b1984f_vm-in-caps-simdna				engine	vm						
compile_stamp						pcrec_25b1984f_vm-in-caps-simdna				entry	_in						
compile_stamp						pcrec_25b1984f_vm-in-caps-simdna				prefilter	none						
compile_stamp						pcrec_25b1984f_vm-in-caps-simdna				vm_rungs	PCREC_VM_RUNG_CURSOR						
compile_stamp						pcrec_25b1984f_vm-in-caps-simdna				buffers	32768/131072 (caller-provided)						
compile_stamp						pcrec_25b1984f_vm-in-caps-simdna				frame	24						
compile_stamp						pcrec_25b1984f_vm-in-caps-simdna				scan_edges	0						
compile_stamp						pcrec_25b1984f_vm-in-caps-simdna				scan_edges_match	0						
compile_stamp						pcrec_25b1984f_vm-in-caps-simdna				engine_sel	forced						
compile	bignum			whole-subject	separate artifact	pcrec_25b1984f_vm-in-caps-simdna				median_total_ns	173898326.000000	5					
compile	bignum			whole-subject	separate artifact	pcrec_25b1984f_vm-in-caps-simdna				jitter	0.031						
compile	bignum			whole-subject	separate artifact	pcrec_25b1984f_vm-in-caps-simdna				artifact_bytes	23144						
compile	bignum			whole-subject	separate artifact	pcrec_25b1984f_vm-in-caps-simdna				emit_bytes	19966						
compile	bignum			whole-subject	separate artifact	pcrec_25b1984f_vm-in-caps-simdna				emit_code_bytes	19735						
compile	floor			plain	same program	pcrec_25b1984f_vm-in-caps-simdna				median_total_ns	135862282.000000	5					
compile	floor			plain	same program	pcrec_25b1984f_vm-in-caps-simdna				jitter	0.042						
compile	floor			plain	same program	pcrec_25b1984f_vm-in-caps-simdna				artifact_bytes	23072						
compile	floor			plain	same program	pcrec_25b1984f_vm-in-caps-simdna				emit_bytes	17837						
compile	floor			plain	same program	pcrec_25b1984f_vm-in-caps-simdna				emit_code_bytes	17837						
compile	floor			whole-subject	separate artifact	pcrec_25b1984f_vm-in-caps-simdna				median_total_ns	139171129.000000	5					
compile	floor			whole-subject	separate artifact	pcrec_25b1984f_vm-in-caps-simdna				jitter	0.037						
compile	floor			whole-subject	separate artifact	pcrec_25b1984f_vm-in-caps-simdna				artifact_bytes	23072						
compile	floor			whole-subject	separate artifact	pcrec_25b1984f_vm-in-caps-simdna				emit_bytes	17948						
compile	floor			whole-subject	separate artifact	pcrec_25b1984f_vm-in-caps-simdna				emit_code_bytes	17948						
compile	hex32-id			plain	same program	pcrec_25b1984f_vm-in-caps-simdna				median_total_ns	201014554.000000	5					
compile	hex32-id			plain	same program	pcrec_25b1984f_vm-in-caps-simdna				jitter	0.016						
compile	hex32-id			plain	same program	pcrec_25b1984f_vm-in-caps-simdna				artifact_bytes	23152						
compile	hex32-id			plain	same program	pcrec_25b1984f_vm-in-caps-simdna				emit_bytes	19531						
compile	hex32-id			plain	same program	pcrec_25b1984f_vm-in-caps-simdna				emit_code_bytes	19069						
compile	hex32-id			whole-subject	separate artifact	pcrec_25b1984f_vm-in-caps-simdna				median_total_ns	199123845.000000	5					
compile	hex32-id			whole-subject	separate artifact	pcrec_25b1984f_vm-in-caps-simdna				jitter	0.015						
compile	hex32-id			whole-subject	separate artifact	pcrec_25b1984f_vm-in-caps-simdna				artifact_bytes	23152						
compile	hex32-id			whole-subject	separate artifact	pcrec_25b1984f_vm-in-caps-simdna				emit_bytes	19642						
compile	hex32-id			whole-subject	separate artifact	pcrec_25b1984f_vm-in-caps-simdna				emit_code_bytes	19180						
compile	http-5xx			plain	same program	pcrec_25b1984f_vm-in-caps-simdna				median_total_ns	203162745.000000	5					
compile	http-5xx			plain	same program	pcrec_25b1984f_vm-in-caps-simdna				jitter	0.005						
compile	http-5xx			plain	same program	pcrec_25b1984f_vm-in-caps-simdna				artifact_bytes	27288						
compile	http-5xx			plain	same program	pcrec_25b1984f_vm-in-caps-simdna				emit_bytes	26384						
compile	http-5xx			plain	same program	pcrec_25b1984f_vm-in-caps-simdna				emit_code_bytes	25921						
compile	http-5xx			whole-subject	separate artifact	pcrec_25b1984f_vm-in-caps-simdna				median_total_ns	201594877.000000	5					
compile	http-5xx			whole-subject	separate artifact	pcrec_25b1984f_vm-in-caps-simdna				jitter	0.027						
compile	http-5xx			whole-subject	separate artifact	pcrec_25b1984f_vm-in-caps-simdna				artifact_bytes	27288						
compile	http-5xx			whole-subject	separate artifact	pcrec_25b1984f_vm-in-caps-simdna				emit_bytes	26497						
compile	http-5xx			whole-subject	separate artifact	pcrec_25b1984f_vm-in-caps-simdna				emit_code_bytes	26034						
compile	ipv4			plain	same program	pcrec_25b1984f_vm-in-caps-simdna				median_total_ns	255345029.000000	5					
compile	ipv4			plain	same program	pcrec_25b1984f_vm-in-caps-simdna				jitter	0.013						
compile	ipv4			plain	same program	pcrec_25b1984f_vm-in-caps-simdna				artifact_bytes	27200						
compile	ipv4			plain	same program	pcrec_25b1984f_vm-in-caps-simdna				emit_bytes	30644						
compile	ipv4			plain	same program	pcrec_25b1984f_vm-in-caps-simdna				emit_code_bytes	30644						
compile	ipv4			whole-subject	separate artifact	pcrec_25b1984f_vm-in-caps-simdna				median_total_ns	249739722.000000	5					
compile	ipv4			whole-subject	separate artifact	pcrec_25b1984f_vm-in-caps-simdna				jitter	0.018						
compile	ipv4			whole-subject	separate artifact	pcrec_25b1984f_vm-in-caps-simdna				artifact_bytes	27200						
compile	ipv4			whole-subject	separate artifact	pcrec_25b1984f_vm-in-caps-simdna				emit_bytes	30760						
compile	ipv4			whole-subject	separate artifact	pcrec_25b1984f_vm-in-caps-simdna				emit_code_bytes	30760						
compile	ipv6			plain	same program	pcrec_25b1984f_vm-in-caps-simdna				median_total_ns	407691708.000000	5					
compile	ipv6			plain	same program	pcrec_25b1984f_vm-in-caps-simdna				jitter	0.006						
compile	ipv6			plain	same program	pcrec_25b1984f_vm-in-caps-simdna				artifact_bytes	31336						
compile	ipv6			plain	same program	pcrec_25b1984f_vm-in-caps-simdna				emit_bytes	38399						
compile	ipv6			plain	same program	pcrec_25b1984f_vm-in-caps-simdna				emit_code_bytes	38168						
compile	ipv6			whole-subject	separate artifact	pcrec_25b1984f_vm-in-caps-simdna				median_total_ns	408101999.000000	5					
compile	ipv6			whole-subject	separate artifact	pcrec_25b1984f_vm-in-caps-simdna				jitter	0.003						
compile	ipv6			whole-subject	separate artifact	pcrec_25b1984f_vm-in-caps-simdna				artifact_bytes	31336						
compile	ipv6			whole-subject	separate artifact	pcrec_25b1984f_vm-in-caps-simdna				emit_bytes	38513						
compile	ipv6			whole-subject	separate artifact	pcrec_25b1984f_vm-in-caps-simdna				emit_code_bytes	38282						
compile	iso-ts			plain	same program	pcrec_25b1984f_vm-in-caps-simdna				median_total_ns	250440417.000000	5					
compile	iso-ts			plain	same program	pcrec_25b1984f_vm-in-caps-simdna				jitter	0.005						
compile	iso-ts			plain	same program	pcrec_25b1984f_vm-in-caps-simdna				artifact_bytes	27320						
compile	iso-ts			plain	same program	pcrec_25b1984f_vm-in-caps-simdna				emit_bytes	26688						
compile	iso-ts			plain	same program	pcrec_25b1984f_vm-in-caps-simdna				emit_code_bytes	25995						
compile	iso-ts			whole-subject	separate artifact	pcrec_25b1984f_vm-in-caps-simdna				median_total_ns	249856844.000000	5					
compile	iso-ts			whole-subject	separate artifact	pcrec_25b1984f_vm-in-caps-simdna				jitter	0.013						
compile	iso-ts			whole-subject	separate artifact	pcrec_25b1984f_vm-in-caps-simdna				artifact_bytes	27320						
compile	iso-ts			whole-subject	separate artifact	pcrec_25b1984f_vm-in-caps-simdna				emit_bytes	26803						
compile	iso-ts			whole-subject	separate artifact	pcrec_25b1984f_vm-in-caps-simdna				emit_code_bytes	26110						
compile	kv-quoted			plain	same program	pcrec_25b1984f_vm-in-caps-simdna				median_total_ns	194225390.000000	5					
compile	kv-quoted			plain	same program	pcrec_25b1984f_vm-in-caps-simdna				jitter	0.024						
compile	kv-quoted			plain	same program	pcrec_25b1984f_vm-in-caps-simdna				artifact_bytes	27408						
compile	kv-quoted			plain	same program	pcrec_25b1984f_vm-in-caps-simdna				emit_bytes	22588						
compile	kv-quoted			plain	same program	pcrec_25b1984f_vm-in-caps-simdna				emit_code_bytes	21433						
compile	kv-quoted			whole-subject	separate artifact	pcrec_25b1984f_vm-in-caps-simdna				median_total_ns	194149629.000000	5					
compile	kv-quoted			whole-subject	separate artifact	pcrec_25b1984f_vm-in-caps-simdna				jitter	0.015						
compile	kv-quoted			whole-subject	separate artifact	pcrec_25b1984f_vm-in-caps-simdna				artifact_bytes	27408						
compile	kv-quoted			whole-subject	separate artifact	pcrec_25b1984f_vm-in-caps-simdna				emit_bytes	22701						
compile	kv-quoted			whole-subject	separate artifact	pcrec_25b1984f_vm-in-caps-simdna				emit_code_bytes	21546						
compile	level-context			plain	same program	pcrec_25b1984f_vm-in-caps-simdna				median_total_ns	237614990.000000	5					
compile	level-context			plain	same program	pcrec_25b1984f_vm-in-caps-simdna				jitter	0.019						
compile	level-context			plain	same program	pcrec_25b1984f_vm-in-caps-simdna				artifact_bytes	27280						
compile	level-context			plain	same program	pcrec_25b1984f_vm-in-caps-simdna				emit_bytes	29850						
compile	level-context			plain	same program	pcrec_25b1984f_vm-in-caps-simdna				emit_code_bytes	29388						
compile	level-context			whole-subject	separate artifact	pcrec_25b1984f_vm-in-caps-simdna				median_total_ns	244035863.000000	5					
compile	level-context			whole-subject	separate artifact	pcrec_25b1984f_vm-in-caps-simdna				jitter	0.015						
compile	level-context			whole-subject	separate artifact	pcrec_25b1984f_vm-in-caps-simdna				artifact_bytes	27280						
compile	level-context			whole-subject	separate artifact	pcrec_25b1984f_vm-in-caps-simdna				emit_bytes	29963						
compile	level-context			whole-subject	separate artifact	pcrec_25b1984f_vm-in-caps-simdna				emit_code_bytes	29501						
compile	stack-frame			plain	same program	pcrec_25b1984f_vm-in-caps-simdna				median_total_ns	279430513.000000	5					
compile	stack-frame			plain	same program	pcrec_25b1984f_vm-in-caps-simdna				jitter	0.003						
compile	stack-frame			plain	same program	pcrec_25b1984f_vm-in-caps-simdna				artifact_bytes	27440						
compile	stack-frame			plain	same program	pcrec_25b1984f_vm-in-caps-simdna				emit_bytes	34019						
compile	stack-frame			plain	same program	pcrec_25b1984f_vm-in-caps-simdna				emit_code_bytes	33326						
compile	stack-frame			whole-subject	separate artifact	pcrec_25b1984f_vm-in-caps-simdna				median_total_ns	278340278.000000	5					
compile	stack-frame			whole-subject	separate artifact	pcrec_25b1984f_vm-in-caps-simdna				jitter	0.010						
compile	stack-frame			whole-subject	separate artifact	pcrec_25b1984f_vm-in-caps-simdna				artifact_bytes	27440						
compile	stack-frame			whole-subject	separate artifact	pcrec_25b1984f_vm-in-caps-simdna				emit_bytes	34132						
compile	stack-frame			whole-subject	separate artifact	pcrec_25b1984f_vm-in-caps-simdna				emit_code_bytes	33439						
compile	uuid			plain	same program	pcrec_25b1984f_vm-in-caps-simdna				median_total_ns	198265030.000000	5					
compile	uuid			plain	same program	pcrec_25b1984f_vm-in-caps-simdna				jitter	0.014						
compile	uuid			plain	same program	pcrec_25b1984f_vm-in-caps-simdna				artifact_bytes	27328						
compile	uuid			plain	same program	pcrec_25b1984f_vm-in-caps-simdna				emit_bytes	23573						
compile	uuid			plain	same program	pcrec_25b1984f_vm-in-caps-simdna				emit_code_bytes	22880						
compile	uuid			whole-subject	separate artifact	pcrec_25b1984f_vm-in-caps-simdna				median_total_ns	198651090.000000	5					
compile	uuid			whole-subject	separate artifact	pcrec_25b1984f_vm-in-caps-simdna				jitter	0.018						
compile	uuid			whole-subject	separate artifact	pcrec_25b1984f_vm-in-caps-simdna				artifact_bytes	27328						
compile	uuid			whole-subject	separate artifact	pcrec_25b1984f_vm-in-caps-simdna				emit_bytes	23686						
compile	uuid			whole-subject	separate artifact	pcrec_25b1984f_vm-in-caps-simdna				emit_code_bytes	22993						
compile	bignum			plain	same program	rust_1.13.1_default-caps-simdna				median_total_ns	200222.000000	5					
compile	bignum			plain	same program	rust_1.13.1_default-caps-simdna				jitter	0.467						
compile_stamp						rust_1.13.1_default-caps-simdna				engine	-						
compile_stamp						rust_1.13.1_default-caps-simdna				entry	plain entry						
compile_stamp						rust_1.13.1_default-caps-simdna				prefilter	-						
compile_stamp						rust_1.13.1_default-caps-simdna				vm_rungs	-						
compile_stamp						rust_1.13.1_default-caps-simdna				buffers	n/s						
compile_stamp						rust_1.13.1_default-caps-simdna				frame	n/s						
compile	bignum			whole-subject	separate artifact	rust_1.13.1_default-caps-simdna				median_total_ns	78610.000000	5					
compile	bignum			whole-subject	separate artifact	rust_1.13.1_default-caps-simdna				jitter	2.389						
compile	floor			plain	same program	rust_1.13.1_default-caps-simdna				median_total_ns	5020.000000	5					
compile	floor			plain	same program	rust_1.13.1_default-caps-simdna				jitter	timer-floor						
compile	floor			whole-subject	separate artifact	rust_1.13.1_default-caps-simdna				median_total_ns	11370.000000	5					
compile	floor			whole-subject	separate artifact	rust_1.13.1_default-caps-simdna				jitter	timer-floor						
compile	hex32-id			plain	same program	rust_1.13.1_default-caps-simdna				median_total_ns	40310.000000	5					
compile	hex32-id			plain	same program	rust_1.13.1_default-caps-simdna				jitter	2.169						
compile	hex32-id			whole-subject	separate artifact	rust_1.13.1_default-caps-simdna				median_total_ns	92590.000000	5					
compile	hex32-id			whole-subject	separate artifact	rust_1.13.1_default-caps-simdna				jitter	2.047						
compile	http-5xx			plain	same program	rust_1.13.1_default-caps-simdna				median_total_ns	119631.000000	5					
compile	http-5xx			plain	same program	rust_1.13.1_default-caps-simdna				jitter	1.546						
compile	http-5xx			whole-subject	separate artifact	rust_1.13.1_default-caps-simdna				median_total_ns	142791.000000	5					
compile	http-5xx			whole-subject	separate artifact	rust_1.13.1_default-caps-simdna				jitter	1.458						
compile	ipv4			plain	same program	rust_1.13.1_default-caps-simdna				median_total_ns	424813.000000	5					
compile	ipv4			plain	same program	rust_1.13.1_default-caps-simdna				jitter	0.519						
compile	ipv4			whole-subject	separate artifact	rust_1.13.1_default-caps-simdna				median_total_ns	69761.000000	5					
compile	ipv4			whole-subject	separate artifact	rust_1.13.1_default-caps-simdna				jitter	1.319						
compile	ipv6			plain	same program	rust_1.13.1_default-caps-simdna				median_total_ns	74641.000000	5					
compile	ipv6			plain	same program	rust_1.13.1_default-caps-simdna				jitter	1.256						
compile	ipv6			whole-subject	separate artifact	rust_1.13.1_default-caps-simdna				median_total_ns	76371.000000	5					
compile	ipv6			whole-subject	separate artifact	rust_1.13.1_default-caps-simdna				jitter	1.269						
compile	iso-ts			plain	same program	rust_1.13.1_default-caps-simdna				median_total_ns	845666.000000	5					
compile	iso-ts			plain	same program	rust_1.13.1_default-caps-simdna				jitter	0.277						
compile	iso-ts			whole-subject	separate artifact	rust_1.13.1_default-caps-simdna				median_total_ns	2105934.000000	5					
compile	iso-ts			whole-subject	separate artifact	rust_1.13.1_default-caps-simdna				jitter	0.257						
compile	kv-quoted			plain	same program	rust_1.13.1_default-caps-simdna				median_total_ns	345952.000000	5					
compile	kv-quoted			plain	same program	rust_1.13.1_default-caps-simdna				jitter	1.150						
compile	kv-quoted			whole-subject	separate artifact	rust_1.13.1_default-caps-simdna				median_total_ns	112041.000000	5					
compile	kv-quoted			whole-subject	separate artifact	rust_1.13.1_default-caps-simdna				jitter	1.648						
compile	level-context			plain	same program	rust_1.13.1_default-caps-simdna				median_total_ns	1118007.000000	5					
compile	level-context			plain	same program	rust_1.13.1_default-caps-simdna				jitter	0.301						
compile	level-context			whole-subject	separate artifact	rust_1.13.1_default-caps-simdna				median_total_ns	1090737.000000	5					
compile	level-context			whole-subject	separate artifact	rust_1.13.1_default-caps-simdna				jitter	0.283						
compile	stack-frame			plain	same program	rust_1.13.1_default-caps-simdna				median_total_ns	68181.000000	5					
compile	stack-frame			plain	same program	rust_1.13.1_default-caps-simdna				jitter	1.367						
compile	stack-frame			whole-subject	separate artifact	rust_1.13.1_default-caps-simdna				median_total_ns	151841.000000	5					
compile	stack-frame			whole-subject	separate artifact	rust_1.13.1_default-caps-simdna				jitter	1.253						
compile	uuid			plain	same program	rust_1.13.1_default-caps-simdna				median_total_ns	172121.000000	5					
compile	uuid			plain	same program	rust_1.13.1_default-caps-simdna				jitter	1.082						
compile	uuid			whole-subject	separate artifact	rust_1.13.1_default-caps-simdna				median_total_ns	55521.000000	5					
compile	uuid			whole-subject	separate artifact	rust_1.13.1_default-caps-simdna				jitter	1.628						
