# reporter: v25 (2026-09-26); filters: subbench=litrun, version=0.1, machine=budu-ryzen1600, testee=libpcre2_10.46_jit-caps-simdna, testee=pcrec_a32bc86e_vm-caps-simdna, testee=pcrec_a32bc86e_vm-caps-simdna_nolitrun, testee=pcrec_a32bc86e_vm-caps-simdna_noaltclsfactor, testee=pcrec_a32bc86e_vm-caps-simdna_noaltclsfactor-nolitrun, testee=pcrec_a32bc86e_auto-caps-simdna, testee=pcrec_a32bc86e_auto-caps-simdna_nolitrun, testee=pcrec_a32bc86e_auto-caps-simdna_noaltclsfactor, testee=pcrec_a32bc86e_auto-caps-simdna_noaltclsfactor-nolitrun, testee=pcrec_a32bc86e_vm-caps-simdna_noreqbyte-noreqrun, testee=pcrec_a32bc86e_vm-caps-simdna_noreqbyte-noreqrun-nolitrun; source: store/index.tsv (11 record(s) matching this query); records: 11; excluded_invalid: 0; superseded: 0; newer_not_measured: 0; subbench_versions: litrun@0.1; machines: budu-ryzen1600; schema_versions: 1.7; grain: set; single_subject_regimes: ; include_unmeasured: False; include_scratch: False; all_records: False; x13_rules: v1.4 X13 (pre-flight + trial agreement) on 11; mixed_x13: False; include_provenance: False; worst_other_core_busy: 28.43% (pcrec_a32bc86e_vm-caps-simdna_noaltclsfactor-nolitrun / lit-l2 / short-subject-search); floor_pattern: floor
section	pattern	subject_or_na	regime_or_na	form	fact	testee	status	tier	rank_or_na	metric	value	n	pass_rate	n_gave_up	n_wrong	gave_up_summary	delta_verdict
record						litrun@0.1__libpcre2_10.46_jit-caps-simdna__budu-ryzen1600__20260928T022551Z				agreement	agree (0 of 42 groups; 0 of 1134 rows; 0 unjudged; k=1.5, 2/3; 5 trials)						
record						litrun@0.1__pcrec_a32bc86e_auto-caps-simdna__budu-ryzen1600__20260928T033012Z				agreement	agree (0 of 42 groups; 0 of 1134 rows; 0 unjudged; k=1.5, 2/3; 5 trials)						
record						litrun@0.1__pcrec_a32bc86e_auto-caps-simdna_noaltclsfactor-nolitrun__budu-ryzen1600__20260928T041735Z				agreement	agree (0 of 42 groups; 0 of 1134 rows; 0 unjudged; k=1.5, 2/3; 5 trials)						
record						litrun@0.1__pcrec_a32bc86e_auto-caps-simdna_noaltclsfactor__budu-ryzen1600__20260928T040104Z				agreement	agree (0 of 42 groups; 0 of 1134 rows; 0 unjudged; k=1.5, 2/3; 5 trials)						
record						litrun@0.1__pcrec_a32bc86e_auto-caps-simdna_nolitrun__budu-ryzen1600__20260928T034556Z				agreement	agree (0 of 42 groups; 0 of 1134 rows; 0 unjudged; k=1.5, 2/3; 5 trials)						
record						litrun@0.1__pcrec_a32bc86e_vm-caps-simdna__budu-ryzen1600__20260928T023958Z				agreement	agree (0 of 42 groups; 0 of 1134 rows; 0 unjudged; k=1.5, 2/3; 5 trials)						
record						litrun@0.1__pcrec_a32bc86e_vm-caps-simdna_noaltclsfactor-nolitrun__budu-ryzen1600__20260928T031651Z				agreement	agree (0 of 42 groups; 0 of 1134 rows; 0 unjudged; k=1.5, 2/3; 5 trials)						
record						litrun@0.1__pcrec_a32bc86e_vm-caps-simdna_noaltclsfactor__budu-ryzen1600__20260928T030456Z				agreement	agree (0 of 42 groups; 0 of 1134 rows; 0 unjudged; k=1.5, 2/3; 5 trials)						
record						litrun@0.1__pcrec_a32bc86e_vm-caps-simdna_nolitrun__budu-ryzen1600__20260928T025145Z				agreement	agree (0 of 42 groups; 0 of 1134 rows; 0 unjudged; k=1.5, 2/3; 5 trials)						
record						litrun@0.1__pcrec_a32bc86e_vm-caps-simdna_noreqbyte-noreqrun-nolitrun__budu-ryzen1600__20260928T044046Z				agreement	agree (0 of 42 groups; 1 of 1134 rows; 0 unjudged; k=1.5, 2/3; 5 trials)						
record						litrun@0.1__pcrec_a32bc86e_vm-caps-simdna_noreqbyte-noreqrun__budu-ryzen1600__20260928T043401Z				agreement	agree (0 of 42 groups; 2 of 1134 rows; 0 unjudged; k=1.5, 2/3; 5 trials)						
baseline	alt-foo-tails	(set)	large-subject-throughput			libpcre2_10.46_jit-caps-simdna				baseline_identity	row-best-fallback					libpcre2_10.46_jit-caps-simdna (row-best fallback -- interp absent from this group)	
rank	alt-foo-tails	(set)	large-subject-throughput	plain	same program	libpcre2_10.46_jit-caps-simdna	measured	pinned	1	median_ns	67761.818691	27	1.0000	0	0		
rank	alt-foo-tails	(set)	large-subject-throughput	plain	same program	libpcre2_10.46_jit-caps-simdna	measured	pinned	1	min_ns	67615.604959	27	1.0000	0	0		
rank	alt-foo-tails	(set)	large-subject-throughput	plain	same program	libpcre2_10.46_jit-caps-simdna	measured	pinned	1	max_ns	67922.913594	27	1.0000	0	0		
rank	alt-foo-tails	(set)	large-subject-throughput	plain	same program	libpcre2_10.46_jit-caps-simdna	measured	pinned	1	stddev_ns	99.862962	27	1.0000	0	0		
rank	alt-foo-tails	(set)	large-subject-throughput	plain	same program	libpcre2_10.46_jit-caps-simdna	measured	pinned	1	ratio_vs_baseline	1.000000	27	1.0000	0	0		
rank	alt-foo-tails	(set)	large-subject-throughput	plain	same program	libpcre2_10.46_jit-caps-simdna	measured	pinned	1	ratio_vs_best	1.000000	27	1.0000	0	0		
rank	alt-foo-tails	(set)	large-subject-throughput	plain	same program	pcrec_a32bc86e_auto-caps-simdna_noaltclsfactor	measured	pinned	2	median_ns	554891.561059	27	1.0000	0	0		
rank	alt-foo-tails	(set)	large-subject-throughput	plain	same program	pcrec_a32bc86e_auto-caps-simdna_noaltclsfactor	measured	pinned	2	min_ns	554789.756737	27	1.0000	0	0		
rank	alt-foo-tails	(set)	large-subject-throughput	plain	same program	pcrec_a32bc86e_auto-caps-simdna_noaltclsfactor	measured	pinned	2	max_ns	555299.346686	27	1.0000	0	0		
rank	alt-foo-tails	(set)	large-subject-throughput	plain	same program	pcrec_a32bc86e_auto-caps-simdna_noaltclsfactor	measured	pinned	2	stddev_ns	182.166928	27	1.0000	0	0		
rank	alt-foo-tails	(set)	large-subject-throughput	plain	same program	pcrec_a32bc86e_auto-caps-simdna_noaltclsfactor	measured	pinned	2	ratio_vs_baseline	8.188853	27	1.0000	0	0		
rank	alt-foo-tails	(set)	large-subject-throughput	plain	same program	pcrec_a32bc86e_auto-caps-simdna_noaltclsfactor	measured	pinned	2	ratio_vs_best	8.188853	27	1.0000	0	0		
rank	alt-foo-tails	(set)	large-subject-throughput	plain	same program	pcrec_a32bc86e_auto-caps-simdna_nolitrun	measured	pinned	3	median_ns	556158.232903	27	1.0000	0	0		
rank	alt-foo-tails	(set)	large-subject-throughput	plain	same program	pcrec_a32bc86e_auto-caps-simdna_nolitrun	measured	pinned	3	min_ns	554722.187150	27	1.0000	0	0		
rank	alt-foo-tails	(set)	large-subject-throughput	plain	same program	pcrec_a32bc86e_auto-caps-simdna_nolitrun	measured	pinned	3	max_ns	556355.469457	27	1.0000	0	0		
rank	alt-foo-tails	(set)	large-subject-throughput	plain	same program	pcrec_a32bc86e_auto-caps-simdna_nolitrun	measured	pinned	3	stddev_ns	611.404945	27	1.0000	0	0		
rank	alt-foo-tails	(set)	large-subject-throughput	plain	same program	pcrec_a32bc86e_auto-caps-simdna_nolitrun	measured	pinned	3	ratio_vs_baseline	8.207546	27	1.0000	0	0		
rank	alt-foo-tails	(set)	large-subject-throughput	plain	same program	pcrec_a32bc86e_auto-caps-simdna_nolitrun	measured	pinned	3	ratio_vs_best	8.207546	27	1.0000	0	0		
rank	alt-foo-tails	(set)	large-subject-throughput	plain	same program	pcrec_a32bc86e_auto-caps-simdna_noaltclsfactor-nolitrun	measured	pinned	4	median_ns	556290.931218	27	1.0000	0	0		
rank	alt-foo-tails	(set)	large-subject-throughput	plain	same program	pcrec_a32bc86e_auto-caps-simdna_noaltclsfactor-nolitrun	measured	pinned	4	min_ns	555227.653427	27	1.0000	0	0		
rank	alt-foo-tails	(set)	large-subject-throughput	plain	same program	pcrec_a32bc86e_auto-caps-simdna_noaltclsfactor-nolitrun	measured	pinned	4	max_ns	557248.365948	27	1.0000	0	0		
rank	alt-foo-tails	(set)	large-subject-throughput	plain	same program	pcrec_a32bc86e_auto-caps-simdna_noaltclsfactor-nolitrun	measured	pinned	4	stddev_ns	746.784956	27	1.0000	0	0		
rank	alt-foo-tails	(set)	large-subject-throughput	plain	same program	pcrec_a32bc86e_auto-caps-simdna_noaltclsfactor-nolitrun	measured	pinned	4	ratio_vs_baseline	8.209504	27	1.0000	0	0		
rank	alt-foo-tails	(set)	large-subject-throughput	plain	same program	pcrec_a32bc86e_auto-caps-simdna_noaltclsfactor-nolitrun	measured	pinned	4	ratio_vs_best	8.209504	27	1.0000	0	0		
rank	alt-foo-tails	(set)	large-subject-throughput	plain	same program	pcrec_a32bc86e_auto-caps-simdna	measured	pinned	5	median_ns	557027.323551	27	1.0000	0	0		
rank	alt-foo-tails	(set)	large-subject-throughput	plain	same program	pcrec_a32bc86e_auto-caps-simdna	measured	pinned	5	min_ns	555385.685181	27	1.0000	0	0		
rank	alt-foo-tails	(set)	large-subject-throughput	plain	same program	pcrec_a32bc86e_auto-caps-simdna	measured	pinned	5	max_ns	557313.867087	27	1.0000	0	0		
rank	alt-foo-tails	(set)	large-subject-throughput	plain	same program	pcrec_a32bc86e_auto-caps-simdna	measured	pinned	5	stddev_ns	697.604724	27	1.0000	0	0		
rank	alt-foo-tails	(set)	large-subject-throughput	plain	same program	pcrec_a32bc86e_auto-caps-simdna	measured	pinned	5	ratio_vs_baseline	8.220372	27	1.0000	0	0		
rank	alt-foo-tails	(set)	large-subject-throughput	plain	same program	pcrec_a32bc86e_auto-caps-simdna	measured	pinned	5	ratio_vs_best	8.220372	27	1.0000	0	0		
rank	alt-foo-tails	(set)	large-subject-throughput	plain	same program	pcrec_a32bc86e_vm-caps-simdna_noaltclsfactor	measured	pinned	6	median_ns	575699.664902	27	1.0000	0	0		
rank	alt-foo-tails	(set)	large-subject-throughput	plain	same program	pcrec_a32bc86e_vm-caps-simdna_noaltclsfactor	measured	pinned	6	min_ns	575607.276853	27	1.0000	0	0		
rank	alt-foo-tails	(set)	large-subject-throughput	plain	same program	pcrec_a32bc86e_vm-caps-simdna_noaltclsfactor	measured	pinned	6	max_ns	577022.738275	27	1.0000	0	0		
rank	alt-foo-tails	(set)	large-subject-throughput	plain	same program	pcrec_a32bc86e_vm-caps-simdna_noaltclsfactor	measured	pinned	6	stddev_ns	622.012688	27	1.0000	0	0		
rank	alt-foo-tails	(set)	large-subject-throughput	plain	same program	pcrec_a32bc86e_vm-caps-simdna_noaltclsfactor	measured	pinned	6	ratio_vs_baseline	8.495930	27	1.0000	0	0		
rank	alt-foo-tails	(set)	large-subject-throughput	plain	same program	pcrec_a32bc86e_vm-caps-simdna_noaltclsfactor	measured	pinned	6	ratio_vs_best	8.495930	27	1.0000	0	0		
rank	alt-foo-tails	(set)	large-subject-throughput	plain	same program	pcrec_a32bc86e_vm-caps-simdna	measured	pinned	7	median_ns	576352.746415	27	1.0000	0	0		
rank	alt-foo-tails	(set)	large-subject-throughput	plain	same program	pcrec_a32bc86e_vm-caps-simdna	measured	pinned	7	min_ns	576186.698113	27	1.0000	0	0		
rank	alt-foo-tails	(set)	large-subject-throughput	plain	same program	pcrec_a32bc86e_vm-caps-simdna	measured	pinned	7	max_ns	577077.217610	27	1.0000	0	0		
rank	alt-foo-tails	(set)	large-subject-throughput	plain	same program	pcrec_a32bc86e_vm-caps-simdna	measured	pinned	7	stddev_ns	389.237014	27	1.0000	0	0		
rank	alt-foo-tails	(set)	large-subject-throughput	plain	same program	pcrec_a32bc86e_vm-caps-simdna	measured	pinned	7	ratio_vs_baseline	8.505568	27	1.0000	0	0		
rank	alt-foo-tails	(set)	large-subject-throughput	plain	same program	pcrec_a32bc86e_vm-caps-simdna	measured	pinned	7	ratio_vs_best	8.505568	27	1.0000	0	0		
rank	alt-foo-tails	(set)	large-subject-throughput	plain	same program	pcrec_a32bc86e_vm-caps-simdna_noaltclsfactor-nolitrun	measured	pinned	8	median_ns	576422.140421	27	1.0000	0	0		
rank	alt-foo-tails	(set)	large-subject-throughput	plain	same program	pcrec_a32bc86e_vm-caps-simdna_noaltclsfactor-nolitrun	measured	pinned	8	min_ns	575649.708877	27	1.0000	0	0		
rank	alt-foo-tails	(set)	large-subject-throughput	plain	same program	pcrec_a32bc86e_vm-caps-simdna_noaltclsfactor-nolitrun	measured	pinned	8	max_ns	577278.059930	27	1.0000	0	0		
rank	alt-foo-tails	(set)	large-subject-throughput	plain	same program	pcrec_a32bc86e_vm-caps-simdna_noaltclsfactor-nolitrun	measured	pinned	8	stddev_ns	621.918257	27	1.0000	0	0		
rank	alt-foo-tails	(set)	large-subject-throughput	plain	same program	pcrec_a32bc86e_vm-caps-simdna_noaltclsfactor-nolitrun	measured	pinned	8	ratio_vs_baseline	8.506592	27	1.0000	0	0		
rank	alt-foo-tails	(set)	large-subject-throughput	plain	same program	pcrec_a32bc86e_vm-caps-simdna_noaltclsfactor-nolitrun	measured	pinned	8	ratio_vs_best	8.506592	27	1.0000	0	0		
rank	alt-foo-tails	(set)	large-subject-throughput	plain	same program	pcrec_a32bc86e_vm-caps-simdna_nolitrun	measured	pinned	9	median_ns	576444.995709	27	1.0000	0	0		
rank	alt-foo-tails	(set)	large-subject-throughput	plain	same program	pcrec_a32bc86e_vm-caps-simdna_nolitrun	measured	pinned	9	min_ns	576308.064109	27	1.0000	0	0		
rank	alt-foo-tails	(set)	large-subject-throughput	plain	same program	pcrec_a32bc86e_vm-caps-simdna_nolitrun	measured	pinned	9	max_ns	578560.522968	27	1.0000	0	0		
rank	alt-foo-tails	(set)	large-subject-throughput	plain	same program	pcrec_a32bc86e_vm-caps-simdna_nolitrun	measured	pinned	9	stddev_ns	848.003505	27	1.0000	0	0		
rank	alt-foo-tails	(set)	large-subject-throughput	plain	same program	pcrec_a32bc86e_vm-caps-simdna_nolitrun	measured	pinned	9	ratio_vs_baseline	8.506929	27	1.0000	0	0		
rank	alt-foo-tails	(set)	large-subject-throughput	plain	same program	pcrec_a32bc86e_vm-caps-simdna_nolitrun	measured	pinned	9	ratio_vs_best	8.506929	27	1.0000	0	0		
rank	alt-foo-tails	(set)	large-subject-throughput	plain	same program	pcrec_a32bc86e_vm-caps-simdna_noreqbyte-noreqrun	measured	pinned	10	median_ns	5037679.059480	27	1.0000	0	0		
rank	alt-foo-tails	(set)	large-subject-throughput	plain	same program	pcrec_a32bc86e_vm-caps-simdna_noreqbyte-noreqrun	measured	pinned	10	min_ns	5036931.884758	27	1.0000	0	0		
rank	alt-foo-tails	(set)	large-subject-throughput	plain	same program	pcrec_a32bc86e_vm-caps-simdna_noreqbyte-noreqrun	measured	pinned	10	max_ns	5041986.706320	27	1.0000	0	0		
rank	alt-foo-tails	(set)	large-subject-throughput	plain	same program	pcrec_a32bc86e_vm-caps-simdna_noreqbyte-noreqrun	measured	pinned	10	stddev_ns	1837.156950	27	1.0000	0	0		
rank	alt-foo-tails	(set)	large-subject-throughput	plain	same program	pcrec_a32bc86e_vm-caps-simdna_noreqbyte-noreqrun	measured	pinned	10	ratio_vs_baseline	74.343918	27	1.0000	0	0		
rank	alt-foo-tails	(set)	large-subject-throughput	plain	same program	pcrec_a32bc86e_vm-caps-simdna_noreqbyte-noreqrun	measured	pinned	10	ratio_vs_best	74.343918	27	1.0000	0	0		
rank	alt-foo-tails	(set)	large-subject-throughput	plain	same program	pcrec_a32bc86e_vm-caps-simdna_noreqbyte-noreqrun-nolitrun	measured	pinned	11	median_ns	5856834.220884	27	1.0000	0	0		
rank	alt-foo-tails	(set)	large-subject-throughput	plain	same program	pcrec_a32bc86e_vm-caps-simdna_noreqbyte-noreqrun-nolitrun	measured	pinned	11	min_ns	5834628.481928	27	1.0000	0	0		
rank	alt-foo-tails	(set)	large-subject-throughput	plain	same program	pcrec_a32bc86e_vm-caps-simdna_noreqbyte-noreqrun-nolitrun	measured	pinned	11	max_ns	5871186.546185	27	1.0000	0	0		
rank	alt-foo-tails	(set)	large-subject-throughput	plain	same program	pcrec_a32bc86e_vm-caps-simdna_noreqbyte-noreqrun-nolitrun	measured	pinned	11	stddev_ns	13647.016887	27	1.0000	0	0		
rank	alt-foo-tails	(set)	large-subject-throughput	plain	same program	pcrec_a32bc86e_vm-caps-simdna_noreqbyte-noreqrun-nolitrun	measured	pinned	11	ratio_vs_baseline	86.432660	27	1.0000	0	0		
rank	alt-foo-tails	(set)	large-subject-throughput	plain	same program	pcrec_a32bc86e_vm-caps-simdna_noreqbyte-noreqrun-nolitrun	measured	pinned	11	ratio_vs_best	86.432660	27	1.0000	0	0		
baseline	alt-foo-tails	(set)	match-compliance			pcrec_a32bc86e_vm-caps-simdna_noreqbyte-noreqrun-nolitrun				baseline_identity	row-best-fallback					pcrec_a32bc86e_vm-caps-simdna_noreqbyte-noreqrun-nolitrun (row-best fallback -- interp absent from this group)	
rank	alt-foo-tails	(set)	match-compliance	whole-subject	separate artifact	pcrec_a32bc86e_vm-caps-simdna_noreqbyte-noreqrun-nolitrun	measured	pinned	1	median_ns	258.121816	27	1.0000	0	0		
rank	alt-foo-tails	(set)	match-compliance	whole-subject	separate artifact	pcrec_a32bc86e_vm-caps-simdna_noreqbyte-noreqrun-nolitrun	measured	pinned	1	min_ns	257.632624	27	1.0000	0	0		
rank	alt-foo-tails	(set)	match-compliance	whole-subject	separate artifact	pcrec_a32bc86e_vm-caps-simdna_noreqbyte-noreqrun-nolitrun	measured	pinned	1	max_ns	267.167822	27	1.0000	0	0		
rank	alt-foo-tails	(set)	match-compliance	whole-subject	separate artifact	pcrec_a32bc86e_vm-caps-simdna_noreqbyte-noreqrun-nolitrun	measured	pinned	1	stddev_ns	3.700625	27	1.0000	0	0		
rank	alt-foo-tails	(set)	match-compliance	whole-subject	separate artifact	pcrec_a32bc86e_vm-caps-simdna_noreqbyte-noreqrun-nolitrun	measured	pinned	1	ratio_vs_baseline	1.000000	27	1.0000	0	0		
rank	alt-foo-tails	(set)	match-compliance	whole-subject	separate artifact	pcrec_a32bc86e_vm-caps-simdna_noreqbyte-noreqrun-nolitrun	measured	pinned	1	ratio_vs_best	1.000000	27	1.0000	0	0		
rank	alt-foo-tails	(set)	match-compliance	whole-subject	separate artifact	pcrec_a32bc86e_vm-caps-simdna_noreqbyte-noreqrun	measured	pinned	2	median_ns	258.992224	27	1.0000	0	0		
rank	alt-foo-tails	(set)	match-compliance	whole-subject	separate artifact	pcrec_a32bc86e_vm-caps-simdna_noreqbyte-noreqrun	measured	pinned	2	min_ns	258.193022	27	1.0000	0	0		
rank	alt-foo-tails	(set)	match-compliance	whole-subject	separate artifact	pcrec_a32bc86e_vm-caps-simdna_noreqbyte-noreqrun	measured	pinned	2	max_ns	333.338587	27	1.0000	0	0		
rank	alt-foo-tails	(set)	match-compliance	whole-subject	separate artifact	pcrec_a32bc86e_vm-caps-simdna_noreqbyte-noreqrun	measured	pinned	2	stddev_ns	29.701994	27	1.0000	0	0		
rank	alt-foo-tails	(set)	match-compliance	whole-subject	separate artifact	pcrec_a32bc86e_vm-caps-simdna_noreqbyte-noreqrun	measured	pinned	2	ratio_vs_baseline	1.003372	27	1.0000	0	0		
rank	alt-foo-tails	(set)	match-compliance	whole-subject	separate artifact	pcrec_a32bc86e_vm-caps-simdna_noreqbyte-noreqrun	measured	pinned	2	ratio_vs_best	1.003372	27	1.0000	0	0		
rank	alt-foo-tails	(set)	match-compliance	whole-subject	separate artifact	pcrec_a32bc86e_vm-caps-simdna	measured	pinned	3	median_ns	260.500011	27	1.0000	0	0		
rank	alt-foo-tails	(set)	match-compliance	whole-subject	separate artifact	pcrec_a32bc86e_vm-caps-simdna	measured	pinned	3	min_ns	260.140433	27	1.0000	0	0		
rank	alt-foo-tails	(set)	match-compliance	whole-subject	separate artifact	pcrec_a32bc86e_vm-caps-simdna	measured	pinned	3	max_ns	262.199341	27	1.0000	0	0		
rank	alt-foo-tails	(set)	match-compliance	whole-subject	separate artifact	pcrec_a32bc86e_vm-caps-simdna	measured	pinned	3	stddev_ns	0.868474	27	1.0000	0	0		
rank	alt-foo-tails	(set)	match-compliance	whole-subject	separate artifact	pcrec_a32bc86e_vm-caps-simdna	measured	pinned	3	ratio_vs_baseline	1.009213	27	1.0000	0	0		
rank	alt-foo-tails	(set)	match-compliance	whole-subject	separate artifact	pcrec_a32bc86e_vm-caps-simdna	measured	pinned	3	ratio_vs_best	1.009213	27	1.0000	0	0		
rank	alt-foo-tails	(set)	match-compliance	whole-subject	separate artifact	pcrec_a32bc86e_vm-caps-simdna_nolitrun	measured	pinned	4	median_ns	262.196232	27	1.0000	0	0		
rank	alt-foo-tails	(set)	match-compliance	whole-subject	separate artifact	pcrec_a32bc86e_vm-caps-simdna_nolitrun	measured	pinned	4	min_ns	257.995932	27	1.0000	0	0		
rank	alt-foo-tails	(set)	match-compliance	whole-subject	separate artifact	pcrec_a32bc86e_vm-caps-simdna_nolitrun	measured	pinned	4	max_ns	333.187318	27	1.0000	0	0		
rank	alt-foo-tails	(set)	match-compliance	whole-subject	separate artifact	pcrec_a32bc86e_vm-caps-simdna_nolitrun	measured	pinned	4	stddev_ns	28.673800	27	1.0000	0	0		
rank	alt-foo-tails	(set)	match-compliance	whole-subject	separate artifact	pcrec_a32bc86e_vm-caps-simdna_nolitrun	measured	pinned	4	ratio_vs_baseline	1.015785	27	1.0000	0	0		
rank	alt-foo-tails	(set)	match-compliance	whole-subject	separate artifact	pcrec_a32bc86e_vm-caps-simdna_nolitrun	measured	pinned	4	ratio_vs_best	1.015785	27	1.0000	0	0		
rank	alt-foo-tails	(set)	match-compliance	whole-subject	separate artifact	pcrec_a32bc86e_auto-caps-simdna	measured	pinned	5	median_ns	317.308206	27	1.0000	0	0		
rank	alt-foo-tails	(set)	match-compliance	whole-subject	separate artifact	pcrec_a32bc86e_auto-caps-simdna	measured	pinned	5	min_ns	316.847059	27	1.0000	0	0		
rank	alt-foo-tails	(set)	match-compliance	whole-subject	separate artifact	pcrec_a32bc86e_auto-caps-simdna	measured	pinned	5	max_ns	328.371512	27	1.0000	0	0		
rank	alt-foo-tails	(set)	match-compliance	whole-subject	separate artifact	pcrec_a32bc86e_auto-caps-simdna	measured	pinned	5	stddev_ns	4.369609	27	1.0000	0	0		
rank	alt-foo-tails	(set)	match-compliance	whole-subject	separate artifact	pcrec_a32bc86e_auto-caps-simdna	measured	pinned	5	ratio_vs_baseline	1.229296	27	1.0000	0	0		
rank	alt-foo-tails	(set)	match-compliance	whole-subject	separate artifact	pcrec_a32bc86e_auto-caps-simdna	measured	pinned	5	ratio_vs_best	1.229296	27	1.0000	0	0		
rank	alt-foo-tails	(set)	match-compliance	whole-subject	separate artifact	pcrec_a32bc86e_auto-caps-simdna_noaltclsfactor-nolitrun	measured	pinned	6	median_ns	317.767105	27	1.0000	0	0		
rank	alt-foo-tails	(set)	match-compliance	whole-subject	separate artifact	pcrec_a32bc86e_auto-caps-simdna_noaltclsfactor-nolitrun	measured	pinned	6	min_ns	317.023266	27	1.0000	0	0		
rank	alt-foo-tails	(set)	match-compliance	whole-subject	separate artifact	pcrec_a32bc86e_auto-caps-simdna_noaltclsfactor-nolitrun	measured	pinned	6	max_ns	319.496805	27	1.0000	0	0		
rank	alt-foo-tails	(set)	match-compliance	whole-subject	separate artifact	pcrec_a32bc86e_auto-caps-simdna_noaltclsfactor-nolitrun	measured	pinned	6	stddev_ns	0.920651	27	1.0000	0	0		
rank	alt-foo-tails	(set)	match-compliance	whole-subject	separate artifact	pcrec_a32bc86e_auto-caps-simdna_noaltclsfactor-nolitrun	measured	pinned	6	ratio_vs_baseline	1.231074	27	1.0000	0	0		
rank	alt-foo-tails	(set)	match-compliance	whole-subject	separate artifact	pcrec_a32bc86e_auto-caps-simdna_noaltclsfactor-nolitrun	measured	pinned	6	ratio_vs_best	1.231074	27	1.0000	0	0		
rank	alt-foo-tails	(set)	match-compliance	whole-subject	separate artifact	pcrec_a32bc86e_auto-caps-simdna_noaltclsfactor	measured	pinned	7	median_ns	318.770085	27	1.0000	0	0		
rank	alt-foo-tails	(set)	match-compliance	whole-subject	separate artifact	pcrec_a32bc86e_auto-caps-simdna_noaltclsfactor	measured	pinned	7	min_ns	317.656355	27	1.0000	0	0		
rank	alt-foo-tails	(set)	match-compliance	whole-subject	separate artifact	pcrec_a32bc86e_auto-caps-simdna_noaltclsfactor	measured	pinned	7	max_ns	326.277978	27	1.0000	0	0		
rank	alt-foo-tails	(set)	match-compliance	whole-subject	separate artifact	pcrec_a32bc86e_auto-caps-simdna_noaltclsfactor	measured	pinned	7	stddev_ns	3.201754	27	1.0000	0	0		
rank	alt-foo-tails	(set)	match-compliance	whole-subject	separate artifact	pcrec_a32bc86e_auto-caps-simdna_noaltclsfactor	measured	pinned	7	ratio_vs_baseline	1.234960	27	1.0000	0	0		
rank	alt-foo-tails	(set)	match-compliance	whole-subject	separate artifact	pcrec_a32bc86e_auto-caps-simdna_noaltclsfactor	measured	pinned	7	ratio_vs_best	1.234960	27	1.0000	0	0		
rank	alt-foo-tails	(set)	match-compliance	whole-subject	separate artifact	pcrec_a32bc86e_auto-caps-simdna_nolitrun	measured	pinned	8	median_ns	319.279525	27	1.0000	0	0		
rank	alt-foo-tails	(set)	match-compliance	whole-subject	separate artifact	pcrec_a32bc86e_auto-caps-simdna_nolitrun	measured	pinned	8	min_ns	318.014893	27	1.0000	0	0		
rank	alt-foo-tails	(set)	match-compliance	whole-subject	separate artifact	pcrec_a32bc86e_auto-caps-simdna_nolitrun	measured	pinned	8	max_ns	321.722288	27	1.0000	0	0		
rank	alt-foo-tails	(set)	match-compliance	whole-subject	separate artifact	pcrec_a32bc86e_auto-caps-simdna_nolitrun	measured	pinned	8	stddev_ns	1.210421	27	1.0000	0	0		
rank	alt-foo-tails	(set)	match-compliance	whole-subject	separate artifact	pcrec_a32bc86e_auto-caps-simdna_nolitrun	measured	pinned	8	ratio_vs_baseline	1.236934	27	1.0000	0	0		
rank	alt-foo-tails	(set)	match-compliance	whole-subject	separate artifact	pcrec_a32bc86e_auto-caps-simdna_nolitrun	measured	pinned	8	ratio_vs_best	1.236934	27	1.0000	0	0		
rank	alt-foo-tails	(set)	match-compliance	whole-subject	separate artifact	pcrec_a32bc86e_vm-caps-simdna_noaltclsfactor-nolitrun	measured	pinned	9	median_ns	401.628785	27	1.0000	0	0		
rank	alt-foo-tails	(set)	match-compliance	whole-subject	separate artifact	pcrec_a32bc86e_vm-caps-simdna_noaltclsfactor-nolitrun	measured	pinned	9	min_ns	401.377202	27	1.0000	0	0		
rank	alt-foo-tails	(set)	match-compliance	whole-subject	separate artifact	pcrec_a32bc86e_vm-caps-simdna_noaltclsfactor-nolitrun	measured	pinned	9	max_ns	402.022978	27	1.0000	0	0		
rank	alt-foo-tails	(set)	match-compliance	whole-subject	separate artifact	pcrec_a32bc86e_vm-caps-simdna_noaltclsfactor-nolitrun	measured	pinned	9	stddev_ns	0.221947	27	1.0000	0	0		
rank	alt-foo-tails	(set)	match-compliance	whole-subject	separate artifact	pcrec_a32bc86e_vm-caps-simdna_noaltclsfactor-nolitrun	measured	pinned	9	ratio_vs_baseline	1.555966	27	1.0000	0	0		
rank	alt-foo-tails	(set)	match-compliance	whole-subject	separate artifact	pcrec_a32bc86e_vm-caps-simdna_noaltclsfactor-nolitrun	measured	pinned	9	ratio_vs_best	1.555966	27	1.0000	0	0		
rank	alt-foo-tails	(set)	match-compliance	whole-subject	separate artifact	pcrec_a32bc86e_vm-caps-simdna_noaltclsfactor	measured	pinned	10	median_ns	408.395758	27	1.0000	0	0		
rank	alt-foo-tails	(set)	match-compliance	whole-subject	separate artifact	pcrec_a32bc86e_vm-caps-simdna_noaltclsfactor	measured	pinned	10	min_ns	407.214576	27	1.0000	0	0		
rank	alt-foo-tails	(set)	match-compliance	whole-subject	separate artifact	pcrec_a32bc86e_vm-caps-simdna_noaltclsfactor	measured	pinned	10	max_ns	411.462662	27	1.0000	0	0		
rank	alt-foo-tails	(set)	match-compliance	whole-subject	separate artifact	pcrec_a32bc86e_vm-caps-simdna_noaltclsfactor	measured	pinned	10	stddev_ns	1.456386	27	1.0000	0	0		
rank	alt-foo-tails	(set)	match-compliance	whole-subject	separate artifact	pcrec_a32bc86e_vm-caps-simdna_noaltclsfactor	measured	pinned	10	ratio_vs_baseline	1.582182	27	1.0000	0	0		
rank	alt-foo-tails	(set)	match-compliance	whole-subject	separate artifact	pcrec_a32bc86e_vm-caps-simdna_noaltclsfactor	measured	pinned	10	ratio_vs_best	1.582182	27	1.0000	0	0		
rank	alt-foo-tails	(set)	match-compliance	plain	same program	libpcre2_10.46_jit-caps-simdna	measured	pinned	11	median_ns	1342.726160	27	1.0000	0	0		
rank	alt-foo-tails	(set)	match-compliance	plain	same program	libpcre2_10.46_jit-caps-simdna	measured	pinned	11	min_ns	1339.898284	27	1.0000	0	0		
rank	alt-foo-tails	(set)	match-compliance	plain	same program	libpcre2_10.46_jit-caps-simdna	measured	pinned	11	max_ns	1376.515680	27	1.0000	0	0		
rank	alt-foo-tails	(set)	match-compliance	plain	same program	libpcre2_10.46_jit-caps-simdna	measured	pinned	11	stddev_ns	13.936668	27	1.0000	0	0		
rank	alt-foo-tails	(set)	match-compliance	plain	same program	libpcre2_10.46_jit-caps-simdna	measured	pinned	11	ratio_vs_baseline	5.201909	27	1.0000	0	0		
rank	alt-foo-tails	(set)	match-compliance	plain	same program	libpcre2_10.46_jit-caps-simdna	measured	pinned	11	ratio_vs_best	5.201909	27	1.0000	0	0		
baseline	alt-foo-tails	(set)	short-subject-search			pcrec_a32bc86e_auto-caps-simdna_noaltclsfactor-nolitrun				baseline_identity	row-best-fallback					pcrec_a32bc86e_auto-caps-simdna_noaltclsfactor-nolitrun (row-best fallback -- interp absent from this group)	
rank	alt-foo-tails	(set)	short-subject-search	plain	same program	pcrec_a32bc86e_auto-caps-simdna_noaltclsfactor-nolitrun	measured	pinned	1	median_ns	370.165584	27	1.0000	0	0		
rank	alt-foo-tails	(set)	short-subject-search	plain	same program	pcrec_a32bc86e_auto-caps-simdna_noaltclsfactor-nolitrun	measured	pinned	1	min_ns	369.490425	27	1.0000	0	0		
rank	alt-foo-tails	(set)	short-subject-search	plain	same program	pcrec_a32bc86e_auto-caps-simdna_noaltclsfactor-nolitrun	measured	pinned	1	max_ns	372.547462	27	1.0000	0	0		
rank	alt-foo-tails	(set)	short-subject-search	plain	same program	pcrec_a32bc86e_auto-caps-simdna_noaltclsfactor-nolitrun	measured	pinned	1	stddev_ns	1.075339	27	1.0000	0	0		
rank	alt-foo-tails	(set)	short-subject-search	plain	same program	pcrec_a32bc86e_auto-caps-simdna_noaltclsfactor-nolitrun	measured	pinned	1	ratio_vs_baseline	1.000000	27	1.0000	0	0		
rank	alt-foo-tails	(set)	short-subject-search	plain	same program	pcrec_a32bc86e_auto-caps-simdna_noaltclsfactor-nolitrun	measured	pinned	1	ratio_vs_best	1.000000	27	1.0000	0	0		
rank	alt-foo-tails	(set)	short-subject-search	plain	same program	pcrec_a32bc86e_auto-caps-simdna	measured	pinned	2	median_ns	371.175529	27	1.0000	0	0		
rank	alt-foo-tails	(set)	short-subject-search	plain	same program	pcrec_a32bc86e_auto-caps-simdna	measured	pinned	2	min_ns	370.537105	27	1.0000	0	0		
rank	alt-foo-tails	(set)	short-subject-search	plain	same program	pcrec_a32bc86e_auto-caps-simdna	measured	pinned	2	max_ns	371.450053	27	1.0000	0	0		
rank	alt-foo-tails	(set)	short-subject-search	plain	same program	pcrec_a32bc86e_auto-caps-simdna	measured	pinned	2	stddev_ns	0.389798	27	1.0000	0	0		
rank	alt-foo-tails	(set)	short-subject-search	plain	same program	pcrec_a32bc86e_auto-caps-simdna	measured	pinned	2	ratio_vs_baseline	1.002728	27	1.0000	0	0		
rank	alt-foo-tails	(set)	short-subject-search	plain	same program	pcrec_a32bc86e_auto-caps-simdna	measured	pinned	2	ratio_vs_best	1.002728	27	1.0000	0	0		
rank	alt-foo-tails	(set)	short-subject-search	plain	same program	pcrec_a32bc86e_auto-caps-simdna_noaltclsfactor	measured	pinned	3	median_ns	371.606397	27	1.0000	0	0		
rank	alt-foo-tails	(set)	short-subject-search	plain	same program	pcrec_a32bc86e_auto-caps-simdna_noaltclsfactor	measured	pinned	3	min_ns	371.165430	27	1.0000	0	0		
rank	alt-foo-tails	(set)	short-subject-search	plain	same program	pcrec_a32bc86e_auto-caps-simdna_noaltclsfactor	measured	pinned	3	max_ns	372.872162	27	1.0000	0	0		
rank	alt-foo-tails	(set)	short-subject-search	plain	same program	pcrec_a32bc86e_auto-caps-simdna_noaltclsfactor	measured	pinned	3	stddev_ns	0.627440	27	1.0000	0	0		
rank	alt-foo-tails	(set)	short-subject-search	plain	same program	pcrec_a32bc86e_auto-caps-simdna_noaltclsfactor	measured	pinned	3	ratio_vs_baseline	1.003892	27	1.0000	0	0		
rank	alt-foo-tails	(set)	short-subject-search	plain	same program	pcrec_a32bc86e_auto-caps-simdna_noaltclsfactor	measured	pinned	3	ratio_vs_best	1.003892	27	1.0000	0	0		
rank	alt-foo-tails	(set)	short-subject-search	plain	same program	pcrec_a32bc86e_auto-caps-simdna_nolitrun	measured	pinned	4	median_ns	372.113964	27	1.0000	0	0		
rank	alt-foo-tails	(set)	short-subject-search	plain	same program	pcrec_a32bc86e_auto-caps-simdna_nolitrun	measured	pinned	4	min_ns	369.749112	27	1.0000	0	0		
rank	alt-foo-tails	(set)	short-subject-search	plain	same program	pcrec_a32bc86e_auto-caps-simdna_nolitrun	measured	pinned	4	max_ns	373.258730	27	1.0000	0	0		
rank	alt-foo-tails	(set)	short-subject-search	plain	same program	pcrec_a32bc86e_auto-caps-simdna_nolitrun	measured	pinned	4	stddev_ns	1.156540	27	1.0000	0	0		
rank	alt-foo-tails	(set)	short-subject-search	plain	same program	pcrec_a32bc86e_auto-caps-simdna_nolitrun	measured	pinned	4	ratio_vs_baseline	1.005264	27	1.0000	0	0		
rank	alt-foo-tails	(set)	short-subject-search	plain	same program	pcrec_a32bc86e_auto-caps-simdna_nolitrun	measured	pinned	4	ratio_vs_best	1.005264	27	1.0000	0	0		
rank	alt-foo-tails	(set)	short-subject-search	plain	same program	pcrec_a32bc86e_vm-caps-simdna_nolitrun	measured	pinned	5	median_ns	388.582734	27	1.0000	0	0		
rank	alt-foo-tails	(set)	short-subject-search	plain	same program	pcrec_a32bc86e_vm-caps-simdna_nolitrun	measured	pinned	5	min_ns	387.123750	27	1.0000	0	0		
rank	alt-foo-tails	(set)	short-subject-search	plain	same program	pcrec_a32bc86e_vm-caps-simdna_nolitrun	measured	pinned	5	max_ns	390.374227	27	1.0000	0	0		
rank	alt-foo-tails	(set)	short-subject-search	plain	same program	pcrec_a32bc86e_vm-caps-simdna_nolitrun	measured	pinned	5	stddev_ns	1.176006	27	1.0000	0	0		
rank	alt-foo-tails	(set)	short-subject-search	plain	same program	pcrec_a32bc86e_vm-caps-simdna_nolitrun	measured	pinned	5	ratio_vs_baseline	1.049754	27	1.0000	0	0		
rank	alt-foo-tails	(set)	short-subject-search	plain	same program	pcrec_a32bc86e_vm-caps-simdna_nolitrun	measured	pinned	5	ratio_vs_best	1.049754	27	1.0000	0	0		
rank	alt-foo-tails	(set)	short-subject-search	plain	same program	pcrec_a32bc86e_vm-caps-simdna	measured	pinned	6	median_ns	394.182332	27	1.0000	0	0		
rank	alt-foo-tails	(set)	short-subject-search	plain	same program	pcrec_a32bc86e_vm-caps-simdna	measured	pinned	6	min_ns	389.518791	27	1.0000	0	0		
rank	alt-foo-tails	(set)	short-subject-search	plain	same program	pcrec_a32bc86e_vm-caps-simdna	measured	pinned	6	max_ns	402.669711	27	1.0000	0	0		
rank	alt-foo-tails	(set)	short-subject-search	plain	same program	pcrec_a32bc86e_vm-caps-simdna	measured	pinned	6	stddev_ns	4.349788	27	1.0000	0	0		
rank	alt-foo-tails	(set)	short-subject-search	plain	same program	pcrec_a32bc86e_vm-caps-simdna	measured	pinned	6	ratio_vs_baseline	1.064881	27	1.0000	0	0		
rank	alt-foo-tails	(set)	short-subject-search	plain	same program	pcrec_a32bc86e_vm-caps-simdna	measured	pinned	6	ratio_vs_best	1.064881	27	1.0000	0	0		
rank	alt-foo-tails	(set)	short-subject-search	plain	same program	pcrec_a32bc86e_vm-caps-simdna_noaltclsfactor-nolitrun	measured	pinned	7	median_ns	417.962684	27	1.0000	0	0		
rank	alt-foo-tails	(set)	short-subject-search	plain	same program	pcrec_a32bc86e_vm-caps-simdna_noaltclsfactor-nolitrun	measured	pinned	7	min_ns	417.338838	27	1.0000	0	0		
rank	alt-foo-tails	(set)	short-subject-search	plain	same program	pcrec_a32bc86e_vm-caps-simdna_noaltclsfactor-nolitrun	measured	pinned	7	max_ns	425.605316	27	1.0000	0	0		
rank	alt-foo-tails	(set)	short-subject-search	plain	same program	pcrec_a32bc86e_vm-caps-simdna_noaltclsfactor-nolitrun	measured	pinned	7	stddev_ns	3.090485	27	1.0000	0	0		
rank	alt-foo-tails	(set)	short-subject-search	plain	same program	pcrec_a32bc86e_vm-caps-simdna_noaltclsfactor-nolitrun	measured	pinned	7	ratio_vs_baseline	1.129124	27	1.0000	0	0		
rank	alt-foo-tails	(set)	short-subject-search	plain	same program	pcrec_a32bc86e_vm-caps-simdna_noaltclsfactor-nolitrun	measured	pinned	7	ratio_vs_best	1.129124	27	1.0000	0	0		
rank	alt-foo-tails	(set)	short-subject-search	plain	same program	pcrec_a32bc86e_vm-caps-simdna_noaltclsfactor	measured	pinned	8	median_ns	429.771131	27	1.0000	0	0		
rank	alt-foo-tails	(set)	short-subject-search	plain	same program	pcrec_a32bc86e_vm-caps-simdna_noaltclsfactor	measured	pinned	8	min_ns	426.075537	27	1.0000	0	0		
rank	alt-foo-tails	(set)	short-subject-search	plain	same program	pcrec_a32bc86e_vm-caps-simdna_noaltclsfactor	measured	pinned	8	max_ns	433.554295	27	1.0000	0	0		
rank	alt-foo-tails	(set)	short-subject-search	plain	same program	pcrec_a32bc86e_vm-caps-simdna_noaltclsfactor	measured	pinned	8	stddev_ns	2.422549	27	1.0000	0	0		
rank	alt-foo-tails	(set)	short-subject-search	plain	same program	pcrec_a32bc86e_vm-caps-simdna_noaltclsfactor	measured	pinned	8	ratio_vs_baseline	1.161024	27	1.0000	0	0		
rank	alt-foo-tails	(set)	short-subject-search	plain	same program	pcrec_a32bc86e_vm-caps-simdna_noaltclsfactor	measured	pinned	8	ratio_vs_best	1.161024	27	1.0000	0	0		
rank	alt-foo-tails	(set)	short-subject-search	plain	same program	libpcre2_10.46_jit-caps-simdna	measured	pinned	9	median_ns	1088.951904	27	1.0000	0	0		
rank	alt-foo-tails	(set)	short-subject-search	plain	same program	libpcre2_10.46_jit-caps-simdna	measured	pinned	9	min_ns	1058.284804	27	1.0000	0	0		
rank	alt-foo-tails	(set)	short-subject-search	plain	same program	libpcre2_10.46_jit-caps-simdna	measured	pinned	9	max_ns	1109.790411	27	1.0000	0	0		
rank	alt-foo-tails	(set)	short-subject-search	plain	same program	libpcre2_10.46_jit-caps-simdna	measured	pinned	9	stddev_ns	19.575560	27	1.0000	0	0		
rank	alt-foo-tails	(set)	short-subject-search	plain	same program	libpcre2_10.46_jit-caps-simdna	measured	pinned	9	ratio_vs_baseline	2.941797	27	1.0000	0	0		
rank	alt-foo-tails	(set)	short-subject-search	plain	same program	libpcre2_10.46_jit-caps-simdna	measured	pinned	9	ratio_vs_best	2.941797	27	1.0000	0	0		
rank	alt-foo-tails	(set)	short-subject-search	plain	same program	pcrec_a32bc86e_vm-caps-simdna_noreqbyte-noreqrun	measured	pinned	10	median_ns	2170.765635	27	1.0000	0	0		
rank	alt-foo-tails	(set)	short-subject-search	plain	same program	pcrec_a32bc86e_vm-caps-simdna_noreqbyte-noreqrun	measured	pinned	10	min_ns	2168.719715	27	1.0000	0	0		
rank	alt-foo-tails	(set)	short-subject-search	plain	same program	pcrec_a32bc86e_vm-caps-simdna_noreqbyte-noreqrun	measured	pinned	10	max_ns	2181.027257	27	1.0000	0	0		
rank	alt-foo-tails	(set)	short-subject-search	plain	same program	pcrec_a32bc86e_vm-caps-simdna_noreqbyte-noreqrun	measured	pinned	10	stddev_ns	4.643459	27	1.0000	0	0		
rank	alt-foo-tails	(set)	short-subject-search	plain	same program	pcrec_a32bc86e_vm-caps-simdna_noreqbyte-noreqrun	measured	pinned	10	ratio_vs_baseline	5.864310	27	1.0000	0	0		
rank	alt-foo-tails	(set)	short-subject-search	plain	same program	pcrec_a32bc86e_vm-caps-simdna_noreqbyte-noreqrun	measured	pinned	10	ratio_vs_best	5.864310	27	1.0000	0	0		
rank	alt-foo-tails	(set)	short-subject-search	plain	same program	pcrec_a32bc86e_vm-caps-simdna_noreqbyte-noreqrun-nolitrun	measured	pinned	11	median_ns	2234.749995	27	1.0000	0	0		
rank	alt-foo-tails	(set)	short-subject-search	plain	same program	pcrec_a32bc86e_vm-caps-simdna_noreqbyte-noreqrun-nolitrun	measured	pinned	11	min_ns	2234.042761	27	1.0000	0	0		
rank	alt-foo-tails	(set)	short-subject-search	plain	same program	pcrec_a32bc86e_vm-caps-simdna_noreqbyte-noreqrun-nolitrun	measured	pinned	11	max_ns	2288.915706	27	1.0000	0	0		
rank	alt-foo-tails	(set)	short-subject-search	plain	same program	pcrec_a32bc86e_vm-caps-simdna_noreqbyte-noreqrun-nolitrun	measured	pinned	11	stddev_ns	21.378340	27	1.0000	0	0		
rank	alt-foo-tails	(set)	short-subject-search	plain	same program	pcrec_a32bc86e_vm-caps-simdna_noreqbyte-noreqrun-nolitrun	measured	pinned	11	ratio_vs_baseline	6.037163	27	1.0000	0	0		
rank	alt-foo-tails	(set)	short-subject-search	plain	same program	pcrec_a32bc86e_vm-caps-simdna_noreqbyte-noreqrun-nolitrun	measured	pinned	11	ratio_vs_best	6.037163	27	1.0000	0	0		
baseline	ctrl-abc-dollar	(set)	large-subject-throughput			pcrec_a32bc86e_vm-caps-simdna_noaltclsfactor-nolitrun				baseline_identity	row-best-fallback					pcrec_a32bc86e_vm-caps-simdna_noaltclsfactor-nolitrun (row-best fallback -- interp absent from this group)	
rank	ctrl-abc-dollar	(set)	large-subject-throughput	plain	same program	pcrec_a32bc86e_vm-caps-simdna_noaltclsfactor-nolitrun	measured	pinned	1	median_ns	279.102234	27	1.0000	0	0		
rank	ctrl-abc-dollar	(set)	large-subject-throughput	plain	same program	pcrec_a32bc86e_vm-caps-simdna_noaltclsfactor-nolitrun	measured	pinned	1	min_ns	276.909200	27	1.0000	0	0		
rank	ctrl-abc-dollar	(set)	large-subject-throughput	plain	same program	pcrec_a32bc86e_vm-caps-simdna_noaltclsfactor-nolitrun	measured	pinned	1	max_ns	280.315727	27	1.0000	0	0		
rank	ctrl-abc-dollar	(set)	large-subject-throughput	plain	same program	pcrec_a32bc86e_vm-caps-simdna_noaltclsfactor-nolitrun	measured	pinned	1	stddev_ns	1.260264	27	1.0000	0	0		
rank	ctrl-abc-dollar	(set)	large-subject-throughput	plain	same program	pcrec_a32bc86e_vm-caps-simdna_noaltclsfactor-nolitrun	measured	pinned	1	ratio_vs_baseline	1.000000	27	1.0000	0	0		
rank	ctrl-abc-dollar	(set)	large-subject-throughput	plain	same program	pcrec_a32bc86e_vm-caps-simdna_noaltclsfactor-nolitrun	measured	pinned	1	ratio_vs_best	1.000000	27	1.0000	0	0		
rank	ctrl-abc-dollar	(set)	large-subject-throughput	plain	same program	pcrec_a32bc86e_vm-caps-simdna_nolitrun	measured	pinned	2	median_ns	279.936388	27	1.0000	0	0		
rank	ctrl-abc-dollar	(set)	large-subject-throughput	plain	same program	pcrec_a32bc86e_vm-caps-simdna_nolitrun	measured	pinned	2	min_ns	277.664731	27	1.0000	0	0		
rank	ctrl-abc-dollar	(set)	large-subject-throughput	plain	same program	pcrec_a32bc86e_vm-caps-simdna_nolitrun	measured	pinned	2	max_ns	281.153745	27	1.0000	0	0		
rank	ctrl-abc-dollar	(set)	large-subject-throughput	plain	same program	pcrec_a32bc86e_vm-caps-simdna_nolitrun	measured	pinned	2	stddev_ns	1.265855	27	1.0000	0	0		
rank	ctrl-abc-dollar	(set)	large-subject-throughput	plain	same program	pcrec_a32bc86e_vm-caps-simdna_nolitrun	measured	pinned	2	ratio_vs_baseline	1.002989	27	1.0000	0	0		
rank	ctrl-abc-dollar	(set)	large-subject-throughput	plain	same program	pcrec_a32bc86e_vm-caps-simdna_nolitrun	measured	pinned	2	ratio_vs_best	1.002989	27	1.0000	0	0		
rank	ctrl-abc-dollar	(set)	large-subject-throughput	plain	same program	pcrec_a32bc86e_vm-caps-simdna_noaltclsfactor	measured	pinned	3	median_ns	284.721367	27	1.0000	0	0		
rank	ctrl-abc-dollar	(set)	large-subject-throughput	plain	same program	pcrec_a32bc86e_vm-caps-simdna_noaltclsfactor	measured	pinned	3	min_ns	282.934680	27	1.0000	0	0		
rank	ctrl-abc-dollar	(set)	large-subject-throughput	plain	same program	pcrec_a32bc86e_vm-caps-simdna_noaltclsfactor	measured	pinned	3	max_ns	291.642151	27	1.0000	0	0		
rank	ctrl-abc-dollar	(set)	large-subject-throughput	plain	same program	pcrec_a32bc86e_vm-caps-simdna_noaltclsfactor	measured	pinned	3	stddev_ns	3.168133	27	1.0000	0	0		
rank	ctrl-abc-dollar	(set)	large-subject-throughput	plain	same program	pcrec_a32bc86e_vm-caps-simdna_noaltclsfactor	measured	pinned	3	ratio_vs_baseline	1.020133	27	1.0000	0	0		
rank	ctrl-abc-dollar	(set)	large-subject-throughput	plain	same program	pcrec_a32bc86e_vm-caps-simdna_noaltclsfactor	measured	pinned	3	ratio_vs_best	1.020133	27	1.0000	0	0		
rank	ctrl-abc-dollar	(set)	large-subject-throughput	plain	same program	pcrec_a32bc86e_vm-caps-simdna	measured	pinned	4	median_ns	286.294759	27	1.0000	0	0		
rank	ctrl-abc-dollar	(set)	large-subject-throughput	plain	same program	pcrec_a32bc86e_vm-caps-simdna	measured	pinned	4	min_ns	283.851117	27	1.0000	0	0		
rank	ctrl-abc-dollar	(set)	large-subject-throughput	plain	same program	pcrec_a32bc86e_vm-caps-simdna	measured	pinned	4	max_ns	288.706577	27	1.0000	0	0		
rank	ctrl-abc-dollar	(set)	large-subject-throughput	plain	same program	pcrec_a32bc86e_vm-caps-simdna	measured	pinned	4	stddev_ns	1.617022	27	1.0000	0	0		
rank	ctrl-abc-dollar	(set)	large-subject-throughput	plain	same program	pcrec_a32bc86e_vm-caps-simdna	measured	pinned	4	ratio_vs_baseline	1.025770	27	1.0000	0	0		
rank	ctrl-abc-dollar	(set)	large-subject-throughput	plain	same program	pcrec_a32bc86e_vm-caps-simdna	measured	pinned	4	ratio_vs_best	1.025770	27	1.0000	0	0		
rank	ctrl-abc-dollar	(set)	large-subject-throughput	plain	same program	pcrec_a32bc86e_vm-caps-simdna_noreqbyte-noreqrun	measured	pinned	5	median_ns	286.519240	27	1.0000	0	0		
rank	ctrl-abc-dollar	(set)	large-subject-throughput	plain	same program	pcrec_a32bc86e_vm-caps-simdna_noreqbyte-noreqrun	measured	pinned	5	min_ns	274.032612	27	1.0000	0	0		
rank	ctrl-abc-dollar	(set)	large-subject-throughput	plain	same program	pcrec_a32bc86e_vm-caps-simdna_noreqbyte-noreqrun	measured	pinned	5	max_ns	287.362993	27	1.0000	0	0		
rank	ctrl-abc-dollar	(set)	large-subject-throughput	plain	same program	pcrec_a32bc86e_vm-caps-simdna_noreqbyte-noreqrun	measured	pinned	5	stddev_ns	5.246336	27	1.0000	0	0		
rank	ctrl-abc-dollar	(set)	large-subject-throughput	plain	same program	pcrec_a32bc86e_vm-caps-simdna_noreqbyte-noreqrun	measured	pinned	5	ratio_vs_baseline	1.026575	27	1.0000	0	0		
rank	ctrl-abc-dollar	(set)	large-subject-throughput	plain	same program	pcrec_a32bc86e_vm-caps-simdna_noreqbyte-noreqrun	measured	pinned	5	ratio_vs_best	1.026575	27	1.0000	0	0		
rank	ctrl-abc-dollar	(set)	large-subject-throughput	plain	same program	pcrec_a32bc86e_vm-caps-simdna_noreqbyte-noreqrun-nolitrun	measured	pinned	6	median_ns	306.251280	27	1.0000	0	0		
rank	ctrl-abc-dollar	(set)	large-subject-throughput	plain	same program	pcrec_a32bc86e_vm-caps-simdna_noreqbyte-noreqrun-nolitrun	measured	pinned	6	min_ns	304.454160	27	1.0000	0	0		
rank	ctrl-abc-dollar	(set)	large-subject-throughput	plain	same program	pcrec_a32bc86e_vm-caps-simdna_noreqbyte-noreqrun-nolitrun	measured	pinned	6	max_ns	311.599219	27	1.0000	0	0		
rank	ctrl-abc-dollar	(set)	large-subject-throughput	plain	same program	pcrec_a32bc86e_vm-caps-simdna_noreqbyte-noreqrun-nolitrun	measured	pinned	6	stddev_ns	2.458901	27	1.0000	0	0		
rank	ctrl-abc-dollar	(set)	large-subject-throughput	plain	same program	pcrec_a32bc86e_vm-caps-simdna_noreqbyte-noreqrun-nolitrun	measured	pinned	6	ratio_vs_baseline	1.097273	27	1.0000	0	0		
rank	ctrl-abc-dollar	(set)	large-subject-throughput	plain	same program	pcrec_a32bc86e_vm-caps-simdna_noreqbyte-noreqrun-nolitrun	measured	pinned	6	ratio_vs_best	1.097273	27	1.0000	0	0		
rank	ctrl-abc-dollar	(set)	large-subject-throughput	plain	same program	pcrec_a32bc86e_auto-caps-simdna	measured	pinned	7	median_ns	407.360224	27	1.0000	0	0		
rank	ctrl-abc-dollar	(set)	large-subject-throughput	plain	same program	pcrec_a32bc86e_auto-caps-simdna	measured	pinned	7	min_ns	404.149715	27	1.0000	0	0		
rank	ctrl-abc-dollar	(set)	large-subject-throughput	plain	same program	pcrec_a32bc86e_auto-caps-simdna	measured	pinned	7	max_ns	409.946023	27	1.0000	0	0		
rank	ctrl-abc-dollar	(set)	large-subject-throughput	plain	same program	pcrec_a32bc86e_auto-caps-simdna	measured	pinned	7	stddev_ns	1.838998	27	1.0000	0	0		
rank	ctrl-abc-dollar	(set)	large-subject-throughput	plain	same program	pcrec_a32bc86e_auto-caps-simdna	measured	pinned	7	ratio_vs_baseline	1.459538	27	1.0000	0	0		
rank	ctrl-abc-dollar	(set)	large-subject-throughput	plain	same program	pcrec_a32bc86e_auto-caps-simdna	measured	pinned	7	ratio_vs_best	1.459538	27	1.0000	0	0		
rank	ctrl-abc-dollar	(set)	large-subject-throughput	plain	same program	pcrec_a32bc86e_auto-caps-simdna_noaltclsfactor-nolitrun	measured	pinned	8	median_ns	407.437568	27	1.0000	0	0		
rank	ctrl-abc-dollar	(set)	large-subject-throughput	plain	same program	pcrec_a32bc86e_auto-caps-simdna_noaltclsfactor-nolitrun	measured	pinned	8	min_ns	404.259877	27	1.0000	0	0		
rank	ctrl-abc-dollar	(set)	large-subject-throughput	plain	same program	pcrec_a32bc86e_auto-caps-simdna_noaltclsfactor-nolitrun	measured	pinned	8	max_ns	408.267249	27	1.0000	0	0		
rank	ctrl-abc-dollar	(set)	large-subject-throughput	plain	same program	pcrec_a32bc86e_auto-caps-simdna_noaltclsfactor-nolitrun	measured	pinned	8	stddev_ns	1.476802	27	1.0000	0	0		
rank	ctrl-abc-dollar	(set)	large-subject-throughput	plain	same program	pcrec_a32bc86e_auto-caps-simdna_noaltclsfactor-nolitrun	measured	pinned	8	ratio_vs_baseline	1.459815	27	1.0000	0	0		
rank	ctrl-abc-dollar	(set)	large-subject-throughput	plain	same program	pcrec_a32bc86e_auto-caps-simdna_noaltclsfactor-nolitrun	measured	pinned	8	ratio_vs_best	1.459815	27	1.0000	0	0		
rank	ctrl-abc-dollar	(set)	large-subject-throughput	plain	same program	pcrec_a32bc86e_auto-caps-simdna_nolitrun	measured	pinned	9	median_ns	407.666536	27	1.0000	0	0		
rank	ctrl-abc-dollar	(set)	large-subject-throughput	plain	same program	pcrec_a32bc86e_auto-caps-simdna_nolitrun	measured	pinned	9	min_ns	404.462406	27	1.0000	0	0		
rank	ctrl-abc-dollar	(set)	large-subject-throughput	plain	same program	pcrec_a32bc86e_auto-caps-simdna_nolitrun	measured	pinned	9	max_ns	409.364818	27	1.0000	0	0		
rank	ctrl-abc-dollar	(set)	large-subject-throughput	plain	same program	pcrec_a32bc86e_auto-caps-simdna_nolitrun	measured	pinned	9	stddev_ns	1.903834	27	1.0000	0	0		
rank	ctrl-abc-dollar	(set)	large-subject-throughput	plain	same program	pcrec_a32bc86e_auto-caps-simdna_nolitrun	measured	pinned	9	ratio_vs_baseline	1.460635	27	1.0000	0	0		
rank	ctrl-abc-dollar	(set)	large-subject-throughput	plain	same program	pcrec_a32bc86e_auto-caps-simdna_nolitrun	measured	pinned	9	ratio_vs_best	1.460635	27	1.0000	0	0		
rank	ctrl-abc-dollar	(set)	large-subject-throughput	plain	same program	pcrec_a32bc86e_auto-caps-simdna_noaltclsfactor	measured	pinned	10	median_ns	408.901740	27	1.0000	0	0		
rank	ctrl-abc-dollar	(set)	large-subject-throughput	plain	same program	pcrec_a32bc86e_auto-caps-simdna_noaltclsfactor	measured	pinned	10	min_ns	406.834768	27	1.0000	0	0		
rank	ctrl-abc-dollar	(set)	large-subject-throughput	plain	same program	pcrec_a32bc86e_auto-caps-simdna_noaltclsfactor	measured	pinned	10	max_ns	410.484418	27	1.0000	0	0		
rank	ctrl-abc-dollar	(set)	large-subject-throughput	plain	same program	pcrec_a32bc86e_auto-caps-simdna_noaltclsfactor	measured	pinned	10	stddev_ns	1.372508	27	1.0000	0	0		
rank	ctrl-abc-dollar	(set)	large-subject-throughput	plain	same program	pcrec_a32bc86e_auto-caps-simdna_noaltclsfactor	measured	pinned	10	ratio_vs_baseline	1.465061	27	1.0000	0	0		
rank	ctrl-abc-dollar	(set)	large-subject-throughput	plain	same program	pcrec_a32bc86e_auto-caps-simdna_noaltclsfactor	measured	pinned	10	ratio_vs_best	1.465061	27	1.0000	0	0		
rank	ctrl-abc-dollar	(set)	large-subject-throughput	plain	same program	libpcre2_10.46_jit-caps-simdna	measured	pinned	11	median_ns	1218418.777566	27	1.0000	0	0		
rank	ctrl-abc-dollar	(set)	large-subject-throughput	plain	same program	libpcre2_10.46_jit-caps-simdna	measured	pinned	11	min_ns	1218145.246852	27	1.0000	0	0		
rank	ctrl-abc-dollar	(set)	large-subject-throughput	plain	same program	libpcre2_10.46_jit-caps-simdna	measured	pinned	11	max_ns	1218517.484548	27	1.0000	0	0		
rank	ctrl-abc-dollar	(set)	large-subject-throughput	plain	same program	libpcre2_10.46_jit-caps-simdna	measured	pinned	11	stddev_ns	139.811868	27	1.0000	0	0		
rank	ctrl-abc-dollar	(set)	large-subject-throughput	plain	same program	libpcre2_10.46_jit-caps-simdna	measured	pinned	11	ratio_vs_baseline	4365.492746	27	1.0000	0	0		
rank	ctrl-abc-dollar	(set)	large-subject-throughput	plain	same program	libpcre2_10.46_jit-caps-simdna	measured	pinned	11	ratio_vs_best	4365.492746	27	1.0000	0	0		
baseline	ctrl-abc-dollar	(set)	match-compliance			pcrec_a32bc86e_vm-caps-simdna_noreqbyte-noreqrun				baseline_identity	row-best-fallback					pcrec_a32bc86e_vm-caps-simdna_noreqbyte-noreqrun (row-best fallback -- interp absent from this group)	
rank	ctrl-abc-dollar	(set)	match-compliance	whole-subject	separate artifact	pcrec_a32bc86e_vm-caps-simdna_noreqbyte-noreqrun	measured	pinned	1	median_ns	168.660888	27	1.0000	0	0		
rank	ctrl-abc-dollar	(set)	match-compliance	whole-subject	separate artifact	pcrec_a32bc86e_vm-caps-simdna_noreqbyte-noreqrun	measured	pinned	1	min_ns	168.615890	27	1.0000	0	0		
rank	ctrl-abc-dollar	(set)	match-compliance	whole-subject	separate artifact	pcrec_a32bc86e_vm-caps-simdna_noreqbyte-noreqrun	measured	pinned	1	max_ns	169.729850	27	1.0000	0	0		
rank	ctrl-abc-dollar	(set)	match-compliance	whole-subject	separate artifact	pcrec_a32bc86e_vm-caps-simdna_noreqbyte-noreqrun	measured	pinned	1	stddev_ns	0.436497	27	1.0000	0	0		
rank	ctrl-abc-dollar	(set)	match-compliance	whole-subject	separate artifact	pcrec_a32bc86e_vm-caps-simdna_noreqbyte-noreqrun	measured	pinned	1	ratio_vs_baseline	1.000000	27	1.0000	0	0		
rank	ctrl-abc-dollar	(set)	match-compliance	whole-subject	separate artifact	pcrec_a32bc86e_vm-caps-simdna_noreqbyte-noreqrun	measured	pinned	1	ratio_vs_best	1.000000	27	1.0000	0	0		
rank	ctrl-abc-dollar	(set)	match-compliance	whole-subject	separate artifact	pcrec_a32bc86e_vm-caps-simdna	measured	pinned	2	median_ns	169.726060	27	1.0000	0	0		
rank	ctrl-abc-dollar	(set)	match-compliance	whole-subject	separate artifact	pcrec_a32bc86e_vm-caps-simdna	measured	pinned	2	min_ns	169.212691	27	1.0000	0	0		
rank	ctrl-abc-dollar	(set)	match-compliance	whole-subject	separate artifact	pcrec_a32bc86e_vm-caps-simdna	measured	pinned	2	max_ns	176.531991	27	1.0000	0	0		
rank	ctrl-abc-dollar	(set)	match-compliance	whole-subject	separate artifact	pcrec_a32bc86e_vm-caps-simdna	measured	pinned	2	stddev_ns	2.780560	27	1.0000	0	0		
rank	ctrl-abc-dollar	(set)	match-compliance	whole-subject	separate artifact	pcrec_a32bc86e_vm-caps-simdna	measured	pinned	2	ratio_vs_baseline	1.006315	27	1.0000	0	0		
rank	ctrl-abc-dollar	(set)	match-compliance	whole-subject	separate artifact	pcrec_a32bc86e_vm-caps-simdna	measured	pinned	2	ratio_vs_best	1.006315	27	1.0000	0	0		
rank	ctrl-abc-dollar	(set)	match-compliance	whole-subject	separate artifact	pcrec_a32bc86e_vm-caps-simdna_noaltclsfactor	measured	pinned	3	median_ns	169.988410	27	1.0000	0	0		
rank	ctrl-abc-dollar	(set)	match-compliance	whole-subject	separate artifact	pcrec_a32bc86e_vm-caps-simdna_noaltclsfactor	measured	pinned	3	min_ns	169.403440	27	1.0000	0	0		
rank	ctrl-abc-dollar	(set)	match-compliance	whole-subject	separate artifact	pcrec_a32bc86e_vm-caps-simdna_noaltclsfactor	measured	pinned	3	max_ns	178.401761	27	1.0000	0	0		
rank	ctrl-abc-dollar	(set)	match-compliance	whole-subject	separate artifact	pcrec_a32bc86e_vm-caps-simdna_noaltclsfactor	measured	pinned	3	stddev_ns	3.371845	27	1.0000	0	0		
rank	ctrl-abc-dollar	(set)	match-compliance	whole-subject	separate artifact	pcrec_a32bc86e_vm-caps-simdna_noaltclsfactor	measured	pinned	3	ratio_vs_baseline	1.007871	27	1.0000	0	0		
rank	ctrl-abc-dollar	(set)	match-compliance	whole-subject	separate artifact	pcrec_a32bc86e_vm-caps-simdna_noaltclsfactor	measured	pinned	3	ratio_vs_best	1.007871	27	1.0000	0	0		
rank	ctrl-abc-dollar	(set)	match-compliance	whole-subject	separate artifact	pcrec_a32bc86e_vm-caps-simdna_noreqbyte-noreqrun-nolitrun	measured	pinned	4	median_ns	179.786365	27	1.0000	0	0		
rank	ctrl-abc-dollar	(set)	match-compliance	whole-subject	separate artifact	pcrec_a32bc86e_vm-caps-simdna_noreqbyte-noreqrun-nolitrun	measured	pinned	4	min_ns	177.746668	27	1.0000	0	0		
rank	ctrl-abc-dollar	(set)	match-compliance	whole-subject	separate artifact	pcrec_a32bc86e_vm-caps-simdna_noreqbyte-noreqrun-nolitrun	measured	pinned	4	max_ns	181.192855	27	1.0000	0	0		
rank	ctrl-abc-dollar	(set)	match-compliance	whole-subject	separate artifact	pcrec_a32bc86e_vm-caps-simdna_noreqbyte-noreqrun-nolitrun	measured	pinned	4	stddev_ns	1.320223	27	1.0000	0	0		
rank	ctrl-abc-dollar	(set)	match-compliance	whole-subject	separate artifact	pcrec_a32bc86e_vm-caps-simdna_noreqbyte-noreqrun-nolitrun	measured	pinned	4	ratio_vs_baseline	1.065964	27	1.0000	0	0		
rank	ctrl-abc-dollar	(set)	match-compliance	whole-subject	separate artifact	pcrec_a32bc86e_vm-caps-simdna_noreqbyte-noreqrun-nolitrun	measured	pinned	4	ratio_vs_best	1.065964	27	1.0000	0	0		
rank	ctrl-abc-dollar	(set)	match-compliance	whole-subject	separate artifact	pcrec_a32bc86e_vm-caps-simdna_nolitrun	measured	pinned	5	median_ns	182.489272	27	1.0000	0	0		
rank	ctrl-abc-dollar	(set)	match-compliance	whole-subject	separate artifact	pcrec_a32bc86e_vm-caps-simdna_nolitrun	measured	pinned	5	min_ns	178.241123	27	1.0000	0	0		
rank	ctrl-abc-dollar	(set)	match-compliance	whole-subject	separate artifact	pcrec_a32bc86e_vm-caps-simdna_nolitrun	measured	pinned	5	max_ns	183.941543	27	1.0000	0	0		
rank	ctrl-abc-dollar	(set)	match-compliance	whole-subject	separate artifact	pcrec_a32bc86e_vm-caps-simdna_nolitrun	measured	pinned	5	stddev_ns	2.114791	27	1.0000	0	0		
rank	ctrl-abc-dollar	(set)	match-compliance	whole-subject	separate artifact	pcrec_a32bc86e_vm-caps-simdna_nolitrun	measured	pinned	5	ratio_vs_baseline	1.081989	27	1.0000	0	0		
rank	ctrl-abc-dollar	(set)	match-compliance	whole-subject	separate artifact	pcrec_a32bc86e_vm-caps-simdna_nolitrun	measured	pinned	5	ratio_vs_best	1.081989	27	1.0000	0	0		
rank	ctrl-abc-dollar	(set)	match-compliance	whole-subject	separate artifact	pcrec_a32bc86e_vm-caps-simdna_noaltclsfactor-nolitrun	measured	pinned	6	median_ns	183.086988	27	1.0000	0	0		
rank	ctrl-abc-dollar	(set)	match-compliance	whole-subject	separate artifact	pcrec_a32bc86e_vm-caps-simdna_noaltclsfactor-nolitrun	measured	pinned	6	min_ns	178.879510	27	1.0000	0	0		
rank	ctrl-abc-dollar	(set)	match-compliance	whole-subject	separate artifact	pcrec_a32bc86e_vm-caps-simdna_noaltclsfactor-nolitrun	measured	pinned	6	max_ns	184.061899	27	1.0000	0	0		
rank	ctrl-abc-dollar	(set)	match-compliance	whole-subject	separate artifact	pcrec_a32bc86e_vm-caps-simdna_noaltclsfactor-nolitrun	measured	pinned	6	stddev_ns	1.841669	27	1.0000	0	0		
rank	ctrl-abc-dollar	(set)	match-compliance	whole-subject	separate artifact	pcrec_a32bc86e_vm-caps-simdna_noaltclsfactor-nolitrun	measured	pinned	6	ratio_vs_baseline	1.085533	27	1.0000	0	0		
rank	ctrl-abc-dollar	(set)	match-compliance	whole-subject	separate artifact	pcrec_a32bc86e_vm-caps-simdna_noaltclsfactor-nolitrun	measured	pinned	6	ratio_vs_best	1.085533	27	1.0000	0	0		
rank	ctrl-abc-dollar	(set)	match-compliance	whole-subject	separate artifact	pcrec_a32bc86e_auto-caps-simdna_noaltclsfactor-nolitrun	measured	pinned	7	median_ns	296.267037	27	1.0000	0	0		
rank	ctrl-abc-dollar	(set)	match-compliance	whole-subject	separate artifact	pcrec_a32bc86e_auto-caps-simdna_noaltclsfactor-nolitrun	measured	pinned	7	min_ns	295.575023	27	1.0000	0	0		
rank	ctrl-abc-dollar	(set)	match-compliance	whole-subject	separate artifact	pcrec_a32bc86e_auto-caps-simdna_noaltclsfactor-nolitrun	measured	pinned	7	max_ns	297.558888	27	1.0000	0	0		
rank	ctrl-abc-dollar	(set)	match-compliance	whole-subject	separate artifact	pcrec_a32bc86e_auto-caps-simdna_noaltclsfactor-nolitrun	measured	pinned	7	stddev_ns	0.683080	27	1.0000	0	0		
rank	ctrl-abc-dollar	(set)	match-compliance	whole-subject	separate artifact	pcrec_a32bc86e_auto-caps-simdna_noaltclsfactor-nolitrun	measured	pinned	7	ratio_vs_baseline	1.756584	27	1.0000	0	0		
rank	ctrl-abc-dollar	(set)	match-compliance	whole-subject	separate artifact	pcrec_a32bc86e_auto-caps-simdna_noaltclsfactor-nolitrun	measured	pinned	7	ratio_vs_best	1.756584	27	1.0000	0	0		
rank	ctrl-abc-dollar	(set)	match-compliance	whole-subject	separate artifact	pcrec_a32bc86e_auto-caps-simdna_nolitrun	measured	pinned	8	median_ns	299.062561	27	1.0000	0	0		
rank	ctrl-abc-dollar	(set)	match-compliance	whole-subject	separate artifact	pcrec_a32bc86e_auto-caps-simdna_nolitrun	measured	pinned	8	min_ns	296.161084	27	1.0000	0	0		
rank	ctrl-abc-dollar	(set)	match-compliance	whole-subject	separate artifact	pcrec_a32bc86e_auto-caps-simdna_nolitrun	measured	pinned	8	max_ns	302.703145	27	1.0000	0	0		
rank	ctrl-abc-dollar	(set)	match-compliance	whole-subject	separate artifact	pcrec_a32bc86e_auto-caps-simdna_nolitrun	measured	pinned	8	stddev_ns	2.314364	27	1.0000	0	0		
rank	ctrl-abc-dollar	(set)	match-compliance	whole-subject	separate artifact	pcrec_a32bc86e_auto-caps-simdna_nolitrun	measured	pinned	8	ratio_vs_baseline	1.773159	27	1.0000	0	0		
rank	ctrl-abc-dollar	(set)	match-compliance	whole-subject	separate artifact	pcrec_a32bc86e_auto-caps-simdna_nolitrun	measured	pinned	8	ratio_vs_best	1.773159	27	1.0000	0	0		
rank	ctrl-abc-dollar	(set)	match-compliance	whole-subject	separate artifact	pcrec_a32bc86e_auto-caps-simdna	measured	pinned	9	median_ns	299.145628	27	1.0000	0	0		
rank	ctrl-abc-dollar	(set)	match-compliance	whole-subject	separate artifact	pcrec_a32bc86e_auto-caps-simdna	measured	pinned	9	min_ns	295.591851	27	1.0000	0	0		
rank	ctrl-abc-dollar	(set)	match-compliance	whole-subject	separate artifact	pcrec_a32bc86e_auto-caps-simdna	measured	pinned	9	max_ns	318.138667	27	1.0000	0	0		
rank	ctrl-abc-dollar	(set)	match-compliance	whole-subject	separate artifact	pcrec_a32bc86e_auto-caps-simdna	measured	pinned	9	stddev_ns	7.953174	27	1.0000	0	0		
rank	ctrl-abc-dollar	(set)	match-compliance	whole-subject	separate artifact	pcrec_a32bc86e_auto-caps-simdna	measured	pinned	9	ratio_vs_baseline	1.773651	27	1.0000	0	0		
rank	ctrl-abc-dollar	(set)	match-compliance	whole-subject	separate artifact	pcrec_a32bc86e_auto-caps-simdna	measured	pinned	9	ratio_vs_best	1.773651	27	1.0000	0	0		
rank	ctrl-abc-dollar	(set)	match-compliance	whole-subject	separate artifact	pcrec_a32bc86e_auto-caps-simdna_noaltclsfactor	measured	pinned	10	median_ns	299.224697	27	1.0000	0	0		
rank	ctrl-abc-dollar	(set)	match-compliance	whole-subject	separate artifact	pcrec_a32bc86e_auto-caps-simdna_noaltclsfactor	measured	pinned	10	min_ns	298.954425	27	1.0000	0	0		
rank	ctrl-abc-dollar	(set)	match-compliance	whole-subject	separate artifact	pcrec_a32bc86e_auto-caps-simdna_noaltclsfactor	measured	pinned	10	max_ns	303.334541	27	1.0000	0	0		
rank	ctrl-abc-dollar	(set)	match-compliance	whole-subject	separate artifact	pcrec_a32bc86e_auto-caps-simdna_noaltclsfactor	measured	pinned	10	stddev_ns	1.687772	27	1.0000	0	0		
rank	ctrl-abc-dollar	(set)	match-compliance	whole-subject	separate artifact	pcrec_a32bc86e_auto-caps-simdna_noaltclsfactor	measured	pinned	10	ratio_vs_baseline	1.774120	27	1.0000	0	0		
rank	ctrl-abc-dollar	(set)	match-compliance	whole-subject	separate artifact	pcrec_a32bc86e_auto-caps-simdna_noaltclsfactor	measured	pinned	10	ratio_vs_best	1.774120	27	1.0000	0	0		
rank	ctrl-abc-dollar	(set)	match-compliance	plain	same program	libpcre2_10.46_jit-caps-simdna	measured	pinned	11	median_ns	1585.150340	27	1.0000	0	0		
rank	ctrl-abc-dollar	(set)	match-compliance	plain	same program	libpcre2_10.46_jit-caps-simdna	measured	pinned	11	min_ns	1581.688195	27	1.0000	0	0		
rank	ctrl-abc-dollar	(set)	match-compliance	plain	same program	libpcre2_10.46_jit-caps-simdna	measured	pinned	11	max_ns	1602.606830	27	1.0000	0	0		
rank	ctrl-abc-dollar	(set)	match-compliance	plain	same program	libpcre2_10.46_jit-caps-simdna	measured	pinned	11	stddev_ns	7.637752	27	1.0000	0	0		
rank	ctrl-abc-dollar	(set)	match-compliance	plain	same program	libpcre2_10.46_jit-caps-simdna	measured	pinned	11	ratio_vs_baseline	9.398447	27	1.0000	0	0		
rank	ctrl-abc-dollar	(set)	match-compliance	plain	same program	libpcre2_10.46_jit-caps-simdna	measured	pinned	11	ratio_vs_best	9.398447	27	1.0000	0	0		
baseline	ctrl-abc-dollar	(set)	short-subject-search			pcrec_a32bc86e_vm-caps-simdna_noaltclsfactor-nolitrun				baseline_identity	row-best-fallback					pcrec_a32bc86e_vm-caps-simdna_noaltclsfactor-nolitrun (row-best fallback -- interp absent from this group)	
rank	ctrl-abc-dollar	(set)	short-subject-search	plain	same program	pcrec_a32bc86e_vm-caps-simdna_noaltclsfactor-nolitrun	measured	pinned	1	median_ns	243.272212	27	1.0000	0	0		
rank	ctrl-abc-dollar	(set)	short-subject-search	plain	same program	pcrec_a32bc86e_vm-caps-simdna_noaltclsfactor-nolitrun	measured	pinned	1	min_ns	241.922934	27	1.0000	0	0		
rank	ctrl-abc-dollar	(set)	short-subject-search	plain	same program	pcrec_a32bc86e_vm-caps-simdna_noaltclsfactor-nolitrun	measured	pinned	1	max_ns	246.380167	27	1.0000	0	0		
rank	ctrl-abc-dollar	(set)	short-subject-search	plain	same program	pcrec_a32bc86e_vm-caps-simdna_noaltclsfactor-nolitrun	measured	pinned	1	stddev_ns	1.663405	27	1.0000	0	0		
rank	ctrl-abc-dollar	(set)	short-subject-search	plain	same program	pcrec_a32bc86e_vm-caps-simdna_noaltclsfactor-nolitrun	measured	pinned	1	ratio_vs_baseline	1.000000	27	1.0000	0	0		
rank	ctrl-abc-dollar	(set)	short-subject-search	plain	same program	pcrec_a32bc86e_vm-caps-simdna_noaltclsfactor-nolitrun	measured	pinned	1	ratio_vs_best	1.000000	27	1.0000	0	0		
rank	ctrl-abc-dollar	(set)	short-subject-search	plain	same program	pcrec_a32bc86e_vm-caps-simdna_nolitrun	measured	pinned	2	median_ns	245.178678	27	1.0000	0	0		
rank	ctrl-abc-dollar	(set)	short-subject-search	plain	same program	pcrec_a32bc86e_vm-caps-simdna_nolitrun	measured	pinned	2	min_ns	243.779630	27	1.0000	0	0		
rank	ctrl-abc-dollar	(set)	short-subject-search	plain	same program	pcrec_a32bc86e_vm-caps-simdna_nolitrun	measured	pinned	2	max_ns	245.953263	27	1.0000	0	0		
rank	ctrl-abc-dollar	(set)	short-subject-search	plain	same program	pcrec_a32bc86e_vm-caps-simdna_nolitrun	measured	pinned	2	stddev_ns	0.778358	27	1.0000	0	0		
rank	ctrl-abc-dollar	(set)	short-subject-search	plain	same program	pcrec_a32bc86e_vm-caps-simdna_nolitrun	measured	pinned	2	ratio_vs_baseline	1.007837	27	1.0000	0	0		
rank	ctrl-abc-dollar	(set)	short-subject-search	plain	same program	pcrec_a32bc86e_vm-caps-simdna_nolitrun	measured	pinned	2	ratio_vs_best	1.007837	27	1.0000	0	0		
rank	ctrl-abc-dollar	(set)	short-subject-search	plain	same program	pcrec_a32bc86e_vm-caps-simdna_noreqbyte-noreqrun	measured	pinned	3	median_ns	246.992590	27	1.0000	0	0		
rank	ctrl-abc-dollar	(set)	short-subject-search	plain	same program	pcrec_a32bc86e_vm-caps-simdna_noreqbyte-noreqrun	measured	pinned	3	min_ns	246.213915	27	1.0000	0	0		
rank	ctrl-abc-dollar	(set)	short-subject-search	plain	same program	pcrec_a32bc86e_vm-caps-simdna_noreqbyte-noreqrun	measured	pinned	3	max_ns	248.546745	27	1.0000	0	0		
rank	ctrl-abc-dollar	(set)	short-subject-search	plain	same program	pcrec_a32bc86e_vm-caps-simdna_noreqbyte-noreqrun	measured	pinned	3	stddev_ns	0.795638	27	1.0000	0	0		
rank	ctrl-abc-dollar	(set)	short-subject-search	plain	same program	pcrec_a32bc86e_vm-caps-simdna_noreqbyte-noreqrun	measured	pinned	3	ratio_vs_baseline	1.015293	27	1.0000	0	0		
rank	ctrl-abc-dollar	(set)	short-subject-search	plain	same program	pcrec_a32bc86e_vm-caps-simdna_noreqbyte-noreqrun	measured	pinned	3	ratio_vs_best	1.015293	27	1.0000	0	0		
rank	ctrl-abc-dollar	(set)	short-subject-search	plain	same program	pcrec_a32bc86e_vm-caps-simdna	measured	pinned	4	median_ns	249.807502	27	1.0000	0	0		
rank	ctrl-abc-dollar	(set)	short-subject-search	plain	same program	pcrec_a32bc86e_vm-caps-simdna	measured	pinned	4	min_ns	249.401145	27	1.0000	0	0		
rank	ctrl-abc-dollar	(set)	short-subject-search	plain	same program	pcrec_a32bc86e_vm-caps-simdna	measured	pinned	4	max_ns	251.044303	27	1.0000	0	0		
rank	ctrl-abc-dollar	(set)	short-subject-search	plain	same program	pcrec_a32bc86e_vm-caps-simdna	measured	pinned	4	stddev_ns	0.714837	27	1.0000	0	0		
rank	ctrl-abc-dollar	(set)	short-subject-search	plain	same program	pcrec_a32bc86e_vm-caps-simdna	measured	pinned	4	ratio_vs_baseline	1.026864	27	1.0000	0	0		
rank	ctrl-abc-dollar	(set)	short-subject-search	plain	same program	pcrec_a32bc86e_vm-caps-simdna	measured	pinned	4	ratio_vs_best	1.026864	27	1.0000	0	0		
rank	ctrl-abc-dollar	(set)	short-subject-search	plain	same program	pcrec_a32bc86e_vm-caps-simdna_noaltclsfactor	measured	pinned	5	median_ns	251.839662	27	1.0000	0	0		
rank	ctrl-abc-dollar	(set)	short-subject-search	plain	same program	pcrec_a32bc86e_vm-caps-simdna_noaltclsfactor	measured	pinned	5	min_ns	250.968404	27	1.0000	0	0		
rank	ctrl-abc-dollar	(set)	short-subject-search	plain	same program	pcrec_a32bc86e_vm-caps-simdna_noaltclsfactor	measured	pinned	5	max_ns	252.279378	27	1.0000	0	0		
rank	ctrl-abc-dollar	(set)	short-subject-search	plain	same program	pcrec_a32bc86e_vm-caps-simdna_noaltclsfactor	measured	pinned	5	stddev_ns	0.477173	27	1.0000	0	0		
rank	ctrl-abc-dollar	(set)	short-subject-search	plain	same program	pcrec_a32bc86e_vm-caps-simdna_noaltclsfactor	measured	pinned	5	ratio_vs_baseline	1.035218	27	1.0000	0	0		
rank	ctrl-abc-dollar	(set)	short-subject-search	plain	same program	pcrec_a32bc86e_vm-caps-simdna_noaltclsfactor	measured	pinned	5	ratio_vs_best	1.035218	27	1.0000	0	0		
rank	ctrl-abc-dollar	(set)	short-subject-search	plain	same program	pcrec_a32bc86e_vm-caps-simdna_noreqbyte-noreqrun-nolitrun	measured	pinned	6	median_ns	273.496413	27	1.0000	0	0		
rank	ctrl-abc-dollar	(set)	short-subject-search	plain	same program	pcrec_a32bc86e_vm-caps-simdna_noreqbyte-noreqrun-nolitrun	measured	pinned	6	min_ns	273.160367	27	1.0000	0	0		
rank	ctrl-abc-dollar	(set)	short-subject-search	plain	same program	pcrec_a32bc86e_vm-caps-simdna_noreqbyte-noreqrun-nolitrun	measured	pinned	6	max_ns	274.221471	27	1.0000	0	0		
rank	ctrl-abc-dollar	(set)	short-subject-search	plain	same program	pcrec_a32bc86e_vm-caps-simdna_noreqbyte-noreqrun-nolitrun	measured	pinned	6	stddev_ns	0.387882	27	1.0000	0	0		
rank	ctrl-abc-dollar	(set)	short-subject-search	plain	same program	pcrec_a32bc86e_vm-caps-simdna_noreqbyte-noreqrun-nolitrun	measured	pinned	6	ratio_vs_baseline	1.124240	27	1.0000	0	0		
rank	ctrl-abc-dollar	(set)	short-subject-search	plain	same program	pcrec_a32bc86e_vm-caps-simdna_noreqbyte-noreqrun-nolitrun	measured	pinned	6	ratio_vs_best	1.124240	27	1.0000	0	0		
rank	ctrl-abc-dollar	(set)	short-subject-search	plain	same program	pcrec_a32bc86e_auto-caps-simdna	measured	pinned	7	median_ns	385.521945	27	1.0000	0	0		
rank	ctrl-abc-dollar	(set)	short-subject-search	plain	same program	pcrec_a32bc86e_auto-caps-simdna	measured	pinned	7	min_ns	383.819849	27	1.0000	0	0		
rank	ctrl-abc-dollar	(set)	short-subject-search	plain	same program	pcrec_a32bc86e_auto-caps-simdna	measured	pinned	7	max_ns	395.948673	27	1.0000	0	0		
rank	ctrl-abc-dollar	(set)	short-subject-search	plain	same program	pcrec_a32bc86e_auto-caps-simdna	measured	pinned	7	stddev_ns	4.437005	27	1.0000	0	0		
rank	ctrl-abc-dollar	(set)	short-subject-search	plain	same program	pcrec_a32bc86e_auto-caps-simdna	measured	pinned	7	ratio_vs_baseline	1.584735	27	1.0000	0	0		
rank	ctrl-abc-dollar	(set)	short-subject-search	plain	same program	pcrec_a32bc86e_auto-caps-simdna	measured	pinned	7	ratio_vs_best	1.584735	27	1.0000	0	0		
rank	ctrl-abc-dollar	(set)	short-subject-search	plain	same program	pcrec_a32bc86e_auto-caps-simdna_noaltclsfactor	measured	pinned	8	median_ns	385.550492	27	1.0000	0	0		
rank	ctrl-abc-dollar	(set)	short-subject-search	plain	same program	pcrec_a32bc86e_auto-caps-simdna_noaltclsfactor	measured	pinned	8	min_ns	385.410344	27	1.0000	0	0		
rank	ctrl-abc-dollar	(set)	short-subject-search	plain	same program	pcrec_a32bc86e_auto-caps-simdna_noaltclsfactor	measured	pinned	8	max_ns	391.497000	27	1.0000	0	0		
rank	ctrl-abc-dollar	(set)	short-subject-search	plain	same program	pcrec_a32bc86e_auto-caps-simdna_noaltclsfactor	measured	pinned	8	stddev_ns	2.346784	27	1.0000	0	0		
rank	ctrl-abc-dollar	(set)	short-subject-search	plain	same program	pcrec_a32bc86e_auto-caps-simdna_noaltclsfactor	measured	pinned	8	ratio_vs_baseline	1.584852	27	1.0000	0	0		
rank	ctrl-abc-dollar	(set)	short-subject-search	plain	same program	pcrec_a32bc86e_auto-caps-simdna_noaltclsfactor	measured	pinned	8	ratio_vs_best	1.584852	27	1.0000	0	0		
rank	ctrl-abc-dollar	(set)	short-subject-search	plain	same program	pcrec_a32bc86e_auto-caps-simdna_noaltclsfactor-nolitrun	measured	pinned	9	median_ns	385.569511	27	1.0000	0	0		
rank	ctrl-abc-dollar	(set)	short-subject-search	plain	same program	pcrec_a32bc86e_auto-caps-simdna_noaltclsfactor-nolitrun	measured	pinned	9	min_ns	384.539788	27	1.0000	0	0		
rank	ctrl-abc-dollar	(set)	short-subject-search	plain	same program	pcrec_a32bc86e_auto-caps-simdna_noaltclsfactor-nolitrun	measured	pinned	9	max_ns	387.247734	27	1.0000	0	0		
rank	ctrl-abc-dollar	(set)	short-subject-search	plain	same program	pcrec_a32bc86e_auto-caps-simdna_noaltclsfactor-nolitrun	measured	pinned	9	stddev_ns	0.968543	27	1.0000	0	0		
rank	ctrl-abc-dollar	(set)	short-subject-search	plain	same program	pcrec_a32bc86e_auto-caps-simdna_noaltclsfactor-nolitrun	measured	pinned	9	ratio_vs_baseline	1.584930	27	1.0000	0	0		
rank	ctrl-abc-dollar	(set)	short-subject-search	plain	same program	pcrec_a32bc86e_auto-caps-simdna_noaltclsfactor-nolitrun	measured	pinned	9	ratio_vs_best	1.584930	27	1.0000	0	0		
rank	ctrl-abc-dollar	(set)	short-subject-search	plain	same program	pcrec_a32bc86e_auto-caps-simdna_nolitrun	measured	pinned	10	median_ns	387.132260	27	1.0000	0	0		
rank	ctrl-abc-dollar	(set)	short-subject-search	plain	same program	pcrec_a32bc86e_auto-caps-simdna_nolitrun	measured	pinned	10	min_ns	386.087183	27	1.0000	0	0		
rank	ctrl-abc-dollar	(set)	short-subject-search	plain	same program	pcrec_a32bc86e_auto-caps-simdna_nolitrun	measured	pinned	10	max_ns	389.067145	27	1.0000	0	0		
rank	ctrl-abc-dollar	(set)	short-subject-search	plain	same program	pcrec_a32bc86e_auto-caps-simdna_nolitrun	measured	pinned	10	stddev_ns	1.032535	27	1.0000	0	0		
rank	ctrl-abc-dollar	(set)	short-subject-search	plain	same program	pcrec_a32bc86e_auto-caps-simdna_nolitrun	measured	pinned	10	ratio_vs_baseline	1.591354	27	1.0000	0	0		
rank	ctrl-abc-dollar	(set)	short-subject-search	plain	same program	pcrec_a32bc86e_auto-caps-simdna_nolitrun	measured	pinned	10	ratio_vs_best	1.591354	27	1.0000	0	0		
rank	ctrl-abc-dollar	(set)	short-subject-search	plain	same program	libpcre2_10.46_jit-caps-simdna	measured	pinned	11	median_ns	1178.420562	27	1.0000	0	0		
rank	ctrl-abc-dollar	(set)	short-subject-search	plain	same program	libpcre2_10.46_jit-caps-simdna	measured	pinned	11	min_ns	1164.493133	27	1.0000	0	0		
rank	ctrl-abc-dollar	(set)	short-subject-search	plain	same program	libpcre2_10.46_jit-caps-simdna	measured	pinned	11	max_ns	1291.849951	27	1.0000	0	0		
rank	ctrl-abc-dollar	(set)	short-subject-search	plain	same program	libpcre2_10.46_jit-caps-simdna	measured	pinned	11	stddev_ns	46.088377	27	1.0000	0	0		
rank	ctrl-abc-dollar	(set)	short-subject-search	plain	same program	libpcre2_10.46_jit-caps-simdna	measured	pinned	11	ratio_vs_baseline	4.844041	27	1.0000	0	0		
rank	ctrl-abc-dollar	(set)	short-subject-search	plain	same program	libpcre2_10.46_jit-caps-simdna	measured	pinned	11	ratio_vs_best	4.844041	27	1.0000	0	0		
baseline	floor	(set)	large-subject-throughput			pcrec_a32bc86e_vm-caps-simdna_noreqbyte-noreqrun				baseline_identity	row-best-fallback					pcrec_a32bc86e_vm-caps-simdna_noreqbyte-noreqrun (row-best fallback -- interp absent from this group)	
rank	floor	(set)	large-subject-throughput	plain	same program	pcrec_a32bc86e_vm-caps-simdna_noreqbyte-noreqrun	measured	pinned	1	median_ns	1862175.431274	27	1.0000	0	0		
rank	floor	(set)	large-subject-throughput	plain	same program	pcrec_a32bc86e_vm-caps-simdna_noreqbyte-noreqrun	measured	pinned	1	min_ns	1851086.886507	27	1.0000	0	0		
rank	floor	(set)	large-subject-throughput	plain	same program	pcrec_a32bc86e_vm-caps-simdna_noreqbyte-noreqrun	measured	pinned	1	max_ns	1935963.110971	27	1.0000	0	0		
rank	floor	(set)	large-subject-throughput	plain	same program	pcrec_a32bc86e_vm-caps-simdna_noreqbyte-noreqrun	measured	pinned	1	stddev_ns	30814.312213	27	1.0000	0	0		
rank	floor	(set)	large-subject-throughput	plain	same program	pcrec_a32bc86e_vm-caps-simdna_noreqbyte-noreqrun	measured	pinned	1	ratio_vs_baseline	1.000000	27	1.0000	0	0		
rank	floor	(set)	large-subject-throughput	plain	same program	pcrec_a32bc86e_vm-caps-simdna_noreqbyte-noreqrun	measured	pinned	1	ratio_vs_best	1.000000	27	1.0000	0	0		
rank	floor	(set)	large-subject-throughput	plain	same program	pcrec_a32bc86e_vm-caps-simdna_noreqbyte-noreqrun-nolitrun	measured	pinned	2	median_ns	1884880.329957	27	1.0000	0	0		
rank	floor	(set)	large-subject-throughput	plain	same program	pcrec_a32bc86e_vm-caps-simdna_noreqbyte-noreqrun-nolitrun	measured	pinned	2	min_ns	1873428.649783	27	1.0000	0	0		
rank	floor	(set)	large-subject-throughput	plain	same program	pcrec_a32bc86e_vm-caps-simdna_noreqbyte-noreqrun-nolitrun	measured	pinned	2	max_ns	2041870.988423	27	1.0000	0	0		
rank	floor	(set)	large-subject-throughput	plain	same program	pcrec_a32bc86e_vm-caps-simdna_noreqbyte-noreqrun-nolitrun	measured	pinned	2	stddev_ns	65592.758668	27	1.0000	0	0		
rank	floor	(set)	large-subject-throughput	plain	same program	pcrec_a32bc86e_vm-caps-simdna_noreqbyte-noreqrun-nolitrun	measured	pinned	2	ratio_vs_baseline	1.012193	27	1.0000	0	0		
rank	floor	(set)	large-subject-throughput	plain	same program	pcrec_a32bc86e_vm-caps-simdna_noreqbyte-noreqrun-nolitrun	measured	pinned	2	ratio_vs_best	1.012193	27	1.0000	0	0		
rank	floor	(set)	large-subject-throughput	plain	same program	pcrec_a32bc86e_vm-caps-simdna	measured	pinned	3	median_ns	2332585.322742	27	1.0000	0	0		
rank	floor	(set)	large-subject-throughput	plain	same program	pcrec_a32bc86e_vm-caps-simdna	measured	pinned	3	min_ns	2320887.913043	27	1.0000	0	0		
rank	floor	(set)	large-subject-throughput	plain	same program	pcrec_a32bc86e_vm-caps-simdna	measured	pinned	3	max_ns	2466315.508361	27	1.0000	0	0		
rank	floor	(set)	large-subject-throughput	plain	same program	pcrec_a32bc86e_vm-caps-simdna	measured	pinned	3	stddev_ns	68155.495035	27	1.0000	0	0		
rank	floor	(set)	large-subject-throughput	plain	same program	pcrec_a32bc86e_vm-caps-simdna	measured	pinned	3	ratio_vs_baseline	1.252613	27	1.0000	0	0		
rank	floor	(set)	large-subject-throughput	plain	same program	pcrec_a32bc86e_vm-caps-simdna	measured	pinned	3	ratio_vs_best	1.252613	27	1.0000	0	0		
rank	floor	(set)	large-subject-throughput	plain	same program	pcrec_a32bc86e_vm-caps-simdna_nolitrun	measured	pinned	4	median_ns	2350591.474962	27	1.0000	0	0		
rank	floor	(set)	large-subject-throughput	plain	same program	pcrec_a32bc86e_vm-caps-simdna_nolitrun	measured	pinned	4	min_ns	2336740.889226	27	1.0000	0	0		
rank	floor	(set)	large-subject-throughput	plain	same program	pcrec_a32bc86e_vm-caps-simdna_nolitrun	measured	pinned	4	max_ns	2414157.670713	27	1.0000	0	0		
rank	floor	(set)	large-subject-throughput	plain	same program	pcrec_a32bc86e_vm-caps-simdna_nolitrun	measured	pinned	4	stddev_ns	27852.947174	27	1.0000	0	0		
rank	floor	(set)	large-subject-throughput	plain	same program	pcrec_a32bc86e_vm-caps-simdna_nolitrun	measured	pinned	4	ratio_vs_baseline	1.262283	27	1.0000	0	0		
rank	floor	(set)	large-subject-throughput	plain	same program	pcrec_a32bc86e_vm-caps-simdna_nolitrun	measured	pinned	4	ratio_vs_best	1.262283	27	1.0000	0	0		
rank	floor	(set)	large-subject-throughput	plain	same program	pcrec_a32bc86e_vm-caps-simdna_noaltclsfactor	measured	pinned	5	median_ns	2352565.598187	27	1.0000	0	0		
rank	floor	(set)	large-subject-throughput	plain	same program	pcrec_a32bc86e_vm-caps-simdna_noaltclsfactor	measured	pinned	5	min_ns	2341613.864048	27	1.0000	0	0		
rank	floor	(set)	large-subject-throughput	plain	same program	pcrec_a32bc86e_vm-caps-simdna_noaltclsfactor	measured	pinned	5	max_ns	2359358.323263	27	1.0000	0	0		
rank	floor	(set)	large-subject-throughput	plain	same program	pcrec_a32bc86e_vm-caps-simdna_noaltclsfactor	measured	pinned	5	stddev_ns	6493.686190	27	1.0000	0	0		
rank	floor	(set)	large-subject-throughput	plain	same program	pcrec_a32bc86e_vm-caps-simdna_noaltclsfactor	measured	pinned	5	ratio_vs_baseline	1.263343	27	1.0000	0	0		
rank	floor	(set)	large-subject-throughput	plain	same program	pcrec_a32bc86e_vm-caps-simdna_noaltclsfactor	measured	pinned	5	ratio_vs_best	1.263343	27	1.0000	0	0		
rank	floor	(set)	large-subject-throughput	plain	same program	pcrec_a32bc86e_vm-caps-simdna_noaltclsfactor-nolitrun	measured	pinned	6	median_ns	2354902.034380	27	1.0000	0	0		
rank	floor	(set)	large-subject-throughput	plain	same program	pcrec_a32bc86e_vm-caps-simdna_noaltclsfactor-nolitrun	measured	pinned	6	min_ns	2339367.907324	27	1.0000	0	0		
rank	floor	(set)	large-subject-throughput	plain	same program	pcrec_a32bc86e_vm-caps-simdna_noaltclsfactor-nolitrun	measured	pinned	6	max_ns	2358462.237668	27	1.0000	0	0		
rank	floor	(set)	large-subject-throughput	plain	same program	pcrec_a32bc86e_vm-caps-simdna_noaltclsfactor-nolitrun	measured	pinned	6	stddev_ns	6990.837960	27	1.0000	0	0		
rank	floor	(set)	large-subject-throughput	plain	same program	pcrec_a32bc86e_vm-caps-simdna_noaltclsfactor-nolitrun	measured	pinned	6	ratio_vs_baseline	1.264597	27	1.0000	0	0		
rank	floor	(set)	large-subject-throughput	plain	same program	pcrec_a32bc86e_vm-caps-simdna_noaltclsfactor-nolitrun	measured	pinned	6	ratio_vs_best	1.264597	27	1.0000	0	0		
rank	floor	(set)	large-subject-throughput	plain	same program	pcrec_a32bc86e_auto-caps-simdna_noaltclsfactor-nolitrun	measured	pinned	7	median_ns	3135278.003690	27	1.0000	0	0		
rank	floor	(set)	large-subject-throughput	plain	same program	pcrec_a32bc86e_auto-caps-simdna_noaltclsfactor-nolitrun	measured	pinned	7	min_ns	3134777.099631	27	1.0000	0	0		
rank	floor	(set)	large-subject-throughput	plain	same program	pcrec_a32bc86e_auto-caps-simdna_noaltclsfactor-nolitrun	measured	pinned	7	max_ns	3184245.555966	27	1.0000	0	0		
rank	floor	(set)	large-subject-throughput	plain	same program	pcrec_a32bc86e_auto-caps-simdna_noaltclsfactor-nolitrun	measured	pinned	7	stddev_ns	19623.177710	27	1.0000	0	0		
rank	floor	(set)	large-subject-throughput	plain	same program	pcrec_a32bc86e_auto-caps-simdna_noaltclsfactor-nolitrun	measured	pinned	7	ratio_vs_baseline	1.683664	27	1.0000	0	0		
rank	floor	(set)	large-subject-throughput	plain	same program	pcrec_a32bc86e_auto-caps-simdna_noaltclsfactor-nolitrun	measured	pinned	7	ratio_vs_best	1.683664	27	1.0000	0	0		
rank	floor	(set)	large-subject-throughput	plain	same program	pcrec_a32bc86e_auto-caps-simdna	measured	pinned	8	median_ns	3135363.251852	27	1.0000	0	0		
rank	floor	(set)	large-subject-throughput	plain	same program	pcrec_a32bc86e_auto-caps-simdna	measured	pinned	8	min_ns	3133667.009877	27	1.0000	0	0		
rank	floor	(set)	large-subject-throughput	plain	same program	pcrec_a32bc86e_auto-caps-simdna	measured	pinned	8	max_ns	3442068.761728	27	1.0000	0	0		
rank	floor	(set)	large-subject-throughput	plain	same program	pcrec_a32bc86e_auto-caps-simdna	measured	pinned	8	stddev_ns	122864.245162	27	1.0000	0	0		
rank	floor	(set)	large-subject-throughput	plain	same program	pcrec_a32bc86e_auto-caps-simdna	measured	pinned	8	ratio_vs_baseline	1.683710	27	1.0000	0	0		
rank	floor	(set)	large-subject-throughput	plain	same program	pcrec_a32bc86e_auto-caps-simdna	measured	pinned	8	ratio_vs_best	1.683710	27	1.0000	0	0		
rank	floor	(set)	large-subject-throughput	plain	same program	pcrec_a32bc86e_auto-caps-simdna_nolitrun	measured	pinned	9	median_ns	3135760.095941	27	1.0000	0	0		
rank	floor	(set)	large-subject-throughput	plain	same program	pcrec_a32bc86e_auto-caps-simdna_nolitrun	measured	pinned	9	min_ns	3134944.100861	27	1.0000	0	0		
rank	floor	(set)	large-subject-throughput	plain	same program	pcrec_a32bc86e_auto-caps-simdna_nolitrun	measured	pinned	9	max_ns	3139397.211562	27	1.0000	0	0		
rank	floor	(set)	large-subject-throughput	plain	same program	pcrec_a32bc86e_auto-caps-simdna_nolitrun	measured	pinned	9	stddev_ns	1636.803809	27	1.0000	0	0		
rank	floor	(set)	large-subject-throughput	plain	same program	pcrec_a32bc86e_auto-caps-simdna_nolitrun	measured	pinned	9	ratio_vs_baseline	1.683923	27	1.0000	0	0		
rank	floor	(set)	large-subject-throughput	plain	same program	pcrec_a32bc86e_auto-caps-simdna_nolitrun	measured	pinned	9	ratio_vs_best	1.683923	27	1.0000	0	0		
rank	floor	(set)	large-subject-throughput	plain	same program	pcrec_a32bc86e_auto-caps-simdna_noaltclsfactor	measured	pinned	10	median_ns	3136138.738650	27	1.0000	0	0		
rank	floor	(set)	large-subject-throughput	plain	same program	pcrec_a32bc86e_auto-caps-simdna_noaltclsfactor	measured	pinned	10	min_ns	3134579.749693	27	1.0000	0	0		
rank	floor	(set)	large-subject-throughput	plain	same program	pcrec_a32bc86e_auto-caps-simdna_noaltclsfactor	measured	pinned	10	max_ns	3139533.468712	27	1.0000	0	0		
rank	floor	(set)	large-subject-throughput	plain	same program	pcrec_a32bc86e_auto-caps-simdna_noaltclsfactor	measured	pinned	10	stddev_ns	1676.486024	27	1.0000	0	0		
rank	floor	(set)	large-subject-throughput	plain	same program	pcrec_a32bc86e_auto-caps-simdna_noaltclsfactor	measured	pinned	10	ratio_vs_baseline	1.684126	27	1.0000	0	0		
rank	floor	(set)	large-subject-throughput	plain	same program	pcrec_a32bc86e_auto-caps-simdna_noaltclsfactor	measured	pinned	10	ratio_vs_best	1.684126	27	1.0000	0	0		
rank	floor	(set)	large-subject-throughput	plain	same program	libpcre2_10.46_jit-caps-simdna	measured	pinned	11	median_ns	8697331.216828	27	1.0000	0	0		
rank	floor	(set)	large-subject-throughput	plain	same program	libpcre2_10.46_jit-caps-simdna	measured	pinned	11	min_ns	8346072.336570	27	1.0000	0	0		
rank	floor	(set)	large-subject-throughput	plain	same program	libpcre2_10.46_jit-caps-simdna	measured	pinned	11	max_ns	8739410.495146	27	1.0000	0	0		
rank	floor	(set)	large-subject-throughput	plain	same program	libpcre2_10.46_jit-caps-simdna	measured	pinned	11	stddev_ns	175948.401142	27	1.0000	0	0		
rank	floor	(set)	large-subject-throughput	plain	same program	libpcre2_10.46_jit-caps-simdna	measured	pinned	11	ratio_vs_baseline	4.670522	27	1.0000	0	0		
rank	floor	(set)	large-subject-throughput	plain	same program	libpcre2_10.46_jit-caps-simdna	measured	pinned	11	ratio_vs_best	4.670522	27	1.0000	0	0		
baseline	floor	(set)	match-compliance			pcrec_a32bc86e_vm-caps-simdna_noreqbyte-noreqrun-nolitrun				baseline_identity	row-best-fallback					pcrec_a32bc86e_vm-caps-simdna_noreqbyte-noreqrun-nolitrun (row-best fallback -- interp absent from this group)	
rank	floor	(set)	match-compliance	whole-subject	separate artifact	pcrec_a32bc86e_vm-caps-simdna_noreqbyte-noreqrun-nolitrun	measured	pinned	1	median_ns	159.426986	27	1.0000	0	0		
rank	floor	(set)	match-compliance	whole-subject	separate artifact	pcrec_a32bc86e_vm-caps-simdna_noreqbyte-noreqrun-nolitrun	measured	pinned	1	min_ns	159.401872	27	1.0000	0	0		
rank	floor	(set)	match-compliance	whole-subject	separate artifact	pcrec_a32bc86e_vm-caps-simdna_noreqbyte-noreqrun-nolitrun	measured	pinned	1	max_ns	159.460789	27	1.0000	0	0		
rank	floor	(set)	match-compliance	whole-subject	separate artifact	pcrec_a32bc86e_vm-caps-simdna_noreqbyte-noreqrun-nolitrun	measured	pinned	1	stddev_ns	0.019046	27	1.0000	0	0		
rank	floor	(set)	match-compliance	whole-subject	separate artifact	pcrec_a32bc86e_vm-caps-simdna_noreqbyte-noreqrun-nolitrun	measured	pinned	1	ratio_vs_baseline	1.000000	27	1.0000	0	0		
rank	floor	(set)	match-compliance	whole-subject	separate artifact	pcrec_a32bc86e_vm-caps-simdna_noreqbyte-noreqrun-nolitrun	measured	pinned	1	ratio_vs_best	1.000000	27	1.0000	0	0		
rank	floor	(set)	match-compliance	whole-subject	separate artifact	pcrec_a32bc86e_vm-caps-simdna_noreqbyte-noreqrun	measured	pinned	2	median_ns	159.472755	27	1.0000	0	0		
rank	floor	(set)	match-compliance	whole-subject	separate artifact	pcrec_a32bc86e_vm-caps-simdna_noreqbyte-noreqrun	measured	pinned	2	min_ns	159.449546	27	1.0000	0	0		
rank	floor	(set)	match-compliance	whole-subject	separate artifact	pcrec_a32bc86e_vm-caps-simdna_noreqbyte-noreqrun	measured	pinned	2	max_ns	159.588194	27	1.0000	0	0		
rank	floor	(set)	match-compliance	whole-subject	separate artifact	pcrec_a32bc86e_vm-caps-simdna_noreqbyte-noreqrun	measured	pinned	2	stddev_ns	0.050696	27	1.0000	0	0		
rank	floor	(set)	match-compliance	whole-subject	separate artifact	pcrec_a32bc86e_vm-caps-simdna_noreqbyte-noreqrun	measured	pinned	2	ratio_vs_baseline	1.000287	27	1.0000	0	0		
rank	floor	(set)	match-compliance	whole-subject	separate artifact	pcrec_a32bc86e_vm-caps-simdna_noreqbyte-noreqrun	measured	pinned	2	ratio_vs_best	1.000287	27	1.0000	0	0		
rank	floor	(set)	match-compliance	whole-subject	separate artifact	pcrec_a32bc86e_vm-caps-simdna_noaltclsfactor-nolitrun	measured	pinned	3	median_ns	175.407315	27	1.0000	0	0		
rank	floor	(set)	match-compliance	whole-subject	separate artifact	pcrec_a32bc86e_vm-caps-simdna_noaltclsfactor-nolitrun	measured	pinned	3	min_ns	175.387204	27	1.0000	0	0		
rank	floor	(set)	match-compliance	whole-subject	separate artifact	pcrec_a32bc86e_vm-caps-simdna_noaltclsfactor-nolitrun	measured	pinned	3	max_ns	175.679565	27	1.0000	0	0		
rank	floor	(set)	match-compliance	whole-subject	separate artifact	pcrec_a32bc86e_vm-caps-simdna_noaltclsfactor-nolitrun	measured	pinned	3	stddev_ns	0.112456	27	1.0000	0	0		
rank	floor	(set)	match-compliance	whole-subject	separate artifact	pcrec_a32bc86e_vm-caps-simdna_noaltclsfactor-nolitrun	measured	pinned	3	ratio_vs_baseline	1.100236	27	1.0000	0	0		
rank	floor	(set)	match-compliance	whole-subject	separate artifact	pcrec_a32bc86e_vm-caps-simdna_noaltclsfactor-nolitrun	measured	pinned	3	ratio_vs_best	1.100236	27	1.0000	0	0		
rank	floor	(set)	match-compliance	whole-subject	separate artifact	pcrec_a32bc86e_vm-caps-simdna_nolitrun	measured	pinned	4	median_ns	175.418011	27	1.0000	0	0		
rank	floor	(set)	match-compliance	whole-subject	separate artifact	pcrec_a32bc86e_vm-caps-simdna_nolitrun	measured	pinned	4	min_ns	175.403447	27	1.0000	0	0		
rank	floor	(set)	match-compliance	whole-subject	separate artifact	pcrec_a32bc86e_vm-caps-simdna_nolitrun	measured	pinned	4	max_ns	176.144302	27	1.0000	0	0		
rank	floor	(set)	match-compliance	whole-subject	separate artifact	pcrec_a32bc86e_vm-caps-simdna_nolitrun	measured	pinned	4	stddev_ns	0.289536	27	1.0000	0	0		
rank	floor	(set)	match-compliance	whole-subject	separate artifact	pcrec_a32bc86e_vm-caps-simdna_nolitrun	measured	pinned	4	ratio_vs_baseline	1.100303	27	1.0000	0	0		
rank	floor	(set)	match-compliance	whole-subject	separate artifact	pcrec_a32bc86e_vm-caps-simdna_nolitrun	measured	pinned	4	ratio_vs_best	1.100303	27	1.0000	0	0		
rank	floor	(set)	match-compliance	whole-subject	separate artifact	pcrec_a32bc86e_vm-caps-simdna	measured	pinned	5	median_ns	175.432216	27	1.0000	0	0		
rank	floor	(set)	match-compliance	whole-subject	separate artifact	pcrec_a32bc86e_vm-caps-simdna	measured	pinned	5	min_ns	175.386804	27	1.0000	0	0		
rank	floor	(set)	match-compliance	whole-subject	separate artifact	pcrec_a32bc86e_vm-caps-simdna	measured	pinned	5	max_ns	177.780247	27	1.0000	0	0		
rank	floor	(set)	match-compliance	whole-subject	separate artifact	pcrec_a32bc86e_vm-caps-simdna	measured	pinned	5	stddev_ns	0.934956	27	1.0000	0	0		
rank	floor	(set)	match-compliance	whole-subject	separate artifact	pcrec_a32bc86e_vm-caps-simdna	measured	pinned	5	ratio_vs_baseline	1.100392	27	1.0000	0	0		
rank	floor	(set)	match-compliance	whole-subject	separate artifact	pcrec_a32bc86e_vm-caps-simdna	measured	pinned	5	ratio_vs_best	1.100392	27	1.0000	0	0		
rank	floor	(set)	match-compliance	whole-subject	separate artifact	pcrec_a32bc86e_vm-caps-simdna_noaltclsfactor	measured	pinned	6	median_ns	175.505469	27	1.0000	0	0		
rank	floor	(set)	match-compliance	whole-subject	separate artifact	pcrec_a32bc86e_vm-caps-simdna_noaltclsfactor	measured	pinned	6	min_ns	175.397872	27	1.0000	0	0		
rank	floor	(set)	match-compliance	whole-subject	separate artifact	pcrec_a32bc86e_vm-caps-simdna_noaltclsfactor	measured	pinned	6	max_ns	175.660482	27	1.0000	0	0		
rank	floor	(set)	match-compliance	whole-subject	separate artifact	pcrec_a32bc86e_vm-caps-simdna_noaltclsfactor	measured	pinned	6	stddev_ns	0.096380	27	1.0000	0	0		
rank	floor	(set)	match-compliance	whole-subject	separate artifact	pcrec_a32bc86e_vm-caps-simdna_noaltclsfactor	measured	pinned	6	ratio_vs_baseline	1.100852	27	1.0000	0	0		
rank	floor	(set)	match-compliance	whole-subject	separate artifact	pcrec_a32bc86e_vm-caps-simdna_noaltclsfactor	measured	pinned	6	ratio_vs_best	1.100852	27	1.0000	0	0		
rank	floor	(set)	match-compliance	whole-subject	separate artifact	pcrec_a32bc86e_auto-caps-simdna_noaltclsfactor	measured	pinned	7	median_ns	272.276068	27	1.0000	0	0		
rank	floor	(set)	match-compliance	whole-subject	separate artifact	pcrec_a32bc86e_auto-caps-simdna_noaltclsfactor	measured	pinned	7	min_ns	271.757630	27	1.0000	0	0		
rank	floor	(set)	match-compliance	whole-subject	separate artifact	pcrec_a32bc86e_auto-caps-simdna_noaltclsfactor	measured	pinned	7	max_ns	275.001760	27	1.0000	0	0		
rank	floor	(set)	match-compliance	whole-subject	separate artifact	pcrec_a32bc86e_auto-caps-simdna_noaltclsfactor	measured	pinned	7	stddev_ns	1.198960	27	1.0000	0	0		
rank	floor	(set)	match-compliance	whole-subject	separate artifact	pcrec_a32bc86e_auto-caps-simdna_noaltclsfactor	measured	pinned	7	ratio_vs_baseline	1.707842	27	1.0000	0	0		
rank	floor	(set)	match-compliance	whole-subject	separate artifact	pcrec_a32bc86e_auto-caps-simdna_noaltclsfactor	measured	pinned	7	ratio_vs_best	1.707842	27	1.0000	0	0		
rank	floor	(set)	match-compliance	whole-subject	separate artifact	pcrec_a32bc86e_auto-caps-simdna	measured	pinned	8	median_ns	275.032261	27	1.0000	0	0		
rank	floor	(set)	match-compliance	whole-subject	separate artifact	pcrec_a32bc86e_auto-caps-simdna	measured	pinned	8	min_ns	272.744494	27	1.0000	0	0		
rank	floor	(set)	match-compliance	whole-subject	separate artifact	pcrec_a32bc86e_auto-caps-simdna	measured	pinned	8	max_ns	367.583927	27	1.0000	0	0		
rank	floor	(set)	match-compliance	whole-subject	separate artifact	pcrec_a32bc86e_auto-caps-simdna	measured	pinned	8	stddev_ns	37.228419	27	1.0000	0	0		
rank	floor	(set)	match-compliance	whole-subject	separate artifact	pcrec_a32bc86e_auto-caps-simdna	measured	pinned	8	ratio_vs_baseline	1.725130	27	1.0000	0	0		
rank	floor	(set)	match-compliance	whole-subject	separate artifact	pcrec_a32bc86e_auto-caps-simdna	measured	pinned	8	ratio_vs_best	1.725130	27	1.0000	0	0		
rank	floor	(set)	match-compliance	whole-subject	separate artifact	pcrec_a32bc86e_auto-caps-simdna_nolitrun	measured	pinned	9	median_ns	275.116282	27	1.0000	0	0		
rank	floor	(set)	match-compliance	whole-subject	separate artifact	pcrec_a32bc86e_auto-caps-simdna_nolitrun	measured	pinned	9	min_ns	272.569897	27	1.0000	0	0		
rank	floor	(set)	match-compliance	whole-subject	separate artifact	pcrec_a32bc86e_auto-caps-simdna_nolitrun	measured	pinned	9	max_ns	281.414250	27	1.0000	0	0		
rank	floor	(set)	match-compliance	whole-subject	separate artifact	pcrec_a32bc86e_auto-caps-simdna_nolitrun	measured	pinned	9	stddev_ns	2.945024	27	1.0000	0	0		
rank	floor	(set)	match-compliance	whole-subject	separate artifact	pcrec_a32bc86e_auto-caps-simdna_nolitrun	measured	pinned	9	ratio_vs_baseline	1.725657	27	1.0000	0	0		
rank	floor	(set)	match-compliance	whole-subject	separate artifact	pcrec_a32bc86e_auto-caps-simdna_nolitrun	measured	pinned	9	ratio_vs_best	1.725657	27	1.0000	0	0		
rank	floor	(set)	match-compliance	whole-subject	separate artifact	pcrec_a32bc86e_auto-caps-simdna_noaltclsfactor-nolitrun	measured	pinned	10	median_ns	275.266859	27	1.0000	0	0		
rank	floor	(set)	match-compliance	whole-subject	separate artifact	pcrec_a32bc86e_auto-caps-simdna_noaltclsfactor-nolitrun	measured	pinned	10	min_ns	272.637308	27	1.0000	0	0		
rank	floor	(set)	match-compliance	whole-subject	separate artifact	pcrec_a32bc86e_auto-caps-simdna_noaltclsfactor-nolitrun	measured	pinned	10	max_ns	276.756055	27	1.0000	0	0		
rank	floor	(set)	match-compliance	whole-subject	separate artifact	pcrec_a32bc86e_auto-caps-simdna_noaltclsfactor-nolitrun	measured	pinned	10	stddev_ns	1.632010	27	1.0000	0	0		
rank	floor	(set)	match-compliance	whole-subject	separate artifact	pcrec_a32bc86e_auto-caps-simdna_noaltclsfactor-nolitrun	measured	pinned	10	ratio_vs_baseline	1.726601	27	1.0000	0	0		
rank	floor	(set)	match-compliance	whole-subject	separate artifact	pcrec_a32bc86e_auto-caps-simdna_noaltclsfactor-nolitrun	measured	pinned	10	ratio_vs_best	1.726601	27	1.0000	0	0		
rank	floor	(set)	match-compliance	plain	same program	libpcre2_10.46_jit-caps-simdna	measured	pinned	11	median_ns	796.147215	27	1.0000	0	0		
rank	floor	(set)	match-compliance	plain	same program	libpcre2_10.46_jit-caps-simdna	measured	pinned	11	min_ns	794.497814	27	1.0000	0	0		
rank	floor	(set)	match-compliance	plain	same program	libpcre2_10.46_jit-caps-simdna	measured	pinned	11	max_ns	797.582019	27	1.0000	0	0		
rank	floor	(set)	match-compliance	plain	same program	libpcre2_10.46_jit-caps-simdna	measured	pinned	11	stddev_ns	1.169734	27	1.0000	0	0		
rank	floor	(set)	match-compliance	plain	same program	libpcre2_10.46_jit-caps-simdna	measured	pinned	11	ratio_vs_baseline	4.993805	27	1.0000	0	0		
rank	floor	(set)	match-compliance	plain	same program	libpcre2_10.46_jit-caps-simdna	measured	pinned	11	ratio_vs_best	4.993805	27	1.0000	0	0		
baseline	floor	(set)	short-subject-search			pcrec_a32bc86e_vm-caps-simdna				baseline_identity	row-best-fallback					pcrec_a32bc86e_vm-caps-simdna (row-best fallback -- interp absent from this group)	
rank	floor	(set)	short-subject-search	plain	same program	pcrec_a32bc86e_vm-caps-simdna	measured	pinned	1	median_ns	231.813377	27	1.0000	0	0		
rank	floor	(set)	short-subject-search	plain	same program	pcrec_a32bc86e_vm-caps-simdna	measured	pinned	1	min_ns	230.510042	27	1.0000	0	0		
rank	floor	(set)	short-subject-search	plain	same program	pcrec_a32bc86e_vm-caps-simdna	measured	pinned	1	max_ns	234.755127	27	1.0000	0	0		
rank	floor	(set)	short-subject-search	plain	same program	pcrec_a32bc86e_vm-caps-simdna	measured	pinned	1	stddev_ns	1.827207	27	1.0000	0	0		
rank	floor	(set)	short-subject-search	plain	same program	pcrec_a32bc86e_vm-caps-simdna	measured	pinned	1	ratio_vs_baseline	1.000000	27	1.0000	0	0		
rank	floor	(set)	short-subject-search	plain	same program	pcrec_a32bc86e_vm-caps-simdna	measured	pinned	1	ratio_vs_best	1.000000	27	1.0000	0	0		
rank	floor	(set)	short-subject-search	plain	same program	pcrec_a32bc86e_vm-caps-simdna_noaltclsfactor	measured	pinned	2	median_ns	231.903753	27	1.0000	0	0		
rank	floor	(set)	short-subject-search	plain	same program	pcrec_a32bc86e_vm-caps-simdna_noaltclsfactor	measured	pinned	2	min_ns	230.345577	27	1.0000	0	0		
rank	floor	(set)	short-subject-search	plain	same program	pcrec_a32bc86e_vm-caps-simdna_noaltclsfactor	measured	pinned	2	max_ns	235.367482	27	1.0000	0	0		
rank	floor	(set)	short-subject-search	plain	same program	pcrec_a32bc86e_vm-caps-simdna_noaltclsfactor	measured	pinned	2	stddev_ns	1.886352	27	1.0000	0	0		
rank	floor	(set)	short-subject-search	plain	same program	pcrec_a32bc86e_vm-caps-simdna_noaltclsfactor	measured	pinned	2	ratio_vs_baseline	1.000390	27	1.0000	0	0		
rank	floor	(set)	short-subject-search	plain	same program	pcrec_a32bc86e_vm-caps-simdna_noaltclsfactor	measured	pinned	2	ratio_vs_best	1.000390	27	1.0000	0	0		
rank	floor	(set)	short-subject-search	plain	same program	pcrec_a32bc86e_vm-caps-simdna_noaltclsfactor-nolitrun	measured	pinned	3	median_ns	233.826885	27	1.0000	0	0		
rank	floor	(set)	short-subject-search	plain	same program	pcrec_a32bc86e_vm-caps-simdna_noaltclsfactor-nolitrun	measured	pinned	3	min_ns	230.767323	27	1.0000	0	0		
rank	floor	(set)	short-subject-search	plain	same program	pcrec_a32bc86e_vm-caps-simdna_noaltclsfactor-nolitrun	measured	pinned	3	max_ns	234.232053	27	1.0000	0	0		
rank	floor	(set)	short-subject-search	plain	same program	pcrec_a32bc86e_vm-caps-simdna_noaltclsfactor-nolitrun	measured	pinned	3	stddev_ns	1.469241	27	1.0000	0	0		
rank	floor	(set)	short-subject-search	plain	same program	pcrec_a32bc86e_vm-caps-simdna_noaltclsfactor-nolitrun	measured	pinned	3	ratio_vs_baseline	1.008686	27	1.0000	0	0		
rank	floor	(set)	short-subject-search	plain	same program	pcrec_a32bc86e_vm-caps-simdna_noaltclsfactor-nolitrun	measured	pinned	3	ratio_vs_best	1.008686	27	1.0000	0	0		
rank	floor	(set)	short-subject-search	plain	same program	pcrec_a32bc86e_auto-caps-simdna_nolitrun	measured	pinned	4	median_ns	236.844122	27	1.0000	0	0		
rank	floor	(set)	short-subject-search	plain	same program	pcrec_a32bc86e_auto-caps-simdna_nolitrun	measured	pinned	4	min_ns	236.754788	27	1.0000	0	0		
rank	floor	(set)	short-subject-search	plain	same program	pcrec_a32bc86e_auto-caps-simdna_nolitrun	measured	pinned	4	max_ns	237.002409	27	1.0000	0	0		
rank	floor	(set)	short-subject-search	plain	same program	pcrec_a32bc86e_auto-caps-simdna_nolitrun	measured	pinned	4	stddev_ns	0.088036	27	1.0000	0	0		
rank	floor	(set)	short-subject-search	plain	same program	pcrec_a32bc86e_auto-caps-simdna_nolitrun	measured	pinned	4	ratio_vs_baseline	1.021702	27	1.0000	0	0		
rank	floor	(set)	short-subject-search	plain	same program	pcrec_a32bc86e_auto-caps-simdna_nolitrun	measured	pinned	4	ratio_vs_best	1.021702	27	1.0000	0	0		
rank	floor	(set)	short-subject-search	plain	same program	pcrec_a32bc86e_auto-caps-simdna_noaltclsfactor	measured	pinned	5	median_ns	236.907539	27	1.0000	0	0		
rank	floor	(set)	short-subject-search	plain	same program	pcrec_a32bc86e_auto-caps-simdna_noaltclsfactor	measured	pinned	5	min_ns	236.849212	27	1.0000	0	0		
rank	floor	(set)	short-subject-search	plain	same program	pcrec_a32bc86e_auto-caps-simdna_noaltclsfactor	measured	pinned	5	max_ns	237.260737	27	1.0000	0	0		
rank	floor	(set)	short-subject-search	plain	same program	pcrec_a32bc86e_auto-caps-simdna_noaltclsfactor	measured	pinned	5	stddev_ns	0.147745	27	1.0000	0	0		
rank	floor	(set)	short-subject-search	plain	same program	pcrec_a32bc86e_auto-caps-simdna_noaltclsfactor	measured	pinned	5	ratio_vs_baseline	1.021975	27	1.0000	0	0		
rank	floor	(set)	short-subject-search	plain	same program	pcrec_a32bc86e_auto-caps-simdna_noaltclsfactor	measured	pinned	5	ratio_vs_best	1.021975	27	1.0000	0	0		
rank	floor	(set)	short-subject-search	plain	same program	pcrec_a32bc86e_auto-caps-simdna_noaltclsfactor-nolitrun	measured	pinned	6	median_ns	237.554253	27	1.0000	0	0		
rank	floor	(set)	short-subject-search	plain	same program	pcrec_a32bc86e_auto-caps-simdna_noaltclsfactor-nolitrun	measured	pinned	6	min_ns	237.380445	27	1.0000	0	0		
rank	floor	(set)	short-subject-search	plain	same program	pcrec_a32bc86e_auto-caps-simdna_noaltclsfactor-nolitrun	measured	pinned	6	max_ns	244.309867	27	1.0000	0	0		
rank	floor	(set)	short-subject-search	plain	same program	pcrec_a32bc86e_auto-caps-simdna_noaltclsfactor-nolitrun	measured	pinned	6	stddev_ns	2.721120	27	1.0000	0	0		
rank	floor	(set)	short-subject-search	plain	same program	pcrec_a32bc86e_auto-caps-simdna_noaltclsfactor-nolitrun	measured	pinned	6	ratio_vs_baseline	1.024765	27	1.0000	0	0		
rank	floor	(set)	short-subject-search	plain	same program	pcrec_a32bc86e_auto-caps-simdna_noaltclsfactor-nolitrun	measured	pinned	6	ratio_vs_best	1.024765	27	1.0000	0	0		
rank	floor	(set)	short-subject-search	plain	same program	pcrec_a32bc86e_vm-caps-simdna_nolitrun	measured	pinned	7	median_ns	238.301371	27	1.0000	0	0		
rank	floor	(set)	short-subject-search	plain	same program	pcrec_a32bc86e_vm-caps-simdna_nolitrun	measured	pinned	7	min_ns	236.790731	27	1.0000	0	0		
rank	floor	(set)	short-subject-search	plain	same program	pcrec_a32bc86e_vm-caps-simdna_nolitrun	measured	pinned	7	max_ns	239.952781	27	1.0000	0	0		
rank	floor	(set)	short-subject-search	plain	same program	pcrec_a32bc86e_vm-caps-simdna_nolitrun	measured	pinned	7	stddev_ns	1.031478	27	1.0000	0	0		
rank	floor	(set)	short-subject-search	plain	same program	pcrec_a32bc86e_vm-caps-simdna_nolitrun	measured	pinned	7	ratio_vs_baseline	1.027988	27	1.0000	0	0		
rank	floor	(set)	short-subject-search	plain	same program	pcrec_a32bc86e_vm-caps-simdna_nolitrun	measured	pinned	7	ratio_vs_best	1.027988	27	1.0000	0	0		
rank	floor	(set)	short-subject-search	plain	same program	pcrec_a32bc86e_auto-caps-simdna	measured	pinned	8	median_ns	240.676504	27	1.0000	0	0		
rank	floor	(set)	short-subject-search	plain	same program	pcrec_a32bc86e_auto-caps-simdna	measured	pinned	8	min_ns	239.449538	27	1.0000	0	0		
rank	floor	(set)	short-subject-search	plain	same program	pcrec_a32bc86e_auto-caps-simdna	measured	pinned	8	max_ns	241.143359	27	1.0000	0	0		
rank	floor	(set)	short-subject-search	plain	same program	pcrec_a32bc86e_auto-caps-simdna	measured	pinned	8	stddev_ns	0.570417	27	1.0000	0	0		
rank	floor	(set)	short-subject-search	plain	same program	pcrec_a32bc86e_auto-caps-simdna	measured	pinned	8	ratio_vs_baseline	1.038234	27	1.0000	0	0		
rank	floor	(set)	short-subject-search	plain	same program	pcrec_a32bc86e_auto-caps-simdna	measured	pinned	8	ratio_vs_best	1.038234	27	1.0000	0	0		
rank	floor	(set)	short-subject-search	plain	same program	pcrec_a32bc86e_vm-caps-simdna_noreqbyte-noreqrun-nolitrun	measured	pinned	9	median_ns	580.302997	27	1.0000	0	0		
rank	floor	(set)	short-subject-search	plain	same program	pcrec_a32bc86e_vm-caps-simdna_noreqbyte-noreqrun-nolitrun	measured	pinned	9	min_ns	579.881804	27	1.0000	0	0		
rank	floor	(set)	short-subject-search	plain	same program	pcrec_a32bc86e_vm-caps-simdna_noreqbyte-noreqrun-nolitrun	measured	pinned	9	max_ns	581.379489	27	1.0000	0	0		
rank	floor	(set)	short-subject-search	plain	same program	pcrec_a32bc86e_vm-caps-simdna_noreqbyte-noreqrun-nolitrun	measured	pinned	9	stddev_ns	0.600896	27	1.0000	0	0		
rank	floor	(set)	short-subject-search	plain	same program	pcrec_a32bc86e_vm-caps-simdna_noreqbyte-noreqrun-nolitrun	measured	pinned	9	ratio_vs_baseline	2.503320	27	1.0000	0	0		
rank	floor	(set)	short-subject-search	plain	same program	pcrec_a32bc86e_vm-caps-simdna_noreqbyte-noreqrun-nolitrun	measured	pinned	9	ratio_vs_best	2.503320	27	1.0000	0	0		
rank	floor	(set)	short-subject-search	plain	same program	pcrec_a32bc86e_vm-caps-simdna_noreqbyte-noreqrun	measured	pinned	10	median_ns	580.383244	27	1.0000	0	0		
rank	floor	(set)	short-subject-search	plain	same program	pcrec_a32bc86e_vm-caps-simdna_noreqbyte-noreqrun	measured	pinned	10	min_ns	579.915811	27	1.0000	0	0		
rank	floor	(set)	short-subject-search	plain	same program	pcrec_a32bc86e_vm-caps-simdna_noreqbyte-noreqrun	measured	pinned	10	max_ns	581.318610	27	1.0000	0	0		
rank	floor	(set)	short-subject-search	plain	same program	pcrec_a32bc86e_vm-caps-simdna_noreqbyte-noreqrun	measured	pinned	10	stddev_ns	0.522783	27	1.0000	0	0		
rank	floor	(set)	short-subject-search	plain	same program	pcrec_a32bc86e_vm-caps-simdna_noreqbyte-noreqrun	measured	pinned	10	ratio_vs_baseline	2.503666	27	1.0000	0	0		
rank	floor	(set)	short-subject-search	plain	same program	pcrec_a32bc86e_vm-caps-simdna_noreqbyte-noreqrun	measured	pinned	10	ratio_vs_best	2.503666	27	1.0000	0	0		
rank	floor	(set)	short-subject-search	plain	same program	libpcre2_10.46_jit-caps-simdna	measured	pinned	11	median_ns	1025.725673	27	1.0000	0	0		
rank	floor	(set)	short-subject-search	plain	same program	libpcre2_10.46_jit-caps-simdna	measured	pinned	11	min_ns	1009.020318	27	1.0000	0	0		
rank	floor	(set)	short-subject-search	plain	same program	libpcre2_10.46_jit-caps-simdna	measured	pinned	11	max_ns	1069.857440	27	1.0000	0	0		
rank	floor	(set)	short-subject-search	plain	same program	libpcre2_10.46_jit-caps-simdna	measured	pinned	11	stddev_ns	26.747824	27	1.0000	0	0		
rank	floor	(set)	short-subject-search	plain	same program	libpcre2_10.46_jit-caps-simdna	measured	pinned	11	ratio_vs_baseline	4.424791	27	1.0000	0	0		
rank	floor	(set)	short-subject-search	plain	same program	libpcre2_10.46_jit-caps-simdna	measured	pinned	11	ratio_vs_best	4.424791	27	1.0000	0	0		
baseline	lit-l10	(set)	large-subject-throughput			pcrec_a32bc86e_vm-caps-simdna				baseline_identity	row-best-fallback					pcrec_a32bc86e_vm-caps-simdna (row-best fallback -- interp absent from this group)	
rank	lit-l10	(set)	large-subject-throughput	plain	same program	pcrec_a32bc86e_vm-caps-simdna	measured	pinned	1	median_ns	613419.375835	27	1.0000	0	0		
rank	lit-l10	(set)	large-subject-throughput	plain	same program	pcrec_a32bc86e_vm-caps-simdna	measured	pinned	1	min_ns	612986.177934	27	1.0000	0	0		
rank	lit-l10	(set)	large-subject-throughput	plain	same program	pcrec_a32bc86e_vm-caps-simdna	measured	pinned	1	max_ns	614931.052970	27	1.0000	0	0		
rank	lit-l10	(set)	large-subject-throughput	plain	same program	pcrec_a32bc86e_vm-caps-simdna	measured	pinned	1	stddev_ns	760.828962	27	1.0000	0	0		
rank	lit-l10	(set)	large-subject-throughput	plain	same program	pcrec_a32bc86e_vm-caps-simdna	measured	pinned	1	ratio_vs_baseline	1.000000	27	1.0000	0	0		
rank	lit-l10	(set)	large-subject-throughput	plain	same program	pcrec_a32bc86e_vm-caps-simdna	measured	pinned	1	ratio_vs_best	1.000000	27	1.0000	0	0		
rank	lit-l10	(set)	large-subject-throughput	plain	same program	pcrec_a32bc86e_vm-caps-simdna_noaltclsfactor	measured	pinned	2	median_ns	614254.072455	27	1.0000	0	0		
rank	lit-l10	(set)	large-subject-throughput	plain	same program	pcrec_a32bc86e_vm-caps-simdna_noaltclsfactor	measured	pinned	2	min_ns	612805.861869	27	1.0000	0	0		
rank	lit-l10	(set)	large-subject-throughput	plain	same program	pcrec_a32bc86e_vm-caps-simdna_noaltclsfactor	measured	pinned	2	max_ns	614742.361643	27	1.0000	0	0		
rank	lit-l10	(set)	large-subject-throughput	plain	same program	pcrec_a32bc86e_vm-caps-simdna_noaltclsfactor	measured	pinned	2	stddev_ns	677.451557	27	1.0000	0	0		
rank	lit-l10	(set)	large-subject-throughput	plain	same program	pcrec_a32bc86e_vm-caps-simdna_noaltclsfactor	measured	pinned	2	ratio_vs_baseline	1.001361	27	1.0000	0	0		
rank	lit-l10	(set)	large-subject-throughput	plain	same program	pcrec_a32bc86e_vm-caps-simdna_noaltclsfactor	measured	pinned	2	ratio_vs_best	1.001361	27	1.0000	0	0		
rank	lit-l10	(set)	large-subject-throughput	plain	same program	pcrec_a32bc86e_vm-caps-simdna_nolitrun	measured	pinned	3	median_ns	912598.324881	27	1.0000	0	0		
rank	lit-l10	(set)	large-subject-throughput	plain	same program	pcrec_a32bc86e_vm-caps-simdna_nolitrun	measured	pinned	3	min_ns	911490.900299	27	1.0000	0	0		
rank	lit-l10	(set)	large-subject-throughput	plain	same program	pcrec_a32bc86e_vm-caps-simdna_nolitrun	measured	pinned	3	max_ns	1115884.018819	27	1.0000	0	0		
rank	lit-l10	(set)	large-subject-throughput	plain	same program	pcrec_a32bc86e_vm-caps-simdna_nolitrun	measured	pinned	3	stddev_ns	81368.009428	27	1.0000	0	0		
rank	lit-l10	(set)	large-subject-throughput	plain	same program	pcrec_a32bc86e_vm-caps-simdna_nolitrun	measured	pinned	3	ratio_vs_baseline	1.487723	27	1.0000	0	0		
rank	lit-l10	(set)	large-subject-throughput	plain	same program	pcrec_a32bc86e_vm-caps-simdna_nolitrun	measured	pinned	3	ratio_vs_best	1.487723	27	1.0000	0	0		
rank	lit-l10	(set)	large-subject-throughput	plain	same program	pcrec_a32bc86e_vm-caps-simdna_noaltclsfactor-nolitrun	measured	pinned	4	median_ns	914564.991891	27	1.0000	0	0		
rank	lit-l10	(set)	large-subject-throughput	plain	same program	pcrec_a32bc86e_vm-caps-simdna_noaltclsfactor-nolitrun	measured	pinned	4	min_ns	911661.558512	27	1.0000	0	0		
rank	lit-l10	(set)	large-subject-throughput	plain	same program	pcrec_a32bc86e_vm-caps-simdna_noaltclsfactor-nolitrun	measured	pinned	4	max_ns	918627.273524	27	1.0000	0	0		
rank	lit-l10	(set)	large-subject-throughput	plain	same program	pcrec_a32bc86e_vm-caps-simdna_noaltclsfactor-nolitrun	measured	pinned	4	stddev_ns	2566.487448	27	1.0000	0	0		
rank	lit-l10	(set)	large-subject-throughput	plain	same program	pcrec_a32bc86e_vm-caps-simdna_noaltclsfactor-nolitrun	measured	pinned	4	ratio_vs_baseline	1.490929	27	1.0000	0	0		
rank	lit-l10	(set)	large-subject-throughput	plain	same program	pcrec_a32bc86e_vm-caps-simdna_noaltclsfactor-nolitrun	measured	pinned	4	ratio_vs_best	1.490929	27	1.0000	0	0		
rank	lit-l10	(set)	large-subject-throughput	plain	same program	pcrec_a32bc86e_auto-caps-simdna	measured	pinned	5	median_ns	1090771.223552	27	1.0000	0	0		
rank	lit-l10	(set)	large-subject-throughput	plain	same program	pcrec_a32bc86e_auto-caps-simdna	measured	pinned	5	min_ns	1090362.594444	27	1.0000	0	0		
rank	lit-l10	(set)	large-subject-throughput	plain	same program	pcrec_a32bc86e_auto-caps-simdna	measured	pinned	5	max_ns	1091416.431221	27	1.0000	0	0		
rank	lit-l10	(set)	large-subject-throughput	plain	same program	pcrec_a32bc86e_auto-caps-simdna	measured	pinned	5	stddev_ns	383.328884	27	1.0000	0	0		
rank	lit-l10	(set)	large-subject-throughput	plain	same program	pcrec_a32bc86e_auto-caps-simdna	measured	pinned	5	ratio_vs_baseline	1.778182	27	1.0000	0	0		
rank	lit-l10	(set)	large-subject-throughput	plain	same program	pcrec_a32bc86e_auto-caps-simdna	measured	pinned	5	ratio_vs_best	1.778182	27	1.0000	0	0		
rank	lit-l10	(set)	large-subject-throughput	plain	same program	pcrec_a32bc86e_auto-caps-simdna_noaltclsfactor	measured	pinned	6	median_ns	1091093.768834	27	1.0000	0	0		
rank	lit-l10	(set)	large-subject-throughput	plain	same program	pcrec_a32bc86e_auto-caps-simdna_noaltclsfactor	measured	pinned	6	min_ns	1090945.536780	27	1.0000	0	0		
rank	lit-l10	(set)	large-subject-throughput	plain	same program	pcrec_a32bc86e_auto-caps-simdna_noaltclsfactor	measured	pinned	6	max_ns	1091749.552369	27	1.0000	0	0		
rank	lit-l10	(set)	large-subject-throughput	plain	same program	pcrec_a32bc86e_auto-caps-simdna_noaltclsfactor	measured	pinned	6	stddev_ns	280.331092	27	1.0000	0	0		
rank	lit-l10	(set)	large-subject-throughput	plain	same program	pcrec_a32bc86e_auto-caps-simdna_noaltclsfactor	measured	pinned	6	ratio_vs_baseline	1.778708	27	1.0000	0	0		
rank	lit-l10	(set)	large-subject-throughput	plain	same program	pcrec_a32bc86e_auto-caps-simdna_noaltclsfactor	measured	pinned	6	ratio_vs_best	1.778708	27	1.0000	0	0		
rank	lit-l10	(set)	large-subject-throughput	plain	same program	pcrec_a32bc86e_auto-caps-simdna_noaltclsfactor-nolitrun	measured	pinned	7	median_ns	1091614.945454	27	1.0000	0	0		
rank	lit-l10	(set)	large-subject-throughput	plain	same program	pcrec_a32bc86e_auto-caps-simdna_noaltclsfactor-nolitrun	measured	pinned	7	min_ns	1090683.060434	27	1.0000	0	0		
rank	lit-l10	(set)	large-subject-throughput	plain	same program	pcrec_a32bc86e_auto-caps-simdna_noaltclsfactor-nolitrun	measured	pinned	7	max_ns	1092706.125923	27	1.0000	0	0		
rank	lit-l10	(set)	large-subject-throughput	plain	same program	pcrec_a32bc86e_auto-caps-simdna_noaltclsfactor-nolitrun	measured	pinned	7	stddev_ns	648.590654	27	1.0000	0	0		
rank	lit-l10	(set)	large-subject-throughput	plain	same program	pcrec_a32bc86e_auto-caps-simdna_noaltclsfactor-nolitrun	measured	pinned	7	ratio_vs_baseline	1.779557	27	1.0000	0	0		
rank	lit-l10	(set)	large-subject-throughput	plain	same program	pcrec_a32bc86e_auto-caps-simdna_noaltclsfactor-nolitrun	measured	pinned	7	ratio_vs_best	1.779557	27	1.0000	0	0		
rank	lit-l10	(set)	large-subject-throughput	plain	same program	pcrec_a32bc86e_auto-caps-simdna_nolitrun	measured	pinned	8	median_ns	1092291.533524	27	1.0000	0	0		
rank	lit-l10	(set)	large-subject-throughput	plain	same program	pcrec_a32bc86e_auto-caps-simdna_nolitrun	measured	pinned	8	min_ns	1091283.445454	27	1.0000	0	0		
rank	lit-l10	(set)	large-subject-throughput	plain	same program	pcrec_a32bc86e_auto-caps-simdna_nolitrun	measured	pinned	8	max_ns	1093383.842191	27	1.0000	0	0		
rank	lit-l10	(set)	large-subject-throughput	plain	same program	pcrec_a32bc86e_auto-caps-simdna_nolitrun	measured	pinned	8	stddev_ns	668.104924	27	1.0000	0	0		
rank	lit-l10	(set)	large-subject-throughput	plain	same program	pcrec_a32bc86e_auto-caps-simdna_nolitrun	measured	pinned	8	ratio_vs_baseline	1.780660	27	1.0000	0	0		
rank	lit-l10	(set)	large-subject-throughput	plain	same program	pcrec_a32bc86e_auto-caps-simdna_nolitrun	measured	pinned	8	ratio_vs_best	1.780660	27	1.0000	0	0		
rank	lit-l10	(set)	large-subject-throughput	plain	same program	libpcre2_10.46_jit-caps-simdna	measured	pinned	9	median_ns	1128879.946470	27	1.0000	0	0		
rank	lit-l10	(set)	large-subject-throughput	plain	same program	libpcre2_10.46_jit-caps-simdna	measured	pinned	9	min_ns	1122014.313973	27	1.0000	0	0		
rank	lit-l10	(set)	large-subject-throughput	plain	same program	libpcre2_10.46_jit-caps-simdna	measured	pinned	9	max_ns	1303151.147128	27	1.0000	0	0		
rank	lit-l10	(set)	large-subject-throughput	plain	same program	libpcre2_10.46_jit-caps-simdna	measured	pinned	9	stddev_ns	72227.745616	27	1.0000	0	0		
rank	lit-l10	(set)	large-subject-throughput	plain	same program	libpcre2_10.46_jit-caps-simdna	measured	pinned	9	ratio_vs_baseline	1.840307	27	1.0000	0	0		
rank	lit-l10	(set)	large-subject-throughput	plain	same program	libpcre2_10.46_jit-caps-simdna	measured	pinned	9	ratio_vs_best	1.840307	27	1.0000	0	0		
rank	lit-l10	(set)	large-subject-throughput	plain	same program	pcrec_a32bc86e_vm-caps-simdna_noreqbyte-noreqrun	measured	pinned	10	median_ns	1447345.569161	27	1.0000	0	0		
rank	lit-l10	(set)	large-subject-throughput	plain	same program	pcrec_a32bc86e_vm-caps-simdna_noreqbyte-noreqrun	measured	pinned	10	min_ns	1418210.484127	27	1.0000	0	0		
rank	lit-l10	(set)	large-subject-throughput	plain	same program	pcrec_a32bc86e_vm-caps-simdna_noreqbyte-noreqrun	measured	pinned	10	max_ns	1481748.724490	27	1.0000	0	0		
rank	lit-l10	(set)	large-subject-throughput	plain	same program	pcrec_a32bc86e_vm-caps-simdna_noreqbyte-noreqrun	measured	pinned	10	stddev_ns	26700.741175	27	1.0000	0	0		
rank	lit-l10	(set)	large-subject-throughput	plain	same program	pcrec_a32bc86e_vm-caps-simdna_noreqbyte-noreqrun	measured	pinned	10	ratio_vs_baseline	2.359472	27	1.0000	0	0		
rank	lit-l10	(set)	large-subject-throughput	plain	same program	pcrec_a32bc86e_vm-caps-simdna_noreqbyte-noreqrun	measured	pinned	10	ratio_vs_best	2.359472	27	1.0000	0	0		
rank	lit-l10	(set)	large-subject-throughput	plain	same program	pcrec_a32bc86e_vm-caps-simdna_noreqbyte-noreqrun-nolitrun	measured	pinned	11	median_ns	1836022.181422	27	1.0000	0	0		
rank	lit-l10	(set)	large-subject-throughput	plain	same program	pcrec_a32bc86e_vm-caps-simdna_noreqbyte-noreqrun-nolitrun	measured	pinned	11	min_ns	1744734.477504	27	1.0000	0	0		
rank	lit-l10	(set)	large-subject-throughput	plain	same program	pcrec_a32bc86e_vm-caps-simdna_noreqbyte-noreqrun-nolitrun	measured	pinned	11	max_ns	1904259.879536	27	1.0000	0	0		
rank	lit-l10	(set)	large-subject-throughput	plain	same program	pcrec_a32bc86e_vm-caps-simdna_noreqbyte-noreqrun-nolitrun	measured	pinned	11	stddev_ns	55243.891282	27	1.0000	0	0		
rank	lit-l10	(set)	large-subject-throughput	plain	same program	pcrec_a32bc86e_vm-caps-simdna_noreqbyte-noreqrun-nolitrun	measured	pinned	11	ratio_vs_baseline	2.993095	27	1.0000	0	0		
rank	lit-l10	(set)	large-subject-throughput	plain	same program	pcrec_a32bc86e_vm-caps-simdna_noreqbyte-noreqrun-nolitrun	measured	pinned	11	ratio_vs_best	2.993095	27	1.0000	0	0		
baseline	lit-l10	(set)	match-compliance			pcrec_a32bc86e_vm-caps-simdna_noreqbyte-noreqrun				baseline_identity	row-best-fallback					pcrec_a32bc86e_vm-caps-simdna_noreqbyte-noreqrun (row-best fallback -- interp absent from this group)	
rank	lit-l10	(set)	match-compliance	whole-subject	separate artifact	pcrec_a32bc86e_vm-caps-simdna_noreqbyte-noreqrun	measured	pinned	1	median_ns	172.886135	27	1.0000	0	0		
rank	lit-l10	(set)	match-compliance	whole-subject	separate artifact	pcrec_a32bc86e_vm-caps-simdna_noreqbyte-noreqrun	measured	pinned	1	min_ns	172.742868	27	1.0000	0	0		
rank	lit-l10	(set)	match-compliance	whole-subject	separate artifact	pcrec_a32bc86e_vm-caps-simdna_noreqbyte-noreqrun	measured	pinned	1	max_ns	173.453630	27	1.0000	0	0		
rank	lit-l10	(set)	match-compliance	whole-subject	separate artifact	pcrec_a32bc86e_vm-caps-simdna_noreqbyte-noreqrun	measured	pinned	1	stddev_ns	0.254986	27	1.0000	0	0		
rank	lit-l10	(set)	match-compliance	whole-subject	separate artifact	pcrec_a32bc86e_vm-caps-simdna_noreqbyte-noreqrun	measured	pinned	1	ratio_vs_baseline	1.000000	27	1.0000	0	0		
rank	lit-l10	(set)	match-compliance	whole-subject	separate artifact	pcrec_a32bc86e_vm-caps-simdna_noreqbyte-noreqrun	measured	pinned	1	ratio_vs_best	1.000000	27	1.0000	0	0		
rank	lit-l10	(set)	match-compliance	whole-subject	separate artifact	pcrec_a32bc86e_vm-caps-simdna	measured	pinned	2	median_ns	181.158085	27	1.0000	0	0		
rank	lit-l10	(set)	match-compliance	whole-subject	separate artifact	pcrec_a32bc86e_vm-caps-simdna	measured	pinned	2	min_ns	181.122397	27	1.0000	0	0		
rank	lit-l10	(set)	match-compliance	whole-subject	separate artifact	pcrec_a32bc86e_vm-caps-simdna	measured	pinned	2	max_ns	181.423012	27	1.0000	0	0		
rank	lit-l10	(set)	match-compliance	whole-subject	separate artifact	pcrec_a32bc86e_vm-caps-simdna	measured	pinned	2	stddev_ns	0.124336	27	1.0000	0	0		
rank	lit-l10	(set)	match-compliance	whole-subject	separate artifact	pcrec_a32bc86e_vm-caps-simdna	measured	pinned	2	ratio_vs_baseline	1.047846	27	1.0000	0	0		
rank	lit-l10	(set)	match-compliance	whole-subject	separate artifact	pcrec_a32bc86e_vm-caps-simdna	measured	pinned	2	ratio_vs_best	1.047846	27	1.0000	0	0		
rank	lit-l10	(set)	match-compliance	whole-subject	separate artifact	pcrec_a32bc86e_vm-caps-simdna_noaltclsfactor	measured	pinned	3	median_ns	181.180310	27	1.0000	0	0		
rank	lit-l10	(set)	match-compliance	whole-subject	separate artifact	pcrec_a32bc86e_vm-caps-simdna_noaltclsfactor	measured	pinned	3	min_ns	181.154308	27	1.0000	0	0		
rank	lit-l10	(set)	match-compliance	whole-subject	separate artifact	pcrec_a32bc86e_vm-caps-simdna_noaltclsfactor	measured	pinned	3	max_ns	181.331931	27	1.0000	0	0		
rank	lit-l10	(set)	match-compliance	whole-subject	separate artifact	pcrec_a32bc86e_vm-caps-simdna_noaltclsfactor	measured	pinned	3	stddev_ns	0.064854	27	1.0000	0	0		
rank	lit-l10	(set)	match-compliance	whole-subject	separate artifact	pcrec_a32bc86e_vm-caps-simdna_noaltclsfactor	measured	pinned	3	ratio_vs_baseline	1.047975	27	1.0000	0	0		
rank	lit-l10	(set)	match-compliance	whole-subject	separate artifact	pcrec_a32bc86e_vm-caps-simdna_noaltclsfactor	measured	pinned	3	ratio_vs_best	1.047975	27	1.0000	0	0		
rank	lit-l10	(set)	match-compliance	whole-subject	separate artifact	pcrec_a32bc86e_vm-caps-simdna_noreqbyte-noreqrun-nolitrun	measured	pinned	4	median_ns	190.984158	27	1.0000	0	0		
rank	lit-l10	(set)	match-compliance	whole-subject	separate artifact	pcrec_a32bc86e_vm-caps-simdna_noreqbyte-noreqrun-nolitrun	measured	pinned	4	min_ns	188.544345	27	1.0000	0	0		
rank	lit-l10	(set)	match-compliance	whole-subject	separate artifact	pcrec_a32bc86e_vm-caps-simdna_noreqbyte-noreqrun-nolitrun	measured	pinned	4	max_ns	193.787706	27	1.0000	0	0		
rank	lit-l10	(set)	match-compliance	whole-subject	separate artifact	pcrec_a32bc86e_vm-caps-simdna_noreqbyte-noreqrun-nolitrun	measured	pinned	4	stddev_ns	2.175459	27	1.0000	0	0		
rank	lit-l10	(set)	match-compliance	whole-subject	separate artifact	pcrec_a32bc86e_vm-caps-simdna_noreqbyte-noreqrun-nolitrun	measured	pinned	4	ratio_vs_baseline	1.104682	27	1.0000	0	0		
rank	lit-l10	(set)	match-compliance	whole-subject	separate artifact	pcrec_a32bc86e_vm-caps-simdna_noreqbyte-noreqrun-nolitrun	measured	pinned	4	ratio_vs_best	1.104682	27	1.0000	0	0		
rank	lit-l10	(set)	match-compliance	whole-subject	separate artifact	pcrec_a32bc86e_vm-caps-simdna_noaltclsfactor-nolitrun	measured	pinned	5	median_ns	194.064436	27	1.0000	0	0		
rank	lit-l10	(set)	match-compliance	whole-subject	separate artifact	pcrec_a32bc86e_vm-caps-simdna_noaltclsfactor-nolitrun	measured	pinned	5	min_ns	193.817436	27	1.0000	0	0		
rank	lit-l10	(set)	match-compliance	whole-subject	separate artifact	pcrec_a32bc86e_vm-caps-simdna_noaltclsfactor-nolitrun	measured	pinned	5	max_ns	194.378571	27	1.0000	0	0		
rank	lit-l10	(set)	match-compliance	whole-subject	separate artifact	pcrec_a32bc86e_vm-caps-simdna_noaltclsfactor-nolitrun	measured	pinned	5	stddev_ns	0.209889	27	1.0000	0	0		
rank	lit-l10	(set)	match-compliance	whole-subject	separate artifact	pcrec_a32bc86e_vm-caps-simdna_noaltclsfactor-nolitrun	measured	pinned	5	ratio_vs_baseline	1.122499	27	1.0000	0	0		
rank	lit-l10	(set)	match-compliance	whole-subject	separate artifact	pcrec_a32bc86e_vm-caps-simdna_noaltclsfactor-nolitrun	measured	pinned	5	ratio_vs_best	1.122499	27	1.0000	0	0		
rank	lit-l10	(set)	match-compliance	whole-subject	separate artifact	pcrec_a32bc86e_vm-caps-simdna_nolitrun	measured	pinned	6	median_ns	194.242311	27	1.0000	0	0		
rank	lit-l10	(set)	match-compliance	whole-subject	separate artifact	pcrec_a32bc86e_vm-caps-simdna_nolitrun	measured	pinned	6	min_ns	193.978325	27	1.0000	0	0		
rank	lit-l10	(set)	match-compliance	whole-subject	separate artifact	pcrec_a32bc86e_vm-caps-simdna_nolitrun	measured	pinned	6	max_ns	194.586945	27	1.0000	0	0		
rank	lit-l10	(set)	match-compliance	whole-subject	separate artifact	pcrec_a32bc86e_vm-caps-simdna_nolitrun	measured	pinned	6	stddev_ns	0.246616	27	1.0000	0	0		
rank	lit-l10	(set)	match-compliance	whole-subject	separate artifact	pcrec_a32bc86e_vm-caps-simdna_nolitrun	measured	pinned	6	ratio_vs_baseline	1.123527	27	1.0000	0	0		
rank	lit-l10	(set)	match-compliance	whole-subject	separate artifact	pcrec_a32bc86e_vm-caps-simdna_nolitrun	measured	pinned	6	ratio_vs_best	1.123527	27	1.0000	0	0		
rank	lit-l10	(set)	match-compliance	whole-subject	separate artifact	pcrec_a32bc86e_auto-caps-simdna_nolitrun	measured	pinned	7	median_ns	342.410816	27	1.0000	0	0		
rank	lit-l10	(set)	match-compliance	whole-subject	separate artifact	pcrec_a32bc86e_auto-caps-simdna_nolitrun	measured	pinned	7	min_ns	341.005313	27	1.0000	0	0		
rank	lit-l10	(set)	match-compliance	whole-subject	separate artifact	pcrec_a32bc86e_auto-caps-simdna_nolitrun	measured	pinned	7	max_ns	346.023301	27	1.0000	0	0		
rank	lit-l10	(set)	match-compliance	whole-subject	separate artifact	pcrec_a32bc86e_auto-caps-simdna_nolitrun	measured	pinned	7	stddev_ns	1.839152	27	1.0000	0	0		
rank	lit-l10	(set)	match-compliance	whole-subject	separate artifact	pcrec_a32bc86e_auto-caps-simdna_nolitrun	measured	pinned	7	ratio_vs_baseline	1.980557	27	1.0000	0	0		
rank	lit-l10	(set)	match-compliance	whole-subject	separate artifact	pcrec_a32bc86e_auto-caps-simdna_nolitrun	measured	pinned	7	ratio_vs_best	1.980557	27	1.0000	0	0		
rank	lit-l10	(set)	match-compliance	whole-subject	separate artifact	pcrec_a32bc86e_auto-caps-simdna_noaltclsfactor	measured	pinned	8	median_ns	342.616718	27	1.0000	0	0		
rank	lit-l10	(set)	match-compliance	whole-subject	separate artifact	pcrec_a32bc86e_auto-caps-simdna_noaltclsfactor	measured	pinned	8	min_ns	341.833403	27	1.0000	0	0		
rank	lit-l10	(set)	match-compliance	whole-subject	separate artifact	pcrec_a32bc86e_auto-caps-simdna_noaltclsfactor	measured	pinned	8	max_ns	345.266100	27	1.0000	0	0		
rank	lit-l10	(set)	match-compliance	whole-subject	separate artifact	pcrec_a32bc86e_auto-caps-simdna_noaltclsfactor	measured	pinned	8	stddev_ns	1.236929	27	1.0000	0	0		
rank	lit-l10	(set)	match-compliance	whole-subject	separate artifact	pcrec_a32bc86e_auto-caps-simdna_noaltclsfactor	measured	pinned	8	ratio_vs_baseline	1.981748	27	1.0000	0	0		
rank	lit-l10	(set)	match-compliance	whole-subject	separate artifact	pcrec_a32bc86e_auto-caps-simdna_noaltclsfactor	measured	pinned	8	ratio_vs_best	1.981748	27	1.0000	0	0		
rank	lit-l10	(set)	match-compliance	whole-subject	separate artifact	pcrec_a32bc86e_auto-caps-simdna	measured	pinned	9	median_ns	343.286975	27	1.0000	0	0		
rank	lit-l10	(set)	match-compliance	whole-subject	separate artifact	pcrec_a32bc86e_auto-caps-simdna	measured	pinned	9	min_ns	341.103371	27	1.0000	0	0		
rank	lit-l10	(set)	match-compliance	whole-subject	separate artifact	pcrec_a32bc86e_auto-caps-simdna	measured	pinned	9	max_ns	344.006866	27	1.0000	0	0		
rank	lit-l10	(set)	match-compliance	whole-subject	separate artifact	pcrec_a32bc86e_auto-caps-simdna	measured	pinned	9	stddev_ns	1.054811	27	1.0000	0	0		
rank	lit-l10	(set)	match-compliance	whole-subject	separate artifact	pcrec_a32bc86e_auto-caps-simdna	measured	pinned	9	ratio_vs_baseline	1.985625	27	1.0000	0	0		
rank	lit-l10	(set)	match-compliance	whole-subject	separate artifact	pcrec_a32bc86e_auto-caps-simdna	measured	pinned	9	ratio_vs_best	1.985625	27	1.0000	0	0		
rank	lit-l10	(set)	match-compliance	whole-subject	separate artifact	pcrec_a32bc86e_auto-caps-simdna_noaltclsfactor-nolitrun	measured	pinned	10	median_ns	344.656812	27	1.0000	0	0		
rank	lit-l10	(set)	match-compliance	whole-subject	separate artifact	pcrec_a32bc86e_auto-caps-simdna_noaltclsfactor-nolitrun	measured	pinned	10	min_ns	341.241498	27	1.0000	0	0		
rank	lit-l10	(set)	match-compliance	whole-subject	separate artifact	pcrec_a32bc86e_auto-caps-simdna_noaltclsfactor-nolitrun	measured	pinned	10	max_ns	351.878207	27	1.0000	0	0		
rank	lit-l10	(set)	match-compliance	whole-subject	separate artifact	pcrec_a32bc86e_auto-caps-simdna_noaltclsfactor-nolitrun	measured	pinned	10	stddev_ns	3.500281	27	1.0000	0	0		
rank	lit-l10	(set)	match-compliance	whole-subject	separate artifact	pcrec_a32bc86e_auto-caps-simdna_noaltclsfactor-nolitrun	measured	pinned	10	ratio_vs_baseline	1.993548	27	1.0000	0	0		
rank	lit-l10	(set)	match-compliance	whole-subject	separate artifact	pcrec_a32bc86e_auto-caps-simdna_noaltclsfactor-nolitrun	measured	pinned	10	ratio_vs_best	1.993548	27	1.0000	0	0		
rank	lit-l10	(set)	match-compliance	plain	same program	libpcre2_10.46_jit-caps-simdna	measured	pinned	11	median_ns	1160.685282	27	1.0000	0	0		
rank	lit-l10	(set)	match-compliance	plain	same program	libpcre2_10.46_jit-caps-simdna	measured	pinned	11	min_ns	1157.675960	27	1.0000	0	0		
rank	lit-l10	(set)	match-compliance	plain	same program	libpcre2_10.46_jit-caps-simdna	measured	pinned	11	max_ns	1175.740016	27	1.0000	0	0		
rank	lit-l10	(set)	match-compliance	plain	same program	libpcre2_10.46_jit-caps-simdna	measured	pinned	11	stddev_ns	6.350118	27	1.0000	0	0		
rank	lit-l10	(set)	match-compliance	plain	same program	libpcre2_10.46_jit-caps-simdna	measured	pinned	11	ratio_vs_baseline	6.713582	27	1.0000	0	0		
rank	lit-l10	(set)	match-compliance	plain	same program	libpcre2_10.46_jit-caps-simdna	measured	pinned	11	ratio_vs_best	6.713582	27	1.0000	0	0		
baseline	lit-l10	(set)	short-subject-search			pcrec_a32bc86e_vm-caps-simdna				baseline_identity	row-best-fallback					pcrec_a32bc86e_vm-caps-simdna (row-best fallback -- interp absent from this group)	
rank	lit-l10	(set)	short-subject-search	plain	same program	pcrec_a32bc86e_vm-caps-simdna	measured	pinned	1	median_ns	349.854628	27	1.0000	0	0		
rank	lit-l10	(set)	short-subject-search	plain	same program	pcrec_a32bc86e_vm-caps-simdna	measured	pinned	1	min_ns	348.737367	27	1.0000	0	0		
rank	lit-l10	(set)	short-subject-search	plain	same program	pcrec_a32bc86e_vm-caps-simdna	measured	pinned	1	max_ns	352.492498	27	1.0000	0	0		
rank	lit-l10	(set)	short-subject-search	plain	same program	pcrec_a32bc86e_vm-caps-simdna	measured	pinned	1	stddev_ns	1.305672	27	1.0000	0	0		
rank	lit-l10	(set)	short-subject-search	plain	same program	pcrec_a32bc86e_vm-caps-simdna	measured	pinned	1	ratio_vs_baseline	1.000000	27	1.0000	0	0		
rank	lit-l10	(set)	short-subject-search	plain	same program	pcrec_a32bc86e_vm-caps-simdna	measured	pinned	1	ratio_vs_best	1.000000	27	1.0000	0	0		
rank	lit-l10	(set)	short-subject-search	plain	same program	pcrec_a32bc86e_vm-caps-simdna_noaltclsfactor	measured	pinned	2	median_ns	351.242060	27	1.0000	0	0		
rank	lit-l10	(set)	short-subject-search	plain	same program	pcrec_a32bc86e_vm-caps-simdna_noaltclsfactor	measured	pinned	2	min_ns	348.571569	27	1.0000	0	0		
rank	lit-l10	(set)	short-subject-search	plain	same program	pcrec_a32bc86e_vm-caps-simdna_noaltclsfactor	measured	pinned	2	max_ns	354.819754	27	1.0000	0	0		
rank	lit-l10	(set)	short-subject-search	plain	same program	pcrec_a32bc86e_vm-caps-simdna_noaltclsfactor	measured	pinned	2	stddev_ns	2.118918	27	1.0000	0	0		
rank	lit-l10	(set)	short-subject-search	plain	same program	pcrec_a32bc86e_vm-caps-simdna_noaltclsfactor	measured	pinned	2	ratio_vs_baseline	1.003966	27	1.0000	0	0		
rank	lit-l10	(set)	short-subject-search	plain	same program	pcrec_a32bc86e_vm-caps-simdna_noaltclsfactor	measured	pinned	2	ratio_vs_best	1.003966	27	1.0000	0	0		
rank	lit-l10	(set)	short-subject-search	plain	same program	pcrec_a32bc86e_vm-caps-simdna_noreqbyte-noreqrun	measured	pinned	3	median_ns	417.668286	27	1.0000	0	0		
rank	lit-l10	(set)	short-subject-search	plain	same program	pcrec_a32bc86e_vm-caps-simdna_noreqbyte-noreqrun	measured	pinned	3	min_ns	411.746505	27	1.0000	0	0		
rank	lit-l10	(set)	short-subject-search	plain	same program	pcrec_a32bc86e_vm-caps-simdna_noreqbyte-noreqrun	measured	pinned	3	max_ns	458.398540	27	1.0000	0	0		
rank	lit-l10	(set)	short-subject-search	plain	same program	pcrec_a32bc86e_vm-caps-simdna_noreqbyte-noreqrun	measured	pinned	3	stddev_ns	17.152532	27	1.0000	0	0		
rank	lit-l10	(set)	short-subject-search	plain	same program	pcrec_a32bc86e_vm-caps-simdna_noreqbyte-noreqrun	measured	pinned	3	ratio_vs_baseline	1.193834	27	1.0000	0	0		
rank	lit-l10	(set)	short-subject-search	plain	same program	pcrec_a32bc86e_vm-caps-simdna_noreqbyte-noreqrun	measured	pinned	3	ratio_vs_best	1.193834	27	1.0000	0	0		
rank	lit-l10	(set)	short-subject-search	plain	same program	pcrec_a32bc86e_auto-caps-simdna_noaltclsfactor	measured	pinned	4	median_ns	442.690082	27	1.0000	0	0		
rank	lit-l10	(set)	short-subject-search	plain	same program	pcrec_a32bc86e_auto-caps-simdna_noaltclsfactor	measured	pinned	4	min_ns	442.213165	27	1.0000	0	0		
rank	lit-l10	(set)	short-subject-search	plain	same program	pcrec_a32bc86e_auto-caps-simdna_noaltclsfactor	measured	pinned	4	max_ns	443.630470	27	1.0000	0	0		
rank	lit-l10	(set)	short-subject-search	plain	same program	pcrec_a32bc86e_auto-caps-simdna_noaltclsfactor	measured	pinned	4	stddev_ns	0.591447	27	1.0000	0	0		
rank	lit-l10	(set)	short-subject-search	plain	same program	pcrec_a32bc86e_auto-caps-simdna_noaltclsfactor	measured	pinned	4	ratio_vs_baseline	1.265354	27	1.0000	0	0		
rank	lit-l10	(set)	short-subject-search	plain	same program	pcrec_a32bc86e_auto-caps-simdna_noaltclsfactor	measured	pinned	4	ratio_vs_best	1.265354	27	1.0000	0	0		
rank	lit-l10	(set)	short-subject-search	plain	same program	pcrec_a32bc86e_auto-caps-simdna	measured	pinned	5	median_ns	443.181618	27	1.0000	0	0		
rank	lit-l10	(set)	short-subject-search	plain	same program	pcrec_a32bc86e_auto-caps-simdna	measured	pinned	5	min_ns	442.772200	27	1.0000	0	0		
rank	lit-l10	(set)	short-subject-search	plain	same program	pcrec_a32bc86e_auto-caps-simdna	measured	pinned	5	max_ns	445.069965	27	1.0000	0	0		
rank	lit-l10	(set)	short-subject-search	plain	same program	pcrec_a32bc86e_auto-caps-simdna	measured	pinned	5	stddev_ns	0.817210	27	1.0000	0	0		
rank	lit-l10	(set)	short-subject-search	plain	same program	pcrec_a32bc86e_auto-caps-simdna	measured	pinned	5	ratio_vs_baseline	1.266759	27	1.0000	0	0		
rank	lit-l10	(set)	short-subject-search	plain	same program	pcrec_a32bc86e_auto-caps-simdna	measured	pinned	5	ratio_vs_best	1.266759	27	1.0000	0	0		
rank	lit-l10	(set)	short-subject-search	plain	same program	pcrec_a32bc86e_auto-caps-simdna_nolitrun	measured	pinned	6	median_ns	443.185333	27	1.0000	0	0		
rank	lit-l10	(set)	short-subject-search	plain	same program	pcrec_a32bc86e_auto-caps-simdna_nolitrun	measured	pinned	6	min_ns	442.912035	27	1.0000	0	0		
rank	lit-l10	(set)	short-subject-search	plain	same program	pcrec_a32bc86e_auto-caps-simdna_nolitrun	measured	pinned	6	max_ns	443.433609	27	1.0000	0	0		
rank	lit-l10	(set)	short-subject-search	plain	same program	pcrec_a32bc86e_auto-caps-simdna_nolitrun	measured	pinned	6	stddev_ns	0.170134	27	1.0000	0	0		
rank	lit-l10	(set)	short-subject-search	plain	same program	pcrec_a32bc86e_auto-caps-simdna_nolitrun	measured	pinned	6	ratio_vs_baseline	1.266770	27	1.0000	0	0		
rank	lit-l10	(set)	short-subject-search	plain	same program	pcrec_a32bc86e_auto-caps-simdna_nolitrun	measured	pinned	6	ratio_vs_best	1.266770	27	1.0000	0	0		
rank	lit-l10	(set)	short-subject-search	plain	same program	pcrec_a32bc86e_auto-caps-simdna_noaltclsfactor-nolitrun	measured	pinned	7	median_ns	443.828244	27	1.0000	0	0		
rank	lit-l10	(set)	short-subject-search	plain	same program	pcrec_a32bc86e_auto-caps-simdna_noaltclsfactor-nolitrun	measured	pinned	7	min_ns	443.726004	27	1.0000	0	0		
rank	lit-l10	(set)	short-subject-search	plain	same program	pcrec_a32bc86e_auto-caps-simdna_noaltclsfactor-nolitrun	measured	pinned	7	max_ns	479.983806	27	1.0000	0	0		
rank	lit-l10	(set)	short-subject-search	plain	same program	pcrec_a32bc86e_auto-caps-simdna_noaltclsfactor-nolitrun	measured	pinned	7	stddev_ns	14.478007	27	1.0000	0	0		
rank	lit-l10	(set)	short-subject-search	plain	same program	pcrec_a32bc86e_auto-caps-simdna_noaltclsfactor-nolitrun	measured	pinned	7	ratio_vs_baseline	1.268608	27	1.0000	0	0		
rank	lit-l10	(set)	short-subject-search	plain	same program	pcrec_a32bc86e_auto-caps-simdna_noaltclsfactor-nolitrun	measured	pinned	7	ratio_vs_best	1.268608	27	1.0000	0	0		
rank	lit-l10	(set)	short-subject-search	plain	same program	pcrec_a32bc86e_vm-caps-simdna_noaltclsfactor-nolitrun	measured	pinned	8	median_ns	490.423483	27	1.0000	0	0		
rank	lit-l10	(set)	short-subject-search	plain	same program	pcrec_a32bc86e_vm-caps-simdna_noaltclsfactor-nolitrun	measured	pinned	8	min_ns	487.228454	27	1.0000	0	0		
rank	lit-l10	(set)	short-subject-search	plain	same program	pcrec_a32bc86e_vm-caps-simdna_noaltclsfactor-nolitrun	measured	pinned	8	max_ns	495.760124	27	1.0000	0	0		
rank	lit-l10	(set)	short-subject-search	plain	same program	pcrec_a32bc86e_vm-caps-simdna_noaltclsfactor-nolitrun	measured	pinned	8	stddev_ns	3.073829	27	1.0000	0	0		
rank	lit-l10	(set)	short-subject-search	plain	same program	pcrec_a32bc86e_vm-caps-simdna_noaltclsfactor-nolitrun	measured	pinned	8	ratio_vs_baseline	1.401792	27	1.0000	0	0		
rank	lit-l10	(set)	short-subject-search	plain	same program	pcrec_a32bc86e_vm-caps-simdna_noaltclsfactor-nolitrun	measured	pinned	8	ratio_vs_best	1.401792	27	1.0000	0	0		
rank	lit-l10	(set)	short-subject-search	plain	same program	pcrec_a32bc86e_vm-caps-simdna_nolitrun	measured	pinned	9	median_ns	491.990173	27	1.0000	0	0		
rank	lit-l10	(set)	short-subject-search	plain	same program	pcrec_a32bc86e_vm-caps-simdna_nolitrun	measured	pinned	9	min_ns	487.195947	27	1.0000	0	0		
rank	lit-l10	(set)	short-subject-search	plain	same program	pcrec_a32bc86e_vm-caps-simdna_nolitrun	measured	pinned	9	max_ns	493.757867	27	1.0000	0	0		
rank	lit-l10	(set)	short-subject-search	plain	same program	pcrec_a32bc86e_vm-caps-simdna_nolitrun	measured	pinned	9	stddev_ns	2.524051	27	1.0000	0	0		
rank	lit-l10	(set)	short-subject-search	plain	same program	pcrec_a32bc86e_vm-caps-simdna_nolitrun	measured	pinned	9	ratio_vs_baseline	1.406270	27	1.0000	0	0		
rank	lit-l10	(set)	short-subject-search	plain	same program	pcrec_a32bc86e_vm-caps-simdna_nolitrun	measured	pinned	9	ratio_vs_best	1.406270	27	1.0000	0	0		
rank	lit-l10	(set)	short-subject-search	plain	same program	pcrec_a32bc86e_vm-caps-simdna_noreqbyte-noreqrun-nolitrun	measured	pinned	10	median_ns	521.720096	27	1.0000	0	0		
rank	lit-l10	(set)	short-subject-search	plain	same program	pcrec_a32bc86e_vm-caps-simdna_noreqbyte-noreqrun-nolitrun	measured	pinned	10	min_ns	517.286205	27	1.0000	0	0		
rank	lit-l10	(set)	short-subject-search	plain	same program	pcrec_a32bc86e_vm-caps-simdna_noreqbyte-noreqrun-nolitrun	measured	pinned	10	max_ns	535.784428	27	1.0000	0	0		
rank	lit-l10	(set)	short-subject-search	plain	same program	pcrec_a32bc86e_vm-caps-simdna_noreqbyte-noreqrun-nolitrun	measured	pinned	10	stddev_ns	6.497642	27	1.0000	0	0		
rank	lit-l10	(set)	short-subject-search	plain	same program	pcrec_a32bc86e_vm-caps-simdna_noreqbyte-noreqrun-nolitrun	measured	pinned	10	ratio_vs_baseline	1.491248	27	1.0000	0	0		
rank	lit-l10	(set)	short-subject-search	plain	same program	pcrec_a32bc86e_vm-caps-simdna_noreqbyte-noreqrun-nolitrun	measured	pinned	10	ratio_vs_best	1.491248	27	1.0000	0	0		
rank	lit-l10	(set)	short-subject-search	plain	same program	libpcre2_10.46_jit-caps-simdna	measured	pinned	11	median_ns	1254.690521	27	1.0000	0	0		
rank	lit-l10	(set)	short-subject-search	plain	same program	libpcre2_10.46_jit-caps-simdna	measured	pinned	11	min_ns	1088.479929	27	1.0000	0	0		
rank	lit-l10	(set)	short-subject-search	plain	same program	libpcre2_10.46_jit-caps-simdna	measured	pinned	11	max_ns	1503.389118	27	1.0000	0	0		
rank	lit-l10	(set)	short-subject-search	plain	same program	libpcre2_10.46_jit-caps-simdna	measured	pinned	11	stddev_ns	151.513448	27	1.0000	0	0		
rank	lit-l10	(set)	short-subject-search	plain	same program	libpcre2_10.46_jit-caps-simdna	measured	pinned	11	ratio_vs_baseline	3.586320	27	1.0000	0	0		
rank	lit-l10	(set)	short-subject-search	plain	same program	libpcre2_10.46_jit-caps-simdna	measured	pinned	11	ratio_vs_best	3.586320	27	1.0000	0	0		
baseline	lit-l16	(set)	large-subject-throughput			pcrec_a32bc86e_vm-caps-simdna				baseline_identity	row-best-fallback					pcrec_a32bc86e_vm-caps-simdna (row-best fallback -- interp absent from this group)	
rank	lit-l16	(set)	large-subject-throughput	plain	same program	pcrec_a32bc86e_vm-caps-simdna	measured	pinned	1	median_ns	465334.626732	27	1.0000	0	0		
rank	lit-l16	(set)	large-subject-throughput	plain	same program	pcrec_a32bc86e_vm-caps-simdna	measured	pinned	1	min_ns	465315.470777	27	1.0000	0	0		
rank	lit-l16	(set)	large-subject-throughput	plain	same program	pcrec_a32bc86e_vm-caps-simdna	measured	pinned	1	max_ns	465594.176297	27	1.0000	0	0		
rank	lit-l16	(set)	large-subject-throughput	plain	same program	pcrec_a32bc86e_vm-caps-simdna	measured	pinned	1	stddev_ns	107.454673	27	1.0000	0	0		
rank	lit-l16	(set)	large-subject-throughput	plain	same program	pcrec_a32bc86e_vm-caps-simdna	measured	pinned	1	ratio_vs_baseline	1.000000	27	1.0000	0	0		
rank	lit-l16	(set)	large-subject-throughput	plain	same program	pcrec_a32bc86e_vm-caps-simdna	measured	pinned	1	ratio_vs_best	1.000000	27	1.0000	0	0		
rank	lit-l16	(set)	large-subject-throughput	plain	same program	pcrec_a32bc86e_vm-caps-simdna_noaltclsfactor	measured	pinned	2	median_ns	466760.251278	27	1.0000	0	0		
rank	lit-l16	(set)	large-subject-throughput	plain	same program	pcrec_a32bc86e_vm-caps-simdna_noaltclsfactor	measured	pinned	2	min_ns	465718.253459	27	1.0000	0	0		
rank	lit-l16	(set)	large-subject-throughput	plain	same program	pcrec_a32bc86e_vm-caps-simdna_noaltclsfactor	measured	pinned	2	max_ns	467100.979696	27	1.0000	0	0		
rank	lit-l16	(set)	large-subject-throughput	plain	same program	pcrec_a32bc86e_vm-caps-simdna_noaltclsfactor	measured	pinned	2	stddev_ns	555.452803	27	1.0000	0	0		
rank	lit-l16	(set)	large-subject-throughput	plain	same program	pcrec_a32bc86e_vm-caps-simdna_noaltclsfactor	measured	pinned	2	ratio_vs_baseline	1.003064	27	1.0000	0	0		
rank	lit-l16	(set)	large-subject-throughput	plain	same program	pcrec_a32bc86e_vm-caps-simdna_noaltclsfactor	measured	pinned	2	ratio_vs_best	1.003064	27	1.0000	0	0		
rank	lit-l16	(set)	large-subject-throughput	plain	same program	libpcre2_10.46_jit-caps-simdna	measured	pinned	3	median_ns	580786.320916	27	1.0000	0	0		
rank	lit-l16	(set)	large-subject-throughput	plain	same program	libpcre2_10.46_jit-caps-simdna	measured	pinned	3	min_ns	570637.645613	27	1.0000	0	0		
rank	lit-l16	(set)	large-subject-throughput	plain	same program	libpcre2_10.46_jit-caps-simdna	measured	pinned	3	max_ns	595508.315690	27	1.0000	0	0		
rank	lit-l16	(set)	large-subject-throughput	plain	same program	libpcre2_10.46_jit-caps-simdna	measured	pinned	3	stddev_ns	9465.479256	27	1.0000	0	0		
rank	lit-l16	(set)	large-subject-throughput	plain	same program	libpcre2_10.46_jit-caps-simdna	measured	pinned	3	ratio_vs_baseline	1.248105	27	1.0000	0	0		
rank	lit-l16	(set)	large-subject-throughput	plain	same program	libpcre2_10.46_jit-caps-simdna	measured	pinned	3	ratio_vs_best	1.248105	27	1.0000	0	0		
rank	lit-l16	(set)	large-subject-throughput	plain	same program	pcrec_a32bc86e_vm-caps-simdna_nolitrun	measured	pinned	4	median_ns	614527.628400	27	1.0000	0	0		
rank	lit-l16	(set)	large-subject-throughput	plain	same program	pcrec_a32bc86e_vm-caps-simdna_nolitrun	measured	pinned	4	min_ns	614475.019126	27	1.0000	0	0		
rank	lit-l16	(set)	large-subject-throughput	plain	same program	pcrec_a32bc86e_vm-caps-simdna_nolitrun	measured	pinned	4	max_ns	615803.851377	27	1.0000	0	0		
rank	lit-l16	(set)	large-subject-throughput	plain	same program	pcrec_a32bc86e_vm-caps-simdna_nolitrun	measured	pinned	4	stddev_ns	510.094867	27	1.0000	0	0		
rank	lit-l16	(set)	large-subject-throughput	plain	same program	pcrec_a32bc86e_vm-caps-simdna_nolitrun	measured	pinned	4	ratio_vs_baseline	1.320614	27	1.0000	0	0		
rank	lit-l16	(set)	large-subject-throughput	plain	same program	pcrec_a32bc86e_vm-caps-simdna_nolitrun	measured	pinned	4	ratio_vs_best	1.320614	27	1.0000	0	0		
rank	lit-l16	(set)	large-subject-throughput	plain	same program	pcrec_a32bc86e_vm-caps-simdna_noaltclsfactor-nolitrun	measured	pinned	5	median_ns	614920.873651	27	1.0000	0	0		
rank	lit-l16	(set)	large-subject-throughput	plain	same program	pcrec_a32bc86e_vm-caps-simdna_noaltclsfactor-nolitrun	measured	pinned	5	min_ns	614789.485193	27	1.0000	0	0		
rank	lit-l16	(set)	large-subject-throughput	plain	same program	pcrec_a32bc86e_vm-caps-simdna_noaltclsfactor-nolitrun	measured	pinned	5	max_ns	615061.979797	27	1.0000	0	0		
rank	lit-l16	(set)	large-subject-throughput	plain	same program	pcrec_a32bc86e_vm-caps-simdna_noaltclsfactor-nolitrun	measured	pinned	5	stddev_ns	99.438719	27	1.0000	0	0		
rank	lit-l16	(set)	large-subject-throughput	plain	same program	pcrec_a32bc86e_vm-caps-simdna_noaltclsfactor-nolitrun	measured	pinned	5	ratio_vs_baseline	1.321460	27	1.0000	0	0		
rank	lit-l16	(set)	large-subject-throughput	plain	same program	pcrec_a32bc86e_vm-caps-simdna_noaltclsfactor-nolitrun	measured	pinned	5	ratio_vs_best	1.321460	27	1.0000	0	0		
rank	lit-l16	(set)	large-subject-throughput	plain	same program	pcrec_a32bc86e_auto-caps-simdna	measured	pinned	6	median_ns	1013059.266563	27	1.0000	0	0		
rank	lit-l16	(set)	large-subject-throughput	plain	same program	pcrec_a32bc86e_auto-caps-simdna	measured	pinned	6	min_ns	1012447.090111	27	1.0000	0	0		
rank	lit-l16	(set)	large-subject-throughput	plain	same program	pcrec_a32bc86e_auto-caps-simdna	measured	pinned	6	max_ns	1013562.904622	27	1.0000	0	0		
rank	lit-l16	(set)	large-subject-throughput	plain	same program	pcrec_a32bc86e_auto-caps-simdna	measured	pinned	6	stddev_ns	401.612385	27	1.0000	0	0		
rank	lit-l16	(set)	large-subject-throughput	plain	same program	pcrec_a32bc86e_auto-caps-simdna	measured	pinned	6	ratio_vs_baseline	2.177055	27	1.0000	0	0		
rank	lit-l16	(set)	large-subject-throughput	plain	same program	pcrec_a32bc86e_auto-caps-simdna	measured	pinned	6	ratio_vs_best	2.177055	27	1.0000	0	0		
rank	lit-l16	(set)	large-subject-throughput	plain	same program	pcrec_a32bc86e_auto-caps-simdna_noaltclsfactor	measured	pinned	7	median_ns	1013580.146784	27	1.0000	0	0		
rank	lit-l16	(set)	large-subject-throughput	plain	same program	pcrec_a32bc86e_auto-caps-simdna_noaltclsfactor	measured	pinned	7	min_ns	1012447.413641	27	1.0000	0	0		
rank	lit-l16	(set)	large-subject-throughput	plain	same program	pcrec_a32bc86e_auto-caps-simdna_noaltclsfactor	measured	pinned	7	max_ns	1014000.926504	27	1.0000	0	0		
rank	lit-l16	(set)	large-subject-throughput	plain	same program	pcrec_a32bc86e_auto-caps-simdna_noaltclsfactor	measured	pinned	7	stddev_ns	546.074363	27	1.0000	0	0		
rank	lit-l16	(set)	large-subject-throughput	plain	same program	pcrec_a32bc86e_auto-caps-simdna_noaltclsfactor	measured	pinned	7	ratio_vs_baseline	2.178175	27	1.0000	0	0		
rank	lit-l16	(set)	large-subject-throughput	plain	same program	pcrec_a32bc86e_auto-caps-simdna_noaltclsfactor	measured	pinned	7	ratio_vs_best	2.178175	27	1.0000	0	0		
rank	lit-l16	(set)	large-subject-throughput	plain	same program	pcrec_a32bc86e_auto-caps-simdna_nolitrun	measured	pinned	8	median_ns	1013596.461849	27	1.0000	0	0		
rank	lit-l16	(set)	large-subject-throughput	plain	same program	pcrec_a32bc86e_auto-caps-simdna_nolitrun	measured	pinned	8	min_ns	1012614.548594	27	1.0000	0	0		
rank	lit-l16	(set)	large-subject-throughput	plain	same program	pcrec_a32bc86e_auto-caps-simdna_nolitrun	measured	pinned	8	max_ns	1013656.669930	27	1.0000	0	0		
rank	lit-l16	(set)	large-subject-throughput	plain	same program	pcrec_a32bc86e_auto-caps-simdna_nolitrun	measured	pinned	8	stddev_ns	399.216141	27	1.0000	0	0		
rank	lit-l16	(set)	large-subject-throughput	plain	same program	pcrec_a32bc86e_auto-caps-simdna_nolitrun	measured	pinned	8	ratio_vs_baseline	2.178210	27	1.0000	0	0		
rank	lit-l16	(set)	large-subject-throughput	plain	same program	pcrec_a32bc86e_auto-caps-simdna_nolitrun	measured	pinned	8	ratio_vs_best	2.178210	27	1.0000	0	0		
rank	lit-l16	(set)	large-subject-throughput	plain	same program	pcrec_a32bc86e_auto-caps-simdna_noaltclsfactor-nolitrun	measured	pinned	9	median_ns	1014053.953887	27	1.0000	0	0		
rank	lit-l16	(set)	large-subject-throughput	plain	same program	pcrec_a32bc86e_auto-caps-simdna_noaltclsfactor-nolitrun	measured	pinned	9	min_ns	1013540.224873	27	1.0000	0	0		
rank	lit-l16	(set)	large-subject-throughput	plain	same program	pcrec_a32bc86e_auto-caps-simdna_noaltclsfactor-nolitrun	measured	pinned	9	max_ns	1014948.318859	27	1.0000	0	0		
rank	lit-l16	(set)	large-subject-throughput	plain	same program	pcrec_a32bc86e_auto-caps-simdna_noaltclsfactor-nolitrun	measured	pinned	9	stddev_ns	532.638271	27	1.0000	0	0		
rank	lit-l16	(set)	large-subject-throughput	plain	same program	pcrec_a32bc86e_auto-caps-simdna_noaltclsfactor-nolitrun	measured	pinned	9	ratio_vs_baseline	2.179193	27	1.0000	0	0		
rank	lit-l16	(set)	large-subject-throughput	plain	same program	pcrec_a32bc86e_auto-caps-simdna_noaltclsfactor-nolitrun	measured	pinned	9	ratio_vs_best	2.179193	27	1.0000	0	0		
rank	lit-l16	(set)	large-subject-throughput	plain	same program	pcrec_a32bc86e_vm-caps-simdna_noreqbyte-noreqrun	measured	pinned	10	median_ns	1456463.502904	27	1.0000	0	0		
rank	lit-l16	(set)	large-subject-throughput	plain	same program	pcrec_a32bc86e_vm-caps-simdna_noreqbyte-noreqrun	measured	pinned	10	min_ns	1456027.484321	27	1.0000	0	0		
rank	lit-l16	(set)	large-subject-throughput	plain	same program	pcrec_a32bc86e_vm-caps-simdna_noreqbyte-noreqrun	measured	pinned	10	max_ns	1457062.563298	27	1.0000	0	0		
rank	lit-l16	(set)	large-subject-throughput	plain	same program	pcrec_a32bc86e_vm-caps-simdna_noreqbyte-noreqrun	measured	pinned	10	stddev_ns	371.491143	27	1.0000	0	0		
rank	lit-l16	(set)	large-subject-throughput	plain	same program	pcrec_a32bc86e_vm-caps-simdna_noreqbyte-noreqrun	measured	pinned	10	ratio_vs_baseline	3.129927	27	1.0000	0	0		
rank	lit-l16	(set)	large-subject-throughput	plain	same program	pcrec_a32bc86e_vm-caps-simdna_noreqbyte-noreqrun	measured	pinned	10	ratio_vs_best	3.129927	27	1.0000	0	0		
rank	lit-l16	(set)	large-subject-throughput	plain	same program	pcrec_a32bc86e_vm-caps-simdna_noreqbyte-noreqrun-nolitrun	measured	pinned	11	median_ns	1810309.912791	27	1.0000	0	0		
rank	lit-l16	(set)	large-subject-throughput	plain	same program	pcrec_a32bc86e_vm-caps-simdna_noreqbyte-noreqrun-nolitrun	measured	pinned	11	min_ns	1787402.789244	27	1.0000	0	0		
rank	lit-l16	(set)	large-subject-throughput	plain	same program	pcrec_a32bc86e_vm-caps-simdna_noreqbyte-noreqrun-nolitrun	measured	pinned	11	max_ns	1838557.401163	27	1.0000	0	0		
rank	lit-l16	(set)	large-subject-throughput	plain	same program	pcrec_a32bc86e_vm-caps-simdna_noreqbyte-noreqrun-nolitrun	measured	pinned	11	stddev_ns	16521.501312	27	1.0000	0	0		
rank	lit-l16	(set)	large-subject-throughput	plain	same program	pcrec_a32bc86e_vm-caps-simdna_noreqbyte-noreqrun-nolitrun	measured	pinned	11	ratio_vs_baseline	3.890340	27	1.0000	0	0		
rank	lit-l16	(set)	large-subject-throughput	plain	same program	pcrec_a32bc86e_vm-caps-simdna_noreqbyte-noreqrun-nolitrun	measured	pinned	11	ratio_vs_best	3.890340	27	1.0000	0	0		
baseline	lit-l16	(set)	match-compliance			pcrec_a32bc86e_vm-caps-simdna_noreqbyte-noreqrun				baseline_identity	row-best-fallback					pcrec_a32bc86e_vm-caps-simdna_noreqbyte-noreqrun (row-best fallback -- interp absent from this group)	
rank	lit-l16	(set)	match-compliance	whole-subject	separate artifact	pcrec_a32bc86e_vm-caps-simdna_noreqbyte-noreqrun	measured	pinned	1	median_ns	162.456041	27	1.0000	0	0		
rank	lit-l16	(set)	match-compliance	whole-subject	separate artifact	pcrec_a32bc86e_vm-caps-simdna_noreqbyte-noreqrun	measured	pinned	1	min_ns	162.431975	27	1.0000	0	0		
rank	lit-l16	(set)	match-compliance	whole-subject	separate artifact	pcrec_a32bc86e_vm-caps-simdna_noreqbyte-noreqrun	measured	pinned	1	max_ns	162.865804	27	1.0000	0	0		
rank	lit-l16	(set)	match-compliance	whole-subject	separate artifact	pcrec_a32bc86e_vm-caps-simdna_noreqbyte-noreqrun	measured	pinned	1	stddev_ns	0.166088	27	1.0000	0	0		
rank	lit-l16	(set)	match-compliance	whole-subject	separate artifact	pcrec_a32bc86e_vm-caps-simdna_noreqbyte-noreqrun	measured	pinned	1	ratio_vs_baseline	1.000000	27	1.0000	0	0		
rank	lit-l16	(set)	match-compliance	whole-subject	separate artifact	pcrec_a32bc86e_vm-caps-simdna_noreqbyte-noreqrun	measured	pinned	1	ratio_vs_best	1.000000	27	1.0000	0	0		
rank	lit-l16	(set)	match-compliance	whole-subject	separate artifact	pcrec_a32bc86e_vm-caps-simdna	measured	pinned	2	median_ns	183.415179	27	1.0000	0	0		
rank	lit-l16	(set)	match-compliance	whole-subject	separate artifact	pcrec_a32bc86e_vm-caps-simdna	measured	pinned	2	min_ns	183.368025	27	1.0000	0	0		
rank	lit-l16	(set)	match-compliance	whole-subject	separate artifact	pcrec_a32bc86e_vm-caps-simdna	measured	pinned	2	max_ns	184.580545	27	1.0000	0	0		
rank	lit-l16	(set)	match-compliance	whole-subject	separate artifact	pcrec_a32bc86e_vm-caps-simdna	measured	pinned	2	stddev_ns	0.571842	27	1.0000	0	0		
rank	lit-l16	(set)	match-compliance	whole-subject	separate artifact	pcrec_a32bc86e_vm-caps-simdna	measured	pinned	2	ratio_vs_baseline	1.129014	27	1.0000	0	0		
rank	lit-l16	(set)	match-compliance	whole-subject	separate artifact	pcrec_a32bc86e_vm-caps-simdna	measured	pinned	2	ratio_vs_best	1.129014	27	1.0000	0	0		
rank	lit-l16	(set)	match-compliance	whole-subject	separate artifact	pcrec_a32bc86e_vm-caps-simdna_noaltclsfactor	measured	pinned	3	median_ns	184.569713	27	1.0000	0	0		
rank	lit-l16	(set)	match-compliance	whole-subject	separate artifact	pcrec_a32bc86e_vm-caps-simdna_noaltclsfactor	measured	pinned	3	min_ns	183.361604	27	1.0000	0	0		
rank	lit-l16	(set)	match-compliance	whole-subject	separate artifact	pcrec_a32bc86e_vm-caps-simdna_noaltclsfactor	measured	pinned	3	max_ns	184.639432	27	1.0000	0	0		
rank	lit-l16	(set)	match-compliance	whole-subject	separate artifact	pcrec_a32bc86e_vm-caps-simdna_noaltclsfactor	measured	pinned	3	stddev_ns	0.490865	27	1.0000	0	0		
rank	lit-l16	(set)	match-compliance	whole-subject	separate artifact	pcrec_a32bc86e_vm-caps-simdna_noaltclsfactor	measured	pinned	3	ratio_vs_baseline	1.136121	27	1.0000	0	0		
rank	lit-l16	(set)	match-compliance	whole-subject	separate artifact	pcrec_a32bc86e_vm-caps-simdna_noaltclsfactor	measured	pinned	3	ratio_vs_best	1.136121	27	1.0000	0	0		
rank	lit-l16	(set)	match-compliance	whole-subject	separate artifact	pcrec_a32bc86e_vm-caps-simdna_noreqbyte-noreqrun-nolitrun	measured	pinned	4	median_ns	191.213523	27	1.0000	0	0		
rank	lit-l16	(set)	match-compliance	whole-subject	separate artifact	pcrec_a32bc86e_vm-caps-simdna_noreqbyte-noreqrun-nolitrun	measured	pinned	4	min_ns	189.975347	27	1.0000	0	0		
rank	lit-l16	(set)	match-compliance	whole-subject	separate artifact	pcrec_a32bc86e_vm-caps-simdna_noreqbyte-noreqrun-nolitrun	measured	pinned	4	max_ns	191.632584	27	1.0000	0	0		
rank	lit-l16	(set)	match-compliance	whole-subject	separate artifact	pcrec_a32bc86e_vm-caps-simdna_noreqbyte-noreqrun-nolitrun	measured	pinned	4	stddev_ns	0.632125	27	1.0000	0	0		
rank	lit-l16	(set)	match-compliance	whole-subject	separate artifact	pcrec_a32bc86e_vm-caps-simdna_noreqbyte-noreqrun-nolitrun	measured	pinned	4	ratio_vs_baseline	1.177017	27	1.0000	0	0		
rank	lit-l16	(set)	match-compliance	whole-subject	separate artifact	pcrec_a32bc86e_vm-caps-simdna_noreqbyte-noreqrun-nolitrun	measured	pinned	4	ratio_vs_best	1.177017	27	1.0000	0	0		
rank	lit-l16	(set)	match-compliance	whole-subject	separate artifact	pcrec_a32bc86e_vm-caps-simdna_noaltclsfactor-nolitrun	measured	pinned	5	median_ns	191.571131	27	1.0000	0	0		
rank	lit-l16	(set)	match-compliance	whole-subject	separate artifact	pcrec_a32bc86e_vm-caps-simdna_noaltclsfactor-nolitrun	measured	pinned	5	min_ns	191.451647	27	1.0000	0	0		
rank	lit-l16	(set)	match-compliance	whole-subject	separate artifact	pcrec_a32bc86e_vm-caps-simdna_noaltclsfactor-nolitrun	measured	pinned	5	max_ns	278.206411	27	1.0000	0	0		
rank	lit-l16	(set)	match-compliance	whole-subject	separate artifact	pcrec_a32bc86e_vm-caps-simdna_noaltclsfactor-nolitrun	measured	pinned	5	stddev_ns	34.656730	27	1.0000	0	0		
rank	lit-l16	(set)	match-compliance	whole-subject	separate artifact	pcrec_a32bc86e_vm-caps-simdna_noaltclsfactor-nolitrun	measured	pinned	5	ratio_vs_baseline	1.179218	27	1.0000	0	0		
rank	lit-l16	(set)	match-compliance	whole-subject	separate artifact	pcrec_a32bc86e_vm-caps-simdna_noaltclsfactor-nolitrun	measured	pinned	5	ratio_vs_best	1.179218	27	1.0000	0	0		
rank	lit-l16	(set)	match-compliance	whole-subject	separate artifact	pcrec_a32bc86e_vm-caps-simdna_nolitrun	measured	pinned	6	median_ns	191.776311	27	1.0000	0	0		
rank	lit-l16	(set)	match-compliance	whole-subject	separate artifact	pcrec_a32bc86e_vm-caps-simdna_nolitrun	measured	pinned	6	min_ns	191.683920	27	1.0000	0	0		
rank	lit-l16	(set)	match-compliance	whole-subject	separate artifact	pcrec_a32bc86e_vm-caps-simdna_nolitrun	measured	pinned	6	max_ns	193.076764	27	1.0000	0	0		
rank	lit-l16	(set)	match-compliance	whole-subject	separate artifact	pcrec_a32bc86e_vm-caps-simdna_nolitrun	measured	pinned	6	stddev_ns	0.529398	27	1.0000	0	0		
rank	lit-l16	(set)	match-compliance	whole-subject	separate artifact	pcrec_a32bc86e_vm-caps-simdna_nolitrun	measured	pinned	6	ratio_vs_baseline	1.180481	27	1.0000	0	0		
rank	lit-l16	(set)	match-compliance	whole-subject	separate artifact	pcrec_a32bc86e_vm-caps-simdna_nolitrun	measured	pinned	6	ratio_vs_best	1.180481	27	1.0000	0	0		
rank	lit-l16	(set)	match-compliance	whole-subject	separate artifact	pcrec_a32bc86e_auto-caps-simdna_nolitrun	measured	pinned	7	median_ns	365.599505	27	1.0000	0	0		
rank	lit-l16	(set)	match-compliance	whole-subject	separate artifact	pcrec_a32bc86e_auto-caps-simdna_nolitrun	measured	pinned	7	min_ns	365.202919	27	1.0000	0	0		
rank	lit-l16	(set)	match-compliance	whole-subject	separate artifact	pcrec_a32bc86e_auto-caps-simdna_nolitrun	measured	pinned	7	max_ns	369.436547	27	1.0000	0	0		
rank	lit-l16	(set)	match-compliance	whole-subject	separate artifact	pcrec_a32bc86e_auto-caps-simdna_nolitrun	measured	pinned	7	stddev_ns	1.579095	27	1.0000	0	0		
rank	lit-l16	(set)	match-compliance	whole-subject	separate artifact	pcrec_a32bc86e_auto-caps-simdna_nolitrun	measured	pinned	7	ratio_vs_baseline	2.250452	27	1.0000	0	0		
rank	lit-l16	(set)	match-compliance	whole-subject	separate artifact	pcrec_a32bc86e_auto-caps-simdna_nolitrun	measured	pinned	7	ratio_vs_best	2.250452	27	1.0000	0	0		
rank	lit-l16	(set)	match-compliance	whole-subject	separate artifact	pcrec_a32bc86e_auto-caps-simdna_noaltclsfactor-nolitrun	measured	pinned	8	median_ns	366.091061	27	1.0000	0	0		
rank	lit-l16	(set)	match-compliance	whole-subject	separate artifact	pcrec_a32bc86e_auto-caps-simdna_noaltclsfactor-nolitrun	measured	pinned	8	min_ns	365.670953	27	1.0000	0	0		
rank	lit-l16	(set)	match-compliance	whole-subject	separate artifact	pcrec_a32bc86e_auto-caps-simdna_noaltclsfactor-nolitrun	measured	pinned	8	max_ns	375.811495	27	1.0000	0	0		
rank	lit-l16	(set)	match-compliance	whole-subject	separate artifact	pcrec_a32bc86e_auto-caps-simdna_noaltclsfactor-nolitrun	measured	pinned	8	stddev_ns	3.859204	27	1.0000	0	0		
rank	lit-l16	(set)	match-compliance	whole-subject	separate artifact	pcrec_a32bc86e_auto-caps-simdna_noaltclsfactor-nolitrun	measured	pinned	8	ratio_vs_baseline	2.253478	27	1.0000	0	0		
rank	lit-l16	(set)	match-compliance	whole-subject	separate artifact	pcrec_a32bc86e_auto-caps-simdna_noaltclsfactor-nolitrun	measured	pinned	8	ratio_vs_best	2.253478	27	1.0000	0	0		
rank	lit-l16	(set)	match-compliance	whole-subject	separate artifact	pcrec_a32bc86e_auto-caps-simdna_noaltclsfactor	measured	pinned	9	median_ns	366.423564	27	1.0000	0	0		
rank	lit-l16	(set)	match-compliance	whole-subject	separate artifact	pcrec_a32bc86e_auto-caps-simdna_noaltclsfactor	measured	pinned	9	min_ns	365.018291	27	1.0000	0	0		
rank	lit-l16	(set)	match-compliance	whole-subject	separate artifact	pcrec_a32bc86e_auto-caps-simdna_noaltclsfactor	measured	pinned	9	max_ns	442.983186	27	1.0000	0	0		
rank	lit-l16	(set)	match-compliance	whole-subject	separate artifact	pcrec_a32bc86e_auto-caps-simdna_noaltclsfactor	measured	pinned	9	stddev_ns	30.609958	27	1.0000	0	0		
rank	lit-l16	(set)	match-compliance	whole-subject	separate artifact	pcrec_a32bc86e_auto-caps-simdna_noaltclsfactor	measured	pinned	9	ratio_vs_baseline	2.255524	27	1.0000	0	0		
rank	lit-l16	(set)	match-compliance	whole-subject	separate artifact	pcrec_a32bc86e_auto-caps-simdna_noaltclsfactor	measured	pinned	9	ratio_vs_best	2.255524	27	1.0000	0	0		
rank	lit-l16	(set)	match-compliance	whole-subject	separate artifact	pcrec_a32bc86e_auto-caps-simdna	measured	pinned	10	median_ns	369.471614	27	1.0000	0	0		
rank	lit-l16	(set)	match-compliance	whole-subject	separate artifact	pcrec_a32bc86e_auto-caps-simdna	measured	pinned	10	min_ns	365.598749	27	1.0000	0	0		
rank	lit-l16	(set)	match-compliance	whole-subject	separate artifact	pcrec_a32bc86e_auto-caps-simdna	measured	pinned	10	max_ns	374.769471	27	1.0000	0	0		
rank	lit-l16	(set)	match-compliance	whole-subject	separate artifact	pcrec_a32bc86e_auto-caps-simdna	measured	pinned	10	stddev_ns	3.713746	27	1.0000	0	0		
rank	lit-l16	(set)	match-compliance	whole-subject	separate artifact	pcrec_a32bc86e_auto-caps-simdna	measured	pinned	10	ratio_vs_baseline	2.274287	27	1.0000	0	0		
rank	lit-l16	(set)	match-compliance	whole-subject	separate artifact	pcrec_a32bc86e_auto-caps-simdna	measured	pinned	10	ratio_vs_best	2.274287	27	1.0000	0	0		
rank	lit-l16	(set)	match-compliance	plain	same program	libpcre2_10.46_jit-caps-simdna	measured	pinned	11	median_ns	1077.107332	27	1.0000	0	0		
rank	lit-l16	(set)	match-compliance	plain	same program	libpcre2_10.46_jit-caps-simdna	measured	pinned	11	min_ns	1074.443598	27	1.0000	0	0		
rank	lit-l16	(set)	match-compliance	plain	same program	libpcre2_10.46_jit-caps-simdna	measured	pinned	11	max_ns	1399.406720	27	1.0000	0	0		
rank	lit-l16	(set)	match-compliance	plain	same program	libpcre2_10.46_jit-caps-simdna	measured	pinned	11	stddev_ns	128.736273	27	1.0000	0	0		
rank	lit-l16	(set)	match-compliance	plain	same program	libpcre2_10.46_jit-caps-simdna	measured	pinned	11	ratio_vs_baseline	6.630146	27	1.0000	0	0		
rank	lit-l16	(set)	match-compliance	plain	same program	libpcre2_10.46_jit-caps-simdna	measured	pinned	11	ratio_vs_best	6.630146	27	1.0000	0	0		
baseline	lit-l16	(set)	short-subject-search			pcrec_a32bc86e_vm-caps-simdna_noaltclsfactor				baseline_identity	row-best-fallback					pcrec_a32bc86e_vm-caps-simdna_noaltclsfactor (row-best fallback -- interp absent from this group)	
rank	lit-l16	(set)	short-subject-search	plain	same program	pcrec_a32bc86e_vm-caps-simdna_noaltclsfactor	measured	pinned	1	median_ns	348.058569	27	1.0000	0	0		
rank	lit-l16	(set)	short-subject-search	plain	same program	pcrec_a32bc86e_vm-caps-simdna_noaltclsfactor	measured	pinned	1	min_ns	346.952835	27	1.0000	0	0		
rank	lit-l16	(set)	short-subject-search	plain	same program	pcrec_a32bc86e_vm-caps-simdna_noaltclsfactor	measured	pinned	1	max_ns	405.315393	27	1.0000	0	0		
rank	lit-l16	(set)	short-subject-search	plain	same program	pcrec_a32bc86e_vm-caps-simdna_noaltclsfactor	measured	pinned	1	stddev_ns	23.085182	27	1.0000	0	0		
rank	lit-l16	(set)	short-subject-search	plain	same program	pcrec_a32bc86e_vm-caps-simdna_noaltclsfactor	measured	pinned	1	ratio_vs_baseline	1.000000	27	1.0000	0	0		
rank	lit-l16	(set)	short-subject-search	plain	same program	pcrec_a32bc86e_vm-caps-simdna_noaltclsfactor	measured	pinned	1	ratio_vs_best	1.000000	27	1.0000	0	0		
rank	lit-l16	(set)	short-subject-search	plain	same program	pcrec_a32bc86e_vm-caps-simdna	measured	pinned	2	median_ns	348.585976	27	1.0000	0	0		
rank	lit-l16	(set)	short-subject-search	plain	same program	pcrec_a32bc86e_vm-caps-simdna	measured	pinned	2	min_ns	347.344229	27	1.0000	0	0		
rank	lit-l16	(set)	short-subject-search	plain	same program	pcrec_a32bc86e_vm-caps-simdna	measured	pinned	2	max_ns	350.937425	27	1.0000	0	0		
rank	lit-l16	(set)	short-subject-search	plain	same program	pcrec_a32bc86e_vm-caps-simdna	measured	pinned	2	stddev_ns	1.275660	27	1.0000	0	0		
rank	lit-l16	(set)	short-subject-search	plain	same program	pcrec_a32bc86e_vm-caps-simdna	measured	pinned	2	ratio_vs_baseline	1.001515	27	1.0000	0	0		
rank	lit-l16	(set)	short-subject-search	plain	same program	pcrec_a32bc86e_vm-caps-simdna	measured	pinned	2	ratio_vs_best	1.001515	27	1.0000	0	0		
rank	lit-l16	(set)	short-subject-search	plain	same program	pcrec_a32bc86e_vm-caps-simdna_noreqbyte-noreqrun	measured	pinned	3	median_ns	394.735897	27	1.0000	0	0		
rank	lit-l16	(set)	short-subject-search	plain	same program	pcrec_a32bc86e_vm-caps-simdna_noreqbyte-noreqrun	measured	pinned	3	min_ns	390.977323	27	1.0000	0	0		
rank	lit-l16	(set)	short-subject-search	plain	same program	pcrec_a32bc86e_vm-caps-simdna_noreqbyte-noreqrun	measured	pinned	3	max_ns	403.336753	27	1.0000	0	0		
rank	lit-l16	(set)	short-subject-search	plain	same program	pcrec_a32bc86e_vm-caps-simdna_noreqbyte-noreqrun	measured	pinned	3	stddev_ns	4.266816	27	1.0000	0	0		
rank	lit-l16	(set)	short-subject-search	plain	same program	pcrec_a32bc86e_vm-caps-simdna_noreqbyte-noreqrun	measured	pinned	3	ratio_vs_baseline	1.134108	27	1.0000	0	0		
rank	lit-l16	(set)	short-subject-search	plain	same program	pcrec_a32bc86e_vm-caps-simdna_noreqbyte-noreqrun	measured	pinned	3	ratio_vs_best	1.134108	27	1.0000	0	0		
rank	lit-l16	(set)	short-subject-search	plain	same program	pcrec_a32bc86e_vm-caps-simdna_nolitrun	measured	pinned	4	median_ns	443.066544	27	1.0000	0	0		
rank	lit-l16	(set)	short-subject-search	plain	same program	pcrec_a32bc86e_vm-caps-simdna_nolitrun	measured	pinned	4	min_ns	441.389637	27	1.0000	0	0		
rank	lit-l16	(set)	short-subject-search	plain	same program	pcrec_a32bc86e_vm-caps-simdna_nolitrun	measured	pinned	4	max_ns	446.626070	27	1.0000	0	0		
rank	lit-l16	(set)	short-subject-search	plain	same program	pcrec_a32bc86e_vm-caps-simdna_nolitrun	measured	pinned	4	stddev_ns	2.062473	27	1.0000	0	0		
rank	lit-l16	(set)	short-subject-search	plain	same program	pcrec_a32bc86e_vm-caps-simdna_nolitrun	measured	pinned	4	ratio_vs_baseline	1.272965	27	1.0000	0	0		
rank	lit-l16	(set)	short-subject-search	plain	same program	pcrec_a32bc86e_vm-caps-simdna_nolitrun	measured	pinned	4	ratio_vs_best	1.272965	27	1.0000	0	0		
rank	lit-l16	(set)	short-subject-search	plain	same program	pcrec_a32bc86e_vm-caps-simdna_noaltclsfactor-nolitrun	measured	pinned	5	median_ns	448.344242	27	1.0000	0	0		
rank	lit-l16	(set)	short-subject-search	plain	same program	pcrec_a32bc86e_vm-caps-simdna_noaltclsfactor-nolitrun	measured	pinned	5	min_ns	444.509367	27	1.0000	0	0		
rank	lit-l16	(set)	short-subject-search	plain	same program	pcrec_a32bc86e_vm-caps-simdna_noaltclsfactor-nolitrun	measured	pinned	5	max_ns	449.436488	27	1.0000	0	0		
rank	lit-l16	(set)	short-subject-search	plain	same program	pcrec_a32bc86e_vm-caps-simdna_noaltclsfactor-nolitrun	measured	pinned	5	stddev_ns	1.772422	27	1.0000	0	0		
rank	lit-l16	(set)	short-subject-search	plain	same program	pcrec_a32bc86e_vm-caps-simdna_noaltclsfactor-nolitrun	measured	pinned	5	ratio_vs_baseline	1.288129	27	1.0000	0	0		
rank	lit-l16	(set)	short-subject-search	plain	same program	pcrec_a32bc86e_vm-caps-simdna_noaltclsfactor-nolitrun	measured	pinned	5	ratio_vs_best	1.288129	27	1.0000	0	0		
rank	lit-l16	(set)	short-subject-search	plain	same program	pcrec_a32bc86e_vm-caps-simdna_noreqbyte-noreqrun-nolitrun	measured	pinned	6	median_ns	553.608435	27	1.0000	0	0		
rank	lit-l16	(set)	short-subject-search	plain	same program	pcrec_a32bc86e_vm-caps-simdna_noreqbyte-noreqrun-nolitrun	measured	pinned	6	min_ns	544.304572	27	1.0000	0	0		
rank	lit-l16	(set)	short-subject-search	plain	same program	pcrec_a32bc86e_vm-caps-simdna_noreqbyte-noreqrun-nolitrun	measured	pinned	6	max_ns	555.452030	27	1.0000	0	0		
rank	lit-l16	(set)	short-subject-search	plain	same program	pcrec_a32bc86e_vm-caps-simdna_noreqbyte-noreqrun-nolitrun	measured	pinned	6	stddev_ns	4.680135	27	1.0000	0	0		
rank	lit-l16	(set)	short-subject-search	plain	same program	pcrec_a32bc86e_vm-caps-simdna_noreqbyte-noreqrun-nolitrun	measured	pinned	6	ratio_vs_baseline	1.590561	27	1.0000	0	0		
rank	lit-l16	(set)	short-subject-search	plain	same program	pcrec_a32bc86e_vm-caps-simdna_noreqbyte-noreqrun-nolitrun	measured	pinned	6	ratio_vs_best	1.590561	27	1.0000	0	0		
rank	lit-l16	(set)	short-subject-search	plain	same program	pcrec_a32bc86e_auto-caps-simdna_noaltclsfactor-nolitrun	measured	pinned	7	median_ns	554.409044	27	1.0000	0	0		
rank	lit-l16	(set)	short-subject-search	plain	same program	pcrec_a32bc86e_auto-caps-simdna_noaltclsfactor-nolitrun	measured	pinned	7	min_ns	554.135162	27	1.0000	0	0		
rank	lit-l16	(set)	short-subject-search	plain	same program	pcrec_a32bc86e_auto-caps-simdna_noaltclsfactor-nolitrun	measured	pinned	7	max_ns	559.673462	27	1.0000	0	0		
rank	lit-l16	(set)	short-subject-search	plain	same program	pcrec_a32bc86e_auto-caps-simdna_noaltclsfactor-nolitrun	measured	pinned	7	stddev_ns	2.154137	27	1.0000	0	0		
rank	lit-l16	(set)	short-subject-search	plain	same program	pcrec_a32bc86e_auto-caps-simdna_noaltclsfactor-nolitrun	measured	pinned	7	ratio_vs_baseline	1.592861	27	1.0000	0	0		
rank	lit-l16	(set)	short-subject-search	plain	same program	pcrec_a32bc86e_auto-caps-simdna_noaltclsfactor-nolitrun	measured	pinned	7	ratio_vs_best	1.592861	27	1.0000	0	0		
rank	lit-l16	(set)	short-subject-search	plain	same program	pcrec_a32bc86e_auto-caps-simdna_nolitrun	measured	pinned	8	median_ns	554.866186	27	1.0000	0	0		
rank	lit-l16	(set)	short-subject-search	plain	same program	pcrec_a32bc86e_auto-caps-simdna_nolitrun	measured	pinned	8	min_ns	554.822595	27	1.0000	0	0		
rank	lit-l16	(set)	short-subject-search	plain	same program	pcrec_a32bc86e_auto-caps-simdna_nolitrun	measured	pinned	8	max_ns	556.935622	27	1.0000	0	0		
rank	lit-l16	(set)	short-subject-search	plain	same program	pcrec_a32bc86e_auto-caps-simdna_nolitrun	measured	pinned	8	stddev_ns	0.810216	27	1.0000	0	0		
rank	lit-l16	(set)	short-subject-search	plain	same program	pcrec_a32bc86e_auto-caps-simdna_nolitrun	measured	pinned	8	ratio_vs_baseline	1.594175	27	1.0000	0	0		
rank	lit-l16	(set)	short-subject-search	plain	same program	pcrec_a32bc86e_auto-caps-simdna_nolitrun	measured	pinned	8	ratio_vs_best	1.594175	27	1.0000	0	0		
rank	lit-l16	(set)	short-subject-search	plain	same program	pcrec_a32bc86e_auto-caps-simdna	measured	pinned	9	median_ns	554.975303	27	1.0000	0	0		
rank	lit-l16	(set)	short-subject-search	plain	same program	pcrec_a32bc86e_auto-caps-simdna	measured	pinned	9	min_ns	554.679459	27	1.0000	0	0		
rank	lit-l16	(set)	short-subject-search	plain	same program	pcrec_a32bc86e_auto-caps-simdna	measured	pinned	9	max_ns	555.230853	27	1.0000	0	0		
rank	lit-l16	(set)	short-subject-search	plain	same program	pcrec_a32bc86e_auto-caps-simdna	measured	pinned	9	stddev_ns	0.185180	27	1.0000	0	0		
rank	lit-l16	(set)	short-subject-search	plain	same program	pcrec_a32bc86e_auto-caps-simdna	measured	pinned	9	ratio_vs_baseline	1.594488	27	1.0000	0	0		
rank	lit-l16	(set)	short-subject-search	plain	same program	pcrec_a32bc86e_auto-caps-simdna	measured	pinned	9	ratio_vs_best	1.594488	27	1.0000	0	0		
rank	lit-l16	(set)	short-subject-search	plain	same program	pcrec_a32bc86e_auto-caps-simdna_noaltclsfactor	measured	pinned	10	median_ns	555.476434	27	1.0000	0	0		
rank	lit-l16	(set)	short-subject-search	plain	same program	pcrec_a32bc86e_auto-caps-simdna_noaltclsfactor	measured	pinned	10	min_ns	554.706050	27	1.0000	0	0		
rank	lit-l16	(set)	short-subject-search	plain	same program	pcrec_a32bc86e_auto-caps-simdna_noaltclsfactor	measured	pinned	10	max_ns	556.263335	27	1.0000	0	0		
rank	lit-l16	(set)	short-subject-search	plain	same program	pcrec_a32bc86e_auto-caps-simdna_noaltclsfactor	measured	pinned	10	stddev_ns	0.507546	27	1.0000	0	0		
rank	lit-l16	(set)	short-subject-search	plain	same program	pcrec_a32bc86e_auto-caps-simdna_noaltclsfactor	measured	pinned	10	ratio_vs_baseline	1.595928	27	1.0000	0	0		
rank	lit-l16	(set)	short-subject-search	plain	same program	pcrec_a32bc86e_auto-caps-simdna_noaltclsfactor	measured	pinned	10	ratio_vs_best	1.595928	27	1.0000	0	0		
rank	lit-l16	(set)	short-subject-search	plain	same program	libpcre2_10.46_jit-caps-simdna	measured	pinned	11	median_ns	1064.598705	27	1.0000	0	0		
rank	lit-l16	(set)	short-subject-search	plain	same program	libpcre2_10.46_jit-caps-simdna	measured	pinned	11	min_ns	1063.099452	27	1.0000	0	0		
rank	lit-l16	(set)	short-subject-search	plain	same program	libpcre2_10.46_jit-caps-simdna	measured	pinned	11	max_ns	1075.371543	27	1.0000	0	0		
rank	lit-l16	(set)	short-subject-search	plain	same program	libpcre2_10.46_jit-caps-simdna	measured	pinned	11	stddev_ns	4.421163	27	1.0000	0	0		
rank	lit-l16	(set)	short-subject-search	plain	same program	libpcre2_10.46_jit-caps-simdna	measured	pinned	11	ratio_vs_baseline	3.058677	27	1.0000	0	0		
rank	lit-l16	(set)	short-subject-search	plain	same program	libpcre2_10.46_jit-caps-simdna	measured	pinned	11	ratio_vs_best	3.058677	27	1.0000	0	0		
baseline	lit-l2	(set)	large-subject-throughput			pcrec_a32bc86e_vm-caps-simdna_noreqbyte-noreqrun				baseline_identity	row-best-fallback					pcrec_a32bc86e_vm-caps-simdna_noreqbyte-noreqrun (row-best fallback -- interp absent from this group)	
rank	lit-l2	(set)	large-subject-throughput	plain	same program	pcrec_a32bc86e_vm-caps-simdna_noreqbyte-noreqrun	measured	pinned	1	median_ns	2143703.187956	27	1.0000	0	0		
rank	lit-l2	(set)	large-subject-throughput	plain	same program	pcrec_a32bc86e_vm-caps-simdna_noreqbyte-noreqrun	measured	pinned	1	min_ns	2111869.224453	27	1.0000	0	0		
rank	lit-l2	(set)	large-subject-throughput	plain	same program	pcrec_a32bc86e_vm-caps-simdna_noreqbyte-noreqrun	measured	pinned	1	max_ns	2239407.341241	27	1.0000	0	0		
rank	lit-l2	(set)	large-subject-throughput	plain	same program	pcrec_a32bc86e_vm-caps-simdna_noreqbyte-noreqrun	measured	pinned	1	stddev_ns	45576.294350	27	1.0000	0	0		
rank	lit-l2	(set)	large-subject-throughput	plain	same program	pcrec_a32bc86e_vm-caps-simdna_noreqbyte-noreqrun	measured	pinned	1	ratio_vs_baseline	1.000000	27	1.0000	0	0		
rank	lit-l2	(set)	large-subject-throughput	plain	same program	pcrec_a32bc86e_vm-caps-simdna_noreqbyte-noreqrun	measured	pinned	1	ratio_vs_best	1.000000	27	1.0000	0	0		
rank	lit-l2	(set)	large-subject-throughput	plain	same program	pcrec_a32bc86e_vm-caps-simdna_noreqbyte-noreqrun-nolitrun	measured	pinned	2	median_ns	2187031.097345	27	1.0000	0	0		
rank	lit-l2	(set)	large-subject-throughput	plain	same program	pcrec_a32bc86e_vm-caps-simdna_noreqbyte-noreqrun-nolitrun	measured	pinned	2	min_ns	2182629.546903	27	1.0000	0	0		
rank	lit-l2	(set)	large-subject-throughput	plain	same program	pcrec_a32bc86e_vm-caps-simdna_noreqbyte-noreqrun-nolitrun	measured	pinned	2	max_ns	2248083.750442	27	1.0000	0	0		
rank	lit-l2	(set)	large-subject-throughput	plain	same program	pcrec_a32bc86e_vm-caps-simdna_noreqbyte-noreqrun-nolitrun	measured	pinned	2	stddev_ns	24666.952457	27	1.0000	0	0		
rank	lit-l2	(set)	large-subject-throughput	plain	same program	pcrec_a32bc86e_vm-caps-simdna_noreqbyte-noreqrun-nolitrun	measured	pinned	2	ratio_vs_baseline	1.020212	27	1.0000	0	0		
rank	lit-l2	(set)	large-subject-throughput	plain	same program	pcrec_a32bc86e_vm-caps-simdna_noreqbyte-noreqrun-nolitrun	measured	pinned	2	ratio_vs_best	1.020212	27	1.0000	0	0		
rank	lit-l2	(set)	large-subject-throughput	plain	same program	pcrec_a32bc86e_vm-caps-simdna_noaltclsfactor	measured	pinned	3	median_ns	2948228.486137	27	1.0000	0	0		
rank	lit-l2	(set)	large-subject-throughput	plain	same program	pcrec_a32bc86e_vm-caps-simdna_noaltclsfactor	measured	pinned	3	min_ns	2943060.953789	27	1.0000	0	0		
rank	lit-l2	(set)	large-subject-throughput	plain	same program	pcrec_a32bc86e_vm-caps-simdna_noaltclsfactor	measured	pinned	3	max_ns	2972500.621072	27	1.0000	0	0		
rank	lit-l2	(set)	large-subject-throughput	plain	same program	pcrec_a32bc86e_vm-caps-simdna_noaltclsfactor	measured	pinned	3	stddev_ns	10677.839451	27	1.0000	0	0		
rank	lit-l2	(set)	large-subject-throughput	plain	same program	pcrec_a32bc86e_vm-caps-simdna_noaltclsfactor	measured	pinned	3	ratio_vs_baseline	1.375297	27	1.0000	0	0		
rank	lit-l2	(set)	large-subject-throughput	plain	same program	pcrec_a32bc86e_vm-caps-simdna_noaltclsfactor	measured	pinned	3	ratio_vs_best	1.375297	27	1.0000	0	0		
rank	lit-l2	(set)	large-subject-throughput	plain	same program	pcrec_a32bc86e_vm-caps-simdna_noaltclsfactor-nolitrun	measured	pinned	4	median_ns	2952726.277778	27	1.0000	0	0		
rank	lit-l2	(set)	large-subject-throughput	plain	same program	pcrec_a32bc86e_vm-caps-simdna_noaltclsfactor-nolitrun	measured	pinned	4	min_ns	2950915.340741	27	1.0000	0	0		
rank	lit-l2	(set)	large-subject-throughput	plain	same program	pcrec_a32bc86e_vm-caps-simdna_noaltclsfactor-nolitrun	measured	pinned	4	max_ns	2989334.677778	27	1.0000	0	0		
rank	lit-l2	(set)	large-subject-throughput	plain	same program	pcrec_a32bc86e_vm-caps-simdna_noaltclsfactor-nolitrun	measured	pinned	4	stddev_ns	14528.091109	27	1.0000	0	0		
rank	lit-l2	(set)	large-subject-throughput	plain	same program	pcrec_a32bc86e_vm-caps-simdna_noaltclsfactor-nolitrun	measured	pinned	4	ratio_vs_baseline	1.377395	27	1.0000	0	0		
rank	lit-l2	(set)	large-subject-throughput	plain	same program	pcrec_a32bc86e_vm-caps-simdna_noaltclsfactor-nolitrun	measured	pinned	4	ratio_vs_best	1.377395	27	1.0000	0	0		
rank	lit-l2	(set)	large-subject-throughput	plain	same program	pcrec_a32bc86e_vm-caps-simdna_nolitrun	measured	pinned	5	median_ns	2956228.141053	27	1.0000	0	0		
rank	lit-l2	(set)	large-subject-throughput	plain	same program	pcrec_a32bc86e_vm-caps-simdna_nolitrun	measured	pinned	5	min_ns	2952482.896842	27	1.0000	0	0		
rank	lit-l2	(set)	large-subject-throughput	plain	same program	pcrec_a32bc86e_vm-caps-simdna_nolitrun	measured	pinned	5	max_ns	3019381.223158	27	1.0000	0	0		
rank	lit-l2	(set)	large-subject-throughput	plain	same program	pcrec_a32bc86e_vm-caps-simdna_nolitrun	measured	pinned	5	stddev_ns	25604.348008	27	1.0000	0	0		
rank	lit-l2	(set)	large-subject-throughput	plain	same program	pcrec_a32bc86e_vm-caps-simdna_nolitrun	measured	pinned	5	ratio_vs_baseline	1.379029	27	1.0000	0	0		
rank	lit-l2	(set)	large-subject-throughput	plain	same program	pcrec_a32bc86e_vm-caps-simdna_nolitrun	measured	pinned	5	ratio_vs_best	1.379029	27	1.0000	0	0		
rank	lit-l2	(set)	large-subject-throughput	plain	same program	pcrec_a32bc86e_vm-caps-simdna	measured	pinned	6	median_ns	2958502.204120	27	1.0000	0	0		
rank	lit-l2	(set)	large-subject-throughput	plain	same program	pcrec_a32bc86e_vm-caps-simdna	measured	pinned	6	min_ns	2937116.376404	27	1.0000	0	0		
rank	lit-l2	(set)	large-subject-throughput	plain	same program	pcrec_a32bc86e_vm-caps-simdna	measured	pinned	6	max_ns	2977033.863296	27	1.0000	0	0		
rank	lit-l2	(set)	large-subject-throughput	plain	same program	pcrec_a32bc86e_vm-caps-simdna	measured	pinned	6	stddev_ns	15579.423179	27	1.0000	0	0		
rank	lit-l2	(set)	large-subject-throughput	plain	same program	pcrec_a32bc86e_vm-caps-simdna	measured	pinned	6	ratio_vs_baseline	1.380089	27	1.0000	0	0		
rank	lit-l2	(set)	large-subject-throughput	plain	same program	pcrec_a32bc86e_vm-caps-simdna	measured	pinned	6	ratio_vs_best	1.380089	27	1.0000	0	0		
rank	lit-l2	(set)	large-subject-throughput	plain	same program	pcrec_a32bc86e_auto-caps-simdna_noaltclsfactor-nolitrun	measured	pinned	7	median_ns	3372062.790741	27	1.0000	0	0		
rank	lit-l2	(set)	large-subject-throughput	plain	same program	pcrec_a32bc86e_auto-caps-simdna_noaltclsfactor-nolitrun	measured	pinned	7	min_ns	3368861.844444	27	1.0000	0	0		
rank	lit-l2	(set)	large-subject-throughput	plain	same program	pcrec_a32bc86e_auto-caps-simdna_noaltclsfactor-nolitrun	measured	pinned	7	max_ns	3373905.262963	27	1.0000	0	0		
rank	lit-l2	(set)	large-subject-throughput	plain	same program	pcrec_a32bc86e_auto-caps-simdna_noaltclsfactor-nolitrun	measured	pinned	7	stddev_ns	1703.544195	27	1.0000	0	0		
rank	lit-l2	(set)	large-subject-throughput	plain	same program	pcrec_a32bc86e_auto-caps-simdna_noaltclsfactor-nolitrun	measured	pinned	7	ratio_vs_baseline	1.573008	27	1.0000	0	0		
rank	lit-l2	(set)	large-subject-throughput	plain	same program	pcrec_a32bc86e_auto-caps-simdna_noaltclsfactor-nolitrun	measured	pinned	7	ratio_vs_best	1.573008	27	1.0000	0	0		
rank	lit-l2	(set)	large-subject-throughput	plain	same program	pcrec_a32bc86e_auto-caps-simdna	measured	pinned	8	median_ns	3373438.070370	27	1.0000	0	0		
rank	lit-l2	(set)	large-subject-throughput	plain	same program	pcrec_a32bc86e_auto-caps-simdna	measured	pinned	8	min_ns	3368206.316667	27	1.0000	0	0		
rank	lit-l2	(set)	large-subject-throughput	plain	same program	pcrec_a32bc86e_auto-caps-simdna	measured	pinned	8	max_ns	3378226.261111	27	1.0000	0	0		
rank	lit-l2	(set)	large-subject-throughput	plain	same program	pcrec_a32bc86e_auto-caps-simdna	measured	pinned	8	stddev_ns	3564.391919	27	1.0000	0	0		
rank	lit-l2	(set)	large-subject-throughput	plain	same program	pcrec_a32bc86e_auto-caps-simdna	measured	pinned	8	ratio_vs_baseline	1.573650	27	1.0000	0	0		
rank	lit-l2	(set)	large-subject-throughput	plain	same program	pcrec_a32bc86e_auto-caps-simdna	measured	pinned	8	ratio_vs_best	1.573650	27	1.0000	0	0		
rank	lit-l2	(set)	large-subject-throughput	plain	same program	pcrec_a32bc86e_auto-caps-simdna_nolitrun	measured	pinned	9	median_ns	3375342.705556	27	1.0000	0	0		
rank	lit-l2	(set)	large-subject-throughput	plain	same program	pcrec_a32bc86e_auto-caps-simdna_nolitrun	measured	pinned	9	min_ns	3369990.846296	27	1.0000	0	0		
rank	lit-l2	(set)	large-subject-throughput	plain	same program	pcrec_a32bc86e_auto-caps-simdna_nolitrun	measured	pinned	9	max_ns	3376718.453704	27	1.0000	0	0		
rank	lit-l2	(set)	large-subject-throughput	plain	same program	pcrec_a32bc86e_auto-caps-simdna_nolitrun	measured	pinned	9	stddev_ns	2485.775522	27	1.0000	0	0		
rank	lit-l2	(set)	large-subject-throughput	plain	same program	pcrec_a32bc86e_auto-caps-simdna_nolitrun	measured	pinned	9	ratio_vs_baseline	1.574538	27	1.0000	0	0		
rank	lit-l2	(set)	large-subject-throughput	plain	same program	pcrec_a32bc86e_auto-caps-simdna_nolitrun	measured	pinned	9	ratio_vs_best	1.574538	27	1.0000	0	0		
rank	lit-l2	(set)	large-subject-throughput	plain	same program	pcrec_a32bc86e_auto-caps-simdna_noaltclsfactor	measured	pinned	10	median_ns	3376165.859259	27	1.0000	0	0		
rank	lit-l2	(set)	large-subject-throughput	plain	same program	pcrec_a32bc86e_auto-caps-simdna_noaltclsfactor	measured	pinned	10	min_ns	3371880.392593	27	1.0000	0	0		
rank	lit-l2	(set)	large-subject-throughput	plain	same program	pcrec_a32bc86e_auto-caps-simdna_noaltclsfactor	measured	pinned	10	max_ns	3377504.033333	27	1.0000	0	0		
rank	lit-l2	(set)	large-subject-throughput	plain	same program	pcrec_a32bc86e_auto-caps-simdna_noaltclsfactor	measured	pinned	10	stddev_ns	1953.876102	27	1.0000	0	0		
rank	lit-l2	(set)	large-subject-throughput	plain	same program	pcrec_a32bc86e_auto-caps-simdna_noaltclsfactor	measured	pinned	10	ratio_vs_baseline	1.574922	27	1.0000	0	0		
rank	lit-l2	(set)	large-subject-throughput	plain	same program	pcrec_a32bc86e_auto-caps-simdna_noaltclsfactor	measured	pinned	10	ratio_vs_best	1.574922	27	1.0000	0	0		
rank	lit-l2	(set)	large-subject-throughput	plain	same program	libpcre2_10.46_jit-caps-simdna	measured	pinned	11	median_ns	7864388.690987	27	1.0000	0	0		
rank	lit-l2	(set)	large-subject-throughput	plain	same program	libpcre2_10.46_jit-caps-simdna	measured	pinned	11	min_ns	7633660.010730	27	1.0000	0	0		
rank	lit-l2	(set)	large-subject-throughput	plain	same program	libpcre2_10.46_jit-caps-simdna	measured	pinned	11	max_ns	9071647.461373	27	1.0000	0	0		
rank	lit-l2	(set)	large-subject-throughput	plain	same program	libpcre2_10.46_jit-caps-simdna	measured	pinned	11	stddev_ns	547519.737904	27	1.0000	0	0		
rank	lit-l2	(set)	large-subject-throughput	plain	same program	libpcre2_10.46_jit-caps-simdna	measured	pinned	11	ratio_vs_baseline	3.668600	27	1.0000	0	0		
rank	lit-l2	(set)	large-subject-throughput	plain	same program	libpcre2_10.46_jit-caps-simdna	measured	pinned	11	ratio_vs_best	3.668600	27	1.0000	0	0		
baseline	lit-l2	(set)	match-compliance			pcrec_a32bc86e_vm-caps-simdna				baseline_identity	row-best-fallback					pcrec_a32bc86e_vm-caps-simdna (row-best fallback -- interp absent from this group)	
rank	lit-l2	(set)	match-compliance	whole-subject	separate artifact	pcrec_a32bc86e_vm-caps-simdna	measured	pinned	1	median_ns	166.228191	27	1.0000	0	0		
rank	lit-l2	(set)	match-compliance	whole-subject	separate artifact	pcrec_a32bc86e_vm-caps-simdna	measured	pinned	1	min_ns	162.085492	27	1.0000	0	0		
rank	lit-l2	(set)	match-compliance	whole-subject	separate artifact	pcrec_a32bc86e_vm-caps-simdna	measured	pinned	1	max_ns	167.014572	27	1.0000	0	0		
rank	lit-l2	(set)	match-compliance	whole-subject	separate artifact	pcrec_a32bc86e_vm-caps-simdna	measured	pinned	1	stddev_ns	2.194760	27	1.0000	0	0		
rank	lit-l2	(set)	match-compliance	whole-subject	separate artifact	pcrec_a32bc86e_vm-caps-simdna	measured	pinned	1	ratio_vs_baseline	1.000000	27	1.0000	0	0		
rank	lit-l2	(set)	match-compliance	whole-subject	separate artifact	pcrec_a32bc86e_vm-caps-simdna	measured	pinned	1	ratio_vs_best	1.000000	27	1.0000	0	0		
rank	lit-l2	(set)	match-compliance	whole-subject	separate artifact	pcrec_a32bc86e_vm-caps-simdna_noaltclsfactor	measured	pinned	2	median_ns	166.264236	27	1.0000	0	0		
rank	lit-l2	(set)	match-compliance	whole-subject	separate artifact	pcrec_a32bc86e_vm-caps-simdna_noaltclsfactor	measured	pinned	2	min_ns	163.755419	27	1.0000	0	0		
rank	lit-l2	(set)	match-compliance	whole-subject	separate artifact	pcrec_a32bc86e_vm-caps-simdna_noaltclsfactor	measured	pinned	2	max_ns	166.377014	27	1.0000	0	0		
rank	lit-l2	(set)	match-compliance	whole-subject	separate artifact	pcrec_a32bc86e_vm-caps-simdna_noaltclsfactor	measured	pinned	2	stddev_ns	1.024646	27	1.0000	0	0		
rank	lit-l2	(set)	match-compliance	whole-subject	separate artifact	pcrec_a32bc86e_vm-caps-simdna_noaltclsfactor	measured	pinned	2	ratio_vs_baseline	1.000217	27	1.0000	0	0		
rank	lit-l2	(set)	match-compliance	whole-subject	separate artifact	pcrec_a32bc86e_vm-caps-simdna_noaltclsfactor	measured	pinned	2	ratio_vs_best	1.000217	27	1.0000	0	0		
rank	lit-l2	(set)	match-compliance	whole-subject	separate artifact	pcrec_a32bc86e_vm-caps-simdna_noreqbyte-noreqrun	measured	pinned	3	median_ns	174.271831	27	1.0000	0	0		
rank	lit-l2	(set)	match-compliance	whole-subject	separate artifact	pcrec_a32bc86e_vm-caps-simdna_noreqbyte-noreqrun	measured	pinned	3	min_ns	174.031594	27	1.0000	0	0		
rank	lit-l2	(set)	match-compliance	whole-subject	separate artifact	pcrec_a32bc86e_vm-caps-simdna_noreqbyte-noreqrun	measured	pinned	3	max_ns	174.309315	27	1.0000	0	0		
rank	lit-l2	(set)	match-compliance	whole-subject	separate artifact	pcrec_a32bc86e_vm-caps-simdna_noreqbyte-noreqrun	measured	pinned	3	stddev_ns	0.103302	27	1.0000	0	0		
rank	lit-l2	(set)	match-compliance	whole-subject	separate artifact	pcrec_a32bc86e_vm-caps-simdna_noreqbyte-noreqrun	measured	pinned	3	ratio_vs_baseline	1.048389	27	1.0000	0	0		
rank	lit-l2	(set)	match-compliance	whole-subject	separate artifact	pcrec_a32bc86e_vm-caps-simdna_noreqbyte-noreqrun	measured	pinned	3	ratio_vs_best	1.048389	27	1.0000	0	0		
rank	lit-l2	(set)	match-compliance	whole-subject	separate artifact	pcrec_a32bc86e_vm-caps-simdna_noaltclsfactor-nolitrun	measured	pinned	4	median_ns	182.184059	27	1.0000	0	0		
rank	lit-l2	(set)	match-compliance	whole-subject	separate artifact	pcrec_a32bc86e_vm-caps-simdna_noaltclsfactor-nolitrun	measured	pinned	4	min_ns	178.074116	27	1.0000	0	0		
rank	lit-l2	(set)	match-compliance	whole-subject	separate artifact	pcrec_a32bc86e_vm-caps-simdna_noaltclsfactor-nolitrun	measured	pinned	4	max_ns	182.315888	27	1.0000	0	0		
rank	lit-l2	(set)	match-compliance	whole-subject	separate artifact	pcrec_a32bc86e_vm-caps-simdna_noaltclsfactor-nolitrun	measured	pinned	4	stddev_ns	2.005135	27	1.0000	0	0		
rank	lit-l2	(set)	match-compliance	whole-subject	separate artifact	pcrec_a32bc86e_vm-caps-simdna_noaltclsfactor-nolitrun	measured	pinned	4	ratio_vs_baseline	1.095988	27	1.0000	0	0		
rank	lit-l2	(set)	match-compliance	whole-subject	separate artifact	pcrec_a32bc86e_vm-caps-simdna_noaltclsfactor-nolitrun	measured	pinned	4	ratio_vs_best	1.095988	27	1.0000	0	0		
rank	lit-l2	(set)	match-compliance	whole-subject	separate artifact	pcrec_a32bc86e_vm-caps-simdna_nolitrun	measured	pinned	5	median_ns	182.199505	27	1.0000	0	0		
rank	lit-l2	(set)	match-compliance	whole-subject	separate artifact	pcrec_a32bc86e_vm-caps-simdna_nolitrun	measured	pinned	5	min_ns	178.064722	27	1.0000	0	0		
rank	lit-l2	(set)	match-compliance	whole-subject	separate artifact	pcrec_a32bc86e_vm-caps-simdna_nolitrun	measured	pinned	5	max_ns	182.738411	27	1.0000	0	0		
rank	lit-l2	(set)	match-compliance	whole-subject	separate artifact	pcrec_a32bc86e_vm-caps-simdna_nolitrun	measured	pinned	5	stddev_ns	2.128988	27	1.0000	0	0		
rank	lit-l2	(set)	match-compliance	whole-subject	separate artifact	pcrec_a32bc86e_vm-caps-simdna_nolitrun	measured	pinned	5	ratio_vs_baseline	1.096081	27	1.0000	0	0		
rank	lit-l2	(set)	match-compliance	whole-subject	separate artifact	pcrec_a32bc86e_vm-caps-simdna_nolitrun	measured	pinned	5	ratio_vs_best	1.096081	27	1.0000	0	0		
rank	lit-l2	(set)	match-compliance	whole-subject	separate artifact	pcrec_a32bc86e_vm-caps-simdna_noreqbyte-noreqrun-nolitrun	measured	pinned	6	median_ns	182.533516	27	1.0000	0	0		
rank	lit-l2	(set)	match-compliance	whole-subject	separate artifact	pcrec_a32bc86e_vm-caps-simdna_noreqbyte-noreqrun-nolitrun	measured	pinned	6	min_ns	178.412802	27	1.0000	0	0		
rank	lit-l2	(set)	match-compliance	whole-subject	separate artifact	pcrec_a32bc86e_vm-caps-simdna_noreqbyte-noreqrun-nolitrun	measured	pinned	6	max_ns	182.717001	27	1.0000	0	0		
rank	lit-l2	(set)	match-compliance	whole-subject	separate artifact	pcrec_a32bc86e_vm-caps-simdna_noreqbyte-noreqrun-nolitrun	measured	pinned	6	stddev_ns	2.039092	27	1.0000	0	0		
rank	lit-l2	(set)	match-compliance	whole-subject	separate artifact	pcrec_a32bc86e_vm-caps-simdna_noreqbyte-noreqrun-nolitrun	measured	pinned	6	ratio_vs_baseline	1.098090	27	1.0000	0	0		
rank	lit-l2	(set)	match-compliance	whole-subject	separate artifact	pcrec_a32bc86e_vm-caps-simdna_noreqbyte-noreqrun-nolitrun	measured	pinned	6	ratio_vs_best	1.098090	27	1.0000	0	0		
rank	lit-l2	(set)	match-compliance	whole-subject	separate artifact	pcrec_a32bc86e_auto-caps-simdna_noaltclsfactor	measured	pinned	7	median_ns	296.519473	27	1.0000	0	0		
rank	lit-l2	(set)	match-compliance	whole-subject	separate artifact	pcrec_a32bc86e_auto-caps-simdna_noaltclsfactor	measured	pinned	7	min_ns	296.099831	27	1.0000	0	0		
rank	lit-l2	(set)	match-compliance	whole-subject	separate artifact	pcrec_a32bc86e_auto-caps-simdna_noaltclsfactor	measured	pinned	7	max_ns	299.584588	27	1.0000	0	0		
rank	lit-l2	(set)	match-compliance	whole-subject	separate artifact	pcrec_a32bc86e_auto-caps-simdna_noaltclsfactor	measured	pinned	7	stddev_ns	1.551851	27	1.0000	0	0		
rank	lit-l2	(set)	match-compliance	whole-subject	separate artifact	pcrec_a32bc86e_auto-caps-simdna_noaltclsfactor	measured	pinned	7	ratio_vs_baseline	1.783810	27	1.0000	0	0		
rank	lit-l2	(set)	match-compliance	whole-subject	separate artifact	pcrec_a32bc86e_auto-caps-simdna_noaltclsfactor	measured	pinned	7	ratio_vs_best	1.783810	27	1.0000	0	0		
rank	lit-l2	(set)	match-compliance	whole-subject	separate artifact	pcrec_a32bc86e_auto-caps-simdna	measured	pinned	8	median_ns	296.875262	27	1.0000	0	0		
rank	lit-l2	(set)	match-compliance	whole-subject	separate artifact	pcrec_a32bc86e_auto-caps-simdna	measured	pinned	8	min_ns	296.038541	27	1.0000	0	0		
rank	lit-l2	(set)	match-compliance	whole-subject	separate artifact	pcrec_a32bc86e_auto-caps-simdna	measured	pinned	8	max_ns	300.242605	27	1.0000	0	0		
rank	lit-l2	(set)	match-compliance	whole-subject	separate artifact	pcrec_a32bc86e_auto-caps-simdna	measured	pinned	8	stddev_ns	1.757079	27	1.0000	0	0		
rank	lit-l2	(set)	match-compliance	whole-subject	separate artifact	pcrec_a32bc86e_auto-caps-simdna	measured	pinned	8	ratio_vs_baseline	1.785950	27	1.0000	0	0		
rank	lit-l2	(set)	match-compliance	whole-subject	separate artifact	pcrec_a32bc86e_auto-caps-simdna	measured	pinned	8	ratio_vs_best	1.785950	27	1.0000	0	0		
rank	lit-l2	(set)	match-compliance	whole-subject	separate artifact	pcrec_a32bc86e_auto-caps-simdna_noaltclsfactor-nolitrun	measured	pinned	9	median_ns	299.855585	27	1.0000	0	0		
rank	lit-l2	(set)	match-compliance	whole-subject	separate artifact	pcrec_a32bc86e_auto-caps-simdna_noaltclsfactor-nolitrun	measured	pinned	9	min_ns	296.944071	27	1.0000	0	0		
rank	lit-l2	(set)	match-compliance	whole-subject	separate artifact	pcrec_a32bc86e_auto-caps-simdna_noaltclsfactor-nolitrun	measured	pinned	9	max_ns	302.917371	27	1.0000	0	0		
rank	lit-l2	(set)	match-compliance	whole-subject	separate artifact	pcrec_a32bc86e_auto-caps-simdna_noaltclsfactor-nolitrun	measured	pinned	9	stddev_ns	1.972657	27	1.0000	0	0		
rank	lit-l2	(set)	match-compliance	whole-subject	separate artifact	pcrec_a32bc86e_auto-caps-simdna_noaltclsfactor-nolitrun	measured	pinned	9	ratio_vs_baseline	1.803879	27	1.0000	0	0		
rank	lit-l2	(set)	match-compliance	whole-subject	separate artifact	pcrec_a32bc86e_auto-caps-simdna_noaltclsfactor-nolitrun	measured	pinned	9	ratio_vs_best	1.803879	27	1.0000	0	0		
rank	lit-l2	(set)	match-compliance	whole-subject	separate artifact	pcrec_a32bc86e_auto-caps-simdna_nolitrun	measured	pinned	10	median_ns	300.551262	27	1.0000	0	0		
rank	lit-l2	(set)	match-compliance	whole-subject	separate artifact	pcrec_a32bc86e_auto-caps-simdna_nolitrun	measured	pinned	10	min_ns	296.851970	27	1.0000	0	0		
rank	lit-l2	(set)	match-compliance	whole-subject	separate artifact	pcrec_a32bc86e_auto-caps-simdna_nolitrun	measured	pinned	10	max_ns	301.038307	27	1.0000	0	0		
rank	lit-l2	(set)	match-compliance	whole-subject	separate artifact	pcrec_a32bc86e_auto-caps-simdna_nolitrun	measured	pinned	10	stddev_ns	1.524654	27	1.0000	0	0		
rank	lit-l2	(set)	match-compliance	whole-subject	separate artifact	pcrec_a32bc86e_auto-caps-simdna_nolitrun	measured	pinned	10	ratio_vs_baseline	1.808064	27	1.0000	0	0		
rank	lit-l2	(set)	match-compliance	whole-subject	separate artifact	pcrec_a32bc86e_auto-caps-simdna_nolitrun	measured	pinned	10	ratio_vs_best	1.808064	27	1.0000	0	0		
rank	lit-l2	(set)	match-compliance	plain	same program	libpcre2_10.46_jit-caps-simdna	measured	pinned	11	median_ns	1614.823291	27	1.0000	0	0		
rank	lit-l2	(set)	match-compliance	plain	same program	libpcre2_10.46_jit-caps-simdna	measured	pinned	11	min_ns	1593.697168	27	1.0000	0	0		
rank	lit-l2	(set)	match-compliance	plain	same program	libpcre2_10.46_jit-caps-simdna	measured	pinned	11	max_ns	1651.224922	27	1.0000	0	0		
rank	lit-l2	(set)	match-compliance	plain	same program	libpcre2_10.46_jit-caps-simdna	measured	pinned	11	stddev_ns	21.261795	27	1.0000	0	0		
rank	lit-l2	(set)	match-compliance	plain	same program	libpcre2_10.46_jit-caps-simdna	measured	pinned	11	ratio_vs_baseline	9.714497	27	1.0000	0	0		
rank	lit-l2	(set)	match-compliance	plain	same program	libpcre2_10.46_jit-caps-simdna	measured	pinned	11	ratio_vs_best	9.714497	27	1.0000	0	0		
baseline	lit-l2	(set)	short-subject-search			pcrec_a32bc86e_auto-caps-simdna_noaltclsfactor-nolitrun				baseline_identity	row-best-fallback					pcrec_a32bc86e_auto-caps-simdna_noaltclsfactor-nolitrun (row-best fallback -- interp absent from this group)	
rank	lit-l2	(set)	short-subject-search	plain	same program	pcrec_a32bc86e_auto-caps-simdna_noaltclsfactor-nolitrun	measured	pinned	1	median_ns	433.157649	27	1.0000	0	0		
rank	lit-l2	(set)	short-subject-search	plain	same program	pcrec_a32bc86e_auto-caps-simdna_noaltclsfactor-nolitrun	measured	pinned	1	min_ns	430.819073	27	1.0000	0	0		
rank	lit-l2	(set)	short-subject-search	plain	same program	pcrec_a32bc86e_auto-caps-simdna_noaltclsfactor-nolitrun	measured	pinned	1	max_ns	437.008927	27	1.0000	0	0		
rank	lit-l2	(set)	short-subject-search	plain	same program	pcrec_a32bc86e_auto-caps-simdna_noaltclsfactor-nolitrun	measured	pinned	1	stddev_ns	2.343727	27	1.0000	0	0		
rank	lit-l2	(set)	short-subject-search	plain	same program	pcrec_a32bc86e_auto-caps-simdna_noaltclsfactor-nolitrun	measured	pinned	1	ratio_vs_baseline	1.000000	27	1.0000	0	0		
rank	lit-l2	(set)	short-subject-search	plain	same program	pcrec_a32bc86e_auto-caps-simdna_noaltclsfactor-nolitrun	measured	pinned	1	ratio_vs_best	1.000000	27	1.0000	0	0		
rank	lit-l2	(set)	short-subject-search	plain	same program	pcrec_a32bc86e_auto-caps-simdna_nolitrun	measured	pinned	2	median_ns	433.263581	27	1.0000	0	0		
rank	lit-l2	(set)	short-subject-search	plain	same program	pcrec_a32bc86e_auto-caps-simdna_nolitrun	measured	pinned	2	min_ns	430.995188	27	1.0000	0	0		
rank	lit-l2	(set)	short-subject-search	plain	same program	pcrec_a32bc86e_auto-caps-simdna_nolitrun	measured	pinned	2	max_ns	439.727855	27	1.0000	0	0		
rank	lit-l2	(set)	short-subject-search	plain	same program	pcrec_a32bc86e_auto-caps-simdna_nolitrun	measured	pinned	2	stddev_ns	3.025201	27	1.0000	0	0		
rank	lit-l2	(set)	short-subject-search	plain	same program	pcrec_a32bc86e_auto-caps-simdna_nolitrun	measured	pinned	2	ratio_vs_baseline	1.000245	27	1.0000	0	0		
rank	lit-l2	(set)	short-subject-search	plain	same program	pcrec_a32bc86e_auto-caps-simdna_nolitrun	measured	pinned	2	ratio_vs_best	1.000245	27	1.0000	0	0		
rank	lit-l2	(set)	short-subject-search	plain	same program	pcrec_a32bc86e_auto-caps-simdna	measured	pinned	3	median_ns	434.532050	27	1.0000	0	0		
rank	lit-l2	(set)	short-subject-search	plain	same program	pcrec_a32bc86e_auto-caps-simdna	measured	pinned	3	min_ns	434.067686	27	1.0000	0	0		
rank	lit-l2	(set)	short-subject-search	plain	same program	pcrec_a32bc86e_auto-caps-simdna	measured	pinned	3	max_ns	437.168493	27	1.0000	0	0		
rank	lit-l2	(set)	short-subject-search	plain	same program	pcrec_a32bc86e_auto-caps-simdna	measured	pinned	3	stddev_ns	1.323274	27	1.0000	0	0		
rank	lit-l2	(set)	short-subject-search	plain	same program	pcrec_a32bc86e_auto-caps-simdna	measured	pinned	3	ratio_vs_baseline	1.003173	27	1.0000	0	0		
rank	lit-l2	(set)	short-subject-search	plain	same program	pcrec_a32bc86e_auto-caps-simdna	measured	pinned	3	ratio_vs_best	1.003173	27	1.0000	0	0		
rank	lit-l2	(set)	short-subject-search	plain	same program	pcrec_a32bc86e_vm-caps-simdna_nolitrun	measured	pinned	4	median_ns	440.863741	27	1.0000	0	0		
rank	lit-l2	(set)	short-subject-search	plain	same program	pcrec_a32bc86e_vm-caps-simdna_nolitrun	measured	pinned	4	min_ns	435.993093	27	1.0000	0	0		
rank	lit-l2	(set)	short-subject-search	plain	same program	pcrec_a32bc86e_vm-caps-simdna_nolitrun	measured	pinned	4	max_ns	447.600670	27	1.0000	0	0		
rank	lit-l2	(set)	short-subject-search	plain	same program	pcrec_a32bc86e_vm-caps-simdna_nolitrun	measured	pinned	4	stddev_ns	4.185915	27	1.0000	0	0		
rank	lit-l2	(set)	short-subject-search	plain	same program	pcrec_a32bc86e_vm-caps-simdna_nolitrun	measured	pinned	4	ratio_vs_baseline	1.017791	27	1.0000	0	0		
rank	lit-l2	(set)	short-subject-search	plain	same program	pcrec_a32bc86e_vm-caps-simdna_nolitrun	measured	pinned	4	ratio_vs_best	1.017791	27	1.0000	0	0		
rank	lit-l2	(set)	short-subject-search	plain	same program	pcrec_a32bc86e_vm-caps-simdna_noaltclsfactor-nolitrun	measured	pinned	5	median_ns	443.803361	27	1.0000	0	0		
rank	lit-l2	(set)	short-subject-search	plain	same program	pcrec_a32bc86e_vm-caps-simdna_noaltclsfactor-nolitrun	measured	pinned	5	min_ns	441.315402	27	1.0000	0	0		
rank	lit-l2	(set)	short-subject-search	plain	same program	pcrec_a32bc86e_vm-caps-simdna_noaltclsfactor-nolitrun	measured	pinned	5	max_ns	445.339471	27	1.0000	0	0		
rank	lit-l2	(set)	short-subject-search	plain	same program	pcrec_a32bc86e_vm-caps-simdna_noaltclsfactor-nolitrun	measured	pinned	5	stddev_ns	1.462069	27	1.0000	0	0		
rank	lit-l2	(set)	short-subject-search	plain	same program	pcrec_a32bc86e_vm-caps-simdna_noaltclsfactor-nolitrun	measured	pinned	5	ratio_vs_baseline	1.024577	27	1.0000	0	0		
rank	lit-l2	(set)	short-subject-search	plain	same program	pcrec_a32bc86e_vm-caps-simdna_noaltclsfactor-nolitrun	measured	pinned	5	ratio_vs_best	1.024577	27	1.0000	0	0		
rank	lit-l2	(set)	short-subject-search	plain	same program	pcrec_a32bc86e_vm-caps-simdna_noaltclsfactor	measured	pinned	6	median_ns	462.011397	27	1.0000	0	0		
rank	lit-l2	(set)	short-subject-search	plain	same program	pcrec_a32bc86e_vm-caps-simdna_noaltclsfactor	measured	pinned	6	min_ns	458.037951	27	1.0000	0	0		
rank	lit-l2	(set)	short-subject-search	plain	same program	pcrec_a32bc86e_vm-caps-simdna_noaltclsfactor	measured	pinned	6	max_ns	466.263528	27	1.0000	0	0		
rank	lit-l2	(set)	short-subject-search	plain	same program	pcrec_a32bc86e_vm-caps-simdna_noaltclsfactor	measured	pinned	6	stddev_ns	2.668868	27	1.0000	0	0		
rank	lit-l2	(set)	short-subject-search	plain	same program	pcrec_a32bc86e_vm-caps-simdna_noaltclsfactor	measured	pinned	6	ratio_vs_baseline	1.066613	27	1.0000	0	0		
rank	lit-l2	(set)	short-subject-search	plain	same program	pcrec_a32bc86e_vm-caps-simdna_noaltclsfactor	measured	pinned	6	ratio_vs_best	1.066613	27	1.0000	0	0		
rank	lit-l2	(set)	short-subject-search	plain	same program	pcrec_a32bc86e_vm-caps-simdna	measured	pinned	7	median_ns	466.449765	27	1.0000	0	0		
rank	lit-l2	(set)	short-subject-search	plain	same program	pcrec_a32bc86e_vm-caps-simdna	measured	pinned	7	min_ns	464.085716	27	1.0000	0	0		
rank	lit-l2	(set)	short-subject-search	plain	same program	pcrec_a32bc86e_vm-caps-simdna	measured	pinned	7	max_ns	472.886737	27	1.0000	0	0		
rank	lit-l2	(set)	short-subject-search	plain	same program	pcrec_a32bc86e_vm-caps-simdna	measured	pinned	7	stddev_ns	3.415593	27	1.0000	0	0		
rank	lit-l2	(set)	short-subject-search	plain	same program	pcrec_a32bc86e_vm-caps-simdna	measured	pinned	7	ratio_vs_baseline	1.076859	27	1.0000	0	0		
rank	lit-l2	(set)	short-subject-search	plain	same program	pcrec_a32bc86e_vm-caps-simdna	measured	pinned	7	ratio_vs_best	1.076859	27	1.0000	0	0		
rank	lit-l2	(set)	short-subject-search	plain	same program	pcrec_a32bc86e_vm-caps-simdna_noreqbyte-noreqrun	measured	pinned	8	median_ns	466.468468	27	1.0000	0	0		
rank	lit-l2	(set)	short-subject-search	plain	same program	pcrec_a32bc86e_vm-caps-simdna_noreqbyte-noreqrun	measured	pinned	8	min_ns	466.020018	27	1.0000	0	0		
rank	lit-l2	(set)	short-subject-search	plain	same program	pcrec_a32bc86e_vm-caps-simdna_noreqbyte-noreqrun	measured	pinned	8	max_ns	468.583567	27	1.0000	0	0		
rank	lit-l2	(set)	short-subject-search	plain	same program	pcrec_a32bc86e_vm-caps-simdna_noreqbyte-noreqrun	measured	pinned	8	stddev_ns	1.028906	27	1.0000	0	0		
rank	lit-l2	(set)	short-subject-search	plain	same program	pcrec_a32bc86e_vm-caps-simdna_noreqbyte-noreqrun	measured	pinned	8	ratio_vs_baseline	1.076902	27	1.0000	0	0		
rank	lit-l2	(set)	short-subject-search	plain	same program	pcrec_a32bc86e_vm-caps-simdna_noreqbyte-noreqrun	measured	pinned	8	ratio_vs_best	1.076902	27	1.0000	0	0		
rank	lit-l2	(set)	short-subject-search	plain	same program	pcrec_a32bc86e_vm-caps-simdna_noreqbyte-noreqrun-nolitrun	measured	pinned	9	median_ns	483.834511	27	1.0000	0	0		
rank	lit-l2	(set)	short-subject-search	plain	same program	pcrec_a32bc86e_vm-caps-simdna_noreqbyte-noreqrun-nolitrun	measured	pinned	9	min_ns	482.562280	27	1.0000	0	0		
rank	lit-l2	(set)	short-subject-search	plain	same program	pcrec_a32bc86e_vm-caps-simdna_noreqbyte-noreqrun-nolitrun	measured	pinned	9	max_ns	485.733634	27	1.0000	0	0		
rank	lit-l2	(set)	short-subject-search	plain	same program	pcrec_a32bc86e_vm-caps-simdna_noreqbyte-noreqrun-nolitrun	measured	pinned	9	stddev_ns	1.064404	27	1.0000	0	0		
rank	lit-l2	(set)	short-subject-search	plain	same program	pcrec_a32bc86e_vm-caps-simdna_noreqbyte-noreqrun-nolitrun	measured	pinned	9	ratio_vs_baseline	1.116994	27	1.0000	0	0		
rank	lit-l2	(set)	short-subject-search	plain	same program	pcrec_a32bc86e_vm-caps-simdna_noreqbyte-noreqrun-nolitrun	measured	pinned	9	ratio_vs_best	1.116994	27	1.0000	0	0		
rank	lit-l2	(set)	short-subject-search	plain	same program	pcrec_a32bc86e_auto-caps-simdna_noaltclsfactor	measured	pinned	10	median_ns	503.749092	27	1.0000	0	0		
rank	lit-l2	(set)	short-subject-search	plain	same program	pcrec_a32bc86e_auto-caps-simdna_noaltclsfactor	measured	pinned	10	min_ns	503.491714	27	1.0000	0	0		
rank	lit-l2	(set)	short-subject-search	plain	same program	pcrec_a32bc86e_auto-caps-simdna_noaltclsfactor	measured	pinned	10	max_ns	506.455186	27	1.0000	0	0		
rank	lit-l2	(set)	short-subject-search	plain	same program	pcrec_a32bc86e_auto-caps-simdna_noaltclsfactor	measured	pinned	10	stddev_ns	1.124247	27	1.0000	0	0		
rank	lit-l2	(set)	short-subject-search	plain	same program	pcrec_a32bc86e_auto-caps-simdna_noaltclsfactor	measured	pinned	10	ratio_vs_baseline	1.162969	27	1.0000	0	0		
rank	lit-l2	(set)	short-subject-search	plain	same program	pcrec_a32bc86e_auto-caps-simdna_noaltclsfactor	measured	pinned	10	ratio_vs_best	1.162969	27	1.0000	0	0		
rank	lit-l2	(set)	short-subject-search	plain	same program	libpcre2_10.46_jit-caps-simdna	measured	pinned	11	median_ns	1243.531073	27	1.0000	0	0		
rank	lit-l2	(set)	short-subject-search	plain	same program	libpcre2_10.46_jit-caps-simdna	measured	pinned	11	min_ns	1131.579309	27	1.0000	0	0		
rank	lit-l2	(set)	short-subject-search	plain	same program	libpcre2_10.46_jit-caps-simdna	measured	pinned	11	max_ns	1575.781467	27	1.0000	0	0		
rank	lit-l2	(set)	short-subject-search	plain	same program	libpcre2_10.46_jit-caps-simdna	measured	pinned	11	stddev_ns	160.452470	27	1.0000	0	0		
rank	lit-l2	(set)	short-subject-search	plain	same program	libpcre2_10.46_jit-caps-simdna	measured	pinned	11	ratio_vs_baseline	2.870851	27	1.0000	0	0		
rank	lit-l2	(set)	short-subject-search	plain	same program	libpcre2_10.46_jit-caps-simdna	measured	pinned	11	ratio_vs_best	2.870851	27	1.0000	0	0		
baseline	lit-l3	(set)	large-subject-throughput			pcrec_a32bc86e_vm-caps-simdna_noreqbyte-noreqrun				baseline_identity	row-best-fallback					pcrec_a32bc86e_vm-caps-simdna_noreqbyte-noreqrun (row-best fallback -- interp absent from this group)	
rank	lit-l3	(set)	large-subject-throughput	plain	same program	pcrec_a32bc86e_vm-caps-simdna_noreqbyte-noreqrun	measured	pinned	1	median_ns	1538754.985772	27	1.0000	0	0		
rank	lit-l3	(set)	large-subject-throughput	plain	same program	pcrec_a32bc86e_vm-caps-simdna_noreqbyte-noreqrun	measured	pinned	1	min_ns	1528768.173780	27	1.0000	0	0		
rank	lit-l3	(set)	large-subject-throughput	plain	same program	pcrec_a32bc86e_vm-caps-simdna_noreqbyte-noreqrun	measured	pinned	1	max_ns	1552297.119919	27	1.0000	0	0		
rank	lit-l3	(set)	large-subject-throughput	plain	same program	pcrec_a32bc86e_vm-caps-simdna_noreqbyte-noreqrun	measured	pinned	1	stddev_ns	8101.455647	27	1.0000	0	0		
rank	lit-l3	(set)	large-subject-throughput	plain	same program	pcrec_a32bc86e_vm-caps-simdna_noreqbyte-noreqrun	measured	pinned	1	ratio_vs_baseline	1.000000	27	1.0000	0	0		
rank	lit-l3	(set)	large-subject-throughput	plain	same program	pcrec_a32bc86e_vm-caps-simdna_noreqbyte-noreqrun	measured	pinned	1	ratio_vs_best	1.000000	27	1.0000	0	0		
rank	lit-l3	(set)	large-subject-throughput	plain	same program	pcrec_a32bc86e_vm-caps-simdna_noreqbyte-noreqrun-nolitrun	measured	pinned	2	median_ns	2029240.324503	27	1.0000	0	0		
rank	lit-l3	(set)	large-subject-throughput	plain	same program	pcrec_a32bc86e_vm-caps-simdna_noreqbyte-noreqrun-nolitrun	measured	pinned	2	min_ns	2005931.973510	27	1.0000	0	0		
rank	lit-l3	(set)	large-subject-throughput	plain	same program	pcrec_a32bc86e_vm-caps-simdna_noreqbyte-noreqrun-nolitrun	measured	pinned	2	max_ns	2065059.185430	27	1.0000	0	0		
rank	lit-l3	(set)	large-subject-throughput	plain	same program	pcrec_a32bc86e_vm-caps-simdna_noreqbyte-noreqrun-nolitrun	measured	pinned	2	stddev_ns	21949.193886	27	1.0000	0	0		
rank	lit-l3	(set)	large-subject-throughput	plain	same program	pcrec_a32bc86e_vm-caps-simdna_noreqbyte-noreqrun-nolitrun	measured	pinned	2	ratio_vs_baseline	1.318755	27	1.0000	0	0		
rank	lit-l3	(set)	large-subject-throughput	plain	same program	pcrec_a32bc86e_vm-caps-simdna_noreqbyte-noreqrun-nolitrun	measured	pinned	2	ratio_vs_best	1.318755	27	1.0000	0	0		
rank	lit-l3	(set)	large-subject-throughput	plain	same program	pcrec_a32bc86e_vm-caps-simdna_noaltclsfactor	measured	pinned	3	median_ns	2528784.382084	27	1.0000	0	0		
rank	lit-l3	(set)	large-subject-throughput	plain	same program	pcrec_a32bc86e_vm-caps-simdna_noaltclsfactor	measured	pinned	3	min_ns	2526258.553931	27	1.0000	0	0		
rank	lit-l3	(set)	large-subject-throughput	plain	same program	pcrec_a32bc86e_vm-caps-simdna_noaltclsfactor	measured	pinned	3	max_ns	2546598.414991	27	1.0000	0	0		
rank	lit-l3	(set)	large-subject-throughput	plain	same program	pcrec_a32bc86e_vm-caps-simdna_noaltclsfactor	measured	pinned	3	stddev_ns	7459.047001	27	1.0000	0	0		
rank	lit-l3	(set)	large-subject-throughput	plain	same program	pcrec_a32bc86e_vm-caps-simdna_noaltclsfactor	measured	pinned	3	ratio_vs_baseline	1.643396	27	1.0000	0	0		
rank	lit-l3	(set)	large-subject-throughput	plain	same program	pcrec_a32bc86e_vm-caps-simdna_noaltclsfactor	measured	pinned	3	ratio_vs_best	1.643396	27	1.0000	0	0		
rank	lit-l3	(set)	large-subject-throughput	plain	same program	pcrec_a32bc86e_vm-caps-simdna	measured	pinned	4	median_ns	2529135.561670	27	1.0000	0	0		
rank	lit-l3	(set)	large-subject-throughput	plain	same program	pcrec_a32bc86e_vm-caps-simdna	measured	pinned	4	min_ns	2525840.652751	27	1.0000	0	0		
rank	lit-l3	(set)	large-subject-throughput	plain	same program	pcrec_a32bc86e_vm-caps-simdna	measured	pinned	4	max_ns	2537355.464896	27	1.0000	0	0		
rank	lit-l3	(set)	large-subject-throughput	plain	same program	pcrec_a32bc86e_vm-caps-simdna	measured	pinned	4	stddev_ns	4131.279915	27	1.0000	0	0		
rank	lit-l3	(set)	large-subject-throughput	plain	same program	pcrec_a32bc86e_vm-caps-simdna	measured	pinned	4	ratio_vs_baseline	1.643625	27	1.0000	0	0		
rank	lit-l3	(set)	large-subject-throughput	plain	same program	pcrec_a32bc86e_vm-caps-simdna	measured	pinned	4	ratio_vs_best	1.643625	27	1.0000	0	0		
rank	lit-l3	(set)	large-subject-throughput	plain	same program	pcrec_a32bc86e_vm-caps-simdna_noaltclsfactor-nolitrun	measured	pinned	5	median_ns	2682721.071984	27	1.0000	0	0		
rank	lit-l3	(set)	large-subject-throughput	plain	same program	pcrec_a32bc86e_vm-caps-simdna_noaltclsfactor-nolitrun	measured	pinned	5	min_ns	2679796.661479	27	1.0000	0	0		
rank	lit-l3	(set)	large-subject-throughput	plain	same program	pcrec_a32bc86e_vm-caps-simdna_noaltclsfactor-nolitrun	measured	pinned	5	max_ns	2683486.321012	27	1.0000	0	0		
rank	lit-l3	(set)	large-subject-throughput	plain	same program	pcrec_a32bc86e_vm-caps-simdna_noaltclsfactor-nolitrun	measured	pinned	5	stddev_ns	1521.288955	27	1.0000	0	0		
rank	lit-l3	(set)	large-subject-throughput	plain	same program	pcrec_a32bc86e_vm-caps-simdna_noaltclsfactor-nolitrun	measured	pinned	5	ratio_vs_baseline	1.743436	27	1.0000	0	0		
rank	lit-l3	(set)	large-subject-throughput	plain	same program	pcrec_a32bc86e_vm-caps-simdna_noaltclsfactor-nolitrun	measured	pinned	5	ratio_vs_best	1.743436	27	1.0000	0	0		
rank	lit-l3	(set)	large-subject-throughput	plain	same program	pcrec_a32bc86e_vm-caps-simdna_nolitrun	measured	pinned	6	median_ns	2683835.831703	27	1.0000	0	0		
rank	lit-l3	(set)	large-subject-throughput	plain	same program	pcrec_a32bc86e_vm-caps-simdna_nolitrun	measured	pinned	6	min_ns	2682737.273973	27	1.0000	0	0		
rank	lit-l3	(set)	large-subject-throughput	plain	same program	pcrec_a32bc86e_vm-caps-simdna_nolitrun	measured	pinned	6	max_ns	2688875.033268	27	1.0000	0	0		
rank	lit-l3	(set)	large-subject-throughput	plain	same program	pcrec_a32bc86e_vm-caps-simdna_nolitrun	measured	pinned	6	stddev_ns	2256.610999	27	1.0000	0	0		
rank	lit-l3	(set)	large-subject-throughput	plain	same program	pcrec_a32bc86e_vm-caps-simdna_nolitrun	measured	pinned	6	ratio_vs_baseline	1.744161	27	1.0000	0	0		
rank	lit-l3	(set)	large-subject-throughput	plain	same program	pcrec_a32bc86e_vm-caps-simdna_nolitrun	measured	pinned	6	ratio_vs_best	1.744161	27	1.0000	0	0		
rank	lit-l3	(set)	large-subject-throughput	plain	same program	pcrec_a32bc86e_auto-caps-simdna	measured	pinned	7	median_ns	3427996.730072	27	1.0000	0	0		
rank	lit-l3	(set)	large-subject-throughput	plain	same program	pcrec_a32bc86e_auto-caps-simdna	measured	pinned	7	min_ns	3408064.211957	27	1.0000	0	0		
rank	lit-l3	(set)	large-subject-throughput	plain	same program	pcrec_a32bc86e_auto-caps-simdna	measured	pinned	7	max_ns	3431277.817029	27	1.0000	0	0		
rank	lit-l3	(set)	large-subject-throughput	plain	same program	pcrec_a32bc86e_auto-caps-simdna	measured	pinned	7	stddev_ns	10435.228933	27	1.0000	0	0		
rank	lit-l3	(set)	large-subject-throughput	plain	same program	pcrec_a32bc86e_auto-caps-simdna	measured	pinned	7	ratio_vs_baseline	2.227773	27	1.0000	0	0		
rank	lit-l3	(set)	large-subject-throughput	plain	same program	pcrec_a32bc86e_auto-caps-simdna	measured	pinned	7	ratio_vs_best	2.227773	27	1.0000	0	0		
rank	lit-l3	(set)	large-subject-throughput	plain	same program	pcrec_a32bc86e_auto-caps-simdna_nolitrun	measured	pinned	8	median_ns	3428639.581522	27	1.0000	0	0		
rank	lit-l3	(set)	large-subject-throughput	plain	same program	pcrec_a32bc86e_auto-caps-simdna_nolitrun	measured	pinned	8	min_ns	3410120.159420	27	1.0000	0	0		
rank	lit-l3	(set)	large-subject-throughput	plain	same program	pcrec_a32bc86e_auto-caps-simdna_nolitrun	measured	pinned	8	max_ns	3430441.021739	27	1.0000	0	0		
rank	lit-l3	(set)	large-subject-throughput	plain	same program	pcrec_a32bc86e_auto-caps-simdna_nolitrun	measured	pinned	8	stddev_ns	9039.429403	27	1.0000	0	0		
rank	lit-l3	(set)	large-subject-throughput	plain	same program	pcrec_a32bc86e_auto-caps-simdna_nolitrun	measured	pinned	8	ratio_vs_baseline	2.228191	27	1.0000	0	0		
rank	lit-l3	(set)	large-subject-throughput	plain	same program	pcrec_a32bc86e_auto-caps-simdna_nolitrun	measured	pinned	8	ratio_vs_best	2.228191	27	1.0000	0	0		
rank	lit-l3	(set)	large-subject-throughput	plain	same program	pcrec_a32bc86e_auto-caps-simdna_noaltclsfactor	measured	pinned	9	median_ns	3429127.235935	27	1.0000	0	0		
rank	lit-l3	(set)	large-subject-throughput	plain	same program	pcrec_a32bc86e_auto-caps-simdna_noaltclsfactor	measured	pinned	9	min_ns	3411501.807623	27	1.0000	0	0		
rank	lit-l3	(set)	large-subject-throughput	plain	same program	pcrec_a32bc86e_auto-caps-simdna_noaltclsfactor	measured	pinned	9	max_ns	3430711.346642	27	1.0000	0	0		
rank	lit-l3	(set)	large-subject-throughput	plain	same program	pcrec_a32bc86e_auto-caps-simdna_noaltclsfactor	measured	pinned	9	stddev_ns	8887.174772	27	1.0000	0	0		
rank	lit-l3	(set)	large-subject-throughput	plain	same program	pcrec_a32bc86e_auto-caps-simdna_noaltclsfactor	measured	pinned	9	ratio_vs_baseline	2.228508	27	1.0000	0	0		
rank	lit-l3	(set)	large-subject-throughput	plain	same program	pcrec_a32bc86e_auto-caps-simdna_noaltclsfactor	measured	pinned	9	ratio_vs_best	2.228508	27	1.0000	0	0		
rank	lit-l3	(set)	large-subject-throughput	plain	same program	pcrec_a32bc86e_auto-caps-simdna_noaltclsfactor-nolitrun	measured	pinned	10	median_ns	3429576.815217	27	1.0000	0	0		
rank	lit-l3	(set)	large-subject-throughput	plain	same program	pcrec_a32bc86e_auto-caps-simdna_noaltclsfactor-nolitrun	measured	pinned	10	min_ns	3408773.105072	27	1.0000	0	0		
rank	lit-l3	(set)	large-subject-throughput	plain	same program	pcrec_a32bc86e_auto-caps-simdna_noaltclsfactor-nolitrun	measured	pinned	10	max_ns	3433710.675725	27	1.0000	0	0		
rank	lit-l3	(set)	large-subject-throughput	plain	same program	pcrec_a32bc86e_auto-caps-simdna_noaltclsfactor-nolitrun	measured	pinned	10	stddev_ns	9512.078724	27	1.0000	0	0		
rank	lit-l3	(set)	large-subject-throughput	plain	same program	pcrec_a32bc86e_auto-caps-simdna_noaltclsfactor-nolitrun	measured	pinned	10	ratio_vs_baseline	2.228800	27	1.0000	0	0		
rank	lit-l3	(set)	large-subject-throughput	plain	same program	pcrec_a32bc86e_auto-caps-simdna_noaltclsfactor-nolitrun	measured	pinned	10	ratio_vs_best	2.228800	27	1.0000	0	0		
rank	lit-l3	(set)	large-subject-throughput	plain	same program	libpcre2_10.46_jit-caps-simdna	measured	pinned	11	median_ns	5453881.343077	27	1.0000	0	0		
rank	lit-l3	(set)	large-subject-throughput	plain	same program	libpcre2_10.46_jit-caps-simdna	measured	pinned	11	min_ns	5303771.895385	27	1.0000	0	0		
rank	lit-l3	(set)	large-subject-throughput	plain	same program	libpcre2_10.46_jit-caps-simdna	measured	pinned	11	max_ns	6050689.069231	27	1.0000	0	0		
rank	lit-l3	(set)	large-subject-throughput	plain	same program	libpcre2_10.46_jit-caps-simdna	measured	pinned	11	stddev_ns	323736.591145	27	1.0000	0	0		
rank	lit-l3	(set)	large-subject-throughput	plain	same program	libpcre2_10.46_jit-caps-simdna	measured	pinned	11	ratio_vs_baseline	3.544347	27	1.0000	0	0		
rank	lit-l3	(set)	large-subject-throughput	plain	same program	libpcre2_10.46_jit-caps-simdna	measured	pinned	11	ratio_vs_best	3.544347	27	1.0000	0	0		
baseline	lit-l3	(set)	match-compliance			pcrec_a32bc86e_vm-caps-simdna_noreqbyte-noreqrun-nolitrun				baseline_identity	row-best-fallback					pcrec_a32bc86e_vm-caps-simdna_noreqbyte-noreqrun-nolitrun (row-best fallback -- interp absent from this group)	
rank	lit-l3	(set)	match-compliance	whole-subject	separate artifact	pcrec_a32bc86e_vm-caps-simdna_noreqbyte-noreqrun-nolitrun	measured	pinned	1	median_ns	178.988429	27	1.0000	0	0		
rank	lit-l3	(set)	match-compliance	whole-subject	separate artifact	pcrec_a32bc86e_vm-caps-simdna_noreqbyte-noreqrun-nolitrun	measured	pinned	1	min_ns	178.827578	27	1.0000	0	0		
rank	lit-l3	(set)	match-compliance	whole-subject	separate artifact	pcrec_a32bc86e_vm-caps-simdna_noreqbyte-noreqrun-nolitrun	measured	pinned	1	max_ns	180.297444	27	1.0000	0	0		
rank	lit-l3	(set)	match-compliance	whole-subject	separate artifact	pcrec_a32bc86e_vm-caps-simdna_noreqbyte-noreqrun-nolitrun	measured	pinned	1	stddev_ns	0.575893	27	1.0000	0	0		
rank	lit-l3	(set)	match-compliance	whole-subject	separate artifact	pcrec_a32bc86e_vm-caps-simdna_noreqbyte-noreqrun-nolitrun	measured	pinned	1	ratio_vs_baseline	1.000000	27	1.0000	0	0		
rank	lit-l3	(set)	match-compliance	whole-subject	separate artifact	pcrec_a32bc86e_vm-caps-simdna_noreqbyte-noreqrun-nolitrun	measured	pinned	1	ratio_vs_best	1.000000	27	1.0000	0	0		
rank	lit-l3	(set)	match-compliance	whole-subject	separate artifact	pcrec_a32bc86e_vm-caps-simdna_noaltclsfactor-nolitrun	measured	pinned	2	median_ns	179.956541	27	1.0000	0	0		
rank	lit-l3	(set)	match-compliance	whole-subject	separate artifact	pcrec_a32bc86e_vm-caps-simdna_noaltclsfactor-nolitrun	measured	pinned	2	min_ns	176.960474	27	1.0000	0	0		
rank	lit-l3	(set)	match-compliance	whole-subject	separate artifact	pcrec_a32bc86e_vm-caps-simdna_noaltclsfactor-nolitrun	measured	pinned	2	max_ns	182.374300	27	1.0000	0	0		
rank	lit-l3	(set)	match-compliance	whole-subject	separate artifact	pcrec_a32bc86e_vm-caps-simdna_noaltclsfactor-nolitrun	measured	pinned	2	stddev_ns	1.839797	27	1.0000	0	0		
rank	lit-l3	(set)	match-compliance	whole-subject	separate artifact	pcrec_a32bc86e_vm-caps-simdna_noaltclsfactor-nolitrun	measured	pinned	2	ratio_vs_baseline	1.005409	27	1.0000	0	0		
rank	lit-l3	(set)	match-compliance	whole-subject	separate artifact	pcrec_a32bc86e_vm-caps-simdna_noaltclsfactor-nolitrun	measured	pinned	2	ratio_vs_best	1.005409	27	1.0000	0	0		
rank	lit-l3	(set)	match-compliance	whole-subject	separate artifact	pcrec_a32bc86e_vm-caps-simdna_nolitrun	measured	pinned	3	median_ns	180.001134	27	1.0000	0	0		
rank	lit-l3	(set)	match-compliance	whole-subject	separate artifact	pcrec_a32bc86e_vm-caps-simdna_nolitrun	measured	pinned	3	min_ns	177.401035	27	1.0000	0	0		
rank	lit-l3	(set)	match-compliance	whole-subject	separate artifact	pcrec_a32bc86e_vm-caps-simdna_nolitrun	measured	pinned	3	max_ns	180.583097	27	1.0000	0	0		
rank	lit-l3	(set)	match-compliance	whole-subject	separate artifact	pcrec_a32bc86e_vm-caps-simdna_nolitrun	measured	pinned	3	stddev_ns	1.124579	27	1.0000	0	0		
rank	lit-l3	(set)	match-compliance	whole-subject	separate artifact	pcrec_a32bc86e_vm-caps-simdna_nolitrun	measured	pinned	3	ratio_vs_baseline	1.005658	27	1.0000	0	0		
rank	lit-l3	(set)	match-compliance	whole-subject	separate artifact	pcrec_a32bc86e_vm-caps-simdna_nolitrun	measured	pinned	3	ratio_vs_best	1.005658	27	1.0000	0	0		
rank	lit-l3	(set)	match-compliance	whole-subject	separate artifact	pcrec_a32bc86e_vm-caps-simdna_noaltclsfactor	measured	pinned	4	median_ns	181.011654	27	1.0000	0	0		
rank	lit-l3	(set)	match-compliance	whole-subject	separate artifact	pcrec_a32bc86e_vm-caps-simdna_noaltclsfactor	measured	pinned	4	min_ns	180.944340	27	1.0000	0	0		
rank	lit-l3	(set)	match-compliance	whole-subject	separate artifact	pcrec_a32bc86e_vm-caps-simdna_noaltclsfactor	measured	pinned	4	max_ns	182.869742	27	1.0000	0	0		
rank	lit-l3	(set)	match-compliance	whole-subject	separate artifact	pcrec_a32bc86e_vm-caps-simdna_noaltclsfactor	measured	pinned	4	stddev_ns	0.753550	27	1.0000	0	0		
rank	lit-l3	(set)	match-compliance	whole-subject	separate artifact	pcrec_a32bc86e_vm-caps-simdna_noaltclsfactor	measured	pinned	4	ratio_vs_baseline	1.011304	27	1.0000	0	0		
rank	lit-l3	(set)	match-compliance	whole-subject	separate artifact	pcrec_a32bc86e_vm-caps-simdna_noaltclsfactor	measured	pinned	4	ratio_vs_best	1.011304	27	1.0000	0	0		
rank	lit-l3	(set)	match-compliance	whole-subject	separate artifact	pcrec_a32bc86e_vm-caps-simdna	measured	pinned	5	median_ns	181.247419	27	1.0000	0	0		
rank	lit-l3	(set)	match-compliance	whole-subject	separate artifact	pcrec_a32bc86e_vm-caps-simdna	measured	pinned	5	min_ns	180.838800	27	1.0000	0	0		
rank	lit-l3	(set)	match-compliance	whole-subject	separate artifact	pcrec_a32bc86e_vm-caps-simdna	measured	pinned	5	max_ns	184.397463	27	1.0000	0	0		
rank	lit-l3	(set)	match-compliance	whole-subject	separate artifact	pcrec_a32bc86e_vm-caps-simdna	measured	pinned	5	stddev_ns	1.300521	27	1.0000	0	0		
rank	lit-l3	(set)	match-compliance	whole-subject	separate artifact	pcrec_a32bc86e_vm-caps-simdna	measured	pinned	5	ratio_vs_baseline	1.012621	27	1.0000	0	0		
rank	lit-l3	(set)	match-compliance	whole-subject	separate artifact	pcrec_a32bc86e_vm-caps-simdna	measured	pinned	5	ratio_vs_best	1.012621	27	1.0000	0	0		
rank	lit-l3	(set)	match-compliance	whole-subject	separate artifact	pcrec_a32bc86e_vm-caps-simdna_noreqbyte-noreqrun	measured	pinned	6	median_ns	183.143600	27	1.0000	0	0		
rank	lit-l3	(set)	match-compliance	whole-subject	separate artifact	pcrec_a32bc86e_vm-caps-simdna_noreqbyte-noreqrun	measured	pinned	6	min_ns	172.036234	27	1.0000	0	0		
rank	lit-l3	(set)	match-compliance	whole-subject	separate artifact	pcrec_a32bc86e_vm-caps-simdna_noreqbyte-noreqrun	measured	pinned	6	max_ns	191.219740	27	1.0000	0	0		
rank	lit-l3	(set)	match-compliance	whole-subject	separate artifact	pcrec_a32bc86e_vm-caps-simdna_noreqbyte-noreqrun	measured	pinned	6	stddev_ns	7.270416	27	1.0000	0	0		
rank	lit-l3	(set)	match-compliance	whole-subject	separate artifact	pcrec_a32bc86e_vm-caps-simdna_noreqbyte-noreqrun	measured	pinned	6	ratio_vs_baseline	1.023215	27	1.0000	0	0		
rank	lit-l3	(set)	match-compliance	whole-subject	separate artifact	pcrec_a32bc86e_vm-caps-simdna_noreqbyte-noreqrun	measured	pinned	6	ratio_vs_best	1.023215	27	1.0000	0	0		
rank	lit-l3	(set)	match-compliance	whole-subject	separate artifact	pcrec_a32bc86e_auto-caps-simdna_nolitrun	measured	pinned	7	median_ns	296.900973	27	1.0000	0	0		
rank	lit-l3	(set)	match-compliance	whole-subject	separate artifact	pcrec_a32bc86e_auto-caps-simdna_nolitrun	measured	pinned	7	min_ns	294.868749	27	1.0000	0	0		
rank	lit-l3	(set)	match-compliance	whole-subject	separate artifact	pcrec_a32bc86e_auto-caps-simdna_nolitrun	measured	pinned	7	max_ns	297.971593	27	1.0000	0	0		
rank	lit-l3	(set)	match-compliance	whole-subject	separate artifact	pcrec_a32bc86e_auto-caps-simdna_nolitrun	measured	pinned	7	stddev_ns	1.374458	27	1.0000	0	0		
rank	lit-l3	(set)	match-compliance	whole-subject	separate artifact	pcrec_a32bc86e_auto-caps-simdna_nolitrun	measured	pinned	7	ratio_vs_baseline	1.658772	27	1.0000	0	0		
rank	lit-l3	(set)	match-compliance	whole-subject	separate artifact	pcrec_a32bc86e_auto-caps-simdna_nolitrun	measured	pinned	7	ratio_vs_best	1.658772	27	1.0000	0	0		
rank	lit-l3	(set)	match-compliance	whole-subject	separate artifact	pcrec_a32bc86e_auto-caps-simdna	measured	pinned	8	median_ns	298.300077	27	1.0000	0	0		
rank	lit-l3	(set)	match-compliance	whole-subject	separate artifact	pcrec_a32bc86e_auto-caps-simdna	measured	pinned	8	min_ns	294.738294	27	1.0000	0	0		
rank	lit-l3	(set)	match-compliance	whole-subject	separate artifact	pcrec_a32bc86e_auto-caps-simdna	measured	pinned	8	max_ns	304.770481	27	1.0000	0	0		
rank	lit-l3	(set)	match-compliance	whole-subject	separate artifact	pcrec_a32bc86e_auto-caps-simdna	measured	pinned	8	stddev_ns	3.255291	27	1.0000	0	0		
rank	lit-l3	(set)	match-compliance	whole-subject	separate artifact	pcrec_a32bc86e_auto-caps-simdna	measured	pinned	8	ratio_vs_baseline	1.666589	27	1.0000	0	0		
rank	lit-l3	(set)	match-compliance	whole-subject	separate artifact	pcrec_a32bc86e_auto-caps-simdna	measured	pinned	8	ratio_vs_best	1.666589	27	1.0000	0	0		
rank	lit-l3	(set)	match-compliance	whole-subject	separate artifact	pcrec_a32bc86e_auto-caps-simdna_noaltclsfactor	measured	pinned	9	median_ns	298.534193	27	1.0000	0	0		
rank	lit-l3	(set)	match-compliance	whole-subject	separate artifact	pcrec_a32bc86e_auto-caps-simdna_noaltclsfactor	measured	pinned	9	min_ns	294.355648	27	1.0000	0	0		
rank	lit-l3	(set)	match-compliance	whole-subject	separate artifact	pcrec_a32bc86e_auto-caps-simdna_noaltclsfactor	measured	pinned	9	max_ns	300.793313	27	1.0000	0	0		
rank	lit-l3	(set)	match-compliance	whole-subject	separate artifact	pcrec_a32bc86e_auto-caps-simdna_noaltclsfactor	measured	pinned	9	stddev_ns	2.357580	27	1.0000	0	0		
rank	lit-l3	(set)	match-compliance	whole-subject	separate artifact	pcrec_a32bc86e_auto-caps-simdna_noaltclsfactor	measured	pinned	9	ratio_vs_baseline	1.667897	27	1.0000	0	0		
rank	lit-l3	(set)	match-compliance	whole-subject	separate artifact	pcrec_a32bc86e_auto-caps-simdna_noaltclsfactor	measured	pinned	9	ratio_vs_best	1.667897	27	1.0000	0	0		
rank	lit-l3	(set)	match-compliance	whole-subject	separate artifact	pcrec_a32bc86e_auto-caps-simdna_noaltclsfactor-nolitrun	measured	pinned	10	median_ns	298.807128	27	1.0000	0	0		
rank	lit-l3	(set)	match-compliance	whole-subject	separate artifact	pcrec_a32bc86e_auto-caps-simdna_noaltclsfactor-nolitrun	measured	pinned	10	min_ns	297.012075	27	1.0000	0	0		
rank	lit-l3	(set)	match-compliance	whole-subject	separate artifact	pcrec_a32bc86e_auto-caps-simdna_noaltclsfactor-nolitrun	measured	pinned	10	max_ns	303.205304	27	1.0000	0	0		
rank	lit-l3	(set)	match-compliance	whole-subject	separate artifact	pcrec_a32bc86e_auto-caps-simdna_noaltclsfactor-nolitrun	measured	pinned	10	stddev_ns	2.509815	27	1.0000	0	0		
rank	lit-l3	(set)	match-compliance	whole-subject	separate artifact	pcrec_a32bc86e_auto-caps-simdna_noaltclsfactor-nolitrun	measured	pinned	10	ratio_vs_baseline	1.669421	27	1.0000	0	0		
rank	lit-l3	(set)	match-compliance	whole-subject	separate artifact	pcrec_a32bc86e_auto-caps-simdna_noaltclsfactor-nolitrun	measured	pinned	10	ratio_vs_best	1.669421	27	1.0000	0	0		
rank	lit-l3	(set)	match-compliance	plain	same program	libpcre2_10.46_jit-caps-simdna	measured	pinned	11	median_ns	1602.142108	27	1.0000	0	0		
rank	lit-l3	(set)	match-compliance	plain	same program	libpcre2_10.46_jit-caps-simdna	measured	pinned	11	min_ns	1592.255915	27	1.0000	0	0		
rank	lit-l3	(set)	match-compliance	plain	same program	libpcre2_10.46_jit-caps-simdna	measured	pinned	11	max_ns	1605.533688	27	1.0000	0	0		
rank	lit-l3	(set)	match-compliance	plain	same program	libpcre2_10.46_jit-caps-simdna	measured	pinned	11	stddev_ns	4.548846	27	1.0000	0	0		
rank	lit-l3	(set)	match-compliance	plain	same program	libpcre2_10.46_jit-caps-simdna	measured	pinned	11	ratio_vs_baseline	8.951093	27	1.0000	0	0		
rank	lit-l3	(set)	match-compliance	plain	same program	libpcre2_10.46_jit-caps-simdna	measured	pinned	11	ratio_vs_best	8.951093	27	1.0000	0	0		
baseline	lit-l3	(set)	short-subject-search			pcrec_a32bc86e_vm-caps-simdna_noreqbyte-noreqrun				baseline_identity	row-best-fallback					pcrec_a32bc86e_vm-caps-simdna_noreqbyte-noreqrun (row-best fallback -- interp absent from this group)	
rank	lit-l3	(set)	short-subject-search	plain	same program	pcrec_a32bc86e_vm-caps-simdna_noreqbyte-noreqrun	measured	pinned	1	median_ns	375.082564	27	1.0000	0	0		
rank	lit-l3	(set)	short-subject-search	plain	same program	pcrec_a32bc86e_vm-caps-simdna_noreqbyte-noreqrun	measured	pinned	1	min_ns	374.750806	27	1.0000	0	0		
rank	lit-l3	(set)	short-subject-search	plain	same program	pcrec_a32bc86e_vm-caps-simdna_noreqbyte-noreqrun	measured	pinned	1	max_ns	378.009891	27	1.0000	0	0		
rank	lit-l3	(set)	short-subject-search	plain	same program	pcrec_a32bc86e_vm-caps-simdna_noreqbyte-noreqrun	measured	pinned	1	stddev_ns	1.197637	27	1.0000	0	0		
rank	lit-l3	(set)	short-subject-search	plain	same program	pcrec_a32bc86e_vm-caps-simdna_noreqbyte-noreqrun	measured	pinned	1	ratio_vs_baseline	1.000000	27	1.0000	0	0		
rank	lit-l3	(set)	short-subject-search	plain	same program	pcrec_a32bc86e_vm-caps-simdna_noreqbyte-noreqrun	measured	pinned	1	ratio_vs_best	1.000000	27	1.0000	0	0		
rank	lit-l3	(set)	short-subject-search	plain	same program	pcrec_a32bc86e_vm-caps-simdna_nolitrun	measured	pinned	2	median_ns	414.701812	27	1.0000	0	0		
rank	lit-l3	(set)	short-subject-search	plain	same program	pcrec_a32bc86e_vm-caps-simdna_nolitrun	measured	pinned	2	min_ns	412.609154	27	1.0000	0	0		
rank	lit-l3	(set)	short-subject-search	plain	same program	pcrec_a32bc86e_vm-caps-simdna_nolitrun	measured	pinned	2	max_ns	428.176447	27	1.0000	0	0		
rank	lit-l3	(set)	short-subject-search	plain	same program	pcrec_a32bc86e_vm-caps-simdna_nolitrun	measured	pinned	2	stddev_ns	5.632823	27	1.0000	0	0		
rank	lit-l3	(set)	short-subject-search	plain	same program	pcrec_a32bc86e_vm-caps-simdna_nolitrun	measured	pinned	2	ratio_vs_baseline	1.105628	27	1.0000	0	0		
rank	lit-l3	(set)	short-subject-search	plain	same program	pcrec_a32bc86e_vm-caps-simdna_nolitrun	measured	pinned	2	ratio_vs_best	1.105628	27	1.0000	0	0		
rank	lit-l3	(set)	short-subject-search	plain	same program	pcrec_a32bc86e_vm-caps-simdna_noaltclsfactor-nolitrun	measured	pinned	3	median_ns	416.091072	27	1.0000	0	0		
rank	lit-l3	(set)	short-subject-search	plain	same program	pcrec_a32bc86e_vm-caps-simdna_noaltclsfactor-nolitrun	measured	pinned	3	min_ns	414.395422	27	1.0000	0	0		
rank	lit-l3	(set)	short-subject-search	plain	same program	pcrec_a32bc86e_vm-caps-simdna_noaltclsfactor-nolitrun	measured	pinned	3	max_ns	417.343969	27	1.0000	0	0		
rank	lit-l3	(set)	short-subject-search	plain	same program	pcrec_a32bc86e_vm-caps-simdna_noaltclsfactor-nolitrun	measured	pinned	3	stddev_ns	1.081773	27	1.0000	0	0		
rank	lit-l3	(set)	short-subject-search	plain	same program	pcrec_a32bc86e_vm-caps-simdna_noaltclsfactor-nolitrun	measured	pinned	3	ratio_vs_baseline	1.109332	27	1.0000	0	0		
rank	lit-l3	(set)	short-subject-search	plain	same program	pcrec_a32bc86e_vm-caps-simdna_noaltclsfactor-nolitrun	measured	pinned	3	ratio_vs_best	1.109332	27	1.0000	0	0		
rank	lit-l3	(set)	short-subject-search	plain	same program	pcrec_a32bc86e_vm-caps-simdna_noaltclsfactor	measured	pinned	4	median_ns	436.211276	27	1.0000	0	0		
rank	lit-l3	(set)	short-subject-search	plain	same program	pcrec_a32bc86e_vm-caps-simdna_noaltclsfactor	measured	pinned	4	min_ns	434.795927	27	1.0000	0	0		
rank	lit-l3	(set)	short-subject-search	plain	same program	pcrec_a32bc86e_vm-caps-simdna_noaltclsfactor	measured	pinned	4	max_ns	439.178556	27	1.0000	0	0		
rank	lit-l3	(set)	short-subject-search	plain	same program	pcrec_a32bc86e_vm-caps-simdna_noaltclsfactor	measured	pinned	4	stddev_ns	1.651549	27	1.0000	0	0		
rank	lit-l3	(set)	short-subject-search	plain	same program	pcrec_a32bc86e_vm-caps-simdna_noaltclsfactor	measured	pinned	4	ratio_vs_baseline	1.162974	27	1.0000	0	0		
rank	lit-l3	(set)	short-subject-search	plain	same program	pcrec_a32bc86e_vm-caps-simdna_noaltclsfactor	measured	pinned	4	ratio_vs_best	1.162974	27	1.0000	0	0		
rank	lit-l3	(set)	short-subject-search	plain	same program	pcrec_a32bc86e_vm-caps-simdna	measured	pinned	5	median_ns	438.997136	27	1.0000	0	0		
rank	lit-l3	(set)	short-subject-search	plain	same program	pcrec_a32bc86e_vm-caps-simdna	measured	pinned	5	min_ns	435.139747	27	1.0000	0	0		
rank	lit-l3	(set)	short-subject-search	plain	same program	pcrec_a32bc86e_vm-caps-simdna	measured	pinned	5	max_ns	440.785283	27	1.0000	0	0		
rank	lit-l3	(set)	short-subject-search	plain	same program	pcrec_a32bc86e_vm-caps-simdna	measured	pinned	5	stddev_ns	1.971474	27	1.0000	0	0		
rank	lit-l3	(set)	short-subject-search	plain	same program	pcrec_a32bc86e_vm-caps-simdna	measured	pinned	5	ratio_vs_baseline	1.170401	27	1.0000	0	0		
rank	lit-l3	(set)	short-subject-search	plain	same program	pcrec_a32bc86e_vm-caps-simdna	measured	pinned	5	ratio_vs_best	1.170401	27	1.0000	0	0		
rank	lit-l3	(set)	short-subject-search	plain	same program	pcrec_a32bc86e_auto-caps-simdna_nolitrun	measured	pinned	6	median_ns	493.290811	27	1.0000	0	0		
rank	lit-l3	(set)	short-subject-search	plain	same program	pcrec_a32bc86e_auto-caps-simdna_nolitrun	measured	pinned	6	min_ns	492.270018	27	1.0000	0	0		
rank	lit-l3	(set)	short-subject-search	plain	same program	pcrec_a32bc86e_auto-caps-simdna_nolitrun	measured	pinned	6	max_ns	495.346631	27	1.0000	0	0		
rank	lit-l3	(set)	short-subject-search	plain	same program	pcrec_a32bc86e_auto-caps-simdna_nolitrun	measured	pinned	6	stddev_ns	1.026988	27	1.0000	0	0		
rank	lit-l3	(set)	short-subject-search	plain	same program	pcrec_a32bc86e_auto-caps-simdna_nolitrun	measured	pinned	6	ratio_vs_baseline	1.315153	27	1.0000	0	0		
rank	lit-l3	(set)	short-subject-search	plain	same program	pcrec_a32bc86e_auto-caps-simdna_nolitrun	measured	pinned	6	ratio_vs_best	1.315153	27	1.0000	0	0		
rank	lit-l3	(set)	short-subject-search	plain	same program	pcrec_a32bc86e_auto-caps-simdna	measured	pinned	7	median_ns	494.066825	27	1.0000	0	0		
rank	lit-l3	(set)	short-subject-search	plain	same program	pcrec_a32bc86e_auto-caps-simdna	measured	pinned	7	min_ns	491.615127	27	1.0000	0	0		
rank	lit-l3	(set)	short-subject-search	plain	same program	pcrec_a32bc86e_auto-caps-simdna	measured	pinned	7	max_ns	498.769899	27	1.0000	0	0		
rank	lit-l3	(set)	short-subject-search	plain	same program	pcrec_a32bc86e_auto-caps-simdna	measured	pinned	7	stddev_ns	2.421353	27	1.0000	0	0		
rank	lit-l3	(set)	short-subject-search	plain	same program	pcrec_a32bc86e_auto-caps-simdna	measured	pinned	7	ratio_vs_baseline	1.317222	27	1.0000	0	0		
rank	lit-l3	(set)	short-subject-search	plain	same program	pcrec_a32bc86e_auto-caps-simdna	measured	pinned	7	ratio_vs_best	1.317222	27	1.0000	0	0		
rank	lit-l3	(set)	short-subject-search	plain	same program	pcrec_a32bc86e_auto-caps-simdna_noaltclsfactor-nolitrun	measured	pinned	8	median_ns	494.379959	27	1.0000	0	0		
rank	lit-l3	(set)	short-subject-search	plain	same program	pcrec_a32bc86e_auto-caps-simdna_noaltclsfactor-nolitrun	measured	pinned	8	min_ns	493.698099	27	1.0000	0	0		
rank	lit-l3	(set)	short-subject-search	plain	same program	pcrec_a32bc86e_auto-caps-simdna_noaltclsfactor-nolitrun	measured	pinned	8	max_ns	496.978131	27	1.0000	0	0		
rank	lit-l3	(set)	short-subject-search	plain	same program	pcrec_a32bc86e_auto-caps-simdna_noaltclsfactor-nolitrun	measured	pinned	8	stddev_ns	1.307963	27	1.0000	0	0		
rank	lit-l3	(set)	short-subject-search	plain	same program	pcrec_a32bc86e_auto-caps-simdna_noaltclsfactor-nolitrun	measured	pinned	8	ratio_vs_baseline	1.318056	27	1.0000	0	0		
rank	lit-l3	(set)	short-subject-search	plain	same program	pcrec_a32bc86e_auto-caps-simdna_noaltclsfactor-nolitrun	measured	pinned	8	ratio_vs_best	1.318056	27	1.0000	0	0		
rank	lit-l3	(set)	short-subject-search	plain	same program	pcrec_a32bc86e_auto-caps-simdna_noaltclsfactor	measured	pinned	9	median_ns	495.445420	27	1.0000	0	0		
rank	lit-l3	(set)	short-subject-search	plain	same program	pcrec_a32bc86e_auto-caps-simdna_noaltclsfactor	measured	pinned	9	min_ns	494.754776	27	1.0000	0	0		
rank	lit-l3	(set)	short-subject-search	plain	same program	pcrec_a32bc86e_auto-caps-simdna_noaltclsfactor	measured	pinned	9	max_ns	496.631851	27	1.0000	0	0		
rank	lit-l3	(set)	short-subject-search	plain	same program	pcrec_a32bc86e_auto-caps-simdna_noaltclsfactor	measured	pinned	9	stddev_ns	0.610688	27	1.0000	0	0		
rank	lit-l3	(set)	short-subject-search	plain	same program	pcrec_a32bc86e_auto-caps-simdna_noaltclsfactor	measured	pinned	9	ratio_vs_baseline	1.320897	27	1.0000	0	0		
rank	lit-l3	(set)	short-subject-search	plain	same program	pcrec_a32bc86e_auto-caps-simdna_noaltclsfactor	measured	pinned	9	ratio_vs_best	1.320897	27	1.0000	0	0		
rank	lit-l3	(set)	short-subject-search	plain	same program	pcrec_a32bc86e_vm-caps-simdna_noreqbyte-noreqrun-nolitrun	measured	pinned	10	median_ns	496.154718	27	1.0000	0	0		
rank	lit-l3	(set)	short-subject-search	plain	same program	pcrec_a32bc86e_vm-caps-simdna_noreqbyte-noreqrun-nolitrun	measured	pinned	10	min_ns	493.165840	27	1.0000	0	0		
rank	lit-l3	(set)	short-subject-search	plain	same program	pcrec_a32bc86e_vm-caps-simdna_noreqbyte-noreqrun-nolitrun	measured	pinned	10	max_ns	498.589282	27	1.0000	0	0		
rank	lit-l3	(set)	short-subject-search	plain	same program	pcrec_a32bc86e_vm-caps-simdna_noreqbyte-noreqrun-nolitrun	measured	pinned	10	stddev_ns	2.160962	27	1.0000	0	0		
rank	lit-l3	(set)	short-subject-search	plain	same program	pcrec_a32bc86e_vm-caps-simdna_noreqbyte-noreqrun-nolitrun	measured	pinned	10	ratio_vs_baseline	1.322788	27	1.0000	0	0		
rank	lit-l3	(set)	short-subject-search	plain	same program	pcrec_a32bc86e_vm-caps-simdna_noreqbyte-noreqrun-nolitrun	measured	pinned	10	ratio_vs_best	1.322788	27	1.0000	0	0		
rank	lit-l3	(set)	short-subject-search	plain	same program	libpcre2_10.46_jit-caps-simdna	measured	pinned	11	median_ns	1134.552152	27	1.0000	0	0		
rank	lit-l3	(set)	short-subject-search	plain	same program	libpcre2_10.46_jit-caps-simdna	measured	pinned	11	min_ns	1129.027194	27	1.0000	0	0		
rank	lit-l3	(set)	short-subject-search	plain	same program	libpcre2_10.46_jit-caps-simdna	measured	pinned	11	max_ns	1266.794845	27	1.0000	0	0		
rank	lit-l3	(set)	short-subject-search	plain	same program	libpcre2_10.46_jit-caps-simdna	measured	pinned	11	stddev_ns	53.388980	27	1.0000	0	0		
rank	lit-l3	(set)	short-subject-search	plain	same program	libpcre2_10.46_jit-caps-simdna	measured	pinned	11	ratio_vs_baseline	3.024806	27	1.0000	0	0		
rank	lit-l3	(set)	short-subject-search	plain	same program	libpcre2_10.46_jit-caps-simdna	measured	pinned	11	ratio_vs_best	3.024806	27	1.0000	0	0		
baseline	lit-l31	(set)	large-subject-throughput			pcrec_a32bc86e_vm-caps-simdna_noaltclsfactor				baseline_identity	row-best-fallback					pcrec_a32bc86e_vm-caps-simdna_noaltclsfactor (row-best fallback -- interp absent from this group)	
rank	lit-l31	(set)	large-subject-throughput	plain	same program	pcrec_a32bc86e_vm-caps-simdna_noaltclsfactor	measured	pinned	1	median_ns	180220.734042	27	1.0000	0	0		
rank	lit-l31	(set)	large-subject-throughput	plain	same program	pcrec_a32bc86e_vm-caps-simdna_noaltclsfactor	measured	pinned	1	min_ns	179980.701249	27	1.0000	0	0		
rank	lit-l31	(set)	large-subject-throughput	plain	same program	pcrec_a32bc86e_vm-caps-simdna_noaltclsfactor	measured	pinned	1	max_ns	180474.291805	27	1.0000	0	0		
rank	lit-l31	(set)	large-subject-throughput	plain	same program	pcrec_a32bc86e_vm-caps-simdna_noaltclsfactor	measured	pinned	1	stddev_ns	157.214132	27	1.0000	0	0		
rank	lit-l31	(set)	large-subject-throughput	plain	same program	pcrec_a32bc86e_vm-caps-simdna_noaltclsfactor	measured	pinned	1	ratio_vs_baseline	1.000000	27	1.0000	0	0		
rank	lit-l31	(set)	large-subject-throughput	plain	same program	pcrec_a32bc86e_vm-caps-simdna_noaltclsfactor	measured	pinned	1	ratio_vs_best	1.000000	27	1.0000	0	0		
rank	lit-l31	(set)	large-subject-throughput	plain	same program	pcrec_a32bc86e_vm-caps-simdna	measured	pinned	2	median_ns	180424.112398	27	1.0000	0	0		
rank	lit-l31	(set)	large-subject-throughput	plain	same program	pcrec_a32bc86e_vm-caps-simdna	measured	pinned	2	min_ns	180293.596344	27	1.0000	0	0		
rank	lit-l31	(set)	large-subject-throughput	plain	same program	pcrec_a32bc86e_vm-caps-simdna	measured	pinned	2	max_ns	180697.667439	27	1.0000	0	0		
rank	lit-l31	(set)	large-subject-throughput	plain	same program	pcrec_a32bc86e_vm-caps-simdna	measured	pinned	2	stddev_ns	142.034852	27	1.0000	0	0		
rank	lit-l31	(set)	large-subject-throughput	plain	same program	pcrec_a32bc86e_vm-caps-simdna	measured	pinned	2	ratio_vs_baseline	1.001128	27	1.0000	0	0		
rank	lit-l31	(set)	large-subject-throughput	plain	same program	pcrec_a32bc86e_vm-caps-simdna	measured	pinned	2	ratio_vs_best	1.001128	27	1.0000	0	0		
rank	lit-l31	(set)	large-subject-throughput	plain	same program	pcrec_a32bc86e_vm-caps-simdna_nolitrun	measured	pinned	3	median_ns	257182.913280	27	1.0000	0	0		
rank	lit-l31	(set)	large-subject-throughput	plain	same program	pcrec_a32bc86e_vm-caps-simdna_nolitrun	measured	pinned	3	min_ns	257002.001949	27	1.0000	0	0		
rank	lit-l31	(set)	large-subject-throughput	plain	same program	pcrec_a32bc86e_vm-caps-simdna_nolitrun	measured	pinned	3	max_ns	263868.855860	27	1.0000	0	0		
rank	lit-l31	(set)	large-subject-throughput	plain	same program	pcrec_a32bc86e_vm-caps-simdna_nolitrun	measured	pinned	3	stddev_ns	2699.564932	27	1.0000	0	0		
rank	lit-l31	(set)	large-subject-throughput	plain	same program	pcrec_a32bc86e_vm-caps-simdna_nolitrun	measured	pinned	3	ratio_vs_baseline	1.427044	27	1.0000	0	0		
rank	lit-l31	(set)	large-subject-throughput	plain	same program	pcrec_a32bc86e_vm-caps-simdna_nolitrun	measured	pinned	3	ratio_vs_best	1.427044	27	1.0000	0	0		
rank	lit-l31	(set)	large-subject-throughput	plain	same program	pcrec_a32bc86e_vm-caps-simdna_noaltclsfactor-nolitrun	measured	pinned	4	median_ns	257201.985371	27	1.0000	0	0		
rank	lit-l31	(set)	large-subject-throughput	plain	same program	pcrec_a32bc86e_vm-caps-simdna_noaltclsfactor-nolitrun	measured	pinned	4	min_ns	257121.143171	27	1.0000	0	0		
rank	lit-l31	(set)	large-subject-throughput	plain	same program	pcrec_a32bc86e_vm-caps-simdna_noaltclsfactor-nolitrun	measured	pinned	4	max_ns	257613.672166	27	1.0000	0	0		
rank	lit-l31	(set)	large-subject-throughput	plain	same program	pcrec_a32bc86e_vm-caps-simdna_noaltclsfactor-nolitrun	measured	pinned	4	stddev_ns	176.787074	27	1.0000	0	0		
rank	lit-l31	(set)	large-subject-throughput	plain	same program	pcrec_a32bc86e_vm-caps-simdna_noaltclsfactor-nolitrun	measured	pinned	4	ratio_vs_baseline	1.427150	27	1.0000	0	0		
rank	lit-l31	(set)	large-subject-throughput	plain	same program	pcrec_a32bc86e_vm-caps-simdna_noaltclsfactor-nolitrun	measured	pinned	4	ratio_vs_best	1.427150	27	1.0000	0	0		
rank	lit-l31	(set)	large-subject-throughput	plain	same program	libpcre2_10.46_jit-caps-simdna	measured	pinned	5	median_ns	310440.348111	27	1.0000	0	0		
rank	lit-l31	(set)	large-subject-throughput	plain	same program	libpcre2_10.46_jit-caps-simdna	measured	pinned	5	min_ns	309626.022112	27	1.0000	0	0		
rank	lit-l31	(set)	large-subject-throughput	plain	same program	libpcre2_10.46_jit-caps-simdna	measured	pinned	5	max_ns	314014.832878	27	1.0000	0	0		
rank	lit-l31	(set)	large-subject-throughput	plain	same program	libpcre2_10.46_jit-caps-simdna	measured	pinned	5	stddev_ns	1647.472342	27	1.0000	0	0		
rank	lit-l31	(set)	large-subject-throughput	plain	same program	libpcre2_10.46_jit-caps-simdna	measured	pinned	5	ratio_vs_baseline	1.722556	27	1.0000	0	0		
rank	lit-l31	(set)	large-subject-throughput	plain	same program	libpcre2_10.46_jit-caps-simdna	measured	pinned	5	ratio_vs_best	1.722556	27	1.0000	0	0		
rank	lit-l31	(set)	large-subject-throughput	plain	same program	pcrec_a32bc86e_auto-caps-simdna_nolitrun	measured	pinned	6	median_ns	845768.675131	27	1.0000	0	0		
rank	lit-l31	(set)	large-subject-throughput	plain	same program	pcrec_a32bc86e_auto-caps-simdna_nolitrun	measured	pinned	6	min_ns	843503.141596	27	1.0000	0	0		
rank	lit-l31	(set)	large-subject-throughput	plain	same program	pcrec_a32bc86e_auto-caps-simdna_nolitrun	measured	pinned	6	max_ns	850640.237032	27	1.0000	0	0		
rank	lit-l31	(set)	large-subject-throughput	plain	same program	pcrec_a32bc86e_auto-caps-simdna_nolitrun	measured	pinned	6	stddev_ns	2719.581256	27	1.0000	0	0		
rank	lit-l31	(set)	large-subject-throughput	plain	same program	pcrec_a32bc86e_auto-caps-simdna_nolitrun	measured	pinned	6	ratio_vs_baseline	4.692960	27	1.0000	0	0		
rank	lit-l31	(set)	large-subject-throughput	plain	same program	pcrec_a32bc86e_auto-caps-simdna_nolitrun	measured	pinned	6	ratio_vs_best	4.692960	27	1.0000	0	0		
rank	lit-l31	(set)	large-subject-throughput	plain	same program	pcrec_a32bc86e_auto-caps-simdna_noaltclsfactor	measured	pinned	7	median_ns	846809.899583	27	1.0000	0	0		
rank	lit-l31	(set)	large-subject-throughput	plain	same program	pcrec_a32bc86e_auto-caps-simdna_noaltclsfactor	measured	pinned	7	min_ns	844876.058974	27	1.0000	0	0		
rank	lit-l31	(set)	large-subject-throughput	plain	same program	pcrec_a32bc86e_auto-caps-simdna_noaltclsfactor	measured	pinned	7	max_ns	851221.000087	27	1.0000	0	0		
rank	lit-l31	(set)	large-subject-throughput	plain	same program	pcrec_a32bc86e_auto-caps-simdna_noaltclsfactor	measured	pinned	7	stddev_ns	2199.324637	27	1.0000	0	0		
rank	lit-l31	(set)	large-subject-throughput	plain	same program	pcrec_a32bc86e_auto-caps-simdna_noaltclsfactor	measured	pinned	7	ratio_vs_baseline	4.698737	27	1.0000	0	0		
rank	lit-l31	(set)	large-subject-throughput	plain	same program	pcrec_a32bc86e_auto-caps-simdna_noaltclsfactor	measured	pinned	7	ratio_vs_best	4.698737	27	1.0000	0	0		
rank	lit-l31	(set)	large-subject-throughput	plain	same program	pcrec_a32bc86e_auto-caps-simdna_noaltclsfactor-nolitrun	measured	pinned	8	median_ns	846890.371380	27	1.0000	0	0		
rank	lit-l31	(set)	large-subject-throughput	plain	same program	pcrec_a32bc86e_auto-caps-simdna_noaltclsfactor-nolitrun	measured	pinned	8	min_ns	845977.678472	27	1.0000	0	0		
rank	lit-l31	(set)	large-subject-throughput	plain	same program	pcrec_a32bc86e_auto-caps-simdna_noaltclsfactor-nolitrun	measured	pinned	8	max_ns	847976.201101	27	1.0000	0	0		
rank	lit-l31	(set)	large-subject-throughput	plain	same program	pcrec_a32bc86e_auto-caps-simdna_noaltclsfactor-nolitrun	measured	pinned	8	stddev_ns	640.678814	27	1.0000	0	0		
rank	lit-l31	(set)	large-subject-throughput	plain	same program	pcrec_a32bc86e_auto-caps-simdna_noaltclsfactor-nolitrun	measured	pinned	8	ratio_vs_baseline	4.699184	27	1.0000	0	0		
rank	lit-l31	(set)	large-subject-throughput	plain	same program	pcrec_a32bc86e_auto-caps-simdna_noaltclsfactor-nolitrun	measured	pinned	8	ratio_vs_best	4.699184	27	1.0000	0	0		
rank	lit-l31	(set)	large-subject-throughput	plain	same program	pcrec_a32bc86e_auto-caps-simdna	measured	pinned	9	median_ns	849313.654092	27	1.0000	0	0		
rank	lit-l31	(set)	large-subject-throughput	plain	same program	pcrec_a32bc86e_auto-caps-simdna	measured	pinned	9	min_ns	844320.515616	27	1.0000	0	0		
rank	lit-l31	(set)	large-subject-throughput	plain	same program	pcrec_a32bc86e_auto-caps-simdna	measured	pinned	9	max_ns	849802.670994	27	1.0000	0	0		
rank	lit-l31	(set)	large-subject-throughput	plain	same program	pcrec_a32bc86e_auto-caps-simdna	measured	pinned	9	stddev_ns	2047.878098	27	1.0000	0	0		
rank	lit-l31	(set)	large-subject-throughput	plain	same program	pcrec_a32bc86e_auto-caps-simdna	measured	pinned	9	ratio_vs_baseline	4.712630	27	1.0000	0	0		
rank	lit-l31	(set)	large-subject-throughput	plain	same program	pcrec_a32bc86e_auto-caps-simdna	measured	pinned	9	ratio_vs_best	4.712630	27	1.0000	0	0		
rank	lit-l31	(set)	large-subject-throughput	plain	same program	pcrec_a32bc86e_vm-caps-simdna_noreqbyte-noreqrun	measured	pinned	10	median_ns	1544474.287454	27	1.0000	0	0		
rank	lit-l31	(set)	large-subject-throughput	plain	same program	pcrec_a32bc86e_vm-caps-simdna_noreqbyte-noreqrun	measured	pinned	10	min_ns	1542174.907430	27	1.0000	0	0		
rank	lit-l31	(set)	large-subject-throughput	plain	same program	pcrec_a32bc86e_vm-caps-simdna_noreqbyte-noreqrun	measured	pinned	10	max_ns	1548043.075518	27	1.0000	0	0		
rank	lit-l31	(set)	large-subject-throughput	plain	same program	pcrec_a32bc86e_vm-caps-simdna_noreqbyte-noreqrun	measured	pinned	10	stddev_ns	2058.131965	27	1.0000	0	0		
rank	lit-l31	(set)	large-subject-throughput	plain	same program	pcrec_a32bc86e_vm-caps-simdna_noreqbyte-noreqrun	measured	pinned	10	ratio_vs_baseline	8.569903	27	1.0000	0	0		
rank	lit-l31	(set)	large-subject-throughput	plain	same program	pcrec_a32bc86e_vm-caps-simdna_noreqbyte-noreqrun	measured	pinned	10	ratio_vs_best	8.569903	27	1.0000	0	0		
rank	lit-l31	(set)	large-subject-throughput	plain	same program	pcrec_a32bc86e_vm-caps-simdna_noreqbyte-noreqrun-nolitrun	measured	pinned	11	median_ns	3707365.480226	27	1.0000	0	0		
rank	lit-l31	(set)	large-subject-throughput	plain	same program	pcrec_a32bc86e_vm-caps-simdna_noreqbyte-noreqrun-nolitrun	measured	pinned	11	min_ns	3633001.754237	27	1.0000	0	0		
rank	lit-l31	(set)	large-subject-throughput	plain	same program	pcrec_a32bc86e_vm-caps-simdna_noreqbyte-noreqrun-nolitrun	measured	pinned	11	max_ns	3732175.070621	27	1.0000	0	0		
rank	lit-l31	(set)	large-subject-throughput	plain	same program	pcrec_a32bc86e_vm-caps-simdna_noreqbyte-noreqrun-nolitrun	measured	pinned	11	stddev_ns	34015.431638	27	1.0000	0	0		
rank	lit-l31	(set)	large-subject-throughput	plain	same program	pcrec_a32bc86e_vm-caps-simdna_noreqbyte-noreqrun-nolitrun	measured	pinned	11	ratio_vs_baseline	20.571248	27	1.0000	0	0		
rank	lit-l31	(set)	large-subject-throughput	plain	same program	pcrec_a32bc86e_vm-caps-simdna_noreqbyte-noreqrun-nolitrun	measured	pinned	11	ratio_vs_best	20.571248	27	1.0000	0	0		
baseline	lit-l31	(set)	match-compliance			pcrec_a32bc86e_vm-caps-simdna				baseline_identity	row-best-fallback					pcrec_a32bc86e_vm-caps-simdna (row-best fallback -- interp absent from this group)	
rank	lit-l31	(set)	match-compliance	whole-subject	separate artifact	pcrec_a32bc86e_vm-caps-simdna	measured	pinned	1	median_ns	176.575132	27	1.0000	0	0		
rank	lit-l31	(set)	match-compliance	whole-subject	separate artifact	pcrec_a32bc86e_vm-caps-simdna	measured	pinned	1	min_ns	176.320867	27	1.0000	0	0		
rank	lit-l31	(set)	match-compliance	whole-subject	separate artifact	pcrec_a32bc86e_vm-caps-simdna	measured	pinned	1	max_ns	178.118853	27	1.0000	0	0		
rank	lit-l31	(set)	match-compliance	whole-subject	separate artifact	pcrec_a32bc86e_vm-caps-simdna	measured	pinned	1	stddev_ns	0.672173	27	1.0000	0	0		
rank	lit-l31	(set)	match-compliance	whole-subject	separate artifact	pcrec_a32bc86e_vm-caps-simdna	measured	pinned	1	ratio_vs_baseline	1.000000	27	1.0000	0	0		
rank	lit-l31	(set)	match-compliance	whole-subject	separate artifact	pcrec_a32bc86e_vm-caps-simdna	measured	pinned	1	ratio_vs_best	1.000000	27	1.0000	0	0		
rank	lit-l31	(set)	match-compliance	whole-subject	separate artifact	pcrec_a32bc86e_vm-caps-simdna_noaltclsfactor	measured	pinned	2	median_ns	176.587827	27	1.0000	0	0		
rank	lit-l31	(set)	match-compliance	whole-subject	separate artifact	pcrec_a32bc86e_vm-caps-simdna_noaltclsfactor	measured	pinned	2	min_ns	176.332900	27	1.0000	0	0		
rank	lit-l31	(set)	match-compliance	whole-subject	separate artifact	pcrec_a32bc86e_vm-caps-simdna_noaltclsfactor	measured	pinned	2	max_ns	177.473045	27	1.0000	0	0		
rank	lit-l31	(set)	match-compliance	whole-subject	separate artifact	pcrec_a32bc86e_vm-caps-simdna_noaltclsfactor	measured	pinned	2	stddev_ns	0.516398	27	1.0000	0	0		
rank	lit-l31	(set)	match-compliance	whole-subject	separate artifact	pcrec_a32bc86e_vm-caps-simdna_noaltclsfactor	measured	pinned	2	ratio_vs_baseline	1.000072	27	1.0000	0	0		
rank	lit-l31	(set)	match-compliance	whole-subject	separate artifact	pcrec_a32bc86e_vm-caps-simdna_noaltclsfactor	measured	pinned	2	ratio_vs_best	1.000072	27	1.0000	0	0		
rank	lit-l31	(set)	match-compliance	whole-subject	separate artifact	pcrec_a32bc86e_vm-caps-simdna_noreqbyte-noreqrun	measured	pinned	3	median_ns	177.399010	27	1.0000	0	0		
rank	lit-l31	(set)	match-compliance	whole-subject	separate artifact	pcrec_a32bc86e_vm-caps-simdna_noreqbyte-noreqrun	measured	pinned	3	min_ns	177.006761	27	1.0000	0	0		
rank	lit-l31	(set)	match-compliance	whole-subject	separate artifact	pcrec_a32bc86e_vm-caps-simdna_noreqbyte-noreqrun	measured	pinned	3	max_ns	178.261239	27	1.0000	0	0		
rank	lit-l31	(set)	match-compliance	whole-subject	separate artifact	pcrec_a32bc86e_vm-caps-simdna_noreqbyte-noreqrun	measured	pinned	3	stddev_ns	0.418670	27	1.0000	0	0		
rank	lit-l31	(set)	match-compliance	whole-subject	separate artifact	pcrec_a32bc86e_vm-caps-simdna_noreqbyte-noreqrun	measured	pinned	3	ratio_vs_baseline	1.004666	27	1.0000	0	0		
rank	lit-l31	(set)	match-compliance	whole-subject	separate artifact	pcrec_a32bc86e_vm-caps-simdna_noreqbyte-noreqrun	measured	pinned	3	ratio_vs_best	1.004666	27	1.0000	0	0		
rank	lit-l31	(set)	match-compliance	whole-subject	separate artifact	pcrec_a32bc86e_vm-caps-simdna_noaltclsfactor-nolitrun	measured	pinned	4	median_ns	248.888712	27	1.0000	0	0		
rank	lit-l31	(set)	match-compliance	whole-subject	separate artifact	pcrec_a32bc86e_vm-caps-simdna_noaltclsfactor-nolitrun	measured	pinned	4	min_ns	248.860820	27	1.0000	0	0		
rank	lit-l31	(set)	match-compliance	whole-subject	separate artifact	pcrec_a32bc86e_vm-caps-simdna_noaltclsfactor-nolitrun	measured	pinned	4	max_ns	248.942753	27	1.0000	0	0		
rank	lit-l31	(set)	match-compliance	whole-subject	separate artifact	pcrec_a32bc86e_vm-caps-simdna_noaltclsfactor-nolitrun	measured	pinned	4	stddev_ns	0.032308	27	1.0000	0	0		
rank	lit-l31	(set)	match-compliance	whole-subject	separate artifact	pcrec_a32bc86e_vm-caps-simdna_noaltclsfactor-nolitrun	measured	pinned	4	ratio_vs_baseline	1.409534	27	1.0000	0	0		
rank	lit-l31	(set)	match-compliance	whole-subject	separate artifact	pcrec_a32bc86e_vm-caps-simdna_noaltclsfactor-nolitrun	measured	pinned	4	ratio_vs_best	1.409534	27	1.0000	0	0		
rank	lit-l31	(set)	match-compliance	whole-subject	separate artifact	pcrec_a32bc86e_vm-caps-simdna_nolitrun	measured	pinned	5	median_ns	249.082218	27	1.0000	0	0		
rank	lit-l31	(set)	match-compliance	whole-subject	separate artifact	pcrec_a32bc86e_vm-caps-simdna_nolitrun	measured	pinned	5	min_ns	248.981651	27	1.0000	0	0		
rank	lit-l31	(set)	match-compliance	whole-subject	separate artifact	pcrec_a32bc86e_vm-caps-simdna_nolitrun	measured	pinned	5	max_ns	250.414525	27	1.0000	0	0		
rank	lit-l31	(set)	match-compliance	whole-subject	separate artifact	pcrec_a32bc86e_vm-caps-simdna_nolitrun	measured	pinned	5	stddev_ns	0.531855	27	1.0000	0	0		
rank	lit-l31	(set)	match-compliance	whole-subject	separate artifact	pcrec_a32bc86e_vm-caps-simdna_nolitrun	measured	pinned	5	ratio_vs_baseline	1.410630	27	1.0000	0	0		
rank	lit-l31	(set)	match-compliance	whole-subject	separate artifact	pcrec_a32bc86e_vm-caps-simdna_nolitrun	measured	pinned	5	ratio_vs_best	1.410630	27	1.0000	0	0		
rank	lit-l31	(set)	match-compliance	whole-subject	separate artifact	pcrec_a32bc86e_vm-caps-simdna_noreqbyte-noreqrun-nolitrun	measured	pinned	6	median_ns	259.961489	27	1.0000	0	0		
rank	lit-l31	(set)	match-compliance	whole-subject	separate artifact	pcrec_a32bc86e_vm-caps-simdna_noreqbyte-noreqrun-nolitrun	measured	pinned	6	min_ns	258.251259	27	1.0000	0	0		
rank	lit-l31	(set)	match-compliance	whole-subject	separate artifact	pcrec_a32bc86e_vm-caps-simdna_noreqbyte-noreqrun-nolitrun	measured	pinned	6	max_ns	261.336984	27	1.0000	0	0		
rank	lit-l31	(set)	match-compliance	whole-subject	separate artifact	pcrec_a32bc86e_vm-caps-simdna_noreqbyte-noreqrun-nolitrun	measured	pinned	6	stddev_ns	1.048011	27	1.0000	0	0		
rank	lit-l31	(set)	match-compliance	whole-subject	separate artifact	pcrec_a32bc86e_vm-caps-simdna_noreqbyte-noreqrun-nolitrun	measured	pinned	6	ratio_vs_baseline	1.472243	27	1.0000	0	0		
rank	lit-l31	(set)	match-compliance	whole-subject	separate artifact	pcrec_a32bc86e_vm-caps-simdna_noreqbyte-noreqrun-nolitrun	measured	pinned	6	ratio_vs_best	1.472243	27	1.0000	0	0		
rank	lit-l31	(set)	match-compliance	whole-subject	separate artifact	pcrec_a32bc86e_auto-caps-simdna_nolitrun	measured	pinned	7	median_ns	410.290974	27	1.0000	0	0		
rank	lit-l31	(set)	match-compliance	whole-subject	separate artifact	pcrec_a32bc86e_auto-caps-simdna_nolitrun	measured	pinned	7	min_ns	409.490141	27	1.0000	0	0		
rank	lit-l31	(set)	match-compliance	whole-subject	separate artifact	pcrec_a32bc86e_auto-caps-simdna_nolitrun	measured	pinned	7	max_ns	411.971291	27	1.0000	0	0		
rank	lit-l31	(set)	match-compliance	whole-subject	separate artifact	pcrec_a32bc86e_auto-caps-simdna_nolitrun	measured	pinned	7	stddev_ns	0.810913	27	1.0000	0	0		
rank	lit-l31	(set)	match-compliance	whole-subject	separate artifact	pcrec_a32bc86e_auto-caps-simdna_nolitrun	measured	pinned	7	ratio_vs_baseline	2.323606	27	1.0000	0	0		
rank	lit-l31	(set)	match-compliance	whole-subject	separate artifact	pcrec_a32bc86e_auto-caps-simdna_nolitrun	measured	pinned	7	ratio_vs_best	2.323606	27	1.0000	0	0		
rank	lit-l31	(set)	match-compliance	whole-subject	separate artifact	pcrec_a32bc86e_auto-caps-simdna_noaltclsfactor-nolitrun	measured	pinned	8	median_ns	410.998244	27	1.0000	0	0		
rank	lit-l31	(set)	match-compliance	whole-subject	separate artifact	pcrec_a32bc86e_auto-caps-simdna_noaltclsfactor-nolitrun	measured	pinned	8	min_ns	408.811427	27	1.0000	0	0		
rank	lit-l31	(set)	match-compliance	whole-subject	separate artifact	pcrec_a32bc86e_auto-caps-simdna_noaltclsfactor-nolitrun	measured	pinned	8	max_ns	412.560159	27	1.0000	0	0		
rank	lit-l31	(set)	match-compliance	whole-subject	separate artifact	pcrec_a32bc86e_auto-caps-simdna_noaltclsfactor-nolitrun	measured	pinned	8	stddev_ns	1.280477	27	1.0000	0	0		
rank	lit-l31	(set)	match-compliance	whole-subject	separate artifact	pcrec_a32bc86e_auto-caps-simdna_noaltclsfactor-nolitrun	measured	pinned	8	ratio_vs_baseline	2.327611	27	1.0000	0	0		
rank	lit-l31	(set)	match-compliance	whole-subject	separate artifact	pcrec_a32bc86e_auto-caps-simdna_noaltclsfactor-nolitrun	measured	pinned	8	ratio_vs_best	2.327611	27	1.0000	0	0		
rank	lit-l31	(set)	match-compliance	whole-subject	separate artifact	pcrec_a32bc86e_auto-caps-simdna_noaltclsfactor	measured	pinned	9	median_ns	411.239700	27	1.0000	0	0		
rank	lit-l31	(set)	match-compliance	whole-subject	separate artifact	pcrec_a32bc86e_auto-caps-simdna_noaltclsfactor	measured	pinned	9	min_ns	410.534830	27	1.0000	0	0		
rank	lit-l31	(set)	match-compliance	whole-subject	separate artifact	pcrec_a32bc86e_auto-caps-simdna_noaltclsfactor	measured	pinned	9	max_ns	412.354039	27	1.0000	0	0		
rank	lit-l31	(set)	match-compliance	whole-subject	separate artifact	pcrec_a32bc86e_auto-caps-simdna_noaltclsfactor	measured	pinned	9	stddev_ns	0.642021	27	1.0000	0	0		
rank	lit-l31	(set)	match-compliance	whole-subject	separate artifact	pcrec_a32bc86e_auto-caps-simdna_noaltclsfactor	measured	pinned	9	ratio_vs_baseline	2.328979	27	1.0000	0	0		
rank	lit-l31	(set)	match-compliance	whole-subject	separate artifact	pcrec_a32bc86e_auto-caps-simdna_noaltclsfactor	measured	pinned	9	ratio_vs_best	2.328979	27	1.0000	0	0		
rank	lit-l31	(set)	match-compliance	whole-subject	separate artifact	pcrec_a32bc86e_auto-caps-simdna	measured	pinned	10	median_ns	411.731368	27	1.0000	0	0		
rank	lit-l31	(set)	match-compliance	whole-subject	separate artifact	pcrec_a32bc86e_auto-caps-simdna	measured	pinned	10	min_ns	410.595470	27	1.0000	0	0		
rank	lit-l31	(set)	match-compliance	whole-subject	separate artifact	pcrec_a32bc86e_auto-caps-simdna	measured	pinned	10	max_ns	413.062508	27	1.0000	0	0		
rank	lit-l31	(set)	match-compliance	whole-subject	separate artifact	pcrec_a32bc86e_auto-caps-simdna	measured	pinned	10	stddev_ns	0.837506	27	1.0000	0	0		
rank	lit-l31	(set)	match-compliance	whole-subject	separate artifact	pcrec_a32bc86e_auto-caps-simdna	measured	pinned	10	ratio_vs_baseline	2.331763	27	1.0000	0	0		
rank	lit-l31	(set)	match-compliance	whole-subject	separate artifact	pcrec_a32bc86e_auto-caps-simdna	measured	pinned	10	ratio_vs_best	2.331763	27	1.0000	0	0		
rank	lit-l31	(set)	match-compliance	plain	same program	libpcre2_10.46_jit-caps-simdna	measured	pinned	11	median_ns	976.445858	27	1.0000	0	0		
rank	lit-l31	(set)	match-compliance	plain	same program	libpcre2_10.46_jit-caps-simdna	measured	pinned	11	min_ns	974.455800	27	1.0000	0	0		
rank	lit-l31	(set)	match-compliance	plain	same program	libpcre2_10.46_jit-caps-simdna	measured	pinned	11	max_ns	981.226306	27	1.0000	0	0		
rank	lit-l31	(set)	match-compliance	plain	same program	libpcre2_10.46_jit-caps-simdna	measured	pinned	11	stddev_ns	2.797494	27	1.0000	0	0		
rank	lit-l31	(set)	match-compliance	plain	same program	libpcre2_10.46_jit-caps-simdna	measured	pinned	11	ratio_vs_baseline	5.529917	27	1.0000	0	0		
rank	lit-l31	(set)	match-compliance	plain	same program	libpcre2_10.46_jit-caps-simdna	measured	pinned	11	ratio_vs_best	5.529917	27	1.0000	0	0		
baseline	lit-l31	(set)	short-subject-search			pcrec_a32bc86e_vm-caps-simdna_noaltclsfactor				baseline_identity	row-best-fallback					pcrec_a32bc86e_vm-caps-simdna_noaltclsfactor (row-best fallback -- interp absent from this group)	
rank	lit-l31	(set)	short-subject-search	plain	same program	pcrec_a32bc86e_vm-caps-simdna_noaltclsfactor	measured	pinned	1	median_ns	346.051952	27	1.0000	0	0		
rank	lit-l31	(set)	short-subject-search	plain	same program	pcrec_a32bc86e_vm-caps-simdna_noaltclsfactor	measured	pinned	1	min_ns	345.831954	27	1.0000	0	0		
rank	lit-l31	(set)	short-subject-search	plain	same program	pcrec_a32bc86e_vm-caps-simdna_noaltclsfactor	measured	pinned	1	max_ns	348.459504	27	1.0000	0	0		
rank	lit-l31	(set)	short-subject-search	plain	same program	pcrec_a32bc86e_vm-caps-simdna_noaltclsfactor	measured	pinned	1	stddev_ns	1.025969	27	1.0000	0	0		
rank	lit-l31	(set)	short-subject-search	plain	same program	pcrec_a32bc86e_vm-caps-simdna_noaltclsfactor	measured	pinned	1	ratio_vs_baseline	1.000000	27	1.0000	0	0		
rank	lit-l31	(set)	short-subject-search	plain	same program	pcrec_a32bc86e_vm-caps-simdna_noaltclsfactor	measured	pinned	1	ratio_vs_best	1.000000	27	1.0000	0	0		
rank	lit-l31	(set)	short-subject-search	plain	same program	pcrec_a32bc86e_vm-caps-simdna	measured	pinned	2	median_ns	347.168499	27	1.0000	0	0		
rank	lit-l31	(set)	short-subject-search	plain	same program	pcrec_a32bc86e_vm-caps-simdna	measured	pinned	2	min_ns	346.230943	27	1.0000	0	0		
rank	lit-l31	(set)	short-subject-search	plain	same program	pcrec_a32bc86e_vm-caps-simdna	measured	pinned	2	max_ns	351.143437	27	1.0000	0	0		
rank	lit-l31	(set)	short-subject-search	plain	same program	pcrec_a32bc86e_vm-caps-simdna	measured	pinned	2	stddev_ns	1.981905	27	1.0000	0	0		
rank	lit-l31	(set)	short-subject-search	plain	same program	pcrec_a32bc86e_vm-caps-simdna	measured	pinned	2	ratio_vs_baseline	1.003227	27	1.0000	0	0		
rank	lit-l31	(set)	short-subject-search	plain	same program	pcrec_a32bc86e_vm-caps-simdna	measured	pinned	2	ratio_vs_best	1.003227	27	1.0000	0	0		
rank	lit-l31	(set)	short-subject-search	plain	same program	pcrec_a32bc86e_vm-caps-simdna_noreqbyte-noreqrun	measured	pinned	3	median_ns	423.789018	27	1.0000	0	0		
rank	lit-l31	(set)	short-subject-search	plain	same program	pcrec_a32bc86e_vm-caps-simdna_noreqbyte-noreqrun	measured	pinned	3	min_ns	421.878788	27	1.0000	0	0		
rank	lit-l31	(set)	short-subject-search	plain	same program	pcrec_a32bc86e_vm-caps-simdna_noreqbyte-noreqrun	measured	pinned	3	max_ns	426.385935	27	1.0000	0	0		
rank	lit-l31	(set)	short-subject-search	plain	same program	pcrec_a32bc86e_vm-caps-simdna_noreqbyte-noreqrun	measured	pinned	3	stddev_ns	1.681657	27	1.0000	0	0		
rank	lit-l31	(set)	short-subject-search	plain	same program	pcrec_a32bc86e_vm-caps-simdna_noreqbyte-noreqrun	measured	pinned	3	ratio_vs_baseline	1.224640	27	1.0000	0	0		
rank	lit-l31	(set)	short-subject-search	plain	same program	pcrec_a32bc86e_vm-caps-simdna_noreqbyte-noreqrun	measured	pinned	3	ratio_vs_best	1.224640	27	1.0000	0	0		
rank	lit-l31	(set)	short-subject-search	plain	same program	pcrec_a32bc86e_vm-caps-simdna_noaltclsfactor-nolitrun	measured	pinned	4	median_ns	544.049575	27	1.0000	0	0		
rank	lit-l31	(set)	short-subject-search	plain	same program	pcrec_a32bc86e_vm-caps-simdna_noaltclsfactor-nolitrun	measured	pinned	4	min_ns	541.419202	27	1.0000	0	0		
rank	lit-l31	(set)	short-subject-search	plain	same program	pcrec_a32bc86e_vm-caps-simdna_noaltclsfactor-nolitrun	measured	pinned	4	max_ns	554.345962	27	1.0000	0	0		
rank	lit-l31	(set)	short-subject-search	plain	same program	pcrec_a32bc86e_vm-caps-simdna_noaltclsfactor-nolitrun	measured	pinned	4	stddev_ns	4.517047	27	1.0000	0	0		
rank	lit-l31	(set)	short-subject-search	plain	same program	pcrec_a32bc86e_vm-caps-simdna_noaltclsfactor-nolitrun	measured	pinned	4	ratio_vs_baseline	1.572162	27	1.0000	0	0		
rank	lit-l31	(set)	short-subject-search	plain	same program	pcrec_a32bc86e_vm-caps-simdna_noaltclsfactor-nolitrun	measured	pinned	4	ratio_vs_best	1.572162	27	1.0000	0	0		
rank	lit-l31	(set)	short-subject-search	plain	same program	pcrec_a32bc86e_vm-caps-simdna_nolitrun	measured	pinned	5	median_ns	553.442628	27	1.0000	0	0		
rank	lit-l31	(set)	short-subject-search	plain	same program	pcrec_a32bc86e_vm-caps-simdna_nolitrun	measured	pinned	5	min_ns	546.308053	27	1.0000	0	0		
rank	lit-l31	(set)	short-subject-search	plain	same program	pcrec_a32bc86e_vm-caps-simdna_nolitrun	measured	pinned	5	max_ns	558.945326	27	1.0000	0	0		
rank	lit-l31	(set)	short-subject-search	plain	same program	pcrec_a32bc86e_vm-caps-simdna_nolitrun	measured	pinned	5	stddev_ns	5.087671	27	1.0000	0	0		
rank	lit-l31	(set)	short-subject-search	plain	same program	pcrec_a32bc86e_vm-caps-simdna_nolitrun	measured	pinned	5	ratio_vs_baseline	1.599305	27	1.0000	0	0		
rank	lit-l31	(set)	short-subject-search	plain	same program	pcrec_a32bc86e_vm-caps-simdna_nolitrun	measured	pinned	5	ratio_vs_best	1.599305	27	1.0000	0	0		
rank	lit-l31	(set)	short-subject-search	plain	same program	pcrec_a32bc86e_auto-caps-simdna_noaltclsfactor-nolitrun	measured	pinned	6	median_ns	897.055534	27	1.0000	0	0		
rank	lit-l31	(set)	short-subject-search	plain	same program	pcrec_a32bc86e_auto-caps-simdna_noaltclsfactor-nolitrun	measured	pinned	6	min_ns	895.977887	27	1.0000	0	0		
rank	lit-l31	(set)	short-subject-search	plain	same program	pcrec_a32bc86e_auto-caps-simdna_noaltclsfactor-nolitrun	measured	pinned	6	max_ns	898.484717	27	1.0000	0	0		
rank	lit-l31	(set)	short-subject-search	plain	same program	pcrec_a32bc86e_auto-caps-simdna_noaltclsfactor-nolitrun	measured	pinned	6	stddev_ns	0.900369	27	1.0000	0	0		
rank	lit-l31	(set)	short-subject-search	plain	same program	pcrec_a32bc86e_auto-caps-simdna_noaltclsfactor-nolitrun	measured	pinned	6	ratio_vs_baseline	2.592257	27	1.0000	0	0		
rank	lit-l31	(set)	short-subject-search	plain	same program	pcrec_a32bc86e_auto-caps-simdna_noaltclsfactor-nolitrun	measured	pinned	6	ratio_vs_best	2.592257	27	1.0000	0	0		
rank	lit-l31	(set)	short-subject-search	plain	same program	pcrec_a32bc86e_auto-caps-simdna_nolitrun	measured	pinned	7	median_ns	898.520425	27	1.0000	0	0		
rank	lit-l31	(set)	short-subject-search	plain	same program	pcrec_a32bc86e_auto-caps-simdna_nolitrun	measured	pinned	7	min_ns	897.259075	27	1.0000	0	0		
rank	lit-l31	(set)	short-subject-search	plain	same program	pcrec_a32bc86e_auto-caps-simdna_nolitrun	measured	pinned	7	max_ns	1129.116435	27	1.0000	0	0		
rank	lit-l31	(set)	short-subject-search	plain	same program	pcrec_a32bc86e_auto-caps-simdna_nolitrun	measured	pinned	7	stddev_ns	90.839255	27	1.0000	0	0		
rank	lit-l31	(set)	short-subject-search	plain	same program	pcrec_a32bc86e_auto-caps-simdna_nolitrun	measured	pinned	7	ratio_vs_baseline	2.596490	27	1.0000	0	0		
rank	lit-l31	(set)	short-subject-search	plain	same program	pcrec_a32bc86e_auto-caps-simdna_nolitrun	measured	pinned	7	ratio_vs_best	2.596490	27	1.0000	0	0		
rank	lit-l31	(set)	short-subject-search	plain	same program	pcrec_a32bc86e_auto-caps-simdna_noaltclsfactor	measured	pinned	8	median_ns	899.585412	27	1.0000	0	0		
rank	lit-l31	(set)	short-subject-search	plain	same program	pcrec_a32bc86e_auto-caps-simdna_noaltclsfactor	measured	pinned	8	min_ns	897.062959	27	1.0000	0	0		
rank	lit-l31	(set)	short-subject-search	plain	same program	pcrec_a32bc86e_auto-caps-simdna_noaltclsfactor	measured	pinned	8	max_ns	914.945980	27	1.0000	0	0		
rank	lit-l31	(set)	short-subject-search	plain	same program	pcrec_a32bc86e_auto-caps-simdna_noaltclsfactor	measured	pinned	8	stddev_ns	7.032119	27	1.0000	0	0		
rank	lit-l31	(set)	short-subject-search	plain	same program	pcrec_a32bc86e_auto-caps-simdna_noaltclsfactor	measured	pinned	8	ratio_vs_baseline	2.599568	27	1.0000	0	0		
rank	lit-l31	(set)	short-subject-search	plain	same program	pcrec_a32bc86e_auto-caps-simdna_noaltclsfactor	measured	pinned	8	ratio_vs_best	2.599568	27	1.0000	0	0		
rank	lit-l31	(set)	short-subject-search	plain	same program	pcrec_a32bc86e_auto-caps-simdna	measured	pinned	9	median_ns	899.602181	27	1.0000	0	0		
rank	lit-l31	(set)	short-subject-search	plain	same program	pcrec_a32bc86e_auto-caps-simdna	measured	pinned	9	min_ns	894.295018	27	1.0000	0	0		
rank	lit-l31	(set)	short-subject-search	plain	same program	pcrec_a32bc86e_auto-caps-simdna	measured	pinned	9	max_ns	928.815488	27	1.0000	0	0		
rank	lit-l31	(set)	short-subject-search	plain	same program	pcrec_a32bc86e_auto-caps-simdna	measured	pinned	9	stddev_ns	12.524060	27	1.0000	0	0		
rank	lit-l31	(set)	short-subject-search	plain	same program	pcrec_a32bc86e_auto-caps-simdna	measured	pinned	9	ratio_vs_baseline	2.599616	27	1.0000	0	0		
rank	lit-l31	(set)	short-subject-search	plain	same program	pcrec_a32bc86e_auto-caps-simdna	measured	pinned	9	ratio_vs_best	2.599616	27	1.0000	0	0		
rank	lit-l31	(set)	short-subject-search	plain	same program	pcrec_a32bc86e_vm-caps-simdna_noreqbyte-noreqrun-nolitrun	measured	pinned	10	median_ns	1001.691960	27	1.0000	0	0		
rank	lit-l31	(set)	short-subject-search	plain	same program	pcrec_a32bc86e_vm-caps-simdna_noreqbyte-noreqrun-nolitrun	measured	pinned	10	min_ns	998.874973	27	1.0000	0	0		
rank	lit-l31	(set)	short-subject-search	plain	same program	pcrec_a32bc86e_vm-caps-simdna_noreqbyte-noreqrun-nolitrun	measured	pinned	10	max_ns	1007.583009	27	1.0000	0	0		
rank	lit-l31	(set)	short-subject-search	plain	same program	pcrec_a32bc86e_vm-caps-simdna_noreqbyte-noreqrun-nolitrun	measured	pinned	10	stddev_ns	3.702079	27	1.0000	0	0		
rank	lit-l31	(set)	short-subject-search	plain	same program	pcrec_a32bc86e_vm-caps-simdna_noreqbyte-noreqrun-nolitrun	measured	pinned	10	ratio_vs_baseline	2.894629	27	1.0000	0	0		
rank	lit-l31	(set)	short-subject-search	plain	same program	pcrec_a32bc86e_vm-caps-simdna_noreqbyte-noreqrun-nolitrun	measured	pinned	10	ratio_vs_best	2.894629	27	1.0000	0	0		
rank	lit-l31	(set)	short-subject-search	plain	same program	libpcre2_10.46_jit-caps-simdna	measured	pinned	11	median_ns	1098.018399	27	1.0000	0	0		
rank	lit-l31	(set)	short-subject-search	plain	same program	libpcre2_10.46_jit-caps-simdna	measured	pinned	11	min_ns	1066.693981	27	1.0000	0	0		
rank	lit-l31	(set)	short-subject-search	plain	same program	libpcre2_10.46_jit-caps-simdna	measured	pinned	11	max_ns	1108.148855	27	1.0000	0	0		
rank	lit-l31	(set)	short-subject-search	plain	same program	libpcre2_10.46_jit-caps-simdna	measured	pinned	11	stddev_ns	16.765553	27	1.0000	0	0		
rank	lit-l31	(set)	short-subject-search	plain	same program	libpcre2_10.46_jit-caps-simdna	measured	pinned	11	ratio_vs_baseline	3.172987	27	1.0000	0	0		
rank	lit-l31	(set)	short-subject-search	plain	same program	libpcre2_10.46_jit-caps-simdna	measured	pinned	11	ratio_vs_best	3.172987	27	1.0000	0	0		
baseline	lit-l4	(set)	large-subject-throughput			pcrec_a32bc86e_vm-caps-simdna_noreqbyte-noreqrun				baseline_identity	row-best-fallback					pcrec_a32bc86e_vm-caps-simdna_noreqbyte-noreqrun (row-best fallback -- interp absent from this group)	
rank	lit-l4	(set)	large-subject-throughput	plain	same program	pcrec_a32bc86e_vm-caps-simdna_noreqbyte-noreqrun	measured	pinned	1	median_ns	1738055.685930	27	1.0000	0	0		
rank	lit-l4	(set)	large-subject-throughput	plain	same program	pcrec_a32bc86e_vm-caps-simdna_noreqbyte-noreqrun	measured	pinned	1	min_ns	1732570.081658	27	1.0000	0	0		
rank	lit-l4	(set)	large-subject-throughput	plain	same program	pcrec_a32bc86e_vm-caps-simdna_noreqbyte-noreqrun	measured	pinned	1	max_ns	1770156.748744	27	1.0000	0	0		
rank	lit-l4	(set)	large-subject-throughput	plain	same program	pcrec_a32bc86e_vm-caps-simdna_noreqbyte-noreqrun	measured	pinned	1	stddev_ns	13538.734066	27	1.0000	0	0		
rank	lit-l4	(set)	large-subject-throughput	plain	same program	pcrec_a32bc86e_vm-caps-simdna_noreqbyte-noreqrun	measured	pinned	1	ratio_vs_baseline	1.000000	27	1.0000	0	0		
rank	lit-l4	(set)	large-subject-throughput	plain	same program	pcrec_a32bc86e_vm-caps-simdna_noreqbyte-noreqrun	measured	pinned	1	ratio_vs_best	1.000000	27	1.0000	0	0		
rank	lit-l4	(set)	large-subject-throughput	plain	same program	pcrec_a32bc86e_vm-caps-simdna_noreqbyte-noreqrun-nolitrun	measured	pinned	2	median_ns	1956195.267857	27	1.0000	0	0		
rank	lit-l4	(set)	large-subject-throughput	plain	same program	pcrec_a32bc86e_vm-caps-simdna_noreqbyte-noreqrun-nolitrun	measured	pinned	2	min_ns	1948404.946429	27	1.0000	0	0		
rank	lit-l4	(set)	large-subject-throughput	plain	same program	pcrec_a32bc86e_vm-caps-simdna_noreqbyte-noreqrun-nolitrun	measured	pinned	2	max_ns	1991523.028274	27	1.0000	0	0		
rank	lit-l4	(set)	large-subject-throughput	plain	same program	pcrec_a32bc86e_vm-caps-simdna_noreqbyte-noreqrun-nolitrun	measured	pinned	2	stddev_ns	16030.300886	27	1.0000	0	0		
rank	lit-l4	(set)	large-subject-throughput	plain	same program	pcrec_a32bc86e_vm-caps-simdna_noreqbyte-noreqrun-nolitrun	measured	pinned	2	ratio_vs_baseline	1.125508	27	1.0000	0	0		
rank	lit-l4	(set)	large-subject-throughput	plain	same program	pcrec_a32bc86e_vm-caps-simdna_noreqbyte-noreqrun-nolitrun	measured	pinned	2	ratio_vs_best	1.125508	27	1.0000	0	0		
rank	lit-l4	(set)	large-subject-throughput	plain	same program	pcrec_a32bc86e_vm-caps-simdna	measured	pinned	3	median_ns	2323866.293594	27	1.0000	0	0		
rank	lit-l4	(set)	large-subject-throughput	plain	same program	pcrec_a32bc86e_vm-caps-simdna	measured	pinned	3	min_ns	2301200.272242	27	1.0000	0	0		
rank	lit-l4	(set)	large-subject-throughput	plain	same program	pcrec_a32bc86e_vm-caps-simdna	measured	pinned	3	max_ns	2325559.653025	27	1.0000	0	0		
rank	lit-l4	(set)	large-subject-throughput	plain	same program	pcrec_a32bc86e_vm-caps-simdna	measured	pinned	3	stddev_ns	9094.769176	27	1.0000	0	0		
rank	lit-l4	(set)	large-subject-throughput	plain	same program	pcrec_a32bc86e_vm-caps-simdna	measured	pinned	3	ratio_vs_baseline	1.337049	27	1.0000	0	0		
rank	lit-l4	(set)	large-subject-throughput	plain	same program	pcrec_a32bc86e_vm-caps-simdna	measured	pinned	3	ratio_vs_best	1.337049	27	1.0000	0	0		
rank	lit-l4	(set)	large-subject-throughput	plain	same program	pcrec_a32bc86e_vm-caps-simdna_noaltclsfactor	measured	pinned	4	median_ns	2324755.890071	27	1.0000	0	0		
rank	lit-l4	(set)	large-subject-throughput	plain	same program	pcrec_a32bc86e_vm-caps-simdna_noaltclsfactor	measured	pinned	4	min_ns	2300992.455674	27	1.0000	0	0		
rank	lit-l4	(set)	large-subject-throughput	plain	same program	pcrec_a32bc86e_vm-caps-simdna_noaltclsfactor	measured	pinned	4	max_ns	2336410.104610	27	1.0000	0	0		
rank	lit-l4	(set)	large-subject-throughput	plain	same program	pcrec_a32bc86e_vm-caps-simdna_noaltclsfactor	measured	pinned	4	stddev_ns	12228.879113	27	1.0000	0	0		
rank	lit-l4	(set)	large-subject-throughput	plain	same program	pcrec_a32bc86e_vm-caps-simdna_noaltclsfactor	measured	pinned	4	ratio_vs_baseline	1.337561	27	1.0000	0	0		
rank	lit-l4	(set)	large-subject-throughput	plain	same program	pcrec_a32bc86e_vm-caps-simdna_noaltclsfactor	measured	pinned	4	ratio_vs_best	1.337561	27	1.0000	0	0		
rank	lit-l4	(set)	large-subject-throughput	plain	same program	pcrec_a32bc86e_vm-caps-simdna_nolitrun	measured	pinned	5	median_ns	2341075.372340	27	1.0000	0	0		
rank	lit-l4	(set)	large-subject-throughput	plain	same program	pcrec_a32bc86e_vm-caps-simdna_nolitrun	measured	pinned	5	min_ns	2334188.225177	27	1.0000	0	0		
rank	lit-l4	(set)	large-subject-throughput	plain	same program	pcrec_a32bc86e_vm-caps-simdna_nolitrun	measured	pinned	5	max_ns	2352401.597518	27	1.0000	0	0		
rank	lit-l4	(set)	large-subject-throughput	plain	same program	pcrec_a32bc86e_vm-caps-simdna_nolitrun	measured	pinned	5	stddev_ns	6923.154464	27	1.0000	0	0		
rank	lit-l4	(set)	large-subject-throughput	plain	same program	pcrec_a32bc86e_vm-caps-simdna_nolitrun	measured	pinned	5	ratio_vs_baseline	1.346951	27	1.0000	0	0		
rank	lit-l4	(set)	large-subject-throughput	plain	same program	pcrec_a32bc86e_vm-caps-simdna_nolitrun	measured	pinned	5	ratio_vs_best	1.346951	27	1.0000	0	0		
rank	lit-l4	(set)	large-subject-throughput	plain	same program	pcrec_a32bc86e_vm-caps-simdna_noaltclsfactor-nolitrun	measured	pinned	6	median_ns	2344175.607460	27	1.0000	0	0		
rank	lit-l4	(set)	large-subject-throughput	plain	same program	pcrec_a32bc86e_vm-caps-simdna_noaltclsfactor-nolitrun	measured	pinned	6	min_ns	2342275.078153	27	1.0000	0	0		
rank	lit-l4	(set)	large-subject-throughput	plain	same program	pcrec_a32bc86e_vm-caps-simdna_noaltclsfactor-nolitrun	measured	pinned	6	max_ns	2374221.554174	27	1.0000	0	0		
rank	lit-l4	(set)	large-subject-throughput	plain	same program	pcrec_a32bc86e_vm-caps-simdna_noaltclsfactor-nolitrun	measured	pinned	6	stddev_ns	12212.193584	27	1.0000	0	0		
rank	lit-l4	(set)	large-subject-throughput	plain	same program	pcrec_a32bc86e_vm-caps-simdna_noaltclsfactor-nolitrun	measured	pinned	6	ratio_vs_baseline	1.348734	27	1.0000	0	0		
rank	lit-l4	(set)	large-subject-throughput	plain	same program	pcrec_a32bc86e_vm-caps-simdna_noaltclsfactor-nolitrun	measured	pinned	6	ratio_vs_best	1.348734	27	1.0000	0	0		
rank	lit-l4	(set)	large-subject-throughput	plain	same program	pcrec_a32bc86e_auto-caps-simdna	measured	pinned	7	median_ns	3145149.029412	27	1.0000	0	0		
rank	lit-l4	(set)	large-subject-throughput	plain	same program	pcrec_a32bc86e_auto-caps-simdna	measured	pinned	7	min_ns	3142792.609244	27	1.0000	0	0		
rank	lit-l4	(set)	large-subject-throughput	plain	same program	pcrec_a32bc86e_auto-caps-simdna	measured	pinned	7	max_ns	3148107.111345	27	1.0000	0	0		
rank	lit-l4	(set)	large-subject-throughput	plain	same program	pcrec_a32bc86e_auto-caps-simdna	measured	pinned	7	stddev_ns	1970.603422	27	1.0000	0	0		
rank	lit-l4	(set)	large-subject-throughput	plain	same program	pcrec_a32bc86e_auto-caps-simdna	measured	pinned	7	ratio_vs_baseline	1.809579	27	1.0000	0	0		
rank	lit-l4	(set)	large-subject-throughput	plain	same program	pcrec_a32bc86e_auto-caps-simdna	measured	pinned	7	ratio_vs_best	1.809579	27	1.0000	0	0		
rank	lit-l4	(set)	large-subject-throughput	plain	same program	pcrec_a32bc86e_auto-caps-simdna_noaltclsfactor	measured	pinned	8	median_ns	3146255.525210	27	1.0000	0	0		
rank	lit-l4	(set)	large-subject-throughput	plain	same program	pcrec_a32bc86e_auto-caps-simdna_noaltclsfactor	measured	pinned	8	min_ns	3142867.489496	27	1.0000	0	0		
rank	lit-l4	(set)	large-subject-throughput	plain	same program	pcrec_a32bc86e_auto-caps-simdna_noaltclsfactor	measured	pinned	8	max_ns	3147271.000000	27	1.0000	0	0		
rank	lit-l4	(set)	large-subject-throughput	plain	same program	pcrec_a32bc86e_auto-caps-simdna_noaltclsfactor	measured	pinned	8	stddev_ns	1530.370717	27	1.0000	0	0		
rank	lit-l4	(set)	large-subject-throughput	plain	same program	pcrec_a32bc86e_auto-caps-simdna_noaltclsfactor	measured	pinned	8	ratio_vs_baseline	1.810216	27	1.0000	0	0		
rank	lit-l4	(set)	large-subject-throughput	plain	same program	pcrec_a32bc86e_auto-caps-simdna_noaltclsfactor	measured	pinned	8	ratio_vs_best	1.810216	27	1.0000	0	0		
rank	lit-l4	(set)	large-subject-throughput	plain	same program	pcrec_a32bc86e_auto-caps-simdna_nolitrun	measured	pinned	9	median_ns	3146803.446541	27	1.0000	0	0		
rank	lit-l4	(set)	large-subject-throughput	plain	same program	pcrec_a32bc86e_auto-caps-simdna_nolitrun	measured	pinned	9	min_ns	3144891.547170	27	1.0000	0	0		
rank	lit-l4	(set)	large-subject-throughput	plain	same program	pcrec_a32bc86e_auto-caps-simdna_nolitrun	measured	pinned	9	max_ns	3148099.953878	27	1.0000	0	0		
rank	lit-l4	(set)	large-subject-throughput	plain	same program	pcrec_a32bc86e_auto-caps-simdna_nolitrun	measured	pinned	9	stddev_ns	1212.816124	27	1.0000	0	0		
rank	lit-l4	(set)	large-subject-throughput	plain	same program	pcrec_a32bc86e_auto-caps-simdna_nolitrun	measured	pinned	9	ratio_vs_baseline	1.810531	27	1.0000	0	0		
rank	lit-l4	(set)	large-subject-throughput	plain	same program	pcrec_a32bc86e_auto-caps-simdna_nolitrun	measured	pinned	9	ratio_vs_best	1.810531	27	1.0000	0	0		
rank	lit-l4	(set)	large-subject-throughput	plain	same program	pcrec_a32bc86e_auto-caps-simdna_noaltclsfactor-nolitrun	measured	pinned	10	median_ns	3149137.377358	27	1.0000	0	0		
rank	lit-l4	(set)	large-subject-throughput	plain	same program	pcrec_a32bc86e_auto-caps-simdna_noaltclsfactor-nolitrun	measured	pinned	10	min_ns	3143841.433962	27	1.0000	0	0		
rank	lit-l4	(set)	large-subject-throughput	plain	same program	pcrec_a32bc86e_auto-caps-simdna_noaltclsfactor-nolitrun	measured	pinned	10	max_ns	3150637.926625	27	1.0000	0	0		
rank	lit-l4	(set)	large-subject-throughput	plain	same program	pcrec_a32bc86e_auto-caps-simdna_noaltclsfactor-nolitrun	measured	pinned	10	stddev_ns	2354.059081	27	1.0000	0	0		
rank	lit-l4	(set)	large-subject-throughput	plain	same program	pcrec_a32bc86e_auto-caps-simdna_noaltclsfactor-nolitrun	measured	pinned	10	ratio_vs_baseline	1.811874	27	1.0000	0	0		
rank	lit-l4	(set)	large-subject-throughput	plain	same program	pcrec_a32bc86e_auto-caps-simdna_noaltclsfactor-nolitrun	measured	pinned	10	ratio_vs_best	1.811874	27	1.0000	0	0		
rank	lit-l4	(set)	large-subject-throughput	plain	same program	libpcre2_10.46_jit-caps-simdna	measured	pinned	11	median_ns	3768922.730014	27	1.0000	0	0		
rank	lit-l4	(set)	large-subject-throughput	plain	same program	libpcre2_10.46_jit-caps-simdna	measured	pinned	11	min_ns	3673265.447015	27	1.0000	0	0		
rank	lit-l4	(set)	large-subject-throughput	plain	same program	libpcre2_10.46_jit-caps-simdna	measured	pinned	11	max_ns	3827891.098740	27	1.0000	0	0		
rank	lit-l4	(set)	large-subject-throughput	plain	same program	libpcre2_10.46_jit-caps-simdna	measured	pinned	11	stddev_ns	56775.291617	27	1.0000	0	0		
rank	lit-l4	(set)	large-subject-throughput	plain	same program	libpcre2_10.46_jit-caps-simdna	measured	pinned	11	ratio_vs_baseline	2.168471	27	1.0000	0	0		
rank	lit-l4	(set)	large-subject-throughput	plain	same program	libpcre2_10.46_jit-caps-simdna	measured	pinned	11	ratio_vs_best	2.168471	27	1.0000	0	0		
baseline	lit-l4	(set)	match-compliance			pcrec_a32bc86e_vm-caps-simdna_noreqbyte-noreqrun				baseline_identity	row-best-fallback					pcrec_a32bc86e_vm-caps-simdna_noreqbyte-noreqrun (row-best fallback -- interp absent from this group)	
rank	lit-l4	(set)	match-compliance	whole-subject	separate artifact	pcrec_a32bc86e_vm-caps-simdna_noreqbyte-noreqrun	measured	pinned	1	median_ns	163.166987	27	1.0000	0	0		
rank	lit-l4	(set)	match-compliance	whole-subject	separate artifact	pcrec_a32bc86e_vm-caps-simdna_noreqbyte-noreqrun	measured	pinned	1	min_ns	163.008429	27	1.0000	0	0		
rank	lit-l4	(set)	match-compliance	whole-subject	separate artifact	pcrec_a32bc86e_vm-caps-simdna_noreqbyte-noreqrun	measured	pinned	1	max_ns	165.018581	27	1.0000	0	0		
rank	lit-l4	(set)	match-compliance	whole-subject	separate artifact	pcrec_a32bc86e_vm-caps-simdna_noreqbyte-noreqrun	measured	pinned	1	stddev_ns	0.759864	27	1.0000	0	0		
rank	lit-l4	(set)	match-compliance	whole-subject	separate artifact	pcrec_a32bc86e_vm-caps-simdna_noreqbyte-noreqrun	measured	pinned	1	ratio_vs_baseline	1.000000	27	1.0000	0	0		
rank	lit-l4	(set)	match-compliance	whole-subject	separate artifact	pcrec_a32bc86e_vm-caps-simdna_noreqbyte-noreqrun	measured	pinned	1	ratio_vs_best	1.000000	27	1.0000	0	0		
rank	lit-l4	(set)	match-compliance	whole-subject	separate artifact	pcrec_a32bc86e_vm-caps-simdna_noreqbyte-noreqrun-nolitrun	measured	pinned	2	median_ns	176.457843	27	1.0000	0	0		
rank	lit-l4	(set)	match-compliance	whole-subject	separate artifact	pcrec_a32bc86e_vm-caps-simdna_noreqbyte-noreqrun-nolitrun	measured	pinned	2	min_ns	176.313988	27	1.0000	0	0		
rank	lit-l4	(set)	match-compliance	whole-subject	separate artifact	pcrec_a32bc86e_vm-caps-simdna_noreqbyte-noreqrun-nolitrun	measured	pinned	2	max_ns	180.033859	27	1.0000	0	0		
rank	lit-l4	(set)	match-compliance	whole-subject	separate artifact	pcrec_a32bc86e_vm-caps-simdna_noreqbyte-noreqrun-nolitrun	measured	pinned	2	stddev_ns	1.785407	27	1.0000	0	0		
rank	lit-l4	(set)	match-compliance	whole-subject	separate artifact	pcrec_a32bc86e_vm-caps-simdna_noreqbyte-noreqrun-nolitrun	measured	pinned	2	ratio_vs_baseline	1.081456	27	1.0000	0	0		
rank	lit-l4	(set)	match-compliance	whole-subject	separate artifact	pcrec_a32bc86e_vm-caps-simdna_noreqbyte-noreqrun-nolitrun	measured	pinned	2	ratio_vs_best	1.081456	27	1.0000	0	0		
rank	lit-l4	(set)	match-compliance	whole-subject	separate artifact	pcrec_a32bc86e_vm-caps-simdna_noaltclsfactor-nolitrun	measured	pinned	3	median_ns	179.486215	27	1.0000	0	0		
rank	lit-l4	(set)	match-compliance	whole-subject	separate artifact	pcrec_a32bc86e_vm-caps-simdna_noaltclsfactor-nolitrun	measured	pinned	3	min_ns	179.045713	27	1.0000	0	0		
rank	lit-l4	(set)	match-compliance	whole-subject	separate artifact	pcrec_a32bc86e_vm-caps-simdna_noaltclsfactor-nolitrun	measured	pinned	3	max_ns	183.019255	27	1.0000	0	0		
rank	lit-l4	(set)	match-compliance	whole-subject	separate artifact	pcrec_a32bc86e_vm-caps-simdna_noaltclsfactor-nolitrun	measured	pinned	3	stddev_ns	1.729610	27	1.0000	0	0		
rank	lit-l4	(set)	match-compliance	whole-subject	separate artifact	pcrec_a32bc86e_vm-caps-simdna_noaltclsfactor-nolitrun	measured	pinned	3	ratio_vs_baseline	1.100015	27	1.0000	0	0		
rank	lit-l4	(set)	match-compliance	whole-subject	separate artifact	pcrec_a32bc86e_vm-caps-simdna_noaltclsfactor-nolitrun	measured	pinned	3	ratio_vs_best	1.100015	27	1.0000	0	0		
rank	lit-l4	(set)	match-compliance	whole-subject	separate artifact	pcrec_a32bc86e_vm-caps-simdna_nolitrun	measured	pinned	4	median_ns	179.555937	27	1.0000	0	0		
rank	lit-l4	(set)	match-compliance	whole-subject	separate artifact	pcrec_a32bc86e_vm-caps-simdna_nolitrun	measured	pinned	4	min_ns	178.942206	27	1.0000	0	0		
rank	lit-l4	(set)	match-compliance	whole-subject	separate artifact	pcrec_a32bc86e_vm-caps-simdna_nolitrun	measured	pinned	4	max_ns	180.531951	27	1.0000	0	0		
rank	lit-l4	(set)	match-compliance	whole-subject	separate artifact	pcrec_a32bc86e_vm-caps-simdna_nolitrun	measured	pinned	4	stddev_ns	0.631901	27	1.0000	0	0		
rank	lit-l4	(set)	match-compliance	whole-subject	separate artifact	pcrec_a32bc86e_vm-caps-simdna_nolitrun	measured	pinned	4	ratio_vs_baseline	1.100443	27	1.0000	0	0		
rank	lit-l4	(set)	match-compliance	whole-subject	separate artifact	pcrec_a32bc86e_vm-caps-simdna_nolitrun	measured	pinned	4	ratio_vs_best	1.100443	27	1.0000	0	0		
rank	lit-l4	(set)	match-compliance	whole-subject	separate artifact	pcrec_a32bc86e_vm-caps-simdna	measured	pinned	5	median_ns	186.164083	27	1.0000	0	0		
rank	lit-l4	(set)	match-compliance	whole-subject	separate artifact	pcrec_a32bc86e_vm-caps-simdna	measured	pinned	5	min_ns	183.363640	27	1.0000	0	0		
rank	lit-l4	(set)	match-compliance	whole-subject	separate artifact	pcrec_a32bc86e_vm-caps-simdna	measured	pinned	5	max_ns	186.990866	27	1.0000	0	0		
rank	lit-l4	(set)	match-compliance	whole-subject	separate artifact	pcrec_a32bc86e_vm-caps-simdna	measured	pinned	5	stddev_ns	1.537686	27	1.0000	0	0		
rank	lit-l4	(set)	match-compliance	whole-subject	separate artifact	pcrec_a32bc86e_vm-caps-simdna	measured	pinned	5	ratio_vs_baseline	1.140942	27	1.0000	0	0		
rank	lit-l4	(set)	match-compliance	whole-subject	separate artifact	pcrec_a32bc86e_vm-caps-simdna	measured	pinned	5	ratio_vs_best	1.140942	27	1.0000	0	0		
rank	lit-l4	(set)	match-compliance	whole-subject	separate artifact	pcrec_a32bc86e_vm-caps-simdna_noaltclsfactor	measured	pinned	6	median_ns	186.947142	27	1.0000	0	0		
rank	lit-l4	(set)	match-compliance	whole-subject	separate artifact	pcrec_a32bc86e_vm-caps-simdna_noaltclsfactor	measured	pinned	6	min_ns	183.406186	27	1.0000	0	0		
rank	lit-l4	(set)	match-compliance	whole-subject	separate artifact	pcrec_a32bc86e_vm-caps-simdna_noaltclsfactor	measured	pinned	6	max_ns	187.186752	27	1.0000	0	0		
rank	lit-l4	(set)	match-compliance	whole-subject	separate artifact	pcrec_a32bc86e_vm-caps-simdna_noaltclsfactor	measured	pinned	6	stddev_ns	1.441866	27	1.0000	0	0		
rank	lit-l4	(set)	match-compliance	whole-subject	separate artifact	pcrec_a32bc86e_vm-caps-simdna_noaltclsfactor	measured	pinned	6	ratio_vs_baseline	1.145741	27	1.0000	0	0		
rank	lit-l4	(set)	match-compliance	whole-subject	separate artifact	pcrec_a32bc86e_vm-caps-simdna_noaltclsfactor	measured	pinned	6	ratio_vs_best	1.145741	27	1.0000	0	0		
rank	lit-l4	(set)	match-compliance	whole-subject	separate artifact	pcrec_a32bc86e_auto-caps-simdna_noaltclsfactor	measured	pinned	7	median_ns	302.970546	27	1.0000	0	0		
rank	lit-l4	(set)	match-compliance	whole-subject	separate artifact	pcrec_a32bc86e_auto-caps-simdna_noaltclsfactor	measured	pinned	7	min_ns	302.758529	27	1.0000	0	0		
rank	lit-l4	(set)	match-compliance	whole-subject	separate artifact	pcrec_a32bc86e_auto-caps-simdna_noaltclsfactor	measured	pinned	7	max_ns	305.912971	27	1.0000	0	0		
rank	lit-l4	(set)	match-compliance	whole-subject	separate artifact	pcrec_a32bc86e_auto-caps-simdna_noaltclsfactor	measured	pinned	7	stddev_ns	1.191967	27	1.0000	0	0		
rank	lit-l4	(set)	match-compliance	whole-subject	separate artifact	pcrec_a32bc86e_auto-caps-simdna_noaltclsfactor	measured	pinned	7	ratio_vs_baseline	1.856813	27	1.0000	0	0		
rank	lit-l4	(set)	match-compliance	whole-subject	separate artifact	pcrec_a32bc86e_auto-caps-simdna_noaltclsfactor	measured	pinned	7	ratio_vs_best	1.856813	27	1.0000	0	0		
rank	lit-l4	(set)	match-compliance	whole-subject	separate artifact	pcrec_a32bc86e_auto-caps-simdna_nolitrun	measured	pinned	8	median_ns	303.149064	27	1.0000	0	0		
rank	lit-l4	(set)	match-compliance	whole-subject	separate artifact	pcrec_a32bc86e_auto-caps-simdna_nolitrun	measured	pinned	8	min_ns	302.077915	27	1.0000	0	0		
rank	lit-l4	(set)	match-compliance	whole-subject	separate artifact	pcrec_a32bc86e_auto-caps-simdna_nolitrun	measured	pinned	8	max_ns	306.738633	27	1.0000	0	0		
rank	lit-l4	(set)	match-compliance	whole-subject	separate artifact	pcrec_a32bc86e_auto-caps-simdna_nolitrun	measured	pinned	8	stddev_ns	1.853330	27	1.0000	0	0		
rank	lit-l4	(set)	match-compliance	whole-subject	separate artifact	pcrec_a32bc86e_auto-caps-simdna_nolitrun	measured	pinned	8	ratio_vs_baseline	1.857907	27	1.0000	0	0		
rank	lit-l4	(set)	match-compliance	whole-subject	separate artifact	pcrec_a32bc86e_auto-caps-simdna_nolitrun	measured	pinned	8	ratio_vs_best	1.857907	27	1.0000	0	0		
rank	lit-l4	(set)	match-compliance	whole-subject	separate artifact	pcrec_a32bc86e_auto-caps-simdna	measured	pinned	9	median_ns	303.747291	27	1.0000	0	0		
rank	lit-l4	(set)	match-compliance	whole-subject	separate artifact	pcrec_a32bc86e_auto-caps-simdna	measured	pinned	9	min_ns	302.055170	27	1.0000	0	0		
rank	lit-l4	(set)	match-compliance	whole-subject	separate artifact	pcrec_a32bc86e_auto-caps-simdna	measured	pinned	9	max_ns	329.782401	27	1.0000	0	0		
rank	lit-l4	(set)	match-compliance	whole-subject	separate artifact	pcrec_a32bc86e_auto-caps-simdna	measured	pinned	9	stddev_ns	10.712385	27	1.0000	0	0		
rank	lit-l4	(set)	match-compliance	whole-subject	separate artifact	pcrec_a32bc86e_auto-caps-simdna	measured	pinned	9	ratio_vs_baseline	1.861573	27	1.0000	0	0		
rank	lit-l4	(set)	match-compliance	whole-subject	separate artifact	pcrec_a32bc86e_auto-caps-simdna	measured	pinned	9	ratio_vs_best	1.861573	27	1.0000	0	0		
rank	lit-l4	(set)	match-compliance	whole-subject	separate artifact	pcrec_a32bc86e_auto-caps-simdna_noaltclsfactor-nolitrun	measured	pinned	10	median_ns	305.504354	27	1.0000	0	0		
rank	lit-l4	(set)	match-compliance	whole-subject	separate artifact	pcrec_a32bc86e_auto-caps-simdna_noaltclsfactor-nolitrun	measured	pinned	10	min_ns	303.285105	27	1.0000	0	0		
rank	lit-l4	(set)	match-compliance	whole-subject	separate artifact	pcrec_a32bc86e_auto-caps-simdna_noaltclsfactor-nolitrun	measured	pinned	10	max_ns	433.772233	27	1.0000	0	0		
rank	lit-l4	(set)	match-compliance	whole-subject	separate artifact	pcrec_a32bc86e_auto-caps-simdna_noaltclsfactor-nolitrun	measured	pinned	10	stddev_ns	51.554435	27	1.0000	0	0		
rank	lit-l4	(set)	match-compliance	whole-subject	separate artifact	pcrec_a32bc86e_auto-caps-simdna_noaltclsfactor-nolitrun	measured	pinned	10	ratio_vs_baseline	1.872342	27	1.0000	0	0		
rank	lit-l4	(set)	match-compliance	whole-subject	separate artifact	pcrec_a32bc86e_auto-caps-simdna_noaltclsfactor-nolitrun	measured	pinned	10	ratio_vs_best	1.872342	27	1.0000	0	0		
rank	lit-l4	(set)	match-compliance	plain	same program	libpcre2_10.46_jit-caps-simdna	measured	pinned	11	median_ns	1477.464111	27	1.0000	0	0		
rank	lit-l4	(set)	match-compliance	plain	same program	libpcre2_10.46_jit-caps-simdna	measured	pinned	11	min_ns	1470.564988	27	1.0000	0	0		
rank	lit-l4	(set)	match-compliance	plain	same program	libpcre2_10.46_jit-caps-simdna	measured	pinned	11	max_ns	1480.092483	27	1.0000	0	0		
rank	lit-l4	(set)	match-compliance	plain	same program	libpcre2_10.46_jit-caps-simdna	measured	pinned	11	stddev_ns	3.624336	27	1.0000	0	0		
rank	lit-l4	(set)	match-compliance	plain	same program	libpcre2_10.46_jit-caps-simdna	measured	pinned	11	ratio_vs_baseline	9.054921	27	1.0000	0	0		
rank	lit-l4	(set)	match-compliance	plain	same program	libpcre2_10.46_jit-caps-simdna	measured	pinned	11	ratio_vs_best	9.054921	27	1.0000	0	0		
baseline	lit-l4	(set)	short-subject-search			pcrec_a32bc86e_vm-caps-simdna_nolitrun				baseline_identity	row-best-fallback					pcrec_a32bc86e_vm-caps-simdna_nolitrun (row-best fallback -- interp absent from this group)	
rank	lit-l4	(set)	short-subject-search	plain	same program	pcrec_a32bc86e_vm-caps-simdna_nolitrun	measured	pinned	1	median_ns	389.770599	27	1.0000	0	0		
rank	lit-l4	(set)	short-subject-search	plain	same program	pcrec_a32bc86e_vm-caps-simdna_nolitrun	measured	pinned	1	min_ns	385.311989	27	1.0000	0	0		
rank	lit-l4	(set)	short-subject-search	plain	same program	pcrec_a32bc86e_vm-caps-simdna_nolitrun	measured	pinned	1	max_ns	394.261775	27	1.0000	0	0		
rank	lit-l4	(set)	short-subject-search	plain	same program	pcrec_a32bc86e_vm-caps-simdna_nolitrun	measured	pinned	1	stddev_ns	3.229504	27	1.0000	0	0		
rank	lit-l4	(set)	short-subject-search	plain	same program	pcrec_a32bc86e_vm-caps-simdna_nolitrun	measured	pinned	1	ratio_vs_baseline	1.000000	27	1.0000	0	0		
rank	lit-l4	(set)	short-subject-search	plain	same program	pcrec_a32bc86e_vm-caps-simdna_nolitrun	measured	pinned	1	ratio_vs_best	1.000000	27	1.0000	0	0		
rank	lit-l4	(set)	short-subject-search	plain	same program	pcrec_a32bc86e_vm-caps-simdna_noaltclsfactor-nolitrun	measured	pinned	2	median_ns	392.492715	27	1.0000	0	0		
rank	lit-l4	(set)	short-subject-search	plain	same program	pcrec_a32bc86e_vm-caps-simdna_noaltclsfactor-nolitrun	measured	pinned	2	min_ns	383.399183	27	1.0000	0	0		
rank	lit-l4	(set)	short-subject-search	plain	same program	pcrec_a32bc86e_vm-caps-simdna_noaltclsfactor-nolitrun	measured	pinned	2	max_ns	400.957836	27	1.0000	0	0		
rank	lit-l4	(set)	short-subject-search	plain	same program	pcrec_a32bc86e_vm-caps-simdna_noaltclsfactor-nolitrun	measured	pinned	2	stddev_ns	5.680094	27	1.0000	0	0		
rank	lit-l4	(set)	short-subject-search	plain	same program	pcrec_a32bc86e_vm-caps-simdna_noaltclsfactor-nolitrun	measured	pinned	2	ratio_vs_baseline	1.006984	27	1.0000	0	0		
rank	lit-l4	(set)	short-subject-search	plain	same program	pcrec_a32bc86e_vm-caps-simdna_noaltclsfactor-nolitrun	measured	pinned	2	ratio_vs_best	1.006984	27	1.0000	0	0		
rank	lit-l4	(set)	short-subject-search	plain	same program	pcrec_a32bc86e_vm-caps-simdna	measured	pinned	3	median_ns	416.234255	27	1.0000	0	0		
rank	lit-l4	(set)	short-subject-search	plain	same program	pcrec_a32bc86e_vm-caps-simdna	measured	pinned	3	min_ns	411.890739	27	1.0000	0	0		
rank	lit-l4	(set)	short-subject-search	plain	same program	pcrec_a32bc86e_vm-caps-simdna	measured	pinned	3	max_ns	422.073805	27	1.0000	0	0		
rank	lit-l4	(set)	short-subject-search	plain	same program	pcrec_a32bc86e_vm-caps-simdna	measured	pinned	3	stddev_ns	3.621705	27	1.0000	0	0		
rank	lit-l4	(set)	short-subject-search	plain	same program	pcrec_a32bc86e_vm-caps-simdna	measured	pinned	3	ratio_vs_baseline	1.067895	27	1.0000	0	0		
rank	lit-l4	(set)	short-subject-search	plain	same program	pcrec_a32bc86e_vm-caps-simdna	measured	pinned	3	ratio_vs_best	1.067895	27	1.0000	0	0		
rank	lit-l4	(set)	short-subject-search	plain	same program	pcrec_a32bc86e_vm-caps-simdna_noaltclsfactor	measured	pinned	4	median_ns	416.513205	27	1.0000	0	0		
rank	lit-l4	(set)	short-subject-search	plain	same program	pcrec_a32bc86e_vm-caps-simdna_noaltclsfactor	measured	pinned	4	min_ns	413.729786	27	1.0000	0	0		
rank	lit-l4	(set)	short-subject-search	plain	same program	pcrec_a32bc86e_vm-caps-simdna_noaltclsfactor	measured	pinned	4	max_ns	521.488855	27	1.0000	0	0		
rank	lit-l4	(set)	short-subject-search	plain	same program	pcrec_a32bc86e_vm-caps-simdna_noaltclsfactor	measured	pinned	4	stddev_ns	42.185664	27	1.0000	0	0		
rank	lit-l4	(set)	short-subject-search	plain	same program	pcrec_a32bc86e_vm-caps-simdna_noaltclsfactor	measured	pinned	4	ratio_vs_baseline	1.068611	27	1.0000	0	0		
rank	lit-l4	(set)	short-subject-search	plain	same program	pcrec_a32bc86e_vm-caps-simdna_noaltclsfactor	measured	pinned	4	ratio_vs_best	1.068611	27	1.0000	0	0		
rank	lit-l4	(set)	short-subject-search	plain	same program	pcrec_a32bc86e_auto-caps-simdna_nolitrun	measured	pinned	5	median_ns	432.594927	27	1.0000	0	0		
rank	lit-l4	(set)	short-subject-search	plain	same program	pcrec_a32bc86e_auto-caps-simdna_nolitrun	measured	pinned	5	min_ns	431.946009	27	1.0000	0	0		
rank	lit-l4	(set)	short-subject-search	plain	same program	pcrec_a32bc86e_auto-caps-simdna_nolitrun	measured	pinned	5	max_ns	434.684565	27	1.0000	0	0		
rank	lit-l4	(set)	short-subject-search	plain	same program	pcrec_a32bc86e_auto-caps-simdna_nolitrun	measured	pinned	5	stddev_ns	0.964705	27	1.0000	0	0		
rank	lit-l4	(set)	short-subject-search	plain	same program	pcrec_a32bc86e_auto-caps-simdna_nolitrun	measured	pinned	5	ratio_vs_baseline	1.109871	27	1.0000	0	0		
rank	lit-l4	(set)	short-subject-search	plain	same program	pcrec_a32bc86e_auto-caps-simdna_nolitrun	measured	pinned	5	ratio_vs_best	1.109871	27	1.0000	0	0		
rank	lit-l4	(set)	short-subject-search	plain	same program	pcrec_a32bc86e_auto-caps-simdna_noaltclsfactor-nolitrun	measured	pinned	6	median_ns	433.232630	27	1.0000	0	0		
rank	lit-l4	(set)	short-subject-search	plain	same program	pcrec_a32bc86e_auto-caps-simdna_noaltclsfactor-nolitrun	measured	pinned	6	min_ns	432.515313	27	1.0000	0	0		
rank	lit-l4	(set)	short-subject-search	plain	same program	pcrec_a32bc86e_auto-caps-simdna_noaltclsfactor-nolitrun	measured	pinned	6	max_ns	433.973341	27	1.0000	0	0		
rank	lit-l4	(set)	short-subject-search	plain	same program	pcrec_a32bc86e_auto-caps-simdna_noaltclsfactor-nolitrun	measured	pinned	6	stddev_ns	0.509663	27	1.0000	0	0		
rank	lit-l4	(set)	short-subject-search	plain	same program	pcrec_a32bc86e_auto-caps-simdna_noaltclsfactor-nolitrun	measured	pinned	6	ratio_vs_baseline	1.111507	27	1.0000	0	0		
rank	lit-l4	(set)	short-subject-search	plain	same program	pcrec_a32bc86e_auto-caps-simdna_noaltclsfactor-nolitrun	measured	pinned	6	ratio_vs_best	1.111507	27	1.0000	0	0		
rank	lit-l4	(set)	short-subject-search	plain	same program	pcrec_a32bc86e_auto-caps-simdna	measured	pinned	7	median_ns	434.006359	27	1.0000	0	0		
rank	lit-l4	(set)	short-subject-search	plain	same program	pcrec_a32bc86e_auto-caps-simdna	measured	pinned	7	min_ns	433.655844	27	1.0000	0	0		
rank	lit-l4	(set)	short-subject-search	plain	same program	pcrec_a32bc86e_auto-caps-simdna	measured	pinned	7	max_ns	437.234785	27	1.0000	0	0		
rank	lit-l4	(set)	short-subject-search	plain	same program	pcrec_a32bc86e_auto-caps-simdna	measured	pinned	7	stddev_ns	1.324950	27	1.0000	0	0		
rank	lit-l4	(set)	short-subject-search	plain	same program	pcrec_a32bc86e_auto-caps-simdna	measured	pinned	7	ratio_vs_baseline	1.113492	27	1.0000	0	0		
rank	lit-l4	(set)	short-subject-search	plain	same program	pcrec_a32bc86e_auto-caps-simdna	measured	pinned	7	ratio_vs_best	1.113492	27	1.0000	0	0		
rank	lit-l4	(set)	short-subject-search	plain	same program	pcrec_a32bc86e_auto-caps-simdna_noaltclsfactor	measured	pinned	8	median_ns	434.101477	27	1.0000	0	0		
rank	lit-l4	(set)	short-subject-search	plain	same program	pcrec_a32bc86e_auto-caps-simdna_noaltclsfactor	measured	pinned	8	min_ns	433.049796	27	1.0000	0	0		
rank	lit-l4	(set)	short-subject-search	plain	same program	pcrec_a32bc86e_auto-caps-simdna_noaltclsfactor	measured	pinned	8	max_ns	440.021426	27	1.0000	0	0		
rank	lit-l4	(set)	short-subject-search	plain	same program	pcrec_a32bc86e_auto-caps-simdna_noaltclsfactor	measured	pinned	8	stddev_ns	2.687425	27	1.0000	0	0		
rank	lit-l4	(set)	short-subject-search	plain	same program	pcrec_a32bc86e_auto-caps-simdna_noaltclsfactor	measured	pinned	8	ratio_vs_baseline	1.113736	27	1.0000	0	0		
rank	lit-l4	(set)	short-subject-search	plain	same program	pcrec_a32bc86e_auto-caps-simdna_noaltclsfactor	measured	pinned	8	ratio_vs_best	1.113736	27	1.0000	0	0		
rank	lit-l4	(set)	short-subject-search	plain	same program	pcrec_a32bc86e_vm-caps-simdna_noreqbyte-noreqrun	measured	pinned	9	median_ns	448.988615	27	1.0000	0	0		
rank	lit-l4	(set)	short-subject-search	plain	same program	pcrec_a32bc86e_vm-caps-simdna_noreqbyte-noreqrun	measured	pinned	9	min_ns	443.641520	27	1.0000	0	0		
rank	lit-l4	(set)	short-subject-search	plain	same program	pcrec_a32bc86e_vm-caps-simdna_noreqbyte-noreqrun	measured	pinned	9	max_ns	450.182815	27	1.0000	0	0		
rank	lit-l4	(set)	short-subject-search	plain	same program	pcrec_a32bc86e_vm-caps-simdna_noreqbyte-noreqrun	measured	pinned	9	stddev_ns	2.322329	27	1.0000	0	0		
rank	lit-l4	(set)	short-subject-search	plain	same program	pcrec_a32bc86e_vm-caps-simdna_noreqbyte-noreqrun	measured	pinned	9	ratio_vs_baseline	1.151930	27	1.0000	0	0		
rank	lit-l4	(set)	short-subject-search	plain	same program	pcrec_a32bc86e_vm-caps-simdna_noreqbyte-noreqrun	measured	pinned	9	ratio_vs_best	1.151930	27	1.0000	0	0		
rank	lit-l4	(set)	short-subject-search	plain	same program	pcrec_a32bc86e_vm-caps-simdna_noreqbyte-noreqrun-nolitrun	measured	pinned	10	median_ns	509.587946	27	1.0000	0	0		
rank	lit-l4	(set)	short-subject-search	plain	same program	pcrec_a32bc86e_vm-caps-simdna_noreqbyte-noreqrun-nolitrun	measured	pinned	10	min_ns	487.413509	27	1.0000	0	0		
rank	lit-l4	(set)	short-subject-search	plain	same program	pcrec_a32bc86e_vm-caps-simdna_noreqbyte-noreqrun-nolitrun	measured	pinned	10	max_ns	516.612909	27	1.0000	0	0		
rank	lit-l4	(set)	short-subject-search	plain	same program	pcrec_a32bc86e_vm-caps-simdna_noreqbyte-noreqrun-nolitrun	measured	pinned	10	stddev_ns	10.034944	27	1.0000	0	0		
rank	lit-l4	(set)	short-subject-search	plain	same program	pcrec_a32bc86e_vm-caps-simdna_noreqbyte-noreqrun-nolitrun	measured	pinned	10	ratio_vs_baseline	1.307405	27	1.0000	0	0		
rank	lit-l4	(set)	short-subject-search	plain	same program	pcrec_a32bc86e_vm-caps-simdna_noreqbyte-noreqrun-nolitrun	measured	pinned	10	ratio_vs_best	1.307405	27	1.0000	0	0		
rank	lit-l4	(set)	short-subject-search	plain	same program	libpcre2_10.46_jit-caps-simdna	measured	pinned	11	median_ns	1117.666785	27	1.0000	0	0		
rank	lit-l4	(set)	short-subject-search	plain	same program	libpcre2_10.46_jit-caps-simdna	measured	pinned	11	min_ns	1097.439317	27	1.0000	0	0		
rank	lit-l4	(set)	short-subject-search	plain	same program	libpcre2_10.46_jit-caps-simdna	measured	pinned	11	max_ns	1145.113255	27	1.0000	0	0		
rank	lit-l4	(set)	short-subject-search	plain	same program	libpcre2_10.46_jit-caps-simdna	measured	pinned	11	stddev_ns	15.192942	27	1.0000	0	0		
rank	lit-l4	(set)	short-subject-search	plain	same program	libpcre2_10.46_jit-caps-simdna	measured	pinned	11	ratio_vs_baseline	2.867499	27	1.0000	0	0		
rank	lit-l4	(set)	short-subject-search	plain	same program	libpcre2_10.46_jit-caps-simdna	measured	pinned	11	ratio_vs_best	2.867499	27	1.0000	0	0		
baseline	lit-l40	(set)	large-subject-throughput			pcrec_a32bc86e_vm-caps-simdna				baseline_identity	row-best-fallback					pcrec_a32bc86e_vm-caps-simdna (row-best fallback -- interp absent from this group)	
rank	lit-l40	(set)	large-subject-throughput	plain	same program	pcrec_a32bc86e_vm-caps-simdna	measured	pinned	1	median_ns	121222.314762	27	1.0000	0	0		
rank	lit-l40	(set)	large-subject-throughput	plain	same program	pcrec_a32bc86e_vm-caps-simdna	measured	pinned	1	min_ns	121216.681445	27	1.0000	0	0		
rank	lit-l40	(set)	large-subject-throughput	plain	same program	pcrec_a32bc86e_vm-caps-simdna	measured	pinned	1	max_ns	121270.013746	27	1.0000	0	0		
rank	lit-l40	(set)	large-subject-throughput	plain	same program	pcrec_a32bc86e_vm-caps-simdna	measured	pinned	1	stddev_ns	19.350312	27	1.0000	0	0		
rank	lit-l40	(set)	large-subject-throughput	plain	same program	pcrec_a32bc86e_vm-caps-simdna	measured	pinned	1	ratio_vs_baseline	1.000000	27	1.0000	0	0		
rank	lit-l40	(set)	large-subject-throughput	plain	same program	pcrec_a32bc86e_vm-caps-simdna	measured	pinned	1	ratio_vs_best	1.000000	27	1.0000	0	0		
rank	lit-l40	(set)	large-subject-throughput	plain	same program	pcrec_a32bc86e_vm-caps-simdna_noaltclsfactor	measured	pinned	2	median_ns	121225.440010	27	1.0000	0	0		
rank	lit-l40	(set)	large-subject-throughput	plain	same program	pcrec_a32bc86e_vm-caps-simdna_noaltclsfactor	measured	pinned	2	min_ns	121203.404967	27	1.0000	0	0		
rank	lit-l40	(set)	large-subject-throughput	plain	same program	pcrec_a32bc86e_vm-caps-simdna_noaltclsfactor	measured	pinned	2	max_ns	121255.410214	27	1.0000	0	0		
rank	lit-l40	(set)	large-subject-throughput	plain	same program	pcrec_a32bc86e_vm-caps-simdna_noaltclsfactor	measured	pinned	2	stddev_ns	16.984417	27	1.0000	0	0		
rank	lit-l40	(set)	large-subject-throughput	plain	same program	pcrec_a32bc86e_vm-caps-simdna_noaltclsfactor	measured	pinned	2	ratio_vs_baseline	1.000026	27	1.0000	0	0		
rank	lit-l40	(set)	large-subject-throughput	plain	same program	pcrec_a32bc86e_vm-caps-simdna_noaltclsfactor	measured	pinned	2	ratio_vs_best	1.000026	27	1.0000	0	0		
rank	lit-l40	(set)	large-subject-throughput	plain	same program	libpcre2_10.46_jit-caps-simdna	measured	pinned	3	median_ns	143007.036124	27	1.0000	0	0		
rank	lit-l40	(set)	large-subject-throughput	plain	same program	libpcre2_10.46_jit-caps-simdna	measured	pinned	3	min_ns	140465.570260	27	1.0000	0	0		
rank	lit-l40	(set)	large-subject-throughput	plain	same program	libpcre2_10.46_jit-caps-simdna	measured	pinned	3	max_ns	165001.606441	27	1.0000	0	0		
rank	lit-l40	(set)	large-subject-throughput	plain	same program	libpcre2_10.46_jit-caps-simdna	measured	pinned	3	stddev_ns	9018.049626	27	1.0000	0	0		
rank	lit-l40	(set)	large-subject-throughput	plain	same program	libpcre2_10.46_jit-caps-simdna	measured	pinned	3	ratio_vs_baseline	1.179709	27	1.0000	0	0		
rank	lit-l40	(set)	large-subject-throughput	plain	same program	libpcre2_10.46_jit-caps-simdna	measured	pinned	3	ratio_vs_best	1.179709	27	1.0000	0	0		
rank	lit-l40	(set)	large-subject-throughput	plain	same program	pcrec_a32bc86e_vm-caps-simdna_nolitrun	measured	pinned	4	median_ns	146733.105945	27	1.0000	0	0		
rank	lit-l40	(set)	large-subject-throughput	plain	same program	pcrec_a32bc86e_vm-caps-simdna_nolitrun	measured	pinned	4	min_ns	146697.641665	27	1.0000	0	0		
rank	lit-l40	(set)	large-subject-throughput	plain	same program	pcrec_a32bc86e_vm-caps-simdna_nolitrun	measured	pinned	4	max_ns	146759.113559	27	1.0000	0	0		
rank	lit-l40	(set)	large-subject-throughput	plain	same program	pcrec_a32bc86e_vm-caps-simdna_nolitrun	measured	pinned	4	stddev_ns	19.583143	27	1.0000	0	0		
rank	lit-l40	(set)	large-subject-throughput	plain	same program	pcrec_a32bc86e_vm-caps-simdna_nolitrun	measured	pinned	4	ratio_vs_baseline	1.210446	27	1.0000	0	0		
rank	lit-l40	(set)	large-subject-throughput	plain	same program	pcrec_a32bc86e_vm-caps-simdna_nolitrun	measured	pinned	4	ratio_vs_best	1.210446	27	1.0000	0	0		
rank	lit-l40	(set)	large-subject-throughput	plain	same program	pcrec_a32bc86e_vm-caps-simdna_noaltclsfactor-nolitrun	measured	pinned	5	median_ns	146757.622954	27	1.0000	0	0		
rank	lit-l40	(set)	large-subject-throughput	plain	same program	pcrec_a32bc86e_vm-caps-simdna_noaltclsfactor-nolitrun	measured	pinned	5	min_ns	146696.249163	27	1.0000	0	0		
rank	lit-l40	(set)	large-subject-throughput	plain	same program	pcrec_a32bc86e_vm-caps-simdna_noaltclsfactor-nolitrun	measured	pinned	5	max_ns	146776.958541	27	1.0000	0	0		
rank	lit-l40	(set)	large-subject-throughput	plain	same program	pcrec_a32bc86e_vm-caps-simdna_noaltclsfactor-nolitrun	measured	pinned	5	stddev_ns	28.553986	27	1.0000	0	0		
rank	lit-l40	(set)	large-subject-throughput	plain	same program	pcrec_a32bc86e_vm-caps-simdna_noaltclsfactor-nolitrun	measured	pinned	5	ratio_vs_baseline	1.210649	27	1.0000	0	0		
rank	lit-l40	(set)	large-subject-throughput	plain	same program	pcrec_a32bc86e_vm-caps-simdna_noaltclsfactor-nolitrun	measured	pinned	5	ratio_vs_best	1.210649	27	1.0000	0	0		
rank	lit-l40	(set)	large-subject-throughput	plain	same program	pcrec_a32bc86e_auto-caps-simdna	measured	pinned	6	median_ns	456328.642330	27	1.0000	0	0		
rank	lit-l40	(set)	large-subject-throughput	plain	same program	pcrec_a32bc86e_auto-caps-simdna	measured	pinned	6	min_ns	456219.151398	27	1.0000	0	0		
rank	lit-l40	(set)	large-subject-throughput	plain	same program	pcrec_a32bc86e_auto-caps-simdna	measured	pinned	6	max_ns	459218.887111	27	1.0000	0	0		
rank	lit-l40	(set)	large-subject-throughput	plain	same program	pcrec_a32bc86e_auto-caps-simdna	measured	pinned	6	stddev_ns	1148.865251	27	1.0000	0	0		
rank	lit-l40	(set)	large-subject-throughput	plain	same program	pcrec_a32bc86e_auto-caps-simdna	measured	pinned	6	ratio_vs_baseline	3.764395	27	1.0000	0	0		
rank	lit-l40	(set)	large-subject-throughput	plain	same program	pcrec_a32bc86e_auto-caps-simdna	measured	pinned	6	ratio_vs_best	3.764395	27	1.0000	0	0		
rank	lit-l40	(set)	large-subject-throughput	plain	same program	pcrec_a32bc86e_auto-caps-simdna_noaltclsfactor-nolitrun	measured	pinned	7	median_ns	456484.075505	27	1.0000	0	0		
rank	lit-l40	(set)	large-subject-throughput	plain	same program	pcrec_a32bc86e_auto-caps-simdna_noaltclsfactor-nolitrun	measured	pinned	7	min_ns	456243.766957	27	1.0000	0	0		
rank	lit-l40	(set)	large-subject-throughput	plain	same program	pcrec_a32bc86e_auto-caps-simdna_noaltclsfactor-nolitrun	measured	pinned	7	max_ns	457317.007708	27	1.0000	0	0		
rank	lit-l40	(set)	large-subject-throughput	plain	same program	pcrec_a32bc86e_auto-caps-simdna_noaltclsfactor-nolitrun	measured	pinned	7	stddev_ns	375.134169	27	1.0000	0	0		
rank	lit-l40	(set)	large-subject-throughput	plain	same program	pcrec_a32bc86e_auto-caps-simdna_noaltclsfactor-nolitrun	measured	pinned	7	ratio_vs_baseline	3.765677	27	1.0000	0	0		
rank	lit-l40	(set)	large-subject-throughput	plain	same program	pcrec_a32bc86e_auto-caps-simdna_noaltclsfactor-nolitrun	measured	pinned	7	ratio_vs_best	3.765677	27	1.0000	0	0		
rank	lit-l40	(set)	large-subject-throughput	plain	same program	pcrec_a32bc86e_auto-caps-simdna_nolitrun	measured	pinned	8	median_ns	456602.108325	27	1.0000	0	0		
rank	lit-l40	(set)	large-subject-throughput	plain	same program	pcrec_a32bc86e_auto-caps-simdna_nolitrun	measured	pinned	8	min_ns	456357.368455	27	1.0000	0	0		
rank	lit-l40	(set)	large-subject-throughput	plain	same program	pcrec_a32bc86e_auto-caps-simdna_nolitrun	measured	pinned	8	max_ns	457202.838975	27	1.0000	0	0		
rank	lit-l40	(set)	large-subject-throughput	plain	same program	pcrec_a32bc86e_auto-caps-simdna_nolitrun	measured	pinned	8	stddev_ns	337.118359	27	1.0000	0	0		
rank	lit-l40	(set)	large-subject-throughput	plain	same program	pcrec_a32bc86e_auto-caps-simdna_nolitrun	measured	pinned	8	ratio_vs_baseline	3.766651	27	1.0000	0	0		
rank	lit-l40	(set)	large-subject-throughput	plain	same program	pcrec_a32bc86e_auto-caps-simdna_nolitrun	measured	pinned	8	ratio_vs_best	3.766651	27	1.0000	0	0		
rank	lit-l40	(set)	large-subject-throughput	plain	same program	pcrec_a32bc86e_auto-caps-simdna_noaltclsfactor	measured	pinned	9	median_ns	456608.064971	27	1.0000	0	0		
rank	lit-l40	(set)	large-subject-throughput	plain	same program	pcrec_a32bc86e_auto-caps-simdna_noaltclsfactor	measured	pinned	9	min_ns	456530.113480	27	1.0000	0	0		
rank	lit-l40	(set)	large-subject-throughput	plain	same program	pcrec_a32bc86e_auto-caps-simdna_noaltclsfactor	measured	pinned	9	max_ns	459179.559348	27	1.0000	0	0		
rank	lit-l40	(set)	large-subject-throughput	plain	same program	pcrec_a32bc86e_auto-caps-simdna_noaltclsfactor	measured	pinned	9	stddev_ns	1046.799026	27	1.0000	0	0		
rank	lit-l40	(set)	large-subject-throughput	plain	same program	pcrec_a32bc86e_auto-caps-simdna_noaltclsfactor	measured	pinned	9	ratio_vs_baseline	3.766700	27	1.0000	0	0		
rank	lit-l40	(set)	large-subject-throughput	plain	same program	pcrec_a32bc86e_auto-caps-simdna_noaltclsfactor	measured	pinned	9	ratio_vs_best	3.766700	27	1.0000	0	0		
rank	lit-l40	(set)	large-subject-throughput	plain	same program	pcrec_a32bc86e_vm-caps-simdna_noreqbyte-noreqrun	measured	pinned	10	median_ns	1751740.408039	27	1.0000	0	0		
rank	lit-l40	(set)	large-subject-throughput	plain	same program	pcrec_a32bc86e_vm-caps-simdna_noreqbyte-noreqrun	measured	pinned	10	min_ns	1749953.007308	27	1.0000	0	0		
rank	lit-l40	(set)	large-subject-throughput	plain	same program	pcrec_a32bc86e_vm-caps-simdna_noreqbyte-noreqrun	measured	pinned	10	max_ns	1753062.169306	27	1.0000	0	0		
rank	lit-l40	(set)	large-subject-throughput	plain	same program	pcrec_a32bc86e_vm-caps-simdna_noreqbyte-noreqrun	measured	pinned	10	stddev_ns	1002.132225	27	1.0000	0	0		
rank	lit-l40	(set)	large-subject-throughput	plain	same program	pcrec_a32bc86e_vm-caps-simdna_noreqbyte-noreqrun	measured	pinned	10	ratio_vs_baseline	14.450643	27	1.0000	0	0		
rank	lit-l40	(set)	large-subject-throughput	plain	same program	pcrec_a32bc86e_vm-caps-simdna_noreqbyte-noreqrun	measured	pinned	10	ratio_vs_best	14.450643	27	1.0000	0	0		
rank	lit-l40	(set)	large-subject-throughput	plain	same program	pcrec_a32bc86e_vm-caps-simdna_noreqbyte-noreqrun-nolitrun	measured	pinned	11	median_ns	4105293.785075	27	1.0000	0	0		
rank	lit-l40	(set)	large-subject-throughput	plain	same program	pcrec_a32bc86e_vm-caps-simdna_noreqbyte-noreqrun-nolitrun	measured	pinned	11	min_ns	4083985.313433	27	1.0000	0	0		
rank	lit-l40	(set)	large-subject-throughput	plain	same program	pcrec_a32bc86e_vm-caps-simdna_noreqbyte-noreqrun-nolitrun	measured	pinned	11	max_ns	4167207.241791	27	1.0000	0	0		
rank	lit-l40	(set)	large-subject-throughput	plain	same program	pcrec_a32bc86e_vm-caps-simdna_noreqbyte-noreqrun-nolitrun	measured	pinned	11	stddev_ns	32549.110777	27	1.0000	0	0		
rank	lit-l40	(set)	large-subject-throughput	plain	same program	pcrec_a32bc86e_vm-caps-simdna_noreqbyte-noreqrun-nolitrun	measured	pinned	11	ratio_vs_baseline	33.865826	27	1.0000	0	0		
rank	lit-l40	(set)	large-subject-throughput	plain	same program	pcrec_a32bc86e_vm-caps-simdna_noreqbyte-noreqrun-nolitrun	measured	pinned	11	ratio_vs_best	33.865826	27	1.0000	0	0		
baseline	lit-l40	(set)	match-compliance			pcrec_a32bc86e_vm-caps-simdna_noreqbyte-noreqrun				baseline_identity	row-best-fallback					pcrec_a32bc86e_vm-caps-simdna_noreqbyte-noreqrun (row-best fallback -- interp absent from this group)	
rank	lit-l40	(set)	match-compliance	whole-subject	separate artifact	pcrec_a32bc86e_vm-caps-simdna_noreqbyte-noreqrun	measured	pinned	1	median_ns	168.633537	27	1.0000	0	0		
rank	lit-l40	(set)	match-compliance	whole-subject	separate artifact	pcrec_a32bc86e_vm-caps-simdna_noreqbyte-noreqrun	measured	pinned	1	min_ns	168.625849	27	1.0000	0	0		
rank	lit-l40	(set)	match-compliance	whole-subject	separate artifact	pcrec_a32bc86e_vm-caps-simdna_noreqbyte-noreqrun	measured	pinned	1	max_ns	168.956914	27	1.0000	0	0		
rank	lit-l40	(set)	match-compliance	whole-subject	separate artifact	pcrec_a32bc86e_vm-caps-simdna_noreqbyte-noreqrun	measured	pinned	1	stddev_ns	0.129516	27	1.0000	0	0		
rank	lit-l40	(set)	match-compliance	whole-subject	separate artifact	pcrec_a32bc86e_vm-caps-simdna_noreqbyte-noreqrun	measured	pinned	1	ratio_vs_baseline	1.000000	27	1.0000	0	0		
rank	lit-l40	(set)	match-compliance	whole-subject	separate artifact	pcrec_a32bc86e_vm-caps-simdna_noreqbyte-noreqrun	measured	pinned	1	ratio_vs_best	1.000000	27	1.0000	0	0		
rank	lit-l40	(set)	match-compliance	whole-subject	separate artifact	pcrec_a32bc86e_vm-caps-simdna_noaltclsfactor	measured	pinned	2	median_ns	168.834811	27	1.0000	0	0		
rank	lit-l40	(set)	match-compliance	whole-subject	separate artifact	pcrec_a32bc86e_vm-caps-simdna_noaltclsfactor	measured	pinned	2	min_ns	168.665956	27	1.0000	0	0		
rank	lit-l40	(set)	match-compliance	whole-subject	separate artifact	pcrec_a32bc86e_vm-caps-simdna_noaltclsfactor	measured	pinned	2	max_ns	168.850622	27	1.0000	0	0		
rank	lit-l40	(set)	match-compliance	whole-subject	separate artifact	pcrec_a32bc86e_vm-caps-simdna_noaltclsfactor	measured	pinned	2	stddev_ns	0.082019	27	1.0000	0	0		
rank	lit-l40	(set)	match-compliance	whole-subject	separate artifact	pcrec_a32bc86e_vm-caps-simdna_noaltclsfactor	measured	pinned	2	ratio_vs_baseline	1.001194	27	1.0000	0	0		
rank	lit-l40	(set)	match-compliance	whole-subject	separate artifact	pcrec_a32bc86e_vm-caps-simdna_noaltclsfactor	measured	pinned	2	ratio_vs_best	1.001194	27	1.0000	0	0		
rank	lit-l40	(set)	match-compliance	whole-subject	separate artifact	pcrec_a32bc86e_vm-caps-simdna	measured	pinned	3	median_ns	168.880084	27	1.0000	0	0		
rank	lit-l40	(set)	match-compliance	whole-subject	separate artifact	pcrec_a32bc86e_vm-caps-simdna	measured	pinned	3	min_ns	168.640048	27	1.0000	0	0		
rank	lit-l40	(set)	match-compliance	whole-subject	separate artifact	pcrec_a32bc86e_vm-caps-simdna	measured	pinned	3	max_ns	169.814758	27	1.0000	0	0		
rank	lit-l40	(set)	match-compliance	whole-subject	separate artifact	pcrec_a32bc86e_vm-caps-simdna	measured	pinned	3	stddev_ns	0.418232	27	1.0000	0	0		
rank	lit-l40	(set)	match-compliance	whole-subject	separate artifact	pcrec_a32bc86e_vm-caps-simdna	measured	pinned	3	ratio_vs_baseline	1.001462	27	1.0000	0	0		
rank	lit-l40	(set)	match-compliance	whole-subject	separate artifact	pcrec_a32bc86e_vm-caps-simdna	measured	pinned	3	ratio_vs_best	1.001462	27	1.0000	0	0		
rank	lit-l40	(set)	match-compliance	whole-subject	separate artifact	pcrec_a32bc86e_vm-caps-simdna_noreqbyte-noreqrun-nolitrun	measured	pinned	4	median_ns	244.140784	27	1.0000	0	0		
rank	lit-l40	(set)	match-compliance	whole-subject	separate artifact	pcrec_a32bc86e_vm-caps-simdna_noreqbyte-noreqrun-nolitrun	measured	pinned	4	min_ns	244.075924	27	1.0000	0	0		
rank	lit-l40	(set)	match-compliance	whole-subject	separate artifact	pcrec_a32bc86e_vm-caps-simdna_noreqbyte-noreqrun-nolitrun	measured	pinned	4	max_ns	245.468736	27	1.0000	0	0		
rank	lit-l40	(set)	match-compliance	whole-subject	separate artifact	pcrec_a32bc86e_vm-caps-simdna_noreqbyte-noreqrun-nolitrun	measured	pinned	4	stddev_ns	0.529073	27	1.0000	0	0		
rank	lit-l40	(set)	match-compliance	whole-subject	separate artifact	pcrec_a32bc86e_vm-caps-simdna_noreqbyte-noreqrun-nolitrun	measured	pinned	4	ratio_vs_baseline	1.447759	27	1.0000	0	0		
rank	lit-l40	(set)	match-compliance	whole-subject	separate artifact	pcrec_a32bc86e_vm-caps-simdna_noreqbyte-noreqrun-nolitrun	measured	pinned	4	ratio_vs_best	1.447759	27	1.0000	0	0		
rank	lit-l40	(set)	match-compliance	whole-subject	separate artifact	pcrec_a32bc86e_vm-caps-simdna_nolitrun	measured	pinned	5	median_ns	254.295938	27	1.0000	0	0		
rank	lit-l40	(set)	match-compliance	whole-subject	separate artifact	pcrec_a32bc86e_vm-caps-simdna_nolitrun	measured	pinned	5	min_ns	254.253246	27	1.0000	0	0		
rank	lit-l40	(set)	match-compliance	whole-subject	separate artifact	pcrec_a32bc86e_vm-caps-simdna_nolitrun	measured	pinned	5	max_ns	254.477511	27	1.0000	0	0		
rank	lit-l40	(set)	match-compliance	whole-subject	separate artifact	pcrec_a32bc86e_vm-caps-simdna_nolitrun	measured	pinned	5	stddev_ns	0.078364	27	1.0000	0	0		
rank	lit-l40	(set)	match-compliance	whole-subject	separate artifact	pcrec_a32bc86e_vm-caps-simdna_nolitrun	measured	pinned	5	ratio_vs_baseline	1.507980	27	1.0000	0	0		
rank	lit-l40	(set)	match-compliance	whole-subject	separate artifact	pcrec_a32bc86e_vm-caps-simdna_nolitrun	measured	pinned	5	ratio_vs_best	1.507980	27	1.0000	0	0		
rank	lit-l40	(set)	match-compliance	whole-subject	separate artifact	pcrec_a32bc86e_vm-caps-simdna_noaltclsfactor-nolitrun	measured	pinned	6	median_ns	254.419417	27	1.0000	0	0		
rank	lit-l40	(set)	match-compliance	whole-subject	separate artifact	pcrec_a32bc86e_vm-caps-simdna_noaltclsfactor-nolitrun	measured	pinned	6	min_ns	254.322257	27	1.0000	0	0		
rank	lit-l40	(set)	match-compliance	whole-subject	separate artifact	pcrec_a32bc86e_vm-caps-simdna_noaltclsfactor-nolitrun	measured	pinned	6	max_ns	256.013024	27	1.0000	0	0		
rank	lit-l40	(set)	match-compliance	whole-subject	separate artifact	pcrec_a32bc86e_vm-caps-simdna_noaltclsfactor-nolitrun	measured	pinned	6	stddev_ns	0.649894	27	1.0000	0	0		
rank	lit-l40	(set)	match-compliance	whole-subject	separate artifact	pcrec_a32bc86e_vm-caps-simdna_noaltclsfactor-nolitrun	measured	pinned	6	ratio_vs_baseline	1.508712	27	1.0000	0	0		
rank	lit-l40	(set)	match-compliance	whole-subject	separate artifact	pcrec_a32bc86e_vm-caps-simdna_noaltclsfactor-nolitrun	measured	pinned	6	ratio_vs_best	1.508712	27	1.0000	0	0		
rank	lit-l40	(set)	match-compliance	whole-subject	separate artifact	pcrec_a32bc86e_auto-caps-simdna_noaltclsfactor	measured	pinned	7	median_ns	438.023095	27	1.0000	0	0		
rank	lit-l40	(set)	match-compliance	whole-subject	separate artifact	pcrec_a32bc86e_auto-caps-simdna_noaltclsfactor	measured	pinned	7	min_ns	437.761147	27	1.0000	0	0		
rank	lit-l40	(set)	match-compliance	whole-subject	separate artifact	pcrec_a32bc86e_auto-caps-simdna_noaltclsfactor	measured	pinned	7	max_ns	439.804477	27	1.0000	0	0		
rank	lit-l40	(set)	match-compliance	whole-subject	separate artifact	pcrec_a32bc86e_auto-caps-simdna_noaltclsfactor	measured	pinned	7	stddev_ns	0.749457	27	1.0000	0	0		
rank	lit-l40	(set)	match-compliance	whole-subject	separate artifact	pcrec_a32bc86e_auto-caps-simdna_noaltclsfactor	measured	pinned	7	ratio_vs_baseline	2.597485	27	1.0000	0	0		
rank	lit-l40	(set)	match-compliance	whole-subject	separate artifact	pcrec_a32bc86e_auto-caps-simdna_noaltclsfactor	measured	pinned	7	ratio_vs_best	2.597485	27	1.0000	0	0		
rank	lit-l40	(set)	match-compliance	whole-subject	separate artifact	pcrec_a32bc86e_auto-caps-simdna	measured	pinned	8	median_ns	438.320098	27	1.0000	0	0		
rank	lit-l40	(set)	match-compliance	whole-subject	separate artifact	pcrec_a32bc86e_auto-caps-simdna	measured	pinned	8	min_ns	437.839968	27	1.0000	0	0		
rank	lit-l40	(set)	match-compliance	whole-subject	separate artifact	pcrec_a32bc86e_auto-caps-simdna	measured	pinned	8	max_ns	442.385207	27	1.0000	0	0		
rank	lit-l40	(set)	match-compliance	whole-subject	separate artifact	pcrec_a32bc86e_auto-caps-simdna	measured	pinned	8	stddev_ns	1.721695	27	1.0000	0	0		
rank	lit-l40	(set)	match-compliance	whole-subject	separate artifact	pcrec_a32bc86e_auto-caps-simdna	measured	pinned	8	ratio_vs_baseline	2.599246	27	1.0000	0	0		
rank	lit-l40	(set)	match-compliance	whole-subject	separate artifact	pcrec_a32bc86e_auto-caps-simdna	measured	pinned	8	ratio_vs_best	2.599246	27	1.0000	0	0		
rank	lit-l40	(set)	match-compliance	whole-subject	separate artifact	pcrec_a32bc86e_auto-caps-simdna_nolitrun	measured	pinned	9	median_ns	438.325079	27	1.0000	0	0		
rank	lit-l40	(set)	match-compliance	whole-subject	separate artifact	pcrec_a32bc86e_auto-caps-simdna_nolitrun	measured	pinned	9	min_ns	437.617543	27	1.0000	0	0		
rank	lit-l40	(set)	match-compliance	whole-subject	separate artifact	pcrec_a32bc86e_auto-caps-simdna_nolitrun	measured	pinned	9	max_ns	439.471167	27	1.0000	0	0		
rank	lit-l40	(set)	match-compliance	whole-subject	separate artifact	pcrec_a32bc86e_auto-caps-simdna_nolitrun	measured	pinned	9	stddev_ns	0.702449	27	1.0000	0	0		
rank	lit-l40	(set)	match-compliance	whole-subject	separate artifact	pcrec_a32bc86e_auto-caps-simdna_nolitrun	measured	pinned	9	ratio_vs_baseline	2.599276	27	1.0000	0	0		
rank	lit-l40	(set)	match-compliance	whole-subject	separate artifact	pcrec_a32bc86e_auto-caps-simdna_nolitrun	measured	pinned	9	ratio_vs_best	2.599276	27	1.0000	0	0		
rank	lit-l40	(set)	match-compliance	whole-subject	separate artifact	pcrec_a32bc86e_auto-caps-simdna_noaltclsfactor-nolitrun	measured	pinned	10	median_ns	438.595412	27	1.0000	0	0		
rank	lit-l40	(set)	match-compliance	whole-subject	separate artifact	pcrec_a32bc86e_auto-caps-simdna_noaltclsfactor-nolitrun	measured	pinned	10	min_ns	437.813633	27	1.0000	0	0		
rank	lit-l40	(set)	match-compliance	whole-subject	separate artifact	pcrec_a32bc86e_auto-caps-simdna_noaltclsfactor-nolitrun	measured	pinned	10	max_ns	442.702716	27	1.0000	0	0		
rank	lit-l40	(set)	match-compliance	whole-subject	separate artifact	pcrec_a32bc86e_auto-caps-simdna_noaltclsfactor-nolitrun	measured	pinned	10	stddev_ns	2.174097	27	1.0000	0	0		
rank	lit-l40	(set)	match-compliance	whole-subject	separate artifact	pcrec_a32bc86e_auto-caps-simdna_noaltclsfactor-nolitrun	measured	pinned	10	ratio_vs_baseline	2.600879	27	1.0000	0	0		
rank	lit-l40	(set)	match-compliance	whole-subject	separate artifact	pcrec_a32bc86e_auto-caps-simdna_noaltclsfactor-nolitrun	measured	pinned	10	ratio_vs_best	2.600879	27	1.0000	0	0		
rank	lit-l40	(set)	match-compliance	plain	same program	libpcre2_10.46_jit-caps-simdna	measured	pinned	11	median_ns	802.092962	27	1.0000	0	0		
rank	lit-l40	(set)	match-compliance	plain	same program	libpcre2_10.46_jit-caps-simdna	measured	pinned	11	min_ns	799.827273	27	1.0000	0	0		
rank	lit-l40	(set)	match-compliance	plain	same program	libpcre2_10.46_jit-caps-simdna	measured	pinned	11	max_ns	803.748844	27	1.0000	0	0		
rank	lit-l40	(set)	match-compliance	plain	same program	libpcre2_10.46_jit-caps-simdna	measured	pinned	11	stddev_ns	1.311241	27	1.0000	0	0		
rank	lit-l40	(set)	match-compliance	plain	same program	libpcre2_10.46_jit-caps-simdna	measured	pinned	11	ratio_vs_baseline	4.756426	27	1.0000	0	0		
rank	lit-l40	(set)	match-compliance	plain	same program	libpcre2_10.46_jit-caps-simdna	measured	pinned	11	ratio_vs_best	4.756426	27	1.0000	0	0		
baseline	lit-l40	(set)	short-subject-search			pcrec_a32bc86e_vm-caps-simdna_noaltclsfactor				baseline_identity	row-best-fallback					pcrec_a32bc86e_vm-caps-simdna_noaltclsfactor (row-best fallback -- interp absent from this group)	
rank	lit-l40	(set)	short-subject-search	plain	same program	pcrec_a32bc86e_vm-caps-simdna_noaltclsfactor	measured	pinned	1	median_ns	478.523286	27	1.0000	0	0		
rank	lit-l40	(set)	short-subject-search	plain	same program	pcrec_a32bc86e_vm-caps-simdna_noaltclsfactor	measured	pinned	1	min_ns	477.047458	27	1.0000	0	0		
rank	lit-l40	(set)	short-subject-search	plain	same program	pcrec_a32bc86e_vm-caps-simdna_noaltclsfactor	measured	pinned	1	max_ns	479.748445	27	1.0000	0	0		
rank	lit-l40	(set)	short-subject-search	plain	same program	pcrec_a32bc86e_vm-caps-simdna_noaltclsfactor	measured	pinned	1	stddev_ns	0.889191	27	1.0000	0	0		
rank	lit-l40	(set)	short-subject-search	plain	same program	pcrec_a32bc86e_vm-caps-simdna_noaltclsfactor	measured	pinned	1	ratio_vs_baseline	1.000000	27	1.0000	0	0		
rank	lit-l40	(set)	short-subject-search	plain	same program	pcrec_a32bc86e_vm-caps-simdna_noaltclsfactor	measured	pinned	1	ratio_vs_best	1.000000	27	1.0000	0	0		
rank	lit-l40	(set)	short-subject-search	plain	same program	pcrec_a32bc86e_vm-caps-simdna	measured	pinned	2	median_ns	481.991994	27	1.0000	0	0		
rank	lit-l40	(set)	short-subject-search	plain	same program	pcrec_a32bc86e_vm-caps-simdna	measured	pinned	2	min_ns	479.849214	27	1.0000	0	0		
rank	lit-l40	(set)	short-subject-search	plain	same program	pcrec_a32bc86e_vm-caps-simdna	measured	pinned	2	max_ns	483.936390	27	1.0000	0	0		
rank	lit-l40	(set)	short-subject-search	plain	same program	pcrec_a32bc86e_vm-caps-simdna	measured	pinned	2	stddev_ns	1.537124	27	1.0000	0	0		
rank	lit-l40	(set)	short-subject-search	plain	same program	pcrec_a32bc86e_vm-caps-simdna	measured	pinned	2	ratio_vs_baseline	1.007249	27	1.0000	0	0		
rank	lit-l40	(set)	short-subject-search	plain	same program	pcrec_a32bc86e_vm-caps-simdna	measured	pinned	2	ratio_vs_best	1.007249	27	1.0000	0	0		
rank	lit-l40	(set)	short-subject-search	plain	same program	pcrec_a32bc86e_vm-caps-simdna_noreqbyte-noreqrun	measured	pinned	3	median_ns	579.997526	27	1.0000	0	0		
rank	lit-l40	(set)	short-subject-search	plain	same program	pcrec_a32bc86e_vm-caps-simdna_noreqbyte-noreqrun	measured	pinned	3	min_ns	547.501521	27	1.0000	0	0		
rank	lit-l40	(set)	short-subject-search	plain	same program	pcrec_a32bc86e_vm-caps-simdna_noreqbyte-noreqrun	measured	pinned	3	max_ns	581.620699	27	1.0000	0	0		
rank	lit-l40	(set)	short-subject-search	plain	same program	pcrec_a32bc86e_vm-caps-simdna_noreqbyte-noreqrun	measured	pinned	3	stddev_ns	13.221165	27	1.0000	0	0		
rank	lit-l40	(set)	short-subject-search	plain	same program	pcrec_a32bc86e_vm-caps-simdna_noreqbyte-noreqrun	measured	pinned	3	ratio_vs_baseline	1.212057	27	1.0000	0	0		
rank	lit-l40	(set)	short-subject-search	plain	same program	pcrec_a32bc86e_vm-caps-simdna_noreqbyte-noreqrun	measured	pinned	3	ratio_vs_best	1.212057	27	1.0000	0	0		
rank	lit-l40	(set)	short-subject-search	plain	same program	pcrec_a32bc86e_vm-caps-simdna_noaltclsfactor-nolitrun	measured	pinned	4	median_ns	701.065675	27	1.0000	0	0		
rank	lit-l40	(set)	short-subject-search	plain	same program	pcrec_a32bc86e_vm-caps-simdna_noaltclsfactor-nolitrun	measured	pinned	4	min_ns	695.617638	27	1.0000	0	0		
rank	lit-l40	(set)	short-subject-search	plain	same program	pcrec_a32bc86e_vm-caps-simdna_noaltclsfactor-nolitrun	measured	pinned	4	max_ns	703.918318	27	1.0000	0	0		
rank	lit-l40	(set)	short-subject-search	plain	same program	pcrec_a32bc86e_vm-caps-simdna_noaltclsfactor-nolitrun	measured	pinned	4	stddev_ns	2.767425	27	1.0000	0	0		
rank	lit-l40	(set)	short-subject-search	plain	same program	pcrec_a32bc86e_vm-caps-simdna_noaltclsfactor-nolitrun	measured	pinned	4	ratio_vs_baseline	1.465061	27	1.0000	0	0		
rank	lit-l40	(set)	short-subject-search	plain	same program	pcrec_a32bc86e_vm-caps-simdna_noaltclsfactor-nolitrun	measured	pinned	4	ratio_vs_best	1.465061	27	1.0000	0	0		
rank	lit-l40	(set)	short-subject-search	plain	same program	pcrec_a32bc86e_vm-caps-simdna_nolitrun	measured	pinned	5	median_ns	708.924075	27	1.0000	0	0		
rank	lit-l40	(set)	short-subject-search	plain	same program	pcrec_a32bc86e_vm-caps-simdna_nolitrun	measured	pinned	5	min_ns	703.697253	27	1.0000	0	0		
rank	lit-l40	(set)	short-subject-search	plain	same program	pcrec_a32bc86e_vm-caps-simdna_nolitrun	measured	pinned	5	max_ns	711.797649	27	1.0000	0	0		
rank	lit-l40	(set)	short-subject-search	plain	same program	pcrec_a32bc86e_vm-caps-simdna_nolitrun	measured	pinned	5	stddev_ns	2.660692	27	1.0000	0	0		
rank	lit-l40	(set)	short-subject-search	plain	same program	pcrec_a32bc86e_vm-caps-simdna_nolitrun	measured	pinned	5	ratio_vs_baseline	1.481483	27	1.0000	0	0		
rank	lit-l40	(set)	short-subject-search	plain	same program	pcrec_a32bc86e_vm-caps-simdna_nolitrun	measured	pinned	5	ratio_vs_best	1.481483	27	1.0000	0	0		
rank	lit-l40	(set)	short-subject-search	plain	same program	pcrec_a32bc86e_auto-caps-simdna_noaltclsfactor-nolitrun	measured	pinned	6	median_ns	969.866302	27	1.0000	0	0		
rank	lit-l40	(set)	short-subject-search	plain	same program	pcrec_a32bc86e_auto-caps-simdna_noaltclsfactor-nolitrun	measured	pinned	6	min_ns	968.576867	27	1.0000	0	0		
rank	lit-l40	(set)	short-subject-search	plain	same program	pcrec_a32bc86e_auto-caps-simdna_noaltclsfactor-nolitrun	measured	pinned	6	max_ns	975.774239	27	1.0000	0	0		
rank	lit-l40	(set)	short-subject-search	plain	same program	pcrec_a32bc86e_auto-caps-simdna_noaltclsfactor-nolitrun	measured	pinned	6	stddev_ns	2.565147	27	1.0000	0	0		
rank	lit-l40	(set)	short-subject-search	plain	same program	pcrec_a32bc86e_auto-caps-simdna_noaltclsfactor-nolitrun	measured	pinned	6	ratio_vs_baseline	2.026790	27	1.0000	0	0		
rank	lit-l40	(set)	short-subject-search	plain	same program	pcrec_a32bc86e_auto-caps-simdna_noaltclsfactor-nolitrun	measured	pinned	6	ratio_vs_best	2.026790	27	1.0000	0	0		
rank	lit-l40	(set)	short-subject-search	plain	same program	pcrec_a32bc86e_auto-caps-simdna	measured	pinned	7	median_ns	971.428853	27	1.0000	0	0		
rank	lit-l40	(set)	short-subject-search	plain	same program	pcrec_a32bc86e_auto-caps-simdna	measured	pinned	7	min_ns	970.430219	27	1.0000	0	0		
rank	lit-l40	(set)	short-subject-search	plain	same program	pcrec_a32bc86e_auto-caps-simdna	measured	pinned	7	max_ns	973.214513	27	1.0000	0	0		
rank	lit-l40	(set)	short-subject-search	plain	same program	pcrec_a32bc86e_auto-caps-simdna	measured	pinned	7	stddev_ns	1.088052	27	1.0000	0	0		
rank	lit-l40	(set)	short-subject-search	plain	same program	pcrec_a32bc86e_auto-caps-simdna	measured	pinned	7	ratio_vs_baseline	2.030056	27	1.0000	0	0		
rank	lit-l40	(set)	short-subject-search	plain	same program	pcrec_a32bc86e_auto-caps-simdna	measured	pinned	7	ratio_vs_best	2.030056	27	1.0000	0	0		
rank	lit-l40	(set)	short-subject-search	plain	same program	pcrec_a32bc86e_auto-caps-simdna_nolitrun	measured	pinned	8	median_ns	971.451425	27	1.0000	0	0		
rank	lit-l40	(set)	short-subject-search	plain	same program	pcrec_a32bc86e_auto-caps-simdna_nolitrun	measured	pinned	8	min_ns	969.369591	27	1.0000	0	0		
rank	lit-l40	(set)	short-subject-search	plain	same program	pcrec_a32bc86e_auto-caps-simdna_nolitrun	measured	pinned	8	max_ns	972.732466	27	1.0000	0	0		
rank	lit-l40	(set)	short-subject-search	plain	same program	pcrec_a32bc86e_auto-caps-simdna_nolitrun	measured	pinned	8	stddev_ns	1.300126	27	1.0000	0	0		
rank	lit-l40	(set)	short-subject-search	plain	same program	pcrec_a32bc86e_auto-caps-simdna_nolitrun	measured	pinned	8	ratio_vs_baseline	2.030103	27	1.0000	0	0		
rank	lit-l40	(set)	short-subject-search	plain	same program	pcrec_a32bc86e_auto-caps-simdna_nolitrun	measured	pinned	8	ratio_vs_best	2.030103	27	1.0000	0	0		
rank	lit-l40	(set)	short-subject-search	plain	same program	pcrec_a32bc86e_auto-caps-simdna_noaltclsfactor	measured	pinned	9	median_ns	971.773799	27	1.0000	0	0		
rank	lit-l40	(set)	short-subject-search	plain	same program	pcrec_a32bc86e_auto-caps-simdna_noaltclsfactor	measured	pinned	9	min_ns	969.400873	27	1.0000	0	0		
rank	lit-l40	(set)	short-subject-search	plain	same program	pcrec_a32bc86e_auto-caps-simdna_noaltclsfactor	measured	pinned	9	max_ns	972.032789	27	1.0000	0	0		
rank	lit-l40	(set)	short-subject-search	plain	same program	pcrec_a32bc86e_auto-caps-simdna_noaltclsfactor	measured	pinned	9	stddev_ns	1.194034	27	1.0000	0	0		
rank	lit-l40	(set)	short-subject-search	plain	same program	pcrec_a32bc86e_auto-caps-simdna_noaltclsfactor	measured	pinned	9	ratio_vs_baseline	2.030776	27	1.0000	0	0		
rank	lit-l40	(set)	short-subject-search	plain	same program	pcrec_a32bc86e_auto-caps-simdna_noaltclsfactor	measured	pinned	9	ratio_vs_best	2.030776	27	1.0000	0	0		
rank	lit-l40	(set)	short-subject-search	plain	same program	libpcre2_10.46_jit-caps-simdna	measured	pinned	10	median_ns	1090.892445	27	1.0000	0	0		
rank	lit-l40	(set)	short-subject-search	plain	same program	libpcre2_10.46_jit-caps-simdna	measured	pinned	10	min_ns	1061.375211	27	1.0000	0	0		
rank	lit-l40	(set)	short-subject-search	plain	same program	libpcre2_10.46_jit-caps-simdna	measured	pinned	10	max_ns	1106.513889	27	1.0000	0	0		
rank	lit-l40	(set)	short-subject-search	plain	same program	libpcre2_10.46_jit-caps-simdna	measured	pinned	10	stddev_ns	19.795855	27	1.0000	0	0		
rank	lit-l40	(set)	short-subject-search	plain	same program	libpcre2_10.46_jit-caps-simdna	measured	pinned	10	ratio_vs_baseline	2.279706	27	1.0000	0	0		
rank	lit-l40	(set)	short-subject-search	plain	same program	libpcre2_10.46_jit-caps-simdna	measured	pinned	10	ratio_vs_best	2.279706	27	1.0000	0	0		
rank	lit-l40	(set)	short-subject-search	plain	same program	pcrec_a32bc86e_vm-caps-simdna_noreqbyte-noreqrun-nolitrun	measured	pinned	11	median_ns	1153.752712	27	1.0000	0	0		
rank	lit-l40	(set)	short-subject-search	plain	same program	pcrec_a32bc86e_vm-caps-simdna_noreqbyte-noreqrun-nolitrun	measured	pinned	11	min_ns	1148.986038	27	1.0000	0	0		
rank	lit-l40	(set)	short-subject-search	plain	same program	pcrec_a32bc86e_vm-caps-simdna_noreqbyte-noreqrun-nolitrun	measured	pinned	11	max_ns	1154.375325	27	1.0000	0	0		
rank	lit-l40	(set)	short-subject-search	plain	same program	pcrec_a32bc86e_vm-caps-simdna_noreqbyte-noreqrun-nolitrun	measured	pinned	11	stddev_ns	2.193450	27	1.0000	0	0		
rank	lit-l40	(set)	short-subject-search	plain	same program	pcrec_a32bc86e_vm-caps-simdna_noreqbyte-noreqrun-nolitrun	measured	pinned	11	ratio_vs_baseline	2.411069	27	1.0000	0	0		
rank	lit-l40	(set)	short-subject-search	plain	same program	pcrec_a32bc86e_vm-caps-simdna_noreqbyte-noreqrun-nolitrun	measured	pinned	11	ratio_vs_best	2.411069	27	1.0000	0	0		
baseline	lit-l7	(set)	large-subject-throughput			pcrec_a32bc86e_vm-caps-simdna_noreqbyte-noreqrun				baseline_identity	row-best-fallback					pcrec_a32bc86e_vm-caps-simdna_noreqbyte-noreqrun (row-best fallback -- interp absent from this group)	
rank	lit-l7	(set)	large-subject-throughput	plain	same program	pcrec_a32bc86e_vm-caps-simdna_noreqbyte-noreqrun	measured	pinned	1	median_ns	1127774.727885	27	1.0000	0	0		
rank	lit-l7	(set)	large-subject-throughput	plain	same program	pcrec_a32bc86e_vm-caps-simdna_noreqbyte-noreqrun	measured	pinned	1	min_ns	1124082.011794	27	1.0000	0	0		
rank	lit-l7	(set)	large-subject-throughput	plain	same program	pcrec_a32bc86e_vm-caps-simdna_noreqbyte-noreqrun	measured	pinned	1	max_ns	1134538.654591	27	1.0000	0	0		
rank	lit-l7	(set)	large-subject-throughput	plain	same program	pcrec_a32bc86e_vm-caps-simdna_noreqbyte-noreqrun	measured	pinned	1	stddev_ns	3616.914912	27	1.0000	0	0		
rank	lit-l7	(set)	large-subject-throughput	plain	same program	pcrec_a32bc86e_vm-caps-simdna_noreqbyte-noreqrun	measured	pinned	1	ratio_vs_baseline	1.000000	27	1.0000	0	0		
rank	lit-l7	(set)	large-subject-throughput	plain	same program	pcrec_a32bc86e_vm-caps-simdna_noreqbyte-noreqrun	measured	pinned	1	ratio_vs_best	1.000000	27	1.0000	0	0		
rank	lit-l7	(set)	large-subject-throughput	plain	same program	pcrec_a32bc86e_vm-caps-simdna_noreqbyte-noreqrun-nolitrun	measured	pinned	2	median_ns	1788270.319693	27	1.0000	0	0		
rank	lit-l7	(set)	large-subject-throughput	plain	same program	pcrec_a32bc86e_vm-caps-simdna_noreqbyte-noreqrun-nolitrun	measured	pinned	2	min_ns	1754006.930946	27	1.0000	0	0		
rank	lit-l7	(set)	large-subject-throughput	plain	same program	pcrec_a32bc86e_vm-caps-simdna_noreqbyte-noreqrun-nolitrun	measured	pinned	2	max_ns	1822663.769821	27	1.0000	0	0		
rank	lit-l7	(set)	large-subject-throughput	plain	same program	pcrec_a32bc86e_vm-caps-simdna_noreqbyte-noreqrun-nolitrun	measured	pinned	2	stddev_ns	21814.746844	27	1.0000	0	0		
rank	lit-l7	(set)	large-subject-throughput	plain	same program	pcrec_a32bc86e_vm-caps-simdna_noreqbyte-noreqrun-nolitrun	measured	pinned	2	ratio_vs_baseline	1.585663	27	1.0000	0	0		
rank	lit-l7	(set)	large-subject-throughput	plain	same program	pcrec_a32bc86e_vm-caps-simdna_noreqbyte-noreqrun-nolitrun	measured	pinned	2	ratio_vs_best	1.585663	27	1.0000	0	0		
rank	lit-l7	(set)	large-subject-throughput	plain	same program	pcrec_a32bc86e_vm-caps-simdna	measured	pinned	3	median_ns	2067955.485671	27	1.0000	0	0		
rank	lit-l7	(set)	large-subject-throughput	plain	same program	pcrec_a32bc86e_vm-caps-simdna	measured	pinned	3	min_ns	2066694.891403	27	1.0000	0	0		
rank	lit-l7	(set)	large-subject-throughput	plain	same program	pcrec_a32bc86e_vm-caps-simdna	measured	pinned	3	max_ns	2078863.122172	27	1.0000	0	0		
rank	lit-l7	(set)	large-subject-throughput	plain	same program	pcrec_a32bc86e_vm-caps-simdna	measured	pinned	3	stddev_ns	4521.878917	27	1.0000	0	0		
rank	lit-l7	(set)	large-subject-throughput	plain	same program	pcrec_a32bc86e_vm-caps-simdna	measured	pinned	3	ratio_vs_baseline	1.833660	27	1.0000	0	0		
rank	lit-l7	(set)	large-subject-throughput	plain	same program	pcrec_a32bc86e_vm-caps-simdna	measured	pinned	3	ratio_vs_best	1.833660	27	1.0000	0	0		
rank	lit-l7	(set)	large-subject-throughput	plain	same program	pcrec_a32bc86e_vm-caps-simdna_noaltclsfactor	measured	pinned	4	median_ns	2071010.272340	27	1.0000	0	0		
rank	lit-l7	(set)	large-subject-throughput	plain	same program	pcrec_a32bc86e_vm-caps-simdna_noaltclsfactor	measured	pinned	4	min_ns	2067141.297872	27	1.0000	0	0		
rank	lit-l7	(set)	large-subject-throughput	plain	same program	pcrec_a32bc86e_vm-caps-simdna_noaltclsfactor	measured	pinned	4	max_ns	2071503.848227	27	1.0000	0	0		
rank	lit-l7	(set)	large-subject-throughput	plain	same program	pcrec_a32bc86e_vm-caps-simdna_noaltclsfactor	measured	pinned	4	stddev_ns	1733.550985	27	1.0000	0	0		
rank	lit-l7	(set)	large-subject-throughput	plain	same program	pcrec_a32bc86e_vm-caps-simdna_noaltclsfactor	measured	pinned	4	ratio_vs_baseline	1.836369	27	1.0000	0	0		
rank	lit-l7	(set)	large-subject-throughput	plain	same program	pcrec_a32bc86e_vm-caps-simdna_noaltclsfactor	measured	pinned	4	ratio_vs_best	1.836369	27	1.0000	0	0		
rank	lit-l7	(set)	large-subject-throughput	plain	same program	pcrec_a32bc86e_vm-caps-simdna_noaltclsfactor-nolitrun	measured	pinned	5	median_ns	2245917.926496	27	1.0000	0	0		
rank	lit-l7	(set)	large-subject-throughput	plain	same program	pcrec_a32bc86e_vm-caps-simdna_noaltclsfactor-nolitrun	measured	pinned	5	min_ns	2243591.960684	27	1.0000	0	0		
rank	lit-l7	(set)	large-subject-throughput	plain	same program	pcrec_a32bc86e_vm-caps-simdna_noaltclsfactor-nolitrun	measured	pinned	5	max_ns	2247930.608547	27	1.0000	0	0		
rank	lit-l7	(set)	large-subject-throughput	plain	same program	pcrec_a32bc86e_vm-caps-simdna_noaltclsfactor-nolitrun	measured	pinned	5	stddev_ns	1602.567451	27	1.0000	0	0		
rank	lit-l7	(set)	large-subject-throughput	plain	same program	pcrec_a32bc86e_vm-caps-simdna_noaltclsfactor-nolitrun	measured	pinned	5	ratio_vs_baseline	1.991460	27	1.0000	0	0		
rank	lit-l7	(set)	large-subject-throughput	plain	same program	pcrec_a32bc86e_vm-caps-simdna_noaltclsfactor-nolitrun	measured	pinned	5	ratio_vs_best	1.991460	27	1.0000	0	0		
rank	lit-l7	(set)	large-subject-throughput	plain	same program	pcrec_a32bc86e_vm-caps-simdna_nolitrun	measured	pinned	6	median_ns	2249680.486339	27	1.0000	0	0		
rank	lit-l7	(set)	large-subject-throughput	plain	same program	pcrec_a32bc86e_vm-caps-simdna_nolitrun	measured	pinned	6	min_ns	2244030.275046	27	1.0000	0	0		
rank	lit-l7	(set)	large-subject-throughput	plain	same program	pcrec_a32bc86e_vm-caps-simdna_nolitrun	measured	pinned	6	max_ns	2265708.686703	27	1.0000	0	0		
rank	lit-l7	(set)	large-subject-throughput	plain	same program	pcrec_a32bc86e_vm-caps-simdna_nolitrun	measured	pinned	6	stddev_ns	8356.820641	27	1.0000	0	0		
rank	lit-l7	(set)	large-subject-throughput	plain	same program	pcrec_a32bc86e_vm-caps-simdna_nolitrun	measured	pinned	6	ratio_vs_baseline	1.994796	27	1.0000	0	0		
rank	lit-l7	(set)	large-subject-throughput	plain	same program	pcrec_a32bc86e_vm-caps-simdna_nolitrun	measured	pinned	6	ratio_vs_best	1.994796	27	1.0000	0	0		
rank	lit-l7	(set)	large-subject-throughput	plain	same program	libpcre2_10.46_jit-caps-simdna	measured	pinned	7	median_ns	2705146.350282	27	1.0000	0	0		
rank	lit-l7	(set)	large-subject-throughput	plain	same program	libpcre2_10.46_jit-caps-simdna	measured	pinned	7	min_ns	2559640.594119	27	1.0000	0	0		
rank	lit-l7	(set)	large-subject-throughput	plain	same program	libpcre2_10.46_jit-caps-simdna	measured	pinned	7	max_ns	2883459.961993	27	1.0000	0	0		
rank	lit-l7	(set)	large-subject-throughput	plain	same program	libpcre2_10.46_jit-caps-simdna	measured	pinned	7	stddev_ns	122331.775701	27	1.0000	0	0		
rank	lit-l7	(set)	large-subject-throughput	plain	same program	libpcre2_10.46_jit-caps-simdna	measured	pinned	7	ratio_vs_baseline	2.398658	27	1.0000	0	0		
rank	lit-l7	(set)	large-subject-throughput	plain	same program	libpcre2_10.46_jit-caps-simdna	measured	pinned	7	ratio_vs_best	2.398658	27	1.0000	0	0		
rank	lit-l7	(set)	large-subject-throughput	plain	same program	pcrec_a32bc86e_auto-caps-simdna_noaltclsfactor-nolitrun	measured	pinned	8	median_ns	3233180.205455	27	1.0000	0	0		
rank	lit-l7	(set)	large-subject-throughput	plain	same program	pcrec_a32bc86e_auto-caps-simdna_noaltclsfactor-nolitrun	measured	pinned	8	min_ns	3225542.440000	27	1.0000	0	0		
rank	lit-l7	(set)	large-subject-throughput	plain	same program	pcrec_a32bc86e_auto-caps-simdna_noaltclsfactor-nolitrun	measured	pinned	8	max_ns	3247109.130909	27	1.0000	0	0		
rank	lit-l7	(set)	large-subject-throughput	plain	same program	pcrec_a32bc86e_auto-caps-simdna_noaltclsfactor-nolitrun	measured	pinned	8	stddev_ns	7842.010321	27	1.0000	0	0		
rank	lit-l7	(set)	large-subject-throughput	plain	same program	pcrec_a32bc86e_auto-caps-simdna_noaltclsfactor-nolitrun	measured	pinned	8	ratio_vs_baseline	2.866867	27	1.0000	0	0		
rank	lit-l7	(set)	large-subject-throughput	plain	same program	pcrec_a32bc86e_auto-caps-simdna_noaltclsfactor-nolitrun	measured	pinned	8	ratio_vs_best	2.866867	27	1.0000	0	0		
rank	lit-l7	(set)	large-subject-throughput	plain	same program	pcrec_a32bc86e_auto-caps-simdna	measured	pinned	9	median_ns	3236083.800000	27	1.0000	0	0		
rank	lit-l7	(set)	large-subject-throughput	plain	same program	pcrec_a32bc86e_auto-caps-simdna	measured	pinned	9	min_ns	3226365.822642	27	1.0000	0	0		
rank	lit-l7	(set)	large-subject-throughput	plain	same program	pcrec_a32bc86e_auto-caps-simdna	measured	pinned	9	max_ns	3236942.273585	27	1.0000	0	0		
rank	lit-l7	(set)	large-subject-throughput	plain	same program	pcrec_a32bc86e_auto-caps-simdna	measured	pinned	9	stddev_ns	4247.552875	27	1.0000	0	0		
rank	lit-l7	(set)	large-subject-throughput	plain	same program	pcrec_a32bc86e_auto-caps-simdna	measured	pinned	9	ratio_vs_baseline	2.869442	27	1.0000	0	0		
rank	lit-l7	(set)	large-subject-throughput	plain	same program	pcrec_a32bc86e_auto-caps-simdna	measured	pinned	9	ratio_vs_best	2.869442	27	1.0000	0	0		
rank	lit-l7	(set)	large-subject-throughput	plain	same program	pcrec_a32bc86e_auto-caps-simdna_nolitrun	measured	pinned	10	median_ns	3237578.889091	27	1.0000	0	0		
rank	lit-l7	(set)	large-subject-throughput	plain	same program	pcrec_a32bc86e_auto-caps-simdna_nolitrun	measured	pinned	10	min_ns	3226618.741818	27	1.0000	0	0		
rank	lit-l7	(set)	large-subject-throughput	plain	same program	pcrec_a32bc86e_auto-caps-simdna_nolitrun	measured	pinned	10	max_ns	3239008.518182	27	1.0000	0	0		
rank	lit-l7	(set)	large-subject-throughput	plain	same program	pcrec_a32bc86e_auto-caps-simdna_nolitrun	measured	pinned	10	stddev_ns	5788.333900	27	1.0000	0	0		
rank	lit-l7	(set)	large-subject-throughput	plain	same program	pcrec_a32bc86e_auto-caps-simdna_nolitrun	measured	pinned	10	ratio_vs_baseline	2.870767	27	1.0000	0	0		
rank	lit-l7	(set)	large-subject-throughput	plain	same program	pcrec_a32bc86e_auto-caps-simdna_nolitrun	measured	pinned	10	ratio_vs_best	2.870767	27	1.0000	0	0		
rank	lit-l7	(set)	large-subject-throughput	plain	same program	pcrec_a32bc86e_auto-caps-simdna_noaltclsfactor	measured	pinned	11	median_ns	3238512.039855	27	1.0000	0	0		
rank	lit-l7	(set)	large-subject-throughput	plain	same program	pcrec_a32bc86e_auto-caps-simdna_noaltclsfactor	measured	pinned	11	min_ns	3226840.528986	27	1.0000	0	0		
rank	lit-l7	(set)	large-subject-throughput	plain	same program	pcrec_a32bc86e_auto-caps-simdna_noaltclsfactor	measured	pinned	11	max_ns	3239889.869565	27	1.0000	0	0		
rank	lit-l7	(set)	large-subject-throughput	plain	same program	pcrec_a32bc86e_auto-caps-simdna_noaltclsfactor	measured	pinned	11	stddev_ns	4856.297083	27	1.0000	0	0		
rank	lit-l7	(set)	large-subject-throughput	plain	same program	pcrec_a32bc86e_auto-caps-simdna_noaltclsfactor	measured	pinned	11	ratio_vs_baseline	2.871595	27	1.0000	0	0		
rank	lit-l7	(set)	large-subject-throughput	plain	same program	pcrec_a32bc86e_auto-caps-simdna_noaltclsfactor	measured	pinned	11	ratio_vs_best	2.871595	27	1.0000	0	0		
baseline	lit-l7	(set)	match-compliance			pcrec_a32bc86e_vm-caps-simdna_noreqbyte-noreqrun				baseline_identity	row-best-fallback					pcrec_a32bc86e_vm-caps-simdna_noreqbyte-noreqrun (row-best fallback -- interp absent from this group)	
rank	lit-l7	(set)	match-compliance	whole-subject	separate artifact	pcrec_a32bc86e_vm-caps-simdna_noreqbyte-noreqrun	measured	pinned	1	median_ns	167.256463	27	1.0000	0	0		
rank	lit-l7	(set)	match-compliance	whole-subject	separate artifact	pcrec_a32bc86e_vm-caps-simdna_noreqbyte-noreqrun	measured	pinned	1	min_ns	165.722662	27	1.0000	0	0		
rank	lit-l7	(set)	match-compliance	whole-subject	separate artifact	pcrec_a32bc86e_vm-caps-simdna_noreqbyte-noreqrun	measured	pinned	1	max_ns	169.697082	27	1.0000	0	0		
rank	lit-l7	(set)	match-compliance	whole-subject	separate artifact	pcrec_a32bc86e_vm-caps-simdna_noreqbyte-noreqrun	measured	pinned	1	stddev_ns	1.474484	27	1.0000	0	0		
rank	lit-l7	(set)	match-compliance	whole-subject	separate artifact	pcrec_a32bc86e_vm-caps-simdna_noreqbyte-noreqrun	measured	pinned	1	ratio_vs_baseline	1.000000	27	1.0000	0	0		
rank	lit-l7	(set)	match-compliance	whole-subject	separate artifact	pcrec_a32bc86e_vm-caps-simdna_noreqbyte-noreqrun	measured	pinned	1	ratio_vs_best	1.000000	27	1.0000	0	0		
rank	lit-l7	(set)	match-compliance	whole-subject	separate artifact	pcrec_a32bc86e_vm-caps-simdna_noaltclsfactor	measured	pinned	2	median_ns	174.055943	27	1.0000	0	0		
rank	lit-l7	(set)	match-compliance	whole-subject	separate artifact	pcrec_a32bc86e_vm-caps-simdna_noaltclsfactor	measured	pinned	2	min_ns	173.883944	27	1.0000	0	0		
rank	lit-l7	(set)	match-compliance	whole-subject	separate artifact	pcrec_a32bc86e_vm-caps-simdna_noaltclsfactor	measured	pinned	2	max_ns	175.720225	27	1.0000	0	0		
rank	lit-l7	(set)	match-compliance	whole-subject	separate artifact	pcrec_a32bc86e_vm-caps-simdna_noaltclsfactor	measured	pinned	2	stddev_ns	0.731751	27	1.0000	0	0		
rank	lit-l7	(set)	match-compliance	whole-subject	separate artifact	pcrec_a32bc86e_vm-caps-simdna_noaltclsfactor	measured	pinned	2	ratio_vs_baseline	1.040653	27	1.0000	0	0		
rank	lit-l7	(set)	match-compliance	whole-subject	separate artifact	pcrec_a32bc86e_vm-caps-simdna_noaltclsfactor	measured	pinned	2	ratio_vs_best	1.040653	27	1.0000	0	0		
rank	lit-l7	(set)	match-compliance	whole-subject	separate artifact	pcrec_a32bc86e_vm-caps-simdna	measured	pinned	3	median_ns	174.111823	27	1.0000	0	0		
rank	lit-l7	(set)	match-compliance	whole-subject	separate artifact	pcrec_a32bc86e_vm-caps-simdna	measured	pinned	3	min_ns	173.875033	27	1.0000	0	0		
rank	lit-l7	(set)	match-compliance	whole-subject	separate artifact	pcrec_a32bc86e_vm-caps-simdna	measured	pinned	3	max_ns	175.673542	27	1.0000	0	0		
rank	lit-l7	(set)	match-compliance	whole-subject	separate artifact	pcrec_a32bc86e_vm-caps-simdna	measured	pinned	3	stddev_ns	0.684243	27	1.0000	0	0		
rank	lit-l7	(set)	match-compliance	whole-subject	separate artifact	pcrec_a32bc86e_vm-caps-simdna	measured	pinned	3	ratio_vs_baseline	1.040987	27	1.0000	0	0		
rank	lit-l7	(set)	match-compliance	whole-subject	separate artifact	pcrec_a32bc86e_vm-caps-simdna	measured	pinned	3	ratio_vs_best	1.040987	27	1.0000	0	0		
rank	lit-l7	(set)	match-compliance	whole-subject	separate artifact	pcrec_a32bc86e_vm-caps-simdna_noaltclsfactor-nolitrun	measured	pinned	4	median_ns	183.196559	27	1.0000	0	0		
rank	lit-l7	(set)	match-compliance	whole-subject	separate artifact	pcrec_a32bc86e_vm-caps-simdna_noaltclsfactor-nolitrun	measured	pinned	4	min_ns	183.123041	27	1.0000	0	0		
rank	lit-l7	(set)	match-compliance	whole-subject	separate artifact	pcrec_a32bc86e_vm-caps-simdna_noaltclsfactor-nolitrun	measured	pinned	4	max_ns	183.446749	27	1.0000	0	0		
rank	lit-l7	(set)	match-compliance	whole-subject	separate artifact	pcrec_a32bc86e_vm-caps-simdna_noaltclsfactor-nolitrun	measured	pinned	4	stddev_ns	0.118724	27	1.0000	0	0		
rank	lit-l7	(set)	match-compliance	whole-subject	separate artifact	pcrec_a32bc86e_vm-caps-simdna_noaltclsfactor-nolitrun	measured	pinned	4	ratio_vs_baseline	1.095303	27	1.0000	0	0		
rank	lit-l7	(set)	match-compliance	whole-subject	separate artifact	pcrec_a32bc86e_vm-caps-simdna_noaltclsfactor-nolitrun	measured	pinned	4	ratio_vs_best	1.095303	27	1.0000	0	0		
rank	lit-l7	(set)	match-compliance	whole-subject	separate artifact	pcrec_a32bc86e_vm-caps-simdna_nolitrun	measured	pinned	5	median_ns	183.205647	27	1.0000	0	0		
rank	lit-l7	(set)	match-compliance	whole-subject	separate artifact	pcrec_a32bc86e_vm-caps-simdna_nolitrun	measured	pinned	5	min_ns	183.129672	27	1.0000	0	0		
rank	lit-l7	(set)	match-compliance	whole-subject	separate artifact	pcrec_a32bc86e_vm-caps-simdna_nolitrun	measured	pinned	5	max_ns	183.212385	27	1.0000	0	0		
rank	lit-l7	(set)	match-compliance	whole-subject	separate artifact	pcrec_a32bc86e_vm-caps-simdna_nolitrun	measured	pinned	5	stddev_ns	0.030560	27	1.0000	0	0		
rank	lit-l7	(set)	match-compliance	whole-subject	separate artifact	pcrec_a32bc86e_vm-caps-simdna_nolitrun	measured	pinned	5	ratio_vs_baseline	1.095358	27	1.0000	0	0		
rank	lit-l7	(set)	match-compliance	whole-subject	separate artifact	pcrec_a32bc86e_vm-caps-simdna_nolitrun	measured	pinned	5	ratio_vs_best	1.095358	27	1.0000	0	0		
rank	lit-l7	(set)	match-compliance	whole-subject	separate artifact	pcrec_a32bc86e_vm-caps-simdna_noreqbyte-noreqrun-nolitrun	measured	pinned	6	median_ns	193.440689	27	1.0000	0	0		
rank	lit-l7	(set)	match-compliance	whole-subject	separate artifact	pcrec_a32bc86e_vm-caps-simdna_noreqbyte-noreqrun-nolitrun	measured	pinned	6	min_ns	193.408575	27	1.0000	0	0		
rank	lit-l7	(set)	match-compliance	whole-subject	separate artifact	pcrec_a32bc86e_vm-caps-simdna_noreqbyte-noreqrun-nolitrun	measured	pinned	6	max_ns	193.684402	27	1.0000	0	0		
rank	lit-l7	(set)	match-compliance	whole-subject	separate artifact	pcrec_a32bc86e_vm-caps-simdna_noreqbyte-noreqrun-nolitrun	measured	pinned	6	stddev_ns	0.119929	27	1.0000	0	0		
rank	lit-l7	(set)	match-compliance	whole-subject	separate artifact	pcrec_a32bc86e_vm-caps-simdna_noreqbyte-noreqrun-nolitrun	measured	pinned	6	ratio_vs_baseline	1.156551	27	1.0000	0	0		
rank	lit-l7	(set)	match-compliance	whole-subject	separate artifact	pcrec_a32bc86e_vm-caps-simdna_noreqbyte-noreqrun-nolitrun	measured	pinned	6	ratio_vs_best	1.156551	27	1.0000	0	0		
rank	lit-l7	(set)	match-compliance	whole-subject	separate artifact	pcrec_a32bc86e_auto-caps-simdna_noaltclsfactor-nolitrun	measured	pinned	7	median_ns	316.345606	27	1.0000	0	0		
rank	lit-l7	(set)	match-compliance	whole-subject	separate artifact	pcrec_a32bc86e_auto-caps-simdna_noaltclsfactor-nolitrun	measured	pinned	7	min_ns	315.230033	27	1.0000	0	0		
rank	lit-l7	(set)	match-compliance	whole-subject	separate artifact	pcrec_a32bc86e_auto-caps-simdna_noaltclsfactor-nolitrun	measured	pinned	7	max_ns	355.065463	27	1.0000	0	0		
rank	lit-l7	(set)	match-compliance	whole-subject	separate artifact	pcrec_a32bc86e_auto-caps-simdna_noaltclsfactor-nolitrun	measured	pinned	7	stddev_ns	15.476661	27	1.0000	0	0		
rank	lit-l7	(set)	match-compliance	whole-subject	separate artifact	pcrec_a32bc86e_auto-caps-simdna_noaltclsfactor-nolitrun	measured	pinned	7	ratio_vs_baseline	1.891380	27	1.0000	0	0		
rank	lit-l7	(set)	match-compliance	whole-subject	separate artifact	pcrec_a32bc86e_auto-caps-simdna_noaltclsfactor-nolitrun	measured	pinned	7	ratio_vs_best	1.891380	27	1.0000	0	0		
rank	lit-l7	(set)	match-compliance	whole-subject	separate artifact	pcrec_a32bc86e_auto-caps-simdna_noaltclsfactor	measured	pinned	8	median_ns	317.224031	27	1.0000	0	0		
rank	lit-l7	(set)	match-compliance	whole-subject	separate artifact	pcrec_a32bc86e_auto-caps-simdna_noaltclsfactor	measured	pinned	8	min_ns	316.503639	27	1.0000	0	0		
rank	lit-l7	(set)	match-compliance	whole-subject	separate artifact	pcrec_a32bc86e_auto-caps-simdna_noaltclsfactor	measured	pinned	8	max_ns	318.286666	27	1.0000	0	0		
rank	lit-l7	(set)	match-compliance	whole-subject	separate artifact	pcrec_a32bc86e_auto-caps-simdna_noaltclsfactor	measured	pinned	8	stddev_ns	0.599031	27	1.0000	0	0		
rank	lit-l7	(set)	match-compliance	whole-subject	separate artifact	pcrec_a32bc86e_auto-caps-simdna_noaltclsfactor	measured	pinned	8	ratio_vs_baseline	1.896632	27	1.0000	0	0		
rank	lit-l7	(set)	match-compliance	whole-subject	separate artifact	pcrec_a32bc86e_auto-caps-simdna_noaltclsfactor	measured	pinned	8	ratio_vs_best	1.896632	27	1.0000	0	0		
rank	lit-l7	(set)	match-compliance	whole-subject	separate artifact	pcrec_a32bc86e_auto-caps-simdna_nolitrun	measured	pinned	9	median_ns	317.523000	27	1.0000	0	0		
rank	lit-l7	(set)	match-compliance	whole-subject	separate artifact	pcrec_a32bc86e_auto-caps-simdna_nolitrun	measured	pinned	9	min_ns	314.633779	27	1.0000	0	0		
rank	lit-l7	(set)	match-compliance	whole-subject	separate artifact	pcrec_a32bc86e_auto-caps-simdna_nolitrun	measured	pinned	9	max_ns	320.062359	27	1.0000	0	0		
rank	lit-l7	(set)	match-compliance	whole-subject	separate artifact	pcrec_a32bc86e_auto-caps-simdna_nolitrun	measured	pinned	9	stddev_ns	1.954254	27	1.0000	0	0		
rank	lit-l7	(set)	match-compliance	whole-subject	separate artifact	pcrec_a32bc86e_auto-caps-simdna_nolitrun	measured	pinned	9	ratio_vs_baseline	1.898420	27	1.0000	0	0		
rank	lit-l7	(set)	match-compliance	whole-subject	separate artifact	pcrec_a32bc86e_auto-caps-simdna_nolitrun	measured	pinned	9	ratio_vs_best	1.898420	27	1.0000	0	0		
rank	lit-l7	(set)	match-compliance	whole-subject	separate artifact	pcrec_a32bc86e_auto-caps-simdna	measured	pinned	10	median_ns	317.635692	27	1.0000	0	0		
rank	lit-l7	(set)	match-compliance	whole-subject	separate artifact	pcrec_a32bc86e_auto-caps-simdna	measured	pinned	10	min_ns	316.269510	27	1.0000	0	0		
rank	lit-l7	(set)	match-compliance	whole-subject	separate artifact	pcrec_a32bc86e_auto-caps-simdna	measured	pinned	10	max_ns	319.781367	27	1.0000	0	0		
rank	lit-l7	(set)	match-compliance	whole-subject	separate artifact	pcrec_a32bc86e_auto-caps-simdna	measured	pinned	10	stddev_ns	1.137786	27	1.0000	0	0		
rank	lit-l7	(set)	match-compliance	whole-subject	separate artifact	pcrec_a32bc86e_auto-caps-simdna	measured	pinned	10	ratio_vs_baseline	1.899094	27	1.0000	0	0		
rank	lit-l7	(set)	match-compliance	whole-subject	separate artifact	pcrec_a32bc86e_auto-caps-simdna	measured	pinned	10	ratio_vs_best	1.899094	27	1.0000	0	0		
rank	lit-l7	(set)	match-compliance	plain	same program	libpcre2_10.46_jit-caps-simdna	measured	pinned	11	median_ns	1366.848558	27	1.0000	0	0		
rank	lit-l7	(set)	match-compliance	plain	same program	libpcre2_10.46_jit-caps-simdna	measured	pinned	11	min_ns	1361.720299	27	1.0000	0	0		
rank	lit-l7	(set)	match-compliance	plain	same program	libpcre2_10.46_jit-caps-simdna	measured	pinned	11	max_ns	1397.084197	27	1.0000	0	0		
rank	lit-l7	(set)	match-compliance	plain	same program	libpcre2_10.46_jit-caps-simdna	measured	pinned	11	stddev_ns	12.879062	27	1.0000	0	0		
rank	lit-l7	(set)	match-compliance	plain	same program	libpcre2_10.46_jit-caps-simdna	measured	pinned	11	ratio_vs_baseline	8.172172	27	1.0000	0	0		
rank	lit-l7	(set)	match-compliance	plain	same program	libpcre2_10.46_jit-caps-simdna	measured	pinned	11	ratio_vs_best	8.172172	27	1.0000	0	0		
baseline	lit-l7	(set)	short-subject-search			pcrec_a32bc86e_vm-caps-simdna_noaltclsfactor				baseline_identity	row-best-fallback					pcrec_a32bc86e_vm-caps-simdna_noaltclsfactor (row-best fallback -- interp absent from this group)	
rank	lit-l7	(set)	short-subject-search	plain	same program	pcrec_a32bc86e_vm-caps-simdna_noaltclsfactor	measured	pinned	1	median_ns	359.936568	27	1.0000	0	0		
rank	lit-l7	(set)	short-subject-search	plain	same program	pcrec_a32bc86e_vm-caps-simdna_noaltclsfactor	measured	pinned	1	min_ns	357.828124	27	1.0000	0	0		
rank	lit-l7	(set)	short-subject-search	plain	same program	pcrec_a32bc86e_vm-caps-simdna_noaltclsfactor	measured	pinned	1	max_ns	363.441942	27	1.0000	0	0		
rank	lit-l7	(set)	short-subject-search	plain	same program	pcrec_a32bc86e_vm-caps-simdna_noaltclsfactor	measured	pinned	1	stddev_ns	2.039612	27	1.0000	0	0		
rank	lit-l7	(set)	short-subject-search	plain	same program	pcrec_a32bc86e_vm-caps-simdna_noaltclsfactor	measured	pinned	1	ratio_vs_baseline	1.000000	27	1.0000	0	0		
rank	lit-l7	(set)	short-subject-search	plain	same program	pcrec_a32bc86e_vm-caps-simdna_noaltclsfactor	measured	pinned	1	ratio_vs_best	1.000000	27	1.0000	0	0		
rank	lit-l7	(set)	short-subject-search	plain	same program	pcrec_a32bc86e_vm-caps-simdna	measured	pinned	2	median_ns	362.104018	27	1.0000	0	0		
rank	lit-l7	(set)	short-subject-search	plain	same program	pcrec_a32bc86e_vm-caps-simdna	measured	pinned	2	min_ns	358.069466	27	1.0000	0	0		
rank	lit-l7	(set)	short-subject-search	plain	same program	pcrec_a32bc86e_vm-caps-simdna	measured	pinned	2	max_ns	367.188761	27	1.0000	0	0		
rank	lit-l7	(set)	short-subject-search	plain	same program	pcrec_a32bc86e_vm-caps-simdna	measured	pinned	2	stddev_ns	3.185282	27	1.0000	0	0		
rank	lit-l7	(set)	short-subject-search	plain	same program	pcrec_a32bc86e_vm-caps-simdna	measured	pinned	2	ratio_vs_baseline	1.006022	27	1.0000	0	0		
rank	lit-l7	(set)	short-subject-search	plain	same program	pcrec_a32bc86e_vm-caps-simdna	measured	pinned	2	ratio_vs_best	1.006022	27	1.0000	0	0		
rank	lit-l7	(set)	short-subject-search	plain	same program	pcrec_a32bc86e_vm-caps-simdna_noreqbyte-noreqrun	measured	pinned	3	median_ns	365.065594	27	1.0000	0	0		
rank	lit-l7	(set)	short-subject-search	plain	same program	pcrec_a32bc86e_vm-caps-simdna_noreqbyte-noreqrun	measured	pinned	3	min_ns	362.007549	27	1.0000	0	0		
rank	lit-l7	(set)	short-subject-search	plain	same program	pcrec_a32bc86e_vm-caps-simdna_noreqbyte-noreqrun	measured	pinned	3	max_ns	368.926131	27	1.0000	0	0		
rank	lit-l7	(set)	short-subject-search	plain	same program	pcrec_a32bc86e_vm-caps-simdna_noreqbyte-noreqrun	measured	pinned	3	stddev_ns	2.598467	27	1.0000	0	0		
rank	lit-l7	(set)	short-subject-search	plain	same program	pcrec_a32bc86e_vm-caps-simdna_noreqbyte-noreqrun	measured	pinned	3	ratio_vs_baseline	1.014250	27	1.0000	0	0		
rank	lit-l7	(set)	short-subject-search	plain	same program	pcrec_a32bc86e_vm-caps-simdna_noreqbyte-noreqrun	measured	pinned	3	ratio_vs_best	1.014250	27	1.0000	0	0		
rank	lit-l7	(set)	short-subject-search	plain	same program	pcrec_a32bc86e_vm-caps-simdna_nolitrun	measured	pinned	4	median_ns	405.781556	27	1.0000	0	0		
rank	lit-l7	(set)	short-subject-search	plain	same program	pcrec_a32bc86e_vm-caps-simdna_nolitrun	measured	pinned	4	min_ns	405.659026	27	1.0000	0	0		
rank	lit-l7	(set)	short-subject-search	plain	same program	pcrec_a32bc86e_vm-caps-simdna_nolitrun	measured	pinned	4	max_ns	406.390072	27	1.0000	0	0		
rank	lit-l7	(set)	short-subject-search	plain	same program	pcrec_a32bc86e_vm-caps-simdna_nolitrun	measured	pinned	4	stddev_ns	0.265789	27	1.0000	0	0		
rank	lit-l7	(set)	short-subject-search	plain	same program	pcrec_a32bc86e_vm-caps-simdna_nolitrun	measured	pinned	4	ratio_vs_baseline	1.127370	27	1.0000	0	0		
rank	lit-l7	(set)	short-subject-search	plain	same program	pcrec_a32bc86e_vm-caps-simdna_nolitrun	measured	pinned	4	ratio_vs_best	1.127370	27	1.0000	0	0		
rank	lit-l7	(set)	short-subject-search	plain	same program	pcrec_a32bc86e_vm-caps-simdna_noaltclsfactor-nolitrun	measured	pinned	5	median_ns	406.063697	27	1.0000	0	0		
rank	lit-l7	(set)	short-subject-search	plain	same program	pcrec_a32bc86e_vm-caps-simdna_noaltclsfactor-nolitrun	measured	pinned	5	min_ns	404.082259	27	1.0000	0	0		
rank	lit-l7	(set)	short-subject-search	plain	same program	pcrec_a32bc86e_vm-caps-simdna_noaltclsfactor-nolitrun	measured	pinned	5	max_ns	407.258342	27	1.0000	0	0		
rank	lit-l7	(set)	short-subject-search	plain	same program	pcrec_a32bc86e_vm-caps-simdna_noaltclsfactor-nolitrun	measured	pinned	5	stddev_ns	1.069783	27	1.0000	0	0		
rank	lit-l7	(set)	short-subject-search	plain	same program	pcrec_a32bc86e_vm-caps-simdna_noaltclsfactor-nolitrun	measured	pinned	5	ratio_vs_baseline	1.128153	27	1.0000	0	0		
rank	lit-l7	(set)	short-subject-search	plain	same program	pcrec_a32bc86e_vm-caps-simdna_noaltclsfactor-nolitrun	measured	pinned	5	ratio_vs_best	1.128153	27	1.0000	0	0		
rank	lit-l7	(set)	short-subject-search	plain	same program	pcrec_a32bc86e_auto-caps-simdna_nolitrun	measured	pinned	6	median_ns	479.104767	27	1.0000	0	0		
rank	lit-l7	(set)	short-subject-search	plain	same program	pcrec_a32bc86e_auto-caps-simdna_nolitrun	measured	pinned	6	min_ns	478.490746	27	1.0000	0	0		
rank	lit-l7	(set)	short-subject-search	plain	same program	pcrec_a32bc86e_auto-caps-simdna_nolitrun	measured	pinned	6	max_ns	481.234197	27	1.0000	0	0		
rank	lit-l7	(set)	short-subject-search	plain	same program	pcrec_a32bc86e_auto-caps-simdna_nolitrun	measured	pinned	6	stddev_ns	0.938177	27	1.0000	0	0		
rank	lit-l7	(set)	short-subject-search	plain	same program	pcrec_a32bc86e_auto-caps-simdna_nolitrun	measured	pinned	6	ratio_vs_baseline	1.331081	27	1.0000	0	0		
rank	lit-l7	(set)	short-subject-search	plain	same program	pcrec_a32bc86e_auto-caps-simdna_nolitrun	measured	pinned	6	ratio_vs_best	1.331081	27	1.0000	0	0		
rank	lit-l7	(set)	short-subject-search	plain	same program	pcrec_a32bc86e_auto-caps-simdna_noaltclsfactor-nolitrun	measured	pinned	7	median_ns	480.147659	27	1.0000	0	0		
rank	lit-l7	(set)	short-subject-search	plain	same program	pcrec_a32bc86e_auto-caps-simdna_noaltclsfactor-nolitrun	measured	pinned	7	min_ns	479.786520	27	1.0000	0	0		
rank	lit-l7	(set)	short-subject-search	plain	same program	pcrec_a32bc86e_auto-caps-simdna_noaltclsfactor-nolitrun	measured	pinned	7	max_ns	481.006285	27	1.0000	0	0		
rank	lit-l7	(set)	short-subject-search	plain	same program	pcrec_a32bc86e_auto-caps-simdna_noaltclsfactor-nolitrun	measured	pinned	7	stddev_ns	0.411797	27	1.0000	0	0		
rank	lit-l7	(set)	short-subject-search	plain	same program	pcrec_a32bc86e_auto-caps-simdna_noaltclsfactor-nolitrun	measured	pinned	7	ratio_vs_baseline	1.333979	27	1.0000	0	0		
rank	lit-l7	(set)	short-subject-search	plain	same program	pcrec_a32bc86e_auto-caps-simdna_noaltclsfactor-nolitrun	measured	pinned	7	ratio_vs_best	1.333979	27	1.0000	0	0		
rank	lit-l7	(set)	short-subject-search	plain	same program	pcrec_a32bc86e_auto-caps-simdna_noaltclsfactor	measured	pinned	8	median_ns	480.199749	27	1.0000	0	0		
rank	lit-l7	(set)	short-subject-search	plain	same program	pcrec_a32bc86e_auto-caps-simdna_noaltclsfactor	measured	pinned	8	min_ns	479.695261	27	1.0000	0	0		
rank	lit-l7	(set)	short-subject-search	plain	same program	pcrec_a32bc86e_auto-caps-simdna_noaltclsfactor	measured	pinned	8	max_ns	482.819836	27	1.0000	0	0		
rank	lit-l7	(set)	short-subject-search	plain	same program	pcrec_a32bc86e_auto-caps-simdna_noaltclsfactor	measured	pinned	8	stddev_ns	1.096233	27	1.0000	0	0		
rank	lit-l7	(set)	short-subject-search	plain	same program	pcrec_a32bc86e_auto-caps-simdna_noaltclsfactor	measured	pinned	8	ratio_vs_baseline	1.334123	27	1.0000	0	0		
rank	lit-l7	(set)	short-subject-search	plain	same program	pcrec_a32bc86e_auto-caps-simdna_noaltclsfactor	measured	pinned	8	ratio_vs_best	1.334123	27	1.0000	0	0		
rank	lit-l7	(set)	short-subject-search	plain	same program	pcrec_a32bc86e_auto-caps-simdna	measured	pinned	9	median_ns	480.802196	27	1.0000	0	0		
rank	lit-l7	(set)	short-subject-search	plain	same program	pcrec_a32bc86e_auto-caps-simdna	measured	pinned	9	min_ns	479.182279	27	1.0000	0	0		
rank	lit-l7	(set)	short-subject-search	plain	same program	pcrec_a32bc86e_auto-caps-simdna	measured	pinned	9	max_ns	482.189220	27	1.0000	0	0		
rank	lit-l7	(set)	short-subject-search	plain	same program	pcrec_a32bc86e_auto-caps-simdna	measured	pinned	9	stddev_ns	1.160712	27	1.0000	0	0		
rank	lit-l7	(set)	short-subject-search	plain	same program	pcrec_a32bc86e_auto-caps-simdna	measured	pinned	9	ratio_vs_baseline	1.335797	27	1.0000	0	0		
rank	lit-l7	(set)	short-subject-search	plain	same program	pcrec_a32bc86e_auto-caps-simdna	measured	pinned	9	ratio_vs_best	1.335797	27	1.0000	0	0		
rank	lit-l7	(set)	short-subject-search	plain	same program	pcrec_a32bc86e_vm-caps-simdna_noreqbyte-noreqrun-nolitrun	measured	pinned	10	median_ns	512.739158	27	1.0000	0	0		
rank	lit-l7	(set)	short-subject-search	plain	same program	pcrec_a32bc86e_vm-caps-simdna_noreqbyte-noreqrun-nolitrun	measured	pinned	10	min_ns	503.607850	27	1.0000	0	0		
rank	lit-l7	(set)	short-subject-search	plain	same program	pcrec_a32bc86e_vm-caps-simdna_noreqbyte-noreqrun-nolitrun	measured	pinned	10	max_ns	530.636050	27	1.0000	0	0		
rank	lit-l7	(set)	short-subject-search	plain	same program	pcrec_a32bc86e_vm-caps-simdna_noreqbyte-noreqrun-nolitrun	measured	pinned	10	stddev_ns	9.823608	27	1.0000	0	0		
rank	lit-l7	(set)	short-subject-search	plain	same program	pcrec_a32bc86e_vm-caps-simdna_noreqbyte-noreqrun-nolitrun	measured	pinned	10	ratio_vs_baseline	1.424526	27	1.0000	0	0		
rank	lit-l7	(set)	short-subject-search	plain	same program	pcrec_a32bc86e_vm-caps-simdna_noreqbyte-noreqrun-nolitrun	measured	pinned	10	ratio_vs_best	1.424526	27	1.0000	0	0		
rank	lit-l7	(set)	short-subject-search	plain	same program	libpcre2_10.46_jit-caps-simdna	measured	pinned	11	median_ns	1160.072011	27	1.0000	0	0		
rank	lit-l7	(set)	short-subject-search	plain	same program	libpcre2_10.46_jit-caps-simdna	measured	pinned	11	min_ns	1119.465845	27	1.0000	0	0		
rank	lit-l7	(set)	short-subject-search	plain	same program	libpcre2_10.46_jit-caps-simdna	measured	pinned	11	max_ns	1234.422976	27	1.0000	0	0		
rank	lit-l7	(set)	short-subject-search	plain	same program	libpcre2_10.46_jit-caps-simdna	measured	pinned	11	stddev_ns	47.056279	27	1.0000	0	0		
rank	lit-l7	(set)	short-subject-search	plain	same program	libpcre2_10.46_jit-caps-simdna	measured	pinned	11	ratio_vs_baseline	3.222990	27	1.0000	0	0		
rank	lit-l7	(set)	short-subject-search	plain	same program	libpcre2_10.46_jit-caps-simdna	measured	pinned	11	ratio_vs_best	3.222990	27	1.0000	0	0		
baseline	lit-l8	(set)	large-subject-throughput			pcrec_a32bc86e_vm-caps-simdna_noreqbyte-noreqrun				baseline_identity	row-best-fallback					pcrec_a32bc86e_vm-caps-simdna_noreqbyte-noreqrun (row-best fallback -- interp absent from this group)	
rank	lit-l8	(set)	large-subject-throughput	plain	same program	pcrec_a32bc86e_vm-caps-simdna_noreqbyte-noreqrun	measured	pinned	1	median_ns	1580357.943287	27	1.0000	0	0		
rank	lit-l8	(set)	large-subject-throughput	plain	same program	pcrec_a32bc86e_vm-caps-simdna_noreqbyte-noreqrun	measured	pinned	1	min_ns	1567479.680556	27	1.0000	0	0		
rank	lit-l8	(set)	large-subject-throughput	plain	same program	pcrec_a32bc86e_vm-caps-simdna_noreqbyte-noreqrun	measured	pinned	1	max_ns	1589018.172454	27	1.0000	0	0		
rank	lit-l8	(set)	large-subject-throughput	plain	same program	pcrec_a32bc86e_vm-caps-simdna_noreqbyte-noreqrun	measured	pinned	1	stddev_ns	7933.805142	27	1.0000	0	0		
rank	lit-l8	(set)	large-subject-throughput	plain	same program	pcrec_a32bc86e_vm-caps-simdna_noreqbyte-noreqrun	measured	pinned	1	ratio_vs_baseline	1.000000	27	1.0000	0	0		
rank	lit-l8	(set)	large-subject-throughput	plain	same program	pcrec_a32bc86e_vm-caps-simdna_noreqbyte-noreqrun	measured	pinned	1	ratio_vs_best	1.000000	27	1.0000	0	0		
rank	lit-l8	(set)	large-subject-throughput	plain	same program	libpcre2_10.46_jit-caps-simdna	measured	pinned	2	median_ns	1763074.092238	27	1.0000	0	0		
rank	lit-l8	(set)	large-subject-throughput	plain	same program	libpcre2_10.46_jit-caps-simdna	measured	pinned	2	min_ns	1741247.500953	27	1.0000	0	0		
rank	lit-l8	(set)	large-subject-throughput	plain	same program	libpcre2_10.46_jit-caps-simdna	measured	pinned	2	max_ns	1810371.556786	27	1.0000	0	0		
rank	lit-l8	(set)	large-subject-throughput	plain	same program	libpcre2_10.46_jit-caps-simdna	measured	pinned	2	stddev_ns	24129.502894	27	1.0000	0	0		
rank	lit-l8	(set)	large-subject-throughput	plain	same program	libpcre2_10.46_jit-caps-simdna	measured	pinned	2	ratio_vs_baseline	1.115617	27	1.0000	0	0		
rank	lit-l8	(set)	large-subject-throughput	plain	same program	libpcre2_10.46_jit-caps-simdna	measured	pinned	2	ratio_vs_best	1.115617	27	1.0000	0	0		
rank	lit-l8	(set)	large-subject-throughput	plain	same program	pcrec_a32bc86e_vm-caps-simdna_noreqbyte-noreqrun-nolitrun	measured	pinned	3	median_ns	1858767.774788	27	1.0000	0	0		
rank	lit-l8	(set)	large-subject-throughput	plain	same program	pcrec_a32bc86e_vm-caps-simdna_noreqbyte-noreqrun-nolitrun	measured	pinned	3	min_ns	1809309.330028	27	1.0000	0	0		
rank	lit-l8	(set)	large-subject-throughput	plain	same program	pcrec_a32bc86e_vm-caps-simdna_noreqbyte-noreqrun-nolitrun	measured	pinned	3	max_ns	1865082.284703	27	1.0000	0	0		
rank	lit-l8	(set)	large-subject-throughput	plain	same program	pcrec_a32bc86e_vm-caps-simdna_noreqbyte-noreqrun-nolitrun	measured	pinned	3	stddev_ns	22453.340096	27	1.0000	0	0		
rank	lit-l8	(set)	large-subject-throughput	plain	same program	pcrec_a32bc86e_vm-caps-simdna_noreqbyte-noreqrun-nolitrun	measured	pinned	3	ratio_vs_baseline	1.176169	27	1.0000	0	0		
rank	lit-l8	(set)	large-subject-throughput	plain	same program	pcrec_a32bc86e_vm-caps-simdna_noreqbyte-noreqrun-nolitrun	measured	pinned	3	ratio_vs_best	1.176169	27	1.0000	0	0		
rank	lit-l8	(set)	large-subject-throughput	plain	same program	pcrec_a32bc86e_vm-caps-simdna	measured	pinned	4	median_ns	2039437.976705	27	1.0000	0	0		
rank	lit-l8	(set)	large-subject-throughput	plain	same program	pcrec_a32bc86e_vm-caps-simdna	measured	pinned	4	min_ns	2038015.424293	27	1.0000	0	0		
rank	lit-l8	(set)	large-subject-throughput	plain	same program	pcrec_a32bc86e_vm-caps-simdna	measured	pinned	4	max_ns	2050446.980033	27	1.0000	0	0		
rank	lit-l8	(set)	large-subject-throughput	plain	same program	pcrec_a32bc86e_vm-caps-simdna	measured	pinned	4	stddev_ns	4828.422966	27	1.0000	0	0		
rank	lit-l8	(set)	large-subject-throughput	plain	same program	pcrec_a32bc86e_vm-caps-simdna	measured	pinned	4	ratio_vs_baseline	1.290491	27	1.0000	0	0		
rank	lit-l8	(set)	large-subject-throughput	plain	same program	pcrec_a32bc86e_vm-caps-simdna	measured	pinned	4	ratio_vs_best	1.290491	27	1.0000	0	0		
rank	lit-l8	(set)	large-subject-throughput	plain	same program	pcrec_a32bc86e_vm-caps-simdna_noaltclsfactor	measured	pinned	5	median_ns	2040188.886513	27	1.0000	0	0		
rank	lit-l8	(set)	large-subject-throughput	plain	same program	pcrec_a32bc86e_vm-caps-simdna_noaltclsfactor	measured	pinned	5	min_ns	2038937.894737	27	1.0000	0	0		
rank	lit-l8	(set)	large-subject-throughput	plain	same program	pcrec_a32bc86e_vm-caps-simdna_noaltclsfactor	measured	pinned	5	max_ns	2041364.320724	27	1.0000	0	0		
rank	lit-l8	(set)	large-subject-throughput	plain	same program	pcrec_a32bc86e_vm-caps-simdna_noaltclsfactor	measured	pinned	5	stddev_ns	877.523552	27	1.0000	0	0		
rank	lit-l8	(set)	large-subject-throughput	plain	same program	pcrec_a32bc86e_vm-caps-simdna_noaltclsfactor	measured	pinned	5	ratio_vs_baseline	1.290966	27	1.0000	0	0		
rank	lit-l8	(set)	large-subject-throughput	plain	same program	pcrec_a32bc86e_vm-caps-simdna_noaltclsfactor	measured	pinned	5	ratio_vs_best	1.290966	27	1.0000	0	0		
rank	lit-l8	(set)	large-subject-throughput	plain	same program	pcrec_a32bc86e_vm-caps-simdna_nolitrun	measured	pinned	6	median_ns	2183593.332737	27	1.0000	0	0		
rank	lit-l8	(set)	large-subject-throughput	plain	same program	pcrec_a32bc86e_vm-caps-simdna_nolitrun	measured	pinned	6	min_ns	2181972.449016	27	1.0000	0	0		
rank	lit-l8	(set)	large-subject-throughput	plain	same program	pcrec_a32bc86e_vm-caps-simdna_nolitrun	measured	pinned	6	max_ns	2204014.778175	27	1.0000	0	0		
rank	lit-l8	(set)	large-subject-throughput	plain	same program	pcrec_a32bc86e_vm-caps-simdna_nolitrun	measured	pinned	6	stddev_ns	8293.531238	27	1.0000	0	0		
rank	lit-l8	(set)	large-subject-throughput	plain	same program	pcrec_a32bc86e_vm-caps-simdna_nolitrun	measured	pinned	6	ratio_vs_baseline	1.381708	27	1.0000	0	0		
rank	lit-l8	(set)	large-subject-throughput	plain	same program	pcrec_a32bc86e_vm-caps-simdna_nolitrun	measured	pinned	6	ratio_vs_best	1.381708	27	1.0000	0	0		
rank	lit-l8	(set)	large-subject-throughput	plain	same program	pcrec_a32bc86e_vm-caps-simdna_noaltclsfactor-nolitrun	measured	pinned	7	median_ns	2184487.842576	27	1.0000	0	0		
rank	lit-l8	(set)	large-subject-throughput	plain	same program	pcrec_a32bc86e_vm-caps-simdna_noaltclsfactor-nolitrun	measured	pinned	7	min_ns	2182020.398927	27	1.0000	0	0		
rank	lit-l8	(set)	large-subject-throughput	plain	same program	pcrec_a32bc86e_vm-caps-simdna_noaltclsfactor-nolitrun	measured	pinned	7	max_ns	2203112.515206	27	1.0000	0	0		
rank	lit-l8	(set)	large-subject-throughput	plain	same program	pcrec_a32bc86e_vm-caps-simdna_noaltclsfactor-nolitrun	measured	pinned	7	stddev_ns	7656.556825	27	1.0000	0	0		
rank	lit-l8	(set)	large-subject-throughput	plain	same program	pcrec_a32bc86e_vm-caps-simdna_noaltclsfactor-nolitrun	measured	pinned	7	ratio_vs_baseline	1.382274	27	1.0000	0	0		
rank	lit-l8	(set)	large-subject-throughput	plain	same program	pcrec_a32bc86e_vm-caps-simdna_noaltclsfactor-nolitrun	measured	pinned	7	ratio_vs_best	1.382274	27	1.0000	0	0		
rank	lit-l8	(set)	large-subject-throughput	plain	same program	pcrec_a32bc86e_auto-caps-simdna	measured	pinned	8	median_ns	2854656.122164	27	1.0000	0	0		
rank	lit-l8	(set)	large-subject-throughput	plain	same program	pcrec_a32bc86e_auto-caps-simdna	measured	pinned	8	min_ns	2852670.230366	27	1.0000	0	0		
rank	lit-l8	(set)	large-subject-throughput	plain	same program	pcrec_a32bc86e_auto-caps-simdna	measured	pinned	8	max_ns	2856058.415358	27	1.0000	0	0		
rank	lit-l8	(set)	large-subject-throughput	plain	same program	pcrec_a32bc86e_auto-caps-simdna	measured	pinned	8	stddev_ns	1341.179796	27	1.0000	0	0		
rank	lit-l8	(set)	large-subject-throughput	plain	same program	pcrec_a32bc86e_auto-caps-simdna	measured	pinned	8	ratio_vs_baseline	1.806335	27	1.0000	0	0		
rank	lit-l8	(set)	large-subject-throughput	plain	same program	pcrec_a32bc86e_auto-caps-simdna	measured	pinned	8	ratio_vs_best	1.806335	27	1.0000	0	0		
rank	lit-l8	(set)	large-subject-throughput	plain	same program	pcrec_a32bc86e_auto-caps-simdna_noaltclsfactor	measured	pinned	9	median_ns	2855058.996510	27	1.0000	0	0		
rank	lit-l8	(set)	large-subject-throughput	plain	same program	pcrec_a32bc86e_auto-caps-simdna_noaltclsfactor	measured	pinned	9	min_ns	2851735.541012	27	1.0000	0	0		
rank	lit-l8	(set)	large-subject-throughput	plain	same program	pcrec_a32bc86e_auto-caps-simdna_noaltclsfactor	measured	pinned	9	max_ns	2855327.178010	27	1.0000	0	0		
rank	lit-l8	(set)	large-subject-throughput	plain	same program	pcrec_a32bc86e_auto-caps-simdna_noaltclsfactor	measured	pinned	9	stddev_ns	1420.205073	27	1.0000	0	0		
rank	lit-l8	(set)	large-subject-throughput	plain	same program	pcrec_a32bc86e_auto-caps-simdna_noaltclsfactor	measured	pinned	9	ratio_vs_baseline	1.806590	27	1.0000	0	0		
rank	lit-l8	(set)	large-subject-throughput	plain	same program	pcrec_a32bc86e_auto-caps-simdna_noaltclsfactor	measured	pinned	9	ratio_vs_best	1.806590	27	1.0000	0	0		
rank	lit-l8	(set)	large-subject-throughput	plain	same program	pcrec_a32bc86e_auto-caps-simdna_noaltclsfactor-nolitrun	measured	pinned	10	median_ns	2856100.065574	27	1.0000	0	0		
rank	lit-l8	(set)	large-subject-throughput	plain	same program	pcrec_a32bc86e_auto-caps-simdna_noaltclsfactor-nolitrun	measured	pinned	10	min_ns	2853196.187614	27	1.0000	0	0		
rank	lit-l8	(set)	large-subject-throughput	plain	same program	pcrec_a32bc86e_auto-caps-simdna_noaltclsfactor-nolitrun	measured	pinned	10	max_ns	2866470.229508	27	1.0000	0	0		
rank	lit-l8	(set)	large-subject-throughput	plain	same program	pcrec_a32bc86e_auto-caps-simdna_noaltclsfactor-nolitrun	measured	pinned	10	stddev_ns	4750.001202	27	1.0000	0	0		
rank	lit-l8	(set)	large-subject-throughput	plain	same program	pcrec_a32bc86e_auto-caps-simdna_noaltclsfactor-nolitrun	measured	pinned	10	ratio_vs_baseline	1.807249	27	1.0000	0	0		
rank	lit-l8	(set)	large-subject-throughput	plain	same program	pcrec_a32bc86e_auto-caps-simdna_noaltclsfactor-nolitrun	measured	pinned	10	ratio_vs_best	1.807249	27	1.0000	0	0		
rank	lit-l8	(set)	large-subject-throughput	plain	same program	pcrec_a32bc86e_auto-caps-simdna_nolitrun	measured	pinned	11	median_ns	2856789.350814	27	1.0000	0	0		
rank	lit-l8	(set)	large-subject-throughput	plain	same program	pcrec_a32bc86e_auto-caps-simdna_nolitrun	measured	pinned	11	min_ns	2855423.900542	27	1.0000	0	0		
rank	lit-l8	(set)	large-subject-throughput	plain	same program	pcrec_a32bc86e_auto-caps-simdna_nolitrun	measured	pinned	11	max_ns	2857513.746835	27	1.0000	0	0		
rank	lit-l8	(set)	large-subject-throughput	plain	same program	pcrec_a32bc86e_auto-caps-simdna_nolitrun	measured	pinned	11	stddev_ns	761.851947	27	1.0000	0	0		
rank	lit-l8	(set)	large-subject-throughput	plain	same program	pcrec_a32bc86e_auto-caps-simdna_nolitrun	measured	pinned	11	ratio_vs_baseline	1.807685	27	1.0000	0	0		
rank	lit-l8	(set)	large-subject-throughput	plain	same program	pcrec_a32bc86e_auto-caps-simdna_nolitrun	measured	pinned	11	ratio_vs_best	1.807685	27	1.0000	0	0		
baseline	lit-l8	(set)	match-compliance			pcrec_a32bc86e_vm-caps-simdna_noreqbyte-noreqrun				baseline_identity	row-best-fallback					pcrec_a32bc86e_vm-caps-simdna_noreqbyte-noreqrun (row-best fallback -- interp absent from this group)	
rank	lit-l8	(set)	match-compliance	whole-subject	separate artifact	pcrec_a32bc86e_vm-caps-simdna_noreqbyte-noreqrun	measured	pinned	1	median_ns	163.311337	27	1.0000	0	0		
rank	lit-l8	(set)	match-compliance	whole-subject	separate artifact	pcrec_a32bc86e_vm-caps-simdna_noreqbyte-noreqrun	measured	pinned	1	min_ns	163.305775	27	1.0000	0	0		
rank	lit-l8	(set)	match-compliance	whole-subject	separate artifact	pcrec_a32bc86e_vm-caps-simdna_noreqbyte-noreqrun	measured	pinned	1	max_ns	163.342930	27	1.0000	0	0		
rank	lit-l8	(set)	match-compliance	whole-subject	separate artifact	pcrec_a32bc86e_vm-caps-simdna_noreqbyte-noreqrun	measured	pinned	1	stddev_ns	0.013336	27	1.0000	0	0		
rank	lit-l8	(set)	match-compliance	whole-subject	separate artifact	pcrec_a32bc86e_vm-caps-simdna_noreqbyte-noreqrun	measured	pinned	1	ratio_vs_baseline	1.000000	27	1.0000	0	0		
rank	lit-l8	(set)	match-compliance	whole-subject	separate artifact	pcrec_a32bc86e_vm-caps-simdna_noreqbyte-noreqrun	measured	pinned	1	ratio_vs_best	1.000000	27	1.0000	0	0		
rank	lit-l8	(set)	match-compliance	whole-subject	separate artifact	pcrec_a32bc86e_vm-caps-simdna	measured	pinned	2	median_ns	179.250983	27	1.0000	0	0		
rank	lit-l8	(set)	match-compliance	whole-subject	separate artifact	pcrec_a32bc86e_vm-caps-simdna	measured	pinned	2	min_ns	179.211067	27	1.0000	0	0		
rank	lit-l8	(set)	match-compliance	whole-subject	separate artifact	pcrec_a32bc86e_vm-caps-simdna	measured	pinned	2	max_ns	179.292931	27	1.0000	0	0		
rank	lit-l8	(set)	match-compliance	whole-subject	separate artifact	pcrec_a32bc86e_vm-caps-simdna	measured	pinned	2	stddev_ns	0.027035	27	1.0000	0	0		
rank	lit-l8	(set)	match-compliance	whole-subject	separate artifact	pcrec_a32bc86e_vm-caps-simdna	measured	pinned	2	ratio_vs_baseline	1.097603	27	1.0000	0	0		
rank	lit-l8	(set)	match-compliance	whole-subject	separate artifact	pcrec_a32bc86e_vm-caps-simdna	measured	pinned	2	ratio_vs_best	1.097603	27	1.0000	0	0		
rank	lit-l8	(set)	match-compliance	whole-subject	separate artifact	pcrec_a32bc86e_vm-caps-simdna_noaltclsfactor	measured	pinned	3	median_ns	179.276112	27	1.0000	0	0		
rank	lit-l8	(set)	match-compliance	whole-subject	separate artifact	pcrec_a32bc86e_vm-caps-simdna_noaltclsfactor	measured	pinned	3	min_ns	179.254835	27	1.0000	0	0		
rank	lit-l8	(set)	match-compliance	whole-subject	separate artifact	pcrec_a32bc86e_vm-caps-simdna_noaltclsfactor	measured	pinned	3	max_ns	179.501061	27	1.0000	0	0		
rank	lit-l8	(set)	match-compliance	whole-subject	separate artifact	pcrec_a32bc86e_vm-caps-simdna_noaltclsfactor	measured	pinned	3	stddev_ns	0.092709	27	1.0000	0	0		
rank	lit-l8	(set)	match-compliance	whole-subject	separate artifact	pcrec_a32bc86e_vm-caps-simdna_noaltclsfactor	measured	pinned	3	ratio_vs_baseline	1.097757	27	1.0000	0	0		
rank	lit-l8	(set)	match-compliance	whole-subject	separate artifact	pcrec_a32bc86e_vm-caps-simdna_noaltclsfactor	measured	pinned	3	ratio_vs_best	1.097757	27	1.0000	0	0		
rank	lit-l8	(set)	match-compliance	whole-subject	separate artifact	pcrec_a32bc86e_vm-caps-simdna_nolitrun	measured	pinned	4	median_ns	185.677357	27	1.0000	0	0		
rank	lit-l8	(set)	match-compliance	whole-subject	separate artifact	pcrec_a32bc86e_vm-caps-simdna_nolitrun	measured	pinned	4	min_ns	185.344513	27	1.0000	0	0		
rank	lit-l8	(set)	match-compliance	whole-subject	separate artifact	pcrec_a32bc86e_vm-caps-simdna_nolitrun	measured	pinned	4	max_ns	192.928712	27	1.0000	0	0		
rank	lit-l8	(set)	match-compliance	whole-subject	separate artifact	pcrec_a32bc86e_vm-caps-simdna_nolitrun	measured	pinned	4	stddev_ns	2.962254	27	1.0000	0	0		
rank	lit-l8	(set)	match-compliance	whole-subject	separate artifact	pcrec_a32bc86e_vm-caps-simdna_nolitrun	measured	pinned	4	ratio_vs_baseline	1.136953	27	1.0000	0	0		
rank	lit-l8	(set)	match-compliance	whole-subject	separate artifact	pcrec_a32bc86e_vm-caps-simdna_nolitrun	measured	pinned	4	ratio_vs_best	1.136953	27	1.0000	0	0		
rank	lit-l8	(set)	match-compliance	whole-subject	separate artifact	pcrec_a32bc86e_vm-caps-simdna_noaltclsfactor-nolitrun	measured	pinned	5	median_ns	185.688439	27	1.0000	0	0		
rank	lit-l8	(set)	match-compliance	whole-subject	separate artifact	pcrec_a32bc86e_vm-caps-simdna_noaltclsfactor-nolitrun	measured	pinned	5	min_ns	185.291020	27	1.0000	0	0		
rank	lit-l8	(set)	match-compliance	whole-subject	separate artifact	pcrec_a32bc86e_vm-caps-simdna_noaltclsfactor-nolitrun	measured	pinned	5	max_ns	186.063659	27	1.0000	0	0		
rank	lit-l8	(set)	match-compliance	whole-subject	separate artifact	pcrec_a32bc86e_vm-caps-simdna_noaltclsfactor-nolitrun	measured	pinned	5	stddev_ns	0.284357	27	1.0000	0	0		
rank	lit-l8	(set)	match-compliance	whole-subject	separate artifact	pcrec_a32bc86e_vm-caps-simdna_noaltclsfactor-nolitrun	measured	pinned	5	ratio_vs_baseline	1.137021	27	1.0000	0	0		
rank	lit-l8	(set)	match-compliance	whole-subject	separate artifact	pcrec_a32bc86e_vm-caps-simdna_noaltclsfactor-nolitrun	measured	pinned	5	ratio_vs_best	1.137021	27	1.0000	0	0		
rank	lit-l8	(set)	match-compliance	whole-subject	separate artifact	pcrec_a32bc86e_vm-caps-simdna_noreqbyte-noreqrun-nolitrun	measured	pinned	6	median_ns	198.006591	27	1.0000	0	0		
rank	lit-l8	(set)	match-compliance	whole-subject	separate artifact	pcrec_a32bc86e_vm-caps-simdna_noreqbyte-noreqrun-nolitrun	measured	pinned	6	min_ns	197.614748	27	1.0000	0	0		
rank	lit-l8	(set)	match-compliance	whole-subject	separate artifact	pcrec_a32bc86e_vm-caps-simdna_noreqbyte-noreqrun-nolitrun	measured	pinned	6	max_ns	199.187215	27	1.0000	0	0		
rank	lit-l8	(set)	match-compliance	whole-subject	separate artifact	pcrec_a32bc86e_vm-caps-simdna_noreqbyte-noreqrun-nolitrun	measured	pinned	6	stddev_ns	0.555001	27	1.0000	0	0		
rank	lit-l8	(set)	match-compliance	whole-subject	separate artifact	pcrec_a32bc86e_vm-caps-simdna_noreqbyte-noreqrun-nolitrun	measured	pinned	6	ratio_vs_baseline	1.212449	27	1.0000	0	0		
rank	lit-l8	(set)	match-compliance	whole-subject	separate artifact	pcrec_a32bc86e_vm-caps-simdna_noreqbyte-noreqrun-nolitrun	measured	pinned	6	ratio_vs_best	1.212449	27	1.0000	0	0		
rank	lit-l8	(set)	match-compliance	whole-subject	separate artifact	pcrec_a32bc86e_auto-caps-simdna_noaltclsfactor	measured	pinned	7	median_ns	318.952421	27	1.0000	0	0		
rank	lit-l8	(set)	match-compliance	whole-subject	separate artifact	pcrec_a32bc86e_auto-caps-simdna_noaltclsfactor	measured	pinned	7	min_ns	318.735039	27	1.0000	0	0		
rank	lit-l8	(set)	match-compliance	whole-subject	separate artifact	pcrec_a32bc86e_auto-caps-simdna_noaltclsfactor	measured	pinned	7	max_ns	323.771774	27	1.0000	0	0		
rank	lit-l8	(set)	match-compliance	whole-subject	separate artifact	pcrec_a32bc86e_auto-caps-simdna_noaltclsfactor	measured	pinned	7	stddev_ns	1.980758	27	1.0000	0	0		
rank	lit-l8	(set)	match-compliance	whole-subject	separate artifact	pcrec_a32bc86e_auto-caps-simdna_noaltclsfactor	measured	pinned	7	ratio_vs_baseline	1.953033	27	1.0000	0	0		
rank	lit-l8	(set)	match-compliance	whole-subject	separate artifact	pcrec_a32bc86e_auto-caps-simdna_noaltclsfactor	measured	pinned	7	ratio_vs_best	1.953033	27	1.0000	0	0		
rank	lit-l8	(set)	match-compliance	whole-subject	separate artifact	pcrec_a32bc86e_auto-caps-simdna_noaltclsfactor-nolitrun	measured	pinned	8	median_ns	319.677098	27	1.0000	0	0		
rank	lit-l8	(set)	match-compliance	whole-subject	separate artifact	pcrec_a32bc86e_auto-caps-simdna_noaltclsfactor-nolitrun	measured	pinned	8	min_ns	317.853836	27	1.0000	0	0		
rank	lit-l8	(set)	match-compliance	whole-subject	separate artifact	pcrec_a32bc86e_auto-caps-simdna_noaltclsfactor-nolitrun	measured	pinned	8	max_ns	331.547306	27	1.0000	0	0		
rank	lit-l8	(set)	match-compliance	whole-subject	separate artifact	pcrec_a32bc86e_auto-caps-simdna_noaltclsfactor-nolitrun	measured	pinned	8	stddev_ns	5.084949	27	1.0000	0	0		
rank	lit-l8	(set)	match-compliance	whole-subject	separate artifact	pcrec_a32bc86e_auto-caps-simdna_noaltclsfactor-nolitrun	measured	pinned	8	ratio_vs_baseline	1.957470	27	1.0000	0	0		
rank	lit-l8	(set)	match-compliance	whole-subject	separate artifact	pcrec_a32bc86e_auto-caps-simdna_noaltclsfactor-nolitrun	measured	pinned	8	ratio_vs_best	1.957470	27	1.0000	0	0		
rank	lit-l8	(set)	match-compliance	whole-subject	separate artifact	pcrec_a32bc86e_auto-caps-simdna	measured	pinned	9	median_ns	320.333426	27	1.0000	0	0		
rank	lit-l8	(set)	match-compliance	whole-subject	separate artifact	pcrec_a32bc86e_auto-caps-simdna	measured	pinned	9	min_ns	318.785101	27	1.0000	0	0		
rank	lit-l8	(set)	match-compliance	whole-subject	separate artifact	pcrec_a32bc86e_auto-caps-simdna	measured	pinned	9	max_ns	322.299124	27	1.0000	0	0		
rank	lit-l8	(set)	match-compliance	whole-subject	separate artifact	pcrec_a32bc86e_auto-caps-simdna	measured	pinned	9	stddev_ns	1.240192	27	1.0000	0	0		
rank	lit-l8	(set)	match-compliance	whole-subject	separate artifact	pcrec_a32bc86e_auto-caps-simdna	measured	pinned	9	ratio_vs_baseline	1.961489	27	1.0000	0	0		
rank	lit-l8	(set)	match-compliance	whole-subject	separate artifact	pcrec_a32bc86e_auto-caps-simdna	measured	pinned	9	ratio_vs_best	1.961489	27	1.0000	0	0		
rank	lit-l8	(set)	match-compliance	whole-subject	separate artifact	pcrec_a32bc86e_auto-caps-simdna_nolitrun	measured	pinned	10	median_ns	324.811797	27	1.0000	0	0		
rank	lit-l8	(set)	match-compliance	whole-subject	separate artifact	pcrec_a32bc86e_auto-caps-simdna_nolitrun	measured	pinned	10	min_ns	318.723567	27	1.0000	0	0		
rank	lit-l8	(set)	match-compliance	whole-subject	separate artifact	pcrec_a32bc86e_auto-caps-simdna_nolitrun	measured	pinned	10	max_ns	335.155960	27	1.0000	0	0		
rank	lit-l8	(set)	match-compliance	whole-subject	separate artifact	pcrec_a32bc86e_auto-caps-simdna_nolitrun	measured	pinned	10	stddev_ns	5.932117	27	1.0000	0	0		
rank	lit-l8	(set)	match-compliance	whole-subject	separate artifact	pcrec_a32bc86e_auto-caps-simdna_nolitrun	measured	pinned	10	ratio_vs_baseline	1.988912	27	1.0000	0	0		
rank	lit-l8	(set)	match-compliance	whole-subject	separate artifact	pcrec_a32bc86e_auto-caps-simdna_nolitrun	measured	pinned	10	ratio_vs_best	1.988912	27	1.0000	0	0		
rank	lit-l8	(set)	match-compliance	plain	same program	libpcre2_10.46_jit-caps-simdna	measured	pinned	11	median_ns	1254.849813	27	1.0000	0	0		
rank	lit-l8	(set)	match-compliance	plain	same program	libpcre2_10.46_jit-caps-simdna	measured	pinned	11	min_ns	1245.364356	27	1.0000	0	0		
rank	lit-l8	(set)	match-compliance	plain	same program	libpcre2_10.46_jit-caps-simdna	measured	pinned	11	max_ns	1256.881345	27	1.0000	0	0		
rank	lit-l8	(set)	match-compliance	plain	same program	libpcre2_10.46_jit-caps-simdna	measured	pinned	11	stddev_ns	4.062682	27	1.0000	0	0		
rank	lit-l8	(set)	match-compliance	plain	same program	libpcre2_10.46_jit-caps-simdna	measured	pinned	11	ratio_vs_baseline	7.683789	27	1.0000	0	0		
rank	lit-l8	(set)	match-compliance	plain	same program	libpcre2_10.46_jit-caps-simdna	measured	pinned	11	ratio_vs_best	7.683789	27	1.0000	0	0		
baseline	lit-l8	(set)	short-subject-search			pcrec_a32bc86e_vm-caps-simdna_noaltclsfactor				baseline_identity	row-best-fallback					pcrec_a32bc86e_vm-caps-simdna_noaltclsfactor (row-best fallback -- interp absent from this group)	
rank	lit-l8	(set)	short-subject-search	plain	same program	pcrec_a32bc86e_vm-caps-simdna_noaltclsfactor	measured	pinned	1	median_ns	375.150238	27	1.0000	0	0		
rank	lit-l8	(set)	short-subject-search	plain	same program	pcrec_a32bc86e_vm-caps-simdna_noaltclsfactor	measured	pinned	1	min_ns	373.636366	27	1.0000	0	0		
rank	lit-l8	(set)	short-subject-search	plain	same program	pcrec_a32bc86e_vm-caps-simdna_noaltclsfactor	measured	pinned	1	max_ns	378.460826	27	1.0000	0	0		
rank	lit-l8	(set)	short-subject-search	plain	same program	pcrec_a32bc86e_vm-caps-simdna_noaltclsfactor	measured	pinned	1	stddev_ns	1.998072	27	1.0000	0	0		
rank	lit-l8	(set)	short-subject-search	plain	same program	pcrec_a32bc86e_vm-caps-simdna_noaltclsfactor	measured	pinned	1	ratio_vs_baseline	1.000000	27	1.0000	0	0		
rank	lit-l8	(set)	short-subject-search	plain	same program	pcrec_a32bc86e_vm-caps-simdna_noaltclsfactor	measured	pinned	1	ratio_vs_best	1.000000	27	1.0000	0	0		
rank	lit-l8	(set)	short-subject-search	plain	same program	pcrec_a32bc86e_vm-caps-simdna	measured	pinned	2	median_ns	377.243178	27	1.0000	0	0		
rank	lit-l8	(set)	short-subject-search	plain	same program	pcrec_a32bc86e_vm-caps-simdna	measured	pinned	2	min_ns	375.467357	27	1.0000	0	0		
rank	lit-l8	(set)	short-subject-search	plain	same program	pcrec_a32bc86e_vm-caps-simdna	measured	pinned	2	max_ns	382.000619	27	1.0000	0	0		
rank	lit-l8	(set)	short-subject-search	plain	same program	pcrec_a32bc86e_vm-caps-simdna	measured	pinned	2	stddev_ns	2.272740	27	1.0000	0	0		
rank	lit-l8	(set)	short-subject-search	plain	same program	pcrec_a32bc86e_vm-caps-simdna	measured	pinned	2	ratio_vs_baseline	1.005579	27	1.0000	0	0		
rank	lit-l8	(set)	short-subject-search	plain	same program	pcrec_a32bc86e_vm-caps-simdna	measured	pinned	2	ratio_vs_best	1.005579	27	1.0000	0	0		
rank	lit-l8	(set)	short-subject-search	plain	same program	pcrec_a32bc86e_vm-caps-simdna_nolitrun	measured	pinned	3	median_ns	425.290301	27	1.0000	0	0		
rank	lit-l8	(set)	short-subject-search	plain	same program	pcrec_a32bc86e_vm-caps-simdna_nolitrun	measured	pinned	3	min_ns	422.326598	27	1.0000	0	0		
rank	lit-l8	(set)	short-subject-search	plain	same program	pcrec_a32bc86e_vm-caps-simdna_nolitrun	measured	pinned	3	max_ns	432.830021	27	1.0000	0	0		
rank	lit-l8	(set)	short-subject-search	plain	same program	pcrec_a32bc86e_vm-caps-simdna_nolitrun	measured	pinned	3	stddev_ns	4.171436	27	1.0000	0	0		
rank	lit-l8	(set)	short-subject-search	plain	same program	pcrec_a32bc86e_vm-caps-simdna_nolitrun	measured	pinned	3	ratio_vs_baseline	1.133653	27	1.0000	0	0		
rank	lit-l8	(set)	short-subject-search	plain	same program	pcrec_a32bc86e_vm-caps-simdna_nolitrun	measured	pinned	3	ratio_vs_best	1.133653	27	1.0000	0	0		
rank	lit-l8	(set)	short-subject-search	plain	same program	pcrec_a32bc86e_vm-caps-simdna_noaltclsfactor-nolitrun	measured	pinned	4	median_ns	429.960216	27	1.0000	0	0		
rank	lit-l8	(set)	short-subject-search	plain	same program	pcrec_a32bc86e_vm-caps-simdna_noaltclsfactor-nolitrun	measured	pinned	4	min_ns	423.925837	27	1.0000	0	0		
rank	lit-l8	(set)	short-subject-search	plain	same program	pcrec_a32bc86e_vm-caps-simdna_noaltclsfactor-nolitrun	measured	pinned	4	max_ns	434.883198	27	1.0000	0	0		
rank	lit-l8	(set)	short-subject-search	plain	same program	pcrec_a32bc86e_vm-caps-simdna_noaltclsfactor-nolitrun	measured	pinned	4	stddev_ns	3.830953	27	1.0000	0	0		
rank	lit-l8	(set)	short-subject-search	plain	same program	pcrec_a32bc86e_vm-caps-simdna_noaltclsfactor-nolitrun	measured	pinned	4	ratio_vs_baseline	1.146101	27	1.0000	0	0		
rank	lit-l8	(set)	short-subject-search	plain	same program	pcrec_a32bc86e_vm-caps-simdna_noaltclsfactor-nolitrun	measured	pinned	4	ratio_vs_best	1.146101	27	1.0000	0	0		
rank	lit-l8	(set)	short-subject-search	plain	same program	pcrec_a32bc86e_auto-caps-simdna_noaltclsfactor	measured	pinned	5	median_ns	470.915773	27	1.0000	0	0		
rank	lit-l8	(set)	short-subject-search	plain	same program	pcrec_a32bc86e_auto-caps-simdna_noaltclsfactor	measured	pinned	5	min_ns	468.860084	27	1.0000	0	0		
rank	lit-l8	(set)	short-subject-search	plain	same program	pcrec_a32bc86e_auto-caps-simdna_noaltclsfactor	measured	pinned	5	max_ns	471.634809	27	1.0000	0	0		
rank	lit-l8	(set)	short-subject-search	plain	same program	pcrec_a32bc86e_auto-caps-simdna_noaltclsfactor	measured	pinned	5	stddev_ns	0.997458	27	1.0000	0	0		
rank	lit-l8	(set)	short-subject-search	plain	same program	pcrec_a32bc86e_auto-caps-simdna_noaltclsfactor	measured	pinned	5	ratio_vs_baseline	1.255272	27	1.0000	0	0		
rank	lit-l8	(set)	short-subject-search	plain	same program	pcrec_a32bc86e_auto-caps-simdna_noaltclsfactor	measured	pinned	5	ratio_vs_best	1.255272	27	1.0000	0	0		
rank	lit-l8	(set)	short-subject-search	plain	same program	pcrec_a32bc86e_auto-caps-simdna_nolitrun	measured	pinned	6	median_ns	470.978442	27	1.0000	0	0		
rank	lit-l8	(set)	short-subject-search	plain	same program	pcrec_a32bc86e_auto-caps-simdna_nolitrun	measured	pinned	6	min_ns	470.356442	27	1.0000	0	0		
rank	lit-l8	(set)	short-subject-search	plain	same program	pcrec_a32bc86e_auto-caps-simdna_nolitrun	measured	pinned	6	max_ns	471.622696	27	1.0000	0	0		
rank	lit-l8	(set)	short-subject-search	plain	same program	pcrec_a32bc86e_auto-caps-simdna_nolitrun	measured	pinned	6	stddev_ns	0.487086	27	1.0000	0	0		
rank	lit-l8	(set)	short-subject-search	plain	same program	pcrec_a32bc86e_auto-caps-simdna_nolitrun	measured	pinned	6	ratio_vs_baseline	1.255440	27	1.0000	0	0		
rank	lit-l8	(set)	short-subject-search	plain	same program	pcrec_a32bc86e_auto-caps-simdna_nolitrun	measured	pinned	6	ratio_vs_best	1.255440	27	1.0000	0	0		
rank	lit-l8	(set)	short-subject-search	plain	same program	pcrec_a32bc86e_auto-caps-simdna	measured	pinned	7	median_ns	471.243337	27	1.0000	0	0		
rank	lit-l8	(set)	short-subject-search	plain	same program	pcrec_a32bc86e_auto-caps-simdna	measured	pinned	7	min_ns	469.890981	27	1.0000	0	0		
rank	lit-l8	(set)	short-subject-search	plain	same program	pcrec_a32bc86e_auto-caps-simdna	measured	pinned	7	max_ns	472.338887	27	1.0000	0	0		
rank	lit-l8	(set)	short-subject-search	plain	same program	pcrec_a32bc86e_auto-caps-simdna	measured	pinned	7	stddev_ns	0.818026	27	1.0000	0	0		
rank	lit-l8	(set)	short-subject-search	plain	same program	pcrec_a32bc86e_auto-caps-simdna	measured	pinned	7	ratio_vs_baseline	1.256146	27	1.0000	0	0		
rank	lit-l8	(set)	short-subject-search	plain	same program	pcrec_a32bc86e_auto-caps-simdna	measured	pinned	7	ratio_vs_best	1.256146	27	1.0000	0	0		
rank	lit-l8	(set)	short-subject-search	plain	same program	pcrec_a32bc86e_auto-caps-simdna_noaltclsfactor-nolitrun	measured	pinned	8	median_ns	472.996169	27	1.0000	0	0		
rank	lit-l8	(set)	short-subject-search	plain	same program	pcrec_a32bc86e_auto-caps-simdna_noaltclsfactor-nolitrun	measured	pinned	8	min_ns	471.874338	27	1.0000	0	0		
rank	lit-l8	(set)	short-subject-search	plain	same program	pcrec_a32bc86e_auto-caps-simdna_noaltclsfactor-nolitrun	measured	pinned	8	max_ns	474.468125	27	1.0000	0	0		
rank	lit-l8	(set)	short-subject-search	plain	same program	pcrec_a32bc86e_auto-caps-simdna_noaltclsfactor-nolitrun	measured	pinned	8	stddev_ns	0.861961	27	1.0000	0	0		
rank	lit-l8	(set)	short-subject-search	plain	same program	pcrec_a32bc86e_auto-caps-simdna_noaltclsfactor-nolitrun	measured	pinned	8	ratio_vs_baseline	1.260818	27	1.0000	0	0		
rank	lit-l8	(set)	short-subject-search	plain	same program	pcrec_a32bc86e_auto-caps-simdna_noaltclsfactor-nolitrun	measured	pinned	8	ratio_vs_best	1.260818	27	1.0000	0	0		
rank	lit-l8	(set)	short-subject-search	plain	same program	pcrec_a32bc86e_vm-caps-simdna_noreqbyte-noreqrun	measured	pinned	9	median_ns	477.641184	27	1.0000	0	0		
rank	lit-l8	(set)	short-subject-search	plain	same program	pcrec_a32bc86e_vm-caps-simdna_noreqbyte-noreqrun	measured	pinned	9	min_ns	474.121837	27	1.0000	0	0		
rank	lit-l8	(set)	short-subject-search	plain	same program	pcrec_a32bc86e_vm-caps-simdna_noreqbyte-noreqrun	measured	pinned	9	max_ns	484.014878	27	1.0000	0	0		
rank	lit-l8	(set)	short-subject-search	plain	same program	pcrec_a32bc86e_vm-caps-simdna_noreqbyte-noreqrun	measured	pinned	9	stddev_ns	3.397865	27	1.0000	0	0		
rank	lit-l8	(set)	short-subject-search	plain	same program	pcrec_a32bc86e_vm-caps-simdna_noreqbyte-noreqrun	measured	pinned	9	ratio_vs_baseline	1.273200	27	1.0000	0	0		
rank	lit-l8	(set)	short-subject-search	plain	same program	pcrec_a32bc86e_vm-caps-simdna_noreqbyte-noreqrun	measured	pinned	9	ratio_vs_best	1.273200	27	1.0000	0	0		
rank	lit-l8	(set)	short-subject-search	plain	same program	pcrec_a32bc86e_vm-caps-simdna_noreqbyte-noreqrun-nolitrun	measured	pinned	10	median_ns	509.819510	27	1.0000	0	0		
rank	lit-l8	(set)	short-subject-search	plain	same program	pcrec_a32bc86e_vm-caps-simdna_noreqbyte-noreqrun-nolitrun	measured	pinned	10	min_ns	502.174788	27	1.0000	0	0		
rank	lit-l8	(set)	short-subject-search	plain	same program	pcrec_a32bc86e_vm-caps-simdna_noreqbyte-noreqrun-nolitrun	measured	pinned	10	max_ns	620.949840	27	1.0000	0	0		
rank	lit-l8	(set)	short-subject-search	plain	same program	pcrec_a32bc86e_vm-caps-simdna_noreqbyte-noreqrun-nolitrun	measured	pinned	10	stddev_ns	45.312023	27	1.0000	0	0		
rank	lit-l8	(set)	short-subject-search	plain	same program	pcrec_a32bc86e_vm-caps-simdna_noreqbyte-noreqrun-nolitrun	measured	pinned	10	ratio_vs_baseline	1.358974	27	1.0000	0	0		
rank	lit-l8	(set)	short-subject-search	plain	same program	pcrec_a32bc86e_vm-caps-simdna_noreqbyte-noreqrun-nolitrun	measured	pinned	10	ratio_vs_best	1.358974	27	1.0000	0	0		
rank	lit-l8	(set)	short-subject-search	plain	same program	libpcre2_10.46_jit-caps-simdna	measured	pinned	11	median_ns	1111.025597	27	1.0000	0	0		
rank	lit-l8	(set)	short-subject-search	plain	same program	libpcre2_10.46_jit-caps-simdna	measured	pinned	11	min_ns	1092.853783	27	1.0000	0	0		
rank	lit-l8	(set)	short-subject-search	plain	same program	libpcre2_10.46_jit-caps-simdna	measured	pinned	11	max_ns	1317.045902	27	1.0000	0	0		
rank	lit-l8	(set)	short-subject-search	plain	same program	libpcre2_10.46_jit-caps-simdna	measured	pinned	11	stddev_ns	83.791975	27	1.0000	0	0		
rank	lit-l8	(set)	short-subject-search	plain	same program	libpcre2_10.46_jit-caps-simdna	measured	pinned	11	ratio_vs_baseline	2.961548	27	1.0000	0	0		
rank	lit-l8	(set)	short-subject-search	plain	same program	libpcre2_10.46_jit-caps-simdna	measured	pinned	11	ratio_vs_best	2.961548	27	1.0000	0	0		
baseline	wild-secrets-aws-access-key-id	(set)	large-subject-throughput			libpcre2_10.46_jit-caps-simdna				baseline_identity	row-best-fallback					libpcre2_10.46_jit-caps-simdna (row-best fallback -- interp absent from this group)	
rank	wild-secrets-aws-access-key-id	(set)	large-subject-throughput	plain	same program	libpcre2_10.46_jit-caps-simdna	measured	pinned	1	median_ns	155516.431625	27	1.0000	0	0		
rank	wild-secrets-aws-access-key-id	(set)	large-subject-throughput	plain	same program	libpcre2_10.46_jit-caps-simdna	measured	pinned	1	min_ns	155452.470556	27	1.0000	0	0		
rank	wild-secrets-aws-access-key-id	(set)	large-subject-throughput	plain	same program	libpcre2_10.46_jit-caps-simdna	measured	pinned	1	max_ns	155558.390046	27	1.0000	0	0		
rank	wild-secrets-aws-access-key-id	(set)	large-subject-throughput	plain	same program	libpcre2_10.46_jit-caps-simdna	measured	pinned	1	stddev_ns	36.734837	27	1.0000	0	0		
rank	wild-secrets-aws-access-key-id	(set)	large-subject-throughput	plain	same program	libpcre2_10.46_jit-caps-simdna	measured	pinned	1	ratio_vs_baseline	1.000000	27	1.0000	0	0		
rank	wild-secrets-aws-access-key-id	(set)	large-subject-throughput	plain	same program	libpcre2_10.46_jit-caps-simdna	measured	pinned	1	ratio_vs_best	1.000000	27	1.0000	0	0		
rank	wild-secrets-aws-access-key-id	(set)	large-subject-throughput	plain	same program	pcrec_a32bc86e_auto-caps-simdna_noaltclsfactor-nolitrun	measured	pinned	2	median_ns	778445.869569	27	1.0000	0	0		
rank	wild-secrets-aws-access-key-id	(set)	large-subject-throughput	plain	same program	pcrec_a32bc86e_auto-caps-simdna_noaltclsfactor-nolitrun	measured	pinned	2	min_ns	778425.062038	27	1.0000	0	0		
rank	wild-secrets-aws-access-key-id	(set)	large-subject-throughput	plain	same program	pcrec_a32bc86e_auto-caps-simdna_noaltclsfactor-nolitrun	measured	pinned	2	max_ns	778484.871687	27	1.0000	0	0		
rank	wild-secrets-aws-access-key-id	(set)	large-subject-throughput	plain	same program	pcrec_a32bc86e_auto-caps-simdna_noaltclsfactor-nolitrun	measured	pinned	2	stddev_ns	19.498771	27	1.0000	0	0		
rank	wild-secrets-aws-access-key-id	(set)	large-subject-throughput	plain	same program	pcrec_a32bc86e_auto-caps-simdna_noaltclsfactor-nolitrun	measured	pinned	2	ratio_vs_baseline	5.005554	27	1.0000	0	0		
rank	wild-secrets-aws-access-key-id	(set)	large-subject-throughput	plain	same program	pcrec_a32bc86e_auto-caps-simdna_noaltclsfactor-nolitrun	measured	pinned	2	ratio_vs_best	5.005554	27	1.0000	0	0		
rank	wild-secrets-aws-access-key-id	(set)	large-subject-throughput	plain	same program	pcrec_a32bc86e_auto-caps-simdna_noaltclsfactor	measured	pinned	3	median_ns	778622.997122	27	1.0000	0	0		
rank	wild-secrets-aws-access-key-id	(set)	large-subject-throughput	plain	same program	pcrec_a32bc86e_auto-caps-simdna_noaltclsfactor	measured	pinned	3	min_ns	778397.022224	27	1.0000	0	0		
rank	wild-secrets-aws-access-key-id	(set)	large-subject-throughput	plain	same program	pcrec_a32bc86e_auto-caps-simdna_noaltclsfactor	measured	pinned	3	max_ns	778806.616276	27	1.0000	0	0		
rank	wild-secrets-aws-access-key-id	(set)	large-subject-throughput	plain	same program	pcrec_a32bc86e_auto-caps-simdna_noaltclsfactor	measured	pinned	3	stddev_ns	136.022614	27	1.0000	0	0		
rank	wild-secrets-aws-access-key-id	(set)	large-subject-throughput	plain	same program	pcrec_a32bc86e_auto-caps-simdna_noaltclsfactor	measured	pinned	3	ratio_vs_baseline	5.006693	27	1.0000	0	0		
rank	wild-secrets-aws-access-key-id	(set)	large-subject-throughput	plain	same program	pcrec_a32bc86e_auto-caps-simdna_noaltclsfactor	measured	pinned	3	ratio_vs_best	5.006693	27	1.0000	0	0		
rank	wild-secrets-aws-access-key-id	(set)	large-subject-throughput	plain	same program	pcrec_a32bc86e_auto-caps-simdna	measured	pinned	4	median_ns	780057.508568	27	1.0000	0	0		
rank	wild-secrets-aws-access-key-id	(set)	large-subject-throughput	plain	same program	pcrec_a32bc86e_auto-caps-simdna	measured	pinned	4	min_ns	780026.069150	27	1.0000	0	0		
rank	wild-secrets-aws-access-key-id	(set)	large-subject-throughput	plain	same program	pcrec_a32bc86e_auto-caps-simdna	measured	pinned	4	max_ns	780204.392222	27	1.0000	0	0		
rank	wild-secrets-aws-access-key-id	(set)	large-subject-throughput	plain	same program	pcrec_a32bc86e_auto-caps-simdna	measured	pinned	4	stddev_ns	78.603903	27	1.0000	0	0		
rank	wild-secrets-aws-access-key-id	(set)	large-subject-throughput	plain	same program	pcrec_a32bc86e_auto-caps-simdna	measured	pinned	4	ratio_vs_baseline	5.015917	27	1.0000	0	0		
rank	wild-secrets-aws-access-key-id	(set)	large-subject-throughput	plain	same program	pcrec_a32bc86e_auto-caps-simdna	measured	pinned	4	ratio_vs_best	5.015917	27	1.0000	0	0		
rank	wild-secrets-aws-access-key-id	(set)	large-subject-throughput	plain	same program	pcrec_a32bc86e_auto-caps-simdna_nolitrun	measured	pinned	5	median_ns	780137.841303	27	1.0000	0	0		
rank	wild-secrets-aws-access-key-id	(set)	large-subject-throughput	plain	same program	pcrec_a32bc86e_auto-caps-simdna_nolitrun	measured	pinned	5	min_ns	780016.933058	27	1.0000	0	0		
rank	wild-secrets-aws-access-key-id	(set)	large-subject-throughput	plain	same program	pcrec_a32bc86e_auto-caps-simdna_nolitrun	measured	pinned	5	max_ns	781153.844589	27	1.0000	0	0		
rank	wild-secrets-aws-access-key-id	(set)	large-subject-throughput	plain	same program	pcrec_a32bc86e_auto-caps-simdna_nolitrun	measured	pinned	5	stddev_ns	427.188483	27	1.0000	0	0		
rank	wild-secrets-aws-access-key-id	(set)	large-subject-throughput	plain	same program	pcrec_a32bc86e_auto-caps-simdna_nolitrun	measured	pinned	5	ratio_vs_baseline	5.016434	27	1.0000	0	0		
rank	wild-secrets-aws-access-key-id	(set)	large-subject-throughput	plain	same program	pcrec_a32bc86e_auto-caps-simdna_nolitrun	measured	pinned	5	ratio_vs_best	5.016434	27	1.0000	0	0		
rank	wild-secrets-aws-access-key-id	(set)	large-subject-throughput	plain	same program	pcrec_a32bc86e_vm-caps-simdna_nolitrun	measured	pinned	6	median_ns	1555624.207398	27	1.0000	0	0		
rank	wild-secrets-aws-access-key-id	(set)	large-subject-throughput	plain	same program	pcrec_a32bc86e_vm-caps-simdna_nolitrun	measured	pinned	6	min_ns	1554921.473069	27	1.0000	0	0		
rank	wild-secrets-aws-access-key-id	(set)	large-subject-throughput	plain	same program	pcrec_a32bc86e_vm-caps-simdna_nolitrun	measured	pinned	6	max_ns	1557397.232317	27	1.0000	0	0		
rank	wild-secrets-aws-access-key-id	(set)	large-subject-throughput	plain	same program	pcrec_a32bc86e_vm-caps-simdna_nolitrun	measured	pinned	6	stddev_ns	846.559434	27	1.0000	0	0		
rank	wild-secrets-aws-access-key-id	(set)	large-subject-throughput	plain	same program	pcrec_a32bc86e_vm-caps-simdna_nolitrun	measured	pinned	6	ratio_vs_baseline	10.002957	27	1.0000	0	0		
rank	wild-secrets-aws-access-key-id	(set)	large-subject-throughput	plain	same program	pcrec_a32bc86e_vm-caps-simdna_nolitrun	measured	pinned	6	ratio_vs_best	10.002957	27	1.0000	0	0		
rank	wild-secrets-aws-access-key-id	(set)	large-subject-throughput	plain	same program	pcrec_a32bc86e_vm-caps-simdna	measured	pinned	7	median_ns	1564792.864140	27	1.0000	0	0		
rank	wild-secrets-aws-access-key-id	(set)	large-subject-throughput	plain	same program	pcrec_a32bc86e_vm-caps-simdna	measured	pinned	7	min_ns	1564242.973176	27	1.0000	0	0		
rank	wild-secrets-aws-access-key-id	(set)	large-subject-throughput	plain	same program	pcrec_a32bc86e_vm-caps-simdna	measured	pinned	7	max_ns	1567777.725827	27	1.0000	0	0		
rank	wild-secrets-aws-access-key-id	(set)	large-subject-throughput	plain	same program	pcrec_a32bc86e_vm-caps-simdna	measured	pinned	7	stddev_ns	1308.053057	27	1.0000	0	0		
rank	wild-secrets-aws-access-key-id	(set)	large-subject-throughput	plain	same program	pcrec_a32bc86e_vm-caps-simdna	measured	pinned	7	ratio_vs_baseline	10.061913	27	1.0000	0	0		
rank	wild-secrets-aws-access-key-id	(set)	large-subject-throughput	plain	same program	pcrec_a32bc86e_vm-caps-simdna	measured	pinned	7	ratio_vs_best	10.061913	27	1.0000	0	0		
rank	wild-secrets-aws-access-key-id	(set)	large-subject-throughput	plain	same program	pcrec_a32bc86e_vm-caps-simdna_noaltclsfactor-nolitrun	measured	pinned	8	median_ns	2065430.820959	27	1.0000	0	0		
rank	wild-secrets-aws-access-key-id	(set)	large-subject-throughput	plain	same program	pcrec_a32bc86e_vm-caps-simdna_noaltclsfactor-nolitrun	measured	pinned	8	min_ns	2064412.955162	27	1.0000	0	0		
rank	wild-secrets-aws-access-key-id	(set)	large-subject-throughput	plain	same program	pcrec_a32bc86e_vm-caps-simdna_noaltclsfactor-nolitrun	measured	pinned	8	max_ns	2089330.613764	27	1.0000	0	0		
rank	wild-secrets-aws-access-key-id	(set)	large-subject-throughput	plain	same program	pcrec_a32bc86e_vm-caps-simdna_noaltclsfactor-nolitrun	measured	pinned	8	stddev_ns	9514.564568	27	1.0000	0	0		
rank	wild-secrets-aws-access-key-id	(set)	large-subject-throughput	plain	same program	pcrec_a32bc86e_vm-caps-simdna_noaltclsfactor-nolitrun	measured	pinned	8	ratio_vs_baseline	13.281110	27	1.0000	0	0		
rank	wild-secrets-aws-access-key-id	(set)	large-subject-throughput	plain	same program	pcrec_a32bc86e_vm-caps-simdna_noaltclsfactor-nolitrun	measured	pinned	8	ratio_vs_best	13.281110	27	1.0000	0	0		
rank	wild-secrets-aws-access-key-id	(set)	large-subject-throughput	plain	same program	pcrec_a32bc86e_vm-caps-simdna_noaltclsfactor	measured	pinned	9	median_ns	2109752.443493	27	1.0000	0	0		
rank	wild-secrets-aws-access-key-id	(set)	large-subject-throughput	plain	same program	pcrec_a32bc86e_vm-caps-simdna_noaltclsfactor	measured	pinned	9	min_ns	2097815.144097	27	1.0000	0	0		
rank	wild-secrets-aws-access-key-id	(set)	large-subject-throughput	plain	same program	pcrec_a32bc86e_vm-caps-simdna_noaltclsfactor	measured	pinned	9	max_ns	2110234.277320	27	1.0000	0	0		
rank	wild-secrets-aws-access-key-id	(set)	large-subject-throughput	plain	same program	pcrec_a32bc86e_vm-caps-simdna_noaltclsfactor	measured	pinned	9	stddev_ns	4753.975670	27	1.0000	0	0		
rank	wild-secrets-aws-access-key-id	(set)	large-subject-throughput	plain	same program	pcrec_a32bc86e_vm-caps-simdna_noaltclsfactor	measured	pinned	9	ratio_vs_baseline	13.566106	27	1.0000	0	0		
rank	wild-secrets-aws-access-key-id	(set)	large-subject-throughput	plain	same program	pcrec_a32bc86e_vm-caps-simdna_noaltclsfactor	measured	pinned	9	ratio_vs_best	13.566106	27	1.0000	0	0		
rank	wild-secrets-aws-access-key-id	(set)	large-subject-throughput	plain	same program	pcrec_a32bc86e_vm-caps-simdna_noreqbyte-noreqrun	measured	pinned	10	median_ns	7759758.389474	27	1.0000	0	0		
rank	wild-secrets-aws-access-key-id	(set)	large-subject-throughput	plain	same program	pcrec_a32bc86e_vm-caps-simdna_noreqbyte-noreqrun	measured	pinned	10	min_ns	7742418.889474	27	1.0000	0	0		
rank	wild-secrets-aws-access-key-id	(set)	large-subject-throughput	plain	same program	pcrec_a32bc86e_vm-caps-simdna_noreqbyte-noreqrun	measured	pinned	10	max_ns	7774869.378947	27	1.0000	0	0		
rank	wild-secrets-aws-access-key-id	(set)	large-subject-throughput	plain	same program	pcrec_a32bc86e_vm-caps-simdna_noreqbyte-noreqrun	measured	pinned	10	stddev_ns	10783.755564	27	1.0000	0	0		
rank	wild-secrets-aws-access-key-id	(set)	large-subject-throughput	plain	same program	pcrec_a32bc86e_vm-caps-simdna_noreqbyte-noreqrun	measured	pinned	10	ratio_vs_baseline	49.896711	27	1.0000	0	0		
rank	wild-secrets-aws-access-key-id	(set)	large-subject-throughput	plain	same program	pcrec_a32bc86e_vm-caps-simdna_noreqbyte-noreqrun	measured	pinned	10	ratio_vs_best	49.896711	27	1.0000	0	0		
rank	wild-secrets-aws-access-key-id	(set)	large-subject-throughput	plain	same program	pcrec_a32bc86e_vm-caps-simdna_noreqbyte-noreqrun-nolitrun	measured	pinned	11	median_ns	7836921.016575	27	1.0000	0	0		
rank	wild-secrets-aws-access-key-id	(set)	large-subject-throughput	plain	same program	pcrec_a32bc86e_vm-caps-simdna_noreqbyte-noreqrun-nolitrun	measured	pinned	11	min_ns	7776696.165746	27	1.0000	0	0		
rank	wild-secrets-aws-access-key-id	(set)	large-subject-throughput	plain	same program	pcrec_a32bc86e_vm-caps-simdna_noreqbyte-noreqrun-nolitrun	measured	pinned	11	max_ns	7902726.276243	27	1.0000	0	0		
rank	wild-secrets-aws-access-key-id	(set)	large-subject-throughput	plain	same program	pcrec_a32bc86e_vm-caps-simdna_noreqbyte-noreqrun-nolitrun	measured	pinned	11	stddev_ns	46350.338824	27	1.0000	0	0		
rank	wild-secrets-aws-access-key-id	(set)	large-subject-throughput	plain	same program	pcrec_a32bc86e_vm-caps-simdna_noreqbyte-noreqrun-nolitrun	measured	pinned	11	ratio_vs_baseline	50.392881	27	1.0000	0	0		
rank	wild-secrets-aws-access-key-id	(set)	large-subject-throughput	plain	same program	pcrec_a32bc86e_vm-caps-simdna_noreqbyte-noreqrun-nolitrun	measured	pinned	11	ratio_vs_best	50.392881	27	1.0000	0	0		
baseline	wild-secrets-aws-access-key-id	(set)	match-compliance			pcrec_a32bc86e_vm-caps-simdna_noreqbyte-noreqrun				baseline_identity	row-best-fallback					pcrec_a32bc86e_vm-caps-simdna_noreqbyte-noreqrun (row-best fallback -- interp absent from this group)	
rank	wild-secrets-aws-access-key-id	(set)	match-compliance	whole-subject	separate artifact	pcrec_a32bc86e_vm-caps-simdna_noreqbyte-noreqrun	measured	pinned	1	median_ns	327.918313	27	1.0000	0	0		
rank	wild-secrets-aws-access-key-id	(set)	match-compliance	whole-subject	separate artifact	pcrec_a32bc86e_vm-caps-simdna_noreqbyte-noreqrun	measured	pinned	1	min_ns	327.686934	27	1.0000	0	0		
rank	wild-secrets-aws-access-key-id	(set)	match-compliance	whole-subject	separate artifact	pcrec_a32bc86e_vm-caps-simdna_noreqbyte-noreqrun	measured	pinned	1	max_ns	328.669617	27	1.0000	0	0		
rank	wild-secrets-aws-access-key-id	(set)	match-compliance	whole-subject	separate artifact	pcrec_a32bc86e_vm-caps-simdna_noreqbyte-noreqrun	measured	pinned	1	stddev_ns	0.344352	27	1.0000	0	0		
rank	wild-secrets-aws-access-key-id	(set)	match-compliance	whole-subject	separate artifact	pcrec_a32bc86e_vm-caps-simdna_noreqbyte-noreqrun	measured	pinned	1	ratio_vs_baseline	1.000000	27	1.0000	0	0		
rank	wild-secrets-aws-access-key-id	(set)	match-compliance	whole-subject	separate artifact	pcrec_a32bc86e_vm-caps-simdna_noreqbyte-noreqrun	measured	pinned	1	ratio_vs_best	1.000000	27	1.0000	0	0		
rank	wild-secrets-aws-access-key-id	(set)	match-compliance	whole-subject	separate artifact	pcrec_a32bc86e_auto-caps-simdna_nolitrun	measured	pinned	2	median_ns	337.622023	27	1.0000	0	0		
rank	wild-secrets-aws-access-key-id	(set)	match-compliance	whole-subject	separate artifact	pcrec_a32bc86e_auto-caps-simdna_nolitrun	measured	pinned	2	min_ns	333.231647	27	1.0000	0	0		
rank	wild-secrets-aws-access-key-id	(set)	match-compliance	whole-subject	separate artifact	pcrec_a32bc86e_auto-caps-simdna_nolitrun	measured	pinned	2	max_ns	342.091849	27	1.0000	0	0		
rank	wild-secrets-aws-access-key-id	(set)	match-compliance	whole-subject	separate artifact	pcrec_a32bc86e_auto-caps-simdna_nolitrun	measured	pinned	2	stddev_ns	3.389914	27	1.0000	0	0		
rank	wild-secrets-aws-access-key-id	(set)	match-compliance	whole-subject	separate artifact	pcrec_a32bc86e_auto-caps-simdna_nolitrun	measured	pinned	2	ratio_vs_baseline	1.029592	27	1.0000	0	0		
rank	wild-secrets-aws-access-key-id	(set)	match-compliance	whole-subject	separate artifact	pcrec_a32bc86e_auto-caps-simdna_nolitrun	measured	pinned	2	ratio_vs_best	1.029592	27	1.0000	0	0		
rank	wild-secrets-aws-access-key-id	(set)	match-compliance	whole-subject	separate artifact	pcrec_a32bc86e_vm-caps-simdna_noreqbyte-noreqrun-nolitrun	measured	pinned	3	median_ns	341.271876	27	1.0000	0	0		
rank	wild-secrets-aws-access-key-id	(set)	match-compliance	whole-subject	separate artifact	pcrec_a32bc86e_vm-caps-simdna_noreqbyte-noreqrun-nolitrun	measured	pinned	3	min_ns	341.163144	27	1.0000	0	0		
rank	wild-secrets-aws-access-key-id	(set)	match-compliance	whole-subject	separate artifact	pcrec_a32bc86e_vm-caps-simdna_noreqbyte-noreqrun-nolitrun	measured	pinned	3	max_ns	341.483886	27	1.0000	0	0		
rank	wild-secrets-aws-access-key-id	(set)	match-compliance	whole-subject	separate artifact	pcrec_a32bc86e_vm-caps-simdna_noreqbyte-noreqrun-nolitrun	measured	pinned	3	stddev_ns	0.130463	27	1.0000	0	0		
rank	wild-secrets-aws-access-key-id	(set)	match-compliance	whole-subject	separate artifact	pcrec_a32bc86e_vm-caps-simdna_noreqbyte-noreqrun-nolitrun	measured	pinned	3	ratio_vs_baseline	1.040722	27	1.0000	0	0		
rank	wild-secrets-aws-access-key-id	(set)	match-compliance	whole-subject	separate artifact	pcrec_a32bc86e_vm-caps-simdna_noreqbyte-noreqrun-nolitrun	measured	pinned	3	ratio_vs_best	1.040722	27	1.0000	0	0		
rank	wild-secrets-aws-access-key-id	(set)	match-compliance	whole-subject	separate artifact	pcrec_a32bc86e_auto-caps-simdna	measured	pinned	4	median_ns	342.644551	27	1.0000	0	0		
rank	wild-secrets-aws-access-key-id	(set)	match-compliance	whole-subject	separate artifact	pcrec_a32bc86e_auto-caps-simdna	measured	pinned	4	min_ns	342.505198	27	1.0000	0	0		
rank	wild-secrets-aws-access-key-id	(set)	match-compliance	whole-subject	separate artifact	pcrec_a32bc86e_auto-caps-simdna	measured	pinned	4	max_ns	343.257846	27	1.0000	0	0		
rank	wild-secrets-aws-access-key-id	(set)	match-compliance	whole-subject	separate artifact	pcrec_a32bc86e_auto-caps-simdna	measured	pinned	4	stddev_ns	0.264407	27	1.0000	0	0		
rank	wild-secrets-aws-access-key-id	(set)	match-compliance	whole-subject	separate artifact	pcrec_a32bc86e_auto-caps-simdna	measured	pinned	4	ratio_vs_baseline	1.044908	27	1.0000	0	0		
rank	wild-secrets-aws-access-key-id	(set)	match-compliance	whole-subject	separate artifact	pcrec_a32bc86e_auto-caps-simdna	measured	pinned	4	ratio_vs_best	1.044908	27	1.0000	0	0		
rank	wild-secrets-aws-access-key-id	(set)	match-compliance	whole-subject	separate artifact	pcrec_a32bc86e_vm-caps-simdna	measured	pinned	5	median_ns	342.822585	27	1.0000	0	0		
rank	wild-secrets-aws-access-key-id	(set)	match-compliance	whole-subject	separate artifact	pcrec_a32bc86e_vm-caps-simdna	measured	pinned	5	min_ns	342.203574	27	1.0000	0	0		
rank	wild-secrets-aws-access-key-id	(set)	match-compliance	whole-subject	separate artifact	pcrec_a32bc86e_vm-caps-simdna	measured	pinned	5	max_ns	343.523648	27	1.0000	0	0		
rank	wild-secrets-aws-access-key-id	(set)	match-compliance	whole-subject	separate artifact	pcrec_a32bc86e_vm-caps-simdna	measured	pinned	5	stddev_ns	0.464797	27	1.0000	0	0		
rank	wild-secrets-aws-access-key-id	(set)	match-compliance	whole-subject	separate artifact	pcrec_a32bc86e_vm-caps-simdna	measured	pinned	5	ratio_vs_baseline	1.045451	27	1.0000	0	0		
rank	wild-secrets-aws-access-key-id	(set)	match-compliance	whole-subject	separate artifact	pcrec_a32bc86e_vm-caps-simdna	measured	pinned	5	ratio_vs_best	1.045451	27	1.0000	0	0		
rank	wild-secrets-aws-access-key-id	(set)	match-compliance	whole-subject	separate artifact	pcrec_a32bc86e_vm-caps-simdna_nolitrun	measured	pinned	6	median_ns	344.148314	27	1.0000	0	0		
rank	wild-secrets-aws-access-key-id	(set)	match-compliance	whole-subject	separate artifact	pcrec_a32bc86e_vm-caps-simdna_nolitrun	measured	pinned	6	min_ns	336.178885	27	1.0000	0	0		
rank	wild-secrets-aws-access-key-id	(set)	match-compliance	whole-subject	separate artifact	pcrec_a32bc86e_vm-caps-simdna_nolitrun	measured	pinned	6	max_ns	345.407511	27	1.0000	0	0		
rank	wild-secrets-aws-access-key-id	(set)	match-compliance	whole-subject	separate artifact	pcrec_a32bc86e_vm-caps-simdna_nolitrun	measured	pinned	6	stddev_ns	3.440221	27	1.0000	0	0		
rank	wild-secrets-aws-access-key-id	(set)	match-compliance	whole-subject	separate artifact	pcrec_a32bc86e_vm-caps-simdna_nolitrun	measured	pinned	6	ratio_vs_baseline	1.049494	27	1.0000	0	0		
rank	wild-secrets-aws-access-key-id	(set)	match-compliance	whole-subject	separate artifact	pcrec_a32bc86e_vm-caps-simdna_nolitrun	measured	pinned	6	ratio_vs_best	1.049494	27	1.0000	0	0		
rank	wild-secrets-aws-access-key-id	(set)	match-compliance	whole-subject	separate artifact	pcrec_a32bc86e_auto-caps-simdna_noaltclsfactor	measured	pinned	7	median_ns	966.074329	27	1.0000	0	0		
rank	wild-secrets-aws-access-key-id	(set)	match-compliance	whole-subject	separate artifact	pcrec_a32bc86e_auto-caps-simdna_noaltclsfactor	measured	pinned	7	min_ns	964.546566	27	1.0000	0	0		
rank	wild-secrets-aws-access-key-id	(set)	match-compliance	whole-subject	separate artifact	pcrec_a32bc86e_auto-caps-simdna_noaltclsfactor	measured	pinned	7	max_ns	1029.059026	27	1.0000	0	0		
rank	wild-secrets-aws-access-key-id	(set)	match-compliance	whole-subject	separate artifact	pcrec_a32bc86e_auto-caps-simdna_noaltclsfactor	measured	pinned	7	stddev_ns	25.442645	27	1.0000	0	0		
rank	wild-secrets-aws-access-key-id	(set)	match-compliance	whole-subject	separate artifact	pcrec_a32bc86e_auto-caps-simdna_noaltclsfactor	measured	pinned	7	ratio_vs_baseline	2.946082	27	1.0000	0	0		
rank	wild-secrets-aws-access-key-id	(set)	match-compliance	whole-subject	separate artifact	pcrec_a32bc86e_auto-caps-simdna_noaltclsfactor	measured	pinned	7	ratio_vs_best	2.946082	27	1.0000	0	0		
rank	wild-secrets-aws-access-key-id	(set)	match-compliance	whole-subject	separate artifact	pcrec_a32bc86e_vm-caps-simdna_noaltclsfactor	measured	pinned	8	median_ns	967.218026	27	1.0000	0	0		
rank	wild-secrets-aws-access-key-id	(set)	match-compliance	whole-subject	separate artifact	pcrec_a32bc86e_vm-caps-simdna_noaltclsfactor	measured	pinned	8	min_ns	966.188262	27	1.0000	0	0		
rank	wild-secrets-aws-access-key-id	(set)	match-compliance	whole-subject	separate artifact	pcrec_a32bc86e_vm-caps-simdna_noaltclsfactor	measured	pinned	8	max_ns	979.964526	27	1.0000	0	0		
rank	wild-secrets-aws-access-key-id	(set)	match-compliance	whole-subject	separate artifact	pcrec_a32bc86e_vm-caps-simdna_noaltclsfactor	measured	pinned	8	stddev_ns	5.243713	27	1.0000	0	0		
rank	wild-secrets-aws-access-key-id	(set)	match-compliance	whole-subject	separate artifact	pcrec_a32bc86e_vm-caps-simdna_noaltclsfactor	measured	pinned	8	ratio_vs_baseline	2.949570	27	1.0000	0	0		
rank	wild-secrets-aws-access-key-id	(set)	match-compliance	whole-subject	separate artifact	pcrec_a32bc86e_vm-caps-simdna_noaltclsfactor	measured	pinned	8	ratio_vs_best	2.949570	27	1.0000	0	0		
rank	wild-secrets-aws-access-key-id	(set)	match-compliance	whole-subject	separate artifact	pcrec_a32bc86e_auto-caps-simdna_noaltclsfactor-nolitrun	measured	pinned	9	median_ns	985.011042	27	1.0000	0	0		
rank	wild-secrets-aws-access-key-id	(set)	match-compliance	whole-subject	separate artifact	pcrec_a32bc86e_auto-caps-simdna_noaltclsfactor-nolitrun	measured	pinned	9	min_ns	983.555165	27	1.0000	0	0		
rank	wild-secrets-aws-access-key-id	(set)	match-compliance	whole-subject	separate artifact	pcrec_a32bc86e_auto-caps-simdna_noaltclsfactor-nolitrun	measured	pinned	9	max_ns	986.019903	27	1.0000	0	0		
rank	wild-secrets-aws-access-key-id	(set)	match-compliance	whole-subject	separate artifact	pcrec_a32bc86e_auto-caps-simdna_noaltclsfactor-nolitrun	measured	pinned	9	stddev_ns	0.906508	27	1.0000	0	0		
rank	wild-secrets-aws-access-key-id	(set)	match-compliance	whole-subject	separate artifact	pcrec_a32bc86e_auto-caps-simdna_noaltclsfactor-nolitrun	measured	pinned	9	ratio_vs_baseline	3.003831	27	1.0000	0	0		
rank	wild-secrets-aws-access-key-id	(set)	match-compliance	whole-subject	separate artifact	pcrec_a32bc86e_auto-caps-simdna_noaltclsfactor-nolitrun	measured	pinned	9	ratio_vs_best	3.003831	27	1.0000	0	0		
rank	wild-secrets-aws-access-key-id	(set)	match-compliance	whole-subject	separate artifact	pcrec_a32bc86e_vm-caps-simdna_noaltclsfactor-nolitrun	measured	pinned	10	median_ns	986.080877	27	1.0000	0	0		
rank	wild-secrets-aws-access-key-id	(set)	match-compliance	whole-subject	separate artifact	pcrec_a32bc86e_vm-caps-simdna_noaltclsfactor-nolitrun	measured	pinned	10	min_ns	985.435786	27	1.0000	0	0		
rank	wild-secrets-aws-access-key-id	(set)	match-compliance	whole-subject	separate artifact	pcrec_a32bc86e_vm-caps-simdna_noaltclsfactor-nolitrun	measured	pinned	10	max_ns	992.869883	27	1.0000	0	0		
rank	wild-secrets-aws-access-key-id	(set)	match-compliance	whole-subject	separate artifact	pcrec_a32bc86e_vm-caps-simdna_noaltclsfactor-nolitrun	measured	pinned	10	stddev_ns	2.785915	27	1.0000	0	0		
rank	wild-secrets-aws-access-key-id	(set)	match-compliance	whole-subject	separate artifact	pcrec_a32bc86e_vm-caps-simdna_noaltclsfactor-nolitrun	measured	pinned	10	ratio_vs_baseline	3.007093	27	1.0000	0	0		
rank	wild-secrets-aws-access-key-id	(set)	match-compliance	whole-subject	separate artifact	pcrec_a32bc86e_vm-caps-simdna_noaltclsfactor-nolitrun	measured	pinned	10	ratio_vs_best	3.007093	27	1.0000	0	0		
rank	wild-secrets-aws-access-key-id	(set)	match-compliance	plain	same program	libpcre2_10.46_jit-caps-simdna	measured	pinned	11	median_ns	1018.699097	27	1.0000	0	0		
rank	wild-secrets-aws-access-key-id	(set)	match-compliance	plain	same program	libpcre2_10.46_jit-caps-simdna	measured	pinned	11	min_ns	1016.564322	27	1.0000	0	0		
rank	wild-secrets-aws-access-key-id	(set)	match-compliance	plain	same program	libpcre2_10.46_jit-caps-simdna	measured	pinned	11	max_ns	1027.701287	27	1.0000	0	0		
rank	wild-secrets-aws-access-key-id	(set)	match-compliance	plain	same program	libpcre2_10.46_jit-caps-simdna	measured	pinned	11	stddev_ns	3.986433	27	1.0000	0	0		
rank	wild-secrets-aws-access-key-id	(set)	match-compliance	plain	same program	libpcre2_10.46_jit-caps-simdna	measured	pinned	11	ratio_vs_baseline	3.106564	27	1.0000	0	0		
rank	wild-secrets-aws-access-key-id	(set)	match-compliance	plain	same program	libpcre2_10.46_jit-caps-simdna	measured	pinned	11	ratio_vs_best	3.106564	27	1.0000	0	0		
baseline	wild-secrets-aws-access-key-id	(set)	short-subject-search			libpcre2_10.46_jit-caps-simdna				baseline_identity	row-best-fallback					libpcre2_10.46_jit-caps-simdna (row-best fallback -- interp absent from this group)	
rank	wild-secrets-aws-access-key-id	(set)	short-subject-search	plain	same program	libpcre2_10.46_jit-caps-simdna	measured	pinned	1	median_ns	1134.406661	27	1.0000	0	0		
rank	wild-secrets-aws-access-key-id	(set)	short-subject-search	plain	same program	libpcre2_10.46_jit-caps-simdna	measured	pinned	1	min_ns	1101.133132	27	1.0000	0	0		
rank	wild-secrets-aws-access-key-id	(set)	short-subject-search	plain	same program	libpcre2_10.46_jit-caps-simdna	measured	pinned	1	max_ns	1172.326998	27	1.0000	0	0		
rank	wild-secrets-aws-access-key-id	(set)	short-subject-search	plain	same program	libpcre2_10.46_jit-caps-simdna	measured	pinned	1	stddev_ns	28.284612	27	1.0000	0	0		
rank	wild-secrets-aws-access-key-id	(set)	short-subject-search	plain	same program	libpcre2_10.46_jit-caps-simdna	measured	pinned	1	ratio_vs_baseline	1.000000	27	1.0000	0	0		
rank	wild-secrets-aws-access-key-id	(set)	short-subject-search	plain	same program	libpcre2_10.46_jit-caps-simdna	measured	pinned	1	ratio_vs_best	1.000000	27	1.0000	0	0		
rank	wild-secrets-aws-access-key-id	(set)	short-subject-search	plain	same program	pcrec_a32bc86e_auto-caps-simdna	measured	pinned	2	median_ns	1355.397477	27	1.0000	0	0		
rank	wild-secrets-aws-access-key-id	(set)	short-subject-search	plain	same program	pcrec_a32bc86e_auto-caps-simdna	measured	pinned	2	min_ns	1353.991249	27	1.0000	0	0		
rank	wild-secrets-aws-access-key-id	(set)	short-subject-search	plain	same program	pcrec_a32bc86e_auto-caps-simdna	measured	pinned	2	max_ns	1367.855743	27	1.0000	0	0		
rank	wild-secrets-aws-access-key-id	(set)	short-subject-search	plain	same program	pcrec_a32bc86e_auto-caps-simdna	measured	pinned	2	stddev_ns	5.177841	27	1.0000	0	0		
rank	wild-secrets-aws-access-key-id	(set)	short-subject-search	plain	same program	pcrec_a32bc86e_auto-caps-simdna	measured	pinned	2	ratio_vs_baseline	1.194807	27	1.0000	0	0		
rank	wild-secrets-aws-access-key-id	(set)	short-subject-search	plain	same program	pcrec_a32bc86e_auto-caps-simdna	measured	pinned	2	ratio_vs_best	1.194807	27	1.0000	0	0		
rank	wild-secrets-aws-access-key-id	(set)	short-subject-search	plain	same program	pcrec_a32bc86e_auto-caps-simdna_noaltclsfactor-nolitrun	measured	pinned	3	median_ns	1359.347050	27	1.0000	0	0		
rank	wild-secrets-aws-access-key-id	(set)	short-subject-search	plain	same program	pcrec_a32bc86e_auto-caps-simdna_noaltclsfactor-nolitrun	measured	pinned	3	min_ns	1357.101541	27	1.0000	0	0		
rank	wild-secrets-aws-access-key-id	(set)	short-subject-search	plain	same program	pcrec_a32bc86e_auto-caps-simdna_noaltclsfactor-nolitrun	measured	pinned	3	max_ns	1363.644936	27	1.0000	0	0		
rank	wild-secrets-aws-access-key-id	(set)	short-subject-search	plain	same program	pcrec_a32bc86e_auto-caps-simdna_noaltclsfactor-nolitrun	measured	pinned	3	stddev_ns	2.223906	27	1.0000	0	0		
rank	wild-secrets-aws-access-key-id	(set)	short-subject-search	plain	same program	pcrec_a32bc86e_auto-caps-simdna_noaltclsfactor-nolitrun	measured	pinned	3	ratio_vs_baseline	1.198289	27	1.0000	0	0		
rank	wild-secrets-aws-access-key-id	(set)	short-subject-search	plain	same program	pcrec_a32bc86e_auto-caps-simdna_noaltclsfactor-nolitrun	measured	pinned	3	ratio_vs_best	1.198289	27	1.0000	0	0		
rank	wild-secrets-aws-access-key-id	(set)	short-subject-search	plain	same program	pcrec_a32bc86e_auto-caps-simdna_noaltclsfactor	measured	pinned	4	median_ns	1361.656998	27	1.0000	0	0		
rank	wild-secrets-aws-access-key-id	(set)	short-subject-search	plain	same program	pcrec_a32bc86e_auto-caps-simdna_noaltclsfactor	measured	pinned	4	min_ns	1359.173005	27	1.0000	0	0		
rank	wild-secrets-aws-access-key-id	(set)	short-subject-search	plain	same program	pcrec_a32bc86e_auto-caps-simdna_noaltclsfactor	measured	pinned	4	max_ns	1391.597492	27	1.0000	0	0		
rank	wild-secrets-aws-access-key-id	(set)	short-subject-search	plain	same program	pcrec_a32bc86e_auto-caps-simdna_noaltclsfactor	measured	pinned	4	stddev_ns	12.296835	27	1.0000	0	0		
rank	wild-secrets-aws-access-key-id	(set)	short-subject-search	plain	same program	pcrec_a32bc86e_auto-caps-simdna_noaltclsfactor	measured	pinned	4	ratio_vs_baseline	1.200325	27	1.0000	0	0		
rank	wild-secrets-aws-access-key-id	(set)	short-subject-search	plain	same program	pcrec_a32bc86e_auto-caps-simdna_noaltclsfactor	measured	pinned	4	ratio_vs_best	1.200325	27	1.0000	0	0		
rank	wild-secrets-aws-access-key-id	(set)	short-subject-search	plain	same program	pcrec_a32bc86e_auto-caps-simdna_nolitrun	measured	pinned	5	median_ns	1364.841839	27	1.0000	0	0		
rank	wild-secrets-aws-access-key-id	(set)	short-subject-search	plain	same program	pcrec_a32bc86e_auto-caps-simdna_nolitrun	measured	pinned	5	min_ns	1361.446404	27	1.0000	0	0		
rank	wild-secrets-aws-access-key-id	(set)	short-subject-search	plain	same program	pcrec_a32bc86e_auto-caps-simdna_nolitrun	measured	pinned	5	max_ns	1368.403177	27	1.0000	0	0		
rank	wild-secrets-aws-access-key-id	(set)	short-subject-search	plain	same program	pcrec_a32bc86e_auto-caps-simdna_nolitrun	measured	pinned	5	stddev_ns	2.324129	27	1.0000	0	0		
rank	wild-secrets-aws-access-key-id	(set)	short-subject-search	plain	same program	pcrec_a32bc86e_auto-caps-simdna_nolitrun	measured	pinned	5	ratio_vs_baseline	1.203133	27	1.0000	0	0		
rank	wild-secrets-aws-access-key-id	(set)	short-subject-search	plain	same program	pcrec_a32bc86e_auto-caps-simdna_nolitrun	measured	pinned	5	ratio_vs_best	1.203133	27	1.0000	0	0		
rank	wild-secrets-aws-access-key-id	(set)	short-subject-search	plain	same program	pcrec_a32bc86e_vm-caps-simdna_nolitrun	measured	pinned	6	median_ns	2286.070555	27	1.0000	0	0		
rank	wild-secrets-aws-access-key-id	(set)	short-subject-search	plain	same program	pcrec_a32bc86e_vm-caps-simdna_nolitrun	measured	pinned	6	min_ns	2274.047391	27	1.0000	0	0		
rank	wild-secrets-aws-access-key-id	(set)	short-subject-search	plain	same program	pcrec_a32bc86e_vm-caps-simdna_nolitrun	measured	pinned	6	max_ns	2293.686636	27	1.0000	0	0		
rank	wild-secrets-aws-access-key-id	(set)	short-subject-search	plain	same program	pcrec_a32bc86e_vm-caps-simdna_nolitrun	measured	pinned	6	stddev_ns	6.462285	27	1.0000	0	0		
rank	wild-secrets-aws-access-key-id	(set)	short-subject-search	plain	same program	pcrec_a32bc86e_vm-caps-simdna_nolitrun	measured	pinned	6	ratio_vs_baseline	2.015213	27	1.0000	0	0		
rank	wild-secrets-aws-access-key-id	(set)	short-subject-search	plain	same program	pcrec_a32bc86e_vm-caps-simdna_nolitrun	measured	pinned	6	ratio_vs_best	2.015213	27	1.0000	0	0		
rank	wild-secrets-aws-access-key-id	(set)	short-subject-search	plain	same program	pcrec_a32bc86e_vm-caps-simdna	measured	pinned	7	median_ns	2297.290632	27	1.0000	0	0		
rank	wild-secrets-aws-access-key-id	(set)	short-subject-search	plain	same program	pcrec_a32bc86e_vm-caps-simdna	measured	pinned	7	min_ns	2289.842581	27	1.0000	0	0		
rank	wild-secrets-aws-access-key-id	(set)	short-subject-search	plain	same program	pcrec_a32bc86e_vm-caps-simdna	measured	pinned	7	max_ns	2305.035031	27	1.0000	0	0		
rank	wild-secrets-aws-access-key-id	(set)	short-subject-search	plain	same program	pcrec_a32bc86e_vm-caps-simdna	measured	pinned	7	stddev_ns	5.007136	27	1.0000	0	0		
rank	wild-secrets-aws-access-key-id	(set)	short-subject-search	plain	same program	pcrec_a32bc86e_vm-caps-simdna	measured	pinned	7	ratio_vs_baseline	2.025103	27	1.0000	0	0		
rank	wild-secrets-aws-access-key-id	(set)	short-subject-search	plain	same program	pcrec_a32bc86e_vm-caps-simdna	measured	pinned	7	ratio_vs_best	2.025103	27	1.0000	0	0		
rank	wild-secrets-aws-access-key-id	(set)	short-subject-search	plain	same program	pcrec_a32bc86e_vm-caps-simdna_noreqbyte-noreqrun-nolitrun	measured	pinned	8	median_ns	2686.093037	27	1.0000	0	0		
rank	wild-secrets-aws-access-key-id	(set)	short-subject-search	plain	same program	pcrec_a32bc86e_vm-caps-simdna_noreqbyte-noreqrun-nolitrun	measured	pinned	8	min_ns	2680.673349	27	1.0000	0	0		
rank	wild-secrets-aws-access-key-id	(set)	short-subject-search	plain	same program	pcrec_a32bc86e_vm-caps-simdna_noreqbyte-noreqrun-nolitrun	measured	pinned	8	max_ns	2687.884975	27	1.0000	0	0		
rank	wild-secrets-aws-access-key-id	(set)	short-subject-search	plain	same program	pcrec_a32bc86e_vm-caps-simdna_noreqbyte-noreqrun-nolitrun	measured	pinned	8	stddev_ns	2.504478	27	1.0000	0	0		
rank	wild-secrets-aws-access-key-id	(set)	short-subject-search	plain	same program	pcrec_a32bc86e_vm-caps-simdna_noreqbyte-noreqrun-nolitrun	measured	pinned	8	ratio_vs_baseline	2.367840	27	1.0000	0	0		
rank	wild-secrets-aws-access-key-id	(set)	short-subject-search	plain	same program	pcrec_a32bc86e_vm-caps-simdna_noreqbyte-noreqrun-nolitrun	measured	pinned	8	ratio_vs_best	2.367840	27	1.0000	0	0		
rank	wild-secrets-aws-access-key-id	(set)	short-subject-search	plain	same program	pcrec_a32bc86e_vm-caps-simdna_noreqbyte-noreqrun	measured	pinned	9	median_ns	2700.659090	27	1.0000	0	0		
rank	wild-secrets-aws-access-key-id	(set)	short-subject-search	plain	same program	pcrec_a32bc86e_vm-caps-simdna_noreqbyte-noreqrun	measured	pinned	9	min_ns	2688.828061	27	1.0000	0	0		
rank	wild-secrets-aws-access-key-id	(set)	short-subject-search	plain	same program	pcrec_a32bc86e_vm-caps-simdna_noreqbyte-noreqrun	measured	pinned	9	max_ns	2704.972038	27	1.0000	0	0		
rank	wild-secrets-aws-access-key-id	(set)	short-subject-search	plain	same program	pcrec_a32bc86e_vm-caps-simdna_noreqbyte-noreqrun	measured	pinned	9	stddev_ns	6.725318	27	1.0000	0	0		
rank	wild-secrets-aws-access-key-id	(set)	short-subject-search	plain	same program	pcrec_a32bc86e_vm-caps-simdna_noreqbyte-noreqrun	measured	pinned	9	ratio_vs_baseline	2.380680	27	1.0000	0	0		
rank	wild-secrets-aws-access-key-id	(set)	short-subject-search	plain	same program	pcrec_a32bc86e_vm-caps-simdna_noreqbyte-noreqrun	measured	pinned	9	ratio_vs_best	2.380680	27	1.0000	0	0		
rank	wild-secrets-aws-access-key-id	(set)	short-subject-search	plain	same program	pcrec_a32bc86e_vm-caps-simdna_noaltclsfactor	measured	pinned	10	median_ns	2871.866988	27	1.0000	0	0		
rank	wild-secrets-aws-access-key-id	(set)	short-subject-search	plain	same program	pcrec_a32bc86e_vm-caps-simdna_noaltclsfactor	measured	pinned	10	min_ns	2866.747533	27	1.0000	0	0		
rank	wild-secrets-aws-access-key-id	(set)	short-subject-search	plain	same program	pcrec_a32bc86e_vm-caps-simdna_noaltclsfactor	measured	pinned	10	max_ns	2881.231751	27	1.0000	0	0		
rank	wild-secrets-aws-access-key-id	(set)	short-subject-search	plain	same program	pcrec_a32bc86e_vm-caps-simdna_noaltclsfactor	measured	pinned	10	stddev_ns	5.471565	27	1.0000	0	0		
rank	wild-secrets-aws-access-key-id	(set)	short-subject-search	plain	same program	pcrec_a32bc86e_vm-caps-simdna_noaltclsfactor	measured	pinned	10	ratio_vs_baseline	2.531603	27	1.0000	0	0		
rank	wild-secrets-aws-access-key-id	(set)	short-subject-search	plain	same program	pcrec_a32bc86e_vm-caps-simdna_noaltclsfactor	measured	pinned	10	ratio_vs_best	2.531603	27	1.0000	0	0		
rank	wild-secrets-aws-access-key-id	(set)	short-subject-search	plain	same program	pcrec_a32bc86e_vm-caps-simdna_noaltclsfactor-nolitrun	measured	pinned	11	median_ns	3010.160869	27	1.0000	0	0		
rank	wild-secrets-aws-access-key-id	(set)	short-subject-search	plain	same program	pcrec_a32bc86e_vm-caps-simdna_noaltclsfactor-nolitrun	measured	pinned	11	min_ns	3007.493949	27	1.0000	0	0		
rank	wild-secrets-aws-access-key-id	(set)	short-subject-search	plain	same program	pcrec_a32bc86e_vm-caps-simdna_noaltclsfactor-nolitrun	measured	pinned	11	max_ns	3016.275027	27	1.0000	0	0		
rank	wild-secrets-aws-access-key-id	(set)	short-subject-search	plain	same program	pcrec_a32bc86e_vm-caps-simdna_noaltclsfactor-nolitrun	measured	pinned	11	stddev_ns	3.521731	27	1.0000	0	0		
rank	wild-secrets-aws-access-key-id	(set)	short-subject-search	plain	same program	pcrec_a32bc86e_vm-caps-simdna_noaltclsfactor-nolitrun	measured	pinned	11	ratio_vs_baseline	2.653511	27	1.0000	0	0		
rank	wild-secrets-aws-access-key-id	(set)	short-subject-search	plain	same program	pcrec_a32bc86e_vm-caps-simdna_noaltclsfactor-nolitrun	measured	pinned	11	ratio_vs_best	2.653511	27	1.0000	0	0		
baseline	wild-secrets-github-pat	(set)	large-subject-throughput			pcrec_a32bc86e_vm-caps-simdna_noaltclsfactor-nolitrun				baseline_identity	row-best-fallback					pcrec_a32bc86e_vm-caps-simdna_noaltclsfactor-nolitrun (row-best fallback -- interp absent from this group)	
rank	wild-secrets-github-pat	(set)	large-subject-throughput	plain	same program	pcrec_a32bc86e_vm-caps-simdna_noaltclsfactor-nolitrun	measured	pinned	1	median_ns	29760.214638	27	1.0000	0	0		
rank	wild-secrets-github-pat	(set)	large-subject-throughput	plain	same program	pcrec_a32bc86e_vm-caps-simdna_noaltclsfactor-nolitrun	measured	pinned	1	min_ns	29750.912397	27	1.0000	0	0		
rank	wild-secrets-github-pat	(set)	large-subject-throughput	plain	same program	pcrec_a32bc86e_vm-caps-simdna_noaltclsfactor-nolitrun	measured	pinned	1	max_ns	29768.015903	27	1.0000	0	0		
rank	wild-secrets-github-pat	(set)	large-subject-throughput	plain	same program	pcrec_a32bc86e_vm-caps-simdna_noaltclsfactor-nolitrun	measured	pinned	1	stddev_ns	6.455119	27	1.0000	0	0		
rank	wild-secrets-github-pat	(set)	large-subject-throughput	plain	same program	pcrec_a32bc86e_vm-caps-simdna_noaltclsfactor-nolitrun	measured	pinned	1	ratio_vs_baseline	1.000000	27	1.0000	0	0		
rank	wild-secrets-github-pat	(set)	large-subject-throughput	plain	same program	pcrec_a32bc86e_vm-caps-simdna_noaltclsfactor-nolitrun	measured	pinned	1	ratio_vs_best	1.000000	27	1.0000	0	0		
rank	wild-secrets-github-pat	(set)	large-subject-throughput	plain	same program	pcrec_a32bc86e_vm-caps-simdna	measured	pinned	2	median_ns	29762.278557	27	1.0000	0	0		
rank	wild-secrets-github-pat	(set)	large-subject-throughput	plain	same program	pcrec_a32bc86e_vm-caps-simdna	measured	pinned	2	min_ns	29760.862004	27	1.0000	0	0		
rank	wild-secrets-github-pat	(set)	large-subject-throughput	plain	same program	pcrec_a32bc86e_vm-caps-simdna	measured	pinned	2	max_ns	29798.846443	27	1.0000	0	0		
rank	wild-secrets-github-pat	(set)	large-subject-throughput	plain	same program	pcrec_a32bc86e_vm-caps-simdna	measured	pinned	2	stddev_ns	14.427278	27	1.0000	0	0		
rank	wild-secrets-github-pat	(set)	large-subject-throughput	plain	same program	pcrec_a32bc86e_vm-caps-simdna	measured	pinned	2	ratio_vs_baseline	1.000069	27	1.0000	0	0		
rank	wild-secrets-github-pat	(set)	large-subject-throughput	plain	same program	pcrec_a32bc86e_vm-caps-simdna	measured	pinned	2	ratio_vs_best	1.000069	27	1.0000	0	0		
rank	wild-secrets-github-pat	(set)	large-subject-throughput	plain	same program	pcrec_a32bc86e_vm-caps-simdna_nolitrun	measured	pinned	3	median_ns	29768.619471	27	1.0000	0	0		
rank	wild-secrets-github-pat	(set)	large-subject-throughput	plain	same program	pcrec_a32bc86e_vm-caps-simdna_nolitrun	measured	pinned	3	min_ns	29762.286159	27	1.0000	0	0		
rank	wild-secrets-github-pat	(set)	large-subject-throughput	plain	same program	pcrec_a32bc86e_vm-caps-simdna_nolitrun	measured	pinned	3	max_ns	29776.346495	27	1.0000	0	0		
rank	wild-secrets-github-pat	(set)	large-subject-throughput	plain	same program	pcrec_a32bc86e_vm-caps-simdna_nolitrun	measured	pinned	3	stddev_ns	5.244942	27	1.0000	0	0		
rank	wild-secrets-github-pat	(set)	large-subject-throughput	plain	same program	pcrec_a32bc86e_vm-caps-simdna_nolitrun	measured	pinned	3	ratio_vs_baseline	1.000282	27	1.0000	0	0		
rank	wild-secrets-github-pat	(set)	large-subject-throughput	plain	same program	pcrec_a32bc86e_vm-caps-simdna_nolitrun	measured	pinned	3	ratio_vs_best	1.000282	27	1.0000	0	0		
rank	wild-secrets-github-pat	(set)	large-subject-throughput	plain	same program	pcrec_a32bc86e_vm-caps-simdna_noaltclsfactor	measured	pinned	4	median_ns	29771.776554	27	1.0000	0	0		
rank	wild-secrets-github-pat	(set)	large-subject-throughput	plain	same program	pcrec_a32bc86e_vm-caps-simdna_noaltclsfactor	measured	pinned	4	min_ns	29761.038352	27	1.0000	0	0		
rank	wild-secrets-github-pat	(set)	large-subject-throughput	plain	same program	pcrec_a32bc86e_vm-caps-simdna_noaltclsfactor	measured	pinned	4	max_ns	29780.875164	27	1.0000	0	0		
rank	wild-secrets-github-pat	(set)	large-subject-throughput	plain	same program	pcrec_a32bc86e_vm-caps-simdna_noaltclsfactor	measured	pinned	4	stddev_ns	7.068143	27	1.0000	0	0		
rank	wild-secrets-github-pat	(set)	large-subject-throughput	plain	same program	pcrec_a32bc86e_vm-caps-simdna_noaltclsfactor	measured	pinned	4	ratio_vs_baseline	1.000389	27	1.0000	0	0		
rank	wild-secrets-github-pat	(set)	large-subject-throughput	plain	same program	pcrec_a32bc86e_vm-caps-simdna_noaltclsfactor	measured	pinned	4	ratio_vs_best	1.000389	27	1.0000	0	0		
rank	wild-secrets-github-pat	(set)	large-subject-throughput	plain	same program	pcrec_a32bc86e_auto-caps-simdna_noaltclsfactor-nolitrun	measured	pinned	5	median_ns	29979.261056	27	1.0000	0	0		
rank	wild-secrets-github-pat	(set)	large-subject-throughput	plain	same program	pcrec_a32bc86e_auto-caps-simdna_noaltclsfactor-nolitrun	measured	pinned	5	min_ns	29974.479251	27	1.0000	0	0		
rank	wild-secrets-github-pat	(set)	large-subject-throughput	plain	same program	pcrec_a32bc86e_auto-caps-simdna_noaltclsfactor-nolitrun	measured	pinned	5	max_ns	30000.100397	27	1.0000	0	0		
rank	wild-secrets-github-pat	(set)	large-subject-throughput	plain	same program	pcrec_a32bc86e_auto-caps-simdna_noaltclsfactor-nolitrun	measured	pinned	5	stddev_ns	9.017480	27	1.0000	0	0		
rank	wild-secrets-github-pat	(set)	large-subject-throughput	plain	same program	pcrec_a32bc86e_auto-caps-simdna_noaltclsfactor-nolitrun	measured	pinned	5	ratio_vs_baseline	1.007360	27	1.0000	0	0		
rank	wild-secrets-github-pat	(set)	large-subject-throughput	plain	same program	pcrec_a32bc86e_auto-caps-simdna_noaltclsfactor-nolitrun	measured	pinned	5	ratio_vs_best	1.007360	27	1.0000	0	0		
rank	wild-secrets-github-pat	(set)	large-subject-throughput	plain	same program	pcrec_a32bc86e_auto-caps-simdna_noaltclsfactor	measured	pinned	6	median_ns	29984.522171	27	1.0000	0	0		
rank	wild-secrets-github-pat	(set)	large-subject-throughput	plain	same program	pcrec_a32bc86e_auto-caps-simdna_noaltclsfactor	measured	pinned	6	min_ns	29971.989511	27	1.0000	0	0		
rank	wild-secrets-github-pat	(set)	large-subject-throughput	plain	same program	pcrec_a32bc86e_auto-caps-simdna_noaltclsfactor	measured	pinned	6	max_ns	29988.189016	27	1.0000	0	0		
rank	wild-secrets-github-pat	(set)	large-subject-throughput	plain	same program	pcrec_a32bc86e_auto-caps-simdna_noaltclsfactor	measured	pinned	6	stddev_ns	5.705661	27	1.0000	0	0		
rank	wild-secrets-github-pat	(set)	large-subject-throughput	plain	same program	pcrec_a32bc86e_auto-caps-simdna_noaltclsfactor	measured	pinned	6	ratio_vs_baseline	1.007537	27	1.0000	0	0		
rank	wild-secrets-github-pat	(set)	large-subject-throughput	plain	same program	pcrec_a32bc86e_auto-caps-simdna_noaltclsfactor	measured	pinned	6	ratio_vs_best	1.007537	27	1.0000	0	0		
rank	wild-secrets-github-pat	(set)	large-subject-throughput	plain	same program	pcrec_a32bc86e_auto-caps-simdna	measured	pinned	7	median_ns	29988.091249	27	1.0000	0	0		
rank	wild-secrets-github-pat	(set)	large-subject-throughput	plain	same program	pcrec_a32bc86e_auto-caps-simdna	measured	pinned	7	min_ns	29976.639968	27	1.0000	0	0		
rank	wild-secrets-github-pat	(set)	large-subject-throughput	plain	same program	pcrec_a32bc86e_auto-caps-simdna	measured	pinned	7	max_ns	30021.268374	27	1.0000	0	0		
rank	wild-secrets-github-pat	(set)	large-subject-throughput	plain	same program	pcrec_a32bc86e_auto-caps-simdna	measured	pinned	7	stddev_ns	15.181232	27	1.0000	0	0		
rank	wild-secrets-github-pat	(set)	large-subject-throughput	plain	same program	pcrec_a32bc86e_auto-caps-simdna	measured	pinned	7	ratio_vs_baseline	1.007657	27	1.0000	0	0		
rank	wild-secrets-github-pat	(set)	large-subject-throughput	plain	same program	pcrec_a32bc86e_auto-caps-simdna	measured	pinned	7	ratio_vs_best	1.007657	27	1.0000	0	0		
rank	wild-secrets-github-pat	(set)	large-subject-throughput	plain	same program	pcrec_a32bc86e_auto-caps-simdna_nolitrun	measured	pinned	8	median_ns	29996.403791	27	1.0000	0	0		
rank	wild-secrets-github-pat	(set)	large-subject-throughput	plain	same program	pcrec_a32bc86e_auto-caps-simdna_nolitrun	measured	pinned	8	min_ns	29986.169015	27	1.0000	0	0		
rank	wild-secrets-github-pat	(set)	large-subject-throughput	plain	same program	pcrec_a32bc86e_auto-caps-simdna_nolitrun	measured	pinned	8	max_ns	30084.618406	27	1.0000	0	0		
rank	wild-secrets-github-pat	(set)	large-subject-throughput	plain	same program	pcrec_a32bc86e_auto-caps-simdna_nolitrun	measured	pinned	8	stddev_ns	36.730130	27	1.0000	0	0		
rank	wild-secrets-github-pat	(set)	large-subject-throughput	plain	same program	pcrec_a32bc86e_auto-caps-simdna_nolitrun	measured	pinned	8	ratio_vs_baseline	1.007936	27	1.0000	0	0		
rank	wild-secrets-github-pat	(set)	large-subject-throughput	plain	same program	pcrec_a32bc86e_auto-caps-simdna_nolitrun	measured	pinned	8	ratio_vs_best	1.007936	27	1.0000	0	0		
rank	wild-secrets-github-pat	(set)	large-subject-throughput	plain	same program	libpcre2_10.46_jit-caps-simdna	measured	pinned	9	median_ns	67806.151054	27	1.0000	0	0		
rank	wild-secrets-github-pat	(set)	large-subject-throughput	plain	same program	libpcre2_10.46_jit-caps-simdna	measured	pinned	9	min_ns	67678.791569	27	1.0000	0	0		
rank	wild-secrets-github-pat	(set)	large-subject-throughput	plain	same program	libpcre2_10.46_jit-caps-simdna	measured	pinned	9	max_ns	68026.875581	27	1.0000	0	0		
rank	wild-secrets-github-pat	(set)	large-subject-throughput	plain	same program	libpcre2_10.46_jit-caps-simdna	measured	pinned	9	stddev_ns	130.316929	27	1.0000	0	0		
rank	wild-secrets-github-pat	(set)	large-subject-throughput	plain	same program	libpcre2_10.46_jit-caps-simdna	measured	pinned	9	ratio_vs_baseline	2.278416	27	1.0000	0	0		
rank	wild-secrets-github-pat	(set)	large-subject-throughput	plain	same program	libpcre2_10.46_jit-caps-simdna	measured	pinned	9	ratio_vs_best	2.278416	27	1.0000	0	0		
rank	wild-secrets-github-pat	(set)	large-subject-throughput	plain	same program	pcrec_a32bc86e_vm-caps-simdna_noreqbyte-noreqrun	measured	pinned	10	median_ns	3158776.223502	27	1.0000	0	0		
rank	wild-secrets-github-pat	(set)	large-subject-throughput	plain	same program	pcrec_a32bc86e_vm-caps-simdna_noreqbyte-noreqrun	measured	pinned	10	min_ns	3153758.592166	27	1.0000	0	0		
rank	wild-secrets-github-pat	(set)	large-subject-throughput	plain	same program	pcrec_a32bc86e_vm-caps-simdna_noreqbyte-noreqrun	measured	pinned	10	max_ns	3160452.451613	27	1.0000	0	0		
rank	wild-secrets-github-pat	(set)	large-subject-throughput	plain	same program	pcrec_a32bc86e_vm-caps-simdna_noreqbyte-noreqrun	measured	pinned	10	stddev_ns	2900.786448	27	1.0000	0	0		
rank	wild-secrets-github-pat	(set)	large-subject-throughput	plain	same program	pcrec_a32bc86e_vm-caps-simdna_noreqbyte-noreqrun	measured	pinned	10	ratio_vs_baseline	106.140909	27	1.0000	0	0		
rank	wild-secrets-github-pat	(set)	large-subject-throughput	plain	same program	pcrec_a32bc86e_vm-caps-simdna_noreqbyte-noreqrun	measured	pinned	10	ratio_vs_best	106.140909	27	1.0000	0	0		
rank	wild-secrets-github-pat	(set)	large-subject-throughput	plain	same program	pcrec_a32bc86e_vm-caps-simdna_noreqbyte-noreqrun-nolitrun	measured	pinned	11	median_ns	3318753.850602	27	1.0000	0	0		
rank	wild-secrets-github-pat	(set)	large-subject-throughput	plain	same program	pcrec_a32bc86e_vm-caps-simdna_noreqbyte-noreqrun-nolitrun	measured	pinned	11	min_ns	3314725.783133	27	1.0000	0	0		
rank	wild-secrets-github-pat	(set)	large-subject-throughput	plain	same program	pcrec_a32bc86e_vm-caps-simdna_noreqbyte-noreqrun-nolitrun	measured	pinned	11	max_ns	3325263.908434	27	1.0000	0	0		
rank	wild-secrets-github-pat	(set)	large-subject-throughput	plain	same program	pcrec_a32bc86e_vm-caps-simdna_noreqbyte-noreqrun-nolitrun	measured	pinned	11	stddev_ns	4274.175326	27	1.0000	0	0		
rank	wild-secrets-github-pat	(set)	large-subject-throughput	plain	same program	pcrec_a32bc86e_vm-caps-simdna_noreqbyte-noreqrun-nolitrun	measured	pinned	11	ratio_vs_baseline	111.516462	27	1.0000	0	0		
rank	wild-secrets-github-pat	(set)	large-subject-throughput	plain	same program	pcrec_a32bc86e_vm-caps-simdna_noreqbyte-noreqrun-nolitrun	measured	pinned	11	ratio_vs_best	111.516462	27	1.0000	0	0		
baseline	wild-secrets-github-pat	(set)	match-compliance			pcrec_a32bc86e_auto-caps-simdna				baseline_identity	row-best-fallback					pcrec_a32bc86e_auto-caps-simdna (row-best fallback -- interp absent from this group)	
rank	wild-secrets-github-pat	(set)	match-compliance	whole-subject	separate artifact	pcrec_a32bc86e_auto-caps-simdna	measured	pinned	1	median_ns	328.504560	27	1.0000	0	0		
rank	wild-secrets-github-pat	(set)	match-compliance	whole-subject	separate artifact	pcrec_a32bc86e_auto-caps-simdna	measured	pinned	1	min_ns	325.850453	27	1.0000	0	0		
rank	wild-secrets-github-pat	(set)	match-compliance	whole-subject	separate artifact	pcrec_a32bc86e_auto-caps-simdna	measured	pinned	1	max_ns	333.665989	27	1.0000	0	0		
rank	wild-secrets-github-pat	(set)	match-compliance	whole-subject	separate artifact	pcrec_a32bc86e_auto-caps-simdna	measured	pinned	1	stddev_ns	2.934394	27	1.0000	0	0		
rank	wild-secrets-github-pat	(set)	match-compliance	whole-subject	separate artifact	pcrec_a32bc86e_auto-caps-simdna	measured	pinned	1	ratio_vs_baseline	1.000000	27	1.0000	0	0		
rank	wild-secrets-github-pat	(set)	match-compliance	whole-subject	separate artifact	pcrec_a32bc86e_auto-caps-simdna	measured	pinned	1	ratio_vs_best	1.000000	27	1.0000	0	0		
rank	wild-secrets-github-pat	(set)	match-compliance	whole-subject	separate artifact	pcrec_a32bc86e_vm-caps-simdna_noreqbyte-noreqrun	measured	pinned	2	median_ns	329.536673	27	1.0000	0	0		
rank	wild-secrets-github-pat	(set)	match-compliance	whole-subject	separate artifact	pcrec_a32bc86e_vm-caps-simdna_noreqbyte-noreqrun	measured	pinned	2	min_ns	326.050231	27	1.0000	0	0		
rank	wild-secrets-github-pat	(set)	match-compliance	whole-subject	separate artifact	pcrec_a32bc86e_vm-caps-simdna_noreqbyte-noreqrun	measured	pinned	2	max_ns	332.891451	27	1.0000	0	0		
rank	wild-secrets-github-pat	(set)	match-compliance	whole-subject	separate artifact	pcrec_a32bc86e_vm-caps-simdna_noreqbyte-noreqrun	measured	pinned	2	stddev_ns	2.611660	27	1.0000	0	0		
rank	wild-secrets-github-pat	(set)	match-compliance	whole-subject	separate artifact	pcrec_a32bc86e_vm-caps-simdna_noreqbyte-noreqrun	measured	pinned	2	ratio_vs_baseline	1.003142	27	1.0000	0	0		
rank	wild-secrets-github-pat	(set)	match-compliance	whole-subject	separate artifact	pcrec_a32bc86e_vm-caps-simdna_noreqbyte-noreqrun	measured	pinned	2	ratio_vs_best	1.003142	27	1.0000	0	0		
rank	wild-secrets-github-pat	(set)	match-compliance	whole-subject	separate artifact	pcrec_a32bc86e_auto-caps-simdna_noaltclsfactor	measured	pinned	3	median_ns	329.730964	27	1.0000	0	0		
rank	wild-secrets-github-pat	(set)	match-compliance	whole-subject	separate artifact	pcrec_a32bc86e_auto-caps-simdna_noaltclsfactor	measured	pinned	3	min_ns	329.481309	27	1.0000	0	0		
rank	wild-secrets-github-pat	(set)	match-compliance	whole-subject	separate artifact	pcrec_a32bc86e_auto-caps-simdna_noaltclsfactor	measured	pinned	3	max_ns	330.419464	27	1.0000	0	0		
rank	wild-secrets-github-pat	(set)	match-compliance	whole-subject	separate artifact	pcrec_a32bc86e_auto-caps-simdna_noaltclsfactor	measured	pinned	3	stddev_ns	0.378005	27	1.0000	0	0		
rank	wild-secrets-github-pat	(set)	match-compliance	whole-subject	separate artifact	pcrec_a32bc86e_auto-caps-simdna_noaltclsfactor	measured	pinned	3	ratio_vs_baseline	1.003733	27	1.0000	0	0		
rank	wild-secrets-github-pat	(set)	match-compliance	whole-subject	separate artifact	pcrec_a32bc86e_auto-caps-simdna_noaltclsfactor	measured	pinned	3	ratio_vs_best	1.003733	27	1.0000	0	0		
rank	wild-secrets-github-pat	(set)	match-compliance	whole-subject	separate artifact	pcrec_a32bc86e_vm-caps-simdna_noaltclsfactor	measured	pinned	4	median_ns	330.881325	27	1.0000	0	0		
rank	wild-secrets-github-pat	(set)	match-compliance	whole-subject	separate artifact	pcrec_a32bc86e_vm-caps-simdna_noaltclsfactor	measured	pinned	4	min_ns	330.675069	27	1.0000	0	0		
rank	wild-secrets-github-pat	(set)	match-compliance	whole-subject	separate artifact	pcrec_a32bc86e_vm-caps-simdna_noaltclsfactor	measured	pinned	4	max_ns	332.645498	27	1.0000	0	0		
rank	wild-secrets-github-pat	(set)	match-compliance	whole-subject	separate artifact	pcrec_a32bc86e_vm-caps-simdna_noaltclsfactor	measured	pinned	4	stddev_ns	0.852291	27	1.0000	0	0		
rank	wild-secrets-github-pat	(set)	match-compliance	whole-subject	separate artifact	pcrec_a32bc86e_vm-caps-simdna_noaltclsfactor	measured	pinned	4	ratio_vs_baseline	1.007235	27	1.0000	0	0		
rank	wild-secrets-github-pat	(set)	match-compliance	whole-subject	separate artifact	pcrec_a32bc86e_vm-caps-simdna_noaltclsfactor	measured	pinned	4	ratio_vs_best	1.007235	27	1.0000	0	0		
rank	wild-secrets-github-pat	(set)	match-compliance	whole-subject	separate artifact	pcrec_a32bc86e_vm-caps-simdna	measured	pinned	5	median_ns	332.760759	27	1.0000	0	0		
rank	wild-secrets-github-pat	(set)	match-compliance	whole-subject	separate artifact	pcrec_a32bc86e_vm-caps-simdna	measured	pinned	5	min_ns	331.686451	27	1.0000	0	0		
rank	wild-secrets-github-pat	(set)	match-compliance	whole-subject	separate artifact	pcrec_a32bc86e_vm-caps-simdna	measured	pinned	5	max_ns	332.926045	27	1.0000	0	0		
rank	wild-secrets-github-pat	(set)	match-compliance	whole-subject	separate artifact	pcrec_a32bc86e_vm-caps-simdna	measured	pinned	5	stddev_ns	0.476725	27	1.0000	0	0		
rank	wild-secrets-github-pat	(set)	match-compliance	whole-subject	separate artifact	pcrec_a32bc86e_vm-caps-simdna	measured	pinned	5	ratio_vs_baseline	1.012956	27	1.0000	0	0		
rank	wild-secrets-github-pat	(set)	match-compliance	whole-subject	separate artifact	pcrec_a32bc86e_vm-caps-simdna	measured	pinned	5	ratio_vs_best	1.012956	27	1.0000	0	0		
rank	wild-secrets-github-pat	(set)	match-compliance	whole-subject	separate artifact	pcrec_a32bc86e_auto-caps-simdna_noaltclsfactor-nolitrun	measured	pinned	6	median_ns	337.346648	27	1.0000	0	0		
rank	wild-secrets-github-pat	(set)	match-compliance	whole-subject	separate artifact	pcrec_a32bc86e_auto-caps-simdna_noaltclsfactor-nolitrun	measured	pinned	6	min_ns	335.839205	27	1.0000	0	0		
rank	wild-secrets-github-pat	(set)	match-compliance	whole-subject	separate artifact	pcrec_a32bc86e_auto-caps-simdna_noaltclsfactor-nolitrun	measured	pinned	6	max_ns	343.103315	27	1.0000	0	0		
rank	wild-secrets-github-pat	(set)	match-compliance	whole-subject	separate artifact	pcrec_a32bc86e_auto-caps-simdna_noaltclsfactor-nolitrun	measured	pinned	6	stddev_ns	2.646990	27	1.0000	0	0		
rank	wild-secrets-github-pat	(set)	match-compliance	whole-subject	separate artifact	pcrec_a32bc86e_auto-caps-simdna_noaltclsfactor-nolitrun	measured	pinned	6	ratio_vs_baseline	1.026916	27	1.0000	0	0		
rank	wild-secrets-github-pat	(set)	match-compliance	whole-subject	separate artifact	pcrec_a32bc86e_auto-caps-simdna_noaltclsfactor-nolitrun	measured	pinned	6	ratio_vs_best	1.026916	27	1.0000	0	0		
rank	wild-secrets-github-pat	(set)	match-compliance	whole-subject	separate artifact	pcrec_a32bc86e_vm-caps-simdna_noreqbyte-noreqrun-nolitrun	measured	pinned	7	median_ns	341.446822	27	1.0000	0	0		
rank	wild-secrets-github-pat	(set)	match-compliance	whole-subject	separate artifact	pcrec_a32bc86e_vm-caps-simdna_noreqbyte-noreqrun-nolitrun	measured	pinned	7	min_ns	337.969085	27	1.0000	0	0		
rank	wild-secrets-github-pat	(set)	match-compliance	whole-subject	separate artifact	pcrec_a32bc86e_vm-caps-simdna_noreqbyte-noreqrun-nolitrun	measured	pinned	7	max_ns	343.138883	27	1.0000	0	0		
rank	wild-secrets-github-pat	(set)	match-compliance	whole-subject	separate artifact	pcrec_a32bc86e_vm-caps-simdna_noreqbyte-noreqrun-nolitrun	measured	pinned	7	stddev_ns	1.927376	27	1.0000	0	0		
rank	wild-secrets-github-pat	(set)	match-compliance	whole-subject	separate artifact	pcrec_a32bc86e_vm-caps-simdna_noreqbyte-noreqrun-nolitrun	measured	pinned	7	ratio_vs_baseline	1.039398	27	1.0000	0	0		
rank	wild-secrets-github-pat	(set)	match-compliance	whole-subject	separate artifact	pcrec_a32bc86e_vm-caps-simdna_noreqbyte-noreqrun-nolitrun	measured	pinned	7	ratio_vs_best	1.039398	27	1.0000	0	0		
rank	wild-secrets-github-pat	(set)	match-compliance	whole-subject	separate artifact	pcrec_a32bc86e_vm-caps-simdna_nolitrun	measured	pinned	8	median_ns	341.938958	27	1.0000	0	0		
rank	wild-secrets-github-pat	(set)	match-compliance	whole-subject	separate artifact	pcrec_a32bc86e_vm-caps-simdna_nolitrun	measured	pinned	8	min_ns	341.772658	27	1.0000	0	0		
rank	wild-secrets-github-pat	(set)	match-compliance	whole-subject	separate artifact	pcrec_a32bc86e_vm-caps-simdna_nolitrun	measured	pinned	8	max_ns	343.020038	27	1.0000	0	0		
rank	wild-secrets-github-pat	(set)	match-compliance	whole-subject	separate artifact	pcrec_a32bc86e_vm-caps-simdna_nolitrun	measured	pinned	8	stddev_ns	0.480870	27	1.0000	0	0		
rank	wild-secrets-github-pat	(set)	match-compliance	whole-subject	separate artifact	pcrec_a32bc86e_vm-caps-simdna_nolitrun	measured	pinned	8	ratio_vs_baseline	1.040896	27	1.0000	0	0		
rank	wild-secrets-github-pat	(set)	match-compliance	whole-subject	separate artifact	pcrec_a32bc86e_vm-caps-simdna_nolitrun	measured	pinned	8	ratio_vs_best	1.040896	27	1.0000	0	0		
rank	wild-secrets-github-pat	(set)	match-compliance	whole-subject	separate artifact	pcrec_a32bc86e_vm-caps-simdna_noaltclsfactor-nolitrun	measured	pinned	9	median_ns	342.128409	27	1.0000	0	0		
rank	wild-secrets-github-pat	(set)	match-compliance	whole-subject	separate artifact	pcrec_a32bc86e_vm-caps-simdna_noaltclsfactor-nolitrun	measured	pinned	9	min_ns	341.805744	27	1.0000	0	0		
rank	wild-secrets-github-pat	(set)	match-compliance	whole-subject	separate artifact	pcrec_a32bc86e_vm-caps-simdna_noaltclsfactor-nolitrun	measured	pinned	9	max_ns	343.800875	27	1.0000	0	0		
rank	wild-secrets-github-pat	(set)	match-compliance	whole-subject	separate artifact	pcrec_a32bc86e_vm-caps-simdna_noaltclsfactor-nolitrun	measured	pinned	9	stddev_ns	0.741946	27	1.0000	0	0		
rank	wild-secrets-github-pat	(set)	match-compliance	whole-subject	separate artifact	pcrec_a32bc86e_vm-caps-simdna_noaltclsfactor-nolitrun	measured	pinned	9	ratio_vs_baseline	1.041472	27	1.0000	0	0		
rank	wild-secrets-github-pat	(set)	match-compliance	whole-subject	separate artifact	pcrec_a32bc86e_vm-caps-simdna_noaltclsfactor-nolitrun	measured	pinned	9	ratio_vs_best	1.041472	27	1.0000	0	0		
rank	wild-secrets-github-pat	(set)	match-compliance	whole-subject	separate artifact	pcrec_a32bc86e_auto-caps-simdna_nolitrun	measured	pinned	10	median_ns	342.863787	27	1.0000	0	0		
rank	wild-secrets-github-pat	(set)	match-compliance	whole-subject	separate artifact	pcrec_a32bc86e_auto-caps-simdna_nolitrun	measured	pinned	10	min_ns	337.381380	27	1.0000	0	0		
rank	wild-secrets-github-pat	(set)	match-compliance	whole-subject	separate artifact	pcrec_a32bc86e_auto-caps-simdna_nolitrun	measured	pinned	10	max_ns	343.976109	27	1.0000	0	0		
rank	wild-secrets-github-pat	(set)	match-compliance	whole-subject	separate artifact	pcrec_a32bc86e_auto-caps-simdna_nolitrun	measured	pinned	10	stddev_ns	2.470272	27	1.0000	0	0		
rank	wild-secrets-github-pat	(set)	match-compliance	whole-subject	separate artifact	pcrec_a32bc86e_auto-caps-simdna_nolitrun	measured	pinned	10	ratio_vs_baseline	1.043711	27	1.0000	0	0		
rank	wild-secrets-github-pat	(set)	match-compliance	whole-subject	separate artifact	pcrec_a32bc86e_auto-caps-simdna_nolitrun	measured	pinned	10	ratio_vs_best	1.043711	27	1.0000	0	0		
rank	wild-secrets-github-pat	(set)	match-compliance	plain	same program	libpcre2_10.46_jit-caps-simdna	measured	pinned	11	median_ns	1265.422046	27	1.0000	0	0		
rank	wild-secrets-github-pat	(set)	match-compliance	plain	same program	libpcre2_10.46_jit-caps-simdna	measured	pinned	11	min_ns	1264.273524	27	1.0000	0	0		
rank	wild-secrets-github-pat	(set)	match-compliance	plain	same program	libpcre2_10.46_jit-caps-simdna	measured	pinned	11	max_ns	1322.113601	27	1.0000	0	0		
rank	wild-secrets-github-pat	(set)	match-compliance	plain	same program	libpcre2_10.46_jit-caps-simdna	measured	pinned	11	stddev_ns	22.766001	27	1.0000	0	0		
rank	wild-secrets-github-pat	(set)	match-compliance	plain	same program	libpcre2_10.46_jit-caps-simdna	measured	pinned	11	ratio_vs_baseline	3.852068	27	1.0000	0	0		
rank	wild-secrets-github-pat	(set)	match-compliance	plain	same program	libpcre2_10.46_jit-caps-simdna	measured	pinned	11	ratio_vs_best	3.852068	27	1.0000	0	0		
baseline	wild-secrets-github-pat	(set)	short-subject-search			pcrec_a32bc86e_vm-caps-simdna_nolitrun				baseline_identity	row-best-fallback					pcrec_a32bc86e_vm-caps-simdna_nolitrun (row-best fallback -- interp absent from this group)	
rank	wild-secrets-github-pat	(set)	short-subject-search	plain	same program	pcrec_a32bc86e_vm-caps-simdna_nolitrun	measured	pinned	1	median_ns	649.427294	27	1.0000	0	0		
rank	wild-secrets-github-pat	(set)	short-subject-search	plain	same program	pcrec_a32bc86e_vm-caps-simdna_nolitrun	measured	pinned	1	min_ns	646.125774	27	1.0000	0	0		
rank	wild-secrets-github-pat	(set)	short-subject-search	plain	same program	pcrec_a32bc86e_vm-caps-simdna_nolitrun	measured	pinned	1	max_ns	653.396259	27	1.0000	0	0		
rank	wild-secrets-github-pat	(set)	short-subject-search	plain	same program	pcrec_a32bc86e_vm-caps-simdna_nolitrun	measured	pinned	1	stddev_ns	2.589133	27	1.0000	0	0		
rank	wild-secrets-github-pat	(set)	short-subject-search	plain	same program	pcrec_a32bc86e_vm-caps-simdna_nolitrun	measured	pinned	1	ratio_vs_baseline	1.000000	27	1.0000	0	0		
rank	wild-secrets-github-pat	(set)	short-subject-search	plain	same program	pcrec_a32bc86e_vm-caps-simdna_nolitrun	measured	pinned	1	ratio_vs_best	1.000000	27	1.0000	0	0		
rank	wild-secrets-github-pat	(set)	short-subject-search	plain	same program	pcrec_a32bc86e_vm-caps-simdna_noaltclsfactor-nolitrun	measured	pinned	2	median_ns	652.798308	27	1.0000	0	0		
rank	wild-secrets-github-pat	(set)	short-subject-search	plain	same program	pcrec_a32bc86e_vm-caps-simdna_noaltclsfactor-nolitrun	measured	pinned	2	min_ns	648.126336	27	1.0000	0	0		
rank	wild-secrets-github-pat	(set)	short-subject-search	plain	same program	pcrec_a32bc86e_vm-caps-simdna_noaltclsfactor-nolitrun	measured	pinned	2	max_ns	653.929780	27	1.0000	0	0		
rank	wild-secrets-github-pat	(set)	short-subject-search	plain	same program	pcrec_a32bc86e_vm-caps-simdna_noaltclsfactor-nolitrun	measured	pinned	2	stddev_ns	2.168998	27	1.0000	0	0		
rank	wild-secrets-github-pat	(set)	short-subject-search	plain	same program	pcrec_a32bc86e_vm-caps-simdna_noaltclsfactor-nolitrun	measured	pinned	2	ratio_vs_baseline	1.005191	27	1.0000	0	0		
rank	wild-secrets-github-pat	(set)	short-subject-search	plain	same program	pcrec_a32bc86e_vm-caps-simdna_noaltclsfactor-nolitrun	measured	pinned	2	ratio_vs_best	1.005191	27	1.0000	0	0		
rank	wild-secrets-github-pat	(set)	short-subject-search	plain	same program	pcrec_a32bc86e_vm-caps-simdna	measured	pinned	3	median_ns	676.839423	27	1.0000	0	0		
rank	wild-secrets-github-pat	(set)	short-subject-search	plain	same program	pcrec_a32bc86e_vm-caps-simdna	measured	pinned	3	min_ns	675.419541	27	1.0000	0	0		
rank	wild-secrets-github-pat	(set)	short-subject-search	plain	same program	pcrec_a32bc86e_vm-caps-simdna	measured	pinned	3	max_ns	679.364190	27	1.0000	0	0		
rank	wild-secrets-github-pat	(set)	short-subject-search	plain	same program	pcrec_a32bc86e_vm-caps-simdna	measured	pinned	3	stddev_ns	1.273724	27	1.0000	0	0		
rank	wild-secrets-github-pat	(set)	short-subject-search	plain	same program	pcrec_a32bc86e_vm-caps-simdna	measured	pinned	3	ratio_vs_baseline	1.042210	27	1.0000	0	0		
rank	wild-secrets-github-pat	(set)	short-subject-search	plain	same program	pcrec_a32bc86e_vm-caps-simdna	measured	pinned	3	ratio_vs_best	1.042210	27	1.0000	0	0		
rank	wild-secrets-github-pat	(set)	short-subject-search	plain	same program	pcrec_a32bc86e_vm-caps-simdna_noaltclsfactor	measured	pinned	4	median_ns	676.937138	27	1.0000	0	0		
rank	wild-secrets-github-pat	(set)	short-subject-search	plain	same program	pcrec_a32bc86e_vm-caps-simdna_noaltclsfactor	measured	pinned	4	min_ns	674.427620	27	1.0000	0	0		
rank	wild-secrets-github-pat	(set)	short-subject-search	plain	same program	pcrec_a32bc86e_vm-caps-simdna_noaltclsfactor	measured	pinned	4	max_ns	681.889161	27	1.0000	0	0		
rank	wild-secrets-github-pat	(set)	short-subject-search	plain	same program	pcrec_a32bc86e_vm-caps-simdna_noaltclsfactor	measured	pinned	4	stddev_ns	2.589735	27	1.0000	0	0		
rank	wild-secrets-github-pat	(set)	short-subject-search	plain	same program	pcrec_a32bc86e_vm-caps-simdna_noaltclsfactor	measured	pinned	4	ratio_vs_baseline	1.042360	27	1.0000	0	0		
rank	wild-secrets-github-pat	(set)	short-subject-search	plain	same program	pcrec_a32bc86e_vm-caps-simdna_noaltclsfactor	measured	pinned	4	ratio_vs_best	1.042360	27	1.0000	0	0		
rank	wild-secrets-github-pat	(set)	short-subject-search	plain	same program	pcrec_a32bc86e_vm-caps-simdna_noreqbyte-noreqrun	measured	pinned	5	median_ns	1187.704598	27	1.0000	0	0		
rank	wild-secrets-github-pat	(set)	short-subject-search	plain	same program	pcrec_a32bc86e_vm-caps-simdna_noreqbyte-noreqrun	measured	pinned	5	min_ns	1187.184060	27	1.0000	0	0		
rank	wild-secrets-github-pat	(set)	short-subject-search	plain	same program	pcrec_a32bc86e_vm-caps-simdna_noreqbyte-noreqrun	measured	pinned	5	max_ns	1193.980639	27	1.0000	0	0		
rank	wild-secrets-github-pat	(set)	short-subject-search	plain	same program	pcrec_a32bc86e_vm-caps-simdna_noreqbyte-noreqrun	measured	pinned	5	stddev_ns	2.616149	27	1.0000	0	0		
rank	wild-secrets-github-pat	(set)	short-subject-search	plain	same program	pcrec_a32bc86e_vm-caps-simdna_noreqbyte-noreqrun	measured	pinned	5	ratio_vs_baseline	1.828849	27	1.0000	0	0		
rank	wild-secrets-github-pat	(set)	short-subject-search	plain	same program	pcrec_a32bc86e_vm-caps-simdna_noreqbyte-noreqrun	measured	pinned	5	ratio_vs_best	1.828849	27	1.0000	0	0		
rank	wild-secrets-github-pat	(set)	short-subject-search	plain	same program	pcrec_a32bc86e_vm-caps-simdna_noreqbyte-noreqrun-nolitrun	measured	pinned	6	median_ns	1265.151213	27	1.0000	0	0		
rank	wild-secrets-github-pat	(set)	short-subject-search	plain	same program	pcrec_a32bc86e_vm-caps-simdna_noreqbyte-noreqrun-nolitrun	measured	pinned	6	min_ns	1264.175628	27	1.0000	0	0		
rank	wild-secrets-github-pat	(set)	short-subject-search	plain	same program	pcrec_a32bc86e_vm-caps-simdna_noreqbyte-noreqrun-nolitrun	measured	pinned	6	max_ns	1267.418252	27	1.0000	0	0		
rank	wild-secrets-github-pat	(set)	short-subject-search	plain	same program	pcrec_a32bc86e_vm-caps-simdna_noreqbyte-noreqrun-nolitrun	measured	pinned	6	stddev_ns	1.087828	27	1.0000	0	0		
rank	wild-secrets-github-pat	(set)	short-subject-search	plain	same program	pcrec_a32bc86e_vm-caps-simdna_noreqbyte-noreqrun-nolitrun	measured	pinned	6	ratio_vs_baseline	1.948103	27	1.0000	0	0		
rank	wild-secrets-github-pat	(set)	short-subject-search	plain	same program	pcrec_a32bc86e_vm-caps-simdna_noreqbyte-noreqrun-nolitrun	measured	pinned	6	ratio_vs_best	1.948103	27	1.0000	0	0		
rank	wild-secrets-github-pat	(set)	short-subject-search	plain	same program	libpcre2_10.46_jit-caps-simdna	measured	pinned	7	median_ns	1267.972155	27	1.0000	0	0		
rank	wild-secrets-github-pat	(set)	short-subject-search	plain	same program	libpcre2_10.46_jit-caps-simdna	measured	pinned	7	min_ns	1255.672070	27	1.0000	0	0		
rank	wild-secrets-github-pat	(set)	short-subject-search	plain	same program	libpcre2_10.46_jit-caps-simdna	measured	pinned	7	max_ns	1315.929215	27	1.0000	0	0		
rank	wild-secrets-github-pat	(set)	short-subject-search	plain	same program	libpcre2_10.46_jit-caps-simdna	measured	pinned	7	stddev_ns	21.160482	27	1.0000	0	0		
rank	wild-secrets-github-pat	(set)	short-subject-search	plain	same program	libpcre2_10.46_jit-caps-simdna	measured	pinned	7	ratio_vs_baseline	1.952447	27	1.0000	0	0		
rank	wild-secrets-github-pat	(set)	short-subject-search	plain	same program	libpcre2_10.46_jit-caps-simdna	measured	pinned	7	ratio_vs_best	1.952447	27	1.0000	0	0		
rank	wild-secrets-github-pat	(set)	short-subject-search	plain	same program	pcrec_a32bc86e_auto-caps-simdna	measured	pinned	8	median_ns	1497.045638	27	1.0000	0	0		
rank	wild-secrets-github-pat	(set)	short-subject-search	plain	same program	pcrec_a32bc86e_auto-caps-simdna	measured	pinned	8	min_ns	1496.114109	27	1.0000	0	0		
rank	wild-secrets-github-pat	(set)	short-subject-search	plain	same program	pcrec_a32bc86e_auto-caps-simdna	measured	pinned	8	max_ns	1499.877116	27	1.0000	0	0		
rank	wild-secrets-github-pat	(set)	short-subject-search	plain	same program	pcrec_a32bc86e_auto-caps-simdna	measured	pinned	8	stddev_ns	1.455476	27	1.0000	0	0		
rank	wild-secrets-github-pat	(set)	short-subject-search	plain	same program	pcrec_a32bc86e_auto-caps-simdna	measured	pinned	8	ratio_vs_baseline	2.305178	27	1.0000	0	0		
rank	wild-secrets-github-pat	(set)	short-subject-search	plain	same program	pcrec_a32bc86e_auto-caps-simdna	measured	pinned	8	ratio_vs_best	2.305178	27	1.0000	0	0		
rank	wild-secrets-github-pat	(set)	short-subject-search	plain	same program	pcrec_a32bc86e_auto-caps-simdna_noaltclsfactor	measured	pinned	9	median_ns	1498.719073	27	1.0000	0	0		
rank	wild-secrets-github-pat	(set)	short-subject-search	plain	same program	pcrec_a32bc86e_auto-caps-simdna_noaltclsfactor	measured	pinned	9	min_ns	1492.417726	27	1.0000	0	0		
rank	wild-secrets-github-pat	(set)	short-subject-search	plain	same program	pcrec_a32bc86e_auto-caps-simdna_noaltclsfactor	measured	pinned	9	max_ns	1775.371392	27	1.0000	0	0		
rank	wild-secrets-github-pat	(set)	short-subject-search	plain	same program	pcrec_a32bc86e_auto-caps-simdna_noaltclsfactor	measured	pinned	9	stddev_ns	111.596280	27	1.0000	0	0		
rank	wild-secrets-github-pat	(set)	short-subject-search	plain	same program	pcrec_a32bc86e_auto-caps-simdna_noaltclsfactor	measured	pinned	9	ratio_vs_baseline	2.307755	27	1.0000	0	0		
rank	wild-secrets-github-pat	(set)	short-subject-search	plain	same program	pcrec_a32bc86e_auto-caps-simdna_noaltclsfactor	measured	pinned	9	ratio_vs_best	2.307755	27	1.0000	0	0		
rank	wild-secrets-github-pat	(set)	short-subject-search	plain	same program	pcrec_a32bc86e_auto-caps-simdna_nolitrun	measured	pinned	10	median_ns	1505.697479	27	1.0000	0	0		
rank	wild-secrets-github-pat	(set)	short-subject-search	plain	same program	pcrec_a32bc86e_auto-caps-simdna_nolitrun	measured	pinned	10	min_ns	1499.993951	27	1.0000	0	0		
rank	wild-secrets-github-pat	(set)	short-subject-search	plain	same program	pcrec_a32bc86e_auto-caps-simdna_nolitrun	measured	pinned	10	max_ns	1517.260236	27	1.0000	0	0		
rank	wild-secrets-github-pat	(set)	short-subject-search	plain	same program	pcrec_a32bc86e_auto-caps-simdna_nolitrun	measured	pinned	10	stddev_ns	5.922936	27	1.0000	0	0		
rank	wild-secrets-github-pat	(set)	short-subject-search	plain	same program	pcrec_a32bc86e_auto-caps-simdna_nolitrun	measured	pinned	10	ratio_vs_baseline	2.318500	27	1.0000	0	0		
rank	wild-secrets-github-pat	(set)	short-subject-search	plain	same program	pcrec_a32bc86e_auto-caps-simdna_nolitrun	measured	pinned	10	ratio_vs_best	2.318500	27	1.0000	0	0		
rank	wild-secrets-github-pat	(set)	short-subject-search	plain	same program	pcrec_a32bc86e_auto-caps-simdna_noaltclsfactor-nolitrun	measured	pinned	11	median_ns	1506.882675	27	1.0000	0	0		
rank	wild-secrets-github-pat	(set)	short-subject-search	plain	same program	pcrec_a32bc86e_auto-caps-simdna_noaltclsfactor-nolitrun	measured	pinned	11	min_ns	1504.519585	27	1.0000	0	0		
rank	wild-secrets-github-pat	(set)	short-subject-search	plain	same program	pcrec_a32bc86e_auto-caps-simdna_noaltclsfactor-nolitrun	measured	pinned	11	max_ns	1508.753590	27	1.0000	0	0		
rank	wild-secrets-github-pat	(set)	short-subject-search	plain	same program	pcrec_a32bc86e_auto-caps-simdna_noaltclsfactor-nolitrun	measured	pinned	11	stddev_ns	1.344720	27	1.0000	0	0		
rank	wild-secrets-github-pat	(set)	short-subject-search	plain	same program	pcrec_a32bc86e_auto-caps-simdna_noaltclsfactor-nolitrun	measured	pinned	11	ratio_vs_baseline	2.320325	27	1.0000	0	0		
rank	wild-secrets-github-pat	(set)	short-subject-search	plain	same program	pcrec_a32bc86e_auto-caps-simdna_noaltclsfactor-nolitrun	measured	pinned	11	ratio_vs_best	2.320325	27	1.0000	0	0		
query_yes_beats_nocaps										hit_count	0						
compile	alt-foo-tails			plain	same program	libpcre2_10.46_jit-caps-simdna				median_total_ns	12020.000000	5					
compile	alt-foo-tails			plain	same program	libpcre2_10.46_jit-caps-simdna				jitter	timer-floor						
compile	alt-foo-tails			plain	same program	libpcre2_10.46_jit-caps-simdna				artifact_bytes	193						
compile_stamp						libpcre2_10.46_jit-caps-simdna				engine	-						
compile_stamp						libpcre2_10.46_jit-caps-simdna				entry	plain entry						
compile_stamp						libpcre2_10.46_jit-caps-simdna				prefilter	-						
compile_stamp						libpcre2_10.46_jit-caps-simdna				vm_rungs	-						
compile_stamp						libpcre2_10.46_jit-caps-simdna				buffers	n/s						
compile_stamp						libpcre2_10.46_jit-caps-simdna				frame	n/s						
compile	ctrl-abc-dollar			plain	same program	libpcre2_10.46_jit-caps-simdna				median_total_ns	9040.000000	5					
compile	ctrl-abc-dollar			plain	same program	libpcre2_10.46_jit-caps-simdna				jitter	timer-floor						
compile	ctrl-abc-dollar			plain	same program	libpcre2_10.46_jit-caps-simdna				artifact_bytes	166						
compile	floor			plain	same program	libpcre2_10.46_jit-caps-simdna				median_total_ns	6361.000000	5					
compile	floor			plain	same program	libpcre2_10.46_jit-caps-simdna				jitter	timer-floor						
compile	floor			plain	same program	libpcre2_10.46_jit-caps-simdna				artifact_bytes	161						
compile	lit-l10			plain	same program	libpcre2_10.46_jit-caps-simdna				median_total_ns	9810.000000	5					
compile	lit-l10			plain	same program	libpcre2_10.46_jit-caps-simdna				jitter	timer-floor						
compile	lit-l10			plain	same program	libpcre2_10.46_jit-caps-simdna				artifact_bytes	179						
compile	lit-l16			plain	same program	libpcre2_10.46_jit-caps-simdna				median_total_ns	9960.000000	5					
compile	lit-l16			plain	same program	libpcre2_10.46_jit-caps-simdna				jitter	timer-floor						
compile	lit-l16			plain	same program	libpcre2_10.46_jit-caps-simdna				artifact_bytes	191						
compile	lit-l2			plain	same program	libpcre2_10.46_jit-caps-simdna				median_total_ns	8340.000000	5					
compile	lit-l2			plain	same program	libpcre2_10.46_jit-caps-simdna				jitter	timer-floor						
compile	lit-l2			plain	same program	libpcre2_10.46_jit-caps-simdna				artifact_bytes	163						
compile	lit-l3			plain	same program	libpcre2_10.46_jit-caps-simdna				median_total_ns	8960.000000	5					
compile	lit-l3			plain	same program	libpcre2_10.46_jit-caps-simdna				jitter	timer-floor						
compile	lit-l3			plain	same program	libpcre2_10.46_jit-caps-simdna				artifact_bytes	165						
compile	lit-l31			plain	same program	libpcre2_10.46_jit-caps-simdna				median_total_ns	11520.000000	5					
compile	lit-l31			plain	same program	libpcre2_10.46_jit-caps-simdna				jitter	timer-floor						
compile	lit-l31			plain	same program	libpcre2_10.46_jit-caps-simdna				artifact_bytes	221						
compile	lit-l4			plain	same program	libpcre2_10.46_jit-caps-simdna				median_total_ns	8760.000000	5					
compile	lit-l4			plain	same program	libpcre2_10.46_jit-caps-simdna				jitter	timer-floor						
compile	lit-l4			plain	same program	libpcre2_10.46_jit-caps-simdna				artifact_bytes	167						
compile	lit-l40			plain	same program	libpcre2_10.46_jit-caps-simdna				median_total_ns	11741.000000	5					
compile	lit-l40			plain	same program	libpcre2_10.46_jit-caps-simdna				jitter	timer-floor						
compile	lit-l40			plain	same program	libpcre2_10.46_jit-caps-simdna				artifact_bytes	239						
compile	lit-l7			plain	same program	libpcre2_10.46_jit-caps-simdna				median_total_ns	9380.000000	5					
compile	lit-l7			plain	same program	libpcre2_10.46_jit-caps-simdna				jitter	timer-floor						
compile	lit-l7			plain	same program	libpcre2_10.46_jit-caps-simdna				artifact_bytes	173						
compile	lit-l8			plain	same program	libpcre2_10.46_jit-caps-simdna				median_total_ns	9260.000000	5					
compile	lit-l8			plain	same program	libpcre2_10.46_jit-caps-simdna				jitter	timer-floor						
compile	lit-l8			plain	same program	libpcre2_10.46_jit-caps-simdna				artifact_bytes	175						
compile	wild-secrets-aws-access-key-id			plain	same program	libpcre2_10.46_jit-caps-simdna				median_total_ns	25010.000000	5					
compile	wild-secrets-aws-access-key-id			plain	same program	libpcre2_10.46_jit-caps-simdna				jitter	1.170						
compile	wild-secrets-aws-access-key-id			plain	same program	libpcre2_10.46_jit-caps-simdna				artifact_bytes	340						
compile	wild-secrets-github-pat			plain	same program	libpcre2_10.46_jit-caps-simdna				median_total_ns	15880.000000	5					
compile	wild-secrets-github-pat			plain	same program	libpcre2_10.46_jit-caps-simdna				jitter	timer-floor						
compile	wild-secrets-github-pat			plain	same program	libpcre2_10.46_jit-caps-simdna				artifact_bytes	229						
compile	alt-foo-tails			plain	same program	pcrec_a32bc86e_auto-caps-simdna				median_total_ns	163337423.000000	5					
compile	alt-foo-tails			plain	same program	pcrec_a32bc86e_auto-caps-simdna				jitter	0.032						
compile	alt-foo-tails			plain	same program	pcrec_a32bc86e_auto-caps-simdna				artifact_bytes	27872						
compile	alt-foo-tails			plain	same program	pcrec_a32bc86e_auto-caps-simdna				emit_bytes	22767						
compile	alt-foo-tails			plain	same program	pcrec_a32bc86e_auto-caps-simdna				emit_code_bytes	15956						
compile_stamp						pcrec_a32bc86e_auto-caps-simdna				engine	dfa						
compile_stamp						pcrec_a32bc86e_auto-caps-simdna				entry	plain entry						
compile_stamp						pcrec_a32bc86e_auto-caps-simdna				prefilter	-						
compile_stamp						pcrec_a32bc86e_auto-caps-simdna				vm_rungs	-						
compile_stamp						pcrec_a32bc86e_auto-caps-simdna				buffers	0 (DFA)						
compile_stamp						pcrec_a32bc86e_auto-caps-simdna				frame	0 (DFA)						
compile_stamp						pcrec_a32bc86e_auto-caps-simdna				dfa_prefilter_offsets	0*,1,2						
compile_stamp						pcrec_a32bc86e_auto-caps-simdna				dfa_match	unwrapped						
compile_stamp						pcrec_a32bc86e_auto-caps-simdna				dfa_scan_edge	range						
compile_stamp						pcrec_a32bc86e_auto-caps-simdna				scan_edges	0						
compile_stamp						pcrec_a32bc86e_auto-caps-simdna				scan_edges_match	1						
compile_stamp						pcrec_a32bc86e_auto-caps-simdna				engine_sel	selected						
compile	alt-foo-tails			whole-subject	separate artifact	pcrec_a32bc86e_auto-caps-simdna				median_total_ns	166762116.000000	5					
compile	alt-foo-tails			whole-subject	separate artifact	pcrec_a32bc86e_auto-caps-simdna				jitter	0.026						
compile	alt-foo-tails			whole-subject	separate artifact	pcrec_a32bc86e_auto-caps-simdna				artifact_bytes	28016						
compile	alt-foo-tails			whole-subject	separate artifact	pcrec_a32bc86e_auto-caps-simdna				emit_bytes	26030						
compile	alt-foo-tails			whole-subject	separate artifact	pcrec_a32bc86e_auto-caps-simdna				emit_code_bytes	18044						
compile	ctrl-abc-dollar			plain	same program	pcrec_a32bc86e_auto-caps-simdna				median_total_ns	174032408.000000	5					
compile	ctrl-abc-dollar			plain	same program	pcrec_a32bc86e_auto-caps-simdna				jitter	0.043						
compile	ctrl-abc-dollar			plain	same program	pcrec_a32bc86e_auto-caps-simdna				artifact_bytes	28016						
compile	ctrl-abc-dollar			plain	same program	pcrec_a32bc86e_auto-caps-simdna				emit_bytes	23560						
compile	ctrl-abc-dollar			plain	same program	pcrec_a32bc86e_auto-caps-simdna				emit_code_bytes	17779						
compile	ctrl-abc-dollar			whole-subject	separate artifact	pcrec_a32bc86e_auto-caps-simdna				median_total_ns	167770194.000000	5					
compile	ctrl-abc-dollar			whole-subject	separate artifact	pcrec_a32bc86e_auto-caps-simdna				jitter	0.021						
compile	ctrl-abc-dollar			whole-subject	separate artifact	pcrec_a32bc86e_auto-caps-simdna				artifact_bytes	28016						
compile	ctrl-abc-dollar			whole-subject	separate artifact	pcrec_a32bc86e_auto-caps-simdna				emit_bytes	23132						
compile	ctrl-abc-dollar			whole-subject	separate artifact	pcrec_a32bc86e_auto-caps-simdna				emit_code_bytes	17351						
compile	floor			plain	same program	pcrec_a32bc86e_auto-caps-simdna				median_total_ns	156120624.000000	5					
compile	floor			plain	same program	pcrec_a32bc86e_auto-caps-simdna				jitter	0.022						
compile	floor			plain	same program	pcrec_a32bc86e_auto-caps-simdna				artifact_bytes	27872						
compile	floor			plain	same program	pcrec_a32bc86e_auto-caps-simdna				emit_bytes	19791						
compile	floor			plain	same program	pcrec_a32bc86e_auto-caps-simdna				emit_code_bytes	14794						
compile	floor			whole-subject	separate artifact	pcrec_a32bc86e_auto-caps-simdna				median_total_ns	162198294.000000	5					
compile	floor			whole-subject	separate artifact	pcrec_a32bc86e_auto-caps-simdna				jitter	0.024						
compile	floor			whole-subject	separate artifact	pcrec_a32bc86e_auto-caps-simdna				artifact_bytes	28016						
compile	floor			whole-subject	separate artifact	pcrec_a32bc86e_auto-caps-simdna				emit_bytes	22246						
compile	floor			whole-subject	separate artifact	pcrec_a32bc86e_auto-caps-simdna				emit_code_bytes	16923						
compile	lit-l10			plain	same program	pcrec_a32bc86e_auto-caps-simdna				median_total_ns	157000399.000000	5					
compile	lit-l10			plain	same program	pcrec_a32bc86e_auto-caps-simdna				jitter	0.050						
compile	lit-l10			plain	same program	pcrec_a32bc86e_auto-caps-simdna				artifact_bytes	27872						
compile	lit-l10			plain	same program	pcrec_a32bc86e_auto-caps-simdna				emit_bytes	23617						
compile	lit-l10			plain	same program	pcrec_a32bc86e_auto-caps-simdna				emit_code_bytes	15224						
compile	lit-l10			whole-subject	separate artifact	pcrec_a32bc86e_auto-caps-simdna				median_total_ns	168361627.000000	5					
compile	lit-l10			whole-subject	separate artifact	pcrec_a32bc86e_auto-caps-simdna				jitter	0.033						
compile	lit-l10			whole-subject	separate artifact	pcrec_a32bc86e_auto-caps-simdna				artifact_bytes	28016						
compile	lit-l10			whole-subject	separate artifact	pcrec_a32bc86e_auto-caps-simdna				emit_bytes	26632						
compile	lit-l10			whole-subject	separate artifact	pcrec_a32bc86e_auto-caps-simdna				emit_code_bytes	17433						
compile	lit-l16			plain	same program	pcrec_a32bc86e_auto-caps-simdna				median_total_ns	155575060.000000	5					
compile	lit-l16			plain	same program	pcrec_a32bc86e_auto-caps-simdna				jitter	0.033						
compile	lit-l16			plain	same program	pcrec_a32bc86e_auto-caps-simdna				artifact_bytes	27872						
compile	lit-l16			plain	same program	pcrec_a32bc86e_auto-caps-simdna				emit_bytes	28554						
compile	lit-l16			plain	same program	pcrec_a32bc86e_auto-caps-simdna				emit_code_bytes	15235						
compile	lit-l16			whole-subject	separate artifact	pcrec_a32bc86e_auto-caps-simdna				median_total_ns	170541824.000000	5					
compile	lit-l16			whole-subject	separate artifact	pcrec_a32bc86e_auto-caps-simdna				jitter	0.009						
compile	lit-l16			whole-subject	separate artifact	pcrec_a32bc86e_auto-caps-simdna				artifact_bytes	28016						
compile	lit-l16			whole-subject	separate artifact	pcrec_a32bc86e_auto-caps-simdna				emit_bytes	31875						
compile	lit-l16			whole-subject	separate artifact	pcrec_a32bc86e_auto-caps-simdna				emit_code_bytes	17444						
compile	lit-l2			plain	same program	pcrec_a32bc86e_auto-caps-simdna				median_total_ns	157790015.000000	5					
compile	lit-l2			plain	same program	pcrec_a32bc86e_auto-caps-simdna				jitter	0.022						
compile	lit-l2			plain	same program	pcrec_a32bc86e_auto-caps-simdna				artifact_bytes	27872						
compile	lit-l2			plain	same program	pcrec_a32bc86e_auto-caps-simdna				emit_bytes	20252						
compile	lit-l2			plain	same program	pcrec_a32bc86e_auto-caps-simdna				emit_code_bytes	15129						
compile	lit-l2			whole-subject	separate artifact	pcrec_a32bc86e_auto-caps-simdna				median_total_ns	166882478.000000	5					
compile	lit-l2			whole-subject	separate artifact	pcrec_a32bc86e_auto-caps-simdna				jitter	0.028						
compile	lit-l2			whole-subject	separate artifact	pcrec_a32bc86e_auto-caps-simdna				artifact_bytes	28016						
compile	lit-l2			whole-subject	separate artifact	pcrec_a32bc86e_auto-caps-simdna				emit_bytes	22832						
compile	lit-l2			whole-subject	separate artifact	pcrec_a32bc86e_auto-caps-simdna				emit_code_bytes	17330						
compile	lit-l3			plain	same program	pcrec_a32bc86e_auto-caps-simdna				median_total_ns	159481986.000000	5					
compile	lit-l3			plain	same program	pcrec_a32bc86e_auto-caps-simdna				jitter	0.004						
compile	lit-l3			plain	same program	pcrec_a32bc86e_auto-caps-simdna				artifact_bytes	27872						
compile	lit-l3			plain	same program	pcrec_a32bc86e_auto-caps-simdna				emit_bytes	20458						
compile	lit-l3			plain	same program	pcrec_a32bc86e_auto-caps-simdna				emit_code_bytes	15148						
compile	lit-l3			whole-subject	separate artifact	pcrec_a32bc86e_auto-caps-simdna				median_total_ns	165678539.000000	5					
compile	lit-l3			whole-subject	separate artifact	pcrec_a32bc86e_auto-caps-simdna				jitter	0.040						
compile	lit-l3			whole-subject	separate artifact	pcrec_a32bc86e_auto-caps-simdna				artifact_bytes	28016						
compile	lit-l3			whole-subject	separate artifact	pcrec_a32bc86e_auto-caps-simdna				emit_bytes	23130						
compile	lit-l3			whole-subject	separate artifact	pcrec_a32bc86e_auto-caps-simdna				emit_code_bytes	17349						
compile	lit-l31			plain	same program	pcrec_a32bc86e_auto-caps-simdna				median_total_ns	164857654.000000	5					
compile	lit-l31			plain	same program	pcrec_a32bc86e_auto-caps-simdna				jitter	0.027						
compile	lit-l31			plain	same program	pcrec_a32bc86e_auto-caps-simdna				artifact_bytes	36064						
compile	lit-l31			plain	same program	pcrec_a32bc86e_auto-caps-simdna				emit_bytes	50343						
compile	lit-l31			plain	same program	pcrec_a32bc86e_auto-caps-simdna				emit_code_bytes	15697						
compile	lit-l31			whole-subject	separate artifact	pcrec_a32bc86e_auto-caps-simdna				median_total_ns	177681233.000000	5					
compile	lit-l31			whole-subject	separate artifact	pcrec_a32bc86e_auto-caps-simdna				jitter	0.024						
compile	lit-l31			whole-subject	separate artifact	pcrec_a32bc86e_auto-caps-simdna				artifact_bytes	36208						
compile	lit-l31			whole-subject	separate artifact	pcrec_a32bc86e_auto-caps-simdna				emit_bytes	54444						
compile	lit-l31			whole-subject	separate artifact	pcrec_a32bc86e_auto-caps-simdna				emit_code_bytes	17906						
compile	lit-l4			plain	same program	pcrec_a32bc86e_auto-caps-simdna				median_total_ns	158677111.000000	5					
compile	lit-l4			plain	same program	pcrec_a32bc86e_auto-caps-simdna				jitter	0.029						
compile	lit-l4			plain	same program	pcrec_a32bc86e_auto-caps-simdna				artifact_bytes	27872						
compile	lit-l4			plain	same program	pcrec_a32bc86e_auto-caps-simdna				emit_bytes	20748						
compile	lit-l4			plain	same program	pcrec_a32bc86e_auto-caps-simdna				emit_code_bytes	15154						
compile	lit-l4			whole-subject	separate artifact	pcrec_a32bc86e_auto-caps-simdna				median_total_ns	164132299.000000	5					
compile	lit-l4			whole-subject	separate artifact	pcrec_a32bc86e_auto-caps-simdna				jitter	0.031						
compile	lit-l4			whole-subject	separate artifact	pcrec_a32bc86e_auto-caps-simdna				artifact_bytes	28016						
compile	lit-l4			whole-subject	separate artifact	pcrec_a32bc86e_auto-caps-simdna				emit_bytes	23420						
compile	lit-l4			whole-subject	separate artifact	pcrec_a32bc86e_auto-caps-simdna				emit_code_bytes	17356						
compile	lit-l40			plain	same program	pcrec_a32bc86e_auto-caps-simdna				median_total_ns	167493003.000000	5					
compile	lit-l40			plain	same program	pcrec_a32bc86e_auto-caps-simdna				jitter	0.042						
compile	lit-l40			plain	same program	pcrec_a32bc86e_auto-caps-simdna				artifact_bytes	40160						
compile	lit-l40			plain	same program	pcrec_a32bc86e_auto-caps-simdna				emit_bytes	69526						
compile	lit-l40			plain	same program	pcrec_a32bc86e_auto-caps-simdna				emit_code_bytes	15704						
compile	lit-l40			whole-subject	separate artifact	pcrec_a32bc86e_auto-caps-simdna				median_total_ns	187160288.000000	5					
compile	lit-l40			whole-subject	separate artifact	pcrec_a32bc86e_auto-caps-simdna				jitter	0.039						
compile	lit-l40			whole-subject	separate artifact	pcrec_a32bc86e_auto-caps-simdna				artifact_bytes	40304						
compile	lit-l40			whole-subject	separate artifact	pcrec_a32bc86e_auto-caps-simdna				emit_bytes	74050						
compile	lit-l40			whole-subject	separate artifact	pcrec_a32bc86e_auto-caps-simdna				emit_code_bytes	17913						
compile	lit-l7			plain	same program	pcrec_a32bc86e_auto-caps-simdna				median_total_ns	157286852.000000	5					
compile	lit-l7			plain	same program	pcrec_a32bc86e_auto-caps-simdna				jitter	0.025						
compile	lit-l7			plain	same program	pcrec_a32bc86e_auto-caps-simdna				artifact_bytes	27872						
compile	lit-l7			plain	same program	pcrec_a32bc86e_auto-caps-simdna				emit_bytes	21873						
compile	lit-l7			plain	same program	pcrec_a32bc86e_auto-caps-simdna				emit_code_bytes	15172						
compile	lit-l7			whole-subject	separate artifact	pcrec_a32bc86e_auto-caps-simdna				median_total_ns	169617455.000000	5					
compile	lit-l7			whole-subject	separate artifact	pcrec_a32bc86e_auto-caps-simdna				jitter	0.023						
compile	lit-l7			whole-subject	separate artifact	pcrec_a32bc86e_auto-caps-simdna				artifact_bytes	28016						
compile	lit-l7			whole-subject	separate artifact	pcrec_a32bc86e_auto-caps-simdna				emit_bytes	24734						
compile	lit-l7			whole-subject	separate artifact	pcrec_a32bc86e_auto-caps-simdna				emit_code_bytes	17374						
compile	lit-l8			plain	same program	pcrec_a32bc86e_auto-caps-simdna				median_total_ns	152009575.000000	5					
compile	lit-l8			plain	same program	pcrec_a32bc86e_auto-caps-simdna				jitter	0.028						
compile	lit-l8			plain	same program	pcrec_a32bc86e_auto-caps-simdna				artifact_bytes	27872						
compile	lit-l8			plain	same program	pcrec_a32bc86e_auto-caps-simdna				emit_bytes	22416						
compile	lit-l8			plain	same program	pcrec_a32bc86e_auto-caps-simdna				emit_code_bytes	15178						
compile	lit-l8			whole-subject	separate artifact	pcrec_a32bc86e_auto-caps-simdna				median_total_ns	161930683.000000	5					
compile	lit-l8			whole-subject	separate artifact	pcrec_a32bc86e_auto-caps-simdna				jitter	0.049						
compile	lit-l8			whole-subject	separate artifact	pcrec_a32bc86e_auto-caps-simdna				artifact_bytes	28016						
compile	lit-l8			whole-subject	separate artifact	pcrec_a32bc86e_auto-caps-simdna				emit_bytes	25279						
compile	lit-l8			whole-subject	separate artifact	pcrec_a32bc86e_auto-caps-simdna				emit_code_bytes	17380						
compile	wild-secrets-aws-access-key-id			plain	same program	pcrec_a32bc86e_auto-caps-simdna				median_total_ns	237277496.000000	5					
compile	wild-secrets-aws-access-key-id			plain	same program	pcrec_a32bc86e_auto-caps-simdna				jitter	0.017						
compile	wild-secrets-aws-access-key-id			plain	same program	pcrec_a32bc86e_auto-caps-simdna				artifact_bytes	36336						
compile	wild-secrets-aws-access-key-id			plain	same program	pcrec_a32bc86e_auto-caps-simdna				emit_bytes	46133						
compile	wild-secrets-aws-access-key-id			plain	same program	pcrec_a32bc86e_auto-caps-simdna				emit_code_bytes	29228						
compile	wild-secrets-aws-access-key-id			whole-subject	separate artifact	pcrec_a32bc86e_auto-caps-simdna				median_total_ns	249013128.000000	5					
compile	wild-secrets-aws-access-key-id			whole-subject	separate artifact	pcrec_a32bc86e_auto-caps-simdna				jitter	0.029						
compile	wild-secrets-aws-access-key-id			whole-subject	separate artifact	pcrec_a32bc86e_auto-caps-simdna				artifact_bytes	36432						
compile	wild-secrets-aws-access-key-id			whole-subject	separate artifact	pcrec_a32bc86e_auto-caps-simdna				emit_bytes	48666						
compile	wild-secrets-aws-access-key-id			whole-subject	separate artifact	pcrec_a32bc86e_auto-caps-simdna				emit_code_bytes	30765						
compile	wild-secrets-github-pat			plain	same program	pcrec_a32bc86e_auto-caps-simdna				median_total_ns	334547502.000000	5					
compile	wild-secrets-github-pat			plain	same program	pcrec_a32bc86e_auto-caps-simdna				jitter	0.011						
compile	wild-secrets-github-pat			plain	same program	pcrec_a32bc86e_auto-caps-simdna				artifact_bytes	40304						
compile	wild-secrets-github-pat			plain	same program	pcrec_a32bc86e_auto-caps-simdna				emit_bytes	56824						
compile	wild-secrets-github-pat			plain	same program	pcrec_a32bc86e_auto-caps-simdna				emit_code_bytes	26714						
compile	wild-secrets-github-pat			whole-subject	separate artifact	pcrec_a32bc86e_auto-caps-simdna				median_total_ns	335202305.000000	5					
compile	wild-secrets-github-pat			whole-subject	separate artifact	pcrec_a32bc86e_auto-caps-simdna				jitter	0.023						
compile	wild-secrets-github-pat			whole-subject	separate artifact	pcrec_a32bc86e_auto-caps-simdna				artifact_bytes	40400						
compile	wild-secrets-github-pat			whole-subject	separate artifact	pcrec_a32bc86e_auto-caps-simdna				emit_bytes	60192						
compile	wild-secrets-github-pat			whole-subject	separate artifact	pcrec_a32bc86e_auto-caps-simdna				emit_code_bytes	28249						
compile	alt-foo-tails			plain	same program	pcrec_a32bc86e_auto-caps-simdna_noaltclsfactor				median_total_ns	155559738.000000	5					
compile	alt-foo-tails			plain	same program	pcrec_a32bc86e_auto-caps-simdna_noaltclsfactor				jitter	0.039						
compile	alt-foo-tails			plain	same program	pcrec_a32bc86e_auto-caps-simdna_noaltclsfactor				artifact_bytes	27872						
compile	alt-foo-tails			plain	same program	pcrec_a32bc86e_auto-caps-simdna_noaltclsfactor				emit_bytes	22767						
compile	alt-foo-tails			plain	same program	pcrec_a32bc86e_auto-caps-simdna_noaltclsfactor				emit_code_bytes	15956						
compile_stamp						pcrec_a32bc86e_auto-caps-simdna_noaltclsfactor				engine	dfa						
compile_stamp						pcrec_a32bc86e_auto-caps-simdna_noaltclsfactor				entry	plain entry						
compile_stamp						pcrec_a32bc86e_auto-caps-simdna_noaltclsfactor				prefilter	-						
compile_stamp						pcrec_a32bc86e_auto-caps-simdna_noaltclsfactor				vm_rungs	-						
compile_stamp						pcrec_a32bc86e_auto-caps-simdna_noaltclsfactor				buffers	0 (DFA)						
compile_stamp						pcrec_a32bc86e_auto-caps-simdna_noaltclsfactor				frame	0 (DFA)						
compile_stamp						pcrec_a32bc86e_auto-caps-simdna_noaltclsfactor				dfa_prefilter_offsets	0*,1,2						
compile_stamp						pcrec_a32bc86e_auto-caps-simdna_noaltclsfactor				dfa_match	unwrapped						
compile_stamp						pcrec_a32bc86e_auto-caps-simdna_noaltclsfactor				dfa_scan_edge	range						
compile_stamp						pcrec_a32bc86e_auto-caps-simdna_noaltclsfactor				scan_edges	0						
compile_stamp						pcrec_a32bc86e_auto-caps-simdna_noaltclsfactor				scan_edges_match	1						
compile_stamp						pcrec_a32bc86e_auto-caps-simdna_noaltclsfactor				engine_sel	selected						
compile	alt-foo-tails			whole-subject	separate artifact	pcrec_a32bc86e_auto-caps-simdna_noaltclsfactor				median_total_ns	170405127.000000	5					
compile	alt-foo-tails			whole-subject	separate artifact	pcrec_a32bc86e_auto-caps-simdna_noaltclsfactor				jitter	0.041						
compile	alt-foo-tails			whole-subject	separate artifact	pcrec_a32bc86e_auto-caps-simdna_noaltclsfactor				artifact_bytes	28016						
compile	alt-foo-tails			whole-subject	separate artifact	pcrec_a32bc86e_auto-caps-simdna_noaltclsfactor				emit_bytes	26030						
compile	alt-foo-tails			whole-subject	separate artifact	pcrec_a32bc86e_auto-caps-simdna_noaltclsfactor				emit_code_bytes	18044						
compile	ctrl-abc-dollar			plain	same program	pcrec_a32bc86e_auto-caps-simdna_noaltclsfactor				median_total_ns	170124946.000000	5					
compile	ctrl-abc-dollar			plain	same program	pcrec_a32bc86e_auto-caps-simdna_noaltclsfactor				jitter	0.030						
compile	ctrl-abc-dollar			plain	same program	pcrec_a32bc86e_auto-caps-simdna_noaltclsfactor				artifact_bytes	28016						
compile	ctrl-abc-dollar			plain	same program	pcrec_a32bc86e_auto-caps-simdna_noaltclsfactor				emit_bytes	23560						
compile	ctrl-abc-dollar			plain	same program	pcrec_a32bc86e_auto-caps-simdna_noaltclsfactor				emit_code_bytes	17779						
compile	ctrl-abc-dollar			whole-subject	separate artifact	pcrec_a32bc86e_auto-caps-simdna_noaltclsfactor				median_total_ns	167967774.000000	5					
compile	ctrl-abc-dollar			whole-subject	separate artifact	pcrec_a32bc86e_auto-caps-simdna_noaltclsfactor				jitter	0.020						
compile	ctrl-abc-dollar			whole-subject	separate artifact	pcrec_a32bc86e_auto-caps-simdna_noaltclsfactor				artifact_bytes	28016						
compile	ctrl-abc-dollar			whole-subject	separate artifact	pcrec_a32bc86e_auto-caps-simdna_noaltclsfactor				emit_bytes	23132						
compile	ctrl-abc-dollar			whole-subject	separate artifact	pcrec_a32bc86e_auto-caps-simdna_noaltclsfactor				emit_code_bytes	17351						
compile	floor			plain	same program	pcrec_a32bc86e_auto-caps-simdna_noaltclsfactor				median_total_ns	145975989.000000	5					
compile	floor			plain	same program	pcrec_a32bc86e_auto-caps-simdna_noaltclsfactor				jitter	0.049						
compile	floor			plain	same program	pcrec_a32bc86e_auto-caps-simdna_noaltclsfactor				artifact_bytes	27872						
compile	floor			plain	same program	pcrec_a32bc86e_auto-caps-simdna_noaltclsfactor				emit_bytes	19791						
compile	floor			plain	same program	pcrec_a32bc86e_auto-caps-simdna_noaltclsfactor				emit_code_bytes	14794						
compile	floor			whole-subject	separate artifact	pcrec_a32bc86e_auto-caps-simdna_noaltclsfactor				median_total_ns	164971508.000000	5					
compile	floor			whole-subject	separate artifact	pcrec_a32bc86e_auto-caps-simdna_noaltclsfactor				jitter	0.039						
compile	floor			whole-subject	separate artifact	pcrec_a32bc86e_auto-caps-simdna_noaltclsfactor				artifact_bytes	28016						
compile	floor			whole-subject	separate artifact	pcrec_a32bc86e_auto-caps-simdna_noaltclsfactor				emit_bytes	22246						
compile	floor			whole-subject	separate artifact	pcrec_a32bc86e_auto-caps-simdna_noaltclsfactor				emit_code_bytes	16923						
compile	lit-l10			plain	same program	pcrec_a32bc86e_auto-caps-simdna_noaltclsfactor				median_total_ns	155446049.000000	5					
compile	lit-l10			plain	same program	pcrec_a32bc86e_auto-caps-simdna_noaltclsfactor				jitter	0.025						
compile	lit-l10			plain	same program	pcrec_a32bc86e_auto-caps-simdna_noaltclsfactor				artifact_bytes	27872						
compile	lit-l10			plain	same program	pcrec_a32bc86e_auto-caps-simdna_noaltclsfactor				emit_bytes	23617						
compile	lit-l10			plain	same program	pcrec_a32bc86e_auto-caps-simdna_noaltclsfactor				emit_code_bytes	15224						
compile	lit-l10			whole-subject	separate artifact	pcrec_a32bc86e_auto-caps-simdna_noaltclsfactor				median_total_ns	171998006.000000	5					
compile	lit-l10			whole-subject	separate artifact	pcrec_a32bc86e_auto-caps-simdna_noaltclsfactor				jitter	0.029						
compile	lit-l10			whole-subject	separate artifact	pcrec_a32bc86e_auto-caps-simdna_noaltclsfactor				artifact_bytes	28016						
compile	lit-l10			whole-subject	separate artifact	pcrec_a32bc86e_auto-caps-simdna_noaltclsfactor				emit_bytes	26632						
compile	lit-l10			whole-subject	separate artifact	pcrec_a32bc86e_auto-caps-simdna_noaltclsfactor				emit_code_bytes	17433						
compile	lit-l16			plain	same program	pcrec_a32bc86e_auto-caps-simdna_noaltclsfactor				median_total_ns	152684814.000000	5					
compile	lit-l16			plain	same program	pcrec_a32bc86e_auto-caps-simdna_noaltclsfactor				jitter	0.035						
compile	lit-l16			plain	same program	pcrec_a32bc86e_auto-caps-simdna_noaltclsfactor				artifact_bytes	27872						
compile	lit-l16			plain	same program	pcrec_a32bc86e_auto-caps-simdna_noaltclsfactor				emit_bytes	28554						
compile	lit-l16			plain	same program	pcrec_a32bc86e_auto-caps-simdna_noaltclsfactor				emit_code_bytes	15235						
compile	lit-l16			whole-subject	separate artifact	pcrec_a32bc86e_auto-caps-simdna_noaltclsfactor				median_total_ns	170828680.000000	5					
compile	lit-l16			whole-subject	separate artifact	pcrec_a32bc86e_auto-caps-simdna_noaltclsfactor				jitter	0.012						
compile	lit-l16			whole-subject	separate artifact	pcrec_a32bc86e_auto-caps-simdna_noaltclsfactor				artifact_bytes	28016						
compile	lit-l16			whole-subject	separate artifact	pcrec_a32bc86e_auto-caps-simdna_noaltclsfactor				emit_bytes	31875						
compile	lit-l16			whole-subject	separate artifact	pcrec_a32bc86e_auto-caps-simdna_noaltclsfactor				emit_code_bytes	17444						
compile	lit-l2			plain	same program	pcrec_a32bc86e_auto-caps-simdna_noaltclsfactor				median_total_ns	159188937.000000	5					
compile	lit-l2			plain	same program	pcrec_a32bc86e_auto-caps-simdna_noaltclsfactor				jitter	0.030						
compile	lit-l2			plain	same program	pcrec_a32bc86e_auto-caps-simdna_noaltclsfactor				artifact_bytes	27872						
compile	lit-l2			plain	same program	pcrec_a32bc86e_auto-caps-simdna_noaltclsfactor				emit_bytes	20252						
compile	lit-l2			plain	same program	pcrec_a32bc86e_auto-caps-simdna_noaltclsfactor				emit_code_bytes	15129						
compile	lit-l2			whole-subject	separate artifact	pcrec_a32bc86e_auto-caps-simdna_noaltclsfactor				median_total_ns	168710838.000000	5					
compile	lit-l2			whole-subject	separate artifact	pcrec_a32bc86e_auto-caps-simdna_noaltclsfactor				jitter	0.023						
compile	lit-l2			whole-subject	separate artifact	pcrec_a32bc86e_auto-caps-simdna_noaltclsfactor				artifact_bytes	28016						
compile	lit-l2			whole-subject	separate artifact	pcrec_a32bc86e_auto-caps-simdna_noaltclsfactor				emit_bytes	22832						
compile	lit-l2			whole-subject	separate artifact	pcrec_a32bc86e_auto-caps-simdna_noaltclsfactor				emit_code_bytes	17330						
compile	lit-l3			plain	same program	pcrec_a32bc86e_auto-caps-simdna_noaltclsfactor				median_total_ns	160404255.000000	5					
compile	lit-l3			plain	same program	pcrec_a32bc86e_auto-caps-simdna_noaltclsfactor				jitter	0.025						
compile	lit-l3			plain	same program	pcrec_a32bc86e_auto-caps-simdna_noaltclsfactor				artifact_bytes	27872						
compile	lit-l3			plain	same program	pcrec_a32bc86e_auto-caps-simdna_noaltclsfactor				emit_bytes	20458						
compile	lit-l3			plain	same program	pcrec_a32bc86e_auto-caps-simdna_noaltclsfactor				emit_code_bytes	15148						
compile	lit-l3			whole-subject	separate artifact	pcrec_a32bc86e_auto-caps-simdna_noaltclsfactor				median_total_ns	161038737.000000	5					
compile	lit-l3			whole-subject	separate artifact	pcrec_a32bc86e_auto-caps-simdna_noaltclsfactor				jitter	0.026						
compile	lit-l3			whole-subject	separate artifact	pcrec_a32bc86e_auto-caps-simdna_noaltclsfactor				artifact_bytes	28016						
compile	lit-l3			whole-subject	separate artifact	pcrec_a32bc86e_auto-caps-simdna_noaltclsfactor				emit_bytes	23130						
compile	lit-l3			whole-subject	separate artifact	pcrec_a32bc86e_auto-caps-simdna_noaltclsfactor				emit_code_bytes	17349						
compile	lit-l31			plain	same program	pcrec_a32bc86e_auto-caps-simdna_noaltclsfactor				median_total_ns	159719510.000000	5					
compile	lit-l31			plain	same program	pcrec_a32bc86e_auto-caps-simdna_noaltclsfactor				jitter	0.021						
compile	lit-l31			plain	same program	pcrec_a32bc86e_auto-caps-simdna_noaltclsfactor				artifact_bytes	36064						
compile	lit-l31			plain	same program	pcrec_a32bc86e_auto-caps-simdna_noaltclsfactor				emit_bytes	50343						
compile	lit-l31			plain	same program	pcrec_a32bc86e_auto-caps-simdna_noaltclsfactor				emit_code_bytes	15697						
compile	lit-l31			whole-subject	separate artifact	pcrec_a32bc86e_auto-caps-simdna_noaltclsfactor				median_total_ns	177196592.000000	5					
compile	lit-l31			whole-subject	separate artifact	pcrec_a32bc86e_auto-caps-simdna_noaltclsfactor				jitter	0.042						
compile	lit-l31			whole-subject	separate artifact	pcrec_a32bc86e_auto-caps-simdna_noaltclsfactor				artifact_bytes	36208						
compile	lit-l31			whole-subject	separate artifact	pcrec_a32bc86e_auto-caps-simdna_noaltclsfactor				emit_bytes	54444						
compile	lit-l31			whole-subject	separate artifact	pcrec_a32bc86e_auto-caps-simdna_noaltclsfactor				emit_code_bytes	17906						
compile	lit-l4			plain	same program	pcrec_a32bc86e_auto-caps-simdna_noaltclsfactor				median_total_ns	159367719.000000	5					
compile	lit-l4			plain	same program	pcrec_a32bc86e_auto-caps-simdna_noaltclsfactor				jitter	0.030						
compile	lit-l4			plain	same program	pcrec_a32bc86e_auto-caps-simdna_noaltclsfactor				artifact_bytes	27872						
compile	lit-l4			plain	same program	pcrec_a32bc86e_auto-caps-simdna_noaltclsfactor				emit_bytes	20748						
compile	lit-l4			plain	same program	pcrec_a32bc86e_auto-caps-simdna_noaltclsfactor				emit_code_bytes	15154						
compile	lit-l4			whole-subject	separate artifact	pcrec_a32bc86e_auto-caps-simdna_noaltclsfactor				median_total_ns	168001044.000000	5					
compile	lit-l4			whole-subject	separate artifact	pcrec_a32bc86e_auto-caps-simdna_noaltclsfactor				jitter	0.055						
compile	lit-l4			whole-subject	separate artifact	pcrec_a32bc86e_auto-caps-simdna_noaltclsfactor				artifact_bytes	28016						
compile	lit-l4			whole-subject	separate artifact	pcrec_a32bc86e_auto-caps-simdna_noaltclsfactor				emit_bytes	23420						
compile	lit-l4			whole-subject	separate artifact	pcrec_a32bc86e_auto-caps-simdna_noaltclsfactor				emit_code_bytes	17356						
compile	lit-l40			plain	same program	pcrec_a32bc86e_auto-caps-simdna_noaltclsfactor				median_total_ns	171269161.000000	5					
compile	lit-l40			plain	same program	pcrec_a32bc86e_auto-caps-simdna_noaltclsfactor				jitter	0.010						
compile	lit-l40			plain	same program	pcrec_a32bc86e_auto-caps-simdna_noaltclsfactor				artifact_bytes	40160						
compile	lit-l40			plain	same program	pcrec_a32bc86e_auto-caps-simdna_noaltclsfactor				emit_bytes	69526						
compile	lit-l40			plain	same program	pcrec_a32bc86e_auto-caps-simdna_noaltclsfactor				emit_code_bytes	15704						
compile	lit-l40			whole-subject	separate artifact	pcrec_a32bc86e_auto-caps-simdna_noaltclsfactor				median_total_ns	174608479.000000	5					
compile	lit-l40			whole-subject	separate artifact	pcrec_a32bc86e_auto-caps-simdna_noaltclsfactor				jitter	0.047						
compile	lit-l40			whole-subject	separate artifact	pcrec_a32bc86e_auto-caps-simdna_noaltclsfactor				artifact_bytes	40304						
compile	lit-l40			whole-subject	separate artifact	pcrec_a32bc86e_auto-caps-simdna_noaltclsfactor				emit_bytes	74050						
compile	lit-l40			whole-subject	separate artifact	pcrec_a32bc86e_auto-caps-simdna_noaltclsfactor				emit_code_bytes	17913						
compile	lit-l7			plain	same program	pcrec_a32bc86e_auto-caps-simdna_noaltclsfactor				median_total_ns	157508989.000000	5					
compile	lit-l7			plain	same program	pcrec_a32bc86e_auto-caps-simdna_noaltclsfactor				jitter	0.036						
compile	lit-l7			plain	same program	pcrec_a32bc86e_auto-caps-simdna_noaltclsfactor				artifact_bytes	27872						
compile	lit-l7			plain	same program	pcrec_a32bc86e_auto-caps-simdna_noaltclsfactor				emit_bytes	21873						
compile	lit-l7			plain	same program	pcrec_a32bc86e_auto-caps-simdna_noaltclsfactor				emit_code_bytes	15172						
compile	lit-l7			whole-subject	separate artifact	pcrec_a32bc86e_auto-caps-simdna_noaltclsfactor				median_total_ns	169634943.000000	5					
compile	lit-l7			whole-subject	separate artifact	pcrec_a32bc86e_auto-caps-simdna_noaltclsfactor				jitter	0.054						
compile	lit-l7			whole-subject	separate artifact	pcrec_a32bc86e_auto-caps-simdna_noaltclsfactor				artifact_bytes	28016						
compile	lit-l7			whole-subject	separate artifact	pcrec_a32bc86e_auto-caps-simdna_noaltclsfactor				emit_bytes	24734						
compile	lit-l7			whole-subject	separate artifact	pcrec_a32bc86e_auto-caps-simdna_noaltclsfactor				emit_code_bytes	17374						
compile	lit-l8			plain	same program	pcrec_a32bc86e_auto-caps-simdna_noaltclsfactor				median_total_ns	158480154.000000	5					
compile	lit-l8			plain	same program	pcrec_a32bc86e_auto-caps-simdna_noaltclsfactor				jitter	0.046						
compile	lit-l8			plain	same program	pcrec_a32bc86e_auto-caps-simdna_noaltclsfactor				artifact_bytes	27872						
compile	lit-l8			plain	same program	pcrec_a32bc86e_auto-caps-simdna_noaltclsfactor				emit_bytes	22416						
compile	lit-l8			plain	same program	pcrec_a32bc86e_auto-caps-simdna_noaltclsfactor				emit_code_bytes	15178						
compile	lit-l8			whole-subject	separate artifact	pcrec_a32bc86e_auto-caps-simdna_noaltclsfactor				median_total_ns	162565446.000000	5					
compile	lit-l8			whole-subject	separate artifact	pcrec_a32bc86e_auto-caps-simdna_noaltclsfactor				jitter	0.025						
compile	lit-l8			whole-subject	separate artifact	pcrec_a32bc86e_auto-caps-simdna_noaltclsfactor				artifact_bytes	28016						
compile	lit-l8			whole-subject	separate artifact	pcrec_a32bc86e_auto-caps-simdna_noaltclsfactor				emit_bytes	25279						
compile	lit-l8			whole-subject	separate artifact	pcrec_a32bc86e_auto-caps-simdna_noaltclsfactor				emit_code_bytes	17380						
compile	wild-secrets-aws-access-key-id			plain	same program	pcrec_a32bc86e_auto-caps-simdna_noaltclsfactor				median_total_ns	240568817.000000	5					
compile	wild-secrets-aws-access-key-id			plain	same program	pcrec_a32bc86e_auto-caps-simdna_noaltclsfactor				jitter	0.026						
compile	wild-secrets-aws-access-key-id			plain	same program	pcrec_a32bc86e_auto-caps-simdna_noaltclsfactor				artifact_bytes	36336						
compile	wild-secrets-aws-access-key-id			plain	same program	pcrec_a32bc86e_auto-caps-simdna_noaltclsfactor				emit_bytes	45451						
compile	wild-secrets-aws-access-key-id			plain	same program	pcrec_a32bc86e_auto-caps-simdna_noaltclsfactor				emit_code_bytes	28546						
compile	wild-secrets-aws-access-key-id			whole-subject	separate artifact	pcrec_a32bc86e_auto-caps-simdna_noaltclsfactor				median_total_ns	239036668.000000	5					
compile	wild-secrets-aws-access-key-id			whole-subject	separate artifact	pcrec_a32bc86e_auto-caps-simdna_noaltclsfactor				jitter	0.024						
compile	wild-secrets-aws-access-key-id			whole-subject	separate artifact	pcrec_a32bc86e_auto-caps-simdna_noaltclsfactor				artifact_bytes	36432						
compile	wild-secrets-aws-access-key-id			whole-subject	separate artifact	pcrec_a32bc86e_auto-caps-simdna_noaltclsfactor				emit_bytes	47984						
compile	wild-secrets-aws-access-key-id			whole-subject	separate artifact	pcrec_a32bc86e_auto-caps-simdna_noaltclsfactor				emit_code_bytes	30083						
compile	wild-secrets-github-pat			plain	same program	pcrec_a32bc86e_auto-caps-simdna_noaltclsfactor				median_total_ns	329201033.000000	5					
compile	wild-secrets-github-pat			plain	same program	pcrec_a32bc86e_auto-caps-simdna_noaltclsfactor				jitter	0.013						
compile	wild-secrets-github-pat			plain	same program	pcrec_a32bc86e_auto-caps-simdna_noaltclsfactor				artifact_bytes	40304						
compile	wild-secrets-github-pat			plain	same program	pcrec_a32bc86e_auto-caps-simdna_noaltclsfactor				emit_bytes	56824						
compile	wild-secrets-github-pat			plain	same program	pcrec_a32bc86e_auto-caps-simdna_noaltclsfactor				emit_code_bytes	26714						
compile	wild-secrets-github-pat			whole-subject	separate artifact	pcrec_a32bc86e_auto-caps-simdna_noaltclsfactor				median_total_ns	338636342.000000	5					
compile	wild-secrets-github-pat			whole-subject	separate artifact	pcrec_a32bc86e_auto-caps-simdna_noaltclsfactor				jitter	0.010						
compile	wild-secrets-github-pat			whole-subject	separate artifact	pcrec_a32bc86e_auto-caps-simdna_noaltclsfactor				artifact_bytes	40400						
compile	wild-secrets-github-pat			whole-subject	separate artifact	pcrec_a32bc86e_auto-caps-simdna_noaltclsfactor				emit_bytes	60192						
compile	wild-secrets-github-pat			whole-subject	separate artifact	pcrec_a32bc86e_auto-caps-simdna_noaltclsfactor				emit_code_bytes	28249						
compile	alt-foo-tails			plain	same program	pcrec_a32bc86e_auto-caps-simdna_noaltclsfactor-nolitrun				median_total_ns	154095322.000000	5					
compile	alt-foo-tails			plain	same program	pcrec_a32bc86e_auto-caps-simdna_noaltclsfactor-nolitrun				jitter	0.055						
compile	alt-foo-tails			plain	same program	pcrec_a32bc86e_auto-caps-simdna_noaltclsfactor-nolitrun				artifact_bytes	27872						
compile	alt-foo-tails			plain	same program	pcrec_a32bc86e_auto-caps-simdna_noaltclsfactor-nolitrun				emit_bytes	22767						
compile	alt-foo-tails			plain	same program	pcrec_a32bc86e_auto-caps-simdna_noaltclsfactor-nolitrun				emit_code_bytes	15956						
compile_stamp						pcrec_a32bc86e_auto-caps-simdna_noaltclsfactor-nolitrun				engine	dfa						
compile_stamp						pcrec_a32bc86e_auto-caps-simdna_noaltclsfactor-nolitrun				entry	plain entry						
compile_stamp						pcrec_a32bc86e_auto-caps-simdna_noaltclsfactor-nolitrun				prefilter	-						
compile_stamp						pcrec_a32bc86e_auto-caps-simdna_noaltclsfactor-nolitrun				vm_rungs	-						
compile_stamp						pcrec_a32bc86e_auto-caps-simdna_noaltclsfactor-nolitrun				buffers	0 (DFA)						
compile_stamp						pcrec_a32bc86e_auto-caps-simdna_noaltclsfactor-nolitrun				frame	0 (DFA)						
compile_stamp						pcrec_a32bc86e_auto-caps-simdna_noaltclsfactor-nolitrun				dfa_prefilter_offsets	0*,1,2						
compile_stamp						pcrec_a32bc86e_auto-caps-simdna_noaltclsfactor-nolitrun				dfa_match	unwrapped						
compile_stamp						pcrec_a32bc86e_auto-caps-simdna_noaltclsfactor-nolitrun				dfa_scan_edge	range						
compile_stamp						pcrec_a32bc86e_auto-caps-simdna_noaltclsfactor-nolitrun				scan_edges	0						
compile_stamp						pcrec_a32bc86e_auto-caps-simdna_noaltclsfactor-nolitrun				scan_edges_match	1						
compile_stamp						pcrec_a32bc86e_auto-caps-simdna_noaltclsfactor-nolitrun				engine_sel	selected						
compile	alt-foo-tails			whole-subject	separate artifact	pcrec_a32bc86e_auto-caps-simdna_noaltclsfactor-nolitrun				median_total_ns	164835178.000000	5					
compile	alt-foo-tails			whole-subject	separate artifact	pcrec_a32bc86e_auto-caps-simdna_noaltclsfactor-nolitrun				jitter	0.028						
compile	alt-foo-tails			whole-subject	separate artifact	pcrec_a32bc86e_auto-caps-simdna_noaltclsfactor-nolitrun				artifact_bytes	28016						
compile	alt-foo-tails			whole-subject	separate artifact	pcrec_a32bc86e_auto-caps-simdna_noaltclsfactor-nolitrun				emit_bytes	26030						
compile	alt-foo-tails			whole-subject	separate artifact	pcrec_a32bc86e_auto-caps-simdna_noaltclsfactor-nolitrun				emit_code_bytes	18044						
compile	ctrl-abc-dollar			plain	same program	pcrec_a32bc86e_auto-caps-simdna_noaltclsfactor-nolitrun				median_total_ns	172830620.000000	5					
compile	ctrl-abc-dollar			plain	same program	pcrec_a32bc86e_auto-caps-simdna_noaltclsfactor-nolitrun				jitter	0.015						
compile	ctrl-abc-dollar			plain	same program	pcrec_a32bc86e_auto-caps-simdna_noaltclsfactor-nolitrun				artifact_bytes	28016						
compile	ctrl-abc-dollar			plain	same program	pcrec_a32bc86e_auto-caps-simdna_noaltclsfactor-nolitrun				emit_bytes	23560						
compile	ctrl-abc-dollar			plain	same program	pcrec_a32bc86e_auto-caps-simdna_noaltclsfactor-nolitrun				emit_code_bytes	17779						
compile	ctrl-abc-dollar			whole-subject	separate artifact	pcrec_a32bc86e_auto-caps-simdna_noaltclsfactor-nolitrun				median_total_ns	169205251.000000	5					
compile	ctrl-abc-dollar			whole-subject	separate artifact	pcrec_a32bc86e_auto-caps-simdna_noaltclsfactor-nolitrun				jitter	0.020						
compile	ctrl-abc-dollar			whole-subject	separate artifact	pcrec_a32bc86e_auto-caps-simdna_noaltclsfactor-nolitrun				artifact_bytes	28016						
compile	ctrl-abc-dollar			whole-subject	separate artifact	pcrec_a32bc86e_auto-caps-simdna_noaltclsfactor-nolitrun				emit_bytes	23132						
compile	ctrl-abc-dollar			whole-subject	separate artifact	pcrec_a32bc86e_auto-caps-simdna_noaltclsfactor-nolitrun				emit_code_bytes	17351						
compile	floor			plain	same program	pcrec_a32bc86e_auto-caps-simdna_noaltclsfactor-nolitrun				median_total_ns	145778218.000000	5					
compile	floor			plain	same program	pcrec_a32bc86e_auto-caps-simdna_noaltclsfactor-nolitrun				jitter	0.028						
compile	floor			plain	same program	pcrec_a32bc86e_auto-caps-simdna_noaltclsfactor-nolitrun				artifact_bytes	27872						
compile	floor			plain	same program	pcrec_a32bc86e_auto-caps-simdna_noaltclsfactor-nolitrun				emit_bytes	19791						
compile	floor			plain	same program	pcrec_a32bc86e_auto-caps-simdna_noaltclsfactor-nolitrun				emit_code_bytes	14794						
compile	floor			whole-subject	separate artifact	pcrec_a32bc86e_auto-caps-simdna_noaltclsfactor-nolitrun				median_total_ns	158709085.000000	5					
compile	floor			whole-subject	separate artifact	pcrec_a32bc86e_auto-caps-simdna_noaltclsfactor-nolitrun				jitter	0.028						
compile	floor			whole-subject	separate artifact	pcrec_a32bc86e_auto-caps-simdna_noaltclsfactor-nolitrun				artifact_bytes	28016						
compile	floor			whole-subject	separate artifact	pcrec_a32bc86e_auto-caps-simdna_noaltclsfactor-nolitrun				emit_bytes	22246						
compile	floor			whole-subject	separate artifact	pcrec_a32bc86e_auto-caps-simdna_noaltclsfactor-nolitrun				emit_code_bytes	16923						
compile	lit-l10			plain	same program	pcrec_a32bc86e_auto-caps-simdna_noaltclsfactor-nolitrun				median_total_ns	162734306.000000	5					
compile	lit-l10			plain	same program	pcrec_a32bc86e_auto-caps-simdna_noaltclsfactor-nolitrun				jitter	0.054						
compile	lit-l10			plain	same program	pcrec_a32bc86e_auto-caps-simdna_noaltclsfactor-nolitrun				artifact_bytes	27872						
compile	lit-l10			plain	same program	pcrec_a32bc86e_auto-caps-simdna_noaltclsfactor-nolitrun				emit_bytes	23617						
compile	lit-l10			plain	same program	pcrec_a32bc86e_auto-caps-simdna_noaltclsfactor-nolitrun				emit_code_bytes	15224						
compile	lit-l10			whole-subject	separate artifact	pcrec_a32bc86e_auto-caps-simdna_noaltclsfactor-nolitrun				median_total_ns	169871724.000000	5					
compile	lit-l10			whole-subject	separate artifact	pcrec_a32bc86e_auto-caps-simdna_noaltclsfactor-nolitrun				jitter	0.016						
compile	lit-l10			whole-subject	separate artifact	pcrec_a32bc86e_auto-caps-simdna_noaltclsfactor-nolitrun				artifact_bytes	28016						
compile	lit-l10			whole-subject	separate artifact	pcrec_a32bc86e_auto-caps-simdna_noaltclsfactor-nolitrun				emit_bytes	26632						
compile	lit-l10			whole-subject	separate artifact	pcrec_a32bc86e_auto-caps-simdna_noaltclsfactor-nolitrun				emit_code_bytes	17433						
compile	lit-l16			plain	same program	pcrec_a32bc86e_auto-caps-simdna_noaltclsfactor-nolitrun				median_total_ns	151423838.000000	5					
compile	lit-l16			plain	same program	pcrec_a32bc86e_auto-caps-simdna_noaltclsfactor-nolitrun				jitter	0.034						
compile	lit-l16			plain	same program	pcrec_a32bc86e_auto-caps-simdna_noaltclsfactor-nolitrun				artifact_bytes	27872						
compile	lit-l16			plain	same program	pcrec_a32bc86e_auto-caps-simdna_noaltclsfactor-nolitrun				emit_bytes	28554						
compile	lit-l16			plain	same program	pcrec_a32bc86e_auto-caps-simdna_noaltclsfactor-nolitrun				emit_code_bytes	15235						
compile	lit-l16			whole-subject	separate artifact	pcrec_a32bc86e_auto-caps-simdna_noaltclsfactor-nolitrun				median_total_ns	172361918.000000	5					
compile	lit-l16			whole-subject	separate artifact	pcrec_a32bc86e_auto-caps-simdna_noaltclsfactor-nolitrun				jitter	0.020						
compile	lit-l16			whole-subject	separate artifact	pcrec_a32bc86e_auto-caps-simdna_noaltclsfactor-nolitrun				artifact_bytes	28016						
compile	lit-l16			whole-subject	separate artifact	pcrec_a32bc86e_auto-caps-simdna_noaltclsfactor-nolitrun				emit_bytes	31875						
compile	lit-l16			whole-subject	separate artifact	pcrec_a32bc86e_auto-caps-simdna_noaltclsfactor-nolitrun				emit_code_bytes	17444						
compile	lit-l2			plain	same program	pcrec_a32bc86e_auto-caps-simdna_noaltclsfactor-nolitrun				median_total_ns	157859302.000000	5					
compile	lit-l2			plain	same program	pcrec_a32bc86e_auto-caps-simdna_noaltclsfactor-nolitrun				jitter	0.012						
compile	lit-l2			plain	same program	pcrec_a32bc86e_auto-caps-simdna_noaltclsfactor-nolitrun				artifact_bytes	27872						
compile	lit-l2			plain	same program	pcrec_a32bc86e_auto-caps-simdna_noaltclsfactor-nolitrun				emit_bytes	20252						
compile	lit-l2			plain	same program	pcrec_a32bc86e_auto-caps-simdna_noaltclsfactor-nolitrun				emit_code_bytes	15129						
compile	lit-l2			whole-subject	separate artifact	pcrec_a32bc86e_auto-caps-simdna_noaltclsfactor-nolitrun				median_total_ns	167586633.000000	5					
compile	lit-l2			whole-subject	separate artifact	pcrec_a32bc86e_auto-caps-simdna_noaltclsfactor-nolitrun				jitter	0.025						
compile	lit-l2			whole-subject	separate artifact	pcrec_a32bc86e_auto-caps-simdna_noaltclsfactor-nolitrun				artifact_bytes	28016						
compile	lit-l2			whole-subject	separate artifact	pcrec_a32bc86e_auto-caps-simdna_noaltclsfactor-nolitrun				emit_bytes	22832						
compile	lit-l2			whole-subject	separate artifact	pcrec_a32bc86e_auto-caps-simdna_noaltclsfactor-nolitrun				emit_code_bytes	17330						
compile	lit-l3			plain	same program	pcrec_a32bc86e_auto-caps-simdna_noaltclsfactor-nolitrun				median_total_ns	154063732.000000	5					
compile	lit-l3			plain	same program	pcrec_a32bc86e_auto-caps-simdna_noaltclsfactor-nolitrun				jitter	0.037						
compile	lit-l3			plain	same program	pcrec_a32bc86e_auto-caps-simdna_noaltclsfactor-nolitrun				artifact_bytes	27872						
compile	lit-l3			plain	same program	pcrec_a32bc86e_auto-caps-simdna_noaltclsfactor-nolitrun				emit_bytes	20458						
compile	lit-l3			plain	same program	pcrec_a32bc86e_auto-caps-simdna_noaltclsfactor-nolitrun				emit_code_bytes	15148						
compile	lit-l3			whole-subject	separate artifact	pcrec_a32bc86e_auto-caps-simdna_noaltclsfactor-nolitrun				median_total_ns	158521105.000000	5					
compile	lit-l3			whole-subject	separate artifact	pcrec_a32bc86e_auto-caps-simdna_noaltclsfactor-nolitrun				jitter	0.039						
compile	lit-l3			whole-subject	separate artifact	pcrec_a32bc86e_auto-caps-simdna_noaltclsfactor-nolitrun				artifact_bytes	28016						
compile	lit-l3			whole-subject	separate artifact	pcrec_a32bc86e_auto-caps-simdna_noaltclsfactor-nolitrun				emit_bytes	23130						
compile	lit-l3			whole-subject	separate artifact	pcrec_a32bc86e_auto-caps-simdna_noaltclsfactor-nolitrun				emit_code_bytes	17349						
compile	lit-l31			plain	same program	pcrec_a32bc86e_auto-caps-simdna_noaltclsfactor-nolitrun				median_total_ns	160734618.000000	5					
compile	lit-l31			plain	same program	pcrec_a32bc86e_auto-caps-simdna_noaltclsfactor-nolitrun				jitter	0.037						
compile	lit-l31			plain	same program	pcrec_a32bc86e_auto-caps-simdna_noaltclsfactor-nolitrun				artifact_bytes	36064						
compile	lit-l31			plain	same program	pcrec_a32bc86e_auto-caps-simdna_noaltclsfactor-nolitrun				emit_bytes	50343						
compile	lit-l31			plain	same program	pcrec_a32bc86e_auto-caps-simdna_noaltclsfactor-nolitrun				emit_code_bytes	15697						
compile	lit-l31			whole-subject	separate artifact	pcrec_a32bc86e_auto-caps-simdna_noaltclsfactor-nolitrun				median_total_ns	172479298.000000	5					
compile	lit-l31			whole-subject	separate artifact	pcrec_a32bc86e_auto-caps-simdna_noaltclsfactor-nolitrun				jitter	0.016						
compile	lit-l31			whole-subject	separate artifact	pcrec_a32bc86e_auto-caps-simdna_noaltclsfactor-nolitrun				artifact_bytes	36208						
compile	lit-l31			whole-subject	separate artifact	pcrec_a32bc86e_auto-caps-simdna_noaltclsfactor-nolitrun				emit_bytes	54444						
compile	lit-l31			whole-subject	separate artifact	pcrec_a32bc86e_auto-caps-simdna_noaltclsfactor-nolitrun				emit_code_bytes	17906						
compile	lit-l4			plain	same program	pcrec_a32bc86e_auto-caps-simdna_noaltclsfactor-nolitrun				median_total_ns	158904215.000000	5					
compile	lit-l4			plain	same program	pcrec_a32bc86e_auto-caps-simdna_noaltclsfactor-nolitrun				jitter	0.025						
compile	lit-l4			plain	same program	pcrec_a32bc86e_auto-caps-simdna_noaltclsfactor-nolitrun				artifact_bytes	27872						
compile	lit-l4			plain	same program	pcrec_a32bc86e_auto-caps-simdna_noaltclsfactor-nolitrun				emit_bytes	20748						
compile	lit-l4			plain	same program	pcrec_a32bc86e_auto-caps-simdna_noaltclsfactor-nolitrun				emit_code_bytes	15154						
compile	lit-l4			whole-subject	separate artifact	pcrec_a32bc86e_auto-caps-simdna_noaltclsfactor-nolitrun				median_total_ns	168515107.000000	5					
compile	lit-l4			whole-subject	separate artifact	pcrec_a32bc86e_auto-caps-simdna_noaltclsfactor-nolitrun				jitter	0.018						
compile	lit-l4			whole-subject	separate artifact	pcrec_a32bc86e_auto-caps-simdna_noaltclsfactor-nolitrun				artifact_bytes	28016						
compile	lit-l4			whole-subject	separate artifact	pcrec_a32bc86e_auto-caps-simdna_noaltclsfactor-nolitrun				emit_bytes	23420						
compile	lit-l4			whole-subject	separate artifact	pcrec_a32bc86e_auto-caps-simdna_noaltclsfactor-nolitrun				emit_code_bytes	17356						
compile	lit-l40			plain	same program	pcrec_a32bc86e_auto-caps-simdna_noaltclsfactor-nolitrun				median_total_ns	165220830.000000	5					
compile	lit-l40			plain	same program	pcrec_a32bc86e_auto-caps-simdna_noaltclsfactor-nolitrun				jitter	0.047						
compile	lit-l40			plain	same program	pcrec_a32bc86e_auto-caps-simdna_noaltclsfactor-nolitrun				artifact_bytes	40160						
compile	lit-l40			plain	same program	pcrec_a32bc86e_auto-caps-simdna_noaltclsfactor-nolitrun				emit_bytes	69526						
compile	lit-l40			plain	same program	pcrec_a32bc86e_auto-caps-simdna_noaltclsfactor-nolitrun				emit_code_bytes	15704						
compile	lit-l40			whole-subject	separate artifact	pcrec_a32bc86e_auto-caps-simdna_noaltclsfactor-nolitrun				median_total_ns	178525919.000000	5					
compile	lit-l40			whole-subject	separate artifact	pcrec_a32bc86e_auto-caps-simdna_noaltclsfactor-nolitrun				jitter	0.045						
compile	lit-l40			whole-subject	separate artifact	pcrec_a32bc86e_auto-caps-simdna_noaltclsfactor-nolitrun				artifact_bytes	40304						
compile	lit-l40			whole-subject	separate artifact	pcrec_a32bc86e_auto-caps-simdna_noaltclsfactor-nolitrun				emit_bytes	74050						
compile	lit-l40			whole-subject	separate artifact	pcrec_a32bc86e_auto-caps-simdna_noaltclsfactor-nolitrun				emit_code_bytes	17913						
compile	lit-l7			plain	same program	pcrec_a32bc86e_auto-caps-simdna_noaltclsfactor-nolitrun				median_total_ns	157696191.000000	5					
compile	lit-l7			plain	same program	pcrec_a32bc86e_auto-caps-simdna_noaltclsfactor-nolitrun				jitter	0.036						
compile	lit-l7			plain	same program	pcrec_a32bc86e_auto-caps-simdna_noaltclsfactor-nolitrun				artifact_bytes	27872						
compile	lit-l7			plain	same program	pcrec_a32bc86e_auto-caps-simdna_noaltclsfactor-nolitrun				emit_bytes	21873						
compile	lit-l7			plain	same program	pcrec_a32bc86e_auto-caps-simdna_noaltclsfactor-nolitrun				emit_code_bytes	15172						
compile	lit-l7			whole-subject	separate artifact	pcrec_a32bc86e_auto-caps-simdna_noaltclsfactor-nolitrun				median_total_ns	159639560.000000	5					
compile	lit-l7			whole-subject	separate artifact	pcrec_a32bc86e_auto-caps-simdna_noaltclsfactor-nolitrun				jitter	0.033						
compile	lit-l7			whole-subject	separate artifact	pcrec_a32bc86e_auto-caps-simdna_noaltclsfactor-nolitrun				artifact_bytes	28016						
compile	lit-l7			whole-subject	separate artifact	pcrec_a32bc86e_auto-caps-simdna_noaltclsfactor-nolitrun				emit_bytes	24734						
compile	lit-l7			whole-subject	separate artifact	pcrec_a32bc86e_auto-caps-simdna_noaltclsfactor-nolitrun				emit_code_bytes	17374						
compile	lit-l8			plain	same program	pcrec_a32bc86e_auto-caps-simdna_noaltclsfactor-nolitrun				median_total_ns	151087236.000000	5					
compile	lit-l8			plain	same program	pcrec_a32bc86e_auto-caps-simdna_noaltclsfactor-nolitrun				jitter	0.019						
compile	lit-l8			plain	same program	pcrec_a32bc86e_auto-caps-simdna_noaltclsfactor-nolitrun				artifact_bytes	27872						
compile	lit-l8			plain	same program	pcrec_a32bc86e_auto-caps-simdna_noaltclsfactor-nolitrun				emit_bytes	22416						
compile	lit-l8			plain	same program	pcrec_a32bc86e_auto-caps-simdna_noaltclsfactor-nolitrun				emit_code_bytes	15178						
compile	lit-l8			whole-subject	separate artifact	pcrec_a32bc86e_auto-caps-simdna_noaltclsfactor-nolitrun				median_total_ns	170389176.000000	5					
compile	lit-l8			whole-subject	separate artifact	pcrec_a32bc86e_auto-caps-simdna_noaltclsfactor-nolitrun				jitter	0.028						
compile	lit-l8			whole-subject	separate artifact	pcrec_a32bc86e_auto-caps-simdna_noaltclsfactor-nolitrun				artifact_bytes	28016						
compile	lit-l8			whole-subject	separate artifact	pcrec_a32bc86e_auto-caps-simdna_noaltclsfactor-nolitrun				emit_bytes	25279						
compile	lit-l8			whole-subject	separate artifact	pcrec_a32bc86e_auto-caps-simdna_noaltclsfactor-nolitrun				emit_code_bytes	17380						
compile	wild-secrets-aws-access-key-id			plain	same program	pcrec_a32bc86e_auto-caps-simdna_noaltclsfactor-nolitrun				median_total_ns	257064348.000000	5					
compile	wild-secrets-aws-access-key-id			plain	same program	pcrec_a32bc86e_auto-caps-simdna_noaltclsfactor-nolitrun				jitter	0.021						
compile	wild-secrets-aws-access-key-id			plain	same program	pcrec_a32bc86e_auto-caps-simdna_noaltclsfactor-nolitrun				artifact_bytes	36336						
compile	wild-secrets-aws-access-key-id			plain	same program	pcrec_a32bc86e_auto-caps-simdna_noaltclsfactor-nolitrun				emit_bytes	49397						
compile	wild-secrets-aws-access-key-id			plain	same program	pcrec_a32bc86e_auto-caps-simdna_noaltclsfactor-nolitrun				emit_code_bytes	32492						
compile	wild-secrets-aws-access-key-id			whole-subject	separate artifact	pcrec_a32bc86e_auto-caps-simdna_noaltclsfactor-nolitrun				median_total_ns	259136289.000000	5					
compile	wild-secrets-aws-access-key-id			whole-subject	separate artifact	pcrec_a32bc86e_auto-caps-simdna_noaltclsfactor-nolitrun				jitter	0.016						
compile	wild-secrets-aws-access-key-id			whole-subject	separate artifact	pcrec_a32bc86e_auto-caps-simdna_noaltclsfactor-nolitrun				artifact_bytes	36432						
compile	wild-secrets-aws-access-key-id			whole-subject	separate artifact	pcrec_a32bc86e_auto-caps-simdna_noaltclsfactor-nolitrun				emit_bytes	51930						
compile	wild-secrets-aws-access-key-id			whole-subject	separate artifact	pcrec_a32bc86e_auto-caps-simdna_noaltclsfactor-nolitrun				emit_code_bytes	34029						
compile	wild-secrets-github-pat			plain	same program	pcrec_a32bc86e_auto-caps-simdna_noaltclsfactor-nolitrun				median_total_ns	394829185.000000	5					
compile	wild-secrets-github-pat			plain	same program	pcrec_a32bc86e_auto-caps-simdna_noaltclsfactor-nolitrun				jitter	0.014						
compile	wild-secrets-github-pat			plain	same program	pcrec_a32bc86e_auto-caps-simdna_noaltclsfactor-nolitrun				artifact_bytes	44400						
compile	wild-secrets-github-pat			plain	same program	pcrec_a32bc86e_auto-caps-simdna_noaltclsfactor-nolitrun				emit_bytes	58384						
compile	wild-secrets-github-pat			plain	same program	pcrec_a32bc86e_auto-caps-simdna_noaltclsfactor-nolitrun				emit_code_bytes	28274						
compile	wild-secrets-github-pat			whole-subject	separate artifact	pcrec_a32bc86e_auto-caps-simdna_noaltclsfactor-nolitrun				median_total_ns	399068218.000000	5					
compile	wild-secrets-github-pat			whole-subject	separate artifact	pcrec_a32bc86e_auto-caps-simdna_noaltclsfactor-nolitrun				jitter	0.018						
compile	wild-secrets-github-pat			whole-subject	separate artifact	pcrec_a32bc86e_auto-caps-simdna_noaltclsfactor-nolitrun				artifact_bytes	40400						
compile	wild-secrets-github-pat			whole-subject	separate artifact	pcrec_a32bc86e_auto-caps-simdna_noaltclsfactor-nolitrun				emit_bytes	61754						
compile	wild-secrets-github-pat			whole-subject	separate artifact	pcrec_a32bc86e_auto-caps-simdna_noaltclsfactor-nolitrun				emit_code_bytes	29811						
compile	alt-foo-tails			plain	same program	pcrec_a32bc86e_auto-caps-simdna_nolitrun				median_total_ns	156007103.000000	5					
compile	alt-foo-tails			plain	same program	pcrec_a32bc86e_auto-caps-simdna_nolitrun				jitter	0.029						
compile	alt-foo-tails			plain	same program	pcrec_a32bc86e_auto-caps-simdna_nolitrun				artifact_bytes	27872						
compile	alt-foo-tails			plain	same program	pcrec_a32bc86e_auto-caps-simdna_nolitrun				emit_bytes	22767						
compile	alt-foo-tails			plain	same program	pcrec_a32bc86e_auto-caps-simdna_nolitrun				emit_code_bytes	15956						
compile_stamp						pcrec_a32bc86e_auto-caps-simdna_nolitrun				engine	dfa						
compile_stamp						pcrec_a32bc86e_auto-caps-simdna_nolitrun				entry	plain entry						
compile_stamp						pcrec_a32bc86e_auto-caps-simdna_nolitrun				prefilter	-						
compile_stamp						pcrec_a32bc86e_auto-caps-simdna_nolitrun				vm_rungs	-						
compile_stamp						pcrec_a32bc86e_auto-caps-simdna_nolitrun				buffers	0 (DFA)						
compile_stamp						pcrec_a32bc86e_auto-caps-simdna_nolitrun				frame	0 (DFA)						
compile_stamp						pcrec_a32bc86e_auto-caps-simdna_nolitrun				dfa_prefilter_offsets	0*,1,2						
compile_stamp						pcrec_a32bc86e_auto-caps-simdna_nolitrun				dfa_match	unwrapped						
compile_stamp						pcrec_a32bc86e_auto-caps-simdna_nolitrun				dfa_scan_edge	range						
compile_stamp						pcrec_a32bc86e_auto-caps-simdna_nolitrun				scan_edges	0						
compile_stamp						pcrec_a32bc86e_auto-caps-simdna_nolitrun				scan_edges_match	1						
compile_stamp						pcrec_a32bc86e_auto-caps-simdna_nolitrun				engine_sel	selected						
compile	alt-foo-tails			whole-subject	separate artifact	pcrec_a32bc86e_auto-caps-simdna_nolitrun				median_total_ns	174955557.000000	5					
compile	alt-foo-tails			whole-subject	separate artifact	pcrec_a32bc86e_auto-caps-simdna_nolitrun				jitter	0.026						
compile	alt-foo-tails			whole-subject	separate artifact	pcrec_a32bc86e_auto-caps-simdna_nolitrun				artifact_bytes	28016						
compile	alt-foo-tails			whole-subject	separate artifact	pcrec_a32bc86e_auto-caps-simdna_nolitrun				emit_bytes	26030						
compile	alt-foo-tails			whole-subject	separate artifact	pcrec_a32bc86e_auto-caps-simdna_nolitrun				emit_code_bytes	18044						
compile	ctrl-abc-dollar			plain	same program	pcrec_a32bc86e_auto-caps-simdna_nolitrun				median_total_ns	176026412.000000	5					
compile	ctrl-abc-dollar			plain	same program	pcrec_a32bc86e_auto-caps-simdna_nolitrun				jitter	0.028						
compile	ctrl-abc-dollar			plain	same program	pcrec_a32bc86e_auto-caps-simdna_nolitrun				artifact_bytes	28016						
compile	ctrl-abc-dollar			plain	same program	pcrec_a32bc86e_auto-caps-simdna_nolitrun				emit_bytes	23560						
compile	ctrl-abc-dollar			plain	same program	pcrec_a32bc86e_auto-caps-simdna_nolitrun				emit_code_bytes	17779						
compile	ctrl-abc-dollar			whole-subject	separate artifact	pcrec_a32bc86e_auto-caps-simdna_nolitrun				median_total_ns	165828796.000000	5					
compile	ctrl-abc-dollar			whole-subject	separate artifact	pcrec_a32bc86e_auto-caps-simdna_nolitrun				jitter	0.017						
compile	ctrl-abc-dollar			whole-subject	separate artifact	pcrec_a32bc86e_auto-caps-simdna_nolitrun				artifact_bytes	28016						
compile	ctrl-abc-dollar			whole-subject	separate artifact	pcrec_a32bc86e_auto-caps-simdna_nolitrun				emit_bytes	23132						
compile	ctrl-abc-dollar			whole-subject	separate artifact	pcrec_a32bc86e_auto-caps-simdna_nolitrun				emit_code_bytes	17351						
compile	floor			plain	same program	pcrec_a32bc86e_auto-caps-simdna_nolitrun				median_total_ns	154638197.000000	5					
compile	floor			plain	same program	pcrec_a32bc86e_auto-caps-simdna_nolitrun				jitter	0.045						
compile	floor			plain	same program	pcrec_a32bc86e_auto-caps-simdna_nolitrun				artifact_bytes	27872						
compile	floor			plain	same program	pcrec_a32bc86e_auto-caps-simdna_nolitrun				emit_bytes	19791						
compile	floor			plain	same program	pcrec_a32bc86e_auto-caps-simdna_nolitrun				emit_code_bytes	14794						
compile	floor			whole-subject	separate artifact	pcrec_a32bc86e_auto-caps-simdna_nolitrun				median_total_ns	158644668.000000	5					
compile	floor			whole-subject	separate artifact	pcrec_a32bc86e_auto-caps-simdna_nolitrun				jitter	0.028						
compile	floor			whole-subject	separate artifact	pcrec_a32bc86e_auto-caps-simdna_nolitrun				artifact_bytes	28016						
compile	floor			whole-subject	separate artifact	pcrec_a32bc86e_auto-caps-simdna_nolitrun				emit_bytes	22246						
compile	floor			whole-subject	separate artifact	pcrec_a32bc86e_auto-caps-simdna_nolitrun				emit_code_bytes	16923						
compile	lit-l10			plain	same program	pcrec_a32bc86e_auto-caps-simdna_nolitrun				median_total_ns	152615086.000000	5					
compile	lit-l10			plain	same program	pcrec_a32bc86e_auto-caps-simdna_nolitrun				jitter	0.036						
compile	lit-l10			plain	same program	pcrec_a32bc86e_auto-caps-simdna_nolitrun				artifact_bytes	27872						
compile	lit-l10			plain	same program	pcrec_a32bc86e_auto-caps-simdna_nolitrun				emit_bytes	23617						
compile	lit-l10			plain	same program	pcrec_a32bc86e_auto-caps-simdna_nolitrun				emit_code_bytes	15224						
compile	lit-l10			whole-subject	separate artifact	pcrec_a32bc86e_auto-caps-simdna_nolitrun				median_total_ns	170606111.000000	5					
compile	lit-l10			whole-subject	separate artifact	pcrec_a32bc86e_auto-caps-simdna_nolitrun				jitter	0.026						
compile	lit-l10			whole-subject	separate artifact	pcrec_a32bc86e_auto-caps-simdna_nolitrun				artifact_bytes	28016						
compile	lit-l10			whole-subject	separate artifact	pcrec_a32bc86e_auto-caps-simdna_nolitrun				emit_bytes	26632						
compile	lit-l10			whole-subject	separate artifact	pcrec_a32bc86e_auto-caps-simdna_nolitrun				emit_code_bytes	17433						
compile	lit-l16			plain	same program	pcrec_a32bc86e_auto-caps-simdna_nolitrun				median_total_ns	158847590.000000	5					
compile	lit-l16			plain	same program	pcrec_a32bc86e_auto-caps-simdna_nolitrun				jitter	0.021						
compile	lit-l16			plain	same program	pcrec_a32bc86e_auto-caps-simdna_nolitrun				artifact_bytes	27872						
compile	lit-l16			plain	same program	pcrec_a32bc86e_auto-caps-simdna_nolitrun				emit_bytes	28554						
compile	lit-l16			plain	same program	pcrec_a32bc86e_auto-caps-simdna_nolitrun				emit_code_bytes	15235						
compile	lit-l16			whole-subject	separate artifact	pcrec_a32bc86e_auto-caps-simdna_nolitrun				median_total_ns	168270169.000000	5					
compile	lit-l16			whole-subject	separate artifact	pcrec_a32bc86e_auto-caps-simdna_nolitrun				jitter	0.020						
compile	lit-l16			whole-subject	separate artifact	pcrec_a32bc86e_auto-caps-simdna_nolitrun				artifact_bytes	28016						
compile	lit-l16			whole-subject	separate artifact	pcrec_a32bc86e_auto-caps-simdna_nolitrun				emit_bytes	31875						
compile	lit-l16			whole-subject	separate artifact	pcrec_a32bc86e_auto-caps-simdna_nolitrun				emit_code_bytes	17444						
compile	lit-l2			plain	same program	pcrec_a32bc86e_auto-caps-simdna_nolitrun				median_total_ns	157152420.000000	5					
compile	lit-l2			plain	same program	pcrec_a32bc86e_auto-caps-simdna_nolitrun				jitter	0.034						
compile	lit-l2			plain	same program	pcrec_a32bc86e_auto-caps-simdna_nolitrun				artifact_bytes	27872						
compile	lit-l2			plain	same program	pcrec_a32bc86e_auto-caps-simdna_nolitrun				emit_bytes	20252						
compile	lit-l2			plain	same program	pcrec_a32bc86e_auto-caps-simdna_nolitrun				emit_code_bytes	15129						
compile	lit-l2			whole-subject	separate artifact	pcrec_a32bc86e_auto-caps-simdna_nolitrun				median_total_ns	165497454.000000	5					
compile	lit-l2			whole-subject	separate artifact	pcrec_a32bc86e_auto-caps-simdna_nolitrun				jitter	0.014						
compile	lit-l2			whole-subject	separate artifact	pcrec_a32bc86e_auto-caps-simdna_nolitrun				artifact_bytes	28016						
compile	lit-l2			whole-subject	separate artifact	pcrec_a32bc86e_auto-caps-simdna_nolitrun				emit_bytes	22832						
compile	lit-l2			whole-subject	separate artifact	pcrec_a32bc86e_auto-caps-simdna_nolitrun				emit_code_bytes	17330						
compile	lit-l3			plain	same program	pcrec_a32bc86e_auto-caps-simdna_nolitrun				median_total_ns	156232754.000000	5					
compile	lit-l3			plain	same program	pcrec_a32bc86e_auto-caps-simdna_nolitrun				jitter	0.018						
compile	lit-l3			plain	same program	pcrec_a32bc86e_auto-caps-simdna_nolitrun				artifact_bytes	27872						
compile	lit-l3			plain	same program	pcrec_a32bc86e_auto-caps-simdna_nolitrun				emit_bytes	20458						
compile	lit-l3			plain	same program	pcrec_a32bc86e_auto-caps-simdna_nolitrun				emit_code_bytes	15148						
compile	lit-l3			whole-subject	separate artifact	pcrec_a32bc86e_auto-caps-simdna_nolitrun				median_total_ns	164325958.000000	5					
compile	lit-l3			whole-subject	separate artifact	pcrec_a32bc86e_auto-caps-simdna_nolitrun				jitter	0.007						
compile	lit-l3			whole-subject	separate artifact	pcrec_a32bc86e_auto-caps-simdna_nolitrun				artifact_bytes	28016						
compile	lit-l3			whole-subject	separate artifact	pcrec_a32bc86e_auto-caps-simdna_nolitrun				emit_bytes	23130						
compile	lit-l3			whole-subject	separate artifact	pcrec_a32bc86e_auto-caps-simdna_nolitrun				emit_code_bytes	17349						
compile	lit-l31			plain	same program	pcrec_a32bc86e_auto-caps-simdna_nolitrun				median_total_ns	162107877.000000	5					
compile	lit-l31			plain	same program	pcrec_a32bc86e_auto-caps-simdna_nolitrun				jitter	0.016						
compile	lit-l31			plain	same program	pcrec_a32bc86e_auto-caps-simdna_nolitrun				artifact_bytes	36064						
compile	lit-l31			plain	same program	pcrec_a32bc86e_auto-caps-simdna_nolitrun				emit_bytes	50343						
compile	lit-l31			plain	same program	pcrec_a32bc86e_auto-caps-simdna_nolitrun				emit_code_bytes	15697						
compile	lit-l31			whole-subject	separate artifact	pcrec_a32bc86e_auto-caps-simdna_nolitrun				median_total_ns	178569706.000000	5					
compile	lit-l31			whole-subject	separate artifact	pcrec_a32bc86e_auto-caps-simdna_nolitrun				jitter	0.010						
compile	lit-l31			whole-subject	separate artifact	pcrec_a32bc86e_auto-caps-simdna_nolitrun				artifact_bytes	36208						
compile	lit-l31			whole-subject	separate artifact	pcrec_a32bc86e_auto-caps-simdna_nolitrun				emit_bytes	54444						
compile	lit-l31			whole-subject	separate artifact	pcrec_a32bc86e_auto-caps-simdna_nolitrun				emit_code_bytes	17906						
compile	lit-l4			plain	same program	pcrec_a32bc86e_auto-caps-simdna_nolitrun				median_total_ns	156044464.000000	5					
compile	lit-l4			plain	same program	pcrec_a32bc86e_auto-caps-simdna_nolitrun				jitter	0.013						
compile	lit-l4			plain	same program	pcrec_a32bc86e_auto-caps-simdna_nolitrun				artifact_bytes	27872						
compile	lit-l4			plain	same program	pcrec_a32bc86e_auto-caps-simdna_nolitrun				emit_bytes	20748						
compile	lit-l4			plain	same program	pcrec_a32bc86e_auto-caps-simdna_nolitrun				emit_code_bytes	15154						
compile	lit-l4			whole-subject	separate artifact	pcrec_a32bc86e_auto-caps-simdna_nolitrun				median_total_ns	166205749.000000	5					
compile	lit-l4			whole-subject	separate artifact	pcrec_a32bc86e_auto-caps-simdna_nolitrun				jitter	0.025						
compile	lit-l4			whole-subject	separate artifact	pcrec_a32bc86e_auto-caps-simdna_nolitrun				artifact_bytes	28016						
compile	lit-l4			whole-subject	separate artifact	pcrec_a32bc86e_auto-caps-simdna_nolitrun				emit_bytes	23420						
compile	lit-l4			whole-subject	separate artifact	pcrec_a32bc86e_auto-caps-simdna_nolitrun				emit_code_bytes	17356						
compile	lit-l40			plain	same program	pcrec_a32bc86e_auto-caps-simdna_nolitrun				median_total_ns	168619043.000000	5					
compile	lit-l40			plain	same program	pcrec_a32bc86e_auto-caps-simdna_nolitrun				jitter	0.038						
compile	lit-l40			plain	same program	pcrec_a32bc86e_auto-caps-simdna_nolitrun				artifact_bytes	40160						
compile	lit-l40			plain	same program	pcrec_a32bc86e_auto-caps-simdna_nolitrun				emit_bytes	69526						
compile	lit-l40			plain	same program	pcrec_a32bc86e_auto-caps-simdna_nolitrun				emit_code_bytes	15704						
compile	lit-l40			whole-subject	separate artifact	pcrec_a32bc86e_auto-caps-simdna_nolitrun				median_total_ns	184986441.000000	5					
compile	lit-l40			whole-subject	separate artifact	pcrec_a32bc86e_auto-caps-simdna_nolitrun				jitter	0.025						
compile	lit-l40			whole-subject	separate artifact	pcrec_a32bc86e_auto-caps-simdna_nolitrun				artifact_bytes	40304						
compile	lit-l40			whole-subject	separate artifact	pcrec_a32bc86e_auto-caps-simdna_nolitrun				emit_bytes	74050						
compile	lit-l40			whole-subject	separate artifact	pcrec_a32bc86e_auto-caps-simdna_nolitrun				emit_code_bytes	17913						
compile	lit-l7			plain	same program	pcrec_a32bc86e_auto-caps-simdna_nolitrun				median_total_ns	159019468.000000	5					
compile	lit-l7			plain	same program	pcrec_a32bc86e_auto-caps-simdna_nolitrun				jitter	0.029						
compile	lit-l7			plain	same program	pcrec_a32bc86e_auto-caps-simdna_nolitrun				artifact_bytes	27872						
compile	lit-l7			plain	same program	pcrec_a32bc86e_auto-caps-simdna_nolitrun				emit_bytes	21873						
compile	lit-l7			plain	same program	pcrec_a32bc86e_auto-caps-simdna_nolitrun				emit_code_bytes	15172						
compile	lit-l7			whole-subject	separate artifact	pcrec_a32bc86e_auto-caps-simdna_nolitrun				median_total_ns	165012383.000000	5					
compile	lit-l7			whole-subject	separate artifact	pcrec_a32bc86e_auto-caps-simdna_nolitrun				jitter	0.023						
compile	lit-l7			whole-subject	separate artifact	pcrec_a32bc86e_auto-caps-simdna_nolitrun				artifact_bytes	28016						
compile	lit-l7			whole-subject	separate artifact	pcrec_a32bc86e_auto-caps-simdna_nolitrun				emit_bytes	24734						
compile	lit-l7			whole-subject	separate artifact	pcrec_a32bc86e_auto-caps-simdna_nolitrun				emit_code_bytes	17374						
compile	lit-l8			plain	same program	pcrec_a32bc86e_auto-caps-simdna_nolitrun				median_total_ns	151685641.000000	5					
compile	lit-l8			plain	same program	pcrec_a32bc86e_auto-caps-simdna_nolitrun				jitter	0.043						
compile	lit-l8			plain	same program	pcrec_a32bc86e_auto-caps-simdna_nolitrun				artifact_bytes	27872						
compile	lit-l8			plain	same program	pcrec_a32bc86e_auto-caps-simdna_nolitrun				emit_bytes	22416						
compile	lit-l8			plain	same program	pcrec_a32bc86e_auto-caps-simdna_nolitrun				emit_code_bytes	15178						
compile	lit-l8			whole-subject	separate artifact	pcrec_a32bc86e_auto-caps-simdna_nolitrun				median_total_ns	168029219.000000	5					
compile	lit-l8			whole-subject	separate artifact	pcrec_a32bc86e_auto-caps-simdna_nolitrun				jitter	0.033						
compile	lit-l8			whole-subject	separate artifact	pcrec_a32bc86e_auto-caps-simdna_nolitrun				artifact_bytes	28016						
compile	lit-l8			whole-subject	separate artifact	pcrec_a32bc86e_auto-caps-simdna_nolitrun				emit_bytes	25279						
compile	lit-l8			whole-subject	separate artifact	pcrec_a32bc86e_auto-caps-simdna_nolitrun				emit_code_bytes	17380						
compile	wild-secrets-aws-access-key-id			plain	same program	pcrec_a32bc86e_auto-caps-simdna_nolitrun				median_total_ns	246785406.000000	5					
compile	wild-secrets-aws-access-key-id			plain	same program	pcrec_a32bc86e_auto-caps-simdna_nolitrun				jitter	0.017						
compile	wild-secrets-aws-access-key-id			plain	same program	pcrec_a32bc86e_auto-caps-simdna_nolitrun				artifact_bytes	36336						
compile	wild-secrets-aws-access-key-id			plain	same program	pcrec_a32bc86e_auto-caps-simdna_nolitrun				emit_bytes	48061						
compile	wild-secrets-aws-access-key-id			plain	same program	pcrec_a32bc86e_auto-caps-simdna_nolitrun				emit_code_bytes	31156						
compile	wild-secrets-aws-access-key-id			whole-subject	separate artifact	pcrec_a32bc86e_auto-caps-simdna_nolitrun				median_total_ns	259551963.000000	5					
compile	wild-secrets-aws-access-key-id			whole-subject	separate artifact	pcrec_a32bc86e_auto-caps-simdna_nolitrun				jitter	0.008						
compile	wild-secrets-aws-access-key-id			whole-subject	separate artifact	pcrec_a32bc86e_auto-caps-simdna_nolitrun				artifact_bytes	36432						
compile	wild-secrets-aws-access-key-id			whole-subject	separate artifact	pcrec_a32bc86e_auto-caps-simdna_nolitrun				emit_bytes	50594						
compile	wild-secrets-aws-access-key-id			whole-subject	separate artifact	pcrec_a32bc86e_auto-caps-simdna_nolitrun				emit_code_bytes	32693						
compile	wild-secrets-github-pat			plain	same program	pcrec_a32bc86e_auto-caps-simdna_nolitrun				median_total_ns	395149397.000000	5					
compile	wild-secrets-github-pat			plain	same program	pcrec_a32bc86e_auto-caps-simdna_nolitrun				jitter	0.007						
compile	wild-secrets-github-pat			plain	same program	pcrec_a32bc86e_auto-caps-simdna_nolitrun				artifact_bytes	44400						
compile	wild-secrets-github-pat			plain	same program	pcrec_a32bc86e_auto-caps-simdna_nolitrun				emit_bytes	58384						
compile	wild-secrets-github-pat			plain	same program	pcrec_a32bc86e_auto-caps-simdna_nolitrun				emit_code_bytes	28274						
compile	wild-secrets-github-pat			whole-subject	separate artifact	pcrec_a32bc86e_auto-caps-simdna_nolitrun				median_total_ns	402959060.000000	5					
compile	wild-secrets-github-pat			whole-subject	separate artifact	pcrec_a32bc86e_auto-caps-simdna_nolitrun				jitter	0.011						
compile	wild-secrets-github-pat			whole-subject	separate artifact	pcrec_a32bc86e_auto-caps-simdna_nolitrun				artifact_bytes	40400						
compile	wild-secrets-github-pat			whole-subject	separate artifact	pcrec_a32bc86e_auto-caps-simdna_nolitrun				emit_bytes	61754						
compile	wild-secrets-github-pat			whole-subject	separate artifact	pcrec_a32bc86e_auto-caps-simdna_nolitrun				emit_code_bytes	29811						
compile	alt-foo-tails			plain	same program	pcrec_a32bc86e_vm-caps-simdna				median_total_ns	186372278.000000	5					
compile	alt-foo-tails			plain	same program	pcrec_a32bc86e_vm-caps-simdna				jitter	0.025						
compile	alt-foo-tails			plain	same program	pcrec_a32bc86e_vm-caps-simdna				artifact_bytes	27552						
compile	alt-foo-tails			plain	same program	pcrec_a32bc86e_vm-caps-simdna				emit_bytes	21508						
compile	alt-foo-tails			plain	same program	pcrec_a32bc86e_vm-caps-simdna				emit_code_bytes	21277						
compile_stamp						pcrec_a32bc86e_vm-caps-simdna				engine	vm						
compile_stamp						pcrec_a32bc86e_vm-caps-simdna				entry	plain entry						
compile_stamp						pcrec_a32bc86e_vm-caps-simdna				prefilter	none						
compile_stamp						pcrec_a32bc86e_vm-caps-simdna				vm_rungs	-						
compile_stamp						pcrec_a32bc86e_vm-caps-simdna				buffers	3/1 (stamped default)						
compile_stamp						pcrec_a32bc86e_vm-caps-simdna				frame	24						
compile_stamp						pcrec_a32bc86e_vm-caps-simdna				scan_edges	0						
compile_stamp						pcrec_a32bc86e_vm-caps-simdna				scan_edges_match	0						
compile_stamp						pcrec_a32bc86e_vm-caps-simdna				engine_sel	forced						
compile	alt-foo-tails			whole-subject	separate artifact	pcrec_a32bc86e_vm-caps-simdna				median_total_ns	184242550.000000	5					
compile	alt-foo-tails			whole-subject	separate artifact	pcrec_a32bc86e_vm-caps-simdna				jitter	0.025						
compile	alt-foo-tails			whole-subject	separate artifact	pcrec_a32bc86e_vm-caps-simdna				artifact_bytes	27552						
compile	alt-foo-tails			whole-subject	separate artifact	pcrec_a32bc86e_vm-caps-simdna				emit_bytes	21731						
compile	alt-foo-tails			whole-subject	separate artifact	pcrec_a32bc86e_vm-caps-simdna				emit_code_bytes	21500						
compile	ctrl-abc-dollar			plain	same program	pcrec_a32bc86e_vm-caps-simdna				median_total_ns	160792793.000000	5					
compile	ctrl-abc-dollar			plain	same program	pcrec_a32bc86e_vm-caps-simdna				jitter	0.044						
compile	ctrl-abc-dollar			plain	same program	pcrec_a32bc86e_vm-caps-simdna				artifact_bytes	23384						
compile	ctrl-abc-dollar			plain	same program	pcrec_a32bc86e_vm-caps-simdna				emit_bytes	20247						
compile	ctrl-abc-dollar			plain	same program	pcrec_a32bc86e_vm-caps-simdna				emit_code_bytes	20247						
compile	ctrl-abc-dollar			whole-subject	separate artifact	pcrec_a32bc86e_vm-caps-simdna				median_total_ns	156517523.000000	5					
compile	ctrl-abc-dollar			whole-subject	separate artifact	pcrec_a32bc86e_vm-caps-simdna				jitter	0.033						
compile	ctrl-abc-dollar			whole-subject	separate artifact	pcrec_a32bc86e_vm-caps-simdna				artifact_bytes	23384						
compile	ctrl-abc-dollar			whole-subject	separate artifact	pcrec_a32bc86e_vm-caps-simdna				emit_bytes	20359						
compile	ctrl-abc-dollar			whole-subject	separate artifact	pcrec_a32bc86e_vm-caps-simdna				emit_code_bytes	20359						
compile	floor			plain	same program	pcrec_a32bc86e_vm-caps-simdna				median_total_ns	143280903.000000	5					
compile	floor			plain	same program	pcrec_a32bc86e_vm-caps-simdna				jitter	0.061						
compile	floor			plain	same program	pcrec_a32bc86e_vm-caps-simdna				artifact_bytes	23384						
compile	floor			plain	same program	pcrec_a32bc86e_vm-caps-simdna				emit_bytes	19543						
compile	floor			plain	same program	pcrec_a32bc86e_vm-caps-simdna				emit_code_bytes	19543						
compile	floor			whole-subject	separate artifact	pcrec_a32bc86e_vm-caps-simdna				median_total_ns	150486035.000000	5					
compile	floor			whole-subject	separate artifact	pcrec_a32bc86e_vm-caps-simdna				jitter	0.059						
compile	floor			whole-subject	separate artifact	pcrec_a32bc86e_vm-caps-simdna				artifact_bytes	23384						
compile	floor			whole-subject	separate artifact	pcrec_a32bc86e_vm-caps-simdna				emit_bytes	19766						
compile	floor			whole-subject	separate artifact	pcrec_a32bc86e_vm-caps-simdna				emit_code_bytes	19766						
compile	lit-l10			plain	same program	pcrec_a32bc86e_vm-caps-simdna				median_total_ns	153179088.000000	5					
compile	lit-l10			plain	same program	pcrec_a32bc86e_vm-caps-simdna				jitter	0.027						
compile	lit-l10			plain	same program	pcrec_a32bc86e_vm-caps-simdna				artifact_bytes	23384						
compile	lit-l10			plain	same program	pcrec_a32bc86e_vm-caps-simdna				emit_bytes	20532						
compile	lit-l10			plain	same program	pcrec_a32bc86e_vm-caps-simdna				emit_code_bytes	20532						
compile	lit-l10			whole-subject	separate artifact	pcrec_a32bc86e_vm-caps-simdna				median_total_ns	159752418.000000	5					
compile	lit-l10			whole-subject	separate artifact	pcrec_a32bc86e_vm-caps-simdna				jitter	0.020						
compile	lit-l10			whole-subject	separate artifact	pcrec_a32bc86e_vm-caps-simdna				artifact_bytes	23384						
compile	lit-l10			whole-subject	separate artifact	pcrec_a32bc86e_vm-caps-simdna				emit_bytes	20759						
compile	lit-l10			whole-subject	separate artifact	pcrec_a32bc86e_vm-caps-simdna				emit_code_bytes	20759						
compile	lit-l16			plain	same program	pcrec_a32bc86e_vm-caps-simdna				median_total_ns	148761178.000000	5					
compile	lit-l16			plain	same program	pcrec_a32bc86e_vm-caps-simdna				jitter	0.044						
compile	lit-l16			plain	same program	pcrec_a32bc86e_vm-caps-simdna				artifact_bytes	23384						
compile	lit-l16			plain	same program	pcrec_a32bc86e_vm-caps-simdna				emit_bytes	20552						
compile	lit-l16			plain	same program	pcrec_a32bc86e_vm-caps-simdna				emit_code_bytes	20552						
compile	lit-l16			whole-subject	separate artifact	pcrec_a32bc86e_vm-caps-simdna				median_total_ns	163107843.000000	5					
compile	lit-l16			whole-subject	separate artifact	pcrec_a32bc86e_vm-caps-simdna				jitter	0.032						
compile	lit-l16			whole-subject	separate artifact	pcrec_a32bc86e_vm-caps-simdna				artifact_bytes	23384						
compile	lit-l16			whole-subject	separate artifact	pcrec_a32bc86e_vm-caps-simdna				emit_bytes	20779						
compile	lit-l16			whole-subject	separate artifact	pcrec_a32bc86e_vm-caps-simdna				emit_code_bytes	20779						
compile	lit-l2			plain	same program	pcrec_a32bc86e_vm-caps-simdna				median_total_ns	149575272.000000	5					
compile	lit-l2			plain	same program	pcrec_a32bc86e_vm-caps-simdna				jitter	0.069						
compile	lit-l2			plain	same program	pcrec_a32bc86e_vm-caps-simdna				artifact_bytes	23384						
compile	lit-l2			plain	same program	pcrec_a32bc86e_vm-caps-simdna				emit_bytes	19951						
compile	lit-l2			plain	same program	pcrec_a32bc86e_vm-caps-simdna				emit_code_bytes	19951						
compile	lit-l2			whole-subject	separate artifact	pcrec_a32bc86e_vm-caps-simdna				median_total_ns	140092297.000000	5					
compile	lit-l2			whole-subject	separate artifact	pcrec_a32bc86e_vm-caps-simdna				jitter	0.062						
compile	lit-l2			whole-subject	separate artifact	pcrec_a32bc86e_vm-caps-simdna				artifact_bytes	23384						
compile	lit-l2			whole-subject	separate artifact	pcrec_a32bc86e_vm-caps-simdna				emit_bytes	20174						
compile	lit-l2			whole-subject	separate artifact	pcrec_a32bc86e_vm-caps-simdna				emit_code_bytes	20174						
compile	lit-l3			plain	same program	pcrec_a32bc86e_vm-caps-simdna				median_total_ns	141182412.000000	5					
compile	lit-l3			plain	same program	pcrec_a32bc86e_vm-caps-simdna				jitter	0.037						
compile	lit-l3			plain	same program	pcrec_a32bc86e_vm-caps-simdna				artifact_bytes	23384						
compile	lit-l3			plain	same program	pcrec_a32bc86e_vm-caps-simdna				emit_bytes	19956						
compile	lit-l3			plain	same program	pcrec_a32bc86e_vm-caps-simdna				emit_code_bytes	19956						
compile	lit-l3			whole-subject	separate artifact	pcrec_a32bc86e_vm-caps-simdna				median_total_ns	155776240.000000	5					
compile	lit-l3			whole-subject	separate artifact	pcrec_a32bc86e_vm-caps-simdna				jitter	0.053						
compile	lit-l3			whole-subject	separate artifact	pcrec_a32bc86e_vm-caps-simdna				artifact_bytes	23384						
compile	lit-l3			whole-subject	separate artifact	pcrec_a32bc86e_vm-caps-simdna				emit_bytes	20179						
compile	lit-l3			whole-subject	separate artifact	pcrec_a32bc86e_vm-caps-simdna				emit_code_bytes	20179						
compile	lit-l31			plain	same program	pcrec_a32bc86e_vm-caps-simdna				median_total_ns	157580079.000000	5					
compile	lit-l31			plain	same program	pcrec_a32bc86e_vm-caps-simdna				jitter	0.033						
compile	lit-l31			plain	same program	pcrec_a32bc86e_vm-caps-simdna				artifact_bytes	23384						
compile	lit-l31			plain	same program	pcrec_a32bc86e_vm-caps-simdna				emit_bytes	20600						
compile	lit-l31			plain	same program	pcrec_a32bc86e_vm-caps-simdna				emit_code_bytes	20600						
compile	lit-l31			whole-subject	separate artifact	pcrec_a32bc86e_vm-caps-simdna				median_total_ns	154132193.000000	5					
compile	lit-l31			whole-subject	separate artifact	pcrec_a32bc86e_vm-caps-simdna				jitter	0.039						
compile	lit-l31			whole-subject	separate artifact	pcrec_a32bc86e_vm-caps-simdna				artifact_bytes	23384						
compile	lit-l31			whole-subject	separate artifact	pcrec_a32bc86e_vm-caps-simdna				emit_bytes	20827						
compile	lit-l31			whole-subject	separate artifact	pcrec_a32bc86e_vm-caps-simdna				emit_code_bytes	20827						
compile	lit-l4			plain	same program	pcrec_a32bc86e_vm-caps-simdna				median_total_ns	151866082.000000	5					
compile	lit-l4			plain	same program	pcrec_a32bc86e_vm-caps-simdna				jitter	0.012						
compile	lit-l4			plain	same program	pcrec_a32bc86e_vm-caps-simdna				artifact_bytes	23384						
compile	lit-l4			plain	same program	pcrec_a32bc86e_vm-caps-simdna				emit_bytes	19961						
compile	lit-l4			plain	same program	pcrec_a32bc86e_vm-caps-simdna				emit_code_bytes	19961						
compile	lit-l4			whole-subject	separate artifact	pcrec_a32bc86e_vm-caps-simdna				median_total_ns	154249483.000000	5					
compile	lit-l4			whole-subject	separate artifact	pcrec_a32bc86e_vm-caps-simdna				jitter	0.019						
compile	lit-l4			whole-subject	separate artifact	pcrec_a32bc86e_vm-caps-simdna				artifact_bytes	23384						
compile	lit-l4			whole-subject	separate artifact	pcrec_a32bc86e_vm-caps-simdna				emit_bytes	20185						
compile	lit-l4			whole-subject	separate artifact	pcrec_a32bc86e_vm-caps-simdna				emit_code_bytes	20185						
compile	lit-l40			plain	same program	pcrec_a32bc86e_vm-caps-simdna				median_total_ns	157718908.000000	5					
compile	lit-l40			plain	same program	pcrec_a32bc86e_vm-caps-simdna				jitter	0.024						
compile	lit-l40			plain	same program	pcrec_a32bc86e_vm-caps-simdna				artifact_bytes	23416						
compile	lit-l40			plain	same program	pcrec_a32bc86e_vm-caps-simdna				emit_bytes	20893						
compile	lit-l40			plain	same program	pcrec_a32bc86e_vm-caps-simdna				emit_code_bytes	20806						
compile	lit-l40			whole-subject	separate artifact	pcrec_a32bc86e_vm-caps-simdna				median_total_ns	157749588.000000	5					
compile	lit-l40			whole-subject	separate artifact	pcrec_a32bc86e_vm-caps-simdna				jitter	0.024						
compile	lit-l40			whole-subject	separate artifact	pcrec_a32bc86e_vm-caps-simdna				artifact_bytes	23416						
compile	lit-l40			whole-subject	separate artifact	pcrec_a32bc86e_vm-caps-simdna				emit_bytes	21120						
compile	lit-l40			whole-subject	separate artifact	pcrec_a32bc86e_vm-caps-simdna				emit_code_bytes	21033						
compile	lit-l7			plain	same program	pcrec_a32bc86e_vm-caps-simdna				median_total_ns	154188922.000000	5					
compile	lit-l7			plain	same program	pcrec_a32bc86e_vm-caps-simdna				jitter	0.029						
compile	lit-l7			plain	same program	pcrec_a32bc86e_vm-caps-simdna				artifact_bytes	23384						
compile	lit-l7			plain	same program	pcrec_a32bc86e_vm-caps-simdna				emit_bytes	19976						
compile	lit-l7			plain	same program	pcrec_a32bc86e_vm-caps-simdna				emit_code_bytes	19976						
compile	lit-l7			whole-subject	separate artifact	pcrec_a32bc86e_vm-caps-simdna				median_total_ns	151643171.000000	5					
compile	lit-l7			whole-subject	separate artifact	pcrec_a32bc86e_vm-caps-simdna				jitter	0.028						
compile	lit-l7			whole-subject	separate artifact	pcrec_a32bc86e_vm-caps-simdna				artifact_bytes	23384						
compile	lit-l7			whole-subject	separate artifact	pcrec_a32bc86e_vm-caps-simdna				emit_bytes	20200						
compile	lit-l7			whole-subject	separate artifact	pcrec_a32bc86e_vm-caps-simdna				emit_code_bytes	20200						
compile	lit-l8			plain	same program	pcrec_a32bc86e_vm-caps-simdna				median_total_ns	153208958.000000	5					
compile	lit-l8			plain	same program	pcrec_a32bc86e_vm-caps-simdna				jitter	0.058						
compile	lit-l8			plain	same program	pcrec_a32bc86e_vm-caps-simdna				artifact_bytes	23384						
compile	lit-l8			plain	same program	pcrec_a32bc86e_vm-caps-simdna				emit_bytes	19981						
compile	lit-l8			plain	same program	pcrec_a32bc86e_vm-caps-simdna				emit_code_bytes	19981						
compile	lit-l8			whole-subject	separate artifact	pcrec_a32bc86e_vm-caps-simdna				median_total_ns	143474313.000000	5					
compile	lit-l8			whole-subject	separate artifact	pcrec_a32bc86e_vm-caps-simdna				jitter	0.036						
compile	lit-l8			whole-subject	separate artifact	pcrec_a32bc86e_vm-caps-simdna				artifact_bytes	23384						
compile	lit-l8			whole-subject	separate artifact	pcrec_a32bc86e_vm-caps-simdna				emit_bytes	20205						
compile	lit-l8			whole-subject	separate artifact	pcrec_a32bc86e_vm-caps-simdna				emit_code_bytes	20205						
compile	wild-secrets-aws-access-key-id			plain	same program	pcrec_a32bc86e_vm-caps-simdna				median_total_ns	221919832.000000	5					
compile	wild-secrets-aws-access-key-id			plain	same program	pcrec_a32bc86e_vm-caps-simdna				jitter	0.014						
compile	wild-secrets-aws-access-key-id			plain	same program	pcrec_a32bc86e_vm-caps-simdna				artifact_bytes	31688						
compile	wild-secrets-aws-access-key-id			plain	same program	pcrec_a32bc86e_vm-caps-simdna				emit_bytes	25215						
compile	wild-secrets-aws-access-key-id			plain	same program	pcrec_a32bc86e_vm-caps-simdna				emit_code_bytes	24753						
compile	wild-secrets-aws-access-key-id			whole-subject	separate artifact	pcrec_a32bc86e_vm-caps-simdna				median_total_ns	217596292.000000	5					
compile	wild-secrets-aws-access-key-id			whole-subject	separate artifact	pcrec_a32bc86e_vm-caps-simdna				jitter	0.038						
compile	wild-secrets-aws-access-key-id			whole-subject	separate artifact	pcrec_a32bc86e_vm-caps-simdna				artifact_bytes	31688						
compile	wild-secrets-aws-access-key-id			whole-subject	separate artifact	pcrec_a32bc86e_vm-caps-simdna				emit_bytes	25444						
compile	wild-secrets-aws-access-key-id			whole-subject	separate artifact	pcrec_a32bc86e_vm-caps-simdna				emit_code_bytes	24982						
compile	wild-secrets-github-pat			plain	same program	pcrec_a32bc86e_vm-caps-simdna				median_total_ns	308280105.000000	5					
compile	wild-secrets-github-pat			plain	same program	pcrec_a32bc86e_vm-caps-simdna				jitter	0.013						
compile	wild-secrets-github-pat			plain	same program	pcrec_a32bc86e_vm-caps-simdna				artifact_bytes	31568						
compile	wild-secrets-github-pat			plain	same program	pcrec_a32bc86e_vm-caps-simdna				emit_bytes	22621						
compile	wild-secrets-github-pat			plain	same program	pcrec_a32bc86e_vm-caps-simdna				emit_code_bytes	22390						
compile	wild-secrets-github-pat			whole-subject	separate artifact	pcrec_a32bc86e_vm-caps-simdna				median_total_ns	307219071.000000	5					
compile	wild-secrets-github-pat			whole-subject	separate artifact	pcrec_a32bc86e_vm-caps-simdna				jitter	0.013						
compile	wild-secrets-github-pat			whole-subject	separate artifact	pcrec_a32bc86e_vm-caps-simdna				artifact_bytes	27472						
compile	wild-secrets-github-pat			whole-subject	separate artifact	pcrec_a32bc86e_vm-caps-simdna				emit_bytes	22848						
compile	wild-secrets-github-pat			whole-subject	separate artifact	pcrec_a32bc86e_vm-caps-simdna				emit_code_bytes	22617						
compile	alt-foo-tails			plain	same program	pcrec_a32bc86e_vm-caps-simdna_noaltclsfactor				median_total_ns	187205681.000000	5					
compile	alt-foo-tails			plain	same program	pcrec_a32bc86e_vm-caps-simdna_noaltclsfactor				jitter	0.025						
compile	alt-foo-tails			plain	same program	pcrec_a32bc86e_vm-caps-simdna_noaltclsfactor				artifact_bytes	27552						
compile	alt-foo-tails			plain	same program	pcrec_a32bc86e_vm-caps-simdna_noaltclsfactor				emit_bytes	21688						
compile	alt-foo-tails			plain	same program	pcrec_a32bc86e_vm-caps-simdna_noaltclsfactor				emit_code_bytes	21457						
compile_stamp						pcrec_a32bc86e_vm-caps-simdna_noaltclsfactor				engine	vm						
compile_stamp						pcrec_a32bc86e_vm-caps-simdna_noaltclsfactor				entry	plain entry						
compile_stamp						pcrec_a32bc86e_vm-caps-simdna_noaltclsfactor				prefilter	none						
compile_stamp						pcrec_a32bc86e_vm-caps-simdna_noaltclsfactor				vm_rungs	-						
compile_stamp						pcrec_a32bc86e_vm-caps-simdna_noaltclsfactor				buffers	3/1 (stamped default)						
compile_stamp						pcrec_a32bc86e_vm-caps-simdna_noaltclsfactor				frame	24						
compile_stamp						pcrec_a32bc86e_vm-caps-simdna_noaltclsfactor				scan_edges	0						
compile_stamp						pcrec_a32bc86e_vm-caps-simdna_noaltclsfactor				scan_edges_match	0						
compile_stamp						pcrec_a32bc86e_vm-caps-simdna_noaltclsfactor				engine_sel	forced						
compile	alt-foo-tails			whole-subject	separate artifact	pcrec_a32bc86e_vm-caps-simdna_noaltclsfactor				median_total_ns	182724719.000000	5					
compile	alt-foo-tails			whole-subject	separate artifact	pcrec_a32bc86e_vm-caps-simdna_noaltclsfactor				jitter	0.014						
compile	alt-foo-tails			whole-subject	separate artifact	pcrec_a32bc86e_vm-caps-simdna_noaltclsfactor				artifact_bytes	27552						
compile	alt-foo-tails			whole-subject	separate artifact	pcrec_a32bc86e_vm-caps-simdna_noaltclsfactor				emit_bytes	21913						
compile	alt-foo-tails			whole-subject	separate artifact	pcrec_a32bc86e_vm-caps-simdna_noaltclsfactor				emit_code_bytes	21682						
compile	ctrl-abc-dollar			plain	same program	pcrec_a32bc86e_vm-caps-simdna_noaltclsfactor				median_total_ns	155664712.000000	5					
compile	ctrl-abc-dollar			plain	same program	pcrec_a32bc86e_vm-caps-simdna_noaltclsfactor				jitter	0.022						
compile	ctrl-abc-dollar			plain	same program	pcrec_a32bc86e_vm-caps-simdna_noaltclsfactor				artifact_bytes	23384						
compile	ctrl-abc-dollar			plain	same program	pcrec_a32bc86e_vm-caps-simdna_noaltclsfactor				emit_bytes	20247						
compile	ctrl-abc-dollar			plain	same program	pcrec_a32bc86e_vm-caps-simdna_noaltclsfactor				emit_code_bytes	20247						
compile	ctrl-abc-dollar			whole-subject	separate artifact	pcrec_a32bc86e_vm-caps-simdna_noaltclsfactor				median_total_ns	156808907.000000	5					
compile	ctrl-abc-dollar			whole-subject	separate artifact	pcrec_a32bc86e_vm-caps-simdna_noaltclsfactor				jitter	0.028						
compile	ctrl-abc-dollar			whole-subject	separate artifact	pcrec_a32bc86e_vm-caps-simdna_noaltclsfactor				artifact_bytes	23384						
compile	ctrl-abc-dollar			whole-subject	separate artifact	pcrec_a32bc86e_vm-caps-simdna_noaltclsfactor				emit_bytes	20359						
compile	ctrl-abc-dollar			whole-subject	separate artifact	pcrec_a32bc86e_vm-caps-simdna_noaltclsfactor				emit_code_bytes	20359						
compile	floor			plain	same program	pcrec_a32bc86e_vm-caps-simdna_noaltclsfactor				median_total_ns	133151287.000000	5					
compile	floor			plain	same program	pcrec_a32bc86e_vm-caps-simdna_noaltclsfactor				jitter	0.023						
compile	floor			plain	same program	pcrec_a32bc86e_vm-caps-simdna_noaltclsfactor				artifact_bytes	23384						
compile	floor			plain	same program	pcrec_a32bc86e_vm-caps-simdna_noaltclsfactor				emit_bytes	19543						
compile	floor			plain	same program	pcrec_a32bc86e_vm-caps-simdna_noaltclsfactor				emit_code_bytes	19543						
compile	floor			whole-subject	separate artifact	pcrec_a32bc86e_vm-caps-simdna_noaltclsfactor				median_total_ns	140098531.000000	5					
compile	floor			whole-subject	separate artifact	pcrec_a32bc86e_vm-caps-simdna_noaltclsfactor				jitter	0.038						
compile	floor			whole-subject	separate artifact	pcrec_a32bc86e_vm-caps-simdna_noaltclsfactor				artifact_bytes	23384						
compile	floor			whole-subject	separate artifact	pcrec_a32bc86e_vm-caps-simdna_noaltclsfactor				emit_bytes	19766						
compile	floor			whole-subject	separate artifact	pcrec_a32bc86e_vm-caps-simdna_noaltclsfactor				emit_code_bytes	19766						
compile	lit-l10			plain	same program	pcrec_a32bc86e_vm-caps-simdna_noaltclsfactor				median_total_ns	154496555.000000	5					
compile	lit-l10			plain	same program	pcrec_a32bc86e_vm-caps-simdna_noaltclsfactor				jitter	0.039						
compile	lit-l10			plain	same program	pcrec_a32bc86e_vm-caps-simdna_noaltclsfactor				artifact_bytes	23384						
compile	lit-l10			plain	same program	pcrec_a32bc86e_vm-caps-simdna_noaltclsfactor				emit_bytes	20532						
compile	lit-l10			plain	same program	pcrec_a32bc86e_vm-caps-simdna_noaltclsfactor				emit_code_bytes	20532						
compile	lit-l10			whole-subject	separate artifact	pcrec_a32bc86e_vm-caps-simdna_noaltclsfactor				median_total_ns	161228719.000000	5					
compile	lit-l10			whole-subject	separate artifact	pcrec_a32bc86e_vm-caps-simdna_noaltclsfactor				jitter	0.048						
compile	lit-l10			whole-subject	separate artifact	pcrec_a32bc86e_vm-caps-simdna_noaltclsfactor				artifact_bytes	23384						
compile	lit-l10			whole-subject	separate artifact	pcrec_a32bc86e_vm-caps-simdna_noaltclsfactor				emit_bytes	20759						
compile	lit-l10			whole-subject	separate artifact	pcrec_a32bc86e_vm-caps-simdna_noaltclsfactor				emit_code_bytes	20759						
compile	lit-l16			plain	same program	pcrec_a32bc86e_vm-caps-simdna_noaltclsfactor				median_total_ns	154385545.000000	5					
compile	lit-l16			plain	same program	pcrec_a32bc86e_vm-caps-simdna_noaltclsfactor				jitter	0.035						
compile	lit-l16			plain	same program	pcrec_a32bc86e_vm-caps-simdna_noaltclsfactor				artifact_bytes	23384						
compile	lit-l16			plain	same program	pcrec_a32bc86e_vm-caps-simdna_noaltclsfactor				emit_bytes	20552						
compile	lit-l16			plain	same program	pcrec_a32bc86e_vm-caps-simdna_noaltclsfactor				emit_code_bytes	20552						
compile	lit-l16			whole-subject	separate artifact	pcrec_a32bc86e_vm-caps-simdna_noaltclsfactor				median_total_ns	160403545.000000	5					
compile	lit-l16			whole-subject	separate artifact	pcrec_a32bc86e_vm-caps-simdna_noaltclsfactor				jitter	0.034						
compile	lit-l16			whole-subject	separate artifact	pcrec_a32bc86e_vm-caps-simdna_noaltclsfactor				artifact_bytes	23384						
compile	lit-l16			whole-subject	separate artifact	pcrec_a32bc86e_vm-caps-simdna_noaltclsfactor				emit_bytes	20779						
compile	lit-l16			whole-subject	separate artifact	pcrec_a32bc86e_vm-caps-simdna_noaltclsfactor				emit_code_bytes	20779						
compile	lit-l2			plain	same program	pcrec_a32bc86e_vm-caps-simdna_noaltclsfactor				median_total_ns	150474975.000000	5					
compile	lit-l2			plain	same program	pcrec_a32bc86e_vm-caps-simdna_noaltclsfactor				jitter	0.016						
compile	lit-l2			plain	same program	pcrec_a32bc86e_vm-caps-simdna_noaltclsfactor				artifact_bytes	23384						
compile	lit-l2			plain	same program	pcrec_a32bc86e_vm-caps-simdna_noaltclsfactor				emit_bytes	19951						
compile	lit-l2			plain	same program	pcrec_a32bc86e_vm-caps-simdna_noaltclsfactor				emit_code_bytes	19951						
compile	lit-l2			whole-subject	separate artifact	pcrec_a32bc86e_vm-caps-simdna_noaltclsfactor				median_total_ns	153517829.000000	5					
compile	lit-l2			whole-subject	separate artifact	pcrec_a32bc86e_vm-caps-simdna_noaltclsfactor				jitter	0.018						
compile	lit-l2			whole-subject	separate artifact	pcrec_a32bc86e_vm-caps-simdna_noaltclsfactor				artifact_bytes	23384						
compile	lit-l2			whole-subject	separate artifact	pcrec_a32bc86e_vm-caps-simdna_noaltclsfactor				emit_bytes	20174						
compile	lit-l2			whole-subject	separate artifact	pcrec_a32bc86e_vm-caps-simdna_noaltclsfactor				emit_code_bytes	20174						
compile	lit-l3			plain	same program	pcrec_a32bc86e_vm-caps-simdna_noaltclsfactor				median_total_ns	145018255.000000	5					
compile	lit-l3			plain	same program	pcrec_a32bc86e_vm-caps-simdna_noaltclsfactor				jitter	0.030						
compile	lit-l3			plain	same program	pcrec_a32bc86e_vm-caps-simdna_noaltclsfactor				artifact_bytes	23384						
compile	lit-l3			plain	same program	pcrec_a32bc86e_vm-caps-simdna_noaltclsfactor				emit_bytes	19956						
compile	lit-l3			plain	same program	pcrec_a32bc86e_vm-caps-simdna_noaltclsfactor				emit_code_bytes	19956						
compile	lit-l3			whole-subject	separate artifact	pcrec_a32bc86e_vm-caps-simdna_noaltclsfactor				median_total_ns	147140897.000000	5					
compile	lit-l3			whole-subject	separate artifact	pcrec_a32bc86e_vm-caps-simdna_noaltclsfactor				jitter	0.036						
compile	lit-l3			whole-subject	separate artifact	pcrec_a32bc86e_vm-caps-simdna_noaltclsfactor				artifact_bytes	23384						
compile	lit-l3			whole-subject	separate artifact	pcrec_a32bc86e_vm-caps-simdna_noaltclsfactor				emit_bytes	20179						
compile	lit-l3			whole-subject	separate artifact	pcrec_a32bc86e_vm-caps-simdna_noaltclsfactor				emit_code_bytes	20179						
compile	lit-l31			plain	same program	pcrec_a32bc86e_vm-caps-simdna_noaltclsfactor				median_total_ns	158690646.000000	5					
compile	lit-l31			plain	same program	pcrec_a32bc86e_vm-caps-simdna_noaltclsfactor				jitter	0.018						
compile	lit-l31			plain	same program	pcrec_a32bc86e_vm-caps-simdna_noaltclsfactor				artifact_bytes	23384						
compile	lit-l31			plain	same program	pcrec_a32bc86e_vm-caps-simdna_noaltclsfactor				emit_bytes	20600						
compile	lit-l31			plain	same program	pcrec_a32bc86e_vm-caps-simdna_noaltclsfactor				emit_code_bytes	20600						
compile	lit-l31			whole-subject	separate artifact	pcrec_a32bc86e_vm-caps-simdna_noaltclsfactor				median_total_ns	155089168.000000	5					
compile	lit-l31			whole-subject	separate artifact	pcrec_a32bc86e_vm-caps-simdna_noaltclsfactor				jitter	0.037						
compile	lit-l31			whole-subject	separate artifact	pcrec_a32bc86e_vm-caps-simdna_noaltclsfactor				artifact_bytes	23384						
compile	lit-l31			whole-subject	separate artifact	pcrec_a32bc86e_vm-caps-simdna_noaltclsfactor				emit_bytes	20827						
compile	lit-l31			whole-subject	separate artifact	pcrec_a32bc86e_vm-caps-simdna_noaltclsfactor				emit_code_bytes	20827						
compile	lit-l4			plain	same program	pcrec_a32bc86e_vm-caps-simdna_noaltclsfactor				median_total_ns	142390154.000000	5					
compile	lit-l4			plain	same program	pcrec_a32bc86e_vm-caps-simdna_noaltclsfactor				jitter	0.033						
compile	lit-l4			plain	same program	pcrec_a32bc86e_vm-caps-simdna_noaltclsfactor				artifact_bytes	23384						
compile	lit-l4			plain	same program	pcrec_a32bc86e_vm-caps-simdna_noaltclsfactor				emit_bytes	19961						
compile	lit-l4			plain	same program	pcrec_a32bc86e_vm-caps-simdna_noaltclsfactor				emit_code_bytes	19961						
compile	lit-l4			whole-subject	separate artifact	pcrec_a32bc86e_vm-caps-simdna_noaltclsfactor				median_total_ns	150808287.000000	5					
compile	lit-l4			whole-subject	separate artifact	pcrec_a32bc86e_vm-caps-simdna_noaltclsfactor				jitter	0.029						
compile	lit-l4			whole-subject	separate artifact	pcrec_a32bc86e_vm-caps-simdna_noaltclsfactor				artifact_bytes	23384						
compile	lit-l4			whole-subject	separate artifact	pcrec_a32bc86e_vm-caps-simdna_noaltclsfactor				emit_bytes	20185						
compile	lit-l4			whole-subject	separate artifact	pcrec_a32bc86e_vm-caps-simdna_noaltclsfactor				emit_code_bytes	20185						
compile	lit-l40			plain	same program	pcrec_a32bc86e_vm-caps-simdna_noaltclsfactor				median_total_ns	153439140.000000	5					
compile	lit-l40			plain	same program	pcrec_a32bc86e_vm-caps-simdna_noaltclsfactor				jitter	0.035						
compile	lit-l40			plain	same program	pcrec_a32bc86e_vm-caps-simdna_noaltclsfactor				artifact_bytes	23416						
compile	lit-l40			plain	same program	pcrec_a32bc86e_vm-caps-simdna_noaltclsfactor				emit_bytes	20893						
compile	lit-l40			plain	same program	pcrec_a32bc86e_vm-caps-simdna_noaltclsfactor				emit_code_bytes	20806						
compile	lit-l40			whole-subject	separate artifact	pcrec_a32bc86e_vm-caps-simdna_noaltclsfactor				median_total_ns	165537701.000000	5					
compile	lit-l40			whole-subject	separate artifact	pcrec_a32bc86e_vm-caps-simdna_noaltclsfactor				jitter	0.017						
compile	lit-l40			whole-subject	separate artifact	pcrec_a32bc86e_vm-caps-simdna_noaltclsfactor				artifact_bytes	23416						
compile	lit-l40			whole-subject	separate artifact	pcrec_a32bc86e_vm-caps-simdna_noaltclsfactor				emit_bytes	21120						
compile	lit-l40			whole-subject	separate artifact	pcrec_a32bc86e_vm-caps-simdna_noaltclsfactor				emit_code_bytes	21033						
compile	lit-l7			plain	same program	pcrec_a32bc86e_vm-caps-simdna_noaltclsfactor				median_total_ns	147098607.000000	5					
compile	lit-l7			plain	same program	pcrec_a32bc86e_vm-caps-simdna_noaltclsfactor				jitter	0.012						
compile	lit-l7			plain	same program	pcrec_a32bc86e_vm-caps-simdna_noaltclsfactor				artifact_bytes	23384						
compile	lit-l7			plain	same program	pcrec_a32bc86e_vm-caps-simdna_noaltclsfactor				emit_bytes	19976						
compile	lit-l7			plain	same program	pcrec_a32bc86e_vm-caps-simdna_noaltclsfactor				emit_code_bytes	19976						
compile	lit-l7			whole-subject	separate artifact	pcrec_a32bc86e_vm-caps-simdna_noaltclsfactor				median_total_ns	153903493.000000	5					
compile	lit-l7			whole-subject	separate artifact	pcrec_a32bc86e_vm-caps-simdna_noaltclsfactor				jitter	0.015						
compile	lit-l7			whole-subject	separate artifact	pcrec_a32bc86e_vm-caps-simdna_noaltclsfactor				artifact_bytes	23384						
compile	lit-l7			whole-subject	separate artifact	pcrec_a32bc86e_vm-caps-simdna_noaltclsfactor				emit_bytes	20200						
compile	lit-l7			whole-subject	separate artifact	pcrec_a32bc86e_vm-caps-simdna_noaltclsfactor				emit_code_bytes	20200						
compile	lit-l8			plain	same program	pcrec_a32bc86e_vm-caps-simdna_noaltclsfactor				median_total_ns	146155463.000000	5					
compile	lit-l8			plain	same program	pcrec_a32bc86e_vm-caps-simdna_noaltclsfactor				jitter	0.040						
compile	lit-l8			plain	same program	pcrec_a32bc86e_vm-caps-simdna_noaltclsfactor				artifact_bytes	23384						
compile	lit-l8			plain	same program	pcrec_a32bc86e_vm-caps-simdna_noaltclsfactor				emit_bytes	19981						
compile	lit-l8			plain	same program	pcrec_a32bc86e_vm-caps-simdna_noaltclsfactor				emit_code_bytes	19981						
compile	lit-l8			whole-subject	separate artifact	pcrec_a32bc86e_vm-caps-simdna_noaltclsfactor				median_total_ns	149104958.000000	5					
compile	lit-l8			whole-subject	separate artifact	pcrec_a32bc86e_vm-caps-simdna_noaltclsfactor				jitter	0.036						
compile	lit-l8			whole-subject	separate artifact	pcrec_a32bc86e_vm-caps-simdna_noaltclsfactor				artifact_bytes	23384						
compile	lit-l8			whole-subject	separate artifact	pcrec_a32bc86e_vm-caps-simdna_noaltclsfactor				emit_bytes	20205						
compile	lit-l8			whole-subject	separate artifact	pcrec_a32bc86e_vm-caps-simdna_noaltclsfactor				emit_code_bytes	20205						
compile	wild-secrets-aws-access-key-id			plain	same program	pcrec_a32bc86e_vm-caps-simdna_noaltclsfactor				median_total_ns	212415940.000000	5					
compile	wild-secrets-aws-access-key-id			plain	same program	pcrec_a32bc86e_vm-caps-simdna_noaltclsfactor				jitter	0.017						
compile	wild-secrets-aws-access-key-id			plain	same program	pcrec_a32bc86e_vm-caps-simdna_noaltclsfactor				artifact_bytes	27592						
compile	wild-secrets-aws-access-key-id			plain	same program	pcrec_a32bc86e_vm-caps-simdna_noaltclsfactor				emit_bytes	24533						
compile	wild-secrets-aws-access-key-id			plain	same program	pcrec_a32bc86e_vm-caps-simdna_noaltclsfactor				emit_code_bytes	24071						
compile	wild-secrets-aws-access-key-id			whole-subject	separate artifact	pcrec_a32bc86e_vm-caps-simdna_noaltclsfactor				median_total_ns	208829032.000000	5					
compile	wild-secrets-aws-access-key-id			whole-subject	separate artifact	pcrec_a32bc86e_vm-caps-simdna_noaltclsfactor				jitter	0.022						
compile	wild-secrets-aws-access-key-id			whole-subject	separate artifact	pcrec_a32bc86e_vm-caps-simdna_noaltclsfactor				artifact_bytes	27592						
compile	wild-secrets-aws-access-key-id			whole-subject	separate artifact	pcrec_a32bc86e_vm-caps-simdna_noaltclsfactor				emit_bytes	24762						
compile	wild-secrets-aws-access-key-id			whole-subject	separate artifact	pcrec_a32bc86e_vm-caps-simdna_noaltclsfactor				emit_code_bytes	24300						
compile	wild-secrets-github-pat			plain	same program	pcrec_a32bc86e_vm-caps-simdna_noaltclsfactor				median_total_ns	314852099.000000	5					
compile	wild-secrets-github-pat			plain	same program	pcrec_a32bc86e_vm-caps-simdna_noaltclsfactor				jitter	0.013						
compile	wild-secrets-github-pat			plain	same program	pcrec_a32bc86e_vm-caps-simdna_noaltclsfactor				artifact_bytes	31568						
compile	wild-secrets-github-pat			plain	same program	pcrec_a32bc86e_vm-caps-simdna_noaltclsfactor				emit_bytes	22621						
compile	wild-secrets-github-pat			plain	same program	pcrec_a32bc86e_vm-caps-simdna_noaltclsfactor				emit_code_bytes	22390						
compile	wild-secrets-github-pat			whole-subject	separate artifact	pcrec_a32bc86e_vm-caps-simdna_noaltclsfactor				median_total_ns	310885290.000000	5					
compile	wild-secrets-github-pat			whole-subject	separate artifact	pcrec_a32bc86e_vm-caps-simdna_noaltclsfactor				jitter	0.016						
compile	wild-secrets-github-pat			whole-subject	separate artifact	pcrec_a32bc86e_vm-caps-simdna_noaltclsfactor				artifact_bytes	27472						
compile	wild-secrets-github-pat			whole-subject	separate artifact	pcrec_a32bc86e_vm-caps-simdna_noaltclsfactor				emit_bytes	22848						
compile	wild-secrets-github-pat			whole-subject	separate artifact	pcrec_a32bc86e_vm-caps-simdna_noaltclsfactor				emit_code_bytes	22617						
compile	alt-foo-tails			plain	same program	pcrec_a32bc86e_vm-caps-simdna_noaltclsfactor-nolitrun				median_total_ns	189344574.000000	5					
compile	alt-foo-tails			plain	same program	pcrec_a32bc86e_vm-caps-simdna_noaltclsfactor-nolitrun				jitter	0.018						
compile	alt-foo-tails			plain	same program	pcrec_a32bc86e_vm-caps-simdna_noaltclsfactor-nolitrun				artifact_bytes	27552						
compile	alt-foo-tails			plain	same program	pcrec_a32bc86e_vm-caps-simdna_noaltclsfactor-nolitrun				emit_bytes	23066						
compile	alt-foo-tails			plain	same program	pcrec_a32bc86e_vm-caps-simdna_noaltclsfactor-nolitrun				emit_code_bytes	22835						
compile_stamp						pcrec_a32bc86e_vm-caps-simdna_noaltclsfactor-nolitrun				engine	vm						
compile_stamp						pcrec_a32bc86e_vm-caps-simdna_noaltclsfactor-nolitrun				entry	plain entry						
compile_stamp						pcrec_a32bc86e_vm-caps-simdna_noaltclsfactor-nolitrun				prefilter	none						
compile_stamp						pcrec_a32bc86e_vm-caps-simdna_noaltclsfactor-nolitrun				vm_rungs	-						
compile_stamp						pcrec_a32bc86e_vm-caps-simdna_noaltclsfactor-nolitrun				buffers	3/1 (stamped default)						
compile_stamp						pcrec_a32bc86e_vm-caps-simdna_noaltclsfactor-nolitrun				frame	24						
compile_stamp						pcrec_a32bc86e_vm-caps-simdna_noaltclsfactor-nolitrun				scan_edges	0						
compile_stamp						pcrec_a32bc86e_vm-caps-simdna_noaltclsfactor-nolitrun				scan_edges_match	0						
compile_stamp						pcrec_a32bc86e_vm-caps-simdna_noaltclsfactor-nolitrun				engine_sel	forced						
compile	alt-foo-tails			whole-subject	separate artifact	pcrec_a32bc86e_vm-caps-simdna_noaltclsfactor-nolitrun				median_total_ns	185736724.000000	5					
compile	alt-foo-tails			whole-subject	separate artifact	pcrec_a32bc86e_vm-caps-simdna_noaltclsfactor-nolitrun				jitter	0.025						
compile	alt-foo-tails			whole-subject	separate artifact	pcrec_a32bc86e_vm-caps-simdna_noaltclsfactor-nolitrun				artifact_bytes	27552						
compile	alt-foo-tails			whole-subject	separate artifact	pcrec_a32bc86e_vm-caps-simdna_noaltclsfactor-nolitrun				emit_bytes	23291						
compile	alt-foo-tails			whole-subject	separate artifact	pcrec_a32bc86e_vm-caps-simdna_noaltclsfactor-nolitrun				emit_code_bytes	23060						
compile	ctrl-abc-dollar			plain	same program	pcrec_a32bc86e_vm-caps-simdna_noaltclsfactor-nolitrun				median_total_ns	162271737.000000	5					
compile	ctrl-abc-dollar			plain	same program	pcrec_a32bc86e_vm-caps-simdna_noaltclsfactor-nolitrun				jitter	0.021						
compile	ctrl-abc-dollar			plain	same program	pcrec_a32bc86e_vm-caps-simdna_noaltclsfactor-nolitrun				artifact_bytes	23384						
compile	ctrl-abc-dollar			plain	same program	pcrec_a32bc86e_vm-caps-simdna_noaltclsfactor-nolitrun				emit_bytes	20541						
compile	ctrl-abc-dollar			plain	same program	pcrec_a32bc86e_vm-caps-simdna_noaltclsfactor-nolitrun				emit_code_bytes	20541						
compile	ctrl-abc-dollar			whole-subject	separate artifact	pcrec_a32bc86e_vm-caps-simdna_noaltclsfactor-nolitrun				median_total_ns	159173239.000000	5					
compile	ctrl-abc-dollar			whole-subject	separate artifact	pcrec_a32bc86e_vm-caps-simdna_noaltclsfactor-nolitrun				jitter	0.043						
compile	ctrl-abc-dollar			whole-subject	separate artifact	pcrec_a32bc86e_vm-caps-simdna_noaltclsfactor-nolitrun				artifact_bytes	23384						
compile	ctrl-abc-dollar			whole-subject	separate artifact	pcrec_a32bc86e_vm-caps-simdna_noaltclsfactor-nolitrun				emit_bytes	20653						
compile	ctrl-abc-dollar			whole-subject	separate artifact	pcrec_a32bc86e_vm-caps-simdna_noaltclsfactor-nolitrun				emit_code_bytes	20653						
compile	floor			plain	same program	pcrec_a32bc86e_vm-caps-simdna_noaltclsfactor-nolitrun				median_total_ns	141075752.000000	5					
compile	floor			plain	same program	pcrec_a32bc86e_vm-caps-simdna_noaltclsfactor-nolitrun				jitter	0.050						
compile	floor			plain	same program	pcrec_a32bc86e_vm-caps-simdna_noaltclsfactor-nolitrun				artifact_bytes	23384						
compile	floor			plain	same program	pcrec_a32bc86e_vm-caps-simdna_noaltclsfactor-nolitrun				emit_bytes	19543						
compile	floor			plain	same program	pcrec_a32bc86e_vm-caps-simdna_noaltclsfactor-nolitrun				emit_code_bytes	19543						
compile	floor			whole-subject	separate artifact	pcrec_a32bc86e_vm-caps-simdna_noaltclsfactor-nolitrun				median_total_ns	141926206.000000	5					
compile	floor			whole-subject	separate artifact	pcrec_a32bc86e_vm-caps-simdna_noaltclsfactor-nolitrun				jitter	0.039						
compile	floor			whole-subject	separate artifact	pcrec_a32bc86e_vm-caps-simdna_noaltclsfactor-nolitrun				artifact_bytes	23384						
compile	floor			whole-subject	separate artifact	pcrec_a32bc86e_vm-caps-simdna_noaltclsfactor-nolitrun				emit_bytes	19766						
compile	floor			whole-subject	separate artifact	pcrec_a32bc86e_vm-caps-simdna_noaltclsfactor-nolitrun				emit_code_bytes	19766						
compile	lit-l10			plain	same program	pcrec_a32bc86e_vm-caps-simdna_noaltclsfactor-nolitrun				median_total_ns	176658006.000000	5					
compile	lit-l10			plain	same program	pcrec_a32bc86e_vm-caps-simdna_noaltclsfactor-nolitrun				jitter	0.018						
compile	lit-l10			plain	same program	pcrec_a32bc86e_vm-caps-simdna_noaltclsfactor-nolitrun				artifact_bytes	23384						
compile	lit-l10			plain	same program	pcrec_a32bc86e_vm-caps-simdna_noaltclsfactor-nolitrun				emit_bytes	21925						
compile	lit-l10			plain	same program	pcrec_a32bc86e_vm-caps-simdna_noaltclsfactor-nolitrun				emit_code_bytes	21925						
compile	lit-l10			whole-subject	separate artifact	pcrec_a32bc86e_vm-caps-simdna_noaltclsfactor-nolitrun				median_total_ns	178509235.000000	5					
compile	lit-l10			whole-subject	separate artifact	pcrec_a32bc86e_vm-caps-simdna_noaltclsfactor-nolitrun				jitter	0.033						
compile	lit-l10			whole-subject	separate artifact	pcrec_a32bc86e_vm-caps-simdna_noaltclsfactor-nolitrun				artifact_bytes	23384						
compile	lit-l10			whole-subject	separate artifact	pcrec_a32bc86e_vm-caps-simdna_noaltclsfactor-nolitrun				emit_bytes	22154						
compile	lit-l10			whole-subject	separate artifact	pcrec_a32bc86e_vm-caps-simdna_noaltclsfactor-nolitrun				emit_code_bytes	22154						
compile	lit-l16			plain	same program	pcrec_a32bc86e_vm-caps-simdna_noaltclsfactor-nolitrun				median_total_ns	191194824.000000	5					
compile	lit-l16			plain	same program	pcrec_a32bc86e_vm-caps-simdna_noaltclsfactor-nolitrun				jitter	0.017						
compile	lit-l16			plain	same program	pcrec_a32bc86e_vm-caps-simdna_noaltclsfactor-nolitrun				artifact_bytes	23384						
compile	lit-l16			plain	same program	pcrec_a32bc86e_vm-caps-simdna_noaltclsfactor-nolitrun				emit_bytes	22899						
compile	lit-l16			plain	same program	pcrec_a32bc86e_vm-caps-simdna_noaltclsfactor-nolitrun				emit_code_bytes	22899						
compile	lit-l16			whole-subject	separate artifact	pcrec_a32bc86e_vm-caps-simdna_noaltclsfactor-nolitrun				median_total_ns	198673765.000000	5					
compile	lit-l16			whole-subject	separate artifact	pcrec_a32bc86e_vm-caps-simdna_noaltclsfactor-nolitrun				jitter	0.012						
compile	lit-l16			whole-subject	separate artifact	pcrec_a32bc86e_vm-caps-simdna_noaltclsfactor-nolitrun				artifact_bytes	23384						
compile	lit-l16			whole-subject	separate artifact	pcrec_a32bc86e_vm-caps-simdna_noaltclsfactor-nolitrun				emit_bytes	23128						
compile	lit-l16			whole-subject	separate artifact	pcrec_a32bc86e_vm-caps-simdna_noaltclsfactor-nolitrun				emit_code_bytes	23128						
compile	lit-l2			plain	same program	pcrec_a32bc86e_vm-caps-simdna_noaltclsfactor-nolitrun				median_total_ns	148112898.000000	5					
compile	lit-l2			plain	same program	pcrec_a32bc86e_vm-caps-simdna_noaltclsfactor-nolitrun				jitter	0.039						
compile	lit-l2			plain	same program	pcrec_a32bc86e_vm-caps-simdna_noaltclsfactor-nolitrun				artifact_bytes	23384						
compile	lit-l2			plain	same program	pcrec_a32bc86e_vm-caps-simdna_noaltclsfactor-nolitrun				emit_bytes	20089						
compile	lit-l2			plain	same program	pcrec_a32bc86e_vm-caps-simdna_noaltclsfactor-nolitrun				emit_code_bytes	20089						
compile	lit-l2			whole-subject	separate artifact	pcrec_a32bc86e_vm-caps-simdna_noaltclsfactor-nolitrun				median_total_ns	150845624.000000	5					
compile	lit-l2			whole-subject	separate artifact	pcrec_a32bc86e_vm-caps-simdna_noaltclsfactor-nolitrun				jitter	0.035						
compile	lit-l2			whole-subject	separate artifact	pcrec_a32bc86e_vm-caps-simdna_noaltclsfactor-nolitrun				artifact_bytes	23384						
compile	lit-l2			whole-subject	separate artifact	pcrec_a32bc86e_vm-caps-simdna_noaltclsfactor-nolitrun				emit_bytes	20312						
compile	lit-l2			whole-subject	separate artifact	pcrec_a32bc86e_vm-caps-simdna_noaltclsfactor-nolitrun				emit_code_bytes	20312						
compile	lit-l3			plain	same program	pcrec_a32bc86e_vm-caps-simdna_noaltclsfactor-nolitrun				median_total_ns	149858598.000000	5					
compile	lit-l3			plain	same program	pcrec_a32bc86e_vm-caps-simdna_noaltclsfactor-nolitrun				jitter	0.022						
compile	lit-l3			plain	same program	pcrec_a32bc86e_vm-caps-simdna_noaltclsfactor-nolitrun				artifact_bytes	23384						
compile	lit-l3			plain	same program	pcrec_a32bc86e_vm-caps-simdna_noaltclsfactor-nolitrun				emit_bytes	20250						
compile	lit-l3			plain	same program	pcrec_a32bc86e_vm-caps-simdna_noaltclsfactor-nolitrun				emit_code_bytes	20250						
compile	lit-l3			whole-subject	separate artifact	pcrec_a32bc86e_vm-caps-simdna_noaltclsfactor-nolitrun				median_total_ns	156034341.000000	5					
compile	lit-l3			whole-subject	separate artifact	pcrec_a32bc86e_vm-caps-simdna_noaltclsfactor-nolitrun				jitter	0.023						
compile	lit-l3			whole-subject	separate artifact	pcrec_a32bc86e_vm-caps-simdna_noaltclsfactor-nolitrun				artifact_bytes	23384						
compile	lit-l3			whole-subject	separate artifact	pcrec_a32bc86e_vm-caps-simdna_noaltclsfactor-nolitrun				emit_bytes	20473						
compile	lit-l3			whole-subject	separate artifact	pcrec_a32bc86e_vm-caps-simdna_noaltclsfactor-nolitrun				emit_code_bytes	20473						
compile	lit-l31			plain	same program	pcrec_a32bc86e_vm-caps-simdna_noaltclsfactor-nolitrun				median_total_ns	167213212.000000	5					
compile	lit-l31			plain	same program	pcrec_a32bc86e_vm-caps-simdna_noaltclsfactor-nolitrun				jitter	0.023						
compile	lit-l31			plain	same program	pcrec_a32bc86e_vm-caps-simdna_noaltclsfactor-nolitrun				artifact_bytes	23432						
compile	lit-l31			plain	same program	pcrec_a32bc86e_vm-caps-simdna_noaltclsfactor-nolitrun				emit_bytes	25314						
compile	lit-l31			plain	same program	pcrec_a32bc86e_vm-caps-simdna_noaltclsfactor-nolitrun				emit_code_bytes	25314						
compile	lit-l31			whole-subject	separate artifact	pcrec_a32bc86e_vm-caps-simdna_noaltclsfactor-nolitrun				median_total_ns	171429346.000000	5					
compile	lit-l31			whole-subject	separate artifact	pcrec_a32bc86e_vm-caps-simdna_noaltclsfactor-nolitrun				jitter	0.023						
compile	lit-l31			whole-subject	separate artifact	pcrec_a32bc86e_vm-caps-simdna_noaltclsfactor-nolitrun				artifact_bytes	23432						
compile	lit-l31			whole-subject	separate artifact	pcrec_a32bc86e_vm-caps-simdna_noaltclsfactor-nolitrun				emit_bytes	25543						
compile	lit-l31			whole-subject	separate artifact	pcrec_a32bc86e_vm-caps-simdna_noaltclsfactor-nolitrun				emit_code_bytes	25543						
compile	lit-l4			plain	same program	pcrec_a32bc86e_vm-caps-simdna_noaltclsfactor-nolitrun				median_total_ns	144845061.000000	5					
compile	lit-l4			plain	same program	pcrec_a32bc86e_vm-caps-simdna_noaltclsfactor-nolitrun				jitter	0.053						
compile	lit-l4			plain	same program	pcrec_a32bc86e_vm-caps-simdna_noaltclsfactor-nolitrun				artifact_bytes	23384						
compile	lit-l4			plain	same program	pcrec_a32bc86e_vm-caps-simdna_noaltclsfactor-nolitrun				emit_bytes	20412						
compile	lit-l4			plain	same program	pcrec_a32bc86e_vm-caps-simdna_noaltclsfactor-nolitrun				emit_code_bytes	20412						
compile	lit-l4			whole-subject	separate artifact	pcrec_a32bc86e_vm-caps-simdna_noaltclsfactor-nolitrun				median_total_ns	155571380.000000	5					
compile	lit-l4			whole-subject	separate artifact	pcrec_a32bc86e_vm-caps-simdna_noaltclsfactor-nolitrun				jitter	0.042						
compile	lit-l4			whole-subject	separate artifact	pcrec_a32bc86e_vm-caps-simdna_noaltclsfactor-nolitrun				artifact_bytes	23384						
compile	lit-l4			whole-subject	separate artifact	pcrec_a32bc86e_vm-caps-simdna_noaltclsfactor-nolitrun				emit_bytes	20636						
compile	lit-l4			whole-subject	separate artifact	pcrec_a32bc86e_vm-caps-simdna_noaltclsfactor-nolitrun				emit_code_bytes	20636						
compile	lit-l40			plain	same program	pcrec_a32bc86e_vm-caps-simdna_noaltclsfactor-nolitrun				median_total_ns	182544875.000000	5					
compile	lit-l40			plain	same program	pcrec_a32bc86e_vm-caps-simdna_noaltclsfactor-nolitrun				jitter	0.018						
compile	lit-l40			plain	same program	pcrec_a32bc86e_vm-caps-simdna_noaltclsfactor-nolitrun				artifact_bytes	23464						
compile	lit-l40			plain	same program	pcrec_a32bc86e_vm-caps-simdna_noaltclsfactor-nolitrun				emit_bytes	27029						
compile	lit-l40			plain	same program	pcrec_a32bc86e_vm-caps-simdna_noaltclsfactor-nolitrun				emit_code_bytes	26942						
compile	lit-l40			whole-subject	separate artifact	pcrec_a32bc86e_vm-caps-simdna_noaltclsfactor-nolitrun				median_total_ns	180067784.000000	5					
compile	lit-l40			whole-subject	separate artifact	pcrec_a32bc86e_vm-caps-simdna_noaltclsfactor-nolitrun				jitter	0.034						
compile	lit-l40			whole-subject	separate artifact	pcrec_a32bc86e_vm-caps-simdna_noaltclsfactor-nolitrun				artifact_bytes	27560						
compile	lit-l40			whole-subject	separate artifact	pcrec_a32bc86e_vm-caps-simdna_noaltclsfactor-nolitrun				emit_bytes	27258						
compile	lit-l40			whole-subject	separate artifact	pcrec_a32bc86e_vm-caps-simdna_noaltclsfactor-nolitrun				emit_code_bytes	27171						
compile	lit-l7			plain	same program	pcrec_a32bc86e_vm-caps-simdna_noaltclsfactor-nolitrun				median_total_ns	163736534.000000	5					
compile	lit-l7			plain	same program	pcrec_a32bc86e_vm-caps-simdna_noaltclsfactor-nolitrun				jitter	0.037						
compile	lit-l7			plain	same program	pcrec_a32bc86e_vm-caps-simdna_noaltclsfactor-nolitrun				artifact_bytes	23384						
compile	lit-l7			plain	same program	pcrec_a32bc86e_vm-caps-simdna_noaltclsfactor-nolitrun				emit_bytes	20899						
compile	lit-l7			plain	same program	pcrec_a32bc86e_vm-caps-simdna_noaltclsfactor-nolitrun				emit_code_bytes	20899						
compile	lit-l7			whole-subject	separate artifact	pcrec_a32bc86e_vm-caps-simdna_noaltclsfactor-nolitrun				median_total_ns	166184238.000000	5					
compile	lit-l7			whole-subject	separate artifact	pcrec_a32bc86e_vm-caps-simdna_noaltclsfactor-nolitrun				jitter	0.048						
compile	lit-l7			whole-subject	separate artifact	pcrec_a32bc86e_vm-caps-simdna_noaltclsfactor-nolitrun				artifact_bytes	23384						
compile	lit-l7			whole-subject	separate artifact	pcrec_a32bc86e_vm-caps-simdna_noaltclsfactor-nolitrun				emit_bytes	21123						
compile	lit-l7			whole-subject	separate artifact	pcrec_a32bc86e_vm-caps-simdna_noaltclsfactor-nolitrun				emit_code_bytes	21123						
compile	lit-l8			plain	same program	pcrec_a32bc86e_vm-caps-simdna_noaltclsfactor-nolitrun				median_total_ns	165934026.000000	5					
compile	lit-l8			plain	same program	pcrec_a32bc86e_vm-caps-simdna_noaltclsfactor-nolitrun				jitter	0.018						
compile	lit-l8			plain	same program	pcrec_a32bc86e_vm-caps-simdna_noaltclsfactor-nolitrun				artifact_bytes	23384						
compile	lit-l8			plain	same program	pcrec_a32bc86e_vm-caps-simdna_noaltclsfactor-nolitrun				emit_bytes	21061						
compile	lit-l8			plain	same program	pcrec_a32bc86e_vm-caps-simdna_noaltclsfactor-nolitrun				emit_code_bytes	21061						
compile	lit-l8			whole-subject	separate artifact	pcrec_a32bc86e_vm-caps-simdna_noaltclsfactor-nolitrun				median_total_ns	170688812.000000	5					
compile	lit-l8			whole-subject	separate artifact	pcrec_a32bc86e_vm-caps-simdna_noaltclsfactor-nolitrun				jitter	0.012						
compile	lit-l8			whole-subject	separate artifact	pcrec_a32bc86e_vm-caps-simdna_noaltclsfactor-nolitrun				artifact_bytes	23384						
compile	lit-l8			whole-subject	separate artifact	pcrec_a32bc86e_vm-caps-simdna_noaltclsfactor-nolitrun				emit_bytes	21285						
compile	lit-l8			whole-subject	separate artifact	pcrec_a32bc86e_vm-caps-simdna_noaltclsfactor-nolitrun				emit_code_bytes	21285						
compile	wild-secrets-aws-access-key-id			plain	same program	pcrec_a32bc86e_vm-caps-simdna_noaltclsfactor-nolitrun				median_total_ns	231852887.000000	5					
compile	wild-secrets-aws-access-key-id			plain	same program	pcrec_a32bc86e_vm-caps-simdna_noaltclsfactor-nolitrun				jitter	0.016						
compile	wild-secrets-aws-access-key-id			plain	same program	pcrec_a32bc86e_vm-caps-simdna_noaltclsfactor-nolitrun				artifact_bytes	27592						
compile	wild-secrets-aws-access-key-id			plain	same program	pcrec_a32bc86e_vm-caps-simdna_noaltclsfactor-nolitrun				emit_bytes	28479						
compile	wild-secrets-aws-access-key-id			plain	same program	pcrec_a32bc86e_vm-caps-simdna_noaltclsfactor-nolitrun				emit_code_bytes	28017						
compile	wild-secrets-aws-access-key-id			whole-subject	separate artifact	pcrec_a32bc86e_vm-caps-simdna_noaltclsfactor-nolitrun				median_total_ns	232954033.000000	5					
compile	wild-secrets-aws-access-key-id			whole-subject	separate artifact	pcrec_a32bc86e_vm-caps-simdna_noaltclsfactor-nolitrun				jitter	0.013						
compile	wild-secrets-aws-access-key-id			whole-subject	separate artifact	pcrec_a32bc86e_vm-caps-simdna_noaltclsfactor-nolitrun				artifact_bytes	27592						
compile	wild-secrets-aws-access-key-id			whole-subject	separate artifact	pcrec_a32bc86e_vm-caps-simdna_noaltclsfactor-nolitrun				emit_bytes	28708						
compile	wild-secrets-aws-access-key-id			whole-subject	separate artifact	pcrec_a32bc86e_vm-caps-simdna_noaltclsfactor-nolitrun				emit_code_bytes	28246						
compile	wild-secrets-github-pat			plain	same program	pcrec_a32bc86e_vm-caps-simdna_noaltclsfactor-nolitrun				median_total_ns	373317349.000000	5					
compile	wild-secrets-github-pat			plain	same program	pcrec_a32bc86e_vm-caps-simdna_noaltclsfactor-nolitrun				jitter	0.013						
compile	wild-secrets-github-pat			plain	same program	pcrec_a32bc86e_vm-caps-simdna_noaltclsfactor-nolitrun				artifact_bytes	27472						
compile	wild-secrets-github-pat			plain	same program	pcrec_a32bc86e_vm-caps-simdna_noaltclsfactor-nolitrun				emit_bytes	24181						
compile	wild-secrets-github-pat			plain	same program	pcrec_a32bc86e_vm-caps-simdna_noaltclsfactor-nolitrun				emit_code_bytes	23950						
compile	wild-secrets-github-pat			whole-subject	separate artifact	pcrec_a32bc86e_vm-caps-simdna_noaltclsfactor-nolitrun				median_total_ns	364989003.000000	5					
compile	wild-secrets-github-pat			whole-subject	separate artifact	pcrec_a32bc86e_vm-caps-simdna_noaltclsfactor-nolitrun				jitter	0.025						
compile	wild-secrets-github-pat			whole-subject	separate artifact	pcrec_a32bc86e_vm-caps-simdna_noaltclsfactor-nolitrun				artifact_bytes	27472						
compile	wild-secrets-github-pat			whole-subject	separate artifact	pcrec_a32bc86e_vm-caps-simdna_noaltclsfactor-nolitrun				emit_bytes	24410						
compile	wild-secrets-github-pat			whole-subject	separate artifact	pcrec_a32bc86e_vm-caps-simdna_noaltclsfactor-nolitrun				emit_code_bytes	24179						
compile	alt-foo-tails			plain	same program	pcrec_a32bc86e_vm-caps-simdna_nolitrun				median_total_ns	181453364.000000	5					
compile	alt-foo-tails			plain	same program	pcrec_a32bc86e_vm-caps-simdna_nolitrun				jitter	0.029						
compile	alt-foo-tails			plain	same program	pcrec_a32bc86e_vm-caps-simdna_nolitrun				artifact_bytes	27552						
compile	alt-foo-tails			plain	same program	pcrec_a32bc86e_vm-caps-simdna_nolitrun				emit_bytes	22106						
compile	alt-foo-tails			plain	same program	pcrec_a32bc86e_vm-caps-simdna_nolitrun				emit_code_bytes	21875						
compile_stamp						pcrec_a32bc86e_vm-caps-simdna_nolitrun				engine	vm						
compile_stamp						pcrec_a32bc86e_vm-caps-simdna_nolitrun				entry	plain entry						
compile_stamp						pcrec_a32bc86e_vm-caps-simdna_nolitrun				prefilter	none						
compile_stamp						pcrec_a32bc86e_vm-caps-simdna_nolitrun				vm_rungs	-						
compile_stamp						pcrec_a32bc86e_vm-caps-simdna_nolitrun				buffers	3/1 (stamped default)						
compile_stamp						pcrec_a32bc86e_vm-caps-simdna_nolitrun				frame	24						
compile_stamp						pcrec_a32bc86e_vm-caps-simdna_nolitrun				scan_edges	0						
compile_stamp						pcrec_a32bc86e_vm-caps-simdna_nolitrun				scan_edges_match	0						
compile_stamp						pcrec_a32bc86e_vm-caps-simdna_nolitrun				engine_sel	forced						
compile	alt-foo-tails			whole-subject	separate artifact	pcrec_a32bc86e_vm-caps-simdna_nolitrun				median_total_ns	183218031.000000	5					
compile	alt-foo-tails			whole-subject	separate artifact	pcrec_a32bc86e_vm-caps-simdna_nolitrun				jitter	0.028						
compile	alt-foo-tails			whole-subject	separate artifact	pcrec_a32bc86e_vm-caps-simdna_nolitrun				artifact_bytes	27552						
compile	alt-foo-tails			whole-subject	separate artifact	pcrec_a32bc86e_vm-caps-simdna_nolitrun				emit_bytes	22331						
compile	alt-foo-tails			whole-subject	separate artifact	pcrec_a32bc86e_vm-caps-simdna_nolitrun				emit_code_bytes	22100						
compile	ctrl-abc-dollar			plain	same program	pcrec_a32bc86e_vm-caps-simdna_nolitrun				median_total_ns	162053120.000000	5					
compile	ctrl-abc-dollar			plain	same program	pcrec_a32bc86e_vm-caps-simdna_nolitrun				jitter	0.030						
compile	ctrl-abc-dollar			plain	same program	pcrec_a32bc86e_vm-caps-simdna_nolitrun				artifact_bytes	23384						
compile	ctrl-abc-dollar			plain	same program	pcrec_a32bc86e_vm-caps-simdna_nolitrun				emit_bytes	20541						
compile	ctrl-abc-dollar			plain	same program	pcrec_a32bc86e_vm-caps-simdna_nolitrun				emit_code_bytes	20541						
compile	ctrl-abc-dollar			whole-subject	separate artifact	pcrec_a32bc86e_vm-caps-simdna_nolitrun				median_total_ns	155382669.000000	5					
compile	ctrl-abc-dollar			whole-subject	separate artifact	pcrec_a32bc86e_vm-caps-simdna_nolitrun				jitter	0.034						
compile	ctrl-abc-dollar			whole-subject	separate artifact	pcrec_a32bc86e_vm-caps-simdna_nolitrun				artifact_bytes	23384						
compile	ctrl-abc-dollar			whole-subject	separate artifact	pcrec_a32bc86e_vm-caps-simdna_nolitrun				emit_bytes	20653						
compile	ctrl-abc-dollar			whole-subject	separate artifact	pcrec_a32bc86e_vm-caps-simdna_nolitrun				emit_code_bytes	20653						
compile	floor			plain	same program	pcrec_a32bc86e_vm-caps-simdna_nolitrun				median_total_ns	141039411.000000	5					
compile	floor			plain	same program	pcrec_a32bc86e_vm-caps-simdna_nolitrun				jitter	0.041						
compile	floor			plain	same program	pcrec_a32bc86e_vm-caps-simdna_nolitrun				artifact_bytes	23384						
compile	floor			plain	same program	pcrec_a32bc86e_vm-caps-simdna_nolitrun				emit_bytes	19543						
compile	floor			plain	same program	pcrec_a32bc86e_vm-caps-simdna_nolitrun				emit_code_bytes	19543						
compile	floor			whole-subject	separate artifact	pcrec_a32bc86e_vm-caps-simdna_nolitrun				median_total_ns	149113748.000000	5					
compile	floor			whole-subject	separate artifact	pcrec_a32bc86e_vm-caps-simdna_nolitrun				jitter	0.031						
compile	floor			whole-subject	separate artifact	pcrec_a32bc86e_vm-caps-simdna_nolitrun				artifact_bytes	23384						
compile	floor			whole-subject	separate artifact	pcrec_a32bc86e_vm-caps-simdna_nolitrun				emit_bytes	19766						
compile	floor			whole-subject	separate artifact	pcrec_a32bc86e_vm-caps-simdna_nolitrun				emit_code_bytes	19766						
compile	lit-l10			plain	same program	pcrec_a32bc86e_vm-caps-simdna_nolitrun				median_total_ns	178909881.000000	5					
compile	lit-l10			plain	same program	pcrec_a32bc86e_vm-caps-simdna_nolitrun				jitter	0.005						
compile	lit-l10			plain	same program	pcrec_a32bc86e_vm-caps-simdna_nolitrun				artifact_bytes	23384						
compile	lit-l10			plain	same program	pcrec_a32bc86e_vm-caps-simdna_nolitrun				emit_bytes	21925						
compile	lit-l10			plain	same program	pcrec_a32bc86e_vm-caps-simdna_nolitrun				emit_code_bytes	21925						
compile	lit-l10			whole-subject	separate artifact	pcrec_a32bc86e_vm-caps-simdna_nolitrun				median_total_ns	179157682.000000	5					
compile	lit-l10			whole-subject	separate artifact	pcrec_a32bc86e_vm-caps-simdna_nolitrun				jitter	0.038						
compile	lit-l10			whole-subject	separate artifact	pcrec_a32bc86e_vm-caps-simdna_nolitrun				artifact_bytes	23384						
compile	lit-l10			whole-subject	separate artifact	pcrec_a32bc86e_vm-caps-simdna_nolitrun				emit_bytes	22154						
compile	lit-l10			whole-subject	separate artifact	pcrec_a32bc86e_vm-caps-simdna_nolitrun				emit_code_bytes	22154						
compile	lit-l16			plain	same program	pcrec_a32bc86e_vm-caps-simdna_nolitrun				median_total_ns	189745073.000000	5					
compile	lit-l16			plain	same program	pcrec_a32bc86e_vm-caps-simdna_nolitrun				jitter	0.022						
compile	lit-l16			plain	same program	pcrec_a32bc86e_vm-caps-simdna_nolitrun				artifact_bytes	23384						
compile	lit-l16			plain	same program	pcrec_a32bc86e_vm-caps-simdna_nolitrun				emit_bytes	22899						
compile	lit-l16			plain	same program	pcrec_a32bc86e_vm-caps-simdna_nolitrun				emit_code_bytes	22899						
compile	lit-l16			whole-subject	separate artifact	pcrec_a32bc86e_vm-caps-simdna_nolitrun				median_total_ns	195059568.000000	5					
compile	lit-l16			whole-subject	separate artifact	pcrec_a32bc86e_vm-caps-simdna_nolitrun				jitter	0.018						
compile	lit-l16			whole-subject	separate artifact	pcrec_a32bc86e_vm-caps-simdna_nolitrun				artifact_bytes	23384						
compile	lit-l16			whole-subject	separate artifact	pcrec_a32bc86e_vm-caps-simdna_nolitrun				emit_bytes	23128						
compile	lit-l16			whole-subject	separate artifact	pcrec_a32bc86e_vm-caps-simdna_nolitrun				emit_code_bytes	23128						
compile	lit-l2			plain	same program	pcrec_a32bc86e_vm-caps-simdna_nolitrun				median_total_ns	149132529.000000	5					
compile	lit-l2			plain	same program	pcrec_a32bc86e_vm-caps-simdna_nolitrun				jitter	0.027						
compile	lit-l2			plain	same program	pcrec_a32bc86e_vm-caps-simdna_nolitrun				artifact_bytes	23384						
compile	lit-l2			plain	same program	pcrec_a32bc86e_vm-caps-simdna_nolitrun				emit_bytes	20089						
compile	lit-l2			plain	same program	pcrec_a32bc86e_vm-caps-simdna_nolitrun				emit_code_bytes	20089						
compile	lit-l2			whole-subject	separate artifact	pcrec_a32bc86e_vm-caps-simdna_nolitrun				median_total_ns	148630797.000000	5					
compile	lit-l2			whole-subject	separate artifact	pcrec_a32bc86e_vm-caps-simdna_nolitrun				jitter	0.026						
compile	lit-l2			whole-subject	separate artifact	pcrec_a32bc86e_vm-caps-simdna_nolitrun				artifact_bytes	23384						
compile	lit-l2			whole-subject	separate artifact	pcrec_a32bc86e_vm-caps-simdna_nolitrun				emit_bytes	20312						
compile	lit-l2			whole-subject	separate artifact	pcrec_a32bc86e_vm-caps-simdna_nolitrun				emit_code_bytes	20312						
compile	lit-l3			plain	same program	pcrec_a32bc86e_vm-caps-simdna_nolitrun				median_total_ns	157498319.000000	5					
compile	lit-l3			plain	same program	pcrec_a32bc86e_vm-caps-simdna_nolitrun				jitter	0.041						
compile	lit-l3			plain	same program	pcrec_a32bc86e_vm-caps-simdna_nolitrun				artifact_bytes	23384						
compile	lit-l3			plain	same program	pcrec_a32bc86e_vm-caps-simdna_nolitrun				emit_bytes	20250						
compile	lit-l3			plain	same program	pcrec_a32bc86e_vm-caps-simdna_nolitrun				emit_code_bytes	20250						
compile	lit-l3			whole-subject	separate artifact	pcrec_a32bc86e_vm-caps-simdna_nolitrun				median_total_ns	155795751.000000	5					
compile	lit-l3			whole-subject	separate artifact	pcrec_a32bc86e_vm-caps-simdna_nolitrun				jitter	0.016						
compile	lit-l3			whole-subject	separate artifact	pcrec_a32bc86e_vm-caps-simdna_nolitrun				artifact_bytes	23384						
compile	lit-l3			whole-subject	separate artifact	pcrec_a32bc86e_vm-caps-simdna_nolitrun				emit_bytes	20473						
compile	lit-l3			whole-subject	separate artifact	pcrec_a32bc86e_vm-caps-simdna_nolitrun				emit_code_bytes	20473						
compile	lit-l31			plain	same program	pcrec_a32bc86e_vm-caps-simdna_nolitrun				median_total_ns	172053907.000000	5					
compile	lit-l31			plain	same program	pcrec_a32bc86e_vm-caps-simdna_nolitrun				jitter	0.010						
compile	lit-l31			plain	same program	pcrec_a32bc86e_vm-caps-simdna_nolitrun				artifact_bytes	23432						
compile	lit-l31			plain	same program	pcrec_a32bc86e_vm-caps-simdna_nolitrun				emit_bytes	25314						
compile	lit-l31			plain	same program	pcrec_a32bc86e_vm-caps-simdna_nolitrun				emit_code_bytes	25314						
compile	lit-l31			whole-subject	separate artifact	pcrec_a32bc86e_vm-caps-simdna_nolitrun				median_total_ns	172970701.000000	5					
compile	lit-l31			whole-subject	separate artifact	pcrec_a32bc86e_vm-caps-simdna_nolitrun				jitter	0.030						
compile	lit-l31			whole-subject	separate artifact	pcrec_a32bc86e_vm-caps-simdna_nolitrun				artifact_bytes	23432						
compile	lit-l31			whole-subject	separate artifact	pcrec_a32bc86e_vm-caps-simdna_nolitrun				emit_bytes	25543						
compile	lit-l31			whole-subject	separate artifact	pcrec_a32bc86e_vm-caps-simdna_nolitrun				emit_code_bytes	25543						
compile	lit-l4			plain	same program	pcrec_a32bc86e_vm-caps-simdna_nolitrun				median_total_ns	146533606.000000	5					
compile	lit-l4			plain	same program	pcrec_a32bc86e_vm-caps-simdna_nolitrun				jitter	0.072						
compile	lit-l4			plain	same program	pcrec_a32bc86e_vm-caps-simdna_nolitrun				artifact_bytes	23384						
compile	lit-l4			plain	same program	pcrec_a32bc86e_vm-caps-simdna_nolitrun				emit_bytes	20412						
compile	lit-l4			plain	same program	pcrec_a32bc86e_vm-caps-simdna_nolitrun				emit_code_bytes	20412						
compile	lit-l4			whole-subject	separate artifact	pcrec_a32bc86e_vm-caps-simdna_nolitrun				median_total_ns	159483879.000000	5					
compile	lit-l4			whole-subject	separate artifact	pcrec_a32bc86e_vm-caps-simdna_nolitrun				jitter	0.028						
compile	lit-l4			whole-subject	separate artifact	pcrec_a32bc86e_vm-caps-simdna_nolitrun				artifact_bytes	23384						
compile	lit-l4			whole-subject	separate artifact	pcrec_a32bc86e_vm-caps-simdna_nolitrun				emit_bytes	20636						
compile	lit-l4			whole-subject	separate artifact	pcrec_a32bc86e_vm-caps-simdna_nolitrun				emit_code_bytes	20636						
compile	lit-l40			plain	same program	pcrec_a32bc86e_vm-caps-simdna_nolitrun				median_total_ns	176265799.000000	5					
compile	lit-l40			plain	same program	pcrec_a32bc86e_vm-caps-simdna_nolitrun				jitter	0.013						
compile	lit-l40			plain	same program	pcrec_a32bc86e_vm-caps-simdna_nolitrun				artifact_bytes	23464						
compile	lit-l40			plain	same program	pcrec_a32bc86e_vm-caps-simdna_nolitrun				emit_bytes	27029						
compile	lit-l40			plain	same program	pcrec_a32bc86e_vm-caps-simdna_nolitrun				emit_code_bytes	26942						
compile	lit-l40			whole-subject	separate artifact	pcrec_a32bc86e_vm-caps-simdna_nolitrun				median_total_ns	185538662.000000	5					
compile	lit-l40			whole-subject	separate artifact	pcrec_a32bc86e_vm-caps-simdna_nolitrun				jitter	0.030						
compile	lit-l40			whole-subject	separate artifact	pcrec_a32bc86e_vm-caps-simdna_nolitrun				artifact_bytes	27560						
compile	lit-l40			whole-subject	separate artifact	pcrec_a32bc86e_vm-caps-simdna_nolitrun				emit_bytes	27258						
compile	lit-l40			whole-subject	separate artifact	pcrec_a32bc86e_vm-caps-simdna_nolitrun				emit_code_bytes	27171						
compile	lit-l7			plain	same program	pcrec_a32bc86e_vm-caps-simdna_nolitrun				median_total_ns	160351383.000000	5					
compile	lit-l7			plain	same program	pcrec_a32bc86e_vm-caps-simdna_nolitrun				jitter	0.044						
compile	lit-l7			plain	same program	pcrec_a32bc86e_vm-caps-simdna_nolitrun				artifact_bytes	23384						
compile	lit-l7			plain	same program	pcrec_a32bc86e_vm-caps-simdna_nolitrun				emit_bytes	20899						
compile	lit-l7			plain	same program	pcrec_a32bc86e_vm-caps-simdna_nolitrun				emit_code_bytes	20899						
compile	lit-l7			whole-subject	separate artifact	pcrec_a32bc86e_vm-caps-simdna_nolitrun				median_total_ns	176271828.000000	5					
compile	lit-l7			whole-subject	separate artifact	pcrec_a32bc86e_vm-caps-simdna_nolitrun				jitter	0.088						
compile	lit-l7			whole-subject	separate artifact	pcrec_a32bc86e_vm-caps-simdna_nolitrun				artifact_bytes	23384						
compile	lit-l7			whole-subject	separate artifact	pcrec_a32bc86e_vm-caps-simdna_nolitrun				emit_bytes	21123						
compile	lit-l7			whole-subject	separate artifact	pcrec_a32bc86e_vm-caps-simdna_nolitrun				emit_code_bytes	21123						
compile	lit-l8			plain	same program	pcrec_a32bc86e_vm-caps-simdna_nolitrun				median_total_ns	164011562.000000	5					
compile	lit-l8			plain	same program	pcrec_a32bc86e_vm-caps-simdna_nolitrun				jitter	0.045						
compile	lit-l8			plain	same program	pcrec_a32bc86e_vm-caps-simdna_nolitrun				artifact_bytes	23384						
compile	lit-l8			plain	same program	pcrec_a32bc86e_vm-caps-simdna_nolitrun				emit_bytes	21061						
compile	lit-l8			plain	same program	pcrec_a32bc86e_vm-caps-simdna_nolitrun				emit_code_bytes	21061						
compile	lit-l8			whole-subject	separate artifact	pcrec_a32bc86e_vm-caps-simdna_nolitrun				median_total_ns	164649673.000000	5					
compile	lit-l8			whole-subject	separate artifact	pcrec_a32bc86e_vm-caps-simdna_nolitrun				jitter	0.027						
compile	lit-l8			whole-subject	separate artifact	pcrec_a32bc86e_vm-caps-simdna_nolitrun				artifact_bytes	23384						
compile	lit-l8			whole-subject	separate artifact	pcrec_a32bc86e_vm-caps-simdna_nolitrun				emit_bytes	21285						
compile	lit-l8			whole-subject	separate artifact	pcrec_a32bc86e_vm-caps-simdna_nolitrun				emit_code_bytes	21285						
compile	wild-secrets-aws-access-key-id			plain	same program	pcrec_a32bc86e_vm-caps-simdna_nolitrun				median_total_ns	229542962.000000	5					
compile	wild-secrets-aws-access-key-id			plain	same program	pcrec_a32bc86e_vm-caps-simdna_nolitrun				jitter	0.021						
compile	wild-secrets-aws-access-key-id			plain	same program	pcrec_a32bc86e_vm-caps-simdna_nolitrun				artifact_bytes	27592						
compile	wild-secrets-aws-access-key-id			plain	same program	pcrec_a32bc86e_vm-caps-simdna_nolitrun				emit_bytes	27143						
compile	wild-secrets-aws-access-key-id			plain	same program	pcrec_a32bc86e_vm-caps-simdna_nolitrun				emit_code_bytes	26681						
compile	wild-secrets-aws-access-key-id			whole-subject	separate artifact	pcrec_a32bc86e_vm-caps-simdna_nolitrun				median_total_ns	229465332.000000	5					
compile	wild-secrets-aws-access-key-id			whole-subject	separate artifact	pcrec_a32bc86e_vm-caps-simdna_nolitrun				jitter	0.018						
compile	wild-secrets-aws-access-key-id			whole-subject	separate artifact	pcrec_a32bc86e_vm-caps-simdna_nolitrun				artifact_bytes	27592						
compile	wild-secrets-aws-access-key-id			whole-subject	separate artifact	pcrec_a32bc86e_vm-caps-simdna_nolitrun				emit_bytes	27372						
compile	wild-secrets-aws-access-key-id			whole-subject	separate artifact	pcrec_a32bc86e_vm-caps-simdna_nolitrun				emit_code_bytes	26910						
compile	wild-secrets-github-pat			plain	same program	pcrec_a32bc86e_vm-caps-simdna_nolitrun				median_total_ns	375198914.000000	5					
compile	wild-secrets-github-pat			plain	same program	pcrec_a32bc86e_vm-caps-simdna_nolitrun				jitter	0.010						
compile	wild-secrets-github-pat			plain	same program	pcrec_a32bc86e_vm-caps-simdna_nolitrun				artifact_bytes	27472						
compile	wild-secrets-github-pat			plain	same program	pcrec_a32bc86e_vm-caps-simdna_nolitrun				emit_bytes	24181						
compile	wild-secrets-github-pat			plain	same program	pcrec_a32bc86e_vm-caps-simdna_nolitrun				emit_code_bytes	23950						
compile	wild-secrets-github-pat			whole-subject	separate artifact	pcrec_a32bc86e_vm-caps-simdna_nolitrun				median_total_ns	366166301.000000	5					
compile	wild-secrets-github-pat			whole-subject	separate artifact	pcrec_a32bc86e_vm-caps-simdna_nolitrun				jitter	0.012						
compile	wild-secrets-github-pat			whole-subject	separate artifact	pcrec_a32bc86e_vm-caps-simdna_nolitrun				artifact_bytes	27472						
compile	wild-secrets-github-pat			whole-subject	separate artifact	pcrec_a32bc86e_vm-caps-simdna_nolitrun				emit_bytes	24410						
compile	wild-secrets-github-pat			whole-subject	separate artifact	pcrec_a32bc86e_vm-caps-simdna_nolitrun				emit_code_bytes	24179						
compile	alt-foo-tails			plain	same program	pcrec_a32bc86e_vm-caps-simdna_noreqbyte-noreqrun				median_total_ns	170436478.000000	5					
compile	alt-foo-tails			plain	same program	pcrec_a32bc86e_vm-caps-simdna_noreqbyte-noreqrun				jitter	0.039						
compile	alt-foo-tails			plain	same program	pcrec_a32bc86e_vm-caps-simdna_noreqbyte-noreqrun				artifact_bytes	27504						
compile	alt-foo-tails			plain	same program	pcrec_a32bc86e_vm-caps-simdna_noreqbyte-noreqrun				emit_bytes	20925						
compile	alt-foo-tails			plain	same program	pcrec_a32bc86e_vm-caps-simdna_noreqbyte-noreqrun				emit_code_bytes	20694						
compile_stamp						pcrec_a32bc86e_vm-caps-simdna_noreqbyte-noreqrun				engine	vm						
compile_stamp						pcrec_a32bc86e_vm-caps-simdna_noreqbyte-noreqrun				entry	plain entry						
compile_stamp						pcrec_a32bc86e_vm-caps-simdna_noreqbyte-noreqrun				prefilter	none						
compile_stamp						pcrec_a32bc86e_vm-caps-simdna_noreqbyte-noreqrun				vm_rungs	-						
compile_stamp						pcrec_a32bc86e_vm-caps-simdna_noreqbyte-noreqrun				buffers	3/1 (stamped default)						
compile_stamp						pcrec_a32bc86e_vm-caps-simdna_noreqbyte-noreqrun				frame	24						
compile_stamp						pcrec_a32bc86e_vm-caps-simdna_noreqbyte-noreqrun				scan_edges	0						
compile_stamp						pcrec_a32bc86e_vm-caps-simdna_noreqbyte-noreqrun				scan_edges_match	0						
compile_stamp						pcrec_a32bc86e_vm-caps-simdna_noreqbyte-noreqrun				engine_sel	forced						
compile	alt-foo-tails			whole-subject	separate artifact	pcrec_a32bc86e_vm-caps-simdna_noreqbyte-noreqrun				median_total_ns	177958746.000000	5					
compile	alt-foo-tails			whole-subject	separate artifact	pcrec_a32bc86e_vm-caps-simdna_noreqbyte-noreqrun				jitter	0.034						
compile	alt-foo-tails			whole-subject	separate artifact	pcrec_a32bc86e_vm-caps-simdna_noreqbyte-noreqrun				artifact_bytes	27504						
compile	alt-foo-tails			whole-subject	separate artifact	pcrec_a32bc86e_vm-caps-simdna_noreqbyte-noreqrun				emit_bytes	21148						
compile	alt-foo-tails			whole-subject	separate artifact	pcrec_a32bc86e_vm-caps-simdna_noreqbyte-noreqrun				emit_code_bytes	20917						
compile	ctrl-abc-dollar			plain	same program	pcrec_a32bc86e_vm-caps-simdna_noreqbyte-noreqrun				median_total_ns	146079100.000000	5					
compile	ctrl-abc-dollar			plain	same program	pcrec_a32bc86e_vm-caps-simdna_noreqbyte-noreqrun				jitter	0.033						
compile	ctrl-abc-dollar			plain	same program	pcrec_a32bc86e_vm-caps-simdna_noreqbyte-noreqrun				artifact_bytes	23328						
compile	ctrl-abc-dollar			plain	same program	pcrec_a32bc86e_vm-caps-simdna_noreqbyte-noreqrun				emit_bytes	19654						
compile	ctrl-abc-dollar			plain	same program	pcrec_a32bc86e_vm-caps-simdna_noreqbyte-noreqrun				emit_code_bytes	19654						
compile	ctrl-abc-dollar			whole-subject	separate artifact	pcrec_a32bc86e_vm-caps-simdna_noreqbyte-noreqrun				median_total_ns	151972711.000000	5					
compile	ctrl-abc-dollar			whole-subject	separate artifact	pcrec_a32bc86e_vm-caps-simdna_noreqbyte-noreqrun				jitter	0.019						
compile	ctrl-abc-dollar			whole-subject	separate artifact	pcrec_a32bc86e_vm-caps-simdna_noreqbyte-noreqrun				artifact_bytes	23328						
compile	ctrl-abc-dollar			whole-subject	separate artifact	pcrec_a32bc86e_vm-caps-simdna_noreqbyte-noreqrun				emit_bytes	19766						
compile	ctrl-abc-dollar			whole-subject	separate artifact	pcrec_a32bc86e_vm-caps-simdna_noreqbyte-noreqrun				emit_code_bytes	19766						
compile	floor			plain	same program	pcrec_a32bc86e_vm-caps-simdna_noreqbyte-noreqrun				median_total_ns	137961816.000000	5					
compile	floor			plain	same program	pcrec_a32bc86e_vm-caps-simdna_noreqbyte-noreqrun				jitter	0.027						
compile	floor			plain	same program	pcrec_a32bc86e_vm-caps-simdna_noreqbyte-noreqrun				artifact_bytes	23328						
compile	floor			plain	same program	pcrec_a32bc86e_vm-caps-simdna_noreqbyte-noreqrun				emit_bytes	19321						
compile	floor			plain	same program	pcrec_a32bc86e_vm-caps-simdna_noreqbyte-noreqrun				emit_code_bytes	19321						
compile	floor			whole-subject	separate artifact	pcrec_a32bc86e_vm-caps-simdna_noreqbyte-noreqrun				median_total_ns	139108522.000000	5					
compile	floor			whole-subject	separate artifact	pcrec_a32bc86e_vm-caps-simdna_noreqbyte-noreqrun				jitter	0.040						
compile	floor			whole-subject	separate artifact	pcrec_a32bc86e_vm-caps-simdna_noreqbyte-noreqrun				artifact_bytes	23328						
compile	floor			whole-subject	separate artifact	pcrec_a32bc86e_vm-caps-simdna_noreqbyte-noreqrun				emit_bytes	19544						
compile	floor			whole-subject	separate artifact	pcrec_a32bc86e_vm-caps-simdna_noreqbyte-noreqrun				emit_code_bytes	19544						
compile	lit-l10			plain	same program	pcrec_a32bc86e_vm-caps-simdna_noreqbyte-noreqrun				median_total_ns	140936162.000000	5					
compile	lit-l10			plain	same program	pcrec_a32bc86e_vm-caps-simdna_noreqbyte-noreqrun				jitter	0.047						
compile	lit-l10			plain	same program	pcrec_a32bc86e_vm-caps-simdna_noreqbyte-noreqrun				artifact_bytes	23328						
compile	lit-l10			plain	same program	pcrec_a32bc86e_vm-caps-simdna_noreqbyte-noreqrun				emit_bytes	19381						
compile	lit-l10			plain	same program	pcrec_a32bc86e_vm-caps-simdna_noreqbyte-noreqrun				emit_code_bytes	19381						
compile	lit-l10			whole-subject	separate artifact	pcrec_a32bc86e_vm-caps-simdna_noreqbyte-noreqrun				median_total_ns	151602518.000000	5					
compile	lit-l10			whole-subject	separate artifact	pcrec_a32bc86e_vm-caps-simdna_noreqbyte-noreqrun				jitter	0.036						
compile	lit-l10			whole-subject	separate artifact	pcrec_a32bc86e_vm-caps-simdna_noreqbyte-noreqrun				artifact_bytes	23328						
compile	lit-l10			whole-subject	separate artifact	pcrec_a32bc86e_vm-caps-simdna_noreqbyte-noreqrun				emit_bytes	19608						
compile	lit-l10			whole-subject	separate artifact	pcrec_a32bc86e_vm-caps-simdna_noreqbyte-noreqrun				emit_code_bytes	19608						
compile	lit-l16			plain	same program	pcrec_a32bc86e_vm-caps-simdna_noreqbyte-noreqrun				median_total_ns	140246798.000000	5					
compile	lit-l16			plain	same program	pcrec_a32bc86e_vm-caps-simdna_noreqbyte-noreqrun				jitter	0.039						
compile	lit-l16			plain	same program	pcrec_a32bc86e_vm-caps-simdna_noreqbyte-noreqrun				artifact_bytes	23328						
compile	lit-l16			plain	same program	pcrec_a32bc86e_vm-caps-simdna_noreqbyte-noreqrun				emit_bytes	19393						
compile	lit-l16			plain	same program	pcrec_a32bc86e_vm-caps-simdna_noreqbyte-noreqrun				emit_code_bytes	19393						
compile	lit-l16			whole-subject	separate artifact	pcrec_a32bc86e_vm-caps-simdna_noreqbyte-noreqrun				median_total_ns	148921045.000000	5					
compile	lit-l16			whole-subject	separate artifact	pcrec_a32bc86e_vm-caps-simdna_noreqbyte-noreqrun				jitter	0.031						
compile	lit-l16			whole-subject	separate artifact	pcrec_a32bc86e_vm-caps-simdna_noreqbyte-noreqrun				artifact_bytes	23328						
compile	lit-l16			whole-subject	separate artifact	pcrec_a32bc86e_vm-caps-simdna_noreqbyte-noreqrun				emit_bytes	19620						
compile	lit-l16			whole-subject	separate artifact	pcrec_a32bc86e_vm-caps-simdna_noreqbyte-noreqrun				emit_code_bytes	19620						
compile	lit-l2			plain	same program	pcrec_a32bc86e_vm-caps-simdna_noreqbyte-noreqrun				median_total_ns	141294074.000000	5					
compile	lit-l2			plain	same program	pcrec_a32bc86e_vm-caps-simdna_noreqbyte-noreqrun				jitter	0.035						
compile	lit-l2			plain	same program	pcrec_a32bc86e_vm-caps-simdna_noreqbyte-noreqrun				artifact_bytes	23328						
compile	lit-l2			plain	same program	pcrec_a32bc86e_vm-caps-simdna_noreqbyte-noreqrun				emit_bytes	19361						
compile	lit-l2			plain	same program	pcrec_a32bc86e_vm-caps-simdna_noreqbyte-noreqrun				emit_code_bytes	19361						
compile	lit-l2			whole-subject	separate artifact	pcrec_a32bc86e_vm-caps-simdna_noreqbyte-noreqrun				median_total_ns	149818248.000000	5					
compile	lit-l2			whole-subject	separate artifact	pcrec_a32bc86e_vm-caps-simdna_noreqbyte-noreqrun				jitter	0.058						
compile	lit-l2			whole-subject	separate artifact	pcrec_a32bc86e_vm-caps-simdna_noreqbyte-noreqrun				artifact_bytes	23328						
compile	lit-l2			whole-subject	separate artifact	pcrec_a32bc86e_vm-caps-simdna_noreqbyte-noreqrun				emit_bytes	19584						
compile	lit-l2			whole-subject	separate artifact	pcrec_a32bc86e_vm-caps-simdna_noreqbyte-noreqrun				emit_code_bytes	19584						
compile	lit-l3			plain	same program	pcrec_a32bc86e_vm-caps-simdna_noreqbyte-noreqrun				median_total_ns	139546684.000000	5					
compile	lit-l3			plain	same program	pcrec_a32bc86e_vm-caps-simdna_noreqbyte-noreqrun				jitter	0.029						
compile	lit-l3			plain	same program	pcrec_a32bc86e_vm-caps-simdna_noreqbyte-noreqrun				artifact_bytes	23328						
compile	lit-l3			plain	same program	pcrec_a32bc86e_vm-caps-simdna_noreqbyte-noreqrun				emit_bytes	19363						
compile	lit-l3			plain	same program	pcrec_a32bc86e_vm-caps-simdna_noreqbyte-noreqrun				emit_code_bytes	19363						
compile	lit-l3			whole-subject	separate artifact	pcrec_a32bc86e_vm-caps-simdna_noreqbyte-noreqrun				median_total_ns	143664826.000000	5					
compile	lit-l3			whole-subject	separate artifact	pcrec_a32bc86e_vm-caps-simdna_noreqbyte-noreqrun				jitter	0.013						
compile	lit-l3			whole-subject	separate artifact	pcrec_a32bc86e_vm-caps-simdna_noreqbyte-noreqrun				artifact_bytes	23328						
compile	lit-l3			whole-subject	separate artifact	pcrec_a32bc86e_vm-caps-simdna_noreqbyte-noreqrun				emit_bytes	19586						
compile	lit-l3			whole-subject	separate artifact	pcrec_a32bc86e_vm-caps-simdna_noreqbyte-noreqrun				emit_code_bytes	19586						
compile	lit-l31			plain	same program	pcrec_a32bc86e_vm-caps-simdna_noreqbyte-noreqrun				median_total_ns	149348976.000000	5					
compile	lit-l31			plain	same program	pcrec_a32bc86e_vm-caps-simdna_noreqbyte-noreqrun				jitter	0.037						
compile	lit-l31			plain	same program	pcrec_a32bc86e_vm-caps-simdna_noreqbyte-noreqrun				artifact_bytes	23328						
compile	lit-l31			plain	same program	pcrec_a32bc86e_vm-caps-simdna_noreqbyte-noreqrun				emit_bytes	19423						
compile	lit-l31			plain	same program	pcrec_a32bc86e_vm-caps-simdna_noreqbyte-noreqrun				emit_code_bytes	19423						
compile	lit-l31			whole-subject	separate artifact	pcrec_a32bc86e_vm-caps-simdna_noreqbyte-noreqrun				median_total_ns	148126600.000000	5					
compile	lit-l31			whole-subject	separate artifact	pcrec_a32bc86e_vm-caps-simdna_noreqbyte-noreqrun				jitter	0.021						
compile	lit-l31			whole-subject	separate artifact	pcrec_a32bc86e_vm-caps-simdna_noreqbyte-noreqrun				artifact_bytes	23328						
compile	lit-l31			whole-subject	separate artifact	pcrec_a32bc86e_vm-caps-simdna_noreqbyte-noreqrun				emit_bytes	19650						
compile	lit-l31			whole-subject	separate artifact	pcrec_a32bc86e_vm-caps-simdna_noreqbyte-noreqrun				emit_code_bytes	19650						
compile	lit-l4			plain	same program	pcrec_a32bc86e_vm-caps-simdna_noreqbyte-noreqrun				median_total_ns	134864140.000000	5					
compile	lit-l4			plain	same program	pcrec_a32bc86e_vm-caps-simdna_noreqbyte-noreqrun				jitter	0.040						
compile	lit-l4			plain	same program	pcrec_a32bc86e_vm-caps-simdna_noreqbyte-noreqrun				artifact_bytes	23328						
compile	lit-l4			plain	same program	pcrec_a32bc86e_vm-caps-simdna_noreqbyte-noreqrun				emit_bytes	19365						
compile	lit-l4			plain	same program	pcrec_a32bc86e_vm-caps-simdna_noreqbyte-noreqrun				emit_code_bytes	19365						
compile	lit-l4			whole-subject	separate artifact	pcrec_a32bc86e_vm-caps-simdna_noreqbyte-noreqrun				median_total_ns	144828182.000000	5					
compile	lit-l4			whole-subject	separate artifact	pcrec_a32bc86e_vm-caps-simdna_noreqbyte-noreqrun				jitter	0.022						
compile	lit-l4			whole-subject	separate artifact	pcrec_a32bc86e_vm-caps-simdna_noreqbyte-noreqrun				artifact_bytes	23328						
compile	lit-l4			whole-subject	separate artifact	pcrec_a32bc86e_vm-caps-simdna_noreqbyte-noreqrun				emit_bytes	19589						
compile	lit-l4			whole-subject	separate artifact	pcrec_a32bc86e_vm-caps-simdna_noreqbyte-noreqrun				emit_code_bytes	19589						
compile	lit-l40			plain	same program	pcrec_a32bc86e_vm-caps-simdna_noreqbyte-noreqrun				median_total_ns	152035062.000000	5					
compile	lit-l40			plain	same program	pcrec_a32bc86e_vm-caps-simdna_noreqbyte-noreqrun				jitter	0.032						
compile	lit-l40			plain	same program	pcrec_a32bc86e_vm-caps-simdna_noreqbyte-noreqrun				artifact_bytes	23328						
compile	lit-l40			plain	same program	pcrec_a32bc86e_vm-caps-simdna_noreqbyte-noreqrun				emit_bytes	19441						
compile	lit-l40			plain	same program	pcrec_a32bc86e_vm-caps-simdna_noreqbyte-noreqrun				emit_code_bytes	19441						
compile	lit-l40			whole-subject	separate artifact	pcrec_a32bc86e_vm-caps-simdna_noreqbyte-noreqrun				median_total_ns	151725239.000000	5					
compile	lit-l40			whole-subject	separate artifact	pcrec_a32bc86e_vm-caps-simdna_noreqbyte-noreqrun				jitter	0.049						
compile	lit-l40			whole-subject	separate artifact	pcrec_a32bc86e_vm-caps-simdna_noreqbyte-noreqrun				artifact_bytes	23328						
compile	lit-l40			whole-subject	separate artifact	pcrec_a32bc86e_vm-caps-simdna_noreqbyte-noreqrun				emit_bytes	19668						
compile	lit-l40			whole-subject	separate artifact	pcrec_a32bc86e_vm-caps-simdna_noreqbyte-noreqrun				emit_code_bytes	19668						
compile	lit-l7			plain	same program	pcrec_a32bc86e_vm-caps-simdna_noreqbyte-noreqrun				median_total_ns	142420730.000000	5					
compile	lit-l7			plain	same program	pcrec_a32bc86e_vm-caps-simdna_noreqbyte-noreqrun				jitter	0.027						
compile	lit-l7			plain	same program	pcrec_a32bc86e_vm-caps-simdna_noreqbyte-noreqrun				artifact_bytes	23328						
compile	lit-l7			plain	same program	pcrec_a32bc86e_vm-caps-simdna_noreqbyte-noreqrun				emit_bytes	19371						
compile	lit-l7			plain	same program	pcrec_a32bc86e_vm-caps-simdna_noreqbyte-noreqrun				emit_code_bytes	19371						
compile	lit-l7			whole-subject	separate artifact	pcrec_a32bc86e_vm-caps-simdna_noreqbyte-noreqrun				median_total_ns	143376836.000000	5					
compile	lit-l7			whole-subject	separate artifact	pcrec_a32bc86e_vm-caps-simdna_noreqbyte-noreqrun				jitter	0.040						
compile	lit-l7			whole-subject	separate artifact	pcrec_a32bc86e_vm-caps-simdna_noreqbyte-noreqrun				artifact_bytes	23328						
compile	lit-l7			whole-subject	separate artifact	pcrec_a32bc86e_vm-caps-simdna_noreqbyte-noreqrun				emit_bytes	19595						
compile	lit-l7			whole-subject	separate artifact	pcrec_a32bc86e_vm-caps-simdna_noreqbyte-noreqrun				emit_code_bytes	19595						
compile	lit-l8			plain	same program	pcrec_a32bc86e_vm-caps-simdna_noreqbyte-noreqrun				median_total_ns	145651647.000000	5					
compile	lit-l8			plain	same program	pcrec_a32bc86e_vm-caps-simdna_noreqbyte-noreqrun				jitter	0.020						
compile	lit-l8			plain	same program	pcrec_a32bc86e_vm-caps-simdna_noreqbyte-noreqrun				artifact_bytes	23328						
compile	lit-l8			plain	same program	pcrec_a32bc86e_vm-caps-simdna_noreqbyte-noreqrun				emit_bytes	19373						
compile	lit-l8			plain	same program	pcrec_a32bc86e_vm-caps-simdna_noreqbyte-noreqrun				emit_code_bytes	19373						
compile	lit-l8			whole-subject	separate artifact	pcrec_a32bc86e_vm-caps-simdna_noreqbyte-noreqrun				median_total_ns	145944649.000000	5					
compile	lit-l8			whole-subject	separate artifact	pcrec_a32bc86e_vm-caps-simdna_noreqbyte-noreqrun				jitter	0.035						
compile	lit-l8			whole-subject	separate artifact	pcrec_a32bc86e_vm-caps-simdna_noreqbyte-noreqrun				artifact_bytes	23328						
compile	lit-l8			whole-subject	separate artifact	pcrec_a32bc86e_vm-caps-simdna_noreqbyte-noreqrun				emit_bytes	19597						
compile	lit-l8			whole-subject	separate artifact	pcrec_a32bc86e_vm-caps-simdna_noreqbyte-noreqrun				emit_code_bytes	19597						
compile	wild-secrets-aws-access-key-id			plain	same program	pcrec_a32bc86e_vm-caps-simdna_noreqbyte-noreqrun				median_total_ns	214744422.000000	5					
compile	wild-secrets-aws-access-key-id			plain	same program	pcrec_a32bc86e_vm-caps-simdna_noreqbyte-noreqrun				jitter	0.030						
compile	wild-secrets-aws-access-key-id			plain	same program	pcrec_a32bc86e_vm-caps-simdna_noreqbyte-noreqrun				artifact_bytes	27544						
compile	wild-secrets-aws-access-key-id			plain	same program	pcrec_a32bc86e_vm-caps-simdna_noreqbyte-noreqrun				emit_bytes	25013						
compile	wild-secrets-aws-access-key-id			plain	same program	pcrec_a32bc86e_vm-caps-simdna_noreqbyte-noreqrun				emit_code_bytes	24551						
compile	wild-secrets-aws-access-key-id			whole-subject	separate artifact	pcrec_a32bc86e_vm-caps-simdna_noreqbyte-noreqrun				median_total_ns	221156245.000000	5					
compile	wild-secrets-aws-access-key-id			whole-subject	separate artifact	pcrec_a32bc86e_vm-caps-simdna_noreqbyte-noreqrun				jitter	0.024						
compile	wild-secrets-aws-access-key-id			whole-subject	separate artifact	pcrec_a32bc86e_vm-caps-simdna_noreqbyte-noreqrun				artifact_bytes	27544						
compile	wild-secrets-aws-access-key-id			whole-subject	separate artifact	pcrec_a32bc86e_vm-caps-simdna_noreqbyte-noreqrun				emit_bytes	25242						
compile	wild-secrets-aws-access-key-id			whole-subject	separate artifact	pcrec_a32bc86e_vm-caps-simdna_noreqbyte-noreqrun				emit_code_bytes	24780						
compile	wild-secrets-github-pat			plain	same program	pcrec_a32bc86e_vm-caps-simdna_noreqbyte-noreqrun				median_total_ns	295387615.000000	5					
compile	wild-secrets-github-pat			plain	same program	pcrec_a32bc86e_vm-caps-simdna_noreqbyte-noreqrun				jitter	0.005						
compile	wild-secrets-github-pat			plain	same program	pcrec_a32bc86e_vm-caps-simdna_noreqbyte-noreqrun				artifact_bytes	27424						
compile	wild-secrets-github-pat			plain	same program	pcrec_a32bc86e_vm-caps-simdna_noreqbyte-noreqrun				emit_bytes	21470						
compile	wild-secrets-github-pat			plain	same program	pcrec_a32bc86e_vm-caps-simdna_noreqbyte-noreqrun				emit_code_bytes	21239						
compile	wild-secrets-github-pat			whole-subject	separate artifact	pcrec_a32bc86e_vm-caps-simdna_noreqbyte-noreqrun				median_total_ns	289638516.000000	5					
compile	wild-secrets-github-pat			whole-subject	separate artifact	pcrec_a32bc86e_vm-caps-simdna_noreqbyte-noreqrun				jitter	0.019						
compile	wild-secrets-github-pat			whole-subject	separate artifact	pcrec_a32bc86e_vm-caps-simdna_noreqbyte-noreqrun				artifact_bytes	27424						
compile	wild-secrets-github-pat			whole-subject	separate artifact	pcrec_a32bc86e_vm-caps-simdna_noreqbyte-noreqrun				emit_bytes	21697						
compile	wild-secrets-github-pat			whole-subject	separate artifact	pcrec_a32bc86e_vm-caps-simdna_noreqbyte-noreqrun				emit_code_bytes	21466						
compile	alt-foo-tails			plain	same program	pcrec_a32bc86e_vm-caps-simdna_noreqbyte-noreqrun-nolitrun				median_total_ns	179912289.000000	5					
compile	alt-foo-tails			plain	same program	pcrec_a32bc86e_vm-caps-simdna_noreqbyte-noreqrun-nolitrun				jitter	0.023						
compile	alt-foo-tails			plain	same program	pcrec_a32bc86e_vm-caps-simdna_noreqbyte-noreqrun-nolitrun				artifact_bytes	27504						
compile	alt-foo-tails			plain	same program	pcrec_a32bc86e_vm-caps-simdna_noreqbyte-noreqrun-nolitrun				emit_bytes	21503						
compile	alt-foo-tails			plain	same program	pcrec_a32bc86e_vm-caps-simdna_noreqbyte-noreqrun-nolitrun				emit_code_bytes	21272						
compile_stamp						pcrec_a32bc86e_vm-caps-simdna_noreqbyte-noreqrun-nolitrun				engine	vm						
compile_stamp						pcrec_a32bc86e_vm-caps-simdna_noreqbyte-noreqrun-nolitrun				entry	plain entry						
compile_stamp						pcrec_a32bc86e_vm-caps-simdna_noreqbyte-noreqrun-nolitrun				prefilter	none						
compile_stamp						pcrec_a32bc86e_vm-caps-simdna_noreqbyte-noreqrun-nolitrun				vm_rungs	-						
compile_stamp						pcrec_a32bc86e_vm-caps-simdna_noreqbyte-noreqrun-nolitrun				buffers	3/1 (stamped default)						
compile_stamp						pcrec_a32bc86e_vm-caps-simdna_noreqbyte-noreqrun-nolitrun				frame	24						
compile_stamp						pcrec_a32bc86e_vm-caps-simdna_noreqbyte-noreqrun-nolitrun				scan_edges	0						
compile_stamp						pcrec_a32bc86e_vm-caps-simdna_noreqbyte-noreqrun-nolitrun				scan_edges_match	0						
compile_stamp						pcrec_a32bc86e_vm-caps-simdna_noreqbyte-noreqrun-nolitrun				engine_sel	forced						
compile	alt-foo-tails			whole-subject	separate artifact	pcrec_a32bc86e_vm-caps-simdna_noreqbyte-noreqrun-nolitrun				median_total_ns	181236976.000000	5					
compile	alt-foo-tails			whole-subject	separate artifact	pcrec_a32bc86e_vm-caps-simdna_noreqbyte-noreqrun-nolitrun				jitter	0.018						
compile	alt-foo-tails			whole-subject	separate artifact	pcrec_a32bc86e_vm-caps-simdna_noreqbyte-noreqrun-nolitrun				artifact_bytes	27504						
compile	alt-foo-tails			whole-subject	separate artifact	pcrec_a32bc86e_vm-caps-simdna_noreqbyte-noreqrun-nolitrun				emit_bytes	21728						
compile	alt-foo-tails			whole-subject	separate artifact	pcrec_a32bc86e_vm-caps-simdna_noreqbyte-noreqrun-nolitrun				emit_code_bytes	21497						
compile	ctrl-abc-dollar			plain	same program	pcrec_a32bc86e_vm-caps-simdna_noreqbyte-noreqrun-nolitrun				median_total_ns	146743936.000000	5					
compile	ctrl-abc-dollar			plain	same program	pcrec_a32bc86e_vm-caps-simdna_noreqbyte-noreqrun-nolitrun				jitter	0.051						
compile	ctrl-abc-dollar			plain	same program	pcrec_a32bc86e_vm-caps-simdna_noreqbyte-noreqrun-nolitrun				artifact_bytes	23328						
compile	ctrl-abc-dollar			plain	same program	pcrec_a32bc86e_vm-caps-simdna_noreqbyte-noreqrun-nolitrun				emit_bytes	19928						
compile	ctrl-abc-dollar			plain	same program	pcrec_a32bc86e_vm-caps-simdna_noreqbyte-noreqrun-nolitrun				emit_code_bytes	19928						
compile	ctrl-abc-dollar			whole-subject	separate artifact	pcrec_a32bc86e_vm-caps-simdna_noreqbyte-noreqrun-nolitrun				median_total_ns	149280988.000000	5					
compile	ctrl-abc-dollar			whole-subject	separate artifact	pcrec_a32bc86e_vm-caps-simdna_noreqbyte-noreqrun-nolitrun				jitter	0.020						
compile	ctrl-abc-dollar			whole-subject	separate artifact	pcrec_a32bc86e_vm-caps-simdna_noreqbyte-noreqrun-nolitrun				artifact_bytes	23328						
compile	ctrl-abc-dollar			whole-subject	separate artifact	pcrec_a32bc86e_vm-caps-simdna_noreqbyte-noreqrun-nolitrun				emit_bytes	20040						
compile	ctrl-abc-dollar			whole-subject	separate artifact	pcrec_a32bc86e_vm-caps-simdna_noreqbyte-noreqrun-nolitrun				emit_code_bytes	20040						
compile	floor			plain	same program	pcrec_a32bc86e_vm-caps-simdna_noreqbyte-noreqrun-nolitrun				median_total_ns	142277623.000000	5					
compile	floor			plain	same program	pcrec_a32bc86e_vm-caps-simdna_noreqbyte-noreqrun-nolitrun				jitter	0.030						
compile	floor			plain	same program	pcrec_a32bc86e_vm-caps-simdna_noreqbyte-noreqrun-nolitrun				artifact_bytes	23328						
compile	floor			plain	same program	pcrec_a32bc86e_vm-caps-simdna_noreqbyte-noreqrun-nolitrun				emit_bytes	19321						
compile	floor			plain	same program	pcrec_a32bc86e_vm-caps-simdna_noreqbyte-noreqrun-nolitrun				emit_code_bytes	19321						
compile	floor			whole-subject	separate artifact	pcrec_a32bc86e_vm-caps-simdna_noreqbyte-noreqrun-nolitrun				median_total_ns	142942226.000000	5					
compile	floor			whole-subject	separate artifact	pcrec_a32bc86e_vm-caps-simdna_noreqbyte-noreqrun-nolitrun				jitter	0.026						
compile	floor			whole-subject	separate artifact	pcrec_a32bc86e_vm-caps-simdna_noreqbyte-noreqrun-nolitrun				artifact_bytes	23328						
compile	floor			whole-subject	separate artifact	pcrec_a32bc86e_vm-caps-simdna_noreqbyte-noreqrun-nolitrun				emit_bytes	19544						
compile	floor			whole-subject	separate artifact	pcrec_a32bc86e_vm-caps-simdna_noreqbyte-noreqrun-nolitrun				emit_code_bytes	19544						
compile	lit-l10			plain	same program	pcrec_a32bc86e_vm-caps-simdna_noreqbyte-noreqrun-nolitrun				median_total_ns	160898069.000000	5					
compile	lit-l10			plain	same program	pcrec_a32bc86e_vm-caps-simdna_noreqbyte-noreqrun-nolitrun				jitter	0.042						
compile	lit-l10			plain	same program	pcrec_a32bc86e_vm-caps-simdna_noreqbyte-noreqrun-nolitrun				artifact_bytes	23328						
compile	lit-l10			plain	same program	pcrec_a32bc86e_vm-caps-simdna_noreqbyte-noreqrun-nolitrun				emit_bytes	20754						
compile	lit-l10			plain	same program	pcrec_a32bc86e_vm-caps-simdna_noreqbyte-noreqrun-nolitrun				emit_code_bytes	20754						
compile	lit-l10			whole-subject	separate artifact	pcrec_a32bc86e_vm-caps-simdna_noreqbyte-noreqrun-nolitrun				median_total_ns	169219303.000000	5					
compile	lit-l10			whole-subject	separate artifact	pcrec_a32bc86e_vm-caps-simdna_noreqbyte-noreqrun-nolitrun				jitter	0.025						
compile	lit-l10			whole-subject	separate artifact	pcrec_a32bc86e_vm-caps-simdna_noreqbyte-noreqrun-nolitrun				artifact_bytes	23328						
compile	lit-l10			whole-subject	separate artifact	pcrec_a32bc86e_vm-caps-simdna_noreqbyte-noreqrun-nolitrun				emit_bytes	20983						
compile	lit-l10			whole-subject	separate artifact	pcrec_a32bc86e_vm-caps-simdna_noreqbyte-noreqrun-nolitrun				emit_code_bytes	20983						
compile	lit-l16			plain	same program	pcrec_a32bc86e_vm-caps-simdna_noreqbyte-noreqrun-nolitrun				median_total_ns	174238710.000000	5					
compile	lit-l16			plain	same program	pcrec_a32bc86e_vm-caps-simdna_noreqbyte-noreqrun-nolitrun				jitter	0.035						
compile	lit-l16			plain	same program	pcrec_a32bc86e_vm-caps-simdna_noreqbyte-noreqrun-nolitrun				artifact_bytes	23328						
compile	lit-l16			plain	same program	pcrec_a32bc86e_vm-caps-simdna_noreqbyte-noreqrun-nolitrun				emit_bytes	21720						
compile	lit-l16			plain	same program	pcrec_a32bc86e_vm-caps-simdna_noreqbyte-noreqrun-nolitrun				emit_code_bytes	21720						
compile	lit-l16			whole-subject	separate artifact	pcrec_a32bc86e_vm-caps-simdna_noreqbyte-noreqrun-nolitrun				median_total_ns	173139343.000000	5					
compile	lit-l16			whole-subject	separate artifact	pcrec_a32bc86e_vm-caps-simdna_noreqbyte-noreqrun-nolitrun				jitter	0.030						
compile	lit-l16			whole-subject	separate artifact	pcrec_a32bc86e_vm-caps-simdna_noreqbyte-noreqrun-nolitrun				artifact_bytes	23328						
compile	lit-l16			whole-subject	separate artifact	pcrec_a32bc86e_vm-caps-simdna_noreqbyte-noreqrun-nolitrun				emit_bytes	21949						
compile	lit-l16			whole-subject	separate artifact	pcrec_a32bc86e_vm-caps-simdna_noreqbyte-noreqrun-nolitrun				emit_code_bytes	21949						
compile	lit-l2			plain	same program	pcrec_a32bc86e_vm-caps-simdna_noreqbyte-noreqrun-nolitrun				median_total_ns	149182718.000000	5					
compile	lit-l2			plain	same program	pcrec_a32bc86e_vm-caps-simdna_noreqbyte-noreqrun-nolitrun				jitter	0.056						
compile	lit-l2			plain	same program	pcrec_a32bc86e_vm-caps-simdna_noreqbyte-noreqrun-nolitrun				artifact_bytes	23328						
compile	lit-l2			plain	same program	pcrec_a32bc86e_vm-caps-simdna_noreqbyte-noreqrun-nolitrun				emit_bytes	19479						
compile	lit-l2			plain	same program	pcrec_a32bc86e_vm-caps-simdna_noreqbyte-noreqrun-nolitrun				emit_code_bytes	19479						
compile	lit-l2			whole-subject	separate artifact	pcrec_a32bc86e_vm-caps-simdna_noreqbyte-noreqrun-nolitrun				median_total_ns	135191406.000000	5					
compile	lit-l2			whole-subject	separate artifact	pcrec_a32bc86e_vm-caps-simdna_noreqbyte-noreqrun-nolitrun				jitter	0.052						
compile	lit-l2			whole-subject	separate artifact	pcrec_a32bc86e_vm-caps-simdna_noreqbyte-noreqrun-nolitrun				artifact_bytes	23328						
compile	lit-l2			whole-subject	separate artifact	pcrec_a32bc86e_vm-caps-simdna_noreqbyte-noreqrun-nolitrun				emit_bytes	19702						
compile	lit-l2			whole-subject	separate artifact	pcrec_a32bc86e_vm-caps-simdna_noreqbyte-noreqrun-nolitrun				emit_code_bytes	19702						
compile	lit-l3			plain	same program	pcrec_a32bc86e_vm-caps-simdna_noreqbyte-noreqrun-nolitrun				median_total_ns	150035373.000000	5					
compile	lit-l3			plain	same program	pcrec_a32bc86e_vm-caps-simdna_noreqbyte-noreqrun-nolitrun				jitter	0.034						
compile	lit-l3			plain	same program	pcrec_a32bc86e_vm-caps-simdna_noreqbyte-noreqrun-nolitrun				artifact_bytes	23328						
compile	lit-l3			plain	same program	pcrec_a32bc86e_vm-caps-simdna_noreqbyte-noreqrun-nolitrun				emit_bytes	19637						
compile	lit-l3			plain	same program	pcrec_a32bc86e_vm-caps-simdna_noreqbyte-noreqrun-nolitrun				emit_code_bytes	19637						
compile	lit-l3			whole-subject	separate artifact	pcrec_a32bc86e_vm-caps-simdna_noreqbyte-noreqrun-nolitrun				median_total_ns	140329751.000000	5					
compile	lit-l3			whole-subject	separate artifact	pcrec_a32bc86e_vm-caps-simdna_noreqbyte-noreqrun-nolitrun				jitter	0.052						
compile	lit-l3			whole-subject	separate artifact	pcrec_a32bc86e_vm-caps-simdna_noreqbyte-noreqrun-nolitrun				artifact_bytes	23328						
compile	lit-l3			whole-subject	separate artifact	pcrec_a32bc86e_vm-caps-simdna_noreqbyte-noreqrun-nolitrun				emit_bytes	19860						
compile	lit-l3			whole-subject	separate artifact	pcrec_a32bc86e_vm-caps-simdna_noreqbyte-noreqrun-nolitrun				emit_code_bytes	19860						
compile	lit-l31			plain	same program	pcrec_a32bc86e_vm-caps-simdna_noreqbyte-noreqrun-nolitrun				median_total_ns	151155759.000000	5					
compile	lit-l31			plain	same program	pcrec_a32bc86e_vm-caps-simdna_noreqbyte-noreqrun-nolitrun				jitter	0.056						
compile	lit-l31			plain	same program	pcrec_a32bc86e_vm-caps-simdna_noreqbyte-noreqrun-nolitrun				artifact_bytes	23384						
compile	lit-l31			plain	same program	pcrec_a32bc86e_vm-caps-simdna_noreqbyte-noreqrun-nolitrun				emit_bytes	24117						
compile	lit-l31			plain	same program	pcrec_a32bc86e_vm-caps-simdna_noreqbyte-noreqrun-nolitrun				emit_code_bytes	24117						
compile	lit-l31			whole-subject	separate artifact	pcrec_a32bc86e_vm-caps-simdna_noreqbyte-noreqrun-nolitrun				median_total_ns	158019095.000000	5					
compile	lit-l31			whole-subject	separate artifact	pcrec_a32bc86e_vm-caps-simdna_noreqbyte-noreqrun-nolitrun				jitter	0.024						
compile	lit-l31			whole-subject	separate artifact	pcrec_a32bc86e_vm-caps-simdna_noreqbyte-noreqrun-nolitrun				artifact_bytes	23384						
compile	lit-l31			whole-subject	separate artifact	pcrec_a32bc86e_vm-caps-simdna_noreqbyte-noreqrun-nolitrun				emit_bytes	24346						
compile	lit-l31			whole-subject	separate artifact	pcrec_a32bc86e_vm-caps-simdna_noreqbyte-noreqrun-nolitrun				emit_code_bytes	24346						
compile	lit-l4			plain	same program	pcrec_a32bc86e_vm-caps-simdna_noreqbyte-noreqrun-nolitrun				median_total_ns	148577287.000000	5					
compile	lit-l4			plain	same program	pcrec_a32bc86e_vm-caps-simdna_noreqbyte-noreqrun-nolitrun				jitter	0.049						
compile	lit-l4			plain	same program	pcrec_a32bc86e_vm-caps-simdna_noreqbyte-noreqrun-nolitrun				artifact_bytes	23328						
compile	lit-l4			plain	same program	pcrec_a32bc86e_vm-caps-simdna_noreqbyte-noreqrun-nolitrun				emit_bytes	19796						
compile	lit-l4			plain	same program	pcrec_a32bc86e_vm-caps-simdna_noreqbyte-noreqrun-nolitrun				emit_code_bytes	19796						
compile	lit-l4			whole-subject	separate artifact	pcrec_a32bc86e_vm-caps-simdna_noreqbyte-noreqrun-nolitrun				median_total_ns	155263560.000000	5					
compile	lit-l4			whole-subject	separate artifact	pcrec_a32bc86e_vm-caps-simdna_noreqbyte-noreqrun-nolitrun				jitter	0.015						
compile	lit-l4			whole-subject	separate artifact	pcrec_a32bc86e_vm-caps-simdna_noreqbyte-noreqrun-nolitrun				artifact_bytes	23328						
compile	lit-l4			whole-subject	separate artifact	pcrec_a32bc86e_vm-caps-simdna_noreqbyte-noreqrun-nolitrun				emit_bytes	20020						
compile	lit-l4			whole-subject	separate artifact	pcrec_a32bc86e_vm-caps-simdna_noreqbyte-noreqrun-nolitrun				emit_code_bytes	20020						
compile	lit-l40			plain	same program	pcrec_a32bc86e_vm-caps-simdna_noreqbyte-noreqrun-nolitrun				median_total_ns	159890925.000000	5					
compile	lit-l40			plain	same program	pcrec_a32bc86e_vm-caps-simdna_noreqbyte-noreqrun-nolitrun				jitter	0.043						
compile	lit-l40			plain	same program	pcrec_a32bc86e_vm-caps-simdna_noreqbyte-noreqrun-nolitrun				artifact_bytes	23384						
compile	lit-l40			plain	same program	pcrec_a32bc86e_vm-caps-simdna_noreqbyte-noreqrun-nolitrun				emit_bytes	25557						
compile	lit-l40			plain	same program	pcrec_a32bc86e_vm-caps-simdna_noreqbyte-noreqrun-nolitrun				emit_code_bytes	25557						
compile	lit-l40			whole-subject	separate artifact	pcrec_a32bc86e_vm-caps-simdna_noreqbyte-noreqrun-nolitrun				median_total_ns	168980682.000000	5					
compile	lit-l40			whole-subject	separate artifact	pcrec_a32bc86e_vm-caps-simdna_noreqbyte-noreqrun-nolitrun				jitter	0.022						
compile	lit-l40			whole-subject	separate artifact	pcrec_a32bc86e_vm-caps-simdna_noreqbyte-noreqrun-nolitrun				artifact_bytes	23384						
compile	lit-l40			whole-subject	separate artifact	pcrec_a32bc86e_vm-caps-simdna_noreqbyte-noreqrun-nolitrun				emit_bytes	25786						
compile	lit-l40			whole-subject	separate artifact	pcrec_a32bc86e_vm-caps-simdna_noreqbyte-noreqrun-nolitrun				emit_code_bytes	25786						
compile	lit-l7			plain	same program	pcrec_a32bc86e_vm-caps-simdna_noreqbyte-noreqrun-nolitrun				median_total_ns	156862539.000000	5					
compile	lit-l7			plain	same program	pcrec_a32bc86e_vm-caps-simdna_noreqbyte-noreqrun-nolitrun				jitter	0.030						
compile	lit-l7			plain	same program	pcrec_a32bc86e_vm-caps-simdna_noreqbyte-noreqrun-nolitrun				artifact_bytes	23328						
compile	lit-l7			plain	same program	pcrec_a32bc86e_vm-caps-simdna_noreqbyte-noreqrun-nolitrun				emit_bytes	20274						
compile	lit-l7			plain	same program	pcrec_a32bc86e_vm-caps-simdna_noreqbyte-noreqrun-nolitrun				emit_code_bytes	20274						
compile	lit-l7			whole-subject	separate artifact	pcrec_a32bc86e_vm-caps-simdna_noreqbyte-noreqrun-nolitrun				median_total_ns	157422582.000000	5					
compile	lit-l7			whole-subject	separate artifact	pcrec_a32bc86e_vm-caps-simdna_noreqbyte-noreqrun-nolitrun				jitter	0.022						
compile	lit-l7			whole-subject	separate artifact	pcrec_a32bc86e_vm-caps-simdna_noreqbyte-noreqrun-nolitrun				artifact_bytes	23328						
compile	lit-l7			whole-subject	separate artifact	pcrec_a32bc86e_vm-caps-simdna_noreqbyte-noreqrun-nolitrun				emit_bytes	20498						
compile	lit-l7			whole-subject	separate artifact	pcrec_a32bc86e_vm-caps-simdna_noreqbyte-noreqrun-nolitrun				emit_code_bytes	20498						
compile	lit-l8			plain	same program	pcrec_a32bc86e_vm-caps-simdna_noreqbyte-noreqrun-nolitrun				median_total_ns	161953565.000000	5					
compile	lit-l8			plain	same program	pcrec_a32bc86e_vm-caps-simdna_noreqbyte-noreqrun-nolitrun				jitter	0.025						
compile	lit-l8			plain	same program	pcrec_a32bc86e_vm-caps-simdna_noreqbyte-noreqrun-nolitrun				artifact_bytes	23328						
compile	lit-l8			plain	same program	pcrec_a32bc86e_vm-caps-simdna_noreqbyte-noreqrun-nolitrun				emit_bytes	20433						
compile	lit-l8			plain	same program	pcrec_a32bc86e_vm-caps-simdna_noreqbyte-noreqrun-nolitrun				emit_code_bytes	20433						
compile	lit-l8			whole-subject	separate artifact	pcrec_a32bc86e_vm-caps-simdna_noreqbyte-noreqrun-nolitrun				median_total_ns	161731154.000000	5					
compile	lit-l8			whole-subject	separate artifact	pcrec_a32bc86e_vm-caps-simdna_noreqbyte-noreqrun-nolitrun				jitter	0.032						
compile	lit-l8			whole-subject	separate artifact	pcrec_a32bc86e_vm-caps-simdna_noreqbyte-noreqrun-nolitrun				artifact_bytes	23328						
compile	lit-l8			whole-subject	separate artifact	pcrec_a32bc86e_vm-caps-simdna_noreqbyte-noreqrun-nolitrun				emit_bytes	20657						
compile	lit-l8			whole-subject	separate artifact	pcrec_a32bc86e_vm-caps-simdna_noreqbyte-noreqrun-nolitrun				emit_code_bytes	20657						
compile	wild-secrets-aws-access-key-id			plain	same program	pcrec_a32bc86e_vm-caps-simdna_noreqbyte-noreqrun-nolitrun				median_total_ns	225265015.000000	5					
compile	wild-secrets-aws-access-key-id			plain	same program	pcrec_a32bc86e_vm-caps-simdna_noreqbyte-noreqrun-nolitrun				jitter	0.027						
compile	wild-secrets-aws-access-key-id			plain	same program	pcrec_a32bc86e_vm-caps-simdna_noreqbyte-noreqrun-nolitrun				artifact_bytes	27544						
compile	wild-secrets-aws-access-key-id			plain	same program	pcrec_a32bc86e_vm-caps-simdna_noreqbyte-noreqrun-nolitrun				emit_bytes	26921						
compile	wild-secrets-aws-access-key-id			plain	same program	pcrec_a32bc86e_vm-caps-simdna_noreqbyte-noreqrun-nolitrun				emit_code_bytes	26459						
compile	wild-secrets-aws-access-key-id			whole-subject	separate artifact	pcrec_a32bc86e_vm-caps-simdna_noreqbyte-noreqrun-nolitrun				median_total_ns	223420426.000000	5					
compile	wild-secrets-aws-access-key-id			whole-subject	separate artifact	pcrec_a32bc86e_vm-caps-simdna_noreqbyte-noreqrun-nolitrun				jitter	0.034						
compile	wild-secrets-aws-access-key-id			whole-subject	separate artifact	pcrec_a32bc86e_vm-caps-simdna_noreqbyte-noreqrun-nolitrun				artifact_bytes	27544						
compile	wild-secrets-aws-access-key-id			whole-subject	separate artifact	pcrec_a32bc86e_vm-caps-simdna_noreqbyte-noreqrun-nolitrun				emit_bytes	27150						
compile	wild-secrets-aws-access-key-id			whole-subject	separate artifact	pcrec_a32bc86e_vm-caps-simdna_noreqbyte-noreqrun-nolitrun				emit_code_bytes	26688						
compile	wild-secrets-github-pat			plain	same program	pcrec_a32bc86e_vm-caps-simdna_noreqbyte-noreqrun-nolitrun				median_total_ns	349574563.000000	5					
compile	wild-secrets-github-pat			plain	same program	pcrec_a32bc86e_vm-caps-simdna_noreqbyte-noreqrun-nolitrun				jitter	0.011						
compile	wild-secrets-github-pat			plain	same program	pcrec_a32bc86e_vm-caps-simdna_noreqbyte-noreqrun-nolitrun				artifact_bytes	27424						
compile	wild-secrets-github-pat			plain	same program	pcrec_a32bc86e_vm-caps-simdna_noreqbyte-noreqrun-nolitrun				emit_bytes	23010						
compile	wild-secrets-github-pat			plain	same program	pcrec_a32bc86e_vm-caps-simdna_noreqbyte-noreqrun-nolitrun				emit_code_bytes	22779						
compile	wild-secrets-github-pat			whole-subject	separate artifact	pcrec_a32bc86e_vm-caps-simdna_noreqbyte-noreqrun-nolitrun				median_total_ns	350032877.000000	5					
compile	wild-secrets-github-pat			whole-subject	separate artifact	pcrec_a32bc86e_vm-caps-simdna_noreqbyte-noreqrun-nolitrun				jitter	0.010						
compile	wild-secrets-github-pat			whole-subject	separate artifact	pcrec_a32bc86e_vm-caps-simdna_noreqbyte-noreqrun-nolitrun				artifact_bytes	27424						
compile	wild-secrets-github-pat			whole-subject	separate artifact	pcrec_a32bc86e_vm-caps-simdna_noreqbyte-noreqrun-nolitrun				emit_bytes	23239						
compile	wild-secrets-github-pat			whole-subject	separate artifact	pcrec_a32bc86e_vm-caps-simdna_noreqbyte-noreqrun-nolitrun				emit_code_bytes	23008						
