# reporter: v11 (2026-09-01); filters: subbench=altwide, version=0.1, since=2026-09-02T02:40:00Z, until=2026-09-03T00:00:00Z, testee=libpcre2_10.46_interp-caps-simdna, testee=libpcre2_10.46_jit-caps-simdna, testee=pcrec_1989c62_auto-caps-simdna, testee=pcrec_1989c62_auto-nocaps-simdna, testee=pcrec_1989c62_vm-caps-simdna, testee=pcrec_1989c62_vm-in-caps-simdna; source: store/index.tsv (111 candidate file(s)); records: 6; excluded_invalid: 0; superseded: 0; newer_not_measured: 0; subbench_versions: altwide@0.1; machines: budu-ryzen1600; schema_versions: 1.4; grain: set; single_subject_regimes: ; include_unmeasured: False; include_scratch: False; all_records: False; x13_rules: v1.4 X13 (pre-flight + trial agreement) on 6; mixed_x13: False; include_provenance: False
section	pattern	subject_or_na	regime_or_na	form	fact	testee	status	tier	rank_or_na	metric	value	n	pass_rate	n_gave_up	n_wrong	gave_up_summary	delta_verdict
record						altwide@0.1__libpcre2_10.46_interp-caps-simdna__budu-ryzen1600__20260902T083714Z				agreement	agree (0 of 46 groups; 0 of 1544 rows; 56 unjudged; k=1.5, 2/3; 5 trials)						
record						altwide@0.1__libpcre2_10.46_jit-caps-simdna__budu-ryzen1600__20260902T091909Z				agreement	agree (0 of 52 groups; 1 of 1568 rows; 32 unjudged; k=1.5, 2/3; 5 trials)						
record						altwide@0.1__pcrec_1989c62_auto-caps-simdna__budu-ryzen1600__20260902T094922Z				agreement	agree (0 of 22 groups; 1 of 564 rows; 0 unjudged; k=1.5, 2/3; 5 trials)						
record						altwide@0.1__pcrec_1989c62_auto-nocaps-simdna__budu-ryzen1600__20260902T095425Z				agreement	agree (0 of 22 groups; 0 of 564 rows; 0 unjudged; k=1.5, 2/3; 5 trials)						
record						altwide@0.1__pcrec_1989c62_vm-caps-simdna__budu-ryzen1600__20260902T095921Z				agreement	agree (0 of 23 groups; 0 of 636 rows; 4 unjudged; k=1.5, 2/3; 5 trials)						
record						altwide@0.1__pcrec_1989c62_vm-in-caps-simdna__budu-ryzen1600__20260902T100350Z				agreement	agree (0 of 23 groups; 0 of 636 rows; 4 unjudged; k=1.5, 2/3; 5 trials)						
rank	ci-512	(set)	large-subject-throughput	plain	same program	libpcre2_10.46_jit-caps-simdna	measured	pinned	1	median_ns	597112843.000000	4	1.0000	0	0		
rank	ci-512	(set)	large-subject-throughput	plain	same program	libpcre2_10.46_jit-caps-simdna	measured	pinned	1	min_ns	596755581.000000	4	1.0000	0	0		
rank	ci-512	(set)	large-subject-throughput	plain	same program	libpcre2_10.46_jit-caps-simdna	measured	pinned	1	max_ns	597632236.000000	4	1.0000	0	0		
rank	ci-512	(set)	large-subject-throughput	plain	same program	libpcre2_10.46_jit-caps-simdna	measured	pinned	1	stddev_ns	344940.354741	4	1.0000	0	0		
rank	ci-512	(set)	large-subject-throughput	plain	same program	libpcre2_10.46_jit-caps-simdna	measured	pinned	1	ratio_vs_baseline	0.088846	4	1.0000	0	0		
rank	ci-512	(set)	large-subject-throughput	plain	same program	libpcre2_10.46_jit-caps-simdna	measured	pinned	1	ratio_vs_best	1.000000	4	1.0000	0	0		
rank	ci-512	(set)	large-subject-throughput	plain	same program	libpcre2_10.46_interp-caps-simdna	measured	pinned	2	median_ns	6720787234.000000	4	1.0000	0	0		
rank	ci-512	(set)	large-subject-throughput	plain	same program	libpcre2_10.46_interp-caps-simdna	measured	pinned	2	min_ns	6711715281.000000	4	1.0000	0	0		
rank	ci-512	(set)	large-subject-throughput	plain	same program	libpcre2_10.46_interp-caps-simdna	measured	pinned	2	max_ns	6726635539.000000	4	1.0000	0	0		
rank	ci-512	(set)	large-subject-throughput	plain	same program	libpcre2_10.46_interp-caps-simdna	measured	pinned	2	stddev_ns	5939208.838317	4	1.0000	0	0		
rank	ci-512	(set)	large-subject-throughput	plain	same program	libpcre2_10.46_interp-caps-simdna	measured	pinned	2	ratio_vs_baseline	1.000000	4	1.0000	0	0		
rank	ci-512	(set)	large-subject-throughput	plain	same program	libpcre2_10.46_interp-caps-simdna	measured	pinned	2	ratio_vs_best	11.255473	4	1.0000	0	0		
did_not_compile	ci-512	(set)	large-subject-throughput			pcrec_1989c62_auto-caps-simdna	did-not-compile									pcrec: pattern too large: 1589602 bytes of emitted C source (limit 1000000, ~263 KB .o). Lower a repeat count, try --unroll=1, or raise --max-emit-bytes; see limits.md "Handling an oversized artifact" (pattern offset 0)	
did_not_compile	ci-512	(set)	large-subject-throughput			pcrec_1989c62_auto-nocaps-simdna	did-not-compile									pcrec: pattern too large: 1589602 bytes of emitted C source (limit 1000000, ~263 KB .o). Lower a repeat count, try --unroll=1, or raise --max-emit-bytes; see limits.md "Handling an oversized artifact" (pattern offset 0)	
did_not_compile	ci-512	(set)	large-subject-throughput			pcrec_1989c62_vm-caps-simdna	did-not-compile									pcrec: pattern too large: 900858 bytes of emitted code (limit 500000), which gcc cannot compile in reasonable time. A repeat's body is replicated and counts MULTIPLY through nesting -- lower a count, try --unroll=1, or raise --max-emit-code-bytes (pattern offset 0)	
did_not_compile	ci-512	(set)	large-subject-throughput			pcrec_1989c62_vm-in-caps-simdna	did-not-compile									pcrec: pattern too large: 900858 bytes of emitted code (limit 500000), which gcc cannot compile in reasonable time. A repeat's body is replicated and counts MULTIPLY through nesting -- lower a count, try --unroll=1, or raise --max-emit-code-bytes (pattern offset 0)	
rank	ci-512	(set)	match-compliance	plain	same program	libpcre2_10.46_jit-caps-simdna	measured	pinned	1	median_ns	136435.346221	38	1.0000	0	0		
rank	ci-512	(set)	match-compliance	plain	same program	libpcre2_10.46_jit-caps-simdna	measured	pinned	1	min_ns	136359.574741	38	1.0000	0	0		
rank	ci-512	(set)	match-compliance	plain	same program	libpcre2_10.46_jit-caps-simdna	measured	pinned	1	max_ns	143871.342123	38	1.0000	0	0		
rank	ci-512	(set)	match-compliance	plain	same program	libpcre2_10.46_jit-caps-simdna	measured	pinned	1	stddev_ns	2948.711501	38	1.0000	0	0		
rank	ci-512	(set)	match-compliance	plain	same program	libpcre2_10.46_jit-caps-simdna	measured	pinned	1	ratio_vs_baseline	0.999433	38	1.0000	0	0		
rank	ci-512	(set)	match-compliance	plain	same program	libpcre2_10.46_jit-caps-simdna	measured	pinned	1	ratio_vs_best	1.000000	38	1.0000	0	0		
rank	ci-512	(set)	match-compliance	plain	same program	libpcre2_10.46_interp-caps-simdna	measured	pinned	2	median_ns	136512.793054	38	1.0000	0	0		
rank	ci-512	(set)	match-compliance	plain	same program	libpcre2_10.46_interp-caps-simdna	measured	pinned	2	min_ns	136193.818764	38	1.0000	0	0		
rank	ci-512	(set)	match-compliance	plain	same program	libpcre2_10.46_interp-caps-simdna	measured	pinned	2	max_ns	136641.929471	38	1.0000	0	0		
rank	ci-512	(set)	match-compliance	plain	same program	libpcre2_10.46_interp-caps-simdna	measured	pinned	2	stddev_ns	169.699107	38	1.0000	0	0		
rank	ci-512	(set)	match-compliance	plain	same program	libpcre2_10.46_interp-caps-simdna	measured	pinned	2	ratio_vs_baseline	1.000000	38	1.0000	0	0		
rank	ci-512	(set)	match-compliance	plain	same program	libpcre2_10.46_interp-caps-simdna	measured	pinned	2	ratio_vs_best	1.000568	38	1.0000	0	0		
did_not_compile	ci-512	(set)	match-compliance			pcrec_1989c62_auto-caps-simdna	did-not-compile									pcrec: pattern too large: 1589602 bytes of emitted C source (limit 1000000, ~263 KB .o). Lower a repeat count, try --unroll=1, or raise --max-emit-bytes; see limits.md "Handling an oversized artifact" (pattern offset 0)	
did_not_compile	ci-512	(set)	match-compliance			pcrec_1989c62_auto-nocaps-simdna	did-not-compile									pcrec: pattern too large: 1589602 bytes of emitted C source (limit 1000000, ~263 KB .o). Lower a repeat count, try --unroll=1, or raise --max-emit-bytes; see limits.md "Handling an oversized artifact" (pattern offset 0)	
did_not_compile	ci-512	(set)	match-compliance			pcrec_1989c62_vm-caps-simdna	did-not-compile									pcrec: pattern too large: 900858 bytes of emitted code (limit 500000), which gcc cannot compile in reasonable time. A repeat's body is replicated and counts MULTIPLY through nesting -- lower a count, try --unroll=1, or raise --max-emit-code-bytes (pattern offset 0)	
did_not_compile	ci-512	(set)	match-compliance			pcrec_1989c62_vm-in-caps-simdna	did-not-compile									pcrec: pattern too large: 900858 bytes of emitted code (limit 500000), which gcc cannot compile in reasonable time. A repeat's body is replicated and counts MULTIPLY through nesting -- lower a count, try --unroll=1, or raise --max-emit-code-bytes (pattern offset 0)	
rank	ci-512	(set)	short-subject-search	plain	same program	libpcre2_10.46_jit-caps-simdna	measured	pinned	1	median_ns	2497475.694750	38	1.0000	0	0		
rank	ci-512	(set)	short-subject-search	plain	same program	libpcre2_10.46_jit-caps-simdna	measured	pinned	1	min_ns	2493012.515263	38	1.0000	0	0		
rank	ci-512	(set)	short-subject-search	plain	same program	libpcre2_10.46_jit-caps-simdna	measured	pinned	1	max_ns	2780315.572650	38	1.0000	0	0		
rank	ci-512	(set)	short-subject-search	plain	same program	libpcre2_10.46_jit-caps-simdna	measured	pinned	1	stddev_ns	113822.382094	38	1.0000	0	0		
rank	ci-512	(set)	short-subject-search	plain	same program	libpcre2_10.46_jit-caps-simdna	measured	pinned	1	ratio_vs_baseline	0.088779	38	1.0000	0	0		
rank	ci-512	(set)	short-subject-search	plain	same program	libpcre2_10.46_jit-caps-simdna	measured	pinned	1	ratio_vs_best	1.000000	38	1.0000	0	0		
rank	ci-512	(set)	short-subject-search	plain	same program	libpcre2_10.46_interp-caps-simdna	measured	pinned	2	median_ns	28131335.260274	38	1.0000	0	0		
rank	ci-512	(set)	short-subject-search	plain	same program	libpcre2_10.46_interp-caps-simdna	measured	pinned	2	min_ns	28100177.287671	38	1.0000	0	0		
rank	ci-512	(set)	short-subject-search	plain	same program	libpcre2_10.46_interp-caps-simdna	measured	pinned	2	max_ns	28289241.575342	38	1.0000	0	0		
rank	ci-512	(set)	short-subject-search	plain	same program	libpcre2_10.46_interp-caps-simdna	measured	pinned	2	stddev_ns	72574.820128	38	1.0000	0	0		
rank	ci-512	(set)	short-subject-search	plain	same program	libpcre2_10.46_interp-caps-simdna	measured	pinned	2	ratio_vs_baseline	1.000000	38	1.0000	0	0		
rank	ci-512	(set)	short-subject-search	plain	same program	libpcre2_10.46_interp-caps-simdna	measured	pinned	2	ratio_vs_best	11.263908	38	1.0000	0	0		
did_not_compile	ci-512	(set)	short-subject-search			pcrec_1989c62_auto-caps-simdna	did-not-compile									pcrec: pattern too large: 1589602 bytes of emitted C source (limit 1000000, ~263 KB .o). Lower a repeat count, try --unroll=1, or raise --max-emit-bytes; see limits.md "Handling an oversized artifact" (pattern offset 0)	
did_not_compile	ci-512	(set)	short-subject-search			pcrec_1989c62_auto-nocaps-simdna	did-not-compile									pcrec: pattern too large: 1589602 bytes of emitted C source (limit 1000000, ~263 KB .o). Lower a repeat count, try --unroll=1, or raise --max-emit-bytes; see limits.md "Handling an oversized artifact" (pattern offset 0)	
did_not_compile	ci-512	(set)	short-subject-search			pcrec_1989c62_vm-caps-simdna	did-not-compile									pcrec: pattern too large: 900858 bytes of emitted code (limit 500000), which gcc cannot compile in reasonable time. A repeat's body is replicated and counts MULTIPLY through nesting -- lower a count, try --unroll=1, or raise --max-emit-code-bytes (pattern offset 0)	
did_not_compile	ci-512	(set)	short-subject-search			pcrec_1989c62_vm-in-caps-simdna	did-not-compile									pcrec: pattern too large: 900858 bytes of emitted code (limit 500000), which gcc cannot compile in reasonable time. A repeat's body is replicated and counts MULTIPLY through nesting -- lower a count, try --unroll=1, or raise --max-emit-code-bytes (pattern offset 0)	
rank	cnt-64	(set)	large-subject-throughput	plain	same program	pcrec_1989c62_auto-caps-simdna	measured	pinned	1	median_ns	4788748.452055	4	1.0000	0	0		
rank	cnt-64	(set)	large-subject-throughput	plain	same program	pcrec_1989c62_auto-caps-simdna	measured	pinned	1	min_ns	4786732.684932	4	1.0000	0	0		
rank	cnt-64	(set)	large-subject-throughput	plain	same program	pcrec_1989c62_auto-caps-simdna	measured	pinned	1	max_ns	4815255.328767	4	1.0000	0	0		
rank	cnt-64	(set)	large-subject-throughput	plain	same program	pcrec_1989c62_auto-caps-simdna	measured	pinned	1	stddev_ns	12505.104777	4	1.0000	0	0		
rank	cnt-64	(set)	large-subject-throughput	plain	same program	pcrec_1989c62_auto-caps-simdna	measured	pinned	1	ratio_vs_baseline	0.008411	4	1.0000	0	0		
rank	cnt-64	(set)	large-subject-throughput	plain	same program	pcrec_1989c62_auto-caps-simdna	measured	pinned	1	ratio_vs_best	1.000000	4	1.0000	0	0		
rank	cnt-64	(set)	large-subject-throughput	plain	same program	pcrec_1989c62_auto-nocaps-simdna	measured	pinned	2	median_ns	4789144.513889	4	1.0000	0	0		
rank	cnt-64	(set)	large-subject-throughput	plain	same program	pcrec_1989c62_auto-nocaps-simdna	measured	pinned	2	min_ns	4784781.583333	4	1.0000	0	0		
rank	cnt-64	(set)	large-subject-throughput	plain	same program	pcrec_1989c62_auto-nocaps-simdna	measured	pinned	2	max_ns	4811039.666667	4	1.0000	0	0		
rank	cnt-64	(set)	large-subject-throughput	plain	same program	pcrec_1989c62_auto-nocaps-simdna	measured	pinned	2	stddev_ns	9737.018971	4	1.0000	0	0		
rank	cnt-64	(set)	large-subject-throughput	plain	same program	pcrec_1989c62_auto-nocaps-simdna	measured	pinned	2	ratio_vs_baseline	0.008411	4	1.0000	0	0		
rank	cnt-64	(set)	large-subject-throughput	plain	same program	pcrec_1989c62_auto-nocaps-simdna	measured	pinned	2	ratio_vs_best	1.000083	4	1.0000	0	0		
rank	cnt-64	(set)	large-subject-throughput	plain	same program	libpcre2_10.46_jit-caps-simdna	measured	pinned	3	median_ns	38003014.250000	4	1.0000	0	0		
rank	cnt-64	(set)	large-subject-throughput	plain	same program	libpcre2_10.46_jit-caps-simdna	measured	pinned	3	min_ns	37193572.000000	4	1.0000	0	0		
rank	cnt-64	(set)	large-subject-throughput	plain	same program	libpcre2_10.46_jit-caps-simdna	measured	pinned	3	max_ns	42954665.125000	4	1.0000	0	0		
rank	cnt-64	(set)	large-subject-throughput	plain	same program	libpcre2_10.46_jit-caps-simdna	measured	pinned	3	stddev_ns	2069293.813757	4	1.0000	0	0		
rank	cnt-64	(set)	large-subject-throughput	plain	same program	libpcre2_10.46_jit-caps-simdna	measured	pinned	3	ratio_vs_baseline	0.066747	4	1.0000	0	0		
rank	cnt-64	(set)	large-subject-throughput	plain	same program	libpcre2_10.46_jit-caps-simdna	measured	pinned	3	ratio_vs_best	7.935897	4	1.0000	0	0		
rank	cnt-64	(set)	large-subject-throughput	plain	same program	pcrec_1989c62_vm-caps-simdna	measured	pinned	4	median_ns	342379266.500000	4	1.0000	0	0		
rank	cnt-64	(set)	large-subject-throughput	plain	same program	pcrec_1989c62_vm-caps-simdna	measured	pinned	4	min_ns	341285690.500000	4	1.0000	0	0		
rank	cnt-64	(set)	large-subject-throughput	plain	same program	pcrec_1989c62_vm-caps-simdna	measured	pinned	4	max_ns	343397873.000000	4	1.0000	0	0		
rank	cnt-64	(set)	large-subject-throughput	plain	same program	pcrec_1989c62_vm-caps-simdna	measured	pinned	4	stddev_ns	874815.807789	4	1.0000	0	0		
rank	cnt-64	(set)	large-subject-throughput	plain	same program	pcrec_1989c62_vm-caps-simdna	measured	pinned	4	ratio_vs_baseline	0.601344	4	1.0000	0	0		
rank	cnt-64	(set)	large-subject-throughput	plain	same program	pcrec_1989c62_vm-caps-simdna	measured	pinned	4	ratio_vs_best	71.496607	4	1.0000	0	0		
rank	cnt-64	(set)	large-subject-throughput	plain	same program	pcrec_1989c62_vm-in-caps-simdna	measured	pinned	5	median_ns	342504852.500000	4	1.0000	0	0		
rank	cnt-64	(set)	large-subject-throughput	plain	same program	pcrec_1989c62_vm-in-caps-simdna	measured	pinned	5	min_ns	342330041.500000	4	1.0000	0	0		
rank	cnt-64	(set)	large-subject-throughput	plain	same program	pcrec_1989c62_vm-in-caps-simdna	measured	pinned	5	max_ns	342929224.500000	4	1.0000	0	0		
rank	cnt-64	(set)	large-subject-throughput	plain	same program	pcrec_1989c62_vm-in-caps-simdna	measured	pinned	5	stddev_ns	214142.328365	4	1.0000	0	0		
rank	cnt-64	(set)	large-subject-throughput	plain	same program	pcrec_1989c62_vm-in-caps-simdna	measured	pinned	5	ratio_vs_baseline	0.601565	4	1.0000	0	0		
rank	cnt-64	(set)	large-subject-throughput	plain	same program	pcrec_1989c62_vm-in-caps-simdna	measured	pinned	5	ratio_vs_best	71.522832	4	1.0000	0	0		
rank	cnt-64	(set)	large-subject-throughput	plain	same program	libpcre2_10.46_interp-caps-simdna	measured	pinned	6	median_ns	569356807.000000	4	1.0000	0	0		
rank	cnt-64	(set)	large-subject-throughput	plain	same program	libpcre2_10.46_interp-caps-simdna	measured	pinned	6	min_ns	565422344.000000	4	1.0000	0	0		
rank	cnt-64	(set)	large-subject-throughput	plain	same program	libpcre2_10.46_interp-caps-simdna	measured	pinned	6	max_ns	572977169.000000	4	1.0000	0	0		
rank	cnt-64	(set)	large-subject-throughput	plain	same program	libpcre2_10.46_interp-caps-simdna	measured	pinned	6	stddev_ns	2485641.308456	4	1.0000	0	0		
rank	cnt-64	(set)	large-subject-throughput	plain	same program	libpcre2_10.46_interp-caps-simdna	measured	pinned	6	ratio_vs_baseline	1.000000	4	1.0000	0	0		
rank	cnt-64	(set)	large-subject-throughput	plain	same program	libpcre2_10.46_interp-caps-simdna	measured	pinned	6	ratio_vs_best	118.894699	4	1.0000	0	0		
rank	cnt-64	(set)	match-compliance	whole-subject	separate artifact	pcrec_1989c62_vm-in-caps-simdna	measured	pinned	1	median_ns	11746.983809	38	1.0000	0	0		
rank	cnt-64	(set)	match-compliance	whole-subject	separate artifact	pcrec_1989c62_vm-in-caps-simdna	measured	pinned	1	min_ns	11669.163462	38	1.0000	0	0		
rank	cnt-64	(set)	match-compliance	whole-subject	separate artifact	pcrec_1989c62_vm-in-caps-simdna	measured	pinned	1	max_ns	11801.736165	38	1.0000	0	0		
rank	cnt-64	(set)	match-compliance	whole-subject	separate artifact	pcrec_1989c62_vm-in-caps-simdna	measured	pinned	1	stddev_ns	51.181361	38	1.0000	0	0		
rank	cnt-64	(set)	match-compliance	whole-subject	separate artifact	pcrec_1989c62_vm-in-caps-simdna	measured	pinned	1	ratio_vs_baseline	0.694060	38	1.0000	0	0		
rank	cnt-64	(set)	match-compliance	whole-subject	separate artifact	pcrec_1989c62_vm-in-caps-simdna	measured	pinned	1	ratio_vs_best	1.000000	38	1.0000	0	0		
rank	cnt-64	(set)	match-compliance	whole-subject	separate artifact	pcrec_1989c62_vm-caps-simdna	measured	pinned	2	median_ns	12487.891846	38	1.0000	0	0		
rank	cnt-64	(set)	match-compliance	whole-subject	separate artifact	pcrec_1989c62_vm-caps-simdna	measured	pinned	2	min_ns	12362.889173	38	1.0000	0	0		
rank	cnt-64	(set)	match-compliance	whole-subject	separate artifact	pcrec_1989c62_vm-caps-simdna	measured	pinned	2	max_ns	12526.316858	38	1.0000	0	0		
rank	cnt-64	(set)	match-compliance	whole-subject	separate artifact	pcrec_1989c62_vm-caps-simdna	measured	pinned	2	stddev_ns	59.648465	38	1.0000	0	0		
rank	cnt-64	(set)	match-compliance	whole-subject	separate artifact	pcrec_1989c62_vm-caps-simdna	measured	pinned	2	ratio_vs_baseline	0.737836	38	1.0000	0	0		
rank	cnt-64	(set)	match-compliance	whole-subject	separate artifact	pcrec_1989c62_vm-caps-simdna	measured	pinned	2	ratio_vs_best	1.063072	38	1.0000	0	0		
rank	cnt-64	(set)	match-compliance	plain	same program	libpcre2_10.46_interp-caps-simdna	measured	pinned	3	median_ns	16925.027255	38	1.0000	0	0		
rank	cnt-64	(set)	match-compliance	plain	same program	libpcre2_10.46_interp-caps-simdna	measured	pinned	3	min_ns	16843.033311	38	1.0000	0	0		
rank	cnt-64	(set)	match-compliance	plain	same program	libpcre2_10.46_interp-caps-simdna	measured	pinned	3	max_ns	16983.689114	38	1.0000	0	0		
rank	cnt-64	(set)	match-compliance	plain	same program	libpcre2_10.46_interp-caps-simdna	measured	pinned	3	stddev_ns	61.336770	38	1.0000	0	0		
rank	cnt-64	(set)	match-compliance	plain	same program	libpcre2_10.46_interp-caps-simdna	measured	pinned	3	ratio_vs_baseline	1.000000	38	1.0000	0	0		
rank	cnt-64	(set)	match-compliance	plain	same program	libpcre2_10.46_interp-caps-simdna	measured	pinned	3	ratio_vs_best	1.440798	38	1.0000	0	0		
rank	cnt-64	(set)	match-compliance	plain	same program	libpcre2_10.46_jit-caps-simdna	measured	pinned	4	median_ns	16986.766312	38	1.0000	0	0		
rank	cnt-64	(set)	match-compliance	plain	same program	libpcre2_10.46_jit-caps-simdna	measured	pinned	4	min_ns	16916.788009	38	1.0000	0	0		
rank	cnt-64	(set)	match-compliance	plain	same program	libpcre2_10.46_jit-caps-simdna	measured	pinned	4	max_ns	17019.069400	38	1.0000	0	0		
rank	cnt-64	(set)	match-compliance	plain	same program	libpcre2_10.46_jit-caps-simdna	measured	pinned	4	stddev_ns	38.384459	38	1.0000	0	0		
rank	cnt-64	(set)	match-compliance	plain	same program	libpcre2_10.46_jit-caps-simdna	measured	pinned	4	ratio_vs_baseline	1.003648	38	1.0000	0	0		
rank	cnt-64	(set)	match-compliance	plain	same program	libpcre2_10.46_jit-caps-simdna	measured	pinned	4	ratio_vs_best	1.446053	38	1.0000	0	0		
did_not_compile	cnt-64	(set)	match-compliance			pcrec_1989c62_auto-caps-simdna	did-not-compile									pcrec: pattern too large: 1107353 bytes of emitted C source (limit 1000000, ~183 KB .o). Lower a repeat count, try --unroll=1, or raise --max-emit-bytes; see limits.md "Handling an oversized artifact" (pattern offset 0)	
did_not_compile	cnt-64	(set)	match-compliance			pcrec_1989c62_auto-nocaps-simdna	did-not-compile									pcrec: pattern too large: 1107353 bytes of emitted C source (limit 1000000, ~183 KB .o). Lower a repeat count, try --unroll=1, or raise --max-emit-bytes; see limits.md "Handling an oversized artifact" (pattern offset 0)	
rank	cnt-64	(set)	short-subject-search	plain	same program	pcrec_1989c62_auto-caps-simdna	measured	pinned	1	median_ns	22131.721553	38	1.0000	0	0		
rank	cnt-64	(set)	short-subject-search	plain	same program	pcrec_1989c62_auto-caps-simdna	measured	pinned	1	min_ns	22106.305830	38	1.0000	0	0		
rank	cnt-64	(set)	short-subject-search	plain	same program	pcrec_1989c62_auto-caps-simdna	measured	pinned	1	max_ns	22219.301370	38	1.0000	0	0		
rank	cnt-64	(set)	short-subject-search	plain	same program	pcrec_1989c62_auto-caps-simdna	measured	pinned	1	stddev_ns	40.040221	38	1.0000	0	0		
rank	cnt-64	(set)	short-subject-search	plain	same program	pcrec_1989c62_auto-caps-simdna	measured	pinned	1	ratio_vs_baseline	0.008718	38	1.0000	0	0		
rank	cnt-64	(set)	short-subject-search	plain	same program	pcrec_1989c62_auto-caps-simdna	measured	pinned	1	ratio_vs_best	1.000000	38	1.0000	0	0		
rank	cnt-64	(set)	short-subject-search	plain	same program	pcrec_1989c62_auto-nocaps-simdna	measured	pinned	2	median_ns	22144.574263	38	1.0000	0	0		
rank	cnt-64	(set)	short-subject-search	plain	same program	pcrec_1989c62_auto-nocaps-simdna	measured	pinned	2	min_ns	22116.986739	38	1.0000	0	0		
rank	cnt-64	(set)	short-subject-search	plain	same program	pcrec_1989c62_auto-nocaps-simdna	measured	pinned	2	max_ns	25568.201012	38	1.0000	0	0		
rank	cnt-64	(set)	short-subject-search	plain	same program	pcrec_1989c62_auto-nocaps-simdna	measured	pinned	2	stddev_ns	1371.934558	38	1.0000	0	0		
rank	cnt-64	(set)	short-subject-search	plain	same program	pcrec_1989c62_auto-nocaps-simdna	measured	pinned	2	ratio_vs_baseline	0.008723	38	1.0000	0	0		
rank	cnt-64	(set)	short-subject-search	plain	same program	pcrec_1989c62_auto-nocaps-simdna	measured	pinned	2	ratio_vs_best	1.000581	38	1.0000	0	0		
rank	cnt-64	(set)	short-subject-search	plain	same program	libpcre2_10.46_jit-caps-simdna	measured	pinned	3	median_ns	192249.446274	38	1.0000	0	0		
rank	cnt-64	(set)	short-subject-search	plain	same program	libpcre2_10.46_jit-caps-simdna	measured	pinned	3	min_ns	167875.623110	38	1.0000	0	0		
rank	cnt-64	(set)	short-subject-search	plain	same program	libpcre2_10.46_jit-caps-simdna	measured	pinned	3	max_ns	194424.084863	38	1.0000	0	0		
rank	cnt-64	(set)	short-subject-search	plain	same program	libpcre2_10.46_jit-caps-simdna	measured	pinned	3	stddev_ns	12182.961874	38	1.0000	0	0		
rank	cnt-64	(set)	short-subject-search	plain	same program	libpcre2_10.46_jit-caps-simdna	measured	pinned	3	ratio_vs_baseline	0.075731	38	1.0000	0	0		
rank	cnt-64	(set)	short-subject-search	plain	same program	libpcre2_10.46_jit-caps-simdna	measured	pinned	3	ratio_vs_best	8.686602	38	1.0000	0	0		
rank	cnt-64	(set)	short-subject-search	plain	same program	pcrec_1989c62_vm-in-caps-simdna	measured	pinned	4	median_ns	1593482.610649	38	1.0000	0	0		
rank	cnt-64	(set)	short-subject-search	plain	same program	pcrec_1989c62_vm-in-caps-simdna	measured	pinned	4	min_ns	1592487.628952	38	1.0000	0	0		
rank	cnt-64	(set)	short-subject-search	plain	same program	pcrec_1989c62_vm-in-caps-simdna	measured	pinned	4	max_ns	1600549.492512	38	1.0000	0	0		
rank	cnt-64	(set)	short-subject-search	plain	same program	pcrec_1989c62_vm-in-caps-simdna	measured	pinned	4	stddev_ns	2940.997979	38	1.0000	0	0		
rank	cnt-64	(set)	short-subject-search	plain	same program	pcrec_1989c62_vm-in-caps-simdna	measured	pinned	4	ratio_vs_baseline	0.627702	38	1.0000	0	0		
rank	cnt-64	(set)	short-subject-search	plain	same program	pcrec_1989c62_vm-in-caps-simdna	measured	pinned	4	ratio_vs_best	71.999939	38	1.0000	0	0		
rank	cnt-64	(set)	short-subject-search	plain	same program	pcrec_1989c62_vm-caps-simdna	measured	pinned	5	median_ns	1593709.451586	38	1.0000	0	0		
rank	cnt-64	(set)	short-subject-search	plain	same program	pcrec_1989c62_vm-caps-simdna	measured	pinned	5	min_ns	1589833.181970	38	1.0000	0	0		
rank	cnt-64	(set)	short-subject-search	plain	same program	pcrec_1989c62_vm-caps-simdna	measured	pinned	5	max_ns	1599926.524207	38	1.0000	0	0		
rank	cnt-64	(set)	short-subject-search	plain	same program	pcrec_1989c62_vm-caps-simdna	measured	pinned	5	stddev_ns	3654.040649	38	1.0000	0	0		
rank	cnt-64	(set)	short-subject-search	plain	same program	pcrec_1989c62_vm-caps-simdna	measured	pinned	5	ratio_vs_baseline	0.627792	38	1.0000	0	0		
rank	cnt-64	(set)	short-subject-search	plain	same program	pcrec_1989c62_vm-caps-simdna	measured	pinned	5	ratio_vs_best	72.010189	38	1.0000	0	0		
rank	cnt-64	(set)	short-subject-search	plain	same program	libpcre2_10.46_interp-caps-simdna	measured	pinned	6	median_ns	2538595.428377	38	1.0000	0	0		
rank	cnt-64	(set)	short-subject-search	plain	same program	libpcre2_10.46_interp-caps-simdna	measured	pinned	6	min_ns	2538334.347885	38	1.0000	0	0		
rank	cnt-64	(set)	short-subject-search	plain	same program	libpcre2_10.46_interp-caps-simdna	measured	pinned	6	max_ns	2556578.959072	38	1.0000	0	0		
rank	cnt-64	(set)	short-subject-search	plain	same program	libpcre2_10.46_interp-caps-simdna	measured	pinned	6	stddev_ns	7503.078715	38	1.0000	0	0		
rank	cnt-64	(set)	short-subject-search	plain	same program	libpcre2_10.46_interp-caps-simdna	measured	pinned	6	ratio_vs_baseline	1.000000	38	1.0000	0	0		
rank	cnt-64	(set)	short-subject-search	plain	same program	libpcre2_10.46_interp-caps-simdna	measured	pinned	6	ratio_vs_best	114.703929	38	1.0000	0	0		
rank	floor	(set)	large-subject-throughput	plain	same program	pcrec_1989c62_auto-nocaps-simdna	measured	pinned	1	median_ns	15345.236682	4	1.0000	0	0		
rank	floor	(set)	large-subject-throughput	plain	same program	pcrec_1989c62_auto-nocaps-simdna	measured	pinned	1	min_ns	15331.717540	4	1.0000	0	0		
rank	floor	(set)	large-subject-throughput	plain	same program	pcrec_1989c62_auto-nocaps-simdna	measured	pinned	1	max_ns	15435.636222	4	1.0000	0	0		
rank	floor	(set)	large-subject-throughput	plain	same program	pcrec_1989c62_auto-nocaps-simdna	measured	pinned	1	stddev_ns	38.035892	4	1.0000	0	0		
rank	floor	(set)	large-subject-throughput	plain	same program	pcrec_1989c62_auto-nocaps-simdna	measured	pinned	1	ratio_vs_baseline	0.989174	4	1.0000	0	0		
rank	floor	(set)	large-subject-throughput	plain	same program	pcrec_1989c62_auto-nocaps-simdna	measured	pinned	1	ratio_vs_best	1.000000	4	1.0000	0	0		
rank	floor	(set)	large-subject-throughput	plain	same program	pcrec_1989c62_auto-caps-simdna	measured	pinned	2	median_ns	15381.109755	4	1.0000	0	0		
rank	floor	(set)	large-subject-throughput	plain	same program	pcrec_1989c62_auto-caps-simdna	measured	pinned	2	min_ns	15359.360853	4	1.0000	0	0		
rank	floor	(set)	large-subject-throughput	plain	same program	pcrec_1989c62_auto-caps-simdna	measured	pinned	2	max_ns	15389.274483	4	1.0000	0	0		
rank	floor	(set)	large-subject-throughput	plain	same program	pcrec_1989c62_auto-caps-simdna	measured	pinned	2	stddev_ns	10.661573	4	1.0000	0	0		
rank	floor	(set)	large-subject-throughput	plain	same program	pcrec_1989c62_auto-caps-simdna	measured	pinned	2	ratio_vs_baseline	0.991486	4	1.0000	0	0		
rank	floor	(set)	large-subject-throughput	plain	same program	pcrec_1989c62_auto-caps-simdna	measured	pinned	2	ratio_vs_best	1.002338	4	1.0000	0	0		
rank	floor	(set)	large-subject-throughput	plain	same program	libpcre2_10.46_interp-caps-simdna	measured	pinned	3	median_ns	15513.184405	4	1.0000	0	0		
rank	floor	(set)	large-subject-throughput	plain	same program	libpcre2_10.46_interp-caps-simdna	measured	pinned	3	min_ns	15489.396157	4	1.0000	0	0		
rank	floor	(set)	large-subject-throughput	plain	same program	libpcre2_10.46_interp-caps-simdna	measured	pinned	3	max_ns	15579.106800	4	1.0000	0	0		
rank	floor	(set)	large-subject-throughput	plain	same program	libpcre2_10.46_interp-caps-simdna	measured	pinned	3	stddev_ns	35.364293	4	1.0000	0	0		
rank	floor	(set)	large-subject-throughput	plain	same program	libpcre2_10.46_interp-caps-simdna	measured	pinned	3	ratio_vs_baseline	1.000000	4	1.0000	0	0		
rank	floor	(set)	large-subject-throughput	plain	same program	libpcre2_10.46_interp-caps-simdna	measured	pinned	3	ratio_vs_best	1.010945	4	1.0000	0	0		
rank	floor	(set)	large-subject-throughput	plain	same program	libpcre2_10.46_jit-caps-simdna	measured	pinned	4	median_ns	34465.641347	4	1.0000	0	0		
rank	floor	(set)	large-subject-throughput	plain	same program	libpcre2_10.46_jit-caps-simdna	measured	pinned	4	min_ns	34277.233751	4	1.0000	0	0		
rank	floor	(set)	large-subject-throughput	plain	same program	libpcre2_10.46_jit-caps-simdna	measured	pinned	4	max_ns	34588.970243	4	1.0000	0	0		
rank	floor	(set)	large-subject-throughput	plain	same program	libpcre2_10.46_jit-caps-simdna	measured	pinned	4	stddev_ns	116.966585	4	1.0000	0	0		
rank	floor	(set)	large-subject-throughput	plain	same program	libpcre2_10.46_jit-caps-simdna	measured	pinned	4	ratio_vs_baseline	2.221700	4	1.0000	0	0		
rank	floor	(set)	large-subject-throughput	plain	same program	libpcre2_10.46_jit-caps-simdna	measured	pinned	4	ratio_vs_best	2.246016	4	1.0000	0	0		
rank	floor	(set)	large-subject-throughput	plain	same program	pcrec_1989c62_vm-in-caps-simdna	measured	pinned	5	median_ns	271579.108320	4	1.0000	0	0		
rank	floor	(set)	large-subject-throughput	plain	same program	pcrec_1989c62_vm-in-caps-simdna	measured	pinned	5	min_ns	271534.649137	4	1.0000	0	0		
rank	floor	(set)	large-subject-throughput	plain	same program	pcrec_1989c62_vm-in-caps-simdna	measured	pinned	5	max_ns	271674.312402	4	1.0000	0	0		
rank	floor	(set)	large-subject-throughput	plain	same program	pcrec_1989c62_vm-in-caps-simdna	measured	pinned	5	stddev_ns	48.629230	4	1.0000	0	0		
rank	floor	(set)	large-subject-throughput	plain	same program	pcrec_1989c62_vm-in-caps-simdna	measured	pinned	5	ratio_vs_baseline	17.506342	4	1.0000	0	0		
rank	floor	(set)	large-subject-throughput	plain	same program	pcrec_1989c62_vm-in-caps-simdna	measured	pinned	5	ratio_vs_best	17.697942	4	1.0000	0	0		
rank	floor	(set)	large-subject-throughput	plain	same program	pcrec_1989c62_vm-caps-simdna	measured	pinned	6	median_ns	271687.802041	4	1.0000	0	0		
rank	floor	(set)	large-subject-throughput	plain	same program	pcrec_1989c62_vm-caps-simdna	measured	pinned	6	min_ns	271384.534694	4	1.0000	0	0		
rank	floor	(set)	large-subject-throughput	plain	same program	pcrec_1989c62_vm-caps-simdna	measured	pinned	6	max_ns	271777.648980	4	1.0000	0	0		
rank	floor	(set)	large-subject-throughput	plain	same program	pcrec_1989c62_vm-caps-simdna	measured	pinned	6	stddev_ns	159.227788	4	1.0000	0	0		
rank	floor	(set)	large-subject-throughput	plain	same program	pcrec_1989c62_vm-caps-simdna	measured	pinned	6	ratio_vs_baseline	17.513348	4	1.0000	0	0		
rank	floor	(set)	large-subject-throughput	plain	same program	pcrec_1989c62_vm-caps-simdna	measured	pinned	6	ratio_vs_best	17.705025	4	1.0000	0	0		
rank	floor	(set)	match-compliance	whole-subject	separate artifact	pcrec_1989c62_vm-caps-simdna	measured	pinned	1	median_ns	203.284154	38	1.0000	0	0		
rank	floor	(set)	match-compliance	whole-subject	separate artifact	pcrec_1989c62_vm-caps-simdna	measured	pinned	1	min_ns	203.253642	38	1.0000	0	0		
rank	floor	(set)	match-compliance	whole-subject	separate artifact	pcrec_1989c62_vm-caps-simdna	measured	pinned	1	max_ns	203.408733	38	1.0000	0	0		
rank	floor	(set)	match-compliance	whole-subject	separate artifact	pcrec_1989c62_vm-caps-simdna	measured	pinned	1	stddev_ns	0.055165	38	1.0000	0	0		
rank	floor	(set)	match-compliance	whole-subject	separate artifact	pcrec_1989c62_vm-caps-simdna	measured	pinned	1	ratio_vs_baseline	0.087857	38	1.0000	0	0		
rank	floor	(set)	match-compliance	whole-subject	separate artifact	pcrec_1989c62_vm-caps-simdna	measured	pinned	1	ratio_vs_best	1.000000	38	1.0000	0	0		
rank	floor	(set)	match-compliance	whole-subject	separate artifact	pcrec_1989c62_vm-in-caps-simdna	measured	pinned	2	median_ns	230.187893	38	1.0000	0	0		
rank	floor	(set)	match-compliance	whole-subject	separate artifact	pcrec_1989c62_vm-in-caps-simdna	measured	pinned	2	min_ns	230.140750	38	1.0000	0	0		
rank	floor	(set)	match-compliance	whole-subject	separate artifact	pcrec_1989c62_vm-in-caps-simdna	measured	pinned	2	max_ns	230.876429	38	1.0000	0	0		
rank	floor	(set)	match-compliance	whole-subject	separate artifact	pcrec_1989c62_vm-in-caps-simdna	measured	pinned	2	stddev_ns	0.280118	38	1.0000	0	0		
rank	floor	(set)	match-compliance	whole-subject	separate artifact	pcrec_1989c62_vm-in-caps-simdna	measured	pinned	2	ratio_vs_baseline	0.099485	38	1.0000	0	0		
rank	floor	(set)	match-compliance	whole-subject	separate artifact	pcrec_1989c62_vm-in-caps-simdna	measured	pinned	2	ratio_vs_best	1.132345	38	1.0000	0	0		
rank	floor	(set)	match-compliance	whole-subject	separate artifact	pcrec_1989c62_auto-nocaps-simdna	measured	pinned	3	median_ns	394.233520	38	1.0000	0	0		
rank	floor	(set)	match-compliance	whole-subject	separate artifact	pcrec_1989c62_auto-nocaps-simdna	measured	pinned	3	min_ns	392.854001	38	1.0000	0	0		
rank	floor	(set)	match-compliance	whole-subject	separate artifact	pcrec_1989c62_auto-nocaps-simdna	measured	pinned	3	max_ns	398.593568	38	1.0000	0	0		
rank	floor	(set)	match-compliance	whole-subject	separate artifact	pcrec_1989c62_auto-nocaps-simdna	measured	pinned	3	stddev_ns	1.970316	38	1.0000	0	0		
rank	floor	(set)	match-compliance	whole-subject	separate artifact	pcrec_1989c62_auto-nocaps-simdna	measured	pinned	3	ratio_vs_baseline	0.170383	38	1.0000	0	0		
rank	floor	(set)	match-compliance	whole-subject	separate artifact	pcrec_1989c62_auto-nocaps-simdna	measured	pinned	3	ratio_vs_best	1.939322	38	1.0000	0	0		
rank	floor	(set)	match-compliance	whole-subject	separate artifact	pcrec_1989c62_auto-caps-simdna	measured	pinned	4	median_ns	395.520938	38	1.0000	0	0		
rank	floor	(set)	match-compliance	whole-subject	separate artifact	pcrec_1989c62_auto-caps-simdna	measured	pinned	4	min_ns	391.847281	38	1.0000	0	0		
rank	floor	(set)	match-compliance	whole-subject	separate artifact	pcrec_1989c62_auto-caps-simdna	measured	pinned	4	max_ns	401.811061	38	1.0000	0	0		
rank	floor	(set)	match-compliance	whole-subject	separate artifact	pcrec_1989c62_auto-caps-simdna	measured	pinned	4	stddev_ns	3.996562	38	1.0000	0	0		
rank	floor	(set)	match-compliance	whole-subject	separate artifact	pcrec_1989c62_auto-caps-simdna	measured	pinned	4	ratio_vs_baseline	0.170940	38	1.0000	0	0		
rank	floor	(set)	match-compliance	whole-subject	separate artifact	pcrec_1989c62_auto-caps-simdna	measured	pinned	4	ratio_vs_best	1.945656	38	1.0000	0	0		
rank	floor	(set)	match-compliance	plain	same program	libpcre2_10.46_jit-caps-simdna	measured	pinned	5	median_ns	2313.309609	38	1.0000	0	0		
rank	floor	(set)	match-compliance	plain	same program	libpcre2_10.46_jit-caps-simdna	measured	pinned	5	min_ns	2288.714686	38	1.0000	0	0		
rank	floor	(set)	match-compliance	plain	same program	libpcre2_10.46_jit-caps-simdna	measured	pinned	5	max_ns	2324.457592	38	1.0000	0	0		
rank	floor	(set)	match-compliance	plain	same program	libpcre2_10.46_jit-caps-simdna	measured	pinned	5	stddev_ns	12.913343	38	1.0000	0	0		
rank	floor	(set)	match-compliance	plain	same program	libpcre2_10.46_jit-caps-simdna	measured	pinned	5	ratio_vs_baseline	0.999787	38	1.0000	0	0		
rank	floor	(set)	match-compliance	plain	same program	libpcre2_10.46_jit-caps-simdna	measured	pinned	5	ratio_vs_best	11.379685	38	1.0000	0	0		
rank	floor	(set)	match-compliance	plain	same program	libpcre2_10.46_interp-caps-simdna	measured	pinned	6	median_ns	2313.801466	38	1.0000	0	0		
rank	floor	(set)	match-compliance	plain	same program	libpcre2_10.46_interp-caps-simdna	measured	pinned	6	min_ns	2308.041314	38	1.0000	0	0		
rank	floor	(set)	match-compliance	plain	same program	libpcre2_10.46_interp-caps-simdna	measured	pinned	6	max_ns	2352.704752	38	1.0000	0	0		
rank	floor	(set)	match-compliance	plain	same program	libpcre2_10.46_interp-caps-simdna	measured	pinned	6	stddev_ns	16.433815	38	1.0000	0	0		
rank	floor	(set)	match-compliance	plain	same program	libpcre2_10.46_interp-caps-simdna	measured	pinned	6	ratio_vs_baseline	1.000000	38	1.0000	0	0		
rank	floor	(set)	match-compliance	plain	same program	libpcre2_10.46_interp-caps-simdna	measured	pinned	6	ratio_vs_best	11.382104	38	1.0000	0	0		
rank	floor	(set)	short-subject-search	plain	same program	pcrec_1989c62_vm-caps-simdna	measured	pinned	1	median_ns	413.947140	38	1.0000	0	0		
rank	floor	(set)	short-subject-search	plain	same program	pcrec_1989c62_vm-caps-simdna	measured	pinned	1	min_ns	413.053657	38	1.0000	0	0		
rank	floor	(set)	short-subject-search	plain	same program	pcrec_1989c62_vm-caps-simdna	measured	pinned	1	max_ns	414.729556	38	1.0000	0	0		
rank	floor	(set)	short-subject-search	plain	same program	pcrec_1989c62_vm-caps-simdna	measured	pinned	1	stddev_ns	0.702543	38	1.0000	0	0		
rank	floor	(set)	short-subject-search	plain	same program	pcrec_1989c62_vm-caps-simdna	measured	pinned	1	ratio_vs_baseline	0.155544	38	1.0000	0	0		
rank	floor	(set)	short-subject-search	plain	same program	pcrec_1989c62_vm-caps-simdna	measured	pinned	1	ratio_vs_best	1.000000	38	1.0000	0	0		
rank	floor	(set)	short-subject-search	plain	same program	pcrec_1989c62_vm-in-caps-simdna	measured	pinned	2	median_ns	457.255588	38	1.0000	0	0		
rank	floor	(set)	short-subject-search	plain	same program	pcrec_1989c62_vm-in-caps-simdna	measured	pinned	2	min_ns	456.754972	38	1.0000	0	0		
rank	floor	(set)	short-subject-search	plain	same program	pcrec_1989c62_vm-in-caps-simdna	measured	pinned	2	max_ns	460.446839	38	1.0000	0	0		
rank	floor	(set)	short-subject-search	plain	same program	pcrec_1989c62_vm-in-caps-simdna	measured	pinned	2	stddev_ns	1.322164	38	1.0000	0	0		
rank	floor	(set)	short-subject-search	plain	same program	pcrec_1989c62_vm-in-caps-simdna	measured	pinned	2	ratio_vs_baseline	0.171818	38	1.0000	0	0		
rank	floor	(set)	short-subject-search	plain	same program	pcrec_1989c62_vm-in-caps-simdna	measured	pinned	2	ratio_vs_best	1.104623	38	1.0000	0	0		
rank	floor	(set)	short-subject-search	plain	same program	pcrec_1989c62_auto-nocaps-simdna	measured	pinned	3	median_ns	517.578644	38	1.0000	0	0		
rank	floor	(set)	short-subject-search	plain	same program	pcrec_1989c62_auto-nocaps-simdna	measured	pinned	3	min_ns	516.602399	38	1.0000	0	0		
rank	floor	(set)	short-subject-search	plain	same program	pcrec_1989c62_auto-nocaps-simdna	measured	pinned	3	max_ns	522.166481	38	1.0000	0	0		
rank	floor	(set)	short-subject-search	plain	same program	pcrec_1989c62_auto-nocaps-simdna	measured	pinned	3	stddev_ns	2.138864	38	1.0000	0	0		
rank	floor	(set)	short-subject-search	plain	same program	pcrec_1989c62_auto-nocaps-simdna	measured	pinned	3	ratio_vs_baseline	0.194485	38	1.0000	0	0		
rank	floor	(set)	short-subject-search	plain	same program	pcrec_1989c62_auto-nocaps-simdna	measured	pinned	3	ratio_vs_best	1.250350	38	1.0000	0	0		
rank	floor	(set)	short-subject-search	plain	same program	pcrec_1989c62_auto-caps-simdna	measured	pinned	4	median_ns	518.167032	38	1.0000	0	0		
rank	floor	(set)	short-subject-search	plain	same program	pcrec_1989c62_auto-caps-simdna	measured	pinned	4	min_ns	517.412892	38	1.0000	0	0		
rank	floor	(set)	short-subject-search	plain	same program	pcrec_1989c62_auto-caps-simdna	measured	pinned	4	max_ns	520.007756	38	1.0000	0	0		
rank	floor	(set)	short-subject-search	plain	same program	pcrec_1989c62_auto-caps-simdna	measured	pinned	4	stddev_ns	0.894912	38	1.0000	0	0		
rank	floor	(set)	short-subject-search	plain	same program	pcrec_1989c62_auto-caps-simdna	measured	pinned	4	ratio_vs_baseline	0.194706	38	1.0000	0	0		
rank	floor	(set)	short-subject-search	plain	same program	pcrec_1989c62_auto-caps-simdna	measured	pinned	4	ratio_vs_best	1.251771	38	1.0000	0	0		
rank	floor	(set)	short-subject-search	plain	same program	libpcre2_10.46_jit-caps-simdna	measured	pinned	5	median_ns	1553.452159	38	1.0000	0	0		
rank	floor	(set)	short-subject-search	plain	same program	libpcre2_10.46_jit-caps-simdna	measured	pinned	5	min_ns	1531.989991	38	1.0000	0	0		
rank	floor	(set)	short-subject-search	plain	same program	libpcre2_10.46_jit-caps-simdna	measured	pinned	5	max_ns	1561.669187	38	1.0000	0	0		
rank	floor	(set)	short-subject-search	plain	same program	libpcre2_10.46_jit-caps-simdna	measured	pinned	5	stddev_ns	10.747682	38	1.0000	0	0		
rank	floor	(set)	short-subject-search	plain	same program	libpcre2_10.46_jit-caps-simdna	measured	pinned	5	ratio_vs_baseline	0.583723	38	1.0000	0	0		
rank	floor	(set)	short-subject-search	plain	same program	libpcre2_10.46_jit-caps-simdna	measured	pinned	5	ratio_vs_best	3.752779	38	1.0000	0	0		
rank	floor	(set)	short-subject-search	plain	same program	libpcre2_10.46_interp-caps-simdna	measured	pinned	6	median_ns	2661.284713	38	1.0000	0	0		
rank	floor	(set)	short-subject-search	plain	same program	libpcre2_10.46_interp-caps-simdna	measured	pinned	6	min_ns	2613.374681	38	1.0000	0	0		
rank	floor	(set)	short-subject-search	plain	same program	libpcre2_10.46_interp-caps-simdna	measured	pinned	6	max_ns	2677.314863	38	1.0000	0	0		
rank	floor	(set)	short-subject-search	plain	same program	libpcre2_10.46_interp-caps-simdna	measured	pinned	6	stddev_ns	23.478738	38	1.0000	0	0		
rank	floor	(set)	short-subject-search	plain	same program	libpcre2_10.46_interp-caps-simdna	measured	pinned	6	ratio_vs_baseline	1.000000	38	1.0000	0	0		
rank	floor	(set)	short-subject-search	plain	same program	libpcre2_10.46_interp-caps-simdna	measured	pinned	6	ratio_vs_best	6.429045	38	1.0000	0	0		
rank	nar4-512	(set)	large-subject-throughput	plain	same program	libpcre2_10.46_jit-caps-simdna	measured	pinned	1	median_ns	92409724.500000	4	1.0000	0	0		
rank	nar4-512	(set)	large-subject-throughput	plain	same program	libpcre2_10.46_jit-caps-simdna	measured	pinned	1	min_ns	91978114.500000	4	1.0000	0	0		
rank	nar4-512	(set)	large-subject-throughput	plain	same program	libpcre2_10.46_jit-caps-simdna	measured	pinned	1	max_ns	124732988.500000	4	1.0000	0	0		
rank	nar4-512	(set)	large-subject-throughput	plain	same program	libpcre2_10.46_jit-caps-simdna	measured	pinned	1	stddev_ns	12972328.262797	4	1.0000	0	0		
rank	nar4-512	(set)	large-subject-throughput	plain	same program	libpcre2_10.46_jit-caps-simdna	measured	pinned	1	ratio_vs_baseline	0.100314	4	1.0000	0	0		
rank	nar4-512	(set)	large-subject-throughput	plain	same program	libpcre2_10.46_jit-caps-simdna	measured	pinned	1	ratio_vs_best	1.000000	4	1.0000	0	0		
rank	nar4-512	(set)	large-subject-throughput	plain	same program	libpcre2_10.46_interp-caps-simdna	measured	pinned	2	median_ns	921202639.000000	4	1.0000	0	0		
rank	nar4-512	(set)	large-subject-throughput	plain	same program	libpcre2_10.46_interp-caps-simdna	measured	pinned	2	min_ns	913447763.000000	4	1.0000	0	0		
rank	nar4-512	(set)	large-subject-throughput	plain	same program	libpcre2_10.46_interp-caps-simdna	measured	pinned	2	max_ns	925440794.000000	4	1.0000	0	0		
rank	nar4-512	(set)	large-subject-throughput	plain	same program	libpcre2_10.46_interp-caps-simdna	measured	pinned	2	stddev_ns	3913336.658691	4	1.0000	0	0		
rank	nar4-512	(set)	large-subject-throughput	plain	same program	libpcre2_10.46_interp-caps-simdna	measured	pinned	2	ratio_vs_baseline	1.000000	4	1.0000	0	0		
rank	nar4-512	(set)	large-subject-throughput	plain	same program	libpcre2_10.46_interp-caps-simdna	measured	pinned	2	ratio_vs_best	9.968676	4	1.0000	0	0		
did_not_compile	nar4-512	(set)	large-subject-throughput			pcrec_1989c62_auto-caps-simdna	did-not-compile									pcrec: pattern too large: 1607791 bytes of emitted C source (limit 1000000, ~266 KB .o). Lower a repeat count, try --unroll=1, or raise --max-emit-bytes; see limits.md "Handling an oversized artifact" (pattern offset 0)	
did_not_compile	nar4-512	(set)	large-subject-throughput			pcrec_1989c62_auto-nocaps-simdna	did-not-compile									pcrec: pattern too large: 1607791 bytes of emitted C source (limit 1000000, ~266 KB .o). Lower a repeat count, try --unroll=1, or raise --max-emit-bytes; see limits.md "Handling an oversized artifact" (pattern offset 0)	
did_not_compile	nar4-512	(set)	large-subject-throughput			pcrec_1989c62_vm-caps-simdna	did-not-compile									pcrec: pattern too large: 700057 bytes of emitted code (limit 500000), which gcc cannot compile in reasonable time. A repeat's body is replicated and counts MULTIPLY through nesting -- lower a count, try --unroll=1, or raise --max-emit-code-bytes (pattern offset 0)	
did_not_compile	nar4-512	(set)	large-subject-throughput			pcrec_1989c62_vm-in-caps-simdna	did-not-compile									pcrec: pattern too large: 700057 bytes of emitted code (limit 500000), which gcc cannot compile in reasonable time. A repeat's body is replicated and counts MULTIPLY through nesting -- lower a count, try --unroll=1, or raise --max-emit-code-bytes (pattern offset 0)	
rank	nar4-512	(set)	match-compliance	plain	same program	libpcre2_10.46_interp-caps-simdna	measured	pinned	1	median_ns	2345.015822	38	1.0000	0	0		
rank	nar4-512	(set)	match-compliance	plain	same program	libpcre2_10.46_interp-caps-simdna	measured	pinned	1	min_ns	2339.650430	38	1.0000	0	0		
rank	nar4-512	(set)	match-compliance	plain	same program	libpcre2_10.46_interp-caps-simdna	measured	pinned	1	max_ns	2347.504877	38	1.0000	0	0		
rank	nar4-512	(set)	match-compliance	plain	same program	libpcre2_10.46_interp-caps-simdna	measured	pinned	1	stddev_ns	2.954775	38	1.0000	0	0		
rank	nar4-512	(set)	match-compliance	plain	same program	libpcre2_10.46_interp-caps-simdna	measured	pinned	1	ratio_vs_baseline	1.000000	38	1.0000	0	0		
rank	nar4-512	(set)	match-compliance	plain	same program	libpcre2_10.46_interp-caps-simdna	measured	pinned	1	ratio_vs_best	1.000000	38	1.0000	0	0		
rank	nar4-512	(set)	match-compliance	plain	same program	libpcre2_10.46_jit-caps-simdna	measured	pinned	2	median_ns	2356.455264	38	1.0000	0	0		
rank	nar4-512	(set)	match-compliance	plain	same program	libpcre2_10.46_jit-caps-simdna	measured	pinned	2	min_ns	2354.737533	38	1.0000	0	0		
rank	nar4-512	(set)	match-compliance	plain	same program	libpcre2_10.46_jit-caps-simdna	measured	pinned	2	max_ns	2396.904723	38	1.0000	0	0		
rank	nar4-512	(set)	match-compliance	plain	same program	libpcre2_10.46_jit-caps-simdna	measured	pinned	2	stddev_ns	16.098562	38	1.0000	0	0		
rank	nar4-512	(set)	match-compliance	plain	same program	libpcre2_10.46_jit-caps-simdna	measured	pinned	2	ratio_vs_baseline	1.004878	38	1.0000	0	0		
rank	nar4-512	(set)	match-compliance	plain	same program	libpcre2_10.46_jit-caps-simdna	measured	pinned	2	ratio_vs_best	1.004878	38	1.0000	0	0		
did_not_compile	nar4-512	(set)	match-compliance			pcrec_1989c62_auto-caps-simdna	did-not-compile									pcrec: pattern too large: 1607791 bytes of emitted C source (limit 1000000, ~266 KB .o). Lower a repeat count, try --unroll=1, or raise --max-emit-bytes; see limits.md "Handling an oversized artifact" (pattern offset 0)	
did_not_compile	nar4-512	(set)	match-compliance			pcrec_1989c62_auto-nocaps-simdna	did-not-compile									pcrec: pattern too large: 1607791 bytes of emitted C source (limit 1000000, ~266 KB .o). Lower a repeat count, try --unroll=1, or raise --max-emit-bytes; see limits.md "Handling an oversized artifact" (pattern offset 0)	
did_not_compile	nar4-512	(set)	match-compliance			pcrec_1989c62_vm-caps-simdna	did-not-compile									pcrec: pattern too large: 700057 bytes of emitted code (limit 500000), which gcc cannot compile in reasonable time. A repeat's body is replicated and counts MULTIPLY through nesting -- lower a count, try --unroll=1, or raise --max-emit-code-bytes (pattern offset 0)	
did_not_compile	nar4-512	(set)	match-compliance			pcrec_1989c62_vm-in-caps-simdna	did-not-compile									pcrec: pattern too large: 700057 bytes of emitted code (limit 500000), which gcc cannot compile in reasonable time. A repeat's body is replicated and counts MULTIPLY through nesting -- lower a count, try --unroll=1, or raise --max-emit-code-bytes (pattern offset 0)	
rank	nar4-512	(set)	short-subject-search	plain	same program	libpcre2_10.46_jit-caps-simdna	measured	pinned	1	median_ns	422646.132909	38	1.0000	0	0		
rank	nar4-512	(set)	short-subject-search	plain	same program	libpcre2_10.46_jit-caps-simdna	measured	pinned	1	min_ns	420694.958523	38	1.0000	0	0		
rank	nar4-512	(set)	short-subject-search	plain	same program	libpcre2_10.46_jit-caps-simdna	measured	pinned	1	max_ns	422930.224947	38	1.0000	0	0		
rank	nar4-512	(set)	short-subject-search	plain	same program	libpcre2_10.46_jit-caps-simdna	measured	pinned	1	stddev_ns	865.729224	38	1.0000	0	0		
rank	nar4-512	(set)	short-subject-search	plain	same program	libpcre2_10.46_jit-caps-simdna	measured	pinned	1	ratio_vs_baseline	0.101017	38	1.0000	0	0		
rank	nar4-512	(set)	short-subject-search	plain	same program	libpcre2_10.46_jit-caps-simdna	measured	pinned	1	ratio_vs_best	1.000000	38	1.0000	0	0		
rank	nar4-512	(set)	short-subject-search	plain	same program	libpcre2_10.46_interp-caps-simdna	measured	pinned	2	median_ns	4183895.053731	38	1.0000	0	0		
rank	nar4-512	(set)	short-subject-search	plain	same program	libpcre2_10.46_interp-caps-simdna	measured	pinned	2	min_ns	4167214.047761	38	1.0000	0	0		
rank	nar4-512	(set)	short-subject-search	plain	same program	libpcre2_10.46_interp-caps-simdna	measured	pinned	2	max_ns	4193282.477612	38	1.0000	0	0		
rank	nar4-512	(set)	short-subject-search	plain	same program	libpcre2_10.46_interp-caps-simdna	measured	pinned	2	stddev_ns	9483.921932	38	1.0000	0	0		
rank	nar4-512	(set)	short-subject-search	plain	same program	libpcre2_10.46_interp-caps-simdna	measured	pinned	2	ratio_vs_baseline	1.000000	38	1.0000	0	0		
rank	nar4-512	(set)	short-subject-search	plain	same program	libpcre2_10.46_interp-caps-simdna	measured	pinned	2	ratio_vs_best	9.899286	38	1.0000	0	0		
did_not_compile	nar4-512	(set)	short-subject-search			pcrec_1989c62_auto-caps-simdna	did-not-compile									pcrec: pattern too large: 1607791 bytes of emitted C source (limit 1000000, ~266 KB .o). Lower a repeat count, try --unroll=1, or raise --max-emit-bytes; see limits.md "Handling an oversized artifact" (pattern offset 0)	
did_not_compile	nar4-512	(set)	short-subject-search			pcrec_1989c62_auto-nocaps-simdna	did-not-compile									pcrec: pattern too large: 1607791 bytes of emitted C source (limit 1000000, ~266 KB .o). Lower a repeat count, try --unroll=1, or raise --max-emit-bytes; see limits.md "Handling an oversized artifact" (pattern offset 0)	
did_not_compile	nar4-512	(set)	short-subject-search			pcrec_1989c62_vm-caps-simdna	did-not-compile									pcrec: pattern too large: 700057 bytes of emitted code (limit 500000), which gcc cannot compile in reasonable time. A repeat's body is replicated and counts MULTIPLY through nesting -- lower a count, try --unroll=1, or raise --max-emit-code-bytes (pattern offset 0)	
did_not_compile	nar4-512	(set)	short-subject-search			pcrec_1989c62_vm-in-caps-simdna	did-not-compile									pcrec: pattern too large: 700057 bytes of emitted code (limit 500000), which gcc cannot compile in reasonable time. A repeat's body is replicated and counts MULTIPLY through nesting -- lower a count, try --unroll=1, or raise --max-emit-code-bytes (pattern offset 0)	
rank	nar4-64	(set)	large-subject-throughput	plain	same program	pcrec_1989c62_auto-nocaps-simdna	measured	pinned	1	median_ns	1862350.226744	4	1.0000	0	0		
rank	nar4-64	(set)	large-subject-throughput	plain	same program	pcrec_1989c62_auto-nocaps-simdna	measured	pinned	1	min_ns	1856061.994186	4	1.0000	0	0		
rank	nar4-64	(set)	large-subject-throughput	plain	same program	pcrec_1989c62_auto-nocaps-simdna	measured	pinned	1	max_ns	1874014.482558	4	1.0000	0	0		
rank	nar4-64	(set)	large-subject-throughput	plain	same program	pcrec_1989c62_auto-nocaps-simdna	measured	pinned	1	stddev_ns	6266.528392	4	1.0000	0	0		
rank	nar4-64	(set)	large-subject-throughput	plain	same program	pcrec_1989c62_auto-nocaps-simdna	measured	pinned	1	ratio_vs_baseline	0.015218	4	1.0000	0	0		
rank	nar4-64	(set)	large-subject-throughput	plain	same program	pcrec_1989c62_auto-nocaps-simdna	measured	pinned	1	ratio_vs_best	1.000000	4	1.0000	0	0		
rank	nar4-64	(set)	large-subject-throughput	plain	same program	pcrec_1989c62_auto-caps-simdna	measured	pinned	2	median_ns	1866060.598802	4	1.0000	0	0		
rank	nar4-64	(set)	large-subject-throughput	plain	same program	pcrec_1989c62_auto-caps-simdna	measured	pinned	2	min_ns	1852653.449102	4	1.0000	0	0		
rank	nar4-64	(set)	large-subject-throughput	plain	same program	pcrec_1989c62_auto-caps-simdna	measured	pinned	2	max_ns	1878399.413174	4	1.0000	0	0		
rank	nar4-64	(set)	large-subject-throughput	plain	same program	pcrec_1989c62_auto-caps-simdna	measured	pinned	2	stddev_ns	8491.063929	4	1.0000	0	0		
rank	nar4-64	(set)	large-subject-throughput	plain	same program	pcrec_1989c62_auto-caps-simdna	measured	pinned	2	ratio_vs_baseline	0.015248	4	1.0000	0	0		
rank	nar4-64	(set)	large-subject-throughput	plain	same program	pcrec_1989c62_auto-caps-simdna	measured	pinned	2	ratio_vs_best	1.001992	4	1.0000	0	0		
rank	nar4-64	(set)	large-subject-throughput	plain	same program	libpcre2_10.46_jit-caps-simdna	measured	pinned	3	median_ns	7608476.111111	4	1.0000	0	0		
rank	nar4-64	(set)	large-subject-throughput	plain	same program	libpcre2_10.46_jit-caps-simdna	measured	pinned	3	min_ns	7146119.111111	4	1.0000	0	0		
rank	nar4-64	(set)	large-subject-throughput	plain	same program	libpcre2_10.46_jit-caps-simdna	measured	pinned	3	max_ns	7751058.288889	4	1.0000	0	0		
rank	nar4-64	(set)	large-subject-throughput	plain	same program	libpcre2_10.46_jit-caps-simdna	measured	pinned	3	stddev_ns	208526.814505	4	1.0000	0	0		
rank	nar4-64	(set)	large-subject-throughput	plain	same program	libpcre2_10.46_jit-caps-simdna	measured	pinned	3	ratio_vs_baseline	0.062173	4	1.0000	0	0		
rank	nar4-64	(set)	large-subject-throughput	plain	same program	libpcre2_10.46_jit-caps-simdna	measured	pinned	3	ratio_vs_best	4.085416	4	1.0000	0	0		
rank	nar4-64	(set)	large-subject-throughput	plain	same program	libpcre2_10.46_interp-caps-simdna	measured	pinned	4	median_ns	122376804.333333	4	1.0000	0	0		
rank	nar4-64	(set)	large-subject-throughput	plain	same program	libpcre2_10.46_interp-caps-simdna	measured	pinned	4	min_ns	120983369.666667	4	1.0000	0	0		
rank	nar4-64	(set)	large-subject-throughput	plain	same program	libpcre2_10.46_interp-caps-simdna	measured	pinned	4	max_ns	122809130.666667	4	1.0000	0	0		
rank	nar4-64	(set)	large-subject-throughput	plain	same program	libpcre2_10.46_interp-caps-simdna	measured	pinned	4	stddev_ns	624223.547291	4	1.0000	0	0		
rank	nar4-64	(set)	large-subject-throughput	plain	same program	libpcre2_10.46_interp-caps-simdna	measured	pinned	4	ratio_vs_baseline	1.000000	4	1.0000	0	0		
rank	nar4-64	(set)	large-subject-throughput	plain	same program	libpcre2_10.46_interp-caps-simdna	measured	pinned	4	ratio_vs_best	65.710951	4	1.0000	0	0		
rank	nar4-64	(set)	large-subject-throughput	plain	same program	pcrec_1989c62_vm-in-caps-simdna	measured	pinned	5	median_ns	151734569.333333	4	1.0000	0	0		
rank	nar4-64	(set)	large-subject-throughput	plain	same program	pcrec_1989c62_vm-in-caps-simdna	measured	pinned	5	min_ns	151540215.000000	4	1.0000	0	0		
rank	nar4-64	(set)	large-subject-throughput	plain	same program	pcrec_1989c62_vm-in-caps-simdna	measured	pinned	5	max_ns	151752692.666667	4	1.0000	0	0		
rank	nar4-64	(set)	large-subject-throughput	plain	same program	pcrec_1989c62_vm-in-caps-simdna	measured	pinned	5	stddev_ns	79475.717184	4	1.0000	0	0		
rank	nar4-64	(set)	large-subject-throughput	plain	same program	pcrec_1989c62_vm-in-caps-simdna	measured	pinned	5	ratio_vs_baseline	1.239896	4	1.0000	0	0		
rank	nar4-64	(set)	large-subject-throughput	plain	same program	pcrec_1989c62_vm-in-caps-simdna	measured	pinned	5	ratio_vs_best	81.474777	4	1.0000	0	0		
rank	nar4-64	(set)	large-subject-throughput	plain	same program	pcrec_1989c62_vm-caps-simdna	measured	pinned	6	median_ns	152764158.333333	4	1.0000	0	0		
rank	nar4-64	(set)	large-subject-throughput	plain	same program	pcrec_1989c62_vm-caps-simdna	measured	pinned	6	min_ns	151671209.000000	4	1.0000	0	0		
rank	nar4-64	(set)	large-subject-throughput	plain	same program	pcrec_1989c62_vm-caps-simdna	measured	pinned	6	max_ns	179814487.666667	4	1.0000	0	0		
rank	nar4-64	(set)	large-subject-throughput	plain	same program	pcrec_1989c62_vm-caps-simdna	measured	pinned	6	stddev_ns	10846635.839211	4	1.0000	0	0		
rank	nar4-64	(set)	large-subject-throughput	plain	same program	pcrec_1989c62_vm-caps-simdna	measured	pinned	6	ratio_vs_baseline	1.248310	4	1.0000	0	0		
rank	nar4-64	(set)	large-subject-throughput	plain	same program	pcrec_1989c62_vm-caps-simdna	measured	pinned	6	ratio_vs_best	82.027621	4	1.0000	0	0		
rank	nar4-64	(set)	match-compliance	whole-subject	separate artifact	pcrec_1989c62_auto-nocaps-simdna	measured	pinned	1	median_ns	568.207239	38	1.0000	0	0		
rank	nar4-64	(set)	match-compliance	whole-subject	separate artifact	pcrec_1989c62_auto-nocaps-simdna	measured	pinned	1	min_ns	566.999165	38	1.0000	0	0		
rank	nar4-64	(set)	match-compliance	whole-subject	separate artifact	pcrec_1989c62_auto-nocaps-simdna	measured	pinned	1	max_ns	568.358654	38	1.0000	0	0		
rank	nar4-64	(set)	match-compliance	whole-subject	separate artifact	pcrec_1989c62_auto-nocaps-simdna	measured	pinned	1	stddev_ns	0.600871	38	1.0000	0	0		
rank	nar4-64	(set)	match-compliance	whole-subject	separate artifact	pcrec_1989c62_auto-nocaps-simdna	measured	pinned	1	ratio_vs_baseline	0.406912	38	1.0000	0	0		
rank	nar4-64	(set)	match-compliance	whole-subject	separate artifact	pcrec_1989c62_auto-nocaps-simdna	measured	pinned	1	ratio_vs_best	1.000000	38	1.0000	0	0		
rank	nar4-64	(set)	match-compliance	whole-subject	separate artifact	pcrec_1989c62_auto-caps-simdna	measured	pinned	2	median_ns	568.597131	38	1.0000	0	0		
rank	nar4-64	(set)	match-compliance	whole-subject	separate artifact	pcrec_1989c62_auto-caps-simdna	measured	pinned	2	min_ns	567.214462	38	1.0000	0	0		
rank	nar4-64	(set)	match-compliance	whole-subject	separate artifact	pcrec_1989c62_auto-caps-simdna	measured	pinned	2	max_ns	568.811771	38	1.0000	0	0		
rank	nar4-64	(set)	match-compliance	whole-subject	separate artifact	pcrec_1989c62_auto-caps-simdna	measured	pinned	2	stddev_ns	0.675124	38	1.0000	0	0		
rank	nar4-64	(set)	match-compliance	whole-subject	separate artifact	pcrec_1989c62_auto-caps-simdna	measured	pinned	2	ratio_vs_baseline	0.407191	38	1.0000	0	0		
rank	nar4-64	(set)	match-compliance	whole-subject	separate artifact	pcrec_1989c62_auto-caps-simdna	measured	pinned	2	ratio_vs_best	1.000686	38	1.0000	0	0		
rank	nar4-64	(set)	match-compliance	plain	same program	libpcre2_10.46_interp-caps-simdna	measured	pinned	3	median_ns	1396.388639	38	1.0000	0	0		
rank	nar4-64	(set)	match-compliance	plain	same program	libpcre2_10.46_interp-caps-simdna	measured	pinned	3	min_ns	1393.312283	38	1.0000	0	0		
rank	nar4-64	(set)	match-compliance	plain	same program	libpcre2_10.46_interp-caps-simdna	measured	pinned	3	max_ns	1402.558851	38	1.0000	0	0		
rank	nar4-64	(set)	match-compliance	plain	same program	libpcre2_10.46_interp-caps-simdna	measured	pinned	3	stddev_ns	3.252893	38	1.0000	0	0		
rank	nar4-64	(set)	match-compliance	plain	same program	libpcre2_10.46_interp-caps-simdna	measured	pinned	3	ratio_vs_baseline	1.000000	38	1.0000	0	0		
rank	nar4-64	(set)	match-compliance	plain	same program	libpcre2_10.46_interp-caps-simdna	measured	pinned	3	ratio_vs_best	2.457534	38	1.0000	0	0		
rank	nar4-64	(set)	match-compliance	plain	same program	libpcre2_10.46_jit-caps-simdna	measured	pinned	4	median_ns	1406.410332	38	1.0000	0	0		
rank	nar4-64	(set)	match-compliance	plain	same program	libpcre2_10.46_jit-caps-simdna	measured	pinned	4	min_ns	1402.375445	38	1.0000	0	0		
rank	nar4-64	(set)	match-compliance	plain	same program	libpcre2_10.46_jit-caps-simdna	measured	pinned	4	max_ns	1442.452451	38	1.0000	0	0		
rank	nar4-64	(set)	match-compliance	plain	same program	libpcre2_10.46_jit-caps-simdna	measured	pinned	4	stddev_ns	14.914607	38	1.0000	0	0		
rank	nar4-64	(set)	match-compliance	plain	same program	libpcre2_10.46_jit-caps-simdna	measured	pinned	4	ratio_vs_baseline	1.007177	38	1.0000	0	0		
rank	nar4-64	(set)	match-compliance	plain	same program	libpcre2_10.46_jit-caps-simdna	measured	pinned	4	ratio_vs_best	2.475171	38	1.0000	0	0		
rank	nar4-64	(set)	match-compliance	whole-subject	separate artifact	pcrec_1989c62_vm-in-caps-simdna	measured	pinned	5	median_ns	6883.186445	38	1.0000	0	0		
rank	nar4-64	(set)	match-compliance	whole-subject	separate artifact	pcrec_1989c62_vm-in-caps-simdna	measured	pinned	5	min_ns	6817.295611	38	1.0000	0	0		
rank	nar4-64	(set)	match-compliance	whole-subject	separate artifact	pcrec_1989c62_vm-in-caps-simdna	measured	pinned	5	max_ns	6891.542267	38	1.0000	0	0		
rank	nar4-64	(set)	match-compliance	whole-subject	separate artifact	pcrec_1989c62_vm-in-caps-simdna	measured	pinned	5	stddev_ns	27.189454	38	1.0000	0	0		
rank	nar4-64	(set)	match-compliance	whole-subject	separate artifact	pcrec_1989c62_vm-in-caps-simdna	measured	pinned	5	ratio_vs_baseline	4.929277	38	1.0000	0	0		
rank	nar4-64	(set)	match-compliance	whole-subject	separate artifact	pcrec_1989c62_vm-in-caps-simdna	measured	pinned	5	ratio_vs_best	12.113866	38	1.0000	0	0		
rank	nar4-64	(set)	match-compliance	whole-subject	separate artifact	pcrec_1989c62_vm-caps-simdna	measured	pinned	6	median_ns	6896.861772	38	1.0000	0	0		
rank	nar4-64	(set)	match-compliance	whole-subject	separate artifact	pcrec_1989c62_vm-caps-simdna	measured	pinned	6	min_ns	6857.578415	38	1.0000	0	0		
rank	nar4-64	(set)	match-compliance	whole-subject	separate artifact	pcrec_1989c62_vm-caps-simdna	measured	pinned	6	max_ns	7021.456376	38	1.0000	0	0		
rank	nar4-64	(set)	match-compliance	whole-subject	separate artifact	pcrec_1989c62_vm-caps-simdna	measured	pinned	6	stddev_ns	56.547169	38	1.0000	0	0		
rank	nar4-64	(set)	match-compliance	whole-subject	separate artifact	pcrec_1989c62_vm-caps-simdna	measured	pinned	6	ratio_vs_baseline	4.939070	38	1.0000	0	0		
rank	nar4-64	(set)	match-compliance	whole-subject	separate artifact	pcrec_1989c62_vm-caps-simdna	measured	pinned	6	ratio_vs_best	12.137934	38	1.0000	0	0		
rank	nar4-64	(set)	short-subject-search	plain	same program	pcrec_1989c62_auto-nocaps-simdna	measured	pinned	1	median_ns	4381.517734	38	1.0000	0	0		
rank	nar4-64	(set)	short-subject-search	plain	same program	pcrec_1989c62_auto-nocaps-simdna	measured	pinned	1	min_ns	4372.544682	38	1.0000	0	0		
rank	nar4-64	(set)	short-subject-search	plain	same program	pcrec_1989c62_auto-nocaps-simdna	measured	pinned	1	max_ns	4394.102090	38	1.0000	0	0		
rank	nar4-64	(set)	short-subject-search	plain	same program	pcrec_1989c62_auto-nocaps-simdna	measured	pinned	1	stddev_ns	7.537168	38	1.0000	0	0		
rank	nar4-64	(set)	short-subject-search	plain	same program	pcrec_1989c62_auto-nocaps-simdna	measured	pinned	1	ratio_vs_baseline	0.008014	38	1.0000	0	0		
rank	nar4-64	(set)	short-subject-search	plain	same program	pcrec_1989c62_auto-nocaps-simdna	measured	pinned	1	ratio_vs_best	1.000000	38	1.0000	0	0		
rank	nar4-64	(set)	short-subject-search	plain	same program	pcrec_1989c62_auto-caps-simdna	measured	pinned	2	median_ns	4389.209780	38	1.0000	0	0		
rank	nar4-64	(set)	short-subject-search	plain	same program	pcrec_1989c62_auto-caps-simdna	measured	pinned	2	min_ns	4335.419157	38	1.0000	0	0		
rank	nar4-64	(set)	short-subject-search	plain	same program	pcrec_1989c62_auto-caps-simdna	measured	pinned	2	max_ns	4407.205424	38	1.0000	0	0		
rank	nar4-64	(set)	short-subject-search	plain	same program	pcrec_1989c62_auto-caps-simdna	measured	pinned	2	stddev_ns	25.959433	38	1.0000	0	0		
rank	nar4-64	(set)	short-subject-search	plain	same program	pcrec_1989c62_auto-caps-simdna	measured	pinned	2	ratio_vs_baseline	0.008028	38	1.0000	0	0		
rank	nar4-64	(set)	short-subject-search	plain	same program	pcrec_1989c62_auto-caps-simdna	measured	pinned	2	ratio_vs_best	1.001756	38	1.0000	0	0		
rank	nar4-64	(set)	short-subject-search	plain	same program	libpcre2_10.46_jit-caps-simdna	measured	pinned	3	median_ns	36123.156661	38	1.0000	0	0		
rank	nar4-64	(set)	short-subject-search	plain	same program	libpcre2_10.46_jit-caps-simdna	measured	pinned	3	min_ns	34079.473418	38	1.0000	0	0		
rank	nar4-64	(set)	short-subject-search	plain	same program	libpcre2_10.46_jit-caps-simdna	measured	pinned	3	max_ns	36778.358549	38	1.0000	0	0		
rank	nar4-64	(set)	short-subject-search	plain	same program	libpcre2_10.46_jit-caps-simdna	measured	pinned	3	stddev_ns	922.409569	38	1.0000	0	0		
rank	nar4-64	(set)	short-subject-search	plain	same program	libpcre2_10.46_jit-caps-simdna	measured	pinned	3	ratio_vs_baseline	0.066073	38	1.0000	0	0		
rank	nar4-64	(set)	short-subject-search	plain	same program	libpcre2_10.46_jit-caps-simdna	measured	pinned	3	ratio_vs_best	8.244439	38	1.0000	0	0		
rank	nar4-64	(set)	short-subject-search	plain	same program	libpcre2_10.46_interp-caps-simdna	measured	pinned	4	median_ns	546714.135378	38	1.0000	0	0		
rank	nar4-64	(set)	short-subject-search	plain	same program	libpcre2_10.46_interp-caps-simdna	measured	pinned	4	min_ns	546224.615133	38	1.0000	0	0		
rank	nar4-64	(set)	short-subject-search	plain	same program	libpcre2_10.46_interp-caps-simdna	measured	pinned	4	max_ns	558032.781186	38	1.0000	0	0		
rank	nar4-64	(set)	short-subject-search	plain	same program	libpcre2_10.46_interp-caps-simdna	measured	pinned	4	stddev_ns	4614.167610	38	1.0000	0	0		
rank	nar4-64	(set)	short-subject-search	plain	same program	libpcre2_10.46_interp-caps-simdna	measured	pinned	4	ratio_vs_baseline	1.000000	38	1.0000	0	0		
rank	nar4-64	(set)	short-subject-search	plain	same program	libpcre2_10.46_interp-caps-simdna	measured	pinned	4	ratio_vs_best	124.777342	38	1.0000	0	0		
rank	nar4-64	(set)	short-subject-search	plain	same program	pcrec_1989c62_vm-in-caps-simdna	measured	pinned	5	median_ns	806345.402484	38	1.0000	0	0		
rank	nar4-64	(set)	short-subject-search	plain	same program	pcrec_1989c62_vm-in-caps-simdna	measured	pinned	5	min_ns	806117.987582	38	1.0000	0	0		
rank	nar4-64	(set)	short-subject-search	plain	same program	pcrec_1989c62_vm-in-caps-simdna	measured	pinned	5	max_ns	811434.081081	38	1.0000	0	0		
rank	nar4-64	(set)	short-subject-search	plain	same program	pcrec_1989c62_vm-in-caps-simdna	measured	pinned	5	stddev_ns	2336.221942	38	1.0000	0	0		
rank	nar4-64	(set)	short-subject-search	plain	same program	pcrec_1989c62_vm-in-caps-simdna	measured	pinned	5	ratio_vs_baseline	1.474894	38	1.0000	0	0		
rank	nar4-64	(set)	short-subject-search	plain	same program	pcrec_1989c62_vm-in-caps-simdna	measured	pinned	5	ratio_vs_best	184.033354	38	1.0000	0	0		
rank	nar4-64	(set)	short-subject-search	plain	same program	pcrec_1989c62_vm-caps-simdna	measured	pinned	6	median_ns	807770.007225	38	1.0000	0	0		
rank	nar4-64	(set)	short-subject-search	plain	same program	pcrec_1989c62_vm-caps-simdna	measured	pinned	6	min_ns	806457.044075	38	1.0000	0	0		
rank	nar4-64	(set)	short-subject-search	plain	same program	pcrec_1989c62_vm-caps-simdna	measured	pinned	6	max_ns	810910.141618	38	1.0000	0	0		
rank	nar4-64	(set)	short-subject-search	plain	same program	pcrec_1989c62_vm-caps-simdna	measured	pinned	6	stddev_ns	1511.051044	38	1.0000	0	0		
rank	nar4-64	(set)	short-subject-search	plain	same program	pcrec_1989c62_vm-caps-simdna	measured	pinned	6	ratio_vs_baseline	1.477500	38	1.0000	0	0		
rank	nar4-64	(set)	short-subject-search	plain	same program	pcrec_1989c62_vm-caps-simdna	measured	pinned	6	ratio_vs_best	184.358493	38	1.0000	0	0		
rank	pfx3-512	(set)	large-subject-throughput	plain	same program	libpcre2_10.46_jit-caps-simdna	measured	pinned	1	median_ns	809667.038462	4	1.0000	0	0		
rank	pfx3-512	(set)	large-subject-throughput	plain	same program	libpcre2_10.46_jit-caps-simdna	measured	pinned	1	min_ns	806568.684615	4	1.0000	0	0		
rank	pfx3-512	(set)	large-subject-throughput	plain	same program	libpcre2_10.46_jit-caps-simdna	measured	pinned	1	max_ns	817660.984615	4	1.0000	0	0		
rank	pfx3-512	(set)	large-subject-throughput	plain	same program	libpcre2_10.46_jit-caps-simdna	measured	pinned	1	stddev_ns	3769.907959	4	1.0000	0	0		
rank	pfx3-512	(set)	large-subject-throughput	plain	same program	libpcre2_10.46_jit-caps-simdna	measured	pinned	1	ratio_vs_baseline	0.003026	4	1.0000	0	0		
rank	pfx3-512	(set)	large-subject-throughput	plain	same program	libpcre2_10.46_jit-caps-simdna	measured	pinned	1	ratio_vs_best	1.000000	4	1.0000	0	0		
rank	pfx3-512	(set)	large-subject-throughput	plain	same program	libpcre2_10.46_interp-caps-simdna	measured	pinned	2	median_ns	267551771.000000	4	1.0000	0	0		
rank	pfx3-512	(set)	large-subject-throughput	plain	same program	libpcre2_10.46_interp-caps-simdna	measured	pinned	2	min_ns	260957071.500000	4	1.0000	0	0		
rank	pfx3-512	(set)	large-subject-throughput	plain	same program	libpcre2_10.46_interp-caps-simdna	measured	pinned	2	max_ns	273629857.500000	4	1.0000	0	0		
rank	pfx3-512	(set)	large-subject-throughput	plain	same program	libpcre2_10.46_interp-caps-simdna	measured	pinned	2	stddev_ns	4776576.881762	4	1.0000	0	0		
rank	pfx3-512	(set)	large-subject-throughput	plain	same program	libpcre2_10.46_interp-caps-simdna	measured	pinned	2	ratio_vs_baseline	1.000000	4	1.0000	0	0		
rank	pfx3-512	(set)	large-subject-throughput	plain	same program	libpcre2_10.46_interp-caps-simdna	measured	pinned	2	ratio_vs_best	330.446663	4	1.0000	0	0		
did_not_compile	pfx3-512	(set)	large-subject-throughput			pcrec_1989c62_auto-caps-simdna	did-not-compile									pcrec: pattern too large: 1088253 bytes of emitted C source (limit 1000000, ~180 KB .o). Lower a repeat count, try --unroll=1, or raise --max-emit-bytes; see limits.md "Handling an oversized artifact" (pattern offset 0)	
did_not_compile	pfx3-512	(set)	large-subject-throughput			pcrec_1989c62_auto-nocaps-simdna	did-not-compile									pcrec: pattern too large: 1088253 bytes of emitted C source (limit 1000000, ~180 KB .o). Lower a repeat count, try --unroll=1, or raise --max-emit-bytes; see limits.md "Handling an oversized artifact" (pattern offset 0)	
did_not_compile	pfx3-512	(set)	large-subject-throughput			pcrec_1989c62_vm-caps-simdna	did-not-compile									pcrec: pattern too large: 562897 bytes of emitted code (limit 500000), which gcc cannot compile in reasonable time. A repeat's body is replicated and counts MULTIPLY through nesting -- lower a count, try --unroll=1, or raise --max-emit-code-bytes (pattern offset 0)	
did_not_compile	pfx3-512	(set)	large-subject-throughput			pcrec_1989c62_vm-in-caps-simdna	did-not-compile									pcrec: pattern too large: 562897 bytes of emitted code (limit 500000), which gcc cannot compile in reasonable time. A repeat's body is replicated and counts MULTIPLY through nesting -- lower a count, try --unroll=1, or raise --max-emit-code-bytes (pattern offset 0)	
rank	pfx3-512	(set)	match-compliance	plain	same program	libpcre2_10.46_jit-caps-simdna	measured	pinned	1	median_ns	11508.472858	38	1.0000	0	0		
rank	pfx3-512	(set)	match-compliance	plain	same program	libpcre2_10.46_jit-caps-simdna	measured	pinned	1	min_ns	11470.076991	38	1.0000	0	0		
rank	pfx3-512	(set)	match-compliance	plain	same program	libpcre2_10.46_jit-caps-simdna	measured	pinned	1	max_ns	11589.828343	38	1.0000	0	0		
rank	pfx3-512	(set)	match-compliance	plain	same program	libpcre2_10.46_jit-caps-simdna	measured	pinned	1	stddev_ns	41.177607	38	1.0000	0	0		
rank	pfx3-512	(set)	match-compliance	plain	same program	libpcre2_10.46_jit-caps-simdna	measured	pinned	1	ratio_vs_baseline	0.992890	38	1.0000	0	0		
rank	pfx3-512	(set)	match-compliance	plain	same program	libpcre2_10.46_jit-caps-simdna	measured	pinned	1	ratio_vs_best	1.000000	38	1.0000	0	0		
rank	pfx3-512	(set)	match-compliance	plain	same program	libpcre2_10.46_interp-caps-simdna	measured	pinned	2	median_ns	11590.881414	38	1.0000	0	0		
rank	pfx3-512	(set)	match-compliance	plain	same program	libpcre2_10.46_interp-caps-simdna	measured	pinned	2	min_ns	11416.824279	38	1.0000	0	0		
rank	pfx3-512	(set)	match-compliance	plain	same program	libpcre2_10.46_interp-caps-simdna	measured	pinned	2	max_ns	11686.771841	38	1.0000	0	0		
rank	pfx3-512	(set)	match-compliance	plain	same program	libpcre2_10.46_interp-caps-simdna	measured	pinned	2	stddev_ns	96.442710	38	1.0000	0	0		
rank	pfx3-512	(set)	match-compliance	plain	same program	libpcre2_10.46_interp-caps-simdna	measured	pinned	2	ratio_vs_baseline	1.000000	38	1.0000	0	0		
rank	pfx3-512	(set)	match-compliance	plain	same program	libpcre2_10.46_interp-caps-simdna	measured	pinned	2	ratio_vs_best	1.007161	38	1.0000	0	0		
did_not_compile	pfx3-512	(set)	match-compliance			pcrec_1989c62_auto-caps-simdna	did-not-compile									pcrec: pattern too large: 1088253 bytes of emitted C source (limit 1000000, ~180 KB .o). Lower a repeat count, try --unroll=1, or raise --max-emit-bytes; see limits.md "Handling an oversized artifact" (pattern offset 0)	
did_not_compile	pfx3-512	(set)	match-compliance			pcrec_1989c62_auto-nocaps-simdna	did-not-compile									pcrec: pattern too large: 1088253 bytes of emitted C source (limit 1000000, ~180 KB .o). Lower a repeat count, try --unroll=1, or raise --max-emit-bytes; see limits.md "Handling an oversized artifact" (pattern offset 0)	
did_not_compile	pfx3-512	(set)	match-compliance			pcrec_1989c62_vm-caps-simdna	did-not-compile									pcrec: pattern too large: 562897 bytes of emitted code (limit 500000), which gcc cannot compile in reasonable time. A repeat's body is replicated and counts MULTIPLY through nesting -- lower a count, try --unroll=1, or raise --max-emit-code-bytes (pattern offset 0)	
did_not_compile	pfx3-512	(set)	match-compliance			pcrec_1989c62_vm-in-caps-simdna	did-not-compile									pcrec: pattern too large: 562897 bytes of emitted code (limit 500000), which gcc cannot compile in reasonable time. A repeat's body is replicated and counts MULTIPLY through nesting -- lower a count, try --unroll=1, or raise --max-emit-code-bytes (pattern offset 0)	
rank	pfx3-512	(set)	short-subject-search	plain	same program	libpcre2_10.46_jit-caps-simdna	measured	pinned	1	median_ns	7498.846877	38	1.0000	0	0		
rank	pfx3-512	(set)	short-subject-search	plain	same program	libpcre2_10.46_jit-caps-simdna	measured	pinned	1	min_ns	7348.728261	38	1.0000	0	0		
rank	pfx3-512	(set)	short-subject-search	plain	same program	libpcre2_10.46_jit-caps-simdna	measured	pinned	1	max_ns	7539.050140	38	1.0000	0	0		
rank	pfx3-512	(set)	short-subject-search	plain	same program	libpcre2_10.46_jit-caps-simdna	measured	pinned	1	stddev_ns	74.701721	38	1.0000	0	0		
rank	pfx3-512	(set)	short-subject-search	plain	same program	libpcre2_10.46_jit-caps-simdna	measured	pinned	1	ratio_vs_baseline	0.006800	38	1.0000	0	0		
rank	pfx3-512	(set)	short-subject-search	plain	same program	libpcre2_10.46_jit-caps-simdna	measured	pinned	1	ratio_vs_best	1.000000	38	1.0000	0	0		
rank	pfx3-512	(set)	short-subject-search	plain	same program	libpcre2_10.46_interp-caps-simdna	measured	pinned	2	median_ns	1102833.338491	38	1.0000	0	0		
rank	pfx3-512	(set)	short-subject-search	plain	same program	libpcre2_10.46_interp-caps-simdna	measured	pinned	2	min_ns	1091992.835977	38	1.0000	0	0		
rank	pfx3-512	(set)	short-subject-search	plain	same program	libpcre2_10.46_interp-caps-simdna	measured	pinned	2	max_ns	1177798.395358	38	1.0000	0	0		
rank	pfx3-512	(set)	short-subject-search	plain	same program	libpcre2_10.46_interp-caps-simdna	measured	pinned	2	stddev_ns	32011.915674	38	1.0000	0	0		
rank	pfx3-512	(set)	short-subject-search	plain	same program	libpcre2_10.46_interp-caps-simdna	measured	pinned	2	ratio_vs_baseline	1.000000	38	1.0000	0	0		
rank	pfx3-512	(set)	short-subject-search	plain	same program	libpcre2_10.46_interp-caps-simdna	measured	pinned	2	ratio_vs_best	147.067057	38	1.0000	0	0		
did_not_compile	pfx3-512	(set)	short-subject-search			pcrec_1989c62_auto-caps-simdna	did-not-compile									pcrec: pattern too large: 1088253 bytes of emitted C source (limit 1000000, ~180 KB .o). Lower a repeat count, try --unroll=1, or raise --max-emit-bytes; see limits.md "Handling an oversized artifact" (pattern offset 0)	
did_not_compile	pfx3-512	(set)	short-subject-search			pcrec_1989c62_auto-nocaps-simdna	did-not-compile									pcrec: pattern too large: 1088253 bytes of emitted C source (limit 1000000, ~180 KB .o). Lower a repeat count, try --unroll=1, or raise --max-emit-bytes; see limits.md "Handling an oversized artifact" (pattern offset 0)	
did_not_compile	pfx3-512	(set)	short-subject-search			pcrec_1989c62_vm-caps-simdna	did-not-compile									pcrec: pattern too large: 562897 bytes of emitted code (limit 500000), which gcc cannot compile in reasonable time. A repeat's body is replicated and counts MULTIPLY through nesting -- lower a count, try --unroll=1, or raise --max-emit-code-bytes (pattern offset 0)	
did_not_compile	pfx3-512	(set)	short-subject-search			pcrec_1989c62_vm-in-caps-simdna	did-not-compile									pcrec: pattern too large: 562897 bytes of emitted code (limit 500000), which gcc cannot compile in reasonable time. A repeat's body is replicated and counts MULTIPLY through nesting -- lower a count, try --unroll=1, or raise --max-emit-code-bytes (pattern offset 0)	
rank	s-2048	(set)	large-subject-throughput	plain	same program	libpcre2_10.46_jit-caps-simdna	measured	pinned	1	median_ns	2613118634.000000	4	1.0000	0	0		
rank	s-2048	(set)	large-subject-throughput	plain	same program	libpcre2_10.46_jit-caps-simdna	measured	pinned	1	min_ns	2539182473.000000	4	1.0000	0	0		
rank	s-2048	(set)	large-subject-throughput	plain	same program	libpcre2_10.46_jit-caps-simdna	measured	pinned	1	max_ns	2734861072.000000	4	1.0000	0	0		
rank	s-2048	(set)	large-subject-throughput	plain	same program	libpcre2_10.46_jit-caps-simdna	measured	pinned	1	stddev_ns	65131784.118459	4	1.0000	0	0		
rank	s-2048	(set)	large-subject-throughput	plain	same program	libpcre2_10.46_jit-caps-simdna	measured	pinned	1	ratio_vs_baseline	0.141210	4	1.0000	0	0		
rank	s-2048	(set)	large-subject-throughput	plain	same program	libpcre2_10.46_jit-caps-simdna	measured	pinned	1	ratio_vs_best	1.000000	4	1.0000	0	0		
rank	s-2048	(set)	large-subject-throughput	plain	same program	libpcre2_10.46_interp-caps-simdna	measured	pinned	2	median_ns	18505154910.000000	4	1.0000	0	0		
rank	s-2048	(set)	large-subject-throughput	plain	same program	libpcre2_10.46_interp-caps-simdna	measured	pinned	2	min_ns	18472430052.000000	4	1.0000	0	0		
rank	s-2048	(set)	large-subject-throughput	plain	same program	libpcre2_10.46_interp-caps-simdna	measured	pinned	2	max_ns	18542840646.000000	4	1.0000	0	0		
rank	s-2048	(set)	large-subject-throughput	plain	same program	libpcre2_10.46_interp-caps-simdna	measured	pinned	2	stddev_ns	23952428.843365	4	1.0000	0	0		
rank	s-2048	(set)	large-subject-throughput	plain	same program	libpcre2_10.46_interp-caps-simdna	measured	pinned	2	ratio_vs_baseline	1.000000	4	1.0000	0	0		
rank	s-2048	(set)	large-subject-throughput	plain	same program	libpcre2_10.46_interp-caps-simdna	measured	pinned	2	ratio_vs_best	7.081636	4	1.0000	0	0		
did_not_compile	s-2048	(set)	large-subject-throughput			pcrec_1989c62_auto-caps-simdna	did-not-compile									pcrec: pattern too large: 1260218 bytes of emitted C source (limit 1000000, ~209 KB .o). Lower a repeat count, try --unroll=1, or raise --max-emit-bytes; see limits.md "Handling an oversized artifact" (pattern offset 0)	
did_not_compile	s-2048	(set)	large-subject-throughput			pcrec_1989c62_auto-nocaps-simdna	did-not-compile									pcrec: pattern too large: 1260218 bytes of emitted C source (limit 1000000, ~209 KB .o). Lower a repeat count, try --unroll=1, or raise --max-emit-bytes; see limits.md "Handling an oversized artifact" (pattern offset 0)	
did_not_compile	s-2048	(set)	large-subject-throughput			pcrec_1989c62_vm-caps-simdna	did-not-compile									pcrec: pattern too large: 1862324 bytes of emitted code (limit 500000), which gcc cannot compile in reasonable time. A repeat's body is replicated and counts MULTIPLY through nesting -- lower a count, try --unroll=1, or raise --max-emit-code-bytes (pattern offset 0)	
did_not_compile	s-2048	(set)	large-subject-throughput			pcrec_1989c62_vm-in-caps-simdna	did-not-compile									pcrec: pattern too large: 1862324 bytes of emitted code (limit 500000), which gcc cannot compile in reasonable time. A repeat's body is replicated and counts MULTIPLY through nesting -- lower a count, try --unroll=1, or raise --max-emit-code-bytes (pattern offset 0)	
rank	s-2048	(set)	match-compliance	plain	same program	libpcre2_10.46_jit-caps-simdna	measured	pinned	1	median_ns	395382.826020	38	1.0000	0	0		
rank	s-2048	(set)	match-compliance	plain	same program	libpcre2_10.46_jit-caps-simdna	measured	pinned	1	min_ns	394885.850854	38	1.0000	0	0		
rank	s-2048	(set)	match-compliance	plain	same program	libpcre2_10.46_jit-caps-simdna	measured	pinned	1	max_ns	395922.042419	38	1.0000	0	0		
rank	s-2048	(set)	match-compliance	plain	same program	libpcre2_10.46_jit-caps-simdna	measured	pinned	1	stddev_ns	329.577852	38	1.0000	0	0		
rank	s-2048	(set)	match-compliance	plain	same program	libpcre2_10.46_jit-caps-simdna	measured	pinned	1	ratio_vs_baseline	0.999867	38	1.0000	0	0		
rank	s-2048	(set)	match-compliance	plain	same program	libpcre2_10.46_jit-caps-simdna	measured	pinned	1	ratio_vs_best	1.000000	38	1.0000	0	0		
rank	s-2048	(set)	match-compliance	plain	same program	libpcre2_10.46_interp-caps-simdna	measured	pinned	2	median_ns	395435.340017	38	1.0000	0	0		
rank	s-2048	(set)	match-compliance	plain	same program	libpcre2_10.46_interp-caps-simdna	measured	pinned	2	min_ns	395375.771216	38	1.0000	0	0		
rank	s-2048	(set)	match-compliance	plain	same program	libpcre2_10.46_interp-caps-simdna	measured	pinned	2	max_ns	405362.304735	38	1.0000	0	0		
rank	s-2048	(set)	match-compliance	plain	same program	libpcre2_10.46_interp-caps-simdna	measured	pinned	2	stddev_ns	3895.808829	38	1.0000	0	0		
rank	s-2048	(set)	match-compliance	plain	same program	libpcre2_10.46_interp-caps-simdna	measured	pinned	2	ratio_vs_baseline	1.000000	38	1.0000	0	0		
rank	s-2048	(set)	match-compliance	plain	same program	libpcre2_10.46_interp-caps-simdna	measured	pinned	2	ratio_vs_best	1.000133	38	1.0000	0	0		
did_not_compile	s-2048	(set)	match-compliance			pcrec_1989c62_auto-caps-simdna	did-not-compile									pcrec: pattern too large: 1260218 bytes of emitted C source (limit 1000000, ~209 KB .o). Lower a repeat count, try --unroll=1, or raise --max-emit-bytes; see limits.md "Handling an oversized artifact" (pattern offset 0)	
did_not_compile	s-2048	(set)	match-compliance			pcrec_1989c62_auto-nocaps-simdna	did-not-compile									pcrec: pattern too large: 1260218 bytes of emitted C source (limit 1000000, ~209 KB .o). Lower a repeat count, try --unroll=1, or raise --max-emit-bytes; see limits.md "Handling an oversized artifact" (pattern offset 0)	
did_not_compile	s-2048	(set)	match-compliance			pcrec_1989c62_vm-caps-simdna	did-not-compile									pcrec: pattern too large: 1862324 bytes of emitted code (limit 500000), which gcc cannot compile in reasonable time. A repeat's body is replicated and counts MULTIPLY through nesting -- lower a count, try --unroll=1, or raise --max-emit-code-bytes (pattern offset 0)	
did_not_compile	s-2048	(set)	match-compliance			pcrec_1989c62_vm-in-caps-simdna	did-not-compile									pcrec: pattern too large: 1862324 bytes of emitted code (limit 500000), which gcc cannot compile in reasonable time. A repeat's body is replicated and counts MULTIPLY through nesting -- lower a count, try --unroll=1, or raise --max-emit-code-bytes (pattern offset 0)	
rank	s-2048	(set)	short-subject-search	plain	same program	libpcre2_10.46_jit-caps-simdna	measured	pinned	1	median_ns	13749619.468354	38	1.0000	0	0		
rank	s-2048	(set)	short-subject-search	plain	same program	libpcre2_10.46_jit-caps-simdna	measured	pinned	1	min_ns	13447126.911392	38	1.0000	0	0		
rank	s-2048	(set)	short-subject-search	plain	same program	libpcre2_10.46_jit-caps-simdna	measured	pinned	1	max_ns	13811689.582278	38	1.0000	0	0		
rank	s-2048	(set)	short-subject-search	plain	same program	libpcre2_10.46_jit-caps-simdna	measured	pinned	1	stddev_ns	130296.251595	38	1.0000	0	0		
rank	s-2048	(set)	short-subject-search	plain	same program	libpcre2_10.46_jit-caps-simdna	measured	pinned	1	ratio_vs_baseline	0.145431	38	1.0000	0	0		
rank	s-2048	(set)	short-subject-search	plain	same program	libpcre2_10.46_jit-caps-simdna	measured	pinned	1	ratio_vs_best	1.000000	38	1.0000	0	0		
rank	s-2048	(set)	short-subject-search	plain	same program	libpcre2_10.46_interp-caps-simdna	measured	pinned	2	median_ns	94543753.769231	38	1.0000	0	0		
rank	s-2048	(set)	short-subject-search	plain	same program	libpcre2_10.46_interp-caps-simdna	measured	pinned	2	min_ns	93822176.384615	38	1.0000	0	0		
rank	s-2048	(set)	short-subject-search	plain	same program	libpcre2_10.46_interp-caps-simdna	measured	pinned	2	max_ns	96724693.538462	38	1.0000	0	0		
rank	s-2048	(set)	short-subject-search	plain	same program	libpcre2_10.46_interp-caps-simdna	measured	pinned	2	stddev_ns	996012.914181	38	1.0000	0	0		
rank	s-2048	(set)	short-subject-search	plain	same program	libpcre2_10.46_interp-caps-simdna	measured	pinned	2	ratio_vs_baseline	1.000000	38	1.0000	0	0		
rank	s-2048	(set)	short-subject-search	plain	same program	libpcre2_10.46_interp-caps-simdna	measured	pinned	2	ratio_vs_best	6.876100	38	1.0000	0	0		
did_not_compile	s-2048	(set)	short-subject-search			pcrec_1989c62_auto-caps-simdna	did-not-compile									pcrec: pattern too large: 1260218 bytes of emitted C source (limit 1000000, ~209 KB .o). Lower a repeat count, try --unroll=1, or raise --max-emit-bytes; see limits.md "Handling an oversized artifact" (pattern offset 0)	
did_not_compile	s-2048	(set)	short-subject-search			pcrec_1989c62_auto-nocaps-simdna	did-not-compile									pcrec: pattern too large: 1260218 bytes of emitted C source (limit 1000000, ~209 KB .o). Lower a repeat count, try --unroll=1, or raise --max-emit-bytes; see limits.md "Handling an oversized artifact" (pattern offset 0)	
did_not_compile	s-2048	(set)	short-subject-search			pcrec_1989c62_vm-caps-simdna	did-not-compile									pcrec: pattern too large: 1862324 bytes of emitted code (limit 500000), which gcc cannot compile in reasonable time. A repeat's body is replicated and counts MULTIPLY through nesting -- lower a count, try --unroll=1, or raise --max-emit-code-bytes (pattern offset 0)	
did_not_compile	s-2048	(set)	short-subject-search			pcrec_1989c62_vm-in-caps-simdna	did-not-compile									pcrec: pattern too large: 1862324 bytes of emitted code (limit 500000), which gcc cannot compile in reasonable time. A repeat's body is replicated and counts MULTIPLY through nesting -- lower a count, try --unroll=1, or raise --max-emit-code-bytes (pattern offset 0)	
rank	s-4096	(set)	large-subject-throughput	plain	same program	libpcre2_10.46_jit-caps-simdna	measured	pinned	1	median_ns	19125723570.000000	4	1.0000	0	0		
rank	s-4096	(set)	large-subject-throughput	plain	same program	libpcre2_10.46_jit-caps-simdna	measured	pinned	1	min_ns	18691653408.000000	4	1.0000	0	0		
rank	s-4096	(set)	large-subject-throughput	plain	same program	libpcre2_10.46_jit-caps-simdna	measured	pinned	1	max_ns	19590333165.000000	4	1.0000	0	0		
rank	s-4096	(set)	large-subject-throughput	plain	same program	libpcre2_10.46_jit-caps-simdna	measured	pinned	1	stddev_ns	345054005.872959	4	1.0000	0	0		
rank	s-4096	(set)	large-subject-throughput	plain	same program	libpcre2_10.46_jit-caps-simdna	measured	pinned	1	ratio_vs_baseline	0.517314	4	1.0000	0	0		
rank	s-4096	(set)	large-subject-throughput	plain	same program	libpcre2_10.46_jit-caps-simdna	measured	pinned	1	ratio_vs_best	1.000000	4	1.0000	0	0		
rank	s-4096	(set)	large-subject-throughput	plain	same program	libpcre2_10.46_interp-caps-simdna	measured	pinned	2	median_ns	36971191304.000000	4	1.0000	0	0		
rank	s-4096	(set)	large-subject-throughput	plain	same program	libpcre2_10.46_interp-caps-simdna	measured	pinned	2	min_ns	36954962086.000000	4	1.0000	0	0		
rank	s-4096	(set)	large-subject-throughput	plain	same program	libpcre2_10.46_interp-caps-simdna	measured	pinned	2	max_ns	36990995033.000000	4	1.0000	0	0		
rank	s-4096	(set)	large-subject-throughput	plain	same program	libpcre2_10.46_interp-caps-simdna	measured	pinned	2	stddev_ns	12267440.334906	4	1.0000	0	0		
rank	s-4096	(set)	large-subject-throughput	plain	same program	libpcre2_10.46_interp-caps-simdna	measured	pinned	2	ratio_vs_baseline	1.000000	4	1.0000	0	0		
rank	s-4096	(set)	large-subject-throughput	plain	same program	libpcre2_10.46_interp-caps-simdna	measured	pinned	2	ratio_vs_best	1.933061	4	1.0000	0	0		
did_not_compile	s-4096	(set)	large-subject-throughput			pcrec_1989c62_auto-caps-simdna	did-not-compile									pcrec: pattern too large: 1621467 bytes of emitted C source (limit 1000000, ~269 KB .o). Lower a repeat count, try --unroll=1, or raise --max-emit-bytes; see limits.md "Handling an oversized artifact" (pattern offset 0)	
did_not_compile	s-4096	(set)	large-subject-throughput			pcrec_1989c62_auto-nocaps-simdna	did-not-compile									pcrec: pattern too large: 1621467 bytes of emitted C source (limit 1000000, ~269 KB .o). Lower a repeat count, try --unroll=1, or raise --max-emit-bytes; see limits.md "Handling an oversized artifact" (pattern offset 0)	
did_not_compile	s-4096	(set)	large-subject-throughput			pcrec_1989c62_vm-caps-simdna	did-not-compile									pcrec: pattern too large: 3741040 bytes of emitted code (limit 500000), which gcc cannot compile in reasonable time. A repeat's body is replicated and counts MULTIPLY through nesting -- lower a count, try --unroll=1, or raise --max-emit-code-bytes (pattern offset 0)	
did_not_compile	s-4096	(set)	large-subject-throughput			pcrec_1989c62_vm-in-caps-simdna	did-not-compile									pcrec: pattern too large: 3741040 bytes of emitted code (limit 500000), which gcc cannot compile in reasonable time. A repeat's body is replicated and counts MULTIPLY through nesting -- lower a count, try --unroll=1, or raise --max-emit-code-bytes (pattern offset 0)	
rank	s-4096	(set)	match-compliance	plain	same program	libpcre2_10.46_jit-caps-simdna	measured	pinned	1	median_ns	798064.748996	38	1.0000	0	0		
rank	s-4096	(set)	match-compliance	plain	same program	libpcre2_10.46_jit-caps-simdna	measured	pinned	1	min_ns	797474.780402	38	1.0000	0	0		
rank	s-4096	(set)	match-compliance	plain	same program	libpcre2_10.46_jit-caps-simdna	measured	pinned	1	max_ns	950207.728911	38	1.0000	0	0		
rank	s-4096	(set)	match-compliance	plain	same program	libpcre2_10.46_jit-caps-simdna	measured	pinned	1	stddev_ns	60922.749820	38	1.0000	0	0		
rank	s-4096	(set)	match-compliance	plain	same program	libpcre2_10.46_jit-caps-simdna	measured	pinned	1	ratio_vs_baseline	0.997000	38	1.0000	0	0		
rank	s-4096	(set)	match-compliance	plain	same program	libpcre2_10.46_jit-caps-simdna	measured	pinned	1	ratio_vs_best	1.000000	38	1.0000	0	0		
rank	s-4096	(set)	match-compliance	plain	same program	libpcre2_10.46_interp-caps-simdna	measured	pinned	2	median_ns	800466.004633	38	1.0000	0	0		
rank	s-4096	(set)	match-compliance	plain	same program	libpcre2_10.46_interp-caps-simdna	measured	pinned	2	min_ns	798989.684230	38	1.0000	0	0		
rank	s-4096	(set)	match-compliance	plain	same program	libpcre2_10.46_interp-caps-simdna	measured	pinned	2	max_ns	822529.794499	38	1.0000	0	0		
rank	s-4096	(set)	match-compliance	plain	same program	libpcre2_10.46_interp-caps-simdna	measured	pinned	2	stddev_ns	8919.420801	38	1.0000	0	0		
rank	s-4096	(set)	match-compliance	plain	same program	libpcre2_10.46_interp-caps-simdna	measured	pinned	2	ratio_vs_baseline	1.000000	38	1.0000	0	0		
rank	s-4096	(set)	match-compliance	plain	same program	libpcre2_10.46_interp-caps-simdna	measured	pinned	2	ratio_vs_best	1.003009	38	1.0000	0	0		
did_not_compile	s-4096	(set)	match-compliance			pcrec_1989c62_auto-caps-simdna	did-not-compile									pcrec: pattern too large: 1621467 bytes of emitted C source (limit 1000000, ~269 KB .o). Lower a repeat count, try --unroll=1, or raise --max-emit-bytes; see limits.md "Handling an oversized artifact" (pattern offset 0)	
did_not_compile	s-4096	(set)	match-compliance			pcrec_1989c62_auto-nocaps-simdna	did-not-compile									pcrec: pattern too large: 1621467 bytes of emitted C source (limit 1000000, ~269 KB .o). Lower a repeat count, try --unroll=1, or raise --max-emit-bytes; see limits.md "Handling an oversized artifact" (pattern offset 0)	
did_not_compile	s-4096	(set)	match-compliance			pcrec_1989c62_vm-caps-simdna	did-not-compile									pcrec: pattern too large: 3741040 bytes of emitted code (limit 500000), which gcc cannot compile in reasonable time. A repeat's body is replicated and counts MULTIPLY through nesting -- lower a count, try --unroll=1, or raise --max-emit-code-bytes (pattern offset 0)	
did_not_compile	s-4096	(set)	match-compliance			pcrec_1989c62_vm-in-caps-simdna	did-not-compile									pcrec: pattern too large: 3741040 bytes of emitted code (limit 500000), which gcc cannot compile in reasonable time. A repeat's body is replicated and counts MULTIPLY through nesting -- lower a count, try --unroll=1, or raise --max-emit-code-bytes (pattern offset 0)	
rank	s-4096	(set)	short-subject-search	plain	same program	libpcre2_10.46_jit-caps-simdna	measured	pinned	1	median_ns	98725737.818182	38	1.0000	0	0		
rank	s-4096	(set)	short-subject-search	plain	same program	libpcre2_10.46_jit-caps-simdna	measured	pinned	1	min_ns	97328395.000000	38	1.0000	0	0		
rank	s-4096	(set)	short-subject-search	plain	same program	libpcre2_10.46_jit-caps-simdna	measured	pinned	1	max_ns	99252229.090909	38	1.0000	0	0		
rank	s-4096	(set)	short-subject-search	plain	same program	libpcre2_10.46_jit-caps-simdna	measured	pinned	1	stddev_ns	680380.184086	38	1.0000	0	0		
rank	s-4096	(set)	short-subject-search	plain	same program	libpcre2_10.46_jit-caps-simdna	measured	pinned	1	ratio_vs_baseline	0.537953	38	1.0000	0	0		
rank	s-4096	(set)	short-subject-search	plain	same program	libpcre2_10.46_jit-caps-simdna	measured	pinned	1	ratio_vs_best	1.000000	38	1.0000	0	0		
rank	s-4096	(set)	short-subject-search	plain	same program	libpcre2_10.46_interp-caps-simdna	measured	pinned	2	median_ns	183521151.857143	38	1.0000	0	0		
rank	s-4096	(set)	short-subject-search	plain	same program	libpcre2_10.46_interp-caps-simdna	measured	pinned	2	min_ns	182001618.285714	38	1.0000	0	0		
rank	s-4096	(set)	short-subject-search	plain	same program	libpcre2_10.46_interp-caps-simdna	measured	pinned	2	max_ns	187397542.142857	38	1.0000	0	0		
rank	s-4096	(set)	short-subject-search	plain	same program	libpcre2_10.46_interp-caps-simdna	measured	pinned	2	stddev_ns	1894264.861528	38	1.0000	0	0		
rank	s-4096	(set)	short-subject-search	plain	same program	libpcre2_10.46_interp-caps-simdna	measured	pinned	2	ratio_vs_baseline	1.000000	38	1.0000	0	0		
rank	s-4096	(set)	short-subject-search	plain	same program	libpcre2_10.46_interp-caps-simdna	measured	pinned	2	ratio_vs_best	1.858899	38	1.0000	0	0		
did_not_compile	s-4096	(set)	short-subject-search			pcrec_1989c62_auto-caps-simdna	did-not-compile									pcrec: pattern too large: 1621467 bytes of emitted C source (limit 1000000, ~269 KB .o). Lower a repeat count, try --unroll=1, or raise --max-emit-bytes; see limits.md "Handling an oversized artifact" (pattern offset 0)	
did_not_compile	s-4096	(set)	short-subject-search			pcrec_1989c62_auto-nocaps-simdna	did-not-compile									pcrec: pattern too large: 1621467 bytes of emitted C source (limit 1000000, ~269 KB .o). Lower a repeat count, try --unroll=1, or raise --max-emit-bytes; see limits.md "Handling an oversized artifact" (pattern offset 0)	
did_not_compile	s-4096	(set)	short-subject-search			pcrec_1989c62_vm-caps-simdna	did-not-compile									pcrec: pattern too large: 3741040 bytes of emitted code (limit 500000), which gcc cannot compile in reasonable time. A repeat's body is replicated and counts MULTIPLY through nesting -- lower a count, try --unroll=1, or raise --max-emit-code-bytes (pattern offset 0)	
did_not_compile	s-4096	(set)	short-subject-search			pcrec_1989c62_vm-in-caps-simdna	did-not-compile									pcrec: pattern too large: 3741040 bytes of emitted code (limit 500000), which gcc cannot compile in reasonable time. A repeat's body is replicated and counts MULTIPLY through nesting -- lower a count, try --unroll=1, or raise --max-emit-code-bytes (pattern offset 0)	
rank	sfx-512	(set)	large-subject-throughput	plain	same program	libpcre2_10.46_jit-caps-simdna	measured	pinned	1	median_ns	585299761.000000	4	1.0000	0	0		
rank	sfx-512	(set)	large-subject-throughput	plain	same program	libpcre2_10.46_jit-caps-simdna	measured	pinned	1	min_ns	585227782.000000	4	1.0000	0	0		
rank	sfx-512	(set)	large-subject-throughput	plain	same program	libpcre2_10.46_jit-caps-simdna	measured	pinned	1	max_ns	729782199.000000	4	1.0000	0	0		
rank	sfx-512	(set)	large-subject-throughput	plain	same program	libpcre2_10.46_jit-caps-simdna	measured	pinned	1	stddev_ns	57717128.150075	4	1.0000	0	0		
rank	sfx-512	(set)	large-subject-throughput	plain	same program	libpcre2_10.46_jit-caps-simdna	measured	pinned	1	ratio_vs_baseline	0.124406	4	1.0000	0	0		
rank	sfx-512	(set)	large-subject-throughput	plain	same program	libpcre2_10.46_jit-caps-simdna	measured	pinned	1	ratio_vs_best	1.000000	4	1.0000	0	0		
rank	sfx-512	(set)	large-subject-throughput	plain	same program	libpcre2_10.46_interp-caps-simdna	measured	pinned	2	median_ns	4704766146.000000	4	1.0000	0	0		
rank	sfx-512	(set)	large-subject-throughput	plain	same program	libpcre2_10.46_interp-caps-simdna	measured	pinned	2	min_ns	4652496752.000000	4	1.0000	0	0		
rank	sfx-512	(set)	large-subject-throughput	plain	same program	libpcre2_10.46_interp-caps-simdna	measured	pinned	2	max_ns	5297587023.000000	4	1.0000	0	0		
rank	sfx-512	(set)	large-subject-throughput	plain	same program	libpcre2_10.46_interp-caps-simdna	measured	pinned	2	stddev_ns	239538422.212751	4	1.0000	0	0		
rank	sfx-512	(set)	large-subject-throughput	plain	same program	libpcre2_10.46_interp-caps-simdna	measured	pinned	2	ratio_vs_baseline	1.000000	4	1.0000	0	0		
rank	sfx-512	(set)	large-subject-throughput	plain	same program	libpcre2_10.46_interp-caps-simdna	measured	pinned	2	ratio_vs_best	8.038216	4	1.0000	0	0		
did_not_compile	sfx-512	(set)	large-subject-throughput			pcrec_1989c62_auto-caps-simdna	did-not-compile									pcrec: pattern too large: 1331596 bytes of emitted C source (limit 1000000, ~221 KB .o). Lower a repeat count, try --unroll=1, or raise --max-emit-bytes; see limits.md "Handling an oversized artifact" (pattern offset 0)	
did_not_compile	sfx-512	(set)	large-subject-throughput			pcrec_1989c62_auto-nocaps-simdna	did-not-compile									pcrec: pattern too large: 1331596 bytes of emitted C source (limit 1000000, ~221 KB .o). Lower a repeat count, try --unroll=1, or raise --max-emit-bytes; see limits.md "Handling an oversized artifact" (pattern offset 0)	
did_not_compile	sfx-512	(set)	large-subject-throughput			pcrec_1989c62_vm-caps-simdna	did-not-compile									pcrec: pattern too large: 809265 bytes of emitted code (limit 500000), which gcc cannot compile in reasonable time. A repeat's body is replicated and counts MULTIPLY through nesting -- lower a count, try --unroll=1, or raise --max-emit-code-bytes (pattern offset 0)	
did_not_compile	sfx-512	(set)	large-subject-throughput			pcrec_1989c62_vm-in-caps-simdna	did-not-compile									pcrec: pattern too large: 809265 bytes of emitted code (limit 500000), which gcc cannot compile in reasonable time. A repeat's body is replicated and counts MULTIPLY through nesting -- lower a count, try --unroll=1, or raise --max-emit-code-bytes (pattern offset 0)	
rank	sfx-512	(set)	match-compliance	plain	same program	libpcre2_10.46_interp-caps-simdna	measured	pinned	1	median_ns	15392.238857	38	1.0000	0	0		
rank	sfx-512	(set)	match-compliance	plain	same program	libpcre2_10.46_interp-caps-simdna	measured	pinned	1	min_ns	15253.751353	38	1.0000	0	0		
rank	sfx-512	(set)	match-compliance	plain	same program	libpcre2_10.46_interp-caps-simdna	measured	pinned	1	max_ns	15804.455937	38	1.0000	0	0		
rank	sfx-512	(set)	match-compliance	plain	same program	libpcre2_10.46_interp-caps-simdna	measured	pinned	1	stddev_ns	196.800864	38	1.0000	0	0		
rank	sfx-512	(set)	match-compliance	plain	same program	libpcre2_10.46_interp-caps-simdna	measured	pinned	1	ratio_vs_baseline	1.000000	38	1.0000	0	0		
rank	sfx-512	(set)	match-compliance	plain	same program	libpcre2_10.46_interp-caps-simdna	measured	pinned	1	ratio_vs_best	1.000000	38	1.0000	0	0		
rank	sfx-512	(set)	match-compliance	plain	same program	libpcre2_10.46_jit-caps-simdna	measured	pinned	2	median_ns	15410.311752	38	1.0000	0	0		
rank	sfx-512	(set)	match-compliance	plain	same program	libpcre2_10.46_jit-caps-simdna	measured	pinned	2	min_ns	15248.845326	38	1.0000	0	0		
rank	sfx-512	(set)	match-compliance	plain	same program	libpcre2_10.46_jit-caps-simdna	measured	pinned	2	max_ns	15444.324300	38	1.0000	0	0		
rank	sfx-512	(set)	match-compliance	plain	same program	libpcre2_10.46_jit-caps-simdna	measured	pinned	2	stddev_ns	68.451519	38	1.0000	0	0		
rank	sfx-512	(set)	match-compliance	plain	same program	libpcre2_10.46_jit-caps-simdna	measured	pinned	2	ratio_vs_baseline	1.001174	38	1.0000	0	0		
rank	sfx-512	(set)	match-compliance	plain	same program	libpcre2_10.46_jit-caps-simdna	measured	pinned	2	ratio_vs_best	1.001174	38	1.0000	0	0		
did_not_compile	sfx-512	(set)	match-compliance			pcrec_1989c62_auto-caps-simdna	did-not-compile									pcrec: pattern too large: 1331596 bytes of emitted C source (limit 1000000, ~221 KB .o). Lower a repeat count, try --unroll=1, or raise --max-emit-bytes; see limits.md "Handling an oversized artifact" (pattern offset 0)	
did_not_compile	sfx-512	(set)	match-compliance			pcrec_1989c62_auto-nocaps-simdna	did-not-compile									pcrec: pattern too large: 1331596 bytes of emitted C source (limit 1000000, ~221 KB .o). Lower a repeat count, try --unroll=1, or raise --max-emit-bytes; see limits.md "Handling an oversized artifact" (pattern offset 0)	
did_not_compile	sfx-512	(set)	match-compliance			pcrec_1989c62_vm-caps-simdna	did-not-compile									pcrec: pattern too large: 809265 bytes of emitted code (limit 500000), which gcc cannot compile in reasonable time. A repeat's body is replicated and counts MULTIPLY through nesting -- lower a count, try --unroll=1, or raise --max-emit-code-bytes (pattern offset 0)	
did_not_compile	sfx-512	(set)	match-compliance			pcrec_1989c62_vm-in-caps-simdna	did-not-compile									pcrec: pattern too large: 809265 bytes of emitted code (limit 500000), which gcc cannot compile in reasonable time. A repeat's body is replicated and counts MULTIPLY through nesting -- lower a count, try --unroll=1, or raise --max-emit-code-bytes (pattern offset 0)	
rank	sfx-512	(set)	short-subject-search	plain	same program	libpcre2_10.46_jit-caps-simdna	measured	pinned	1	median_ns	2353421.329773	38	1.0000	0	0		
rank	sfx-512	(set)	short-subject-search	plain	same program	libpcre2_10.46_jit-caps-simdna	measured	pinned	1	min_ns	2344904.485981	38	1.0000	0	0		
rank	sfx-512	(set)	short-subject-search	plain	same program	libpcre2_10.46_jit-caps-simdna	measured	pinned	1	max_ns	2370426.987984	38	1.0000	0	0		
rank	sfx-512	(set)	short-subject-search	plain	same program	libpcre2_10.46_jit-caps-simdna	measured	pinned	1	stddev_ns	9687.232937	38	1.0000	0	0		
rank	sfx-512	(set)	short-subject-search	plain	same program	libpcre2_10.46_jit-caps-simdna	measured	pinned	1	ratio_vs_baseline	0.125457	38	1.0000	0	0		
rank	sfx-512	(set)	short-subject-search	plain	same program	libpcre2_10.46_jit-caps-simdna	measured	pinned	1	ratio_vs_best	1.000000	38	1.0000	0	0		
rank	sfx-512	(set)	short-subject-search	plain	same program	libpcre2_10.46_interp-caps-simdna	measured	pinned	2	median_ns	18758799.315217	38	1.0000	0	0		
rank	sfx-512	(set)	short-subject-search	plain	same program	libpcre2_10.46_interp-caps-simdna	measured	pinned	2	min_ns	18682528.097826	38	1.0000	0	0		
rank	sfx-512	(set)	short-subject-search	plain	same program	libpcre2_10.46_interp-caps-simdna	measured	pinned	2	max_ns	18871079.347826	38	1.0000	0	0		
rank	sfx-512	(set)	short-subject-search	plain	same program	libpcre2_10.46_interp-caps-simdna	measured	pinned	2	stddev_ns	81140.986409	38	1.0000	0	0		
rank	sfx-512	(set)	short-subject-search	plain	same program	libpcre2_10.46_interp-caps-simdna	measured	pinned	2	ratio_vs_baseline	1.000000	38	1.0000	0	0		
rank	sfx-512	(set)	short-subject-search	plain	same program	libpcre2_10.46_interp-caps-simdna	measured	pinned	2	ratio_vs_best	7.970863	38	1.0000	0	0		
did_not_compile	sfx-512	(set)	short-subject-search			pcrec_1989c62_auto-caps-simdna	did-not-compile									pcrec: pattern too large: 1331596 bytes of emitted C source (limit 1000000, ~221 KB .o). Lower a repeat count, try --unroll=1, or raise --max-emit-bytes; see limits.md "Handling an oversized artifact" (pattern offset 0)	
did_not_compile	sfx-512	(set)	short-subject-search			pcrec_1989c62_auto-nocaps-simdna	did-not-compile									pcrec: pattern too large: 1331596 bytes of emitted C source (limit 1000000, ~221 KB .o). Lower a repeat count, try --unroll=1, or raise --max-emit-bytes; see limits.md "Handling an oversized artifact" (pattern offset 0)	
did_not_compile	sfx-512	(set)	short-subject-search			pcrec_1989c62_vm-caps-simdna	did-not-compile									pcrec: pattern too large: 809265 bytes of emitted code (limit 500000), which gcc cannot compile in reasonable time. A repeat's body is replicated and counts MULTIPLY through nesting -- lower a count, try --unroll=1, or raise --max-emit-code-bytes (pattern offset 0)	
did_not_compile	sfx-512	(set)	short-subject-search			pcrec_1989c62_vm-in-caps-simdna	did-not-compile									pcrec: pattern too large: 809265 bytes of emitted code (limit 500000), which gcc cannot compile in reasonable time. A repeat's body is replicated and counts MULTIPLY through nesting -- lower a count, try --unroll=1, or raise --max-emit-code-bytes (pattern offset 0)	
rank	sfx-64	(set)	large-subject-throughput	plain	same program	pcrec_1989c62_auto-nocaps-simdna	measured	pinned	1	median_ns	3108108.629630	4	1.0000	0	0		
rank	sfx-64	(set)	large-subject-throughput	plain	same program	pcrec_1989c62_auto-nocaps-simdna	measured	pinned	1	min_ns	3103635.361111	4	1.0000	0	0		
rank	sfx-64	(set)	large-subject-throughput	plain	same program	pcrec_1989c62_auto-nocaps-simdna	measured	pinned	1	max_ns	3112596.518519	4	1.0000	0	0		
rank	sfx-64	(set)	large-subject-throughput	plain	same program	pcrec_1989c62_auto-nocaps-simdna	measured	pinned	1	stddev_ns	3534.458979	4	1.0000	0	0		
rank	sfx-64	(set)	large-subject-throughput	plain	same program	pcrec_1989c62_auto-nocaps-simdna	measured	pinned	1	ratio_vs_baseline	0.005177	4	1.0000	0	0		
rank	sfx-64	(set)	large-subject-throughput	plain	same program	pcrec_1989c62_auto-nocaps-simdna	measured	pinned	1	ratio_vs_best	1.000000	4	1.0000	0	0		
rank	sfx-64	(set)	large-subject-throughput	plain	same program	pcrec_1989c62_auto-caps-simdna	measured	pinned	2	median_ns	3111679.854545	4	1.0000	0	0		
rank	sfx-64	(set)	large-subject-throughput	plain	same program	pcrec_1989c62_auto-caps-simdna	measured	pinned	2	min_ns	3101773.254545	4	1.0000	0	0		
rank	sfx-64	(set)	large-subject-throughput	plain	same program	pcrec_1989c62_auto-caps-simdna	measured	pinned	2	max_ns	3145510.872727	4	1.0000	0	0		
rank	sfx-64	(set)	large-subject-throughput	plain	same program	pcrec_1989c62_auto-caps-simdna	measured	pinned	2	stddev_ns	15453.623742	4	1.0000	0	0		
rank	sfx-64	(set)	large-subject-throughput	plain	same program	pcrec_1989c62_auto-caps-simdna	measured	pinned	2	ratio_vs_baseline	0.005183	4	1.0000	0	0		
rank	sfx-64	(set)	large-subject-throughput	plain	same program	pcrec_1989c62_auto-caps-simdna	measured	pinned	2	ratio_vs_best	1.001149	4	1.0000	0	0		
rank	sfx-64	(set)	large-subject-throughput	plain	same program	libpcre2_10.46_jit-caps-simdna	measured	pinned	3	median_ns	33811460.181818	4	1.0000	0	0		
rank	sfx-64	(set)	large-subject-throughput	plain	same program	libpcre2_10.46_jit-caps-simdna	measured	pinned	3	min_ns	33747977.090909	4	1.0000	0	0		
rank	sfx-64	(set)	large-subject-throughput	plain	same program	libpcre2_10.46_jit-caps-simdna	measured	pinned	3	max_ns	41601690.545455	4	1.0000	0	0		
rank	sfx-64	(set)	large-subject-throughput	plain	same program	libpcre2_10.46_jit-caps-simdna	measured	pinned	3	stddev_ns	3623942.131970	4	1.0000	0	0		
rank	sfx-64	(set)	large-subject-throughput	plain	same program	libpcre2_10.46_jit-caps-simdna	measured	pinned	3	ratio_vs_baseline	0.056320	4	1.0000	0	0		
rank	sfx-64	(set)	large-subject-throughput	plain	same program	libpcre2_10.46_jit-caps-simdna	measured	pinned	3	ratio_vs_best	10.878468	4	1.0000	0	0		
rank	sfx-64	(set)	large-subject-throughput	plain	same program	pcrec_1989c62_vm-in-caps-simdna	measured	pinned	4	median_ns	326689857.500000	4	1.0000	0	0		
rank	sfx-64	(set)	large-subject-throughput	plain	same program	pcrec_1989c62_vm-in-caps-simdna	measured	pinned	4	min_ns	326036078.500000	4	1.0000	0	0		
rank	sfx-64	(set)	large-subject-throughput	plain	same program	pcrec_1989c62_vm-in-caps-simdna	measured	pinned	4	max_ns	327325206.500000	4	1.0000	0	0		
rank	sfx-64	(set)	large-subject-throughput	plain	same program	pcrec_1989c62_vm-in-caps-simdna	measured	pinned	4	stddev_ns	433461.659895	4	1.0000	0	0		
rank	sfx-64	(set)	large-subject-throughput	plain	same program	pcrec_1989c62_vm-in-caps-simdna	measured	pinned	4	ratio_vs_baseline	0.544171	4	1.0000	0	0		
rank	sfx-64	(set)	large-subject-throughput	plain	same program	pcrec_1989c62_vm-in-caps-simdna	measured	pinned	4	ratio_vs_best	105.108893	4	1.0000	0	0		
rank	sfx-64	(set)	large-subject-throughput	plain	same program	pcrec_1989c62_vm-caps-simdna	measured	pinned	5	median_ns	328281357.500000	4	1.0000	0	0		
rank	sfx-64	(set)	large-subject-throughput	plain	same program	pcrec_1989c62_vm-caps-simdna	measured	pinned	5	min_ns	326422506.000000	4	1.0000	0	0		
rank	sfx-64	(set)	large-subject-throughput	plain	same program	pcrec_1989c62_vm-caps-simdna	measured	pinned	5	max_ns	333051295.500000	4	1.0000	0	0		
rank	sfx-64	(set)	large-subject-throughput	plain	same program	pcrec_1989c62_vm-caps-simdna	measured	pinned	5	stddev_ns	2212507.771232	4	1.0000	0	0		
rank	sfx-64	(set)	large-subject-throughput	plain	same program	pcrec_1989c62_vm-caps-simdna	measured	pinned	5	ratio_vs_baseline	0.546822	4	1.0000	0	0		
rank	sfx-64	(set)	large-subject-throughput	plain	same program	pcrec_1989c62_vm-caps-simdna	measured	pinned	5	ratio_vs_best	105.620941	4	1.0000	0	0		
rank	sfx-64	(set)	large-subject-throughput	plain	same program	libpcre2_10.46_interp-caps-simdna	measured	pinned	6	median_ns	600344091.000000	4	1.0000	0	0		
rank	sfx-64	(set)	large-subject-throughput	plain	same program	libpcre2_10.46_interp-caps-simdna	measured	pinned	6	min_ns	591620080.000000	4	1.0000	0	0		
rank	sfx-64	(set)	large-subject-throughput	plain	same program	libpcre2_10.46_interp-caps-simdna	measured	pinned	6	max_ns	694390648.000000	4	1.0000	0	0		
rank	sfx-64	(set)	large-subject-throughput	plain	same program	libpcre2_10.46_interp-caps-simdna	measured	pinned	6	stddev_ns	37991726.322342	4	1.0000	0	0		
rank	sfx-64	(set)	large-subject-throughput	plain	same program	libpcre2_10.46_interp-caps-simdna	measured	pinned	6	ratio_vs_baseline	1.000000	4	1.0000	0	0		
rank	sfx-64	(set)	large-subject-throughput	plain	same program	libpcre2_10.46_interp-caps-simdna	measured	pinned	6	ratio_vs_best	193.154153	4	1.0000	0	0		
rank	sfx-64	(set)	match-compliance	whole-subject	separate artifact	pcrec_1989c62_auto-caps-simdna	measured	pinned	1	median_ns	626.383540	38	1.0000	0	0		
rank	sfx-64	(set)	match-compliance	whole-subject	separate artifact	pcrec_1989c62_auto-caps-simdna	measured	pinned	1	min_ns	626.005986	38	1.0000	0	0		
rank	sfx-64	(set)	match-compliance	whole-subject	separate artifact	pcrec_1989c62_auto-caps-simdna	measured	pinned	1	max_ns	631.137116	38	1.0000	0	0		
rank	sfx-64	(set)	match-compliance	whole-subject	separate artifact	pcrec_1989c62_auto-caps-simdna	measured	pinned	1	stddev_ns	1.907011	38	1.0000	0	0		
rank	sfx-64	(set)	match-compliance	whole-subject	separate artifact	pcrec_1989c62_auto-caps-simdna	measured	pinned	1	ratio_vs_baseline	0.268640	38	1.0000	0	0		
rank	sfx-64	(set)	match-compliance	whole-subject	separate artifact	pcrec_1989c62_auto-caps-simdna	measured	pinned	1	ratio_vs_best	1.000000	38	1.0000	0	0		
rank	sfx-64	(set)	match-compliance	whole-subject	separate artifact	pcrec_1989c62_auto-nocaps-simdna	measured	pinned	2	median_ns	627.492548	38	1.0000	0	0		
rank	sfx-64	(set)	match-compliance	whole-subject	separate artifact	pcrec_1989c62_auto-nocaps-simdna	measured	pinned	2	min_ns	625.561445	38	1.0000	0	0		
rank	sfx-64	(set)	match-compliance	whole-subject	separate artifact	pcrec_1989c62_auto-nocaps-simdna	measured	pinned	2	max_ns	635.375465	38	1.0000	0	0		
rank	sfx-64	(set)	match-compliance	whole-subject	separate artifact	pcrec_1989c62_auto-nocaps-simdna	measured	pinned	2	stddev_ns	3.470159	38	1.0000	0	0		
rank	sfx-64	(set)	match-compliance	whole-subject	separate artifact	pcrec_1989c62_auto-nocaps-simdna	measured	pinned	2	ratio_vs_baseline	0.269115	38	1.0000	0	0		
rank	sfx-64	(set)	match-compliance	whole-subject	separate artifact	pcrec_1989c62_auto-nocaps-simdna	measured	pinned	2	ratio_vs_best	1.001770	38	1.0000	0	0		
rank	sfx-64	(set)	match-compliance	plain	same program	libpcre2_10.46_jit-caps-simdna	measured	pinned	3	median_ns	2317.903837	38	1.0000	0	0		
rank	sfx-64	(set)	match-compliance	plain	same program	libpcre2_10.46_jit-caps-simdna	measured	pinned	3	min_ns	2285.988226	38	1.0000	0	0		
rank	sfx-64	(set)	match-compliance	plain	same program	libpcre2_10.46_jit-caps-simdna	measured	pinned	3	max_ns	2347.773639	38	1.0000	0	0		
rank	sfx-64	(set)	match-compliance	plain	same program	libpcre2_10.46_jit-caps-simdna	measured	pinned	3	stddev_ns	20.740365	38	1.0000	0	0		
rank	sfx-64	(set)	match-compliance	plain	same program	libpcre2_10.46_jit-caps-simdna	measured	pinned	3	ratio_vs_baseline	0.994089	38	1.0000	0	0		
rank	sfx-64	(set)	match-compliance	plain	same program	libpcre2_10.46_jit-caps-simdna	measured	pinned	3	ratio_vs_best	3.700455	38	1.0000	0	0		
rank	sfx-64	(set)	match-compliance	plain	same program	libpcre2_10.46_interp-caps-simdna	measured	pinned	4	median_ns	2331.686782	38	1.0000	0	0		
rank	sfx-64	(set)	match-compliance	plain	same program	libpcre2_10.46_interp-caps-simdna	measured	pinned	4	min_ns	2282.250824	38	1.0000	0	0		
rank	sfx-64	(set)	match-compliance	plain	same program	libpcre2_10.46_interp-caps-simdna	measured	pinned	4	max_ns	3002.023928	38	1.0000	0	0		
rank	sfx-64	(set)	match-compliance	plain	same program	libpcre2_10.46_interp-caps-simdna	measured	pinned	4	stddev_ns	275.388159	38	1.0000	0	0		
rank	sfx-64	(set)	match-compliance	plain	same program	libpcre2_10.46_interp-caps-simdna	measured	pinned	4	ratio_vs_baseline	1.000000	38	1.0000	0	0		
rank	sfx-64	(set)	match-compliance	plain	same program	libpcre2_10.46_interp-caps-simdna	measured	pinned	4	ratio_vs_best	3.722459	38	1.0000	0	0		
rank	sfx-64	(set)	match-compliance	whole-subject	separate artifact	pcrec_1989c62_vm-caps-simdna	measured	pinned	5	median_ns	12768.939456	38	1.0000	0	0		
rank	sfx-64	(set)	match-compliance	whole-subject	separate artifact	pcrec_1989c62_vm-caps-simdna	measured	pinned	5	min_ns	12695.714860	38	1.0000	0	0		
rank	sfx-64	(set)	match-compliance	whole-subject	separate artifact	pcrec_1989c62_vm-caps-simdna	measured	pinned	5	max_ns	12857.052820	38	1.0000	0	0		
rank	sfx-64	(set)	match-compliance	whole-subject	separate artifact	pcrec_1989c62_vm-caps-simdna	measured	pinned	5	stddev_ns	53.170075	38	1.0000	0	0		
rank	sfx-64	(set)	match-compliance	whole-subject	separate artifact	pcrec_1989c62_vm-caps-simdna	measured	pinned	5	ratio_vs_baseline	5.476267	38	1.0000	0	0		
rank	sfx-64	(set)	match-compliance	whole-subject	separate artifact	pcrec_1989c62_vm-caps-simdna	measured	pinned	5	ratio_vs_best	20.385177	38	1.0000	0	0		
rank	sfx-64	(set)	match-compliance	whole-subject	separate artifact	pcrec_1989c62_vm-in-caps-simdna	measured	pinned	6	median_ns	12842.600709	38	1.0000	0	0		
rank	sfx-64	(set)	match-compliance	whole-subject	separate artifact	pcrec_1989c62_vm-in-caps-simdna	measured	pinned	6	min_ns	12796.984605	38	1.0000	0	0		
rank	sfx-64	(set)	match-compliance	whole-subject	separate artifact	pcrec_1989c62_vm-in-caps-simdna	measured	pinned	6	max_ns	12870.751586	38	1.0000	0	0		
rank	sfx-64	(set)	match-compliance	whole-subject	separate artifact	pcrec_1989c62_vm-in-caps-simdna	measured	pinned	6	stddev_ns	23.692146	38	1.0000	0	0		
rank	sfx-64	(set)	match-compliance	whole-subject	separate artifact	pcrec_1989c62_vm-in-caps-simdna	measured	pinned	6	ratio_vs_baseline	5.507858	38	1.0000	0	0		
rank	sfx-64	(set)	match-compliance	whole-subject	separate artifact	pcrec_1989c62_vm-in-caps-simdna	measured	pinned	6	ratio_vs_best	20.502775	38	1.0000	0	0		
rank	sfx-64	(set)	short-subject-search	plain	same program	pcrec_1989c62_auto-nocaps-simdna	measured	pinned	1	median_ns	7590.634325	38	1.0000	0	0		
rank	sfx-64	(set)	short-subject-search	plain	same program	pcrec_1989c62_auto-nocaps-simdna	measured	pinned	1	min_ns	7575.094525	38	1.0000	0	0		
rank	sfx-64	(set)	short-subject-search	plain	same program	pcrec_1989c62_auto-nocaps-simdna	measured	pinned	1	max_ns	7597.909213	38	1.0000	0	0		
rank	sfx-64	(set)	short-subject-search	plain	same program	pcrec_1989c62_auto-nocaps-simdna	measured	pinned	1	stddev_ns	7.985186	38	1.0000	0	0		
rank	sfx-64	(set)	short-subject-search	plain	same program	pcrec_1989c62_auto-nocaps-simdna	measured	pinned	1	ratio_vs_baseline	0.003200	38	1.0000	0	0		
rank	sfx-64	(set)	short-subject-search	plain	same program	pcrec_1989c62_auto-nocaps-simdna	measured	pinned	1	ratio_vs_best	1.000000	38	1.0000	0	0		
rank	sfx-64	(set)	short-subject-search	plain	same program	pcrec_1989c62_auto-caps-simdna	measured	pinned	2	median_ns	7599.207076	38	1.0000	0	0		
rank	sfx-64	(set)	short-subject-search	plain	same program	pcrec_1989c62_auto-caps-simdna	measured	pinned	2	min_ns	7579.109945	38	1.0000	0	0		
rank	sfx-64	(set)	short-subject-search	plain	same program	pcrec_1989c62_auto-caps-simdna	measured	pinned	2	max_ns	7645.550284	38	1.0000	0	0		
rank	sfx-64	(set)	short-subject-search	plain	same program	pcrec_1989c62_auto-caps-simdna	measured	pinned	2	stddev_ns	23.563020	38	1.0000	0	0		
rank	sfx-64	(set)	short-subject-search	plain	same program	pcrec_1989c62_auto-caps-simdna	measured	pinned	2	ratio_vs_baseline	0.003203	38	1.0000	0	0		
rank	sfx-64	(set)	short-subject-search	plain	same program	pcrec_1989c62_auto-caps-simdna	measured	pinned	2	ratio_vs_best	1.001129	38	1.0000	0	0		
rank	sfx-64	(set)	short-subject-search	plain	same program	libpcre2_10.46_jit-caps-simdna	measured	pinned	3	median_ns	137381.118522	38	1.0000	0	0		
rank	sfx-64	(set)	short-subject-search	plain	same program	libpcre2_10.46_jit-caps-simdna	measured	pinned	3	min_ns	137047.091115	38	1.0000	0	0		
rank	sfx-64	(set)	short-subject-search	plain	same program	libpcre2_10.46_jit-caps-simdna	measured	pinned	3	max_ns	137423.060150	38	1.0000	0	0		
rank	sfx-64	(set)	short-subject-search	plain	same program	libpcre2_10.46_jit-caps-simdna	measured	pinned	3	stddev_ns	161.470863	38	1.0000	0	0		
rank	sfx-64	(set)	short-subject-search	plain	same program	libpcre2_10.46_jit-caps-simdna	measured	pinned	3	ratio_vs_baseline	0.057912	38	1.0000	0	0		
rank	sfx-64	(set)	short-subject-search	plain	same program	libpcre2_10.46_jit-caps-simdna	measured	pinned	3	ratio_vs_best	18.098767	38	1.0000	0	0		
rank	sfx-64	(set)	short-subject-search	plain	same program	pcrec_1989c62_vm-in-caps-simdna	measured	pinned	4	median_ns	1746899.705882	38	1.0000	0	0		
rank	sfx-64	(set)	short-subject-search	plain	same program	pcrec_1989c62_vm-in-caps-simdna	measured	pinned	4	min_ns	1744778.324324	38	1.0000	0	0		
rank	sfx-64	(set)	short-subject-search	plain	same program	pcrec_1989c62_vm-in-caps-simdna	measured	pinned	4	max_ns	1750829.917329	38	1.0000	0	0		
rank	sfx-64	(set)	short-subject-search	plain	same program	pcrec_1989c62_vm-in-caps-simdna	measured	pinned	4	stddev_ns	2206.636752	38	1.0000	0	0		
rank	sfx-64	(set)	short-subject-search	plain	same program	pcrec_1989c62_vm-in-caps-simdna	measured	pinned	4	ratio_vs_baseline	0.736399	38	1.0000	0	0		
rank	sfx-64	(set)	short-subject-search	plain	same program	pcrec_1989c62_vm-in-caps-simdna	measured	pinned	4	ratio_vs_best	230.138830	38	1.0000	0	0		
rank	sfx-64	(set)	short-subject-search	plain	same program	pcrec_1989c62_vm-caps-simdna	measured	pinned	5	median_ns	1748939.628165	38	1.0000	0	0		
rank	sfx-64	(set)	short-subject-search	plain	same program	pcrec_1989c62_vm-caps-simdna	measured	pinned	5	min_ns	1740961.713608	38	1.0000	0	0		
rank	sfx-64	(set)	short-subject-search	plain	same program	pcrec_1989c62_vm-caps-simdna	measured	pinned	5	max_ns	2040742.087025	38	1.0000	0	0		
rank	sfx-64	(set)	short-subject-search	plain	same program	pcrec_1989c62_vm-caps-simdna	measured	pinned	5	stddev_ns	117592.264205	38	1.0000	0	0		
rank	sfx-64	(set)	short-subject-search	plain	same program	pcrec_1989c62_vm-caps-simdna	measured	pinned	5	ratio_vs_baseline	0.737259	38	1.0000	0	0		
rank	sfx-64	(set)	short-subject-search	plain	same program	pcrec_1989c62_vm-caps-simdna	measured	pinned	5	ratio_vs_best	230.407572	38	1.0000	0	0		
rank	sfx-64	(set)	short-subject-search	plain	same program	libpcre2_10.46_interp-caps-simdna	measured	pinned	6	median_ns	2372219.353026	38	1.0000	0	0		
rank	sfx-64	(set)	short-subject-search	plain	same program	libpcre2_10.46_interp-caps-simdna	measured	pinned	6	min_ns	2370136.935159	38	1.0000	0	0		
rank	sfx-64	(set)	short-subject-search	plain	same program	libpcre2_10.46_interp-caps-simdna	measured	pinned	6	max_ns	2413507.338617	38	1.0000	0	0		
rank	sfx-64	(set)	short-subject-search	plain	same program	libpcre2_10.46_interp-caps-simdna	measured	pinned	6	stddev_ns	19217.657499	38	1.0000	0	0		
rank	sfx-64	(set)	short-subject-search	plain	same program	libpcre2_10.46_interp-caps-simdna	measured	pinned	6	ratio_vs_baseline	1.000000	38	1.0000	0	0		
rank	sfx-64	(set)	short-subject-search	plain	same program	libpcre2_10.46_interp-caps-simdna	measured	pinned	6	ratio_vs_best	312.519251	38	1.0000	0	0		
rank	sh1-512	(set)	large-subject-throughput	plain	same program	libpcre2_10.46_jit-caps-simdna	measured	pinned	1	median_ns	22876377.266667	4	1.0000	0	0		
rank	sh1-512	(set)	large-subject-throughput	plain	same program	libpcre2_10.46_jit-caps-simdna	measured	pinned	1	min_ns	22780602.733333	4	1.0000	0	0		
rank	sh1-512	(set)	large-subject-throughput	plain	same program	libpcre2_10.46_jit-caps-simdna	measured	pinned	1	max_ns	25756459.800000	4	1.0000	0	0		
rank	sh1-512	(set)	large-subject-throughput	plain	same program	libpcre2_10.46_jit-caps-simdna	measured	pinned	1	stddev_ns	1166369.385113	4	1.0000	0	0		
rank	sh1-512	(set)	large-subject-throughput	plain	same program	libpcre2_10.46_jit-caps-simdna	measured	pinned	1	ratio_vs_baseline	0.093891	4	1.0000	0	0		
rank	sh1-512	(set)	large-subject-throughput	plain	same program	libpcre2_10.46_jit-caps-simdna	measured	pinned	1	ratio_vs_best	1.000000	4	1.0000	0	0		
rank	sh1-512	(set)	large-subject-throughput	plain	same program	libpcre2_10.46_interp-caps-simdna	measured	pinned	2	median_ns	243647077.000000	4	1.0000	0	0		
rank	sh1-512	(set)	large-subject-throughput	plain	same program	libpcre2_10.46_interp-caps-simdna	measured	pinned	2	min_ns	241922392.000000	4	1.0000	0	0		
rank	sh1-512	(set)	large-subject-throughput	plain	same program	libpcre2_10.46_interp-caps-simdna	measured	pinned	2	max_ns	246653265.000000	4	1.0000	0	0		
rank	sh1-512	(set)	large-subject-throughput	plain	same program	libpcre2_10.46_interp-caps-simdna	measured	pinned	2	stddev_ns	1658082.328947	4	1.0000	0	0		
rank	sh1-512	(set)	large-subject-throughput	plain	same program	libpcre2_10.46_interp-caps-simdna	measured	pinned	2	ratio_vs_baseline	1.000000	4	1.0000	0	0		
rank	sh1-512	(set)	large-subject-throughput	plain	same program	libpcre2_10.46_interp-caps-simdna	measured	pinned	2	ratio_vs_best	10.650597	4	1.0000	0	0		
did_not_compile	sh1-512	(set)	large-subject-throughput			pcrec_1989c62_auto-caps-simdna	did-not-compile									pcrec: pattern too large: 1524587 bytes of emitted C source (limit 1000000, ~253 KB .o). Lower a repeat count, try --unroll=1, or raise --max-emit-bytes; see limits.md "Handling an oversized artifact" (pattern offset 0)	
did_not_compile	sh1-512	(set)	large-subject-throughput			pcrec_1989c62_auto-nocaps-simdna	did-not-compile									pcrec: pattern too large: 1524587 bytes of emitted C source (limit 1000000, ~253 KB .o). Lower a repeat count, try --unroll=1, or raise --max-emit-bytes; see limits.md "Handling an oversized artifact" (pattern offset 0)	
did_not_compile	sh1-512	(set)	large-subject-throughput			pcrec_1989c62_vm-caps-simdna	did-not-compile									pcrec: pattern too large: 656433 bytes of emitted code (limit 500000), which gcc cannot compile in reasonable time. A repeat's body is replicated and counts MULTIPLY through nesting -- lower a count, try --unroll=1, or raise --max-emit-code-bytes (pattern offset 0)	
did_not_compile	sh1-512	(set)	large-subject-throughput			pcrec_1989c62_vm-in-caps-simdna	did-not-compile									pcrec: pattern too large: 656433 bytes of emitted code (limit 500000), which gcc cannot compile in reasonable time. A repeat's body is replicated and counts MULTIPLY through nesting -- lower a count, try --unroll=1, or raise --max-emit-code-bytes (pattern offset 0)	
rank	sh1-512	(set)	match-compliance	plain	same program	libpcre2_10.46_interp-caps-simdna	measured	pinned	1	median_ns	11125.018601	38	1.0000	0	0		
rank	sh1-512	(set)	match-compliance	plain	same program	libpcre2_10.46_interp-caps-simdna	measured	pinned	1	min_ns	11094.131018	38	1.0000	0	0		
rank	sh1-512	(set)	match-compliance	plain	same program	libpcre2_10.46_interp-caps-simdna	measured	pinned	1	max_ns	11149.694737	38	1.0000	0	0		
rank	sh1-512	(set)	match-compliance	plain	same program	libpcre2_10.46_interp-caps-simdna	measured	pinned	1	stddev_ns	18.390423	38	1.0000	0	0		
rank	sh1-512	(set)	match-compliance	plain	same program	libpcre2_10.46_interp-caps-simdna	measured	pinned	1	ratio_vs_baseline	1.000000	38	1.0000	0	0		
rank	sh1-512	(set)	match-compliance	plain	same program	libpcre2_10.46_interp-caps-simdna	measured	pinned	1	ratio_vs_best	1.000000	38	1.0000	0	0		
rank	sh1-512	(set)	match-compliance	plain	same program	libpcre2_10.46_jit-caps-simdna	measured	pinned	2	median_ns	11132.843007	38	1.0000	0	0		
rank	sh1-512	(set)	match-compliance	plain	same program	libpcre2_10.46_jit-caps-simdna	measured	pinned	2	min_ns	11099.504817	38	1.0000	0	0		
rank	sh1-512	(set)	match-compliance	plain	same program	libpcre2_10.46_jit-caps-simdna	measured	pinned	2	max_ns	11160.334310	38	1.0000	0	0		
rank	sh1-512	(set)	match-compliance	plain	same program	libpcre2_10.46_jit-caps-simdna	measured	pinned	2	stddev_ns	21.530712	38	1.0000	0	0		
rank	sh1-512	(set)	match-compliance	plain	same program	libpcre2_10.46_jit-caps-simdna	measured	pinned	2	ratio_vs_baseline	1.000703	38	1.0000	0	0		
rank	sh1-512	(set)	match-compliance	plain	same program	libpcre2_10.46_jit-caps-simdna	measured	pinned	2	ratio_vs_best	1.000703	38	1.0000	0	0		
did_not_compile	sh1-512	(set)	match-compliance			pcrec_1989c62_auto-caps-simdna	did-not-compile									pcrec: pattern too large: 1524587 bytes of emitted C source (limit 1000000, ~253 KB .o). Lower a repeat count, try --unroll=1, or raise --max-emit-bytes; see limits.md "Handling an oversized artifact" (pattern offset 0)	
did_not_compile	sh1-512	(set)	match-compliance			pcrec_1989c62_auto-nocaps-simdna	did-not-compile									pcrec: pattern too large: 1524587 bytes of emitted C source (limit 1000000, ~253 KB .o). Lower a repeat count, try --unroll=1, or raise --max-emit-bytes; see limits.md "Handling an oversized artifact" (pattern offset 0)	
did_not_compile	sh1-512	(set)	match-compliance			pcrec_1989c62_vm-caps-simdna	did-not-compile									pcrec: pattern too large: 656433 bytes of emitted code (limit 500000), which gcc cannot compile in reasonable time. A repeat's body is replicated and counts MULTIPLY through nesting -- lower a count, try --unroll=1, or raise --max-emit-code-bytes (pattern offset 0)	
did_not_compile	sh1-512	(set)	match-compliance			pcrec_1989c62_vm-in-caps-simdna	did-not-compile									pcrec: pattern too large: 656433 bytes of emitted code (limit 500000), which gcc cannot compile in reasonable time. A repeat's body is replicated and counts MULTIPLY through nesting -- lower a count, try --unroll=1, or raise --max-emit-code-bytes (pattern offset 0)	
rank	sh1-512	(set)	short-subject-search	plain	same program	libpcre2_10.46_jit-caps-simdna	measured	pinned	1	median_ns	120723.052443	38	1.0000	0	0		
rank	sh1-512	(set)	short-subject-search	plain	same program	libpcre2_10.46_jit-caps-simdna	measured	pinned	1	min_ns	120562.079971	38	1.0000	0	0		
rank	sh1-512	(set)	short-subject-search	plain	same program	libpcre2_10.46_jit-caps-simdna	measured	pinned	1	max_ns	121157.443226	38	1.0000	0	0		
rank	sh1-512	(set)	short-subject-search	plain	same program	libpcre2_10.46_jit-caps-simdna	measured	pinned	1	stddev_ns	202.308595	38	1.0000	0	0		
rank	sh1-512	(set)	short-subject-search	plain	same program	libpcre2_10.46_jit-caps-simdna	measured	pinned	1	ratio_vs_baseline	0.094260	38	1.0000	0	0		
rank	sh1-512	(set)	short-subject-search	plain	same program	libpcre2_10.46_jit-caps-simdna	measured	pinned	1	ratio_vs_best	1.000000	38	1.0000	0	0		
rank	sh1-512	(set)	short-subject-search	plain	same program	libpcre2_10.46_interp-caps-simdna	measured	pinned	2	median_ns	1280745.053411	38	1.0000	0	0		
rank	sh1-512	(set)	short-subject-search	plain	same program	libpcre2_10.46_interp-caps-simdna	measured	pinned	2	min_ns	1279417.969328	38	1.0000	0	0		
rank	sh1-512	(set)	short-subject-search	plain	same program	libpcre2_10.46_interp-caps-simdna	measured	pinned	2	max_ns	1283771.908514	38	1.0000	0	0		
rank	sh1-512	(set)	short-subject-search	plain	same program	libpcre2_10.46_interp-caps-simdna	measured	pinned	2	stddev_ns	1939.165280	38	1.0000	0	0		
rank	sh1-512	(set)	short-subject-search	plain	same program	libpcre2_10.46_interp-caps-simdna	measured	pinned	2	ratio_vs_baseline	1.000000	38	1.0000	0	0		
rank	sh1-512	(set)	short-subject-search	plain	same program	libpcre2_10.46_interp-caps-simdna	measured	pinned	2	ratio_vs_best	10.608952	38	1.0000	0	0		
did_not_compile	sh1-512	(set)	short-subject-search			pcrec_1989c62_auto-caps-simdna	did-not-compile									pcrec: pattern too large: 1524587 bytes of emitted C source (limit 1000000, ~253 KB .o). Lower a repeat count, try --unroll=1, or raise --max-emit-bytes; see limits.md "Handling an oversized artifact" (pattern offset 0)	
did_not_compile	sh1-512	(set)	short-subject-search			pcrec_1989c62_auto-nocaps-simdna	did-not-compile									pcrec: pattern too large: 1524587 bytes of emitted C source (limit 1000000, ~253 KB .o). Lower a repeat count, try --unroll=1, or raise --max-emit-bytes; see limits.md "Handling an oversized artifact" (pattern offset 0)	
did_not_compile	sh1-512	(set)	short-subject-search			pcrec_1989c62_vm-caps-simdna	did-not-compile									pcrec: pattern too large: 656433 bytes of emitted code (limit 500000), which gcc cannot compile in reasonable time. A repeat's body is replicated and counts MULTIPLY through nesting -- lower a count, try --unroll=1, or raise --max-emit-code-bytes (pattern offset 0)	
did_not_compile	sh1-512	(set)	short-subject-search			pcrec_1989c62_vm-in-caps-simdna	did-not-compile									pcrec: pattern too large: 656433 bytes of emitted code (limit 500000), which gcc cannot compile in reasonable time. A repeat's body is replicated and counts MULTIPLY through nesting -- lower a count, try --unroll=1, or raise --max-emit-code-bytes (pattern offset 0)	
rank	sh1-64	(set)	large-subject-throughput	plain	same program	pcrec_1989c62_auto-caps-simdna	measured	pinned	1	median_ns	455306.964052	4	1.0000	0	0		
rank	sh1-64	(set)	large-subject-throughput	plain	same program	pcrec_1989c62_auto-caps-simdna	measured	pinned	1	min_ns	454570.325163	4	1.0000	0	0		
rank	sh1-64	(set)	large-subject-throughput	plain	same program	pcrec_1989c62_auto-caps-simdna	measured	pinned	1	max_ns	458520.741830	4	1.0000	0	0		
rank	sh1-64	(set)	large-subject-throughput	plain	same program	pcrec_1989c62_auto-caps-simdna	measured	pinned	1	stddev_ns	1420.408694	4	1.0000	0	0		
rank	sh1-64	(set)	large-subject-throughput	plain	same program	pcrec_1989c62_auto-caps-simdna	measured	pinned	1	ratio_vs_baseline	0.013820	4	1.0000	0	0		
rank	sh1-64	(set)	large-subject-throughput	plain	same program	pcrec_1989c62_auto-caps-simdna	measured	pinned	1	ratio_vs_best	1.000000	4	1.0000	0	0		
rank	sh1-64	(set)	large-subject-throughput	plain	same program	pcrec_1989c62_auto-nocaps-simdna	measured	pinned	2	median_ns	455432.535599	4	1.0000	0	0		
rank	sh1-64	(set)	large-subject-throughput	plain	same program	pcrec_1989c62_auto-nocaps-simdna	measured	pinned	2	min_ns	454619.812298	4	1.0000	0	0		
rank	sh1-64	(set)	large-subject-throughput	plain	same program	pcrec_1989c62_auto-nocaps-simdna	measured	pinned	2	max_ns	458465.788026	4	1.0000	0	0		
rank	sh1-64	(set)	large-subject-throughput	plain	same program	pcrec_1989c62_auto-nocaps-simdna	measured	pinned	2	stddev_ns	1366.878085	4	1.0000	0	0		
rank	sh1-64	(set)	large-subject-throughput	plain	same program	pcrec_1989c62_auto-nocaps-simdna	measured	pinned	2	ratio_vs_baseline	0.013824	4	1.0000	0	0		
rank	sh1-64	(set)	large-subject-throughput	plain	same program	pcrec_1989c62_auto-nocaps-simdna	measured	pinned	2	ratio_vs_best	1.000276	4	1.0000	0	0		
rank	sh1-64	(set)	large-subject-throughput	plain	same program	libpcre2_10.46_jit-caps-simdna	measured	pinned	3	median_ns	1749430.827778	4	1.0000	0	0		
rank	sh1-64	(set)	large-subject-throughput	plain	same program	libpcre2_10.46_jit-caps-simdna	measured	pinned	3	min_ns	1662927.872222	4	1.0000	0	0		
rank	sh1-64	(set)	large-subject-throughput	plain	same program	libpcre2_10.46_jit-caps-simdna	measured	pinned	3	max_ns	1809242.744444	4	1.0000	0	0		
rank	sh1-64	(set)	large-subject-throughput	plain	same program	libpcre2_10.46_jit-caps-simdna	measured	pinned	3	stddev_ns	53369.132102	4	1.0000	0	0		
rank	sh1-64	(set)	large-subject-throughput	plain	same program	libpcre2_10.46_jit-caps-simdna	measured	pinned	3	ratio_vs_baseline	0.053101	4	1.0000	0	0		
rank	sh1-64	(set)	large-subject-throughput	plain	same program	libpcre2_10.46_jit-caps-simdna	measured	pinned	3	ratio_vs_best	3.842311	4	1.0000	0	0		
rank	sh1-64	(set)	large-subject-throughput	plain	same program	pcrec_1989c62_vm-in-caps-simdna	measured	pinned	4	median_ns	11647815.466667	4	1.0000	0	0		
rank	sh1-64	(set)	large-subject-throughput	plain	same program	pcrec_1989c62_vm-in-caps-simdna	measured	pinned	4	min_ns	11613653.900000	4	1.0000	0	0		
rank	sh1-64	(set)	large-subject-throughput	plain	same program	pcrec_1989c62_vm-in-caps-simdna	measured	pinned	4	max_ns	11722908.933333	4	1.0000	0	0		
rank	sh1-64	(set)	large-subject-throughput	plain	same program	pcrec_1989c62_vm-in-caps-simdna	measured	pinned	4	stddev_ns	38028.795958	4	1.0000	0	0		
rank	sh1-64	(set)	large-subject-throughput	plain	same program	pcrec_1989c62_vm-in-caps-simdna	measured	pinned	4	ratio_vs_baseline	0.353551	4	1.0000	0	0		
rank	sh1-64	(set)	large-subject-throughput	plain	same program	pcrec_1989c62_vm-in-caps-simdna	measured	pinned	4	ratio_vs_best	25.582335	4	1.0000	0	0		
rank	sh1-64	(set)	large-subject-throughput	plain	same program	pcrec_1989c62_vm-caps-simdna	measured	pinned	5	median_ns	11679995.517241	4	1.0000	0	0		
rank	sh1-64	(set)	large-subject-throughput	plain	same program	pcrec_1989c62_vm-caps-simdna	measured	pinned	5	min_ns	11613582.689655	4	1.0000	0	0		
rank	sh1-64	(set)	large-subject-throughput	plain	same program	pcrec_1989c62_vm-caps-simdna	measured	pinned	5	max_ns	11737179.310345	4	1.0000	0	0		
rank	sh1-64	(set)	large-subject-throughput	plain	same program	pcrec_1989c62_vm-caps-simdna	measured	pinned	5	stddev_ns	43619.690239	4	1.0000	0	0		
rank	sh1-64	(set)	large-subject-throughput	plain	same program	pcrec_1989c62_vm-caps-simdna	measured	pinned	5	ratio_vs_baseline	0.354528	4	1.0000	0	0		
rank	sh1-64	(set)	large-subject-throughput	plain	same program	pcrec_1989c62_vm-caps-simdna	measured	pinned	5	ratio_vs_best	25.653013	4	1.0000	0	0		
rank	sh1-64	(set)	large-subject-throughput	plain	same program	libpcre2_10.46_interp-caps-simdna	measured	pinned	6	median_ns	32945210.818182	4	1.0000	0	0		
rank	sh1-64	(set)	large-subject-throughput	plain	same program	libpcre2_10.46_interp-caps-simdna	measured	pinned	6	min_ns	32823902.818182	4	1.0000	0	0		
rank	sh1-64	(set)	large-subject-throughput	plain	same program	libpcre2_10.46_interp-caps-simdna	measured	pinned	6	max_ns	33527882.454545	4	1.0000	0	0		
rank	sh1-64	(set)	large-subject-throughput	plain	same program	libpcre2_10.46_interp-caps-simdna	measured	pinned	6	stddev_ns	250633.458651	4	1.0000	0	0		
rank	sh1-64	(set)	large-subject-throughput	plain	same program	libpcre2_10.46_interp-caps-simdna	measured	pinned	6	ratio_vs_baseline	1.000000	4	1.0000	0	0		
rank	sh1-64	(set)	large-subject-throughput	plain	same program	libpcre2_10.46_interp-caps-simdna	measured	pinned	6	ratio_vs_best	72.358241	4	1.0000	0	0		
rank	sh1-64	(set)	match-compliance	whole-subject	separate artifact	pcrec_1989c62_auto-caps-simdna	measured	pinned	1	median_ns	534.437414	38	1.0000	0	0		
rank	sh1-64	(set)	match-compliance	whole-subject	separate artifact	pcrec_1989c62_auto-caps-simdna	measured	pinned	1	min_ns	533.775278	38	1.0000	0	0		
rank	sh1-64	(set)	match-compliance	whole-subject	separate artifact	pcrec_1989c62_auto-caps-simdna	measured	pinned	1	max_ns	539.025413	38	1.0000	0	0		
rank	sh1-64	(set)	match-compliance	whole-subject	separate artifact	pcrec_1989c62_auto-caps-simdna	measured	pinned	1	stddev_ns	2.047065	38	1.0000	0	0		
rank	sh1-64	(set)	match-compliance	whole-subject	separate artifact	pcrec_1989c62_auto-caps-simdna	measured	pinned	1	ratio_vs_baseline	0.207656	38	1.0000	0	0		
rank	sh1-64	(set)	match-compliance	whole-subject	separate artifact	pcrec_1989c62_auto-caps-simdna	measured	pinned	1	ratio_vs_best	1.000000	38	1.0000	0	0		
rank	sh1-64	(set)	match-compliance	whole-subject	separate artifact	pcrec_1989c62_auto-nocaps-simdna	measured	pinned	2	median_ns	534.779921	38	1.0000	0	0		
rank	sh1-64	(set)	match-compliance	whole-subject	separate artifact	pcrec_1989c62_auto-nocaps-simdna	measured	pinned	2	min_ns	534.195744	38	1.0000	0	0		
rank	sh1-64	(set)	match-compliance	whole-subject	separate artifact	pcrec_1989c62_auto-nocaps-simdna	measured	pinned	2	max_ns	539.875985	38	1.0000	0	0		
rank	sh1-64	(set)	match-compliance	whole-subject	separate artifact	pcrec_1989c62_auto-nocaps-simdna	measured	pinned	2	stddev_ns	2.110592	38	1.0000	0	0		
rank	sh1-64	(set)	match-compliance	whole-subject	separate artifact	pcrec_1989c62_auto-nocaps-simdna	measured	pinned	2	ratio_vs_baseline	0.207789	38	1.0000	0	0		
rank	sh1-64	(set)	match-compliance	whole-subject	separate artifact	pcrec_1989c62_auto-nocaps-simdna	measured	pinned	2	ratio_vs_best	1.000641	38	1.0000	0	0		
rank	sh1-64	(set)	match-compliance	whole-subject	separate artifact	pcrec_1989c62_vm-caps-simdna	measured	pinned	3	median_ns	645.248197	38	1.0000	0	0		
rank	sh1-64	(set)	match-compliance	whole-subject	separate artifact	pcrec_1989c62_vm-caps-simdna	measured	pinned	3	min_ns	643.772469	38	1.0000	0	0		
rank	sh1-64	(set)	match-compliance	whole-subject	separate artifact	pcrec_1989c62_vm-caps-simdna	measured	pinned	3	max_ns	647.865121	38	1.0000	0	0		
rank	sh1-64	(set)	match-compliance	whole-subject	separate artifact	pcrec_1989c62_vm-caps-simdna	measured	pinned	3	stddev_ns	1.472870	38	1.0000	0	0		
rank	sh1-64	(set)	match-compliance	whole-subject	separate artifact	pcrec_1989c62_vm-caps-simdna	measured	pinned	3	ratio_vs_baseline	0.250711	38	1.0000	0	0		
rank	sh1-64	(set)	match-compliance	whole-subject	separate artifact	pcrec_1989c62_vm-caps-simdna	measured	pinned	3	ratio_vs_best	1.207341	38	1.0000	0	0		
rank	sh1-64	(set)	match-compliance	whole-subject	separate artifact	pcrec_1989c62_vm-in-caps-simdna	measured	pinned	4	median_ns	740.829807	38	1.0000	0	0		
rank	sh1-64	(set)	match-compliance	whole-subject	separate artifact	pcrec_1989c62_vm-in-caps-simdna	measured	pinned	4	min_ns	739.140521	38	1.0000	0	0		
rank	sh1-64	(set)	match-compliance	whole-subject	separate artifact	pcrec_1989c62_vm-in-caps-simdna	measured	pinned	4	max_ns	743.028790	38	1.0000	0	0		
rank	sh1-64	(set)	match-compliance	whole-subject	separate artifact	pcrec_1989c62_vm-in-caps-simdna	measured	pinned	4	stddev_ns	1.469432	38	1.0000	0	0		
rank	sh1-64	(set)	match-compliance	whole-subject	separate artifact	pcrec_1989c62_vm-in-caps-simdna	measured	pinned	4	ratio_vs_baseline	0.287850	38	1.0000	0	0		
rank	sh1-64	(set)	match-compliance	whole-subject	separate artifact	pcrec_1989c62_vm-in-caps-simdna	measured	pinned	4	ratio_vs_best	1.386186	38	1.0000	0	0		
rank	sh1-64	(set)	match-compliance	plain	same program	libpcre2_10.46_jit-caps-simdna	measured	pinned	5	median_ns	2556.159122	38	1.0000	0	0		
rank	sh1-64	(set)	match-compliance	plain	same program	libpcre2_10.46_jit-caps-simdna	measured	pinned	5	min_ns	2536.401890	38	1.0000	0	0		
rank	sh1-64	(set)	match-compliance	plain	same program	libpcre2_10.46_jit-caps-simdna	measured	pinned	5	max_ns	2580.643041	38	1.0000	0	0		
rank	sh1-64	(set)	match-compliance	plain	same program	libpcre2_10.46_jit-caps-simdna	measured	pinned	5	stddev_ns	14.067775	38	1.0000	0	0		
rank	sh1-64	(set)	match-compliance	plain	same program	libpcre2_10.46_jit-caps-simdna	measured	pinned	5	ratio_vs_baseline	0.993197	38	1.0000	0	0		
rank	sh1-64	(set)	match-compliance	plain	same program	libpcre2_10.46_jit-caps-simdna	measured	pinned	5	ratio_vs_best	4.782897	38	1.0000	0	0		
rank	sh1-64	(set)	match-compliance	plain	same program	libpcre2_10.46_interp-caps-simdna	measured	pinned	6	median_ns	2573.668238	38	1.0000	0	0		
rank	sh1-64	(set)	match-compliance	plain	same program	libpcre2_10.46_interp-caps-simdna	measured	pinned	6	min_ns	2556.042227	38	1.0000	0	0		
rank	sh1-64	(set)	match-compliance	plain	same program	libpcre2_10.46_interp-caps-simdna	measured	pinned	6	max_ns	2586.069321	38	1.0000	0	0		
rank	sh1-64	(set)	match-compliance	plain	same program	libpcre2_10.46_interp-caps-simdna	measured	pinned	6	stddev_ns	10.053272	38	1.0000	0	0		
rank	sh1-64	(set)	match-compliance	plain	same program	libpcre2_10.46_interp-caps-simdna	measured	pinned	6	ratio_vs_baseline	1.000000	38	1.0000	0	0		
rank	sh1-64	(set)	match-compliance	plain	same program	libpcre2_10.46_interp-caps-simdna	measured	pinned	6	ratio_vs_best	4.815659	38	1.0000	0	0		
rank	sh1-64	(set)	short-subject-search	plain	same program	pcrec_1989c62_auto-caps-simdna	measured	pinned	1	median_ns	1419.718974	38	1.0000	0	0		
rank	sh1-64	(set)	short-subject-search	plain	same program	pcrec_1989c62_auto-caps-simdna	measured	pinned	1	min_ns	1417.343034	38	1.0000	0	0		
rank	sh1-64	(set)	short-subject-search	plain	same program	pcrec_1989c62_auto-caps-simdna	measured	pinned	1	max_ns	1431.541913	38	1.0000	0	0		
rank	sh1-64	(set)	short-subject-search	plain	same program	pcrec_1989c62_auto-caps-simdna	measured	pinned	1	stddev_ns	5.917372	38	1.0000	0	0		
rank	sh1-64	(set)	short-subject-search	plain	same program	pcrec_1989c62_auto-caps-simdna	measured	pinned	1	ratio_vs_baseline	0.008137	38	1.0000	0	0		
rank	sh1-64	(set)	short-subject-search	plain	same program	pcrec_1989c62_auto-caps-simdna	measured	pinned	1	ratio_vs_best	1.000000	38	1.0000	0	0		
rank	sh1-64	(set)	short-subject-search	plain	same program	pcrec_1989c62_auto-nocaps-simdna	measured	pinned	2	median_ns	1420.148573	38	1.0000	0	0		
rank	sh1-64	(set)	short-subject-search	plain	same program	pcrec_1989c62_auto-nocaps-simdna	measured	pinned	2	min_ns	1417.526252	38	1.0000	0	0		
rank	sh1-64	(set)	short-subject-search	plain	same program	pcrec_1989c62_auto-nocaps-simdna	measured	pinned	2	max_ns	1432.570172	38	1.0000	0	0		
rank	sh1-64	(set)	short-subject-search	plain	same program	pcrec_1989c62_auto-nocaps-simdna	measured	pinned	2	stddev_ns	5.718566	38	1.0000	0	0		
rank	sh1-64	(set)	short-subject-search	plain	same program	pcrec_1989c62_auto-nocaps-simdna	measured	pinned	2	ratio_vs_baseline	0.008140	38	1.0000	0	0		
rank	sh1-64	(set)	short-subject-search	plain	same program	pcrec_1989c62_auto-nocaps-simdna	measured	pinned	2	ratio_vs_best	1.000303	38	1.0000	0	0		
rank	sh1-64	(set)	short-subject-search	plain	same program	libpcre2_10.46_jit-caps-simdna	measured	pinned	3	median_ns	10056.806429	38	1.0000	0	0		
rank	sh1-64	(set)	short-subject-search	plain	same program	libpcre2_10.46_jit-caps-simdna	measured	pinned	3	min_ns	9649.941355	38	1.0000	0	0		
rank	sh1-64	(set)	short-subject-search	plain	same program	libpcre2_10.46_jit-caps-simdna	measured	pinned	3	max_ns	10326.269624	38	1.0000	0	0		
rank	sh1-64	(set)	short-subject-search	plain	same program	libpcre2_10.46_jit-caps-simdna	measured	pinned	3	stddev_ns	264.272547	38	1.0000	0	0		
rank	sh1-64	(set)	short-subject-search	plain	same program	libpcre2_10.46_jit-caps-simdna	measured	pinned	3	ratio_vs_baseline	0.057643	38	1.0000	0	0		
rank	sh1-64	(set)	short-subject-search	plain	same program	libpcre2_10.46_jit-caps-simdna	measured	pinned	3	ratio_vs_best	7.083660	38	1.0000	0	0		
rank	sh1-64	(set)	short-subject-search	plain	same program	pcrec_1989c62_vm-caps-simdna	measured	pinned	4	median_ns	62047.097970	38	1.0000	0	0		
rank	sh1-64	(set)	short-subject-search	plain	same program	pcrec_1989c62_vm-caps-simdna	measured	pinned	4	min_ns	61812.439791	38	1.0000	0	0		
rank	sh1-64	(set)	short-subject-search	plain	same program	pcrec_1989c62_vm-caps-simdna	measured	pinned	4	max_ns	62225.892527	38	1.0000	0	0		
rank	sh1-64	(set)	short-subject-search	plain	same program	pcrec_1989c62_vm-caps-simdna	measured	pinned	4	stddev_ns	139.931644	38	1.0000	0	0		
rank	sh1-64	(set)	short-subject-search	plain	same program	pcrec_1989c62_vm-caps-simdna	measured	pinned	4	ratio_vs_baseline	0.355636	38	1.0000	0	0		
rank	sh1-64	(set)	short-subject-search	plain	same program	pcrec_1989c62_vm-caps-simdna	measured	pinned	4	ratio_vs_best	43.703789	38	1.0000	0	0		
rank	sh1-64	(set)	short-subject-search	plain	same program	pcrec_1989c62_vm-in-caps-simdna	measured	pinned	5	median_ns	62069.505182	38	1.0000	0	0		
rank	sh1-64	(set)	short-subject-search	plain	same program	pcrec_1989c62_vm-in-caps-simdna	measured	pinned	5	min_ns	61907.682879	38	1.0000	0	0		
rank	sh1-64	(set)	short-subject-search	plain	same program	pcrec_1989c62_vm-in-caps-simdna	measured	pinned	5	max_ns	64223.421680	38	1.0000	0	0		
rank	sh1-64	(set)	short-subject-search	plain	same program	pcrec_1989c62_vm-in-caps-simdna	measured	pinned	5	stddev_ns	861.489477	38	1.0000	0	0		
rank	sh1-64	(set)	short-subject-search	plain	same program	pcrec_1989c62_vm-in-caps-simdna	measured	pinned	5	ratio_vs_baseline	0.355764	38	1.0000	0	0		
rank	sh1-64	(set)	short-subject-search	plain	same program	pcrec_1989c62_vm-in-caps-simdna	measured	pinned	5	ratio_vs_best	43.719571	38	1.0000	0	0		
rank	sh1-64	(set)	short-subject-search	plain	same program	libpcre2_10.46_interp-caps-simdna	measured	pinned	6	median_ns	174468.183898	38	1.0000	0	0		
rank	sh1-64	(set)	short-subject-search	plain	same program	libpcre2_10.46_interp-caps-simdna	measured	pinned	6	min_ns	174317.474900	38	1.0000	0	0		
rank	sh1-64	(set)	short-subject-search	plain	same program	libpcre2_10.46_interp-caps-simdna	measured	pinned	6	max_ns	179001.961384	38	1.0000	0	0		
rank	sh1-64	(set)	short-subject-search	plain	same program	libpcre2_10.46_interp-caps-simdna	measured	pinned	6	stddev_ns	1804.832326	38	1.0000	0	0		
rank	sh1-64	(set)	short-subject-search	plain	same program	libpcre2_10.46_interp-caps-simdna	measured	pinned	6	ratio_vs_baseline	1.000000	38	1.0000	0	0		
rank	sh1-64	(set)	short-subject-search	plain	same program	libpcre2_10.46_interp-caps-simdna	measured	pinned	6	ratio_vs_best	122.889239	38	1.0000	0	0		
rank	srt-512	(set)	large-subject-throughput	plain	same program	libpcre2_10.46_jit-caps-simdna	measured	pinned	1	median_ns	583399010.000000	4	1.0000	0	0		
rank	srt-512	(set)	large-subject-throughput	plain	same program	libpcre2_10.46_jit-caps-simdna	measured	pinned	1	min_ns	579420187.000000	4	1.0000	0	0		
rank	srt-512	(set)	large-subject-throughput	plain	same program	libpcre2_10.46_jit-caps-simdna	measured	pinned	1	max_ns	587837187.000000	4	1.0000	0	0		
rank	srt-512	(set)	large-subject-throughput	plain	same program	libpcre2_10.46_jit-caps-simdna	measured	pinned	1	stddev_ns	3434644.638317	4	1.0000	0	0		
rank	srt-512	(set)	large-subject-throughput	plain	same program	libpcre2_10.46_jit-caps-simdna	measured	pinned	1	ratio_vs_baseline	0.128478	4	1.0000	0	0		
rank	srt-512	(set)	large-subject-throughput	plain	same program	libpcre2_10.46_jit-caps-simdna	measured	pinned	1	ratio_vs_best	1.000000	4	1.0000	0	0		
rank	srt-512	(set)	large-subject-throughput	plain	same program	libpcre2_10.46_interp-caps-simdna	measured	pinned	2	median_ns	4540832642.000000	4	1.0000	0	0		
rank	srt-512	(set)	large-subject-throughput	plain	same program	libpcre2_10.46_interp-caps-simdna	measured	pinned	2	min_ns	4531211524.000000	4	1.0000	0	0		
rank	srt-512	(set)	large-subject-throughput	plain	same program	libpcre2_10.46_interp-caps-simdna	measured	pinned	2	max_ns	4735543911.000000	4	1.0000	0	0		
rank	srt-512	(set)	large-subject-throughput	plain	same program	libpcre2_10.46_interp-caps-simdna	measured	pinned	2	stddev_ns	78772139.563881	4	1.0000	0	0		
rank	srt-512	(set)	large-subject-throughput	plain	same program	libpcre2_10.46_interp-caps-simdna	measured	pinned	2	ratio_vs_baseline	1.000000	4	1.0000	0	0		
rank	srt-512	(set)	large-subject-throughput	plain	same program	libpcre2_10.46_interp-caps-simdna	measured	pinned	2	ratio_vs_best	7.783408	4	1.0000	0	0		
did_not_compile	srt-512	(set)	large-subject-throughput			pcrec_1989c62_auto-caps-simdna	did-not-compile									pcrec: pattern too large: 1577581 bytes of emitted C source (limit 1000000, ~261 KB .o). Lower a repeat count, try --unroll=1, or raise --max-emit-bytes; see limits.md "Handling an oversized artifact" (pattern offset 0)	
did_not_compile	srt-512	(set)	large-subject-throughput			pcrec_1989c62_auto-nocaps-simdna	did-not-compile									pcrec: pattern too large: 1577581 bytes of emitted C source (limit 1000000, ~261 KB .o). Lower a repeat count, try --unroll=1, or raise --max-emit-bytes; see limits.md "Handling an oversized artifact" (pattern offset 0)	
did_not_compile	srt-512	(set)	large-subject-throughput			pcrec_1989c62_vm-caps-simdna	did-not-compile									pcrec: pattern too large: 584802 bytes of emitted code (limit 500000), which gcc cannot compile in reasonable time. A repeat's body is replicated and counts MULTIPLY through nesting -- lower a count, try --unroll=1, or raise --max-emit-code-bytes (pattern offset 0)	
did_not_compile	srt-512	(set)	large-subject-throughput			pcrec_1989c62_vm-in-caps-simdna	did-not-compile									pcrec: pattern too large: 584802 bytes of emitted code (limit 500000), which gcc cannot compile in reasonable time. A repeat's body is replicated and counts MULTIPLY through nesting -- lower a count, try --unroll=1, or raise --max-emit-code-bytes (pattern offset 0)	
rank	srt-512	(set)	match-compliance	plain	same program	libpcre2_10.46_jit-caps-simdna	measured	pinned	1	median_ns	105027.268436	38	1.0000	0	0		
rank	srt-512	(set)	match-compliance	plain	same program	libpcre2_10.46_jit-caps-simdna	measured	pinned	1	min_ns	103643.915886	38	1.0000	0	0		
rank	srt-512	(set)	match-compliance	plain	same program	libpcre2_10.46_jit-caps-simdna	measured	pinned	1	max_ns	105267.455525	38	1.0000	0	0		
rank	srt-512	(set)	match-compliance	plain	same program	libpcre2_10.46_jit-caps-simdna	measured	pinned	1	stddev_ns	608.525573	38	1.0000	0	0		
rank	srt-512	(set)	match-compliance	plain	same program	libpcre2_10.46_jit-caps-simdna	measured	pinned	1	ratio_vs_baseline	0.996450	38	1.0000	0	0		
rank	srt-512	(set)	match-compliance	plain	same program	libpcre2_10.46_jit-caps-simdna	measured	pinned	1	ratio_vs_best	1.000000	38	1.0000	0	0		
rank	srt-512	(set)	match-compliance	plain	same program	libpcre2_10.46_interp-caps-simdna	measured	pinned	2	median_ns	105401.479470	38	1.0000	0	0		
rank	srt-512	(set)	match-compliance	plain	same program	libpcre2_10.46_interp-caps-simdna	measured	pinned	2	min_ns	103969.561129	38	1.0000	0	0		
rank	srt-512	(set)	match-compliance	plain	same program	libpcre2_10.46_interp-caps-simdna	measured	pinned	2	max_ns	106078.366744	38	1.0000	0	0		
rank	srt-512	(set)	match-compliance	plain	same program	libpcre2_10.46_interp-caps-simdna	measured	pinned	2	stddev_ns	817.083484	38	1.0000	0	0		
rank	srt-512	(set)	match-compliance	plain	same program	libpcre2_10.46_interp-caps-simdna	measured	pinned	2	ratio_vs_baseline	1.000000	38	1.0000	0	0		
rank	srt-512	(set)	match-compliance	plain	same program	libpcre2_10.46_interp-caps-simdna	measured	pinned	2	ratio_vs_best	1.003563	38	1.0000	0	0		
did_not_compile	srt-512	(set)	match-compliance			pcrec_1989c62_auto-caps-simdna	did-not-compile									pcrec: pattern too large: 1577581 bytes of emitted C source (limit 1000000, ~261 KB .o). Lower a repeat count, try --unroll=1, or raise --max-emit-bytes; see limits.md "Handling an oversized artifact" (pattern offset 0)	
did_not_compile	srt-512	(set)	match-compliance			pcrec_1989c62_auto-nocaps-simdna	did-not-compile									pcrec: pattern too large: 1577581 bytes of emitted C source (limit 1000000, ~261 KB .o). Lower a repeat count, try --unroll=1, or raise --max-emit-bytes; see limits.md "Handling an oversized artifact" (pattern offset 0)	
did_not_compile	srt-512	(set)	match-compliance			pcrec_1989c62_vm-caps-simdna	did-not-compile									pcrec: pattern too large: 584802 bytes of emitted code (limit 500000), which gcc cannot compile in reasonable time. A repeat's body is replicated and counts MULTIPLY through nesting -- lower a count, try --unroll=1, or raise --max-emit-code-bytes (pattern offset 0)	
did_not_compile	srt-512	(set)	match-compliance			pcrec_1989c62_vm-in-caps-simdna	did-not-compile									pcrec: pattern too large: 584802 bytes of emitted code (limit 500000), which gcc cannot compile in reasonable time. A repeat's body is replicated and counts MULTIPLY through nesting -- lower a count, try --unroll=1, or raise --max-emit-code-bytes (pattern offset 0)	
rank	srt-512	(set)	short-subject-search	plain	same program	libpcre2_10.46_jit-caps-simdna	measured	pinned	1	median_ns	2538526.642950	38	1.0000	0	0		
rank	srt-512	(set)	short-subject-search	plain	same program	libpcre2_10.46_jit-caps-simdna	measured	pinned	1	min_ns	2504820.967658	38	1.0000	0	0		
rank	srt-512	(set)	short-subject-search	plain	same program	libpcre2_10.46_jit-caps-simdna	measured	pinned	1	max_ns	2548794.636481	38	1.0000	0	0		
rank	srt-512	(set)	short-subject-search	plain	same program	libpcre2_10.46_jit-caps-simdna	measured	pinned	1	stddev_ns	17272.258470	38	1.0000	0	0		
rank	srt-512	(set)	short-subject-search	plain	same program	libpcre2_10.46_jit-caps-simdna	measured	pinned	1	ratio_vs_baseline	0.128811	38	1.0000	0	0		
rank	srt-512	(set)	short-subject-search	plain	same program	libpcre2_10.46_jit-caps-simdna	measured	pinned	1	ratio_vs_best	1.000000	38	1.0000	0	0		
rank	srt-512	(set)	short-subject-search	plain	same program	libpcre2_10.46_interp-caps-simdna	measured	pinned	2	median_ns	19707412.870000	38	1.0000	0	0		
rank	srt-512	(set)	short-subject-search	plain	same program	libpcre2_10.46_interp-caps-simdna	measured	pinned	2	min_ns	19679610.920000	38	1.0000	0	0		
rank	srt-512	(set)	short-subject-search	plain	same program	libpcre2_10.46_interp-caps-simdna	measured	pinned	2	max_ns	19861279.200000	38	1.0000	0	0		
rank	srt-512	(set)	short-subject-search	plain	same program	libpcre2_10.46_interp-caps-simdna	measured	pinned	2	stddev_ns	66164.164708	38	1.0000	0	0		
rank	srt-512	(set)	short-subject-search	plain	same program	libpcre2_10.46_interp-caps-simdna	measured	pinned	2	ratio_vs_baseline	1.000000	38	1.0000	0	0		
rank	srt-512	(set)	short-subject-search	plain	same program	libpcre2_10.46_interp-caps-simdna	measured	pinned	2	ratio_vs_best	7.763327	38	1.0000	0	0		
did_not_compile	srt-512	(set)	short-subject-search			pcrec_1989c62_auto-caps-simdna	did-not-compile									pcrec: pattern too large: 1577581 bytes of emitted C source (limit 1000000, ~261 KB .o). Lower a repeat count, try --unroll=1, or raise --max-emit-bytes; see limits.md "Handling an oversized artifact" (pattern offset 0)	
did_not_compile	srt-512	(set)	short-subject-search			pcrec_1989c62_auto-nocaps-simdna	did-not-compile									pcrec: pattern too large: 1577581 bytes of emitted C source (limit 1000000, ~261 KB .o). Lower a repeat count, try --unroll=1, or raise --max-emit-bytes; see limits.md "Handling an oversized artifact" (pattern offset 0)	
did_not_compile	srt-512	(set)	short-subject-search			pcrec_1989c62_vm-caps-simdna	did-not-compile									pcrec: pattern too large: 584802 bytes of emitted code (limit 500000), which gcc cannot compile in reasonable time. A repeat's body is replicated and counts MULTIPLY through nesting -- lower a count, try --unroll=1, or raise --max-emit-code-bytes (pattern offset 0)	
did_not_compile	srt-512	(set)	short-subject-search			pcrec_1989c62_vm-in-caps-simdna	did-not-compile									pcrec: pattern too large: 584802 bytes of emitted code (limit 500000), which gcc cannot compile in reasonable time. A repeat's body is replicated and counts MULTIPLY through nesting -- lower a count, try --unroll=1, or raise --max-emit-code-bytes (pattern offset 0)	
rank	w-1024	(set)	large-subject-throughput	plain	same program	libpcre2_10.46_jit-caps-simdna	measured	pinned	1	median_ns	1193165816.000000	4	1.0000	0	0		
rank	w-1024	(set)	large-subject-throughput	plain	same program	libpcre2_10.46_jit-caps-simdna	measured	pinned	1	min_ns	1187941934.000000	4	1.0000	0	0		
rank	w-1024	(set)	large-subject-throughput	plain	same program	libpcre2_10.46_jit-caps-simdna	measured	pinned	1	max_ns	1201545215.000000	4	1.0000	0	0		
rank	w-1024	(set)	large-subject-throughput	plain	same program	libpcre2_10.46_jit-caps-simdna	measured	pinned	1	stddev_ns	4623689.201682	4	1.0000	0	0		
rank	w-1024	(set)	large-subject-throughput	plain	same program	libpcre2_10.46_jit-caps-simdna	measured	pinned	1	ratio_vs_baseline	0.129142	4	1.0000	0	0		
rank	w-1024	(set)	large-subject-throughput	plain	same program	libpcre2_10.46_jit-caps-simdna	measured	pinned	1	ratio_vs_best	1.000000	4	1.0000	0	0		
rank	w-1024	(set)	large-subject-throughput	plain	same program	libpcre2_10.46_interp-caps-simdna	measured	pinned	2	median_ns	9239200424.000000	4	1.0000	0	0		
rank	w-1024	(set)	large-subject-throughput	plain	same program	libpcre2_10.46_interp-caps-simdna	measured	pinned	2	min_ns	9231794420.000000	4	1.0000	0	0		
rank	w-1024	(set)	large-subject-throughput	plain	same program	libpcre2_10.46_interp-caps-simdna	measured	pinned	2	max_ns	10902785578.000000	4	1.0000	0	0		
rank	w-1024	(set)	large-subject-throughput	plain	same program	libpcre2_10.46_interp-caps-simdna	measured	pinned	2	stddev_ns	666198585.581917	4	1.0000	0	0		
rank	w-1024	(set)	large-subject-throughput	plain	same program	libpcre2_10.46_interp-caps-simdna	measured	pinned	2	ratio_vs_baseline	1.000000	4	1.0000	0	0		
rank	w-1024	(set)	large-subject-throughput	plain	same program	libpcre2_10.46_interp-caps-simdna	measured	pinned	2	ratio_vs_best	7.743434	4	1.0000	0	0		
did_not_compile	w-1024	(set)	large-subject-throughput			pcrec_1989c62_auto-caps-simdna	did-not-compile									pcrec: pattern too large: 1242563 bytes of emitted C source (limit 1000000, ~206 KB .o). Lower a repeat count, try --unroll=1, or raise --max-emit-bytes; see limits.md "Handling an oversized artifact" (pattern offset 0)	
did_not_compile	w-1024	(set)	large-subject-throughput			pcrec_1989c62_auto-nocaps-simdna	did-not-compile									pcrec: pattern too large: 1242563 bytes of emitted C source (limit 1000000, ~206 KB .o). Lower a repeat count, try --unroll=1, or raise --max-emit-bytes; see limits.md "Handling an oversized artifact" (pattern offset 0)	
did_not_compile	w-1024	(set)	large-subject-throughput			pcrec_1989c62_vm-caps-simdna	did-not-compile									pcrec: pattern too large: 1371812 bytes of emitted code (limit 500000), which gcc cannot compile in reasonable time. A repeat's body is replicated and counts MULTIPLY through nesting -- lower a count, try --unroll=1, or raise --max-emit-code-bytes (pattern offset 0)	
did_not_compile	w-1024	(set)	large-subject-throughput			pcrec_1989c62_vm-in-caps-simdna	did-not-compile									pcrec: pattern too large: 1371812 bytes of emitted code (limit 500000), which gcc cannot compile in reasonable time. A repeat's body is replicated and counts MULTIPLY through nesting -- lower a count, try --unroll=1, or raise --max-emit-code-bytes (pattern offset 0)	
rank	w-1024	(set)	match-compliance	plain	same program	libpcre2_10.46_interp-caps-simdna	measured	pinned	1	median_ns	181005.330240	38	1.0000	0	0		
rank	w-1024	(set)	match-compliance	plain	same program	libpcre2_10.46_interp-caps-simdna	measured	pinned	1	min_ns	180892.948339	38	1.0000	0	0		
rank	w-1024	(set)	match-compliance	plain	same program	libpcre2_10.46_interp-caps-simdna	measured	pinned	1	max_ns	181337.398643	38	1.0000	0	0		
rank	w-1024	(set)	match-compliance	plain	same program	libpcre2_10.46_interp-caps-simdna	measured	pinned	1	stddev_ns	153.374171	38	1.0000	0	0		
rank	w-1024	(set)	match-compliance	plain	same program	libpcre2_10.46_interp-caps-simdna	measured	pinned	1	ratio_vs_baseline	1.000000	38	1.0000	0	0		
rank	w-1024	(set)	match-compliance	plain	same program	libpcre2_10.46_interp-caps-simdna	measured	pinned	1	ratio_vs_best	1.000000	38	1.0000	0	0		
rank	w-1024	(set)	match-compliance	plain	same program	libpcre2_10.46_jit-caps-simdna	measured	pinned	2	median_ns	181011.831436	38	1.0000	0	0		
rank	w-1024	(set)	match-compliance	plain	same program	libpcre2_10.46_jit-caps-simdna	measured	pinned	2	min_ns	180938.783117	38	1.0000	0	0		
rank	w-1024	(set)	match-compliance	plain	same program	libpcre2_10.46_jit-caps-simdna	measured	pinned	2	max_ns	181190.641768	38	1.0000	0	0		
rank	w-1024	(set)	match-compliance	plain	same program	libpcre2_10.46_jit-caps-simdna	measured	pinned	2	stddev_ns	86.187822	38	1.0000	0	0		
rank	w-1024	(set)	match-compliance	plain	same program	libpcre2_10.46_jit-caps-simdna	measured	pinned	2	ratio_vs_baseline	1.000036	38	1.0000	0	0		
rank	w-1024	(set)	match-compliance	plain	same program	libpcre2_10.46_jit-caps-simdna	measured	pinned	2	ratio_vs_best	1.000036	38	1.0000	0	0		
did_not_compile	w-1024	(set)	match-compliance			pcrec_1989c62_auto-caps-simdna	did-not-compile									pcrec: pattern too large: 1242563 bytes of emitted C source (limit 1000000, ~206 KB .o). Lower a repeat count, try --unroll=1, or raise --max-emit-bytes; see limits.md "Handling an oversized artifact" (pattern offset 0)	
did_not_compile	w-1024	(set)	match-compliance			pcrec_1989c62_auto-nocaps-simdna	did-not-compile									pcrec: pattern too large: 1242563 bytes of emitted C source (limit 1000000, ~206 KB .o). Lower a repeat count, try --unroll=1, or raise --max-emit-bytes; see limits.md "Handling an oversized artifact" (pattern offset 0)	
did_not_compile	w-1024	(set)	match-compliance			pcrec_1989c62_vm-caps-simdna	did-not-compile									pcrec: pattern too large: 1371812 bytes of emitted code (limit 500000), which gcc cannot compile in reasonable time. A repeat's body is replicated and counts MULTIPLY through nesting -- lower a count, try --unroll=1, or raise --max-emit-code-bytes (pattern offset 0)	
did_not_compile	w-1024	(set)	match-compliance			pcrec_1989c62_vm-in-caps-simdna	did-not-compile									pcrec: pattern too large: 1371812 bytes of emitted code (limit 500000), which gcc cannot compile in reasonable time. A repeat's body is replicated and counts MULTIPLY through nesting -- lower a count, try --unroll=1, or raise --max-emit-code-bytes (pattern offset 0)	
rank	w-1024	(set)	short-subject-search	plain	same program	libpcre2_10.46_jit-caps-simdna	measured	pinned	1	median_ns	4805938.415385	38	1.0000	0	0		
rank	w-1024	(set)	short-subject-search	plain	same program	libpcre2_10.46_jit-caps-simdna	measured	pinned	1	min_ns	4799079.558242	38	1.0000	0	0		
rank	w-1024	(set)	short-subject-search	plain	same program	libpcre2_10.46_jit-caps-simdna	measured	pinned	1	max_ns	4815843.024176	38	1.0000	0	0		
rank	w-1024	(set)	short-subject-search	plain	same program	libpcre2_10.46_jit-caps-simdna	measured	pinned	1	stddev_ns	7100.057022	38	1.0000	0	0		
rank	w-1024	(set)	short-subject-search	plain	same program	libpcre2_10.46_jit-caps-simdna	measured	pinned	1	ratio_vs_baseline	0.125877	38	1.0000	0	0		
rank	w-1024	(set)	short-subject-search	plain	same program	libpcre2_10.46_jit-caps-simdna	measured	pinned	1	ratio_vs_best	1.000000	38	1.0000	0	0		
rank	w-1024	(set)	short-subject-search	plain	same program	libpcre2_10.46_interp-caps-simdna	measured	pinned	2	median_ns	38179780.446809	38	1.0000	0	0		
rank	w-1024	(set)	short-subject-search	plain	same program	libpcre2_10.46_interp-caps-simdna	measured	pinned	2	min_ns	38132175.957447	38	1.0000	0	0		
rank	w-1024	(set)	short-subject-search	plain	same program	libpcre2_10.46_interp-caps-simdna	measured	pinned	2	max_ns	38569266.851064	38	1.0000	0	0		
rank	w-1024	(set)	short-subject-search	plain	same program	libpcre2_10.46_interp-caps-simdna	measured	pinned	2	stddev_ns	164180.749951	38	1.0000	0	0		
rank	w-1024	(set)	short-subject-search	plain	same program	libpcre2_10.46_interp-caps-simdna	measured	pinned	2	ratio_vs_baseline	1.000000	38	1.0000	0	0		
rank	w-1024	(set)	short-subject-search	plain	same program	libpcre2_10.46_interp-caps-simdna	measured	pinned	2	ratio_vs_best	7.944292	38	1.0000	0	0		
did_not_compile	w-1024	(set)	short-subject-search			pcrec_1989c62_auto-caps-simdna	did-not-compile									pcrec: pattern too large: 1242563 bytes of emitted C source (limit 1000000, ~206 KB .o). Lower a repeat count, try --unroll=1, or raise --max-emit-bytes; see limits.md "Handling an oversized artifact" (pattern offset 0)	
did_not_compile	w-1024	(set)	short-subject-search			pcrec_1989c62_auto-nocaps-simdna	did-not-compile									pcrec: pattern too large: 1242563 bytes of emitted C source (limit 1000000, ~206 KB .o). Lower a repeat count, try --unroll=1, or raise --max-emit-bytes; see limits.md "Handling an oversized artifact" (pattern offset 0)	
did_not_compile	w-1024	(set)	short-subject-search			pcrec_1989c62_vm-caps-simdna	did-not-compile									pcrec: pattern too large: 1371812 bytes of emitted code (limit 500000), which gcc cannot compile in reasonable time. A repeat's body is replicated and counts MULTIPLY through nesting -- lower a count, try --unroll=1, or raise --max-emit-code-bytes (pattern offset 0)	
did_not_compile	w-1024	(set)	short-subject-search			pcrec_1989c62_vm-in-caps-simdna	did-not-compile									pcrec: pattern too large: 1371812 bytes of emitted code (limit 500000), which gcc cannot compile in reasonable time. A repeat's body is replicated and counts MULTIPLY through nesting -- lower a count, try --unroll=1, or raise --max-emit-code-bytes (pattern offset 0)	
rank	w-2048	(set)	large-subject-throughput	plain	same program	libpcre2_10.46_jit-caps-simdna	measured	pinned	1	median_ns	3045669017.000000	4	1.0000	0	0		
rank	w-2048	(set)	large-subject-throughput	plain	same program	libpcre2_10.46_jit-caps-simdna	measured	pinned	1	min_ns	3009476820.000000	4	1.0000	0	0		
rank	w-2048	(set)	large-subject-throughput	plain	same program	libpcre2_10.46_jit-caps-simdna	measured	pinned	1	max_ns	3318695227.000000	4	1.0000	0	0		
rank	w-2048	(set)	large-subject-throughput	plain	same program	libpcre2_10.46_jit-caps-simdna	measured	pinned	1	stddev_ns	113926853.647516	4	1.0000	0	0		
rank	w-2048	(set)	large-subject-throughput	plain	same program	libpcre2_10.46_jit-caps-simdna	measured	pinned	1	ratio_vs_baseline	0.165064	4	1.0000	0	0		
rank	w-2048	(set)	large-subject-throughput	plain	same program	libpcre2_10.46_jit-caps-simdna	measured	pinned	1	ratio_vs_best	1.000000	4	1.0000	0	0		
rank	w-2048	(set)	large-subject-throughput	plain	same program	libpcre2_10.46_interp-caps-simdna	measured	pinned	2	median_ns	18451442487.000000	4	1.0000	0	0		
rank	w-2048	(set)	large-subject-throughput	plain	same program	libpcre2_10.46_interp-caps-simdna	measured	pinned	2	min_ns	18442306632.000000	4	1.0000	0	0		
rank	w-2048	(set)	large-subject-throughput	plain	same program	libpcre2_10.46_interp-caps-simdna	measured	pinned	2	max_ns	18464590475.000000	4	1.0000	0	0		
rank	w-2048	(set)	large-subject-throughput	plain	same program	libpcre2_10.46_interp-caps-simdna	measured	pinned	2	stddev_ns	7495481.918392	4	1.0000	0	0		
rank	w-2048	(set)	large-subject-throughput	plain	same program	libpcre2_10.46_interp-caps-simdna	measured	pinned	2	ratio_vs_baseline	1.000000	4	1.0000	0	0		
rank	w-2048	(set)	large-subject-throughput	plain	same program	libpcre2_10.46_interp-caps-simdna	measured	pinned	2	ratio_vs_best	6.058256	4	1.0000	0	0		
did_not_compile	w-2048	(set)	large-subject-throughput			pcrec_1989c62_auto-caps-simdna	did-not-compile									pcrec: pattern too large: 2378908 bytes of emitted C source (limit 1000000, ~394 KB .o). Lower a repeat count, try --unroll=1, or raise --max-emit-bytes; see limits.md "Handling an oversized artifact" (pattern offset 0)	
did_not_compile	w-2048	(set)	large-subject-throughput			pcrec_1989c62_auto-nocaps-simdna	did-not-compile									pcrec: pattern too large: 2378908 bytes of emitted C source (limit 1000000, ~394 KB .o). Lower a repeat count, try --unroll=1, or raise --max-emit-bytes; see limits.md "Handling an oversized artifact" (pattern offset 0)	
did_not_compile	w-2048	(set)	large-subject-throughput			pcrec_1989c62_vm-caps-simdna	did-not-compile									pcrec: pattern too large: 2757095 bytes of emitted code (limit 500000), which gcc cannot compile in reasonable time. A repeat's body is replicated and counts MULTIPLY through nesting -- lower a count, try --unroll=1, or raise --max-emit-code-bytes (pattern offset 0)	
did_not_compile	w-2048	(set)	large-subject-throughput			pcrec_1989c62_vm-in-caps-simdna	did-not-compile									pcrec: pattern too large: 2757095 bytes of emitted code (limit 500000), which gcc cannot compile in reasonable time. A repeat's body is replicated and counts MULTIPLY through nesting -- lower a count, try --unroll=1, or raise --max-emit-code-bytes (pattern offset 0)	
rank	w-2048	(set)	match-compliance	plain	same program	libpcre2_10.46_jit-caps-simdna	measured	pinned	1	median_ns	350730.715397	38	1.0000	0	0		
rank	w-2048	(set)	match-compliance	plain	same program	libpcre2_10.46_jit-caps-simdna	measured	pinned	1	min_ns	350490.629482	38	1.0000	0	0		
rank	w-2048	(set)	match-compliance	plain	same program	libpcre2_10.46_jit-caps-simdna	measured	pinned	1	max_ns	350761.546290	38	1.0000	0	0		
rank	w-2048	(set)	match-compliance	plain	same program	libpcre2_10.46_jit-caps-simdna	measured	pinned	1	stddev_ns	99.099512	38	1.0000	0	0		
rank	w-2048	(set)	match-compliance	plain	same program	libpcre2_10.46_jit-caps-simdna	measured	pinned	1	ratio_vs_baseline	0.999035	38	1.0000	0	0		
rank	w-2048	(set)	match-compliance	plain	same program	libpcre2_10.46_jit-caps-simdna	measured	pinned	1	ratio_vs_best	1.000000	38	1.0000	0	0		
rank	w-2048	(set)	match-compliance	plain	same program	libpcre2_10.46_interp-caps-simdna	measured	pinned	2	median_ns	351069.619701	38	1.0000	0	0		
rank	w-2048	(set)	match-compliance	plain	same program	libpcre2_10.46_interp-caps-simdna	measured	pinned	2	min_ns	350834.500934	38	1.0000	0	0		
rank	w-2048	(set)	match-compliance	plain	same program	libpcre2_10.46_interp-caps-simdna	measured	pinned	2	max_ns	351522.142949	38	1.0000	0	0		
rank	w-2048	(set)	match-compliance	plain	same program	libpcre2_10.46_interp-caps-simdna	measured	pinned	2	stddev_ns	233.192679	38	1.0000	0	0		
rank	w-2048	(set)	match-compliance	plain	same program	libpcre2_10.46_interp-caps-simdna	measured	pinned	2	ratio_vs_baseline	1.000000	38	1.0000	0	0		
rank	w-2048	(set)	match-compliance	plain	same program	libpcre2_10.46_interp-caps-simdna	measured	pinned	2	ratio_vs_best	1.000966	38	1.0000	0	0		
did_not_compile	w-2048	(set)	match-compliance			pcrec_1989c62_auto-caps-simdna	did-not-compile									pcrec: pattern too large: 2378908 bytes of emitted C source (limit 1000000, ~394 KB .o). Lower a repeat count, try --unroll=1, or raise --max-emit-bytes; see limits.md "Handling an oversized artifact" (pattern offset 0)	
did_not_compile	w-2048	(set)	match-compliance			pcrec_1989c62_auto-nocaps-simdna	did-not-compile									pcrec: pattern too large: 2378908 bytes of emitted C source (limit 1000000, ~394 KB .o). Lower a repeat count, try --unroll=1, or raise --max-emit-bytes; see limits.md "Handling an oversized artifact" (pattern offset 0)	
did_not_compile	w-2048	(set)	match-compliance			pcrec_1989c62_vm-caps-simdna	did-not-compile									pcrec: pattern too large: 2757095 bytes of emitted code (limit 500000), which gcc cannot compile in reasonable time. A repeat's body is replicated and counts MULTIPLY through nesting -- lower a count, try --unroll=1, or raise --max-emit-code-bytes (pattern offset 0)	
did_not_compile	w-2048	(set)	match-compliance			pcrec_1989c62_vm-in-caps-simdna	did-not-compile									pcrec: pattern too large: 2757095 bytes of emitted code (limit 500000), which gcc cannot compile in reasonable time. A repeat's body is replicated and counts MULTIPLY through nesting -- lower a count, try --unroll=1, or raise --max-emit-code-bytes (pattern offset 0)	
rank	w-2048	(set)	short-subject-search	plain	same program	libpcre2_10.46_jit-caps-simdna	measured	pinned	1	median_ns	10537308.056818	38	1.0000	0	0		
rank	w-2048	(set)	short-subject-search	plain	same program	libpcre2_10.46_jit-caps-simdna	measured	pinned	1	min_ns	10315916.064394	38	1.0000	0	0		
rank	w-2048	(set)	short-subject-search	plain	same program	libpcre2_10.46_jit-caps-simdna	measured	pinned	1	max_ns	10703953.266098	38	1.0000	0	0		
rank	w-2048	(set)	short-subject-search	plain	same program	libpcre2_10.46_jit-caps-simdna	measured	pinned	1	stddev_ns	144932.607731	38	1.0000	0	0		
rank	w-2048	(set)	short-subject-search	plain	same program	libpcre2_10.46_jit-caps-simdna	measured	pinned	1	ratio_vs_baseline	0.149216	38	1.0000	0	0		
rank	w-2048	(set)	short-subject-search	plain	same program	libpcre2_10.46_jit-caps-simdna	measured	pinned	1	ratio_vs_best	1.000000	38	1.0000	0	0		
rank	w-2048	(set)	short-subject-search	plain	same program	libpcre2_10.46_interp-caps-simdna	measured	pinned	2	median_ns	70617831.841270	38	1.0000	0	0		
rank	w-2048	(set)	short-subject-search	plain	same program	libpcre2_10.46_interp-caps-simdna	measured	pinned	2	min_ns	70540438.047619	38	1.0000	0	0		
rank	w-2048	(set)	short-subject-search	plain	same program	libpcre2_10.46_interp-caps-simdna	measured	pinned	2	max_ns	85655063.148148	38	1.0000	0	0		
rank	w-2048	(set)	short-subject-search	plain	same program	libpcre2_10.46_interp-caps-simdna	measured	pinned	2	stddev_ns	6016481.683760	38	1.0000	0	0		
rank	w-2048	(set)	short-subject-search	plain	same program	libpcre2_10.46_interp-caps-simdna	measured	pinned	2	ratio_vs_baseline	1.000000	38	1.0000	0	0		
rank	w-2048	(set)	short-subject-search	plain	same program	libpcre2_10.46_interp-caps-simdna	measured	pinned	2	ratio_vs_best	6.701696	38	1.0000	0	0		
did_not_compile	w-2048	(set)	short-subject-search			pcrec_1989c62_auto-caps-simdna	did-not-compile									pcrec: pattern too large: 2378908 bytes of emitted C source (limit 1000000, ~394 KB .o). Lower a repeat count, try --unroll=1, or raise --max-emit-bytes; see limits.md "Handling an oversized artifact" (pattern offset 0)	
did_not_compile	w-2048	(set)	short-subject-search			pcrec_1989c62_auto-nocaps-simdna	did-not-compile									pcrec: pattern too large: 2378908 bytes of emitted C source (limit 1000000, ~394 KB .o). Lower a repeat count, try --unroll=1, or raise --max-emit-bytes; see limits.md "Handling an oversized artifact" (pattern offset 0)	
did_not_compile	w-2048	(set)	short-subject-search			pcrec_1989c62_vm-caps-simdna	did-not-compile									pcrec: pattern too large: 2757095 bytes of emitted code (limit 500000), which gcc cannot compile in reasonable time. A repeat's body is replicated and counts MULTIPLY through nesting -- lower a count, try --unroll=1, or raise --max-emit-code-bytes (pattern offset 0)	
did_not_compile	w-2048	(set)	short-subject-search			pcrec_1989c62_vm-in-caps-simdna	did-not-compile									pcrec: pattern too large: 2757095 bytes of emitted code (limit 500000), which gcc cannot compile in reasonable time. A repeat's body is replicated and counts MULTIPLY through nesting -- lower a count, try --unroll=1, or raise --max-emit-code-bytes (pattern offset 0)	
rank	w-256	(set)	large-subject-throughput	plain	same program	pcrec_1989c62_auto-nocaps-simdna	measured	pinned	1	median_ns	2920132.045455	4	1.0000	0	0		
rank	w-256	(set)	large-subject-throughput	plain	same program	pcrec_1989c62_auto-nocaps-simdna	measured	pinned	1	min_ns	2862158.781818	4	1.0000	0	0		
rank	w-256	(set)	large-subject-throughput	plain	same program	pcrec_1989c62_auto-nocaps-simdna	measured	pinned	1	max_ns	2927710.000000	4	1.0000	0	0		
rank	w-256	(set)	large-subject-throughput	plain	same program	pcrec_1989c62_auto-nocaps-simdna	measured	pinned	1	stddev_ns	24522.624241	4	1.0000	0	0		
rank	w-256	(set)	large-subject-throughput	plain	same program	pcrec_1989c62_auto-nocaps-simdna	measured	pinned	1	ratio_vs_baseline	0.001251	4	1.0000	0	0		
rank	w-256	(set)	large-subject-throughput	plain	same program	pcrec_1989c62_auto-nocaps-simdna	measured	pinned	1	ratio_vs_best	1.000000	4	1.0000	0	0		
rank	w-256	(set)	large-subject-throughput	plain	same program	pcrec_1989c62_auto-caps-simdna	measured	pinned	2	median_ns	2928079.513274	4	1.0000	0	0		
rank	w-256	(set)	large-subject-throughput	plain	same program	pcrec_1989c62_auto-caps-simdna	measured	pinned	2	min_ns	2916801.575221	4	1.0000	0	0		
rank	w-256	(set)	large-subject-throughput	plain	same program	pcrec_1989c62_auto-caps-simdna	measured	pinned	2	max_ns	2936034.345133	4	1.0000	0	0		
rank	w-256	(set)	large-subject-throughput	plain	same program	pcrec_1989c62_auto-caps-simdna	measured	pinned	2	stddev_ns	7233.117997	4	1.0000	0	0		
rank	w-256	(set)	large-subject-throughput	plain	same program	pcrec_1989c62_auto-caps-simdna	measured	pinned	2	ratio_vs_baseline	0.001254	4	1.0000	0	0		
rank	w-256	(set)	large-subject-throughput	plain	same program	pcrec_1989c62_auto-caps-simdna	measured	pinned	2	ratio_vs_best	1.002722	4	1.0000	0	0		
rank	w-256	(set)	large-subject-throughput	plain	same program	libpcre2_10.46_jit-caps-simdna	measured	pinned	3	median_ns	243652804.500000	4	1.0000	0	0		
rank	w-256	(set)	large-subject-throughput	plain	same program	libpcre2_10.46_jit-caps-simdna	measured	pinned	3	min_ns	242505148.500000	4	1.0000	0	0		
rank	w-256	(set)	large-subject-throughput	plain	same program	libpcre2_10.46_jit-caps-simdna	measured	pinned	3	max_ns	254425904.000000	4	1.0000	0	0		
rank	w-256	(set)	large-subject-throughput	plain	same program	libpcre2_10.46_jit-caps-simdna	measured	pinned	3	stddev_ns	5293331.724631	4	1.0000	0	0		
rank	w-256	(set)	large-subject-throughput	plain	same program	libpcre2_10.46_jit-caps-simdna	measured	pinned	3	ratio_vs_baseline	0.104345	4	1.0000	0	0		
rank	w-256	(set)	large-subject-throughput	plain	same program	libpcre2_10.46_jit-caps-simdna	measured	pinned	3	ratio_vs_best	83.438968	4	1.0000	0	0		
rank	w-256	(set)	large-subject-throughput	plain	same program	pcrec_1989c62_vm-in-caps-simdna	measured	pinned	4	median_ns	1906693416.000000	4	1.0000	0	0		
rank	w-256	(set)	large-subject-throughput	plain	same program	pcrec_1989c62_vm-in-caps-simdna	measured	pinned	4	min_ns	1905050056.000000	4	1.0000	0	0		
rank	w-256	(set)	large-subject-throughput	plain	same program	pcrec_1989c62_vm-in-caps-simdna	measured	pinned	4	max_ns	2262120586.000000	4	1.0000	0	0		
rank	w-256	(set)	large-subject-throughput	plain	same program	pcrec_1989c62_vm-in-caps-simdna	measured	pinned	4	stddev_ns	142201754.156374	4	1.0000	0	0		
rank	w-256	(set)	large-subject-throughput	plain	same program	pcrec_1989c62_vm-in-caps-simdna	measured	pinned	4	ratio_vs_baseline	0.816550	4	1.0000	0	0		
rank	w-256	(set)	large-subject-throughput	plain	same program	pcrec_1989c62_vm-in-caps-simdna	measured	pinned	4	ratio_vs_best	652.947670	4	1.0000	0	0		
rank	w-256	(set)	large-subject-throughput	plain	same program	pcrec_1989c62_vm-caps-simdna	measured	pinned	5	median_ns	1925165397.000000	4	1.0000	0	0		
rank	w-256	(set)	large-subject-throughput	plain	same program	pcrec_1989c62_vm-caps-simdna	measured	pinned	5	min_ns	1917054028.000000	4	1.0000	0	0		
rank	w-256	(set)	large-subject-throughput	plain	same program	pcrec_1989c62_vm-caps-simdna	measured	pinned	5	max_ns	2041263113.000000	4	1.0000	0	0		
rank	w-256	(set)	large-subject-throughput	plain	same program	pcrec_1989c62_vm-caps-simdna	measured	pinned	5	stddev_ns	47199246.090143	4	1.0000	0	0		
rank	w-256	(set)	large-subject-throughput	plain	same program	pcrec_1989c62_vm-caps-simdna	measured	pinned	5	ratio_vs_baseline	0.824460	4	1.0000	0	0		
rank	w-256	(set)	large-subject-throughput	plain	same program	pcrec_1989c62_vm-caps-simdna	measured	pinned	5	ratio_vs_best	659.273405	4	1.0000	0	0		
rank	w-256	(set)	large-subject-throughput	plain	same program	libpcre2_10.46_interp-caps-simdna	measured	pinned	6	median_ns	2335061507.000000	4	1.0000	0	0		
rank	w-256	(set)	large-subject-throughput	plain	same program	libpcre2_10.46_interp-caps-simdna	measured	pinned	6	min_ns	2333683660.000000	4	1.0000	0	0		
rank	w-256	(set)	large-subject-throughput	plain	same program	libpcre2_10.46_interp-caps-simdna	measured	pinned	6	max_ns	2336821498.000000	4	1.0000	0	0		
rank	w-256	(set)	large-subject-throughput	plain	same program	libpcre2_10.46_interp-caps-simdna	measured	pinned	6	stddev_ns	1188872.014042	4	1.0000	0	0		
rank	w-256	(set)	large-subject-throughput	plain	same program	libpcre2_10.46_interp-caps-simdna	measured	pinned	6	ratio_vs_baseline	1.000000	4	1.0000	0	0		
rank	w-256	(set)	large-subject-throughput	plain	same program	libpcre2_10.46_interp-caps-simdna	measured	pinned	6	ratio_vs_best	799.642438	4	1.0000	0	0		
rank	w-256	(set)	match-compliance	plain	same program	libpcre2_10.46_jit-caps-simdna	measured	pinned	1	median_ns	50057.042430	38	1.0000	0	0		
rank	w-256	(set)	match-compliance	plain	same program	libpcre2_10.46_jit-caps-simdna	measured	pinned	1	min_ns	49962.504233	38	1.0000	0	0		
rank	w-256	(set)	match-compliance	plain	same program	libpcre2_10.46_jit-caps-simdna	measured	pinned	1	max_ns	50120.815296	38	1.0000	0	0		
rank	w-256	(set)	match-compliance	plain	same program	libpcre2_10.46_jit-caps-simdna	measured	pinned	1	stddev_ns	52.958642	38	1.0000	0	0		
rank	w-256	(set)	match-compliance	plain	same program	libpcre2_10.46_jit-caps-simdna	measured	pinned	1	ratio_vs_baseline	0.999359	38	1.0000	0	0		
rank	w-256	(set)	match-compliance	plain	same program	libpcre2_10.46_jit-caps-simdna	measured	pinned	1	ratio_vs_best	1.000000	38	1.0000	0	0		
rank	w-256	(set)	match-compliance	plain	same program	libpcre2_10.46_interp-caps-simdna	measured	pinned	2	median_ns	50089.137384	38	1.0000	0	0		
rank	w-256	(set)	match-compliance	plain	same program	libpcre2_10.46_interp-caps-simdna	measured	pinned	2	min_ns	50058.929119	38	1.0000	0	0		
rank	w-256	(set)	match-compliance	plain	same program	libpcre2_10.46_interp-caps-simdna	measured	pinned	2	max_ns	54603.157286	38	1.0000	0	0		
rank	w-256	(set)	match-compliance	plain	same program	libpcre2_10.46_interp-caps-simdna	measured	pinned	2	stddev_ns	1803.928562	38	1.0000	0	0		
rank	w-256	(set)	match-compliance	plain	same program	libpcre2_10.46_interp-caps-simdna	measured	pinned	2	ratio_vs_baseline	1.000000	38	1.0000	0	0		
rank	w-256	(set)	match-compliance	plain	same program	libpcre2_10.46_interp-caps-simdna	measured	pinned	2	ratio_vs_best	1.000641	38	1.0000	0	0		
rank	w-256	(set)	match-compliance	whole-subject	separate artifact	pcrec_1989c62_vm-in-caps-simdna	measured	pinned	3	median_ns	100778.312075	38	1.0000	0	0		
rank	w-256	(set)	match-compliance	whole-subject	separate artifact	pcrec_1989c62_vm-in-caps-simdna	measured	pinned	3	min_ns	100631.954553	38	1.0000	0	0		
rank	w-256	(set)	match-compliance	whole-subject	separate artifact	pcrec_1989c62_vm-in-caps-simdna	measured	pinned	3	max_ns	101170.112361	38	1.0000	0	0		
rank	w-256	(set)	match-compliance	whole-subject	separate artifact	pcrec_1989c62_vm-in-caps-simdna	measured	pinned	3	stddev_ns	196.914353	38	1.0000	0	0		
rank	w-256	(set)	match-compliance	whole-subject	separate artifact	pcrec_1989c62_vm-in-caps-simdna	measured	pinned	3	ratio_vs_baseline	2.011979	38	1.0000	0	0		
rank	w-256	(set)	match-compliance	whole-subject	separate artifact	pcrec_1989c62_vm-in-caps-simdna	measured	pinned	3	ratio_vs_best	2.013269	38	1.0000	0	0		
rank	w-256	(set)	match-compliance	whole-subject	separate artifact	pcrec_1989c62_vm-caps-simdna	measured	pinned	4	median_ns	102269.755399	38	1.0000	0	0		
rank	w-256	(set)	match-compliance	whole-subject	separate artifact	pcrec_1989c62_vm-caps-simdna	measured	pinned	4	min_ns	101635.278265	38	1.0000	0	0		
rank	w-256	(set)	match-compliance	whole-subject	separate artifact	pcrec_1989c62_vm-caps-simdna	measured	pinned	4	max_ns	102413.715498	38	1.0000	0	0		
rank	w-256	(set)	match-compliance	whole-subject	separate artifact	pcrec_1989c62_vm-caps-simdna	measured	pinned	4	stddev_ns	279.204684	38	1.0000	0	0		
rank	w-256	(set)	match-compliance	whole-subject	separate artifact	pcrec_1989c62_vm-caps-simdna	measured	pinned	4	ratio_vs_baseline	2.041755	38	1.0000	0	0		
rank	w-256	(set)	match-compliance	whole-subject	separate artifact	pcrec_1989c62_vm-caps-simdna	measured	pinned	4	ratio_vs_best	2.043064	38	1.0000	0	0		
did_not_compile	w-256	(set)	match-compliance			pcrec_1989c62_auto-caps-simdna	did-not-compile									pcrec: pattern too large: 1033155 bytes of emitted C source (limit 1000000, ~171 KB .o). Lower a repeat count, try --unroll=1, or raise --max-emit-bytes; see limits.md "Handling an oversized artifact" (pattern offset 0)	
did_not_compile	w-256	(set)	match-compliance			pcrec_1989c62_auto-nocaps-simdna	did-not-compile									pcrec: pattern too large: 1033155 bytes of emitted C source (limit 1000000, ~171 KB .o). Lower a repeat count, try --unroll=1, or raise --max-emit-bytes; see limits.md "Handling an oversized artifact" (pattern offset 0)	
rank	w-256	(set)	short-subject-search	plain	same program	pcrec_1989c62_auto-nocaps-simdna	measured	pinned	1	median_ns	7603.428923	38	1.0000	0	0		
rank	w-256	(set)	short-subject-search	plain	same program	pcrec_1989c62_auto-nocaps-simdna	measured	pinned	1	min_ns	7592.100135	38	1.0000	0	0		
rank	w-256	(set)	short-subject-search	plain	same program	pcrec_1989c62_auto-nocaps-simdna	measured	pinned	1	max_ns	7614.164473	38	1.0000	0	0		
rank	w-256	(set)	short-subject-search	plain	same program	pcrec_1989c62_auto-nocaps-simdna	measured	pinned	1	stddev_ns	7.212429	38	1.0000	0	0		
rank	w-256	(set)	short-subject-search	plain	same program	pcrec_1989c62_auto-nocaps-simdna	measured	pinned	1	ratio_vs_baseline	0.000753	38	1.0000	0	0		
rank	w-256	(set)	short-subject-search	plain	same program	pcrec_1989c62_auto-nocaps-simdna	measured	pinned	1	ratio_vs_best	1.000000	38	1.0000	0	0		
rank	w-256	(set)	short-subject-search	plain	same program	pcrec_1989c62_auto-caps-simdna	measured	pinned	2	median_ns	7608.601584	38	1.0000	0	0		
rank	w-256	(set)	short-subject-search	plain	same program	pcrec_1989c62_auto-caps-simdna	measured	pinned	2	min_ns	7600.316701	38	1.0000	0	0		
rank	w-256	(set)	short-subject-search	plain	same program	pcrec_1989c62_auto-caps-simdna	measured	pinned	2	max_ns	7618.435396	38	1.0000	0	0		
rank	w-256	(set)	short-subject-search	plain	same program	pcrec_1989c62_auto-caps-simdna	measured	pinned	2	stddev_ns	6.452211	38	1.0000	0	0		
rank	w-256	(set)	short-subject-search	plain	same program	pcrec_1989c62_auto-caps-simdna	measured	pinned	2	ratio_vs_baseline	0.000754	38	1.0000	0	0		
rank	w-256	(set)	short-subject-search	plain	same program	pcrec_1989c62_auto-caps-simdna	measured	pinned	2	ratio_vs_best	1.000680	38	1.0000	0	0		
rank	w-256	(set)	short-subject-search	plain	same program	libpcre2_10.46_jit-caps-simdna	measured	pinned	3	median_ns	1091293.465479	38	1.0000	0	0		
rank	w-256	(set)	short-subject-search	plain	same program	libpcre2_10.46_jit-caps-simdna	measured	pinned	3	min_ns	1046981.842984	38	1.0000	0	0		
rank	w-256	(set)	short-subject-search	plain	same program	libpcre2_10.46_jit-caps-simdna	measured	pinned	3	max_ns	1092101.376949	38	1.0000	0	0		
rank	w-256	(set)	short-subject-search	plain	same program	libpcre2_10.46_jit-caps-simdna	measured	pinned	3	stddev_ns	20500.821351	38	1.0000	0	0		
rank	w-256	(set)	short-subject-search	plain	same program	libpcre2_10.46_jit-caps-simdna	measured	pinned	3	ratio_vs_baseline	0.108139	38	1.0000	0	0		
rank	w-256	(set)	short-subject-search	plain	same program	libpcre2_10.46_jit-caps-simdna	measured	pinned	3	ratio_vs_best	143.526490	38	1.0000	0	0		
rank	w-256	(set)	short-subject-search	plain	same program	pcrec_1989c62_vm-in-caps-simdna	measured	pinned	4	median_ns	8873517.590090	38	1.0000	0	0		
rank	w-256	(set)	short-subject-search	plain	same program	pcrec_1989c62_vm-in-caps-simdna	measured	pinned	4	min_ns	8855948.788288	38	1.0000	0	0		
rank	w-256	(set)	short-subject-search	plain	same program	pcrec_1989c62_vm-in-caps-simdna	measured	pinned	4	max_ns	8876085.180180	38	1.0000	0	0		
rank	w-256	(set)	short-subject-search	plain	same program	pcrec_1989c62_vm-in-caps-simdna	measured	pinned	4	stddev_ns	7339.750076	38	1.0000	0	0		
rank	w-256	(set)	short-subject-search	plain	same program	pcrec_1989c62_vm-in-caps-simdna	measured	pinned	4	ratio_vs_baseline	0.879297	38	1.0000	0	0		
rank	w-256	(set)	short-subject-search	plain	same program	pcrec_1989c62_vm-in-caps-simdna	measured	pinned	4	ratio_vs_best	1167.041565	38	1.0000	0	0		
rank	w-256	(set)	short-subject-search	plain	same program	pcrec_1989c62_vm-caps-simdna	measured	pinned	5	median_ns	8946666.601810	38	1.0000	0	0		
rank	w-256	(set)	short-subject-search	plain	same program	pcrec_1989c62_vm-caps-simdna	measured	pinned	5	min_ns	8912585.081448	38	1.0000	0	0		
rank	w-256	(set)	short-subject-search	plain	same program	pcrec_1989c62_vm-caps-simdna	measured	pinned	5	max_ns	9997886.746606	38	1.0000	0	0		
rank	w-256	(set)	short-subject-search	plain	same program	pcrec_1989c62_vm-caps-simdna	measured	pinned	5	stddev_ns	424345.147253	38	1.0000	0	0		
rank	w-256	(set)	short-subject-search	plain	same program	pcrec_1989c62_vm-caps-simdna	measured	pinned	5	ratio_vs_baseline	0.886546	38	1.0000	0	0		
rank	w-256	(set)	short-subject-search	plain	same program	pcrec_1989c62_vm-caps-simdna	measured	pinned	5	ratio_vs_best	1176.662094	38	1.0000	0	0		
rank	w-256	(set)	short-subject-search	plain	same program	libpcre2_10.46_interp-caps-simdna	measured	pinned	6	median_ns	10091598.829787	38	1.0000	0	0		
rank	w-256	(set)	short-subject-search	plain	same program	libpcre2_10.46_interp-caps-simdna	measured	pinned	6	min_ns	10085061.132979	38	1.0000	0	0		
rank	w-256	(set)	short-subject-search	plain	same program	libpcre2_10.46_interp-caps-simdna	measured	pinned	6	max_ns	10418460.611702	38	1.0000	0	0		
rank	w-256	(set)	short-subject-search	plain	same program	libpcre2_10.46_interp-caps-simdna	measured	pinned	6	stddev_ns	129499.060625	38	1.0000	0	0		
rank	w-256	(set)	short-subject-search	plain	same program	libpcre2_10.46_interp-caps-simdna	measured	pinned	6	ratio_vs_baseline	1.000000	38	1.0000	0	0		
rank	w-256	(set)	short-subject-search	plain	same program	libpcre2_10.46_interp-caps-simdna	measured	pinned	6	ratio_vs_best	1327.243134	38	1.0000	0	0		
rank	w-512	(set)	large-subject-throughput	plain	same program	libpcre2_10.46_jit-caps-simdna	measured	pinned	1	median_ns	590741367.000000	4	1.0000	0	0		
rank	w-512	(set)	large-subject-throughput	plain	same program	libpcre2_10.46_jit-caps-simdna	measured	pinned	1	min_ns	588037531.000000	4	1.0000	0	0		
rank	w-512	(set)	large-subject-throughput	plain	same program	libpcre2_10.46_jit-caps-simdna	measured	pinned	1	max_ns	593283143.000000	4	1.0000	0	0		
rank	w-512	(set)	large-subject-throughput	plain	same program	libpcre2_10.46_jit-caps-simdna	measured	pinned	1	stddev_ns	1771261.000619	4	1.0000	0	0		
rank	w-512	(set)	large-subject-throughput	plain	same program	libpcre2_10.46_jit-caps-simdna	measured	pinned	1	ratio_vs_baseline	0.126984	4	1.0000	0	0		
rank	w-512	(set)	large-subject-throughput	plain	same program	libpcre2_10.46_jit-caps-simdna	measured	pinned	1	ratio_vs_best	1.000000	4	1.0000	0	0		
rank	w-512	(set)	large-subject-throughput	plain	same program	libpcre2_10.46_interp-caps-simdna	measured	pinned	2	median_ns	4652097738.000000	4	1.0000	0	0		
rank	w-512	(set)	large-subject-throughput	plain	same program	libpcre2_10.46_interp-caps-simdna	measured	pinned	2	min_ns	4642627592.000000	4	1.0000	0	0		
rank	w-512	(set)	large-subject-throughput	plain	same program	libpcre2_10.46_interp-caps-simdna	measured	pinned	2	max_ns	4674401320.000000	4	1.0000	0	0		
rank	w-512	(set)	large-subject-throughput	plain	same program	libpcre2_10.46_interp-caps-simdna	measured	pinned	2	stddev_ns	11539214.433913	4	1.0000	0	0		
rank	w-512	(set)	large-subject-throughput	plain	same program	libpcre2_10.46_interp-caps-simdna	measured	pinned	2	ratio_vs_baseline	1.000000	4	1.0000	0	0		
rank	w-512	(set)	large-subject-throughput	plain	same program	libpcre2_10.46_interp-caps-simdna	measured	pinned	2	ratio_vs_best	7.875016	4	1.0000	0	0		
did_not_compile	w-512	(set)	large-subject-throughput			pcrec_1989c62_auto-caps-simdna	did-not-compile									pcrec: pattern too large: 1577580 bytes of emitted C source (limit 1000000, ~261 KB .o). Lower a repeat count, try --unroll=1, or raise --max-emit-bytes; see limits.md "Handling an oversized artifact" (pattern offset 0)	
did_not_compile	w-512	(set)	large-subject-throughput			pcrec_1989c62_auto-nocaps-simdna	did-not-compile									pcrec: pattern too large: 1577580 bytes of emitted C source (limit 1000000, ~261 KB .o). Lower a repeat count, try --unroll=1, or raise --max-emit-bytes; see limits.md "Handling an oversized artifact" (pattern offset 0)	
did_not_compile	w-512	(set)	large-subject-throughput			pcrec_1989c62_vm-caps-simdna	did-not-compile									pcrec: pattern too large: 678310 bytes of emitted code (limit 500000), which gcc cannot compile in reasonable time. A repeat's body is replicated and counts MULTIPLY through nesting -- lower a count, try --unroll=1, or raise --max-emit-code-bytes (pattern offset 0)	
did_not_compile	w-512	(set)	large-subject-throughput			pcrec_1989c62_vm-in-caps-simdna	did-not-compile									pcrec: pattern too large: 678310 bytes of emitted code (limit 500000), which gcc cannot compile in reasonable time. A repeat's body is replicated and counts MULTIPLY through nesting -- lower a count, try --unroll=1, or raise --max-emit-code-bytes (pattern offset 0)	
rank	w-512	(set)	match-compliance	plain	same program	libpcre2_10.46_jit-caps-simdna	measured	pinned	1	median_ns	95680.606813	38	1.0000	0	0		
rank	w-512	(set)	match-compliance	plain	same program	libpcre2_10.46_jit-caps-simdna	measured	pinned	1	min_ns	95607.590084	38	1.0000	0	0		
rank	w-512	(set)	match-compliance	plain	same program	libpcre2_10.46_jit-caps-simdna	measured	pinned	1	max_ns	98807.430838	38	1.0000	0	0		
rank	w-512	(set)	match-compliance	plain	same program	libpcre2_10.46_jit-caps-simdna	measured	pinned	1	stddev_ns	1259.074211	38	1.0000	0	0		
rank	w-512	(set)	match-compliance	plain	same program	libpcre2_10.46_jit-caps-simdna	measured	pinned	1	ratio_vs_baseline	0.999641	38	1.0000	0	0		
rank	w-512	(set)	match-compliance	plain	same program	libpcre2_10.46_jit-caps-simdna	measured	pinned	1	ratio_vs_best	1.000000	38	1.0000	0	0		
rank	w-512	(set)	match-compliance	plain	same program	libpcre2_10.46_interp-caps-simdna	measured	pinned	2	median_ns	95715.000840	38	1.0000	0	0		
rank	w-512	(set)	match-compliance	plain	same program	libpcre2_10.46_interp-caps-simdna	measured	pinned	2	min_ns	95674.359522	38	1.0000	0	0		
rank	w-512	(set)	match-compliance	plain	same program	libpcre2_10.46_interp-caps-simdna	measured	pinned	2	max_ns	96080.799619	38	1.0000	0	0		
rank	w-512	(set)	match-compliance	plain	same program	libpcre2_10.46_interp-caps-simdna	measured	pinned	2	stddev_ns	152.518842	38	1.0000	0	0		
rank	w-512	(set)	match-compliance	plain	same program	libpcre2_10.46_interp-caps-simdna	measured	pinned	2	ratio_vs_baseline	1.000000	38	1.0000	0	0		
rank	w-512	(set)	match-compliance	plain	same program	libpcre2_10.46_interp-caps-simdna	measured	pinned	2	ratio_vs_best	1.000359	38	1.0000	0	0		
did_not_compile	w-512	(set)	match-compliance			pcrec_1989c62_auto-caps-simdna	did-not-compile									pcrec: pattern too large: 1577580 bytes of emitted C source (limit 1000000, ~261 KB .o). Lower a repeat count, try --unroll=1, or raise --max-emit-bytes; see limits.md "Handling an oversized artifact" (pattern offset 0)	
did_not_compile	w-512	(set)	match-compliance			pcrec_1989c62_auto-nocaps-simdna	did-not-compile									pcrec: pattern too large: 1577580 bytes of emitted C source (limit 1000000, ~261 KB .o). Lower a repeat count, try --unroll=1, or raise --max-emit-bytes; see limits.md "Handling an oversized artifact" (pattern offset 0)	
did_not_compile	w-512	(set)	match-compliance			pcrec_1989c62_vm-caps-simdna	did-not-compile									pcrec: pattern too large: 678310 bytes of emitted code (limit 500000), which gcc cannot compile in reasonable time. A repeat's body is replicated and counts MULTIPLY through nesting -- lower a count, try --unroll=1, or raise --max-emit-code-bytes (pattern offset 0)	
did_not_compile	w-512	(set)	match-compliance			pcrec_1989c62_vm-in-caps-simdna	did-not-compile									pcrec: pattern too large: 678310 bytes of emitted code (limit 500000), which gcc cannot compile in reasonable time. A repeat's body is replicated and counts MULTIPLY through nesting -- lower a count, try --unroll=1, or raise --max-emit-code-bytes (pattern offset 0)	
rank	w-512	(set)	short-subject-search	plain	same program	libpcre2_10.46_jit-caps-simdna	measured	pinned	1	median_ns	2551915.547558	38	1.0000	0	0		
rank	w-512	(set)	short-subject-search	plain	same program	libpcre2_10.46_jit-caps-simdna	measured	pinned	1	min_ns	2542572.893316	38	1.0000	0	0		
rank	w-512	(set)	short-subject-search	plain	same program	libpcre2_10.46_jit-caps-simdna	measured	pinned	1	max_ns	3491675.127249	38	1.0000	0	0		
rank	w-512	(set)	short-subject-search	plain	same program	libpcre2_10.46_jit-caps-simdna	measured	pinned	1	stddev_ns	376772.686908	38	1.0000	0	0		
rank	w-512	(set)	short-subject-search	plain	same program	libpcre2_10.46_jit-caps-simdna	measured	pinned	1	ratio_vs_baseline	0.126894	38	1.0000	0	0		
rank	w-512	(set)	short-subject-search	plain	same program	libpcre2_10.46_jit-caps-simdna	measured	pinned	1	ratio_vs_best	1.000000	38	1.0000	0	0		
rank	w-512	(set)	short-subject-search	plain	same program	libpcre2_10.46_interp-caps-simdna	measured	pinned	2	median_ns	20110602.262626	38	1.0000	0	0		
rank	w-512	(set)	short-subject-search	plain	same program	libpcre2_10.46_interp-caps-simdna	measured	pinned	2	min_ns	20087748.080808	38	1.0000	0	0		
rank	w-512	(set)	short-subject-search	plain	same program	libpcre2_10.46_interp-caps-simdna	measured	pinned	2	max_ns	20142231.848485	38	1.0000	0	0		
rank	w-512	(set)	short-subject-search	plain	same program	libpcre2_10.46_interp-caps-simdna	measured	pinned	2	stddev_ns	22175.834709	38	1.0000	0	0		
rank	w-512	(set)	short-subject-search	plain	same program	libpcre2_10.46_interp-caps-simdna	measured	pinned	2	ratio_vs_baseline	1.000000	38	1.0000	0	0		
rank	w-512	(set)	short-subject-search	plain	same program	libpcre2_10.46_interp-caps-simdna	measured	pinned	2	ratio_vs_best	7.880591	38	1.0000	0	0		
did_not_compile	w-512	(set)	short-subject-search			pcrec_1989c62_auto-caps-simdna	did-not-compile									pcrec: pattern too large: 1577580 bytes of emitted C source (limit 1000000, ~261 KB .o). Lower a repeat count, try --unroll=1, or raise --max-emit-bytes; see limits.md "Handling an oversized artifact" (pattern offset 0)	
did_not_compile	w-512	(set)	short-subject-search			pcrec_1989c62_auto-nocaps-simdna	did-not-compile									pcrec: pattern too large: 1577580 bytes of emitted C source (limit 1000000, ~261 KB .o). Lower a repeat count, try --unroll=1, or raise --max-emit-bytes; see limits.md "Handling an oversized artifact" (pattern offset 0)	
did_not_compile	w-512	(set)	short-subject-search			pcrec_1989c62_vm-caps-simdna	did-not-compile									pcrec: pattern too large: 678310 bytes of emitted code (limit 500000), which gcc cannot compile in reasonable time. A repeat's body is replicated and counts MULTIPLY through nesting -- lower a count, try --unroll=1, or raise --max-emit-code-bytes (pattern offset 0)	
did_not_compile	w-512	(set)	short-subject-search			pcrec_1989c62_vm-in-caps-simdna	did-not-compile									pcrec: pattern too large: 678310 bytes of emitted code (limit 500000), which gcc cannot compile in reasonable time. A repeat's body is replicated and counts MULTIPLY through nesting -- lower a count, try --unroll=1, or raise --max-emit-code-bytes (pattern offset 0)	
rank	w-64	(set)	large-subject-throughput	plain	same program	pcrec_1989c62_auto-caps-simdna	measured	pinned	1	median_ns	3433795.600000	4	1.0000	0	0		
rank	w-64	(set)	large-subject-throughput	plain	same program	pcrec_1989c62_auto-caps-simdna	measured	pinned	1	min_ns	3431808.390000	4	1.0000	0	0		
rank	w-64	(set)	large-subject-throughput	plain	same program	pcrec_1989c62_auto-caps-simdna	measured	pinned	1	max_ns	3450424.690000	4	1.0000	0	0		
rank	w-64	(set)	large-subject-throughput	plain	same program	pcrec_1989c62_auto-caps-simdna	measured	pinned	1	stddev_ns	8446.267470	4	1.0000	0	0		
rank	w-64	(set)	large-subject-throughput	plain	same program	pcrec_1989c62_auto-caps-simdna	measured	pinned	1	ratio_vs_baseline	0.006078	4	1.0000	0	0		
rank	w-64	(set)	large-subject-throughput	plain	same program	pcrec_1989c62_auto-caps-simdna	measured	pinned	1	ratio_vs_best	1.000000	4	1.0000	0	0		
rank	w-64	(set)	large-subject-throughput	plain	same program	pcrec_1989c62_auto-nocaps-simdna	measured	pinned	2	median_ns	3435772.836735	4	1.0000	0	0		
rank	w-64	(set)	large-subject-throughput	plain	same program	pcrec_1989c62_auto-nocaps-simdna	measured	pinned	2	min_ns	3430754.846939	4	1.0000	0	0		
rank	w-64	(set)	large-subject-throughput	plain	same program	pcrec_1989c62_auto-nocaps-simdna	measured	pinned	2	max_ns	3480484.734694	4	1.0000	0	0		
rank	w-64	(set)	large-subject-throughput	plain	same program	pcrec_1989c62_auto-nocaps-simdna	measured	pinned	2	stddev_ns	18328.531382	4	1.0000	0	0		
rank	w-64	(set)	large-subject-throughput	plain	same program	pcrec_1989c62_auto-nocaps-simdna	measured	pinned	2	ratio_vs_baseline	0.006081	4	1.0000	0	0		
rank	w-64	(set)	large-subject-throughput	plain	same program	pcrec_1989c62_auto-nocaps-simdna	measured	pinned	2	ratio_vs_best	1.000576	4	1.0000	0	0		
rank	w-64	(set)	large-subject-throughput	plain	same program	libpcre2_10.46_jit-caps-simdna	measured	pinned	3	median_ns	33914898.818182	4	1.0000	0	0		
rank	w-64	(set)	large-subject-throughput	plain	same program	libpcre2_10.46_jit-caps-simdna	measured	pinned	3	min_ns	33649365.545455	4	1.0000	0	0		
rank	w-64	(set)	large-subject-throughput	plain	same program	libpcre2_10.46_jit-caps-simdna	measured	pinned	3	max_ns	34062680.545455	4	1.0000	0	0		
rank	w-64	(set)	large-subject-throughput	plain	same program	libpcre2_10.46_jit-caps-simdna	measured	pinned	3	stddev_ns	145760.295452	4	1.0000	0	0		
rank	w-64	(set)	large-subject-throughput	plain	same program	libpcre2_10.46_jit-caps-simdna	measured	pinned	3	ratio_vs_baseline	0.060026	4	1.0000	0	0		
rank	w-64	(set)	large-subject-throughput	plain	same program	libpcre2_10.46_jit-caps-simdna	measured	pinned	3	ratio_vs_best	9.876796	4	1.0000	0	0		
rank	w-64	(set)	large-subject-throughput	plain	same program	pcrec_1989c62_vm-caps-simdna	measured	pinned	4	median_ns	306875644.000000	4	1.0000	0	0		
rank	w-64	(set)	large-subject-throughput	plain	same program	pcrec_1989c62_vm-caps-simdna	measured	pinned	4	min_ns	306481906.500000	4	1.0000	0	0		
rank	w-64	(set)	large-subject-throughput	plain	same program	pcrec_1989c62_vm-caps-simdna	measured	pinned	4	max_ns	307600683.500000	4	1.0000	0	0		
rank	w-64	(set)	large-subject-throughput	plain	same program	pcrec_1989c62_vm-caps-simdna	measured	pinned	4	stddev_ns	447338.412964	4	1.0000	0	0		
rank	w-64	(set)	large-subject-throughput	plain	same program	pcrec_1989c62_vm-caps-simdna	measured	pinned	4	ratio_vs_baseline	0.543142	4	1.0000	0	0		
rank	w-64	(set)	large-subject-throughput	plain	same program	pcrec_1989c62_vm-caps-simdna	measured	pinned	4	ratio_vs_best	89.369223	4	1.0000	0	0		
rank	w-64	(set)	large-subject-throughput	plain	same program	pcrec_1989c62_vm-in-caps-simdna	measured	pinned	5	median_ns	307477547.000000	4	1.0000	0	0		
rank	w-64	(set)	large-subject-throughput	plain	same program	pcrec_1989c62_vm-in-caps-simdna	measured	pinned	5	min_ns	307199716.000000	4	1.0000	0	0		
rank	w-64	(set)	large-subject-throughput	plain	same program	pcrec_1989c62_vm-in-caps-simdna	measured	pinned	5	max_ns	308749625.000000	4	1.0000	0	0		
rank	w-64	(set)	large-subject-throughput	plain	same program	pcrec_1989c62_vm-in-caps-simdna	measured	pinned	5	stddev_ns	625796.713450	4	1.0000	0	0		
rank	w-64	(set)	large-subject-throughput	plain	same program	pcrec_1989c62_vm-in-caps-simdna	measured	pinned	5	ratio_vs_baseline	0.544207	4	1.0000	0	0		
rank	w-64	(set)	large-subject-throughput	plain	same program	pcrec_1989c62_vm-in-caps-simdna	measured	pinned	5	ratio_vs_best	89.544511	4	1.0000	0	0		
rank	w-64	(set)	large-subject-throughput	plain	same program	libpcre2_10.46_interp-caps-simdna	measured	pinned	6	median_ns	565000819.000000	4	1.0000	0	0		
rank	w-64	(set)	large-subject-throughput	plain	same program	libpcre2_10.46_interp-caps-simdna	measured	pinned	6	min_ns	564488235.000000	4	1.0000	0	0		
rank	w-64	(set)	large-subject-throughput	plain	same program	libpcre2_10.46_interp-caps-simdna	measured	pinned	6	max_ns	565200270.000000	4	1.0000	0	0		
rank	w-64	(set)	large-subject-throughput	plain	same program	libpcre2_10.46_interp-caps-simdna	measured	pinned	6	stddev_ns	259400.344963	4	1.0000	0	0		
rank	w-64	(set)	large-subject-throughput	plain	same program	libpcre2_10.46_interp-caps-simdna	measured	pinned	6	ratio_vs_baseline	1.000000	4	1.0000	0	0		
rank	w-64	(set)	large-subject-throughput	plain	same program	libpcre2_10.46_interp-caps-simdna	measured	pinned	6	ratio_vs_best	164.541191	4	1.0000	0	0		
rank	w-64	(set)	match-compliance	whole-subject	separate artifact	pcrec_1989c62_auto-caps-simdna	measured	pinned	1	median_ns	844.974504	38	1.0000	0	0		
rank	w-64	(set)	match-compliance	whole-subject	separate artifact	pcrec_1989c62_auto-caps-simdna	measured	pinned	1	min_ns	842.355777	38	1.0000	0	0		
rank	w-64	(set)	match-compliance	whole-subject	separate artifact	pcrec_1989c62_auto-caps-simdna	measured	pinned	1	max_ns	847.089666	38	1.0000	0	0		
rank	w-64	(set)	match-compliance	whole-subject	separate artifact	pcrec_1989c62_auto-caps-simdna	measured	pinned	1	stddev_ns	1.550930	38	1.0000	0	0		
rank	w-64	(set)	match-compliance	whole-subject	separate artifact	pcrec_1989c62_auto-caps-simdna	measured	pinned	1	ratio_vs_baseline	0.059283	38	1.0000	0	0		
rank	w-64	(set)	match-compliance	whole-subject	separate artifact	pcrec_1989c62_auto-caps-simdna	measured	pinned	1	ratio_vs_best	1.000000	38	1.0000	0	0		
rank	w-64	(set)	match-compliance	whole-subject	separate artifact	pcrec_1989c62_auto-nocaps-simdna	measured	pinned	2	median_ns	847.785516	38	1.0000	0	0		
rank	w-64	(set)	match-compliance	whole-subject	separate artifact	pcrec_1989c62_auto-nocaps-simdna	measured	pinned	2	min_ns	844.262077	38	1.0000	0	0		
rank	w-64	(set)	match-compliance	whole-subject	separate artifact	pcrec_1989c62_auto-nocaps-simdna	measured	pinned	2	max_ns	1001.939932	38	1.0000	0	0		
rank	w-64	(set)	match-compliance	whole-subject	separate artifact	pcrec_1989c62_auto-nocaps-simdna	measured	pinned	2	stddev_ns	75.868976	38	1.0000	0	0		
rank	w-64	(set)	match-compliance	whole-subject	separate artifact	pcrec_1989c62_auto-nocaps-simdna	measured	pinned	2	ratio_vs_baseline	0.059480	38	1.0000	0	0		
rank	w-64	(set)	match-compliance	whole-subject	separate artifact	pcrec_1989c62_auto-nocaps-simdna	measured	pinned	2	ratio_vs_best	1.003327	38	1.0000	0	0		
rank	w-64	(set)	match-compliance	plain	same program	libpcre2_10.46_interp-caps-simdna	measured	pinned	3	median_ns	14253.351141	38	1.0000	0	0		
rank	w-64	(set)	match-compliance	plain	same program	libpcre2_10.46_interp-caps-simdna	measured	pinned	3	min_ns	14156.473156	38	1.0000	0	0		
rank	w-64	(set)	match-compliance	plain	same program	libpcre2_10.46_interp-caps-simdna	measured	pinned	3	max_ns	19197.730721	38	1.0000	0	0		
rank	w-64	(set)	match-compliance	plain	same program	libpcre2_10.46_interp-caps-simdna	measured	pinned	3	stddev_ns	1990.427412	38	1.0000	0	0		
rank	w-64	(set)	match-compliance	plain	same program	libpcre2_10.46_interp-caps-simdna	measured	pinned	3	ratio_vs_baseline	1.000000	38	1.0000	0	0		
rank	w-64	(set)	match-compliance	plain	same program	libpcre2_10.46_interp-caps-simdna	measured	pinned	3	ratio_vs_best	16.868380	38	1.0000	0	0		
rank	w-64	(set)	match-compliance	plain	same program	libpcre2_10.46_jit-caps-simdna	measured	pinned	4	median_ns	14285.043663	38	1.0000	0	0		
rank	w-64	(set)	match-compliance	plain	same program	libpcre2_10.46_jit-caps-simdna	measured	pinned	4	min_ns	14264.687738	38	1.0000	0	0		
rank	w-64	(set)	match-compliance	plain	same program	libpcre2_10.46_jit-caps-simdna	measured	pinned	4	max_ns	14361.290980	38	1.0000	0	0		
rank	w-64	(set)	match-compliance	plain	same program	libpcre2_10.46_jit-caps-simdna	measured	pinned	4	stddev_ns	37.193775	38	1.0000	0	0		
rank	w-64	(set)	match-compliance	plain	same program	libpcre2_10.46_jit-caps-simdna	measured	pinned	4	ratio_vs_baseline	1.002224	38	1.0000	0	0		
rank	w-64	(set)	match-compliance	plain	same program	libpcre2_10.46_jit-caps-simdna	measured	pinned	4	ratio_vs_best	16.905887	38	1.0000	0	0		
rank	w-64	(set)	match-compliance	whole-subject	separate artifact	pcrec_1989c62_vm-in-caps-simdna	measured	pinned	5	median_ns	15396.517253	38	1.0000	0	0		
rank	w-64	(set)	match-compliance	whole-subject	separate artifact	pcrec_1989c62_vm-in-caps-simdna	measured	pinned	5	min_ns	15363.736450	38	1.0000	0	0		
rank	w-64	(set)	match-compliance	whole-subject	separate artifact	pcrec_1989c62_vm-in-caps-simdna	measured	pinned	5	max_ns	15495.473899	38	1.0000	0	0		
rank	w-64	(set)	match-compliance	whole-subject	separate artifact	pcrec_1989c62_vm-in-caps-simdna	measured	pinned	5	stddev_ns	46.563815	38	1.0000	0	0		
rank	w-64	(set)	match-compliance	whole-subject	separate artifact	pcrec_1989c62_vm-in-caps-simdna	measured	pinned	5	ratio_vs_baseline	1.080203	38	1.0000	0	0		
rank	w-64	(set)	match-compliance	whole-subject	separate artifact	pcrec_1989c62_vm-in-caps-simdna	measured	pinned	5	ratio_vs_best	18.221280	38	1.0000	0	0		
rank	w-64	(set)	match-compliance	whole-subject	separate artifact	pcrec_1989c62_vm-caps-simdna	measured	pinned	6	median_ns	15765.720116	38	1.0000	0	0		
rank	w-64	(set)	match-compliance	whole-subject	separate artifact	pcrec_1989c62_vm-caps-simdna	measured	pinned	6	min_ns	15728.561063	38	1.0000	0	0		
rank	w-64	(set)	match-compliance	whole-subject	separate artifact	pcrec_1989c62_vm-caps-simdna	measured	pinned	6	max_ns	15835.703989	38	1.0000	0	0		
rank	w-64	(set)	match-compliance	whole-subject	separate artifact	pcrec_1989c62_vm-caps-simdna	measured	pinned	6	stddev_ns	42.742279	38	1.0000	0	0		
rank	w-64	(set)	match-compliance	whole-subject	separate artifact	pcrec_1989c62_vm-caps-simdna	measured	pinned	6	ratio_vs_baseline	1.106106	38	1.0000	0	0		
rank	w-64	(set)	match-compliance	whole-subject	separate artifact	pcrec_1989c62_vm-caps-simdna	measured	pinned	6	ratio_vs_best	18.658220	38	1.0000	0	0		
rank	w-64	(set)	short-subject-search	plain	same program	pcrec_1989c62_auto-nocaps-simdna	measured	pinned	1	median_ns	7303.275436	38	1.0000	0	0		
rank	w-64	(set)	short-subject-search	plain	same program	pcrec_1989c62_auto-nocaps-simdna	measured	pinned	1	min_ns	7302.434720	38	1.0000	0	0		
rank	w-64	(set)	short-subject-search	plain	same program	pcrec_1989c62_auto-nocaps-simdna	measured	pinned	1	max_ns	7306.922393	38	1.0000	0	0		
rank	w-64	(set)	short-subject-search	plain	same program	pcrec_1989c62_auto-nocaps-simdna	measured	pinned	1	stddev_ns	1.709971	38	1.0000	0	0		
rank	w-64	(set)	short-subject-search	plain	same program	pcrec_1989c62_auto-nocaps-simdna	measured	pinned	1	ratio_vs_baseline	0.002895	38	1.0000	0	0		
rank	w-64	(set)	short-subject-search	plain	same program	pcrec_1989c62_auto-nocaps-simdna	measured	pinned	1	ratio_vs_best	1.000000	38	1.0000	0	0		
rank	w-64	(set)	short-subject-search	plain	same program	pcrec_1989c62_auto-caps-simdna	measured	pinned	2	median_ns	7304.617416	38	1.0000	0	0		
rank	w-64	(set)	short-subject-search	plain	same program	pcrec_1989c62_auto-caps-simdna	measured	pinned	2	min_ns	7302.197518	38	1.0000	0	0		
rank	w-64	(set)	short-subject-search	plain	same program	pcrec_1989c62_auto-caps-simdna	measured	pinned	2	max_ns	7422.443936	38	1.0000	0	0		
rank	w-64	(set)	short-subject-search	plain	same program	pcrec_1989c62_auto-caps-simdna	measured	pinned	2	stddev_ns	46.648504	38	1.0000	0	0		
rank	w-64	(set)	short-subject-search	plain	same program	pcrec_1989c62_auto-caps-simdna	measured	pinned	2	ratio_vs_baseline	0.002895	38	1.0000	0	0		
rank	w-64	(set)	short-subject-search	plain	same program	pcrec_1989c62_auto-caps-simdna	measured	pinned	2	ratio_vs_best	1.000184	38	1.0000	0	0		
rank	w-64	(set)	short-subject-search	plain	same program	libpcre2_10.46_jit-caps-simdna	measured	pinned	3	median_ns	152663.131368	38	1.0000	0	0		
rank	w-64	(set)	short-subject-search	plain	same program	libpcre2_10.46_jit-caps-simdna	measured	pinned	3	min_ns	143953.667284	38	1.0000	0	0		
rank	w-64	(set)	short-subject-search	plain	same program	libpcre2_10.46_jit-caps-simdna	measured	pinned	3	max_ns	159719.807579	38	1.0000	0	0		
rank	w-64	(set)	short-subject-search	plain	same program	libpcre2_10.46_jit-caps-simdna	measured	pinned	3	stddev_ns	5595.365463	38	1.0000	0	0		
rank	w-64	(set)	short-subject-search	plain	same program	libpcre2_10.46_jit-caps-simdna	measured	pinned	3	ratio_vs_baseline	0.060512	38	1.0000	0	0		
rank	w-64	(set)	short-subject-search	plain	same program	libpcre2_10.46_jit-caps-simdna	measured	pinned	3	ratio_vs_best	20.903379	38	1.0000	0	0		
rank	w-64	(set)	short-subject-search	plain	same program	pcrec_1989c62_vm-caps-simdna	measured	pinned	4	median_ns	1467166.393016	38	1.0000	0	0		
rank	w-64	(set)	short-subject-search	plain	same program	pcrec_1989c62_vm-caps-simdna	measured	pinned	4	min_ns	1463857.152303	38	1.0000	0	0		
rank	w-64	(set)	short-subject-search	plain	same program	pcrec_1989c62_vm-caps-simdna	measured	pinned	4	max_ns	1479778.696880	38	1.0000	0	0		
rank	w-64	(set)	short-subject-search	plain	same program	pcrec_1989c62_vm-caps-simdna	measured	pinned	4	stddev_ns	6168.919727	38	1.0000	0	0		
rank	w-64	(set)	short-subject-search	plain	same program	pcrec_1989c62_vm-caps-simdna	measured	pinned	4	ratio_vs_baseline	0.581545	38	1.0000	0	0		
rank	w-64	(set)	short-subject-search	plain	same program	pcrec_1989c62_vm-caps-simdna	measured	pinned	4	ratio_vs_best	200.891560	38	1.0000	0	0		
rank	w-64	(set)	short-subject-search	plain	same program	pcrec_1989c62_vm-in-caps-simdna	measured	pinned	5	median_ns	1474691.340267	38	1.0000	0	0		
rank	w-64	(set)	short-subject-search	plain	same program	pcrec_1989c62_vm-in-caps-simdna	measured	pinned	5	min_ns	1466395.859584	38	1.0000	0	0		
rank	w-64	(set)	short-subject-search	plain	same program	pcrec_1989c62_vm-in-caps-simdna	measured	pinned	5	max_ns	1479587.790490	38	1.0000	0	0		
rank	w-64	(set)	short-subject-search	plain	same program	pcrec_1989c62_vm-in-caps-simdna	measured	pinned	5	stddev_ns	5300.219211	38	1.0000	0	0		
rank	w-64	(set)	short-subject-search	plain	same program	pcrec_1989c62_vm-in-caps-simdna	measured	pinned	5	ratio_vs_baseline	0.584528	38	1.0000	0	0		
rank	w-64	(set)	short-subject-search	plain	same program	pcrec_1989c62_vm-in-caps-simdna	measured	pinned	5	ratio_vs_best	201.921912	38	1.0000	0	0		
rank	w-64	(set)	short-subject-search	plain	same program	libpcre2_10.46_interp-caps-simdna	measured	pinned	6	median_ns	2522876.405080	38	1.0000	0	0		
rank	w-64	(set)	short-subject-search	plain	same program	libpcre2_10.46_interp-caps-simdna	measured	pinned	6	min_ns	2518116.001337	38	1.0000	0	0		
rank	w-64	(set)	short-subject-search	plain	same program	libpcre2_10.46_interp-caps-simdna	measured	pinned	6	max_ns	2528791.600267	38	1.0000	0	0		
rank	w-64	(set)	short-subject-search	plain	same program	libpcre2_10.46_interp-caps-simdna	measured	pinned	6	stddev_ns	4100.487918	38	1.0000	0	0		
rank	w-64	(set)	short-subject-search	plain	same program	libpcre2_10.46_interp-caps-simdna	measured	pinned	6	ratio_vs_baseline	1.000000	38	1.0000	0	0		
rank	w-64	(set)	short-subject-search	plain	same program	libpcre2_10.46_interp-caps-simdna	measured	pinned	6	ratio_vs_best	345.444510	38	1.0000	0	0		
rank	w-8	(set)	large-subject-throughput	plain	same program	pcrec_1989c62_auto-nocaps-simdna	measured	pinned	1	median_ns	2238004.921053	4	1.0000	0	0		
rank	w-8	(set)	large-subject-throughput	plain	same program	pcrec_1989c62_auto-nocaps-simdna	measured	pinned	1	min_ns	2232966.013158	4	1.0000	0	0		
rank	w-8	(set)	large-subject-throughput	plain	same program	pcrec_1989c62_auto-nocaps-simdna	measured	pinned	1	max_ns	2240044.940789	4	1.0000	0	0		
rank	w-8	(set)	large-subject-throughput	plain	same program	pcrec_1989c62_auto-nocaps-simdna	measured	pinned	1	stddev_ns	2990.738239	4	1.0000	0	0		
rank	w-8	(set)	large-subject-throughput	plain	same program	pcrec_1989c62_auto-nocaps-simdna	measured	pinned	1	ratio_vs_baseline	0.077397	4	1.0000	0	0		
rank	w-8	(set)	large-subject-throughput	plain	same program	pcrec_1989c62_auto-nocaps-simdna	measured	pinned	1	ratio_vs_best	1.000000	4	1.0000	0	0		
rank	w-8	(set)	large-subject-throughput	plain	same program	pcrec_1989c62_auto-caps-simdna	measured	pinned	2	median_ns	2239119.611842	4	1.0000	0	0		
rank	w-8	(set)	large-subject-throughput	plain	same program	pcrec_1989c62_auto-caps-simdna	measured	pinned	2	min_ns	2226423.750000	4	1.0000	0	0		
rank	w-8	(set)	large-subject-throughput	plain	same program	pcrec_1989c62_auto-caps-simdna	measured	pinned	2	max_ns	2248375.138158	4	1.0000	0	0		
rank	w-8	(set)	large-subject-throughput	plain	same program	pcrec_1989c62_auto-caps-simdna	measured	pinned	2	stddev_ns	7405.034606	4	1.0000	0	0		
rank	w-8	(set)	large-subject-throughput	plain	same program	pcrec_1989c62_auto-caps-simdna	measured	pinned	2	ratio_vs_baseline	0.077435	4	1.0000	0	0		
rank	w-8	(set)	large-subject-throughput	plain	same program	pcrec_1989c62_auto-caps-simdna	measured	pinned	2	ratio_vs_best	1.000498	4	1.0000	0	0		
rank	w-8	(set)	large-subject-throughput	plain	same program	libpcre2_10.46_jit-caps-simdna	measured	pinned	3	median_ns	3294247.200000	4	1.0000	0	0		
rank	w-8	(set)	large-subject-throughput	plain	same program	libpcre2_10.46_jit-caps-simdna	measured	pinned	3	min_ns	3292104.714286	4	1.0000	0	0		
rank	w-8	(set)	large-subject-throughput	plain	same program	libpcre2_10.46_jit-caps-simdna	measured	pinned	3	max_ns	3299687.523810	4	1.0000	0	0		
rank	w-8	(set)	large-subject-throughput	plain	same program	libpcre2_10.46_jit-caps-simdna	measured	pinned	3	stddev_ns	2645.205344	4	1.0000	0	0		
rank	w-8	(set)	large-subject-throughput	plain	same program	libpcre2_10.46_jit-caps-simdna	measured	pinned	3	ratio_vs_baseline	0.113924	4	1.0000	0	0		
rank	w-8	(set)	large-subject-throughput	plain	same program	libpcre2_10.46_jit-caps-simdna	measured	pinned	3	ratio_vs_best	1.471957	4	1.0000	0	0		
rank	w-8	(set)	large-subject-throughput	plain	same program	pcrec_1989c62_vm-in-caps-simdna	measured	pinned	4	median_ns	21395264.705882	4	1.0000	0	0		
rank	w-8	(set)	large-subject-throughput	plain	same program	pcrec_1989c62_vm-in-caps-simdna	measured	pinned	4	min_ns	21377422.235294	4	1.0000	0	0		
rank	w-8	(set)	large-subject-throughput	plain	same program	pcrec_1989c62_vm-in-caps-simdna	measured	pinned	4	max_ns	21471834.000000	4	1.0000	0	0		
rank	w-8	(set)	large-subject-throughput	plain	same program	pcrec_1989c62_vm-in-caps-simdna	measured	pinned	4	stddev_ns	35002.039589	4	1.0000	0	0		
rank	w-8	(set)	large-subject-throughput	plain	same program	pcrec_1989c62_vm-in-caps-simdna	measured	pinned	4	ratio_vs_baseline	0.739909	4	1.0000	0	0		
rank	w-8	(set)	large-subject-throughput	plain	same program	pcrec_1989c62_vm-in-caps-simdna	measured	pinned	4	ratio_vs_best	9.559972	4	1.0000	0	0		
rank	w-8	(set)	large-subject-throughput	plain	same program	pcrec_1989c62_vm-caps-simdna	measured	pinned	5	median_ns	21459328.058824	4	1.0000	0	0		
rank	w-8	(set)	large-subject-throughput	plain	same program	pcrec_1989c62_vm-caps-simdna	measured	pinned	5	min_ns	21383062.882353	4	1.0000	0	0		
rank	w-8	(set)	large-subject-throughput	plain	same program	pcrec_1989c62_vm-caps-simdna	measured	pinned	5	max_ns	21482178.705882	4	1.0000	0	0		
rank	w-8	(set)	large-subject-throughput	plain	same program	pcrec_1989c62_vm-caps-simdna	measured	pinned	5	stddev_ns	35536.445698	4	1.0000	0	0		
rank	w-8	(set)	large-subject-throughput	plain	same program	pcrec_1989c62_vm-caps-simdna	measured	pinned	5	ratio_vs_baseline	0.742125	4	1.0000	0	0		
rank	w-8	(set)	large-subject-throughput	plain	same program	pcrec_1989c62_vm-caps-simdna	measured	pinned	5	ratio_vs_best	9.588597	4	1.0000	0	0		
rank	w-8	(set)	large-subject-throughput	plain	same program	libpcre2_10.46_interp-caps-simdna	measured	pinned	6	median_ns	28916067.500000	4	1.0000	0	0		
rank	w-8	(set)	large-subject-throughput	plain	same program	libpcre2_10.46_interp-caps-simdna	measured	pinned	6	min_ns	28687060.333333	4	1.0000	0	0		
rank	w-8	(set)	large-subject-throughput	plain	same program	libpcre2_10.46_interp-caps-simdna	measured	pinned	6	max_ns	29074555.833333	4	1.0000	0	0		
rank	w-8	(set)	large-subject-throughput	plain	same program	libpcre2_10.46_interp-caps-simdna	measured	pinned	6	stddev_ns	137412.535977	4	1.0000	0	0		
rank	w-8	(set)	large-subject-throughput	plain	same program	libpcre2_10.46_interp-caps-simdna	measured	pinned	6	ratio_vs_baseline	1.000000	4	1.0000	0	0		
rank	w-8	(set)	large-subject-throughput	plain	same program	libpcre2_10.46_interp-caps-simdna	measured	pinned	6	ratio_vs_best	12.920466	4	1.0000	0	0		
rank	w-8	(set)	match-compliance	whole-subject	separate artifact	pcrec_1989c62_auto-nocaps-simdna	measured	pinned	1	median_ns	642.239748	38	1.0000	0	0		
rank	w-8	(set)	match-compliance	whole-subject	separate artifact	pcrec_1989c62_auto-nocaps-simdna	measured	pinned	1	min_ns	636.878799	38	1.0000	0	0		
rank	w-8	(set)	match-compliance	whole-subject	separate artifact	pcrec_1989c62_auto-nocaps-simdna	measured	pinned	1	max_ns	708.296883	38	1.0000	0	0		
rank	w-8	(set)	match-compliance	whole-subject	separate artifact	pcrec_1989c62_auto-nocaps-simdna	measured	pinned	1	stddev_ns	26.767932	38	1.0000	0	0		
rank	w-8	(set)	match-compliance	whole-subject	separate artifact	pcrec_1989c62_auto-nocaps-simdna	measured	pinned	1	ratio_vs_baseline	0.233279	38	1.0000	0	0		
rank	w-8	(set)	match-compliance	whole-subject	separate artifact	pcrec_1989c62_auto-nocaps-simdna	measured	pinned	1	ratio_vs_best	1.000000	38	1.0000	0	0		
rank	w-8	(set)	match-compliance	whole-subject	separate artifact	pcrec_1989c62_auto-caps-simdna	measured	pinned	2	median_ns	645.843482	38	1.0000	0	0		
rank	w-8	(set)	match-compliance	whole-subject	separate artifact	pcrec_1989c62_auto-caps-simdna	measured	pinned	2	min_ns	641.732917	38	1.0000	0	0		
rank	w-8	(set)	match-compliance	whole-subject	separate artifact	pcrec_1989c62_auto-caps-simdna	measured	pinned	2	max_ns	649.995423	38	1.0000	0	0		
rank	w-8	(set)	match-compliance	whole-subject	separate artifact	pcrec_1989c62_auto-caps-simdna	measured	pinned	2	stddev_ns	2.718570	38	1.0000	0	0		
rank	w-8	(set)	match-compliance	whole-subject	separate artifact	pcrec_1989c62_auto-caps-simdna	measured	pinned	2	ratio_vs_baseline	0.234588	38	1.0000	0	0		
rank	w-8	(set)	match-compliance	whole-subject	separate artifact	pcrec_1989c62_auto-caps-simdna	measured	pinned	2	ratio_vs_best	1.005611	38	1.0000	0	0		
rank	w-8	(set)	match-compliance	whole-subject	separate artifact	pcrec_1989c62_vm-caps-simdna	measured	pinned	3	median_ns	1034.401828	38	1.0000	0	0		
rank	w-8	(set)	match-compliance	whole-subject	separate artifact	pcrec_1989c62_vm-caps-simdna	measured	pinned	3	min_ns	1033.308281	38	1.0000	0	0		
rank	w-8	(set)	match-compliance	whole-subject	separate artifact	pcrec_1989c62_vm-caps-simdna	measured	pinned	3	max_ns	1036.824822	38	1.0000	0	0		
rank	w-8	(set)	match-compliance	whole-subject	separate artifact	pcrec_1989c62_vm-caps-simdna	measured	pinned	3	stddev_ns	1.181436	38	1.0000	0	0		
rank	w-8	(set)	match-compliance	whole-subject	separate artifact	pcrec_1989c62_vm-caps-simdna	measured	pinned	3	ratio_vs_baseline	0.375724	38	1.0000	0	0		
rank	w-8	(set)	match-compliance	whole-subject	separate artifact	pcrec_1989c62_vm-caps-simdna	measured	pinned	3	ratio_vs_best	1.610616	38	1.0000	0	0		
rank	w-8	(set)	match-compliance	whole-subject	separate artifact	pcrec_1989c62_vm-in-caps-simdna	measured	pinned	4	median_ns	1128.922881	38	1.0000	0	0		
rank	w-8	(set)	match-compliance	whole-subject	separate artifact	pcrec_1989c62_vm-in-caps-simdna	measured	pinned	4	min_ns	1121.222336	38	1.0000	0	0		
rank	w-8	(set)	match-compliance	whole-subject	separate artifact	pcrec_1989c62_vm-in-caps-simdna	measured	pinned	4	max_ns	1149.130655	38	1.0000	0	0		
rank	w-8	(set)	match-compliance	whole-subject	separate artifact	pcrec_1989c62_vm-in-caps-simdna	measured	pinned	4	stddev_ns	9.320204	38	1.0000	0	0		
rank	w-8	(set)	match-compliance	whole-subject	separate artifact	pcrec_1989c62_vm-in-caps-simdna	measured	pinned	4	ratio_vs_baseline	0.410056	38	1.0000	0	0		
rank	w-8	(set)	match-compliance	whole-subject	separate artifact	pcrec_1989c62_vm-in-caps-simdna	measured	pinned	4	ratio_vs_best	1.757790	38	1.0000	0	0		
rank	w-8	(set)	match-compliance	plain	same program	libpcre2_10.46_interp-caps-simdna	measured	pinned	5	median_ns	2753.092562	38	1.0000	0	0		
rank	w-8	(set)	match-compliance	plain	same program	libpcre2_10.46_interp-caps-simdna	measured	pinned	5	min_ns	2747.534413	38	1.0000	0	0		
rank	w-8	(set)	match-compliance	plain	same program	libpcre2_10.46_interp-caps-simdna	measured	pinned	5	max_ns	2765.444142	38	1.0000	0	0		
rank	w-8	(set)	match-compliance	plain	same program	libpcre2_10.46_interp-caps-simdna	measured	pinned	5	stddev_ns	6.700177	38	1.0000	0	0		
rank	w-8	(set)	match-compliance	plain	same program	libpcre2_10.46_interp-caps-simdna	measured	pinned	5	ratio_vs_baseline	1.000000	38	1.0000	0	0		
rank	w-8	(set)	match-compliance	plain	same program	libpcre2_10.46_interp-caps-simdna	measured	pinned	5	ratio_vs_best	4.286705	38	1.0000	0	0		
rank	w-8	(set)	match-compliance	plain	same program	libpcre2_10.46_jit-caps-simdna	measured	pinned	6	median_ns	2765.239750	38	1.0000	0	0		
rank	w-8	(set)	match-compliance	plain	same program	libpcre2_10.46_jit-caps-simdna	measured	pinned	6	min_ns	2751.621947	38	1.0000	0	0		
rank	w-8	(set)	match-compliance	plain	same program	libpcre2_10.46_jit-caps-simdna	measured	pinned	6	max_ns	2773.944223	38	1.0000	0	0		
rank	w-8	(set)	match-compliance	plain	same program	libpcre2_10.46_jit-caps-simdna	measured	pinned	6	stddev_ns	7.643688	38	1.0000	0	0		
rank	w-8	(set)	match-compliance	plain	same program	libpcre2_10.46_jit-caps-simdna	measured	pinned	6	ratio_vs_baseline	1.004412	38	1.0000	0	0		
rank	w-8	(set)	match-compliance	plain	same program	libpcre2_10.46_jit-caps-simdna	measured	pinned	6	ratio_vs_best	4.305619	38	1.0000	0	0		
rank	w-8	(set)	short-subject-search	plain	same program	pcrec_1989c62_auto-nocaps-simdna	measured	pinned	1	median_ns	4405.190493	38	1.0000	0	0		
rank	w-8	(set)	short-subject-search	plain	same program	pcrec_1989c62_auto-nocaps-simdna	measured	pinned	1	min_ns	4402.125243	38	1.0000	0	0		
rank	w-8	(set)	short-subject-search	plain	same program	pcrec_1989c62_auto-nocaps-simdna	measured	pinned	1	max_ns	4425.404964	38	1.0000	0	0		
rank	w-8	(set)	short-subject-search	plain	same program	pcrec_1989c62_auto-nocaps-simdna	measured	pinned	1	stddev_ns	9.663629	38	1.0000	0	0		
rank	w-8	(set)	short-subject-search	plain	same program	pcrec_1989c62_auto-nocaps-simdna	measured	pinned	1	ratio_vs_baseline	0.034435	38	1.0000	0	0		
rank	w-8	(set)	short-subject-search	plain	same program	pcrec_1989c62_auto-nocaps-simdna	measured	pinned	1	ratio_vs_best	1.000000	38	1.0000	0	0		
rank	w-8	(set)	short-subject-search	plain	same program	pcrec_1989c62_auto-caps-simdna	measured	pinned	2	median_ns	4405.756602	38	1.0000	0	0		
rank	w-8	(set)	short-subject-search	plain	same program	pcrec_1989c62_auto-caps-simdna	measured	pinned	2	min_ns	4392.082279	38	1.0000	0	0		
rank	w-8	(set)	short-subject-search	plain	same program	pcrec_1989c62_auto-caps-simdna	measured	pinned	2	max_ns	4447.226477	38	1.0000	0	0		
rank	w-8	(set)	short-subject-search	plain	same program	pcrec_1989c62_auto-caps-simdna	measured	pinned	2	stddev_ns	19.644435	38	1.0000	0	0		
rank	w-8	(set)	short-subject-search	plain	same program	pcrec_1989c62_auto-caps-simdna	measured	pinned	2	ratio_vs_baseline	0.034439	38	1.0000	0	0		
rank	w-8	(set)	short-subject-search	plain	same program	pcrec_1989c62_auto-caps-simdna	measured	pinned	2	ratio_vs_best	1.000129	38	1.0000	0	0		
rank	w-8	(set)	short-subject-search	plain	same program	libpcre2_10.46_jit-caps-simdna	measured	pinned	3	median_ns	10677.262275	38	1.0000	0	0		
rank	w-8	(set)	short-subject-search	plain	same program	libpcre2_10.46_jit-caps-simdna	measured	pinned	3	min_ns	10665.759536	38	1.0000	0	0		
rank	w-8	(set)	short-subject-search	plain	same program	libpcre2_10.46_jit-caps-simdna	measured	pinned	3	max_ns	10747.850259	38	1.0000	0	0		
rank	w-8	(set)	short-subject-search	plain	same program	libpcre2_10.46_jit-caps-simdna	measured	pinned	3	stddev_ns	30.304486	38	1.0000	0	0		
rank	w-8	(set)	short-subject-search	plain	same program	libpcre2_10.46_jit-caps-simdna	measured	pinned	3	ratio_vs_baseline	0.083462	38	1.0000	0	0		
rank	w-8	(set)	short-subject-search	plain	same program	libpcre2_10.46_jit-caps-simdna	measured	pinned	3	ratio_vs_best	2.423791	38	1.0000	0	0		
rank	w-8	(set)	short-subject-search	plain	same program	pcrec_1989c62_vm-caps-simdna	measured	pinned	4	median_ns	101365.467455	38	1.0000	0	0		
rank	w-8	(set)	short-subject-search	plain	same program	pcrec_1989c62_vm-caps-simdna	measured	pinned	4	min_ns	101328.835568	38	1.0000	0	0		
rank	w-8	(set)	short-subject-search	plain	same program	pcrec_1989c62_vm-caps-simdna	measured	pinned	4	max_ns	102342.787706	38	1.0000	0	0		
rank	w-8	(set)	short-subject-search	plain	same program	pcrec_1989c62_vm-caps-simdna	measured	pinned	4	stddev_ns	394.694029	38	1.0000	0	0		
rank	w-8	(set)	short-subject-search	plain	same program	pcrec_1989c62_vm-caps-simdna	measured	pinned	4	ratio_vs_baseline	0.792357	38	1.0000	0	0		
rank	w-8	(set)	short-subject-search	plain	same program	pcrec_1989c62_vm-caps-simdna	measured	pinned	4	ratio_vs_best	23.010462	38	1.0000	0	0		
rank	w-8	(set)	short-subject-search	plain	same program	pcrec_1989c62_vm-in-caps-simdna	measured	pinned	5	median_ns	101397.998318	38	1.0000	0	0		
rank	w-8	(set)	short-subject-search	plain	same program	pcrec_1989c62_vm-in-caps-simdna	measured	pinned	5	min_ns	101353.102028	38	1.0000	0	0		
rank	w-8	(set)	short-subject-search	plain	same program	pcrec_1989c62_vm-in-caps-simdna	measured	pinned	5	max_ns	101520.065080	38	1.0000	0	0		
rank	w-8	(set)	short-subject-search	plain	same program	pcrec_1989c62_vm-in-caps-simdna	measured	pinned	5	stddev_ns	58.373289	38	1.0000	0	0		
rank	w-8	(set)	short-subject-search	plain	same program	pcrec_1989c62_vm-in-caps-simdna	measured	pinned	5	ratio_vs_baseline	0.792612	38	1.0000	0	0		
rank	w-8	(set)	short-subject-search	plain	same program	pcrec_1989c62_vm-in-caps-simdna	measured	pinned	5	ratio_vs_best	23.017846	38	1.0000	0	0		
rank	w-8	(set)	short-subject-search	plain	same program	libpcre2_10.46_interp-caps-simdna	measured	pinned	6	median_ns	127928.999005	38	1.0000	0	0		
rank	w-8	(set)	short-subject-search	plain	same program	libpcre2_10.46_interp-caps-simdna	measured	pinned	6	min_ns	127684.724113	38	1.0000	0	0		
rank	w-8	(set)	short-subject-search	plain	same program	libpcre2_10.46_interp-caps-simdna	measured	pinned	6	max_ns	128282.385091	38	1.0000	0	0		
rank	w-8	(set)	short-subject-search	plain	same program	libpcre2_10.46_interp-caps-simdna	measured	pinned	6	stddev_ns	198.484103	38	1.0000	0	0		
rank	w-8	(set)	short-subject-search	plain	same program	libpcre2_10.46_interp-caps-simdna	measured	pinned	6	ratio_vs_baseline	1.000000	38	1.0000	0	0		
rank	w-8	(set)	short-subject-search	plain	same program	libpcre2_10.46_interp-caps-simdna	measured	pinned	6	ratio_vs_best	29.040515	38	1.0000	0	0		
rank	wb-512	(set)	large-subject-throughput	plain	same program	libpcre2_10.46_jit-caps-simdna	measured	pinned	1	median_ns	88707042.250000	4	1.0000	0	0		
rank	wb-512	(set)	large-subject-throughput	plain	same program	libpcre2_10.46_jit-caps-simdna	measured	pinned	1	min_ns	88186061.750000	4	1.0000	0	0		
rank	wb-512	(set)	large-subject-throughput	plain	same program	libpcre2_10.46_jit-caps-simdna	measured	pinned	1	max_ns	89361241.000000	4	1.0000	0	0		
rank	wb-512	(set)	large-subject-throughput	plain	same program	libpcre2_10.46_jit-caps-simdna	measured	pinned	1	stddev_ns	397365.518601	4	1.0000	0	0		
rank	wb-512	(set)	large-subject-throughput	plain	same program	libpcre2_10.46_jit-caps-simdna	measured	pinned	1	ratio_vs_baseline	0.123939	4	1.0000	0	0		
rank	wb-512	(set)	large-subject-throughput	plain	same program	libpcre2_10.46_jit-caps-simdna	measured	pinned	1	ratio_vs_best	1.000000	4	1.0000	0	0		
rank	wb-512	(set)	large-subject-throughput	plain	same program	libpcre2_10.46_interp-caps-simdna	measured	pinned	2	median_ns	715731606.000000	4	1.0000	0	0		
rank	wb-512	(set)	large-subject-throughput	plain	same program	libpcre2_10.46_interp-caps-simdna	measured	pinned	2	min_ns	706225249.000000	4	1.0000	0	0		
rank	wb-512	(set)	large-subject-throughput	plain	same program	libpcre2_10.46_interp-caps-simdna	measured	pinned	2	max_ns	751846212.000000	4	1.0000	0	0		
rank	wb-512	(set)	large-subject-throughput	plain	same program	libpcre2_10.46_interp-caps-simdna	measured	pinned	2	stddev_ns	16459372.574519	4	1.0000	0	0		
rank	wb-512	(set)	large-subject-throughput	plain	same program	libpcre2_10.46_interp-caps-simdna	measured	pinned	2	ratio_vs_baseline	1.000000	4	1.0000	0	0		
rank	wb-512	(set)	large-subject-throughput	plain	same program	libpcre2_10.46_interp-caps-simdna	measured	pinned	2	ratio_vs_best	8.068487	4	1.0000	0	0		
did_not_compile	wb-512	(set)	large-subject-throughput			pcrec_1989c62_auto-caps-simdna	did-not-compile									pcrec: pattern too large: 2345181 bytes of emitted C source (limit 1000000, ~389 KB .o). Lower a repeat count, try --unroll=1, or raise --max-emit-bytes; see limits.md "Handling an oversized artifact" (pattern offset 0)	
did_not_compile	wb-512	(set)	large-subject-throughput			pcrec_1989c62_auto-nocaps-simdna	did-not-compile									pcrec: pattern too large: 2345181 bytes of emitted C source (limit 1000000, ~389 KB .o). Lower a repeat count, try --unroll=1, or raise --max-emit-bytes; see limits.md "Handling an oversized artifact" (pattern offset 0)	
did_not_compile	wb-512	(set)	large-subject-throughput			pcrec_1989c62_vm-caps-simdna	did-not-compile									pcrec: pattern too large: 678967 bytes of emitted code (limit 500000), which gcc cannot compile in reasonable time. A repeat's body is replicated and counts MULTIPLY through nesting -- lower a count, try --unroll=1, or raise --max-emit-code-bytes (pattern offset 0)	
did_not_compile	wb-512	(set)	large-subject-throughput			pcrec_1989c62_vm-in-caps-simdna	did-not-compile									pcrec: pattern too large: 678967 bytes of emitted code (limit 500000), which gcc cannot compile in reasonable time. A repeat's body is replicated and counts MULTIPLY through nesting -- lower a count, try --unroll=1, or raise --max-emit-code-bytes (pattern offset 0)	
rank	wb-512	(set)	match-compliance	plain	same program	libpcre2_10.46_interp-caps-simdna	measured	pinned	1	median_ns	96062.387525	38	1.0000	0	0		
rank	wb-512	(set)	match-compliance	plain	same program	libpcre2_10.46_interp-caps-simdna	measured	pinned	1	min_ns	95757.374328	38	1.0000	0	0		
rank	wb-512	(set)	match-compliance	plain	same program	libpcre2_10.46_interp-caps-simdna	measured	pinned	1	max_ns	104444.003358	38	1.0000	0	0		
rank	wb-512	(set)	match-compliance	plain	same program	libpcre2_10.46_interp-caps-simdna	measured	pinned	1	stddev_ns	3323.038252	38	1.0000	0	0		
rank	wb-512	(set)	match-compliance	plain	same program	libpcre2_10.46_interp-caps-simdna	measured	pinned	1	ratio_vs_baseline	1.000000	38	1.0000	0	0		
rank	wb-512	(set)	match-compliance	plain	same program	libpcre2_10.46_interp-caps-simdna	measured	pinned	1	ratio_vs_best	1.000000	38	1.0000	0	0		
rank	wb-512	(set)	match-compliance	plain	same program	libpcre2_10.46_jit-caps-simdna	measured	pinned	2	median_ns	102829.506658	38	1.0000	0	0		
rank	wb-512	(set)	match-compliance	plain	same program	libpcre2_10.46_jit-caps-simdna	measured	pinned	2	min_ns	95805.065650	38	1.0000	0	0		
rank	wb-512	(set)	match-compliance	plain	same program	libpcre2_10.46_jit-caps-simdna	measured	pinned	2	max_ns	117063.888968	38	1.0000	0	0		
rank	wb-512	(set)	match-compliance	plain	same program	libpcre2_10.46_jit-caps-simdna	measured	pinned	2	stddev_ns	6962.381238	38	1.0000	0	0		
rank	wb-512	(set)	match-compliance	plain	same program	libpcre2_10.46_jit-caps-simdna	measured	pinned	2	ratio_vs_baseline	1.070445	38	1.0000	0	0		
rank	wb-512	(set)	match-compliance	plain	same program	libpcre2_10.46_jit-caps-simdna	measured	pinned	2	ratio_vs_best	1.070445	38	1.0000	0	0		
did_not_compile	wb-512	(set)	match-compliance			pcrec_1989c62_auto-caps-simdna	did-not-compile									pcrec: pattern too large: 2345181 bytes of emitted C source (limit 1000000, ~389 KB .o). Lower a repeat count, try --unroll=1, or raise --max-emit-bytes; see limits.md "Handling an oversized artifact" (pattern offset 0)	
did_not_compile	wb-512	(set)	match-compliance			pcrec_1989c62_auto-nocaps-simdna	did-not-compile									pcrec: pattern too large: 2345181 bytes of emitted C source (limit 1000000, ~389 KB .o). Lower a repeat count, try --unroll=1, or raise --max-emit-bytes; see limits.md "Handling an oversized artifact" (pattern offset 0)	
did_not_compile	wb-512	(set)	match-compliance			pcrec_1989c62_vm-caps-simdna	did-not-compile									pcrec: pattern too large: 678967 bytes of emitted code (limit 500000), which gcc cannot compile in reasonable time. A repeat's body is replicated and counts MULTIPLY through nesting -- lower a count, try --unroll=1, or raise --max-emit-code-bytes (pattern offset 0)	
did_not_compile	wb-512	(set)	match-compliance			pcrec_1989c62_vm-in-caps-simdna	did-not-compile									pcrec: pattern too large: 678967 bytes of emitted code (limit 500000), which gcc cannot compile in reasonable time. A repeat's body is replicated and counts MULTIPLY through nesting -- lower a count, try --unroll=1, or raise --max-emit-code-bytes (pattern offset 0)	
rank	wb-512	(set)	short-subject-search	plain	same program	libpcre2_10.46_jit-caps-simdna	measured	pinned	1	median_ns	459145.671364	38	1.0000	0	0		
rank	wb-512	(set)	short-subject-search	plain	same program	libpcre2_10.46_jit-caps-simdna	measured	pinned	1	min_ns	457271.043468	38	1.0000	0	0		
rank	wb-512	(set)	short-subject-search	plain	same program	libpcre2_10.46_jit-caps-simdna	measured	pinned	1	max_ns	629041.247910	38	1.0000	0	0		
rank	wb-512	(set)	short-subject-search	plain	same program	libpcre2_10.46_jit-caps-simdna	measured	pinned	1	stddev_ns	68073.812064	38	1.0000	0	0		
rank	wb-512	(set)	short-subject-search	plain	same program	libpcre2_10.46_jit-caps-simdna	measured	pinned	1	ratio_vs_baseline	0.122809	38	1.0000	0	0		
rank	wb-512	(set)	short-subject-search	plain	same program	libpcre2_10.46_jit-caps-simdna	measured	pinned	1	ratio_vs_best	1.000000	38	1.0000	0	0		
rank	wb-512	(set)	short-subject-search	plain	same program	libpcre2_10.46_interp-caps-simdna	measured	pinned	2	median_ns	3738701.763419	38	1.0000	0	0		
rank	wb-512	(set)	short-subject-search	plain	same program	libpcre2_10.46_interp-caps-simdna	measured	pinned	2	min_ns	3713222.385686	38	1.0000	0	0		
rank	wb-512	(set)	short-subject-search	plain	same program	libpcre2_10.46_interp-caps-simdna	measured	pinned	2	max_ns	3872810.522863	38	1.0000	0	0		
rank	wb-512	(set)	short-subject-search	plain	same program	libpcre2_10.46_interp-caps-simdna	measured	pinned	2	stddev_ns	58214.138734	38	1.0000	0	0		
rank	wb-512	(set)	short-subject-search	plain	same program	libpcre2_10.46_interp-caps-simdna	measured	pinned	2	ratio_vs_baseline	1.000000	38	1.0000	0	0		
rank	wb-512	(set)	short-subject-search	plain	same program	libpcre2_10.46_interp-caps-simdna	measured	pinned	2	ratio_vs_best	8.142736	38	1.0000	0	0		
did_not_compile	wb-512	(set)	short-subject-search			pcrec_1989c62_auto-caps-simdna	did-not-compile									pcrec: pattern too large: 2345181 bytes of emitted C source (limit 1000000, ~389 KB .o). Lower a repeat count, try --unroll=1, or raise --max-emit-bytes; see limits.md "Handling an oversized artifact" (pattern offset 0)	
did_not_compile	wb-512	(set)	short-subject-search			pcrec_1989c62_auto-nocaps-simdna	did-not-compile									pcrec: pattern too large: 2345181 bytes of emitted C source (limit 1000000, ~389 KB .o). Lower a repeat count, try --unroll=1, or raise --max-emit-bytes; see limits.md "Handling an oversized artifact" (pattern offset 0)	
did_not_compile	wb-512	(set)	short-subject-search			pcrec_1989c62_vm-caps-simdna	did-not-compile									pcrec: pattern too large: 678967 bytes of emitted code (limit 500000), which gcc cannot compile in reasonable time. A repeat's body is replicated and counts MULTIPLY through nesting -- lower a count, try --unroll=1, or raise --max-emit-code-bytes (pattern offset 0)	
did_not_compile	wb-512	(set)	short-subject-search			pcrec_1989c62_vm-in-caps-simdna	did-not-compile									pcrec: pattern too large: 678967 bytes of emitted code (limit 500000), which gcc cannot compile in reasonable time. A repeat's body is replicated and counts MULTIPLY through nesting -- lower a count, try --unroll=1, or raise --max-emit-code-bytes (pattern offset 0)	
compile	ci-512			plain	same program	libpcre2_10.46_interp-caps-simdna				median_total_ns	185311.000000	5					
compile	ci-512			plain	same program	libpcre2_10.46_interp-caps-simdna				jitter	0.072						
compile	ci-512			plain	same program	libpcre2_10.46_interp-caps-simdna				artifact_bytes	9196						
compile_stamp						libpcre2_10.46_interp-caps-simdna				engine	-						
compile_stamp						libpcre2_10.46_interp-caps-simdna				entry	plain entry						
compile_stamp						libpcre2_10.46_interp-caps-simdna				prefilter	-						
compile_stamp						libpcre2_10.46_interp-caps-simdna				vm_rungs	-						
compile_stamp						libpcre2_10.46_interp-caps-simdna				buffers	n/s						
compile_stamp						libpcre2_10.46_interp-caps-simdna				frame	n/s						
compile	cnt-64			plain	same program	libpcre2_10.46_interp-caps-simdna				median_total_ns	29050.000000	5					
compile	cnt-64			plain	same program	libpcre2_10.46_interp-caps-simdna				jitter	0.239						
compile	cnt-64			plain	same program	libpcre2_10.46_interp-caps-simdna				artifact_bytes	3506						
compile	floor			plain	same program	libpcre2_10.46_interp-caps-simdna				median_total_ns	370.000000	5					
compile	floor			plain	same program	libpcre2_10.46_interp-caps-simdna				jitter	timer-floor						
compile	floor			plain	same program	libpcre2_10.46_interp-caps-simdna				artifact_bytes	161						
compile	nar4-512			plain	same program	libpcre2_10.46_interp-caps-simdna				median_total_ns	198601.000000	5					
compile	nar4-512			plain	same program	libpcre2_10.46_interp-caps-simdna				jitter	0.071						
compile	nar4-512			plain	same program	libpcre2_10.46_interp-caps-simdna				artifact_bytes	9634						
compile	nar4-64			plain	same program	libpcre2_10.46_interp-caps-simdna				median_total_ns	32610.000000	5					
compile	nar4-64			plain	same program	libpcre2_10.46_interp-caps-simdna				jitter	0.257						
compile	nar4-64			plain	same program	libpcre2_10.46_interp-caps-simdna				artifact_bytes	1362						
compile	pfx3-512			plain	same program	libpcre2_10.46_interp-caps-simdna				median_total_ns	220762.000000	5					
compile	pfx3-512			plain	same program	libpcre2_10.46_interp-caps-simdna				jitter	0.245						
compile	pfx3-512			plain	same program	libpcre2_10.46_interp-caps-simdna				artifact_bytes	10854						
compile	s-2048			plain	same program	libpcre2_10.46_interp-caps-simdna				median_total_ns	691024.000000	5					
compile	s-2048			plain	same program	libpcre2_10.46_interp-caps-simdna				jitter	0.043						
compile	s-2048			plain	same program	libpcre2_10.46_interp-caps-simdna				artifact_bytes	26484						
compile	s-4096			plain	same program	libpcre2_10.46_interp-caps-simdna				median_total_ns	1440498.000000	5					
compile	s-4096			plain	same program	libpcre2_10.46_interp-caps-simdna				jitter	0.031						
compile	s-4096			plain	same program	libpcre2_10.46_interp-caps-simdna				artifact_bytes	52938						
compile	sfx-512			plain	same program	libpcre2_10.46_interp-caps-simdna				median_total_ns	222612.000000	5					
compile	sfx-512			plain	same program	libpcre2_10.46_interp-caps-simdna				jitter	0.067						
compile	sfx-512			plain	same program	libpcre2_10.46_interp-caps-simdna				artifact_bytes	10784						
compile	sfx-64			plain	same program	libpcre2_10.46_interp-caps-simdna				median_total_ns	27840.000000	5					
compile	sfx-64			plain	same program	libpcre2_10.46_interp-caps-simdna				jitter	0.251						
compile	sfx-64			plain	same program	libpcre2_10.46_interp-caps-simdna				artifact_bytes	1512						
compile	sh1-512			plain	same program	libpcre2_10.46_interp-caps-simdna				median_total_ns	258622.000000	5					
compile	sh1-512			plain	same program	libpcre2_10.46_interp-caps-simdna				jitter	0.064						
compile	sh1-512			plain	same program	libpcre2_10.46_interp-caps-simdna				artifact_bytes	9950						
compile	sh1-64			plain	same program	libpcre2_10.46_interp-caps-simdna				median_total_ns	24700.000000	5					
compile	sh1-64			plain	same program	libpcre2_10.46_interp-caps-simdna				jitter	0.271						
compile	sh1-64			plain	same program	libpcre2_10.46_interp-caps-simdna				artifact_bytes	1316						
compile	srt-512			plain	same program	libpcre2_10.46_interp-caps-simdna				median_total_ns	229801.000000	5					
compile	srt-512			plain	same program	libpcre2_10.46_interp-caps-simdna				jitter	0.158						
compile	srt-512			plain	same program	libpcre2_10.46_interp-caps-simdna				artifact_bytes	9196						
compile	w-1024			plain	same program	libpcre2_10.46_interp-caps-simdna				median_total_ns	385502.000000	5					
compile	w-1024			plain	same program	libpcre2_10.46_interp-caps-simdna				jitter	0.051						
compile	w-1024			plain	same program	libpcre2_10.46_interp-caps-simdna				artifact_bytes	18590						
compile	w-2048			plain	same program	libpcre2_10.46_interp-caps-simdna				median_total_ns	951715.000000	5					
compile	w-2048			plain	same program	libpcre2_10.46_interp-caps-simdna				jitter	0.039						
compile	w-2048			plain	same program	libpcre2_10.46_interp-caps-simdna				artifact_bytes	37194						
compile	w-256			plain	same program	libpcre2_10.46_interp-caps-simdna				median_total_ns	96341.000000	5					
compile	w-256			plain	same program	libpcre2_10.46_interp-caps-simdna				jitter	0.105						
compile	w-256			plain	same program	libpcre2_10.46_interp-caps-simdna				artifact_bytes	4614						
compile	w-512			plain	same program	libpcre2_10.46_interp-caps-simdna				median_total_ns	489153.000000	5					
compile	w-512			plain	same program	libpcre2_10.46_interp-caps-simdna				jitter	0.048						
compile	w-512			plain	same program	libpcre2_10.46_interp-caps-simdna				artifact_bytes	9196						
compile	w-64			plain	same program	libpcre2_10.46_interp-caps-simdna				median_total_ns	60781.000000	5					
compile	w-64			plain	same program	libpcre2_10.46_interp-caps-simdna				jitter	0.263						
compile	w-64			plain	same program	libpcre2_10.46_interp-caps-simdna				artifact_bytes	1272						
compile	w-8			plain	same program	libpcre2_10.46_interp-caps-simdna				median_total_ns	3290.000000	5					
compile	w-8			plain	same program	libpcre2_10.46_interp-caps-simdna				jitter	timer-floor						
compile	w-8			plain	same program	libpcre2_10.46_interp-caps-simdna				artifact_bytes	276						
compile	wb-512			plain	same program	libpcre2_10.46_interp-caps-simdna				median_total_ns	188891.000000	5					
compile	wb-512			plain	same program	libpcre2_10.46_interp-caps-simdna				jitter	0.078						
compile	wb-512			plain	same program	libpcre2_10.46_interp-caps-simdna				artifact_bytes	9198						
compile	ci-512			plain	same program	libpcre2_10.46_jit-caps-simdna				median_total_ns	2383204.000000	5					
compile	ci-512			plain	same program	libpcre2_10.46_jit-caps-simdna				jitter	0.053						
compile	ci-512			plain	same program	libpcre2_10.46_jit-caps-simdna				artifact_bytes	9196						
compile_stamp						libpcre2_10.46_jit-caps-simdna				engine	-						
compile_stamp						libpcre2_10.46_jit-caps-simdna				entry	plain entry						
compile_stamp						libpcre2_10.46_jit-caps-simdna				prefilter	-						
compile_stamp						libpcre2_10.46_jit-caps-simdna				vm_rungs	-						
compile_stamp						libpcre2_10.46_jit-caps-simdna				buffers	n/s						
compile_stamp						libpcre2_10.46_jit-caps-simdna				frame	n/s						
compile	cnt-64			plain	same program	libpcre2_10.46_jit-caps-simdna				median_total_ns	243081.000000	5					
compile	cnt-64			plain	same program	libpcre2_10.46_jit-caps-simdna				jitter	0.308						
compile	cnt-64			plain	same program	libpcre2_10.46_jit-caps-simdna				artifact_bytes	3506						
compile	floor			plain	same program	libpcre2_10.46_jit-caps-simdna				median_total_ns	15920.000000	5					
compile	floor			plain	same program	libpcre2_10.46_jit-caps-simdna				jitter	timer-floor						
compile	floor			plain	same program	libpcre2_10.46_jit-caps-simdna				artifact_bytes	161						
compile	nar4-512			plain	same program	libpcre2_10.46_jit-caps-simdna				median_total_ns	2216343.000000	5					
compile	nar4-512			plain	same program	libpcre2_10.46_jit-caps-simdna				jitter	0.059						
compile	nar4-512			plain	same program	libpcre2_10.46_jit-caps-simdna				artifact_bytes	9634						
compile	nar4-64			plain	same program	libpcre2_10.46_jit-caps-simdna				median_total_ns	213342.000000	5					
compile	nar4-64			plain	same program	libpcre2_10.46_jit-caps-simdna				jitter	0.390						
compile	nar4-64			plain	same program	libpcre2_10.46_jit-caps-simdna				artifact_bytes	1362						
compile	pfx3-512			plain	same program	libpcre2_10.46_jit-caps-simdna				median_total_ns	2385814.000000	5					
compile	pfx3-512			plain	same program	libpcre2_10.46_jit-caps-simdna				jitter	0.075						
compile	pfx3-512			plain	same program	libpcre2_10.46_jit-caps-simdna				artifact_bytes	10854						
compile	s-2048			plain	same program	libpcre2_10.46_jit-caps-simdna				median_total_ns	3287400.000000	5					
compile	s-2048			plain	same program	libpcre2_10.46_jit-caps-simdna				jitter	0.029						
compile	s-2048			plain	same program	libpcre2_10.46_jit-caps-simdna				artifact_bytes	26484						
compile	s-4096			plain	same program	libpcre2_10.46_jit-caps-simdna				median_total_ns	5148670.000000	5					
compile	s-4096			plain	same program	libpcre2_10.46_jit-caps-simdna				jitter	0.046						
compile	s-4096			plain	same program	libpcre2_10.46_jit-caps-simdna				artifact_bytes	52938						
compile	sfx-512			plain	same program	libpcre2_10.46_jit-caps-simdna				median_total_ns	2420064.000000	5					
compile	sfx-512			plain	same program	libpcre2_10.46_jit-caps-simdna				jitter	0.052						
compile	sfx-512			plain	same program	libpcre2_10.46_jit-caps-simdna				artifact_bytes	10784						
compile	sfx-64			plain	same program	libpcre2_10.46_jit-caps-simdna				median_total_ns	244582.000000	5					
compile	sfx-64			plain	same program	libpcre2_10.46_jit-caps-simdna				jitter	0.303						
compile	sfx-64			plain	same program	libpcre2_10.46_jit-caps-simdna				artifact_bytes	1512						
compile	sh1-512			plain	same program	libpcre2_10.46_jit-caps-simdna				median_total_ns	918996.000000	5					
compile	sh1-512			plain	same program	libpcre2_10.46_jit-caps-simdna				jitter	0.058						
compile	sh1-512			plain	same program	libpcre2_10.46_jit-caps-simdna				artifact_bytes	9950						
compile	sh1-64			plain	same program	libpcre2_10.46_jit-caps-simdna				median_total_ns	211362.000000	5					
compile	sh1-64			plain	same program	libpcre2_10.46_jit-caps-simdna				jitter	0.391						
compile	sh1-64			plain	same program	libpcre2_10.46_jit-caps-simdna				artifact_bytes	1316						
compile	srt-512			plain	same program	libpcre2_10.46_jit-caps-simdna				median_total_ns	2187723.000000	5					
compile	srt-512			plain	same program	libpcre2_10.46_jit-caps-simdna				jitter	0.060						
compile	srt-512			plain	same program	libpcre2_10.46_jit-caps-simdna				artifact_bytes	9196						
compile	w-1024			plain	same program	libpcre2_10.46_jit-caps-simdna				median_total_ns	1896512.000000	5					
compile	w-1024			plain	same program	libpcre2_10.46_jit-caps-simdna				jitter	0.049						
compile	w-1024			plain	same program	libpcre2_10.46_jit-caps-simdna				artifact_bytes	18590						
compile	w-2048			plain	same program	libpcre2_10.46_jit-caps-simdna				median_total_ns	3077629.000000	5					
compile	w-2048			plain	same program	libpcre2_10.46_jit-caps-simdna				jitter	0.046						
compile	w-2048			plain	same program	libpcre2_10.46_jit-caps-simdna				artifact_bytes	37194						
compile	w-256			plain	same program	libpcre2_10.46_jit-caps-simdna				median_total_ns	401272.000000	5					
compile	w-256			plain	same program	libpcre2_10.46_jit-caps-simdna				jitter	0.120						
compile	w-256			plain	same program	libpcre2_10.46_jit-caps-simdna				artifact_bytes	4614						
compile	w-512			plain	same program	libpcre2_10.46_jit-caps-simdna				median_total_ns	884605.000000	5					
compile	w-512			plain	same program	libpcre2_10.46_jit-caps-simdna				jitter	0.071						
compile	w-512			plain	same program	libpcre2_10.46_jit-caps-simdna				artifact_bytes	9196						
compile	w-64			plain	same program	libpcre2_10.46_jit-caps-simdna				median_total_ns	80200.000000	5					
compile	w-64			plain	same program	libpcre2_10.46_jit-caps-simdna				jitter	0.397						
compile	w-64			plain	same program	libpcre2_10.46_jit-caps-simdna				artifact_bytes	1272						
compile	w-8			plain	same program	libpcre2_10.46_jit-caps-simdna				median_total_ns	16910.000000	5					
compile	w-8			plain	same program	libpcre2_10.46_jit-caps-simdna				jitter	timer-floor						
compile	w-8			plain	same program	libpcre2_10.46_jit-caps-simdna				artifact_bytes	276						
compile	wb-512			plain	same program	libpcre2_10.46_jit-caps-simdna				median_total_ns	2197663.000000	5					
compile	wb-512			plain	same program	libpcre2_10.46_jit-caps-simdna				jitter	0.061						
compile	wb-512			plain	same program	libpcre2_10.46_jit-caps-simdna				artifact_bytes	9198						
compile	ci-512			plain	same program	pcrec_1989c62_auto-caps-simdna				median_total_ns		1					
compile	ci-512			whole-subject	separate artifact	pcrec_1989c62_auto-caps-simdna				median_total_ns		1					
compile	cnt-64			plain	same program	pcrec_1989c62_auto-caps-simdna				median_total_ns	365305571.000000	5					
compile	cnt-64			plain	same program	pcrec_1989c62_auto-caps-simdna				jitter	0.020						
compile	cnt-64			plain	same program	pcrec_1989c62_auto-caps-simdna				artifact_bytes	252200						
compile	cnt-64			plain	same program	pcrec_1989c62_auto-caps-simdna				emit_bytes	838471						
compile	cnt-64			plain	same program	pcrec_1989c62_auto-caps-simdna				emit_code_bytes	19067						
compile	cnt-64			plain	same program	pcrec_1989c62_auto-caps-simdna				warned_emit_bytes	838471						
compile_stamp						pcrec_1989c62_auto-caps-simdna				engine	dfa						
compile_stamp						pcrec_1989c62_auto-caps-simdna				entry	plain entry						
compile_stamp						pcrec_1989c62_auto-caps-simdna				prefilter	-						
compile_stamp						pcrec_1989c62_auto-caps-simdna				vm_rungs	-						
compile_stamp						pcrec_1989c62_auto-caps-simdna				buffers	0 (DFA)						
compile_stamp						pcrec_1989c62_auto-caps-simdna				frame	0 (DFA)						
compile_stamp						pcrec_1989c62_auto-caps-simdna				dfa_prefilter_offsets	none						
compile_stamp						pcrec_1989c62_auto-caps-simdna				dfa_match	unwrapped						
compile_stamp						pcrec_1989c62_auto-caps-simdna				dfa_scan_edge	range						
compile_stamp						pcrec_1989c62_auto-caps-simdna				engine_sel	selected						
compile	cnt-64			whole-subject	separate artifact	pcrec_1989c62_auto-caps-simdna				median_total_ns		1					
compile	floor			plain	same program	pcrec_1989c62_auto-caps-simdna				median_total_ns	135362823.000000	5					
compile	floor			plain	same program	pcrec_1989c62_auto-caps-simdna				jitter	0.023						
compile	floor			plain	same program	pcrec_1989c62_auto-caps-simdna				artifact_bytes	22832						
compile	floor			plain	same program	pcrec_1989c62_auto-caps-simdna				emit_bytes	17965						
compile	floor			plain	same program	pcrec_1989c62_auto-caps-simdna				emit_code_bytes	12968						
compile	floor			whole-subject	separate artifact	pcrec_1989c62_auto-caps-simdna				median_total_ns	149154526.000000	5					
compile	floor			whole-subject	separate artifact	pcrec_1989c62_auto-caps-simdna				jitter	0.036						
compile	floor			whole-subject	separate artifact	pcrec_1989c62_auto-caps-simdna				artifact_bytes	22968						
compile	floor			whole-subject	separate artifact	pcrec_1989c62_auto-caps-simdna				emit_bytes	20308						
compile	floor			whole-subject	separate artifact	pcrec_1989c62_auto-caps-simdna				emit_code_bytes	14985						
compile	nar4-512			plain	same program	pcrec_1989c62_auto-caps-simdna				median_total_ns		1					
compile	nar4-512			whole-subject	separate artifact	pcrec_1989c62_auto-caps-simdna				median_total_ns		1					
compile	nar4-64			plain	same program	pcrec_1989c62_auto-caps-simdna				median_total_ns	239928119.000000	5					
compile	nar4-64			plain	same program	pcrec_1989c62_auto-caps-simdna				jitter	0.015						
compile	nar4-64			plain	same program	pcrec_1989c62_auto-caps-simdna				artifact_bytes	104744						
compile	nar4-64			plain	same program	pcrec_1989c62_auto-caps-simdna				emit_bytes	279234						
compile	nar4-64			plain	same program	pcrec_1989c62_auto-caps-simdna				emit_code_bytes	17286						
compile	nar4-64			plain	same program	pcrec_1989c62_auto-caps-simdna				warned_emit_bytes	279234						
compile	nar4-64			whole-subject	separate artifact	pcrec_1989c62_auto-caps-simdna				median_total_ns	269270055.000000	5					
compile	nar4-64			whole-subject	separate artifact	pcrec_1989c62_auto-caps-simdna				jitter	0.038						
compile	nar4-64			whole-subject	separate artifact	pcrec_1989c62_auto-caps-simdna				artifact_bytes	108984						
compile	nar4-64			whole-subject	separate artifact	pcrec_1989c62_auto-caps-simdna				emit_bytes	291399						
compile	nar4-64			whole-subject	separate artifact	pcrec_1989c62_auto-caps-simdna				emit_code_bytes	19203						
compile	nar4-64			whole-subject	separate artifact	pcrec_1989c62_auto-caps-simdna				warned_emit_bytes	291399						
compile	pfx3-512			plain	same program	pcrec_1989c62_auto-caps-simdna				median_total_ns		1					
compile	pfx3-512			whole-subject	separate artifact	pcrec_1989c62_auto-caps-simdna				median_total_ns		1					
compile	s-2048			plain	same program	pcrec_1989c62_auto-caps-simdna				median_total_ns		1					
compile	s-2048			whole-subject	separate artifact	pcrec_1989c62_auto-caps-simdna				median_total_ns		1					
compile	s-4096			plain	same program	pcrec_1989c62_auto-caps-simdna				median_total_ns		1					
compile	s-4096			whole-subject	separate artifact	pcrec_1989c62_auto-caps-simdna				median_total_ns		1					
compile	sfx-512			plain	same program	pcrec_1989c62_auto-caps-simdna				median_total_ns		1					
compile	sfx-512			whole-subject	separate artifact	pcrec_1989c62_auto-caps-simdna				median_total_ns		1					
compile	sfx-64			plain	same program	pcrec_1989c62_auto-caps-simdna				median_total_ns	239514027.000000	5					
compile	sfx-64			plain	same program	pcrec_1989c62_auto-caps-simdna				jitter	0.029						
compile	sfx-64			plain	same program	pcrec_1989c62_auto-caps-simdna				artifact_bytes	92456						
compile	sfx-64			plain	same program	pcrec_1989c62_auto-caps-simdna				emit_bytes	244008						
compile	sfx-64			plain	same program	pcrec_1989c62_auto-caps-simdna				emit_code_bytes	17359						
compile	sfx-64			whole-subject	separate artifact	pcrec_1989c62_auto-caps-simdna				median_total_ns	267449435.000000	5					
compile	sfx-64			whole-subject	separate artifact	pcrec_1989c62_auto-caps-simdna				jitter	0.029						
compile	sfx-64			whole-subject	separate artifact	pcrec_1989c62_auto-caps-simdna				artifact_bytes	92600						
compile	sfx-64			whole-subject	separate artifact	pcrec_1989c62_auto-caps-simdna				emit_bytes	253043						
compile	sfx-64			whole-subject	separate artifact	pcrec_1989c62_auto-caps-simdna				emit_code_bytes	19275						
compile	sfx-64			whole-subject	separate artifact	pcrec_1989c62_auto-caps-simdna				warned_emit_bytes	253043						
compile	sh1-512			plain	same program	pcrec_1989c62_auto-caps-simdna				median_total_ns		1					
compile	sh1-512			whole-subject	separate artifact	pcrec_1989c62_auto-caps-simdna				median_total_ns		1					
compile	sh1-64			plain	same program	pcrec_1989c62_auto-caps-simdna				median_total_ns	201205358.000000	5					
compile	sh1-64			plain	same program	pcrec_1989c62_auto-caps-simdna				jitter	0.042						
compile	sh1-64			plain	same program	pcrec_1989c62_auto-caps-simdna				artifact_bytes	92464						
compile	sh1-64			plain	same program	pcrec_1989c62_auto-caps-simdna				emit_bytes	236212						
compile	sh1-64			plain	same program	pcrec_1989c62_auto-caps-simdna				emit_code_bytes	15430						
compile	sh1-64			whole-subject	separate artifact	pcrec_1989c62_auto-caps-simdna				median_total_ns	220961246.000000	5					
compile	sh1-64			whole-subject	separate artifact	pcrec_1989c62_auto-caps-simdna				jitter	0.033						
compile	sh1-64			whole-subject	separate artifact	pcrec_1989c62_auto-caps-simdna				artifact_bytes	96696						
compile	sh1-64			whole-subject	separate artifact	pcrec_1989c62_auto-caps-simdna				emit_bytes	246680						
compile	sh1-64			whole-subject	separate artifact	pcrec_1989c62_auto-caps-simdna				emit_code_bytes	17451						
compile	srt-512			plain	same program	pcrec_1989c62_auto-caps-simdna				median_total_ns		1					
compile	srt-512			whole-subject	separate artifact	pcrec_1989c62_auto-caps-simdna				median_total_ns		1					
compile	w-1024			plain	same program	pcrec_1989c62_auto-caps-simdna				median_total_ns		1					
compile	w-1024			whole-subject	separate artifact	pcrec_1989c62_auto-caps-simdna				median_total_ns		1					
compile	w-2048			plain	same program	pcrec_1989c62_auto-caps-simdna				median_total_ns		1					
compile	w-2048			whole-subject	separate artifact	pcrec_1989c62_auto-caps-simdna				median_total_ns		1					
compile	w-256			plain	same program	pcrec_1989c62_auto-caps-simdna				median_total_ns	606936343.000000	5					
compile	w-256			plain	same program	pcrec_1989c62_auto-caps-simdna				jitter	0.016						
compile	w-256			plain	same program	pcrec_1989c62_auto-caps-simdna				artifact_bytes	305448						
compile	w-256			plain	same program	pcrec_1989c62_auto-caps-simdna				emit_bytes	977055						
compile	w-256			plain	same program	pcrec_1989c62_auto-caps-simdna				emit_code_bytes	18829						
compile	w-256			plain	same program	pcrec_1989c62_auto-caps-simdna				warned_emit_bytes	977055						
compile	w-256			whole-subject	separate artifact	pcrec_1989c62_auto-caps-simdna				median_total_ns		1					
compile	w-512			plain	same program	pcrec_1989c62_auto-caps-simdna				median_total_ns		1					
compile	w-512			whole-subject	separate artifact	pcrec_1989c62_auto-caps-simdna				median_total_ns		1					
compile	w-64			plain	same program	pcrec_1989c62_auto-caps-simdna				median_total_ns	243794923.000000	5					
compile	w-64			plain	same program	pcrec_1989c62_auto-caps-simdna				jitter	0.027						
compile	w-64			plain	same program	pcrec_1989c62_auto-caps-simdna				artifact_bytes	104744						
compile	w-64			plain	same program	pcrec_1989c62_auto-caps-simdna				emit_bytes	287533						
compile	w-64			plain	same program	pcrec_1989c62_auto-caps-simdna				emit_code_bytes	17302						
compile	w-64			plain	same program	pcrec_1989c62_auto-caps-simdna				warned_emit_bytes	287533						
compile	w-64			whole-subject	separate artifact	pcrec_1989c62_auto-caps-simdna				median_total_ns	270148041.000000	5					
compile	w-64			whole-subject	separate artifact	pcrec_1989c62_auto-caps-simdna				jitter	0.022						
compile	w-64			whole-subject	separate artifact	pcrec_1989c62_auto-caps-simdna				artifact_bytes	108984						
compile	w-64			whole-subject	separate artifact	pcrec_1989c62_auto-caps-simdna				emit_bytes	305055						
compile	w-64			whole-subject	separate artifact	pcrec_1989c62_auto-caps-simdna				emit_code_bytes	19218						
compile	w-64			whole-subject	separate artifact	pcrec_1989c62_auto-caps-simdna				warned_emit_bytes	305055						
compile	w-8			plain	same program	pcrec_1989c62_auto-caps-simdna				median_total_ns	156439988.000000	5					
compile	w-8			plain	same program	pcrec_1989c62_auto-caps-simdna				jitter	0.036						
compile	w-8			plain	same program	pcrec_1989c62_auto-caps-simdna				artifact_bytes	31016						
compile	w-8			plain	same program	pcrec_1989c62_auto-caps-simdna				emit_bytes	42486						
compile	w-8			plain	same program	pcrec_1989c62_auto-caps-simdna				emit_code_bytes	14852						
compile	w-8			whole-subject	separate artifact	pcrec_1989c62_auto-caps-simdna				median_total_ns	176139996.000000	5					
compile	w-8			whole-subject	separate artifact	pcrec_1989c62_auto-caps-simdna				jitter	0.023						
compile	w-8			whole-subject	separate artifact	pcrec_1989c62_auto-caps-simdna				artifact_bytes	31160						
compile	w-8			whole-subject	separate artifact	pcrec_1989c62_auto-caps-simdna				emit_bytes	46353						
compile	w-8			whole-subject	separate artifact	pcrec_1989c62_auto-caps-simdna				emit_code_bytes	16768						
compile	wb-512			plain	same program	pcrec_1989c62_auto-caps-simdna				median_total_ns		1					
compile	wb-512			whole-subject	separate artifact	pcrec_1989c62_auto-caps-simdna				median_total_ns		1					
compile	ci-512			plain	same program	pcrec_1989c62_auto-nocaps-simdna				median_total_ns		1					
compile	ci-512			whole-subject	separate artifact	pcrec_1989c62_auto-nocaps-simdna				median_total_ns		1					
compile	cnt-64			plain	same program	pcrec_1989c62_auto-nocaps-simdna				median_total_ns	373690430.000000	5					
compile	cnt-64			plain	same program	pcrec_1989c62_auto-nocaps-simdna				jitter	0.010						
compile	cnt-64			plain	same program	pcrec_1989c62_auto-nocaps-simdna				artifact_bytes	252200						
compile	cnt-64			plain	same program	pcrec_1989c62_auto-nocaps-simdna				emit_bytes	838471						
compile	cnt-64			plain	same program	pcrec_1989c62_auto-nocaps-simdna				emit_code_bytes	19067						
compile	cnt-64			plain	same program	pcrec_1989c62_auto-nocaps-simdna				warned_emit_bytes	838471						
compile_stamp						pcrec_1989c62_auto-nocaps-simdna				engine	dfa						
compile_stamp						pcrec_1989c62_auto-nocaps-simdna				entry	plain entry						
compile_stamp						pcrec_1989c62_auto-nocaps-simdna				prefilter	-						
compile_stamp						pcrec_1989c62_auto-nocaps-simdna				vm_rungs	-						
compile_stamp						pcrec_1989c62_auto-nocaps-simdna				buffers	0 (DFA)						
compile_stamp						pcrec_1989c62_auto-nocaps-simdna				frame	0 (DFA)						
compile_stamp						pcrec_1989c62_auto-nocaps-simdna				dfa_prefilter_offsets	none						
compile_stamp						pcrec_1989c62_auto-nocaps-simdna				dfa_match	unwrapped						
compile_stamp						pcrec_1989c62_auto-nocaps-simdna				dfa_scan_edge	range						
compile_stamp						pcrec_1989c62_auto-nocaps-simdna				engine_sel	selected						
compile	cnt-64			whole-subject	separate artifact	pcrec_1989c62_auto-nocaps-simdna				median_total_ns		1					
compile	floor			plain	same program	pcrec_1989c62_auto-nocaps-simdna				median_total_ns	142434383.000000	5					
compile	floor			plain	same program	pcrec_1989c62_auto-nocaps-simdna				jitter	0.017						
compile	floor			plain	same program	pcrec_1989c62_auto-nocaps-simdna				artifact_bytes	22832						
compile	floor			plain	same program	pcrec_1989c62_auto-nocaps-simdna				emit_bytes	17965						
compile	floor			plain	same program	pcrec_1989c62_auto-nocaps-simdna				emit_code_bytes	12968						
compile	floor			whole-subject	separate artifact	pcrec_1989c62_auto-nocaps-simdna				median_total_ns	141807650.000000	5					
compile	floor			whole-subject	separate artifact	pcrec_1989c62_auto-nocaps-simdna				jitter	0.037						
compile	floor			whole-subject	separate artifact	pcrec_1989c62_auto-nocaps-simdna				artifact_bytes	22968						
compile	floor			whole-subject	separate artifact	pcrec_1989c62_auto-nocaps-simdna				emit_bytes	20308						
compile	floor			whole-subject	separate artifact	pcrec_1989c62_auto-nocaps-simdna				emit_code_bytes	14985						
compile	nar4-512			plain	same program	pcrec_1989c62_auto-nocaps-simdna				median_total_ns		1					
compile	nar4-512			whole-subject	separate artifact	pcrec_1989c62_auto-nocaps-simdna				median_total_ns		1					
compile	nar4-64			plain	same program	pcrec_1989c62_auto-nocaps-simdna				median_total_ns	239478025.000000	5					
compile	nar4-64			plain	same program	pcrec_1989c62_auto-nocaps-simdna				jitter	0.030						
compile	nar4-64			plain	same program	pcrec_1989c62_auto-nocaps-simdna				artifact_bytes	104744						
compile	nar4-64			plain	same program	pcrec_1989c62_auto-nocaps-simdna				emit_bytes	279234						
compile	nar4-64			plain	same program	pcrec_1989c62_auto-nocaps-simdna				emit_code_bytes	17286						
compile	nar4-64			plain	same program	pcrec_1989c62_auto-nocaps-simdna				warned_emit_bytes	279234						
compile	nar4-64			whole-subject	separate artifact	pcrec_1989c62_auto-nocaps-simdna				median_total_ns	264442084.000000	5					
compile	nar4-64			whole-subject	separate artifact	pcrec_1989c62_auto-nocaps-simdna				jitter	0.013						
compile	nar4-64			whole-subject	separate artifact	pcrec_1989c62_auto-nocaps-simdna				artifact_bytes	108984						
compile	nar4-64			whole-subject	separate artifact	pcrec_1989c62_auto-nocaps-simdna				emit_bytes	291399						
compile	nar4-64			whole-subject	separate artifact	pcrec_1989c62_auto-nocaps-simdna				emit_code_bytes	19203						
compile	nar4-64			whole-subject	separate artifact	pcrec_1989c62_auto-nocaps-simdna				warned_emit_bytes	291399						
compile	pfx3-512			plain	same program	pcrec_1989c62_auto-nocaps-simdna				median_total_ns		1					
compile	pfx3-512			whole-subject	separate artifact	pcrec_1989c62_auto-nocaps-simdna				median_total_ns		1					
compile	s-2048			plain	same program	pcrec_1989c62_auto-nocaps-simdna				median_total_ns		1					
compile	s-2048			whole-subject	separate artifact	pcrec_1989c62_auto-nocaps-simdna				median_total_ns		1					
compile	s-4096			plain	same program	pcrec_1989c62_auto-nocaps-simdna				median_total_ns		1					
compile	s-4096			whole-subject	separate artifact	pcrec_1989c62_auto-nocaps-simdna				median_total_ns		1					
compile	sfx-512			plain	same program	pcrec_1989c62_auto-nocaps-simdna				median_total_ns		1					
compile	sfx-512			whole-subject	separate artifact	pcrec_1989c62_auto-nocaps-simdna				median_total_ns		1					
compile	sfx-64			plain	same program	pcrec_1989c62_auto-nocaps-simdna				median_total_ns	236906741.000000	5					
compile	sfx-64			plain	same program	pcrec_1989c62_auto-nocaps-simdna				jitter	0.032						
compile	sfx-64			plain	same program	pcrec_1989c62_auto-nocaps-simdna				artifact_bytes	92456						
compile	sfx-64			plain	same program	pcrec_1989c62_auto-nocaps-simdna				emit_bytes	244008						
compile	sfx-64			plain	same program	pcrec_1989c62_auto-nocaps-simdna				emit_code_bytes	17359						
compile	sfx-64			whole-subject	separate artifact	pcrec_1989c62_auto-nocaps-simdna				median_total_ns	261283265.000000	5					
compile	sfx-64			whole-subject	separate artifact	pcrec_1989c62_auto-nocaps-simdna				jitter	0.029						
compile	sfx-64			whole-subject	separate artifact	pcrec_1989c62_auto-nocaps-simdna				artifact_bytes	92600						
compile	sfx-64			whole-subject	separate artifact	pcrec_1989c62_auto-nocaps-simdna				emit_bytes	253043						
compile	sfx-64			whole-subject	separate artifact	pcrec_1989c62_auto-nocaps-simdna				emit_code_bytes	19275						
compile	sfx-64			whole-subject	separate artifact	pcrec_1989c62_auto-nocaps-simdna				warned_emit_bytes	253043						
compile	sh1-512			plain	same program	pcrec_1989c62_auto-nocaps-simdna				median_total_ns		1					
compile	sh1-512			whole-subject	separate artifact	pcrec_1989c62_auto-nocaps-simdna				median_total_ns		1					
compile	sh1-64			plain	same program	pcrec_1989c62_auto-nocaps-simdna				median_total_ns	201888649.000000	5					
compile	sh1-64			plain	same program	pcrec_1989c62_auto-nocaps-simdna				jitter	0.013						
compile	sh1-64			plain	same program	pcrec_1989c62_auto-nocaps-simdna				artifact_bytes	92464						
compile	sh1-64			plain	same program	pcrec_1989c62_auto-nocaps-simdna				emit_bytes	236212						
compile	sh1-64			plain	same program	pcrec_1989c62_auto-nocaps-simdna				emit_code_bytes	15430						
compile	sh1-64			whole-subject	separate artifact	pcrec_1989c62_auto-nocaps-simdna				median_total_ns	219998038.000000	5					
compile	sh1-64			whole-subject	separate artifact	pcrec_1989c62_auto-nocaps-simdna				jitter	0.007						
compile	sh1-64			whole-subject	separate artifact	pcrec_1989c62_auto-nocaps-simdna				artifact_bytes	96696						
compile	sh1-64			whole-subject	separate artifact	pcrec_1989c62_auto-nocaps-simdna				emit_bytes	246680						
compile	sh1-64			whole-subject	separate artifact	pcrec_1989c62_auto-nocaps-simdna				emit_code_bytes	17451						
compile	srt-512			plain	same program	pcrec_1989c62_auto-nocaps-simdna				median_total_ns		1					
compile	srt-512			whole-subject	separate artifact	pcrec_1989c62_auto-nocaps-simdna				median_total_ns		1					
compile	w-1024			plain	same program	pcrec_1989c62_auto-nocaps-simdna				median_total_ns		1					
compile	w-1024			whole-subject	separate artifact	pcrec_1989c62_auto-nocaps-simdna				median_total_ns		1					
compile	w-2048			plain	same program	pcrec_1989c62_auto-nocaps-simdna				median_total_ns		1					
compile	w-2048			whole-subject	separate artifact	pcrec_1989c62_auto-nocaps-simdna				median_total_ns		1					
compile	w-256			plain	same program	pcrec_1989c62_auto-nocaps-simdna				median_total_ns	598409241.000000	5					
compile	w-256			plain	same program	pcrec_1989c62_auto-nocaps-simdna				jitter	0.009						
compile	w-256			plain	same program	pcrec_1989c62_auto-nocaps-simdna				artifact_bytes	305448						
compile	w-256			plain	same program	pcrec_1989c62_auto-nocaps-simdna				emit_bytes	977055						
compile	w-256			plain	same program	pcrec_1989c62_auto-nocaps-simdna				emit_code_bytes	18829						
compile	w-256			plain	same program	pcrec_1989c62_auto-nocaps-simdna				warned_emit_bytes	977055						
compile	w-256			whole-subject	separate artifact	pcrec_1989c62_auto-nocaps-simdna				median_total_ns		1					
compile	w-512			plain	same program	pcrec_1989c62_auto-nocaps-simdna				median_total_ns		1					
compile	w-512			whole-subject	separate artifact	pcrec_1989c62_auto-nocaps-simdna				median_total_ns		1					
compile	w-64			plain	same program	pcrec_1989c62_auto-nocaps-simdna				median_total_ns	246542549.000000	5					
compile	w-64			plain	same program	pcrec_1989c62_auto-nocaps-simdna				jitter	0.041						
compile	w-64			plain	same program	pcrec_1989c62_auto-nocaps-simdna				artifact_bytes	104744						
compile	w-64			plain	same program	pcrec_1989c62_auto-nocaps-simdna				emit_bytes	287533						
compile	w-64			plain	same program	pcrec_1989c62_auto-nocaps-simdna				emit_code_bytes	17302						
compile	w-64			plain	same program	pcrec_1989c62_auto-nocaps-simdna				warned_emit_bytes	287533						
compile	w-64			whole-subject	separate artifact	pcrec_1989c62_auto-nocaps-simdna				median_total_ns	265379092.000000	5					
compile	w-64			whole-subject	separate artifact	pcrec_1989c62_auto-nocaps-simdna				jitter	0.022						
compile	w-64			whole-subject	separate artifact	pcrec_1989c62_auto-nocaps-simdna				artifact_bytes	108984						
compile	w-64			whole-subject	separate artifact	pcrec_1989c62_auto-nocaps-simdna				emit_bytes	305055						
compile	w-64			whole-subject	separate artifact	pcrec_1989c62_auto-nocaps-simdna				emit_code_bytes	19218						
compile	w-64			whole-subject	separate artifact	pcrec_1989c62_auto-nocaps-simdna				warned_emit_bytes	305055						
compile	w-8			plain	same program	pcrec_1989c62_auto-nocaps-simdna				median_total_ns	153098839.000000	5					
compile	w-8			plain	same program	pcrec_1989c62_auto-nocaps-simdna				jitter	0.064						
compile	w-8			plain	same program	pcrec_1989c62_auto-nocaps-simdna				artifact_bytes	31016						
compile	w-8			plain	same program	pcrec_1989c62_auto-nocaps-simdna				emit_bytes	42486						
compile	w-8			plain	same program	pcrec_1989c62_auto-nocaps-simdna				emit_code_bytes	14852						
compile	w-8			whole-subject	separate artifact	pcrec_1989c62_auto-nocaps-simdna				median_total_ns	166917391.000000	5					
compile	w-8			whole-subject	separate artifact	pcrec_1989c62_auto-nocaps-simdna				jitter	0.045						
compile	w-8			whole-subject	separate artifact	pcrec_1989c62_auto-nocaps-simdna				artifact_bytes	31160						
compile	w-8			whole-subject	separate artifact	pcrec_1989c62_auto-nocaps-simdna				emit_bytes	46353						
compile	w-8			whole-subject	separate artifact	pcrec_1989c62_auto-nocaps-simdna				emit_code_bytes	16768						
compile	wb-512			plain	same program	pcrec_1989c62_auto-nocaps-simdna				median_total_ns		1					
compile	wb-512			whole-subject	separate artifact	pcrec_1989c62_auto-nocaps-simdna				median_total_ns		1					
compile	ci-512			plain	same program	pcrec_1989c62_vm-caps-simdna				median_total_ns		1					
compile	ci-512			whole-subject	separate artifact	pcrec_1989c62_vm-caps-simdna				median_total_ns		1					
compile	cnt-64			plain	same program	pcrec_1989c62_vm-caps-simdna				median_total_ns	1368728151.000000	5					
compile	cnt-64			plain	same program	pcrec_1989c62_vm-caps-simdna				jitter	0.005						
compile	cnt-64			plain	same program	pcrec_1989c62_vm-caps-simdna				artifact_bytes	67472						
compile	cnt-64			plain	same program	pcrec_1989c62_vm-caps-simdna				emit_bytes	258773						
compile	cnt-64			plain	same program	pcrec_1989c62_vm-caps-simdna				emit_code_bytes	258773						
compile	cnt-64			plain	same program	pcrec_1989c62_vm-caps-simdna				warned_emit_bytes	258773						
compile_stamp						pcrec_1989c62_vm-caps-simdna				engine	vm						
compile_stamp						pcrec_1989c62_vm-caps-simdna				entry	plain entry						
compile_stamp						pcrec_1989c62_vm-caps-simdna				prefilter	none						
compile_stamp						pcrec_1989c62_vm-caps-simdna				vm_rungs	PCREC_VM_RUNG_FRAMES_BOUNDED						
compile_stamp						pcrec_1989c62_vm-caps-simdna				buffers	183/1 (stamped default)						
compile_stamp						pcrec_1989c62_vm-caps-simdna				frame	24						
compile_stamp						pcrec_1989c62_vm-caps-simdna				engine_sel	forced						
compile	cnt-64			whole-subject	separate artifact	pcrec_1989c62_vm-caps-simdna				median_total_ns	1389498716.000000	5					
compile	cnt-64			whole-subject	separate artifact	pcrec_1989c62_vm-caps-simdna				jitter	0.009						
compile	cnt-64			whole-subject	separate artifact	pcrec_1989c62_vm-caps-simdna				artifact_bytes	67472						
compile	cnt-64			whole-subject	separate artifact	pcrec_1989c62_vm-caps-simdna				emit_bytes	258890						
compile	cnt-64			whole-subject	separate artifact	pcrec_1989c62_vm-caps-simdna				emit_code_bytes	258890						
compile	cnt-64			whole-subject	separate artifact	pcrec_1989c62_vm-caps-simdna				warned_emit_bytes	258890						
compile	floor			plain	same program	pcrec_1989c62_vm-caps-simdna				median_total_ns	136264217.000000	5					
compile	floor			plain	same program	pcrec_1989c62_vm-caps-simdna				jitter	0.042						
compile	floor			plain	same program	pcrec_1989c62_vm-caps-simdna				artifact_bytes	22376						
compile	floor			plain	same program	pcrec_1989c62_vm-caps-simdna				emit_bytes	17258						
compile	floor			plain	same program	pcrec_1989c62_vm-caps-simdna				emit_code_bytes	17258						
compile	floor			whole-subject	separate artifact	pcrec_1989c62_vm-caps-simdna				median_total_ns	133410230.000000	5					
compile	floor			whole-subject	separate artifact	pcrec_1989c62_vm-caps-simdna				jitter	0.028						
compile	floor			whole-subject	separate artifact	pcrec_1989c62_vm-caps-simdna				artifact_bytes	22376						
compile	floor			whole-subject	separate artifact	pcrec_1989c62_vm-caps-simdna				emit_bytes	17369						
compile	floor			whole-subject	separate artifact	pcrec_1989c62_vm-caps-simdna				emit_code_bytes	17369						
compile	nar4-512			plain	same program	pcrec_1989c62_vm-caps-simdna				median_total_ns		1					
compile	nar4-512			whole-subject	separate artifact	pcrec_1989c62_vm-caps-simdna				median_total_ns		1					
compile	nar4-64			plain	same program	pcrec_1989c62_vm-caps-simdna				median_total_ns	557021427.000000	5					
compile	nar4-64			plain	same program	pcrec_1989c62_vm-caps-simdna				jitter	0.015						
compile	nar4-64			plain	same program	pcrec_1989c62_vm-caps-simdna				artifact_bytes	38800						
compile	nar4-64			plain	same program	pcrec_1989c62_vm-caps-simdna				emit_bytes	103029						
compile	nar4-64			plain	same program	pcrec_1989c62_vm-caps-simdna				emit_code_bytes	103029						
compile	nar4-64			whole-subject	separate artifact	pcrec_1989c62_vm-caps-simdna				median_total_ns	585153256.000000	5					
compile	nar4-64			whole-subject	separate artifact	pcrec_1989c62_vm-caps-simdna				jitter	0.008						
compile	nar4-64			whole-subject	separate artifact	pcrec_1989c62_vm-caps-simdna				artifact_bytes	38800						
compile	nar4-64			whole-subject	separate artifact	pcrec_1989c62_vm-caps-simdna				emit_bytes	103144						
compile	nar4-64			whole-subject	separate artifact	pcrec_1989c62_vm-caps-simdna				emit_code_bytes	103144						
compile	pfx3-512			plain	same program	pcrec_1989c62_vm-caps-simdna				median_total_ns		1					
compile	pfx3-512			whole-subject	separate artifact	pcrec_1989c62_vm-caps-simdna				median_total_ns		1					
compile	s-2048			plain	same program	pcrec_1989c62_vm-caps-simdna				median_total_ns		1					
compile	s-2048			whole-subject	separate artifact	pcrec_1989c62_vm-caps-simdna				median_total_ns		1					
compile	s-4096			plain	same program	pcrec_1989c62_vm-caps-simdna				median_total_ns		1					
compile	s-4096			whole-subject	separate artifact	pcrec_1989c62_vm-caps-simdna				median_total_ns		1					
compile	sfx-512			plain	same program	pcrec_1989c62_vm-caps-simdna				median_total_ns		1					
compile	sfx-512			whole-subject	separate artifact	pcrec_1989c62_vm-caps-simdna				median_total_ns		1					
compile	sfx-64			plain	same program	pcrec_1989c62_vm-caps-simdna				median_total_ns	606984807.000000	5					
compile	sfx-64			plain	same program	pcrec_1989c62_vm-caps-simdna				jitter	0.004						
compile	sfx-64			plain	same program	pcrec_1989c62_vm-caps-simdna				artifact_bytes	38800						
compile	sfx-64			plain	same program	pcrec_1989c62_vm-caps-simdna				emit_bytes	117127						
compile	sfx-64			plain	same program	pcrec_1989c62_vm-caps-simdna				emit_code_bytes	117127						
compile	sfx-64			whole-subject	separate artifact	pcrec_1989c62_vm-caps-simdna				median_total_ns	664524094.000000	5					
compile	sfx-64			whole-subject	separate artifact	pcrec_1989c62_vm-caps-simdna				jitter	0.002						
compile	sfx-64			whole-subject	separate artifact	pcrec_1989c62_vm-caps-simdna				artifact_bytes	38800						
compile	sfx-64			whole-subject	separate artifact	pcrec_1989c62_vm-caps-simdna				emit_bytes	117242						
compile	sfx-64			whole-subject	separate artifact	pcrec_1989c62_vm-caps-simdna				emit_code_bytes	117242						
compile	sh1-512			plain	same program	pcrec_1989c62_vm-caps-simdna				median_total_ns		1					
compile	sh1-512			whole-subject	separate artifact	pcrec_1989c62_vm-caps-simdna				median_total_ns		1					
compile	sh1-64			plain	same program	pcrec_1989c62_vm-caps-simdna				median_total_ns	497948344.000000	5					
compile	sh1-64			plain	same program	pcrec_1989c62_vm-caps-simdna				jitter	0.014						
compile	sh1-64			plain	same program	pcrec_1989c62_vm-caps-simdna				artifact_bytes	38800						
compile	sh1-64			plain	same program	pcrec_1989c62_vm-caps-simdna				emit_bytes	91046						
compile	sh1-64			plain	same program	pcrec_1989c62_vm-caps-simdna				emit_code_bytes	91046						
compile	sh1-64			whole-subject	separate artifact	pcrec_1989c62_vm-caps-simdna				median_total_ns	521365974.000000	5					
compile	sh1-64			whole-subject	separate artifact	pcrec_1989c62_vm-caps-simdna				jitter	0.010						
compile	sh1-64			whole-subject	separate artifact	pcrec_1989c62_vm-caps-simdna				artifact_bytes	38800						
compile	sh1-64			whole-subject	separate artifact	pcrec_1989c62_vm-caps-simdna				emit_bytes	91161						
compile	sh1-64			whole-subject	separate artifact	pcrec_1989c62_vm-caps-simdna				emit_code_bytes	91161						
compile	srt-512			plain	same program	pcrec_1989c62_vm-caps-simdna				median_total_ns		1					
compile	srt-512			whole-subject	separate artifact	pcrec_1989c62_vm-caps-simdna				median_total_ns		1					
compile	w-1024			plain	same program	pcrec_1989c62_vm-caps-simdna				median_total_ns		1					
compile	w-1024			whole-subject	separate artifact	pcrec_1989c62_vm-caps-simdna				median_total_ns		1					
compile	w-2048			plain	same program	pcrec_1989c62_vm-caps-simdna				median_total_ns		1					
compile	w-2048			whole-subject	separate artifact	pcrec_1989c62_vm-caps-simdna				median_total_ns		1					
compile	w-256			plain	same program	pcrec_1989c62_vm-caps-simdna				median_total_ns	1890366478.000000	5					
compile	w-256			plain	same program	pcrec_1989c62_vm-caps-simdna				jitter	0.007						
compile	w-256			plain	same program	pcrec_1989c62_vm-caps-simdna				artifact_bytes	87952						
compile	w-256			plain	same program	pcrec_1989c62_vm-caps-simdna				emit_bytes	341111						
compile	w-256			plain	same program	pcrec_1989c62_vm-caps-simdna				emit_code_bytes	341111						
compile	w-256			plain	same program	pcrec_1989c62_vm-caps-simdna				warned_emit_bytes	341111						
compile	w-256			whole-subject	separate artifact	pcrec_1989c62_vm-caps-simdna				median_total_ns	2139063228.000000	5					
compile	w-256			whole-subject	separate artifact	pcrec_1989c62_vm-caps-simdna				jitter	0.002						
compile	w-256			whole-subject	separate artifact	pcrec_1989c62_vm-caps-simdna				artifact_bytes	87952						
compile	w-256			whole-subject	separate artifact	pcrec_1989c62_vm-caps-simdna				emit_bytes	341228						
compile	w-256			whole-subject	separate artifact	pcrec_1989c62_vm-caps-simdna				emit_code_bytes	341228						
compile	w-256			whole-subject	separate artifact	pcrec_1989c62_vm-caps-simdna				warned_emit_bytes	341228						
compile	w-512			plain	same program	pcrec_1989c62_vm-caps-simdna				median_total_ns		1					
compile	w-512			whole-subject	separate artifact	pcrec_1989c62_vm-caps-simdna				median_total_ns		1					
compile	w-64			plain	same program	pcrec_1989c62_vm-caps-simdna				median_total_ns	527727492.000000	5					
compile	w-64			plain	same program	pcrec_1989c62_vm-caps-simdna				jitter	0.014						
compile	w-64			plain	same program	pcrec_1989c62_vm-caps-simdna				artifact_bytes	38800						
compile	w-64			plain	same program	pcrec_1989c62_vm-caps-simdna				emit_bytes	97406						
compile	w-64			plain	same program	pcrec_1989c62_vm-caps-simdna				emit_code_bytes	97406						
compile	w-64			whole-subject	separate artifact	pcrec_1989c62_vm-caps-simdna				median_total_ns	580442968.000000	5					
compile	w-64			whole-subject	separate artifact	pcrec_1989c62_vm-caps-simdna				jitter	0.010						
compile	w-64			whole-subject	separate artifact	pcrec_1989c62_vm-caps-simdna				artifact_bytes	38800						
compile	w-64			whole-subject	separate artifact	pcrec_1989c62_vm-caps-simdna				emit_bytes	97521						
compile	w-64			whole-subject	separate artifact	pcrec_1989c62_vm-caps-simdna				emit_code_bytes	97521						
compile	w-8			plain	same program	pcrec_1989c62_vm-caps-simdna				median_total_ns	187662224.000000	5					
compile	w-8			plain	same program	pcrec_1989c62_vm-caps-simdna				jitter	0.020						
compile	w-8			plain	same program	pcrec_1989c62_vm-caps-simdna				artifact_bytes	26512						
compile	w-8			plain	same program	pcrec_1989c62_vm-caps-simdna				emit_bytes	25393						
compile	w-8			plain	same program	pcrec_1989c62_vm-caps-simdna				emit_code_bytes	25393						
compile	w-8			whole-subject	separate artifact	pcrec_1989c62_vm-caps-simdna				median_total_ns	190910553.000000	5					
compile	w-8			whole-subject	separate artifact	pcrec_1989c62_vm-caps-simdna				jitter	0.031						
compile	w-8			whole-subject	separate artifact	pcrec_1989c62_vm-caps-simdna				artifact_bytes	26512						
compile	w-8			whole-subject	separate artifact	pcrec_1989c62_vm-caps-simdna				emit_bytes	25506						
compile	w-8			whole-subject	separate artifact	pcrec_1989c62_vm-caps-simdna				emit_code_bytes	25506						
compile	wb-512			plain	same program	pcrec_1989c62_vm-caps-simdna				median_total_ns		1					
compile	wb-512			whole-subject	separate artifact	pcrec_1989c62_vm-caps-simdna				median_total_ns		1					
compile	ci-512			plain	same program	pcrec_1989c62_vm-in-caps-simdna				median_total_ns		1					
compile	ci-512			whole-subject	separate artifact	pcrec_1989c62_vm-in-caps-simdna				median_total_ns		1					
compile	cnt-64			plain	same program	pcrec_1989c62_vm-in-caps-simdna				median_total_ns	1373207729.000000	5					
compile	cnt-64			plain	same program	pcrec_1989c62_vm-in-caps-simdna				jitter	0.006						
compile	cnt-64			plain	same program	pcrec_1989c62_vm-in-caps-simdna				artifact_bytes	67472						
compile	cnt-64			plain	same program	pcrec_1989c62_vm-in-caps-simdna				emit_bytes	258773						
compile	cnt-64			plain	same program	pcrec_1989c62_vm-in-caps-simdna				emit_code_bytes	258773						
compile	cnt-64			plain	same program	pcrec_1989c62_vm-in-caps-simdna				warned_emit_bytes	258773						
compile_stamp						pcrec_1989c62_vm-in-caps-simdna				engine	vm						
compile_stamp						pcrec_1989c62_vm-in-caps-simdna				entry	_in						
compile_stamp						pcrec_1989c62_vm-in-caps-simdna				prefilter	none						
compile_stamp						pcrec_1989c62_vm-in-caps-simdna				vm_rungs	PCREC_VM_RUNG_FRAMES_BOUNDED						
compile_stamp						pcrec_1989c62_vm-in-caps-simdna				buffers	32768/131072 (caller-provided)						
compile_stamp						pcrec_1989c62_vm-in-caps-simdna				frame	24						
compile_stamp						pcrec_1989c62_vm-in-caps-simdna				engine_sel	forced						
compile	cnt-64			whole-subject	separate artifact	pcrec_1989c62_vm-in-caps-simdna				median_total_ns	1396629140.000000	5					
compile	cnt-64			whole-subject	separate artifact	pcrec_1989c62_vm-in-caps-simdna				jitter	0.007						
compile	cnt-64			whole-subject	separate artifact	pcrec_1989c62_vm-in-caps-simdna				artifact_bytes	67472						
compile	cnt-64			whole-subject	separate artifact	pcrec_1989c62_vm-in-caps-simdna				emit_bytes	258890						
compile	cnt-64			whole-subject	separate artifact	pcrec_1989c62_vm-in-caps-simdna				emit_code_bytes	258890						
compile	cnt-64			whole-subject	separate artifact	pcrec_1989c62_vm-in-caps-simdna				warned_emit_bytes	258890						
compile	floor			plain	same program	pcrec_1989c62_vm-in-caps-simdna				median_total_ns	136054005.000000	5					
compile	floor			plain	same program	pcrec_1989c62_vm-in-caps-simdna				jitter	0.023						
compile	floor			plain	same program	pcrec_1989c62_vm-in-caps-simdna				artifact_bytes	22376						
compile	floor			plain	same program	pcrec_1989c62_vm-in-caps-simdna				emit_bytes	17258						
compile	floor			plain	same program	pcrec_1989c62_vm-in-caps-simdna				emit_code_bytes	17258						
compile	floor			whole-subject	separate artifact	pcrec_1989c62_vm-in-caps-simdna				median_total_ns	133520011.000000	5					
compile	floor			whole-subject	separate artifact	pcrec_1989c62_vm-in-caps-simdna				jitter	0.035						
compile	floor			whole-subject	separate artifact	pcrec_1989c62_vm-in-caps-simdna				artifact_bytes	22376						
compile	floor			whole-subject	separate artifact	pcrec_1989c62_vm-in-caps-simdna				emit_bytes	17369						
compile	floor			whole-subject	separate artifact	pcrec_1989c62_vm-in-caps-simdna				emit_code_bytes	17369						
compile	nar4-512			plain	same program	pcrec_1989c62_vm-in-caps-simdna				median_total_ns		1					
compile	nar4-512			whole-subject	separate artifact	pcrec_1989c62_vm-in-caps-simdna				median_total_ns		1					
compile	nar4-64			plain	same program	pcrec_1989c62_vm-in-caps-simdna				median_total_ns	557056328.000000	5					
compile	nar4-64			plain	same program	pcrec_1989c62_vm-in-caps-simdna				jitter	0.009						
compile	nar4-64			plain	same program	pcrec_1989c62_vm-in-caps-simdna				artifact_bytes	38800						
compile	nar4-64			plain	same program	pcrec_1989c62_vm-in-caps-simdna				emit_bytes	103029						
compile	nar4-64			plain	same program	pcrec_1989c62_vm-in-caps-simdna				emit_code_bytes	103029						
compile	nar4-64			whole-subject	separate artifact	pcrec_1989c62_vm-in-caps-simdna				median_total_ns	587777063.000000	5					
compile	nar4-64			whole-subject	separate artifact	pcrec_1989c62_vm-in-caps-simdna				jitter	0.014						
compile	nar4-64			whole-subject	separate artifact	pcrec_1989c62_vm-in-caps-simdna				artifact_bytes	38800						
compile	nar4-64			whole-subject	separate artifact	pcrec_1989c62_vm-in-caps-simdna				emit_bytes	103144						
compile	nar4-64			whole-subject	separate artifact	pcrec_1989c62_vm-in-caps-simdna				emit_code_bytes	103144						
compile	pfx3-512			plain	same program	pcrec_1989c62_vm-in-caps-simdna				median_total_ns		1					
compile	pfx3-512			whole-subject	separate artifact	pcrec_1989c62_vm-in-caps-simdna				median_total_ns		1					
compile	s-2048			plain	same program	pcrec_1989c62_vm-in-caps-simdna				median_total_ns		1					
compile	s-2048			whole-subject	separate artifact	pcrec_1989c62_vm-in-caps-simdna				median_total_ns		1					
compile	s-4096			plain	same program	pcrec_1989c62_vm-in-caps-simdna				median_total_ns		1					
compile	s-4096			whole-subject	separate artifact	pcrec_1989c62_vm-in-caps-simdna				median_total_ns		1					
compile	sfx-512			plain	same program	pcrec_1989c62_vm-in-caps-simdna				median_total_ns		1					
compile	sfx-512			whole-subject	separate artifact	pcrec_1989c62_vm-in-caps-simdna				median_total_ns		1					
compile	sfx-64			plain	same program	pcrec_1989c62_vm-in-caps-simdna				median_total_ns	610151266.000000	5					
compile	sfx-64			plain	same program	pcrec_1989c62_vm-in-caps-simdna				jitter	0.011						
compile	sfx-64			plain	same program	pcrec_1989c62_vm-in-caps-simdna				artifact_bytes	38800						
compile	sfx-64			plain	same program	pcrec_1989c62_vm-in-caps-simdna				emit_bytes	117127						
compile	sfx-64			plain	same program	pcrec_1989c62_vm-in-caps-simdna				emit_code_bytes	117127						
compile	sfx-64			whole-subject	separate artifact	pcrec_1989c62_vm-in-caps-simdna				median_total_ns	663454106.000000	5					
compile	sfx-64			whole-subject	separate artifact	pcrec_1989c62_vm-in-caps-simdna				jitter	0.005						
compile	sfx-64			whole-subject	separate artifact	pcrec_1989c62_vm-in-caps-simdna				artifact_bytes	38800						
compile	sfx-64			whole-subject	separate artifact	pcrec_1989c62_vm-in-caps-simdna				emit_bytes	117242						
compile	sfx-64			whole-subject	separate artifact	pcrec_1989c62_vm-in-caps-simdna				emit_code_bytes	117242						
compile	sh1-512			plain	same program	pcrec_1989c62_vm-in-caps-simdna				median_total_ns		1					
compile	sh1-512			whole-subject	separate artifact	pcrec_1989c62_vm-in-caps-simdna				median_total_ns		1					
compile	sh1-64			plain	same program	pcrec_1989c62_vm-in-caps-simdna				median_total_ns	504453463.000000	5					
compile	sh1-64			plain	same program	pcrec_1989c62_vm-in-caps-simdna				jitter	0.015						
compile	sh1-64			plain	same program	pcrec_1989c62_vm-in-caps-simdna				artifact_bytes	38800						
compile	sh1-64			plain	same program	pcrec_1989c62_vm-in-caps-simdna				emit_bytes	91046						
compile	sh1-64			plain	same program	pcrec_1989c62_vm-in-caps-simdna				emit_code_bytes	91046						
compile	sh1-64			whole-subject	separate artifact	pcrec_1989c62_vm-in-caps-simdna				median_total_ns	522018068.000000	5					
compile	sh1-64			whole-subject	separate artifact	pcrec_1989c62_vm-in-caps-simdna				jitter	0.007						
compile	sh1-64			whole-subject	separate artifact	pcrec_1989c62_vm-in-caps-simdna				artifact_bytes	38800						
compile	sh1-64			whole-subject	separate artifact	pcrec_1989c62_vm-in-caps-simdna				emit_bytes	91161						
compile	sh1-64			whole-subject	separate artifact	pcrec_1989c62_vm-in-caps-simdna				emit_code_bytes	91161						
compile	srt-512			plain	same program	pcrec_1989c62_vm-in-caps-simdna				median_total_ns		1					
compile	srt-512			whole-subject	separate artifact	pcrec_1989c62_vm-in-caps-simdna				median_total_ns		1					
compile	w-1024			plain	same program	pcrec_1989c62_vm-in-caps-simdna				median_total_ns		1					
compile	w-1024			whole-subject	separate artifact	pcrec_1989c62_vm-in-caps-simdna				median_total_ns		1					
compile	w-2048			plain	same program	pcrec_1989c62_vm-in-caps-simdna				median_total_ns		1					
compile	w-2048			whole-subject	separate artifact	pcrec_1989c62_vm-in-caps-simdna				median_total_ns		1					
compile	w-256			plain	same program	pcrec_1989c62_vm-in-caps-simdna				median_total_ns	1892273198.000000	5					
compile	w-256			plain	same program	pcrec_1989c62_vm-in-caps-simdna				jitter	0.006						
compile	w-256			plain	same program	pcrec_1989c62_vm-in-caps-simdna				artifact_bytes	87952						
compile	w-256			plain	same program	pcrec_1989c62_vm-in-caps-simdna				emit_bytes	341111						
compile	w-256			plain	same program	pcrec_1989c62_vm-in-caps-simdna				emit_code_bytes	341111						
compile	w-256			plain	same program	pcrec_1989c62_vm-in-caps-simdna				warned_emit_bytes	341111						
compile	w-256			whole-subject	separate artifact	pcrec_1989c62_vm-in-caps-simdna				median_total_ns	2133722137.000000	5					
compile	w-256			whole-subject	separate artifact	pcrec_1989c62_vm-in-caps-simdna				jitter	0.003						
compile	w-256			whole-subject	separate artifact	pcrec_1989c62_vm-in-caps-simdna				artifact_bytes	87952						
compile	w-256			whole-subject	separate artifact	pcrec_1989c62_vm-in-caps-simdna				emit_bytes	341228						
compile	w-256			whole-subject	separate artifact	pcrec_1989c62_vm-in-caps-simdna				emit_code_bytes	341228						
compile	w-256			whole-subject	separate artifact	pcrec_1989c62_vm-in-caps-simdna				warned_emit_bytes	341228						
compile	w-512			plain	same program	pcrec_1989c62_vm-in-caps-simdna				median_total_ns		1					
compile	w-512			whole-subject	separate artifact	pcrec_1989c62_vm-in-caps-simdna				median_total_ns		1					
compile	w-64			plain	same program	pcrec_1989c62_vm-in-caps-simdna				median_total_ns	528956491.000000	5					
compile	w-64			plain	same program	pcrec_1989c62_vm-in-caps-simdna				jitter	0.020						
compile	w-64			plain	same program	pcrec_1989c62_vm-in-caps-simdna				artifact_bytes	38800						
compile	w-64			plain	same program	pcrec_1989c62_vm-in-caps-simdna				emit_bytes	97406						
compile	w-64			plain	same program	pcrec_1989c62_vm-in-caps-simdna				emit_code_bytes	97406						
compile	w-64			whole-subject	separate artifact	pcrec_1989c62_vm-in-caps-simdna				median_total_ns	575645630.000000	5					
compile	w-64			whole-subject	separate artifact	pcrec_1989c62_vm-in-caps-simdna				jitter	0.018						
compile	w-64			whole-subject	separate artifact	pcrec_1989c62_vm-in-caps-simdna				artifact_bytes	38800						
compile	w-64			whole-subject	separate artifact	pcrec_1989c62_vm-in-caps-simdna				emit_bytes	97521						
compile	w-64			whole-subject	separate artifact	pcrec_1989c62_vm-in-caps-simdna				emit_code_bytes	97521						
compile	w-8			plain	same program	pcrec_1989c62_vm-in-caps-simdna				median_total_ns	182250492.000000	5					
compile	w-8			plain	same program	pcrec_1989c62_vm-in-caps-simdna				jitter	0.035						
compile	w-8			plain	same program	pcrec_1989c62_vm-in-caps-simdna				artifact_bytes	26512						
compile	w-8			plain	same program	pcrec_1989c62_vm-in-caps-simdna				emit_bytes	25393						
compile	w-8			plain	same program	pcrec_1989c62_vm-in-caps-simdna				emit_code_bytes	25393						
compile	w-8			whole-subject	separate artifact	pcrec_1989c62_vm-in-caps-simdna				median_total_ns	192931406.000000	5					
compile	w-8			whole-subject	separate artifact	pcrec_1989c62_vm-in-caps-simdna				jitter	0.020						
compile	w-8			whole-subject	separate artifact	pcrec_1989c62_vm-in-caps-simdna				artifact_bytes	26512						
compile	w-8			whole-subject	separate artifact	pcrec_1989c62_vm-in-caps-simdna				emit_bytes	25506						
compile	w-8			whole-subject	separate artifact	pcrec_1989c62_vm-in-caps-simdna				emit_code_bytes	25506						
compile	wb-512			plain	same program	pcrec_1989c62_vm-in-caps-simdna				median_total_ns		1					
compile	wb-512			whole-subject	separate artifact	pcrec_1989c62_vm-in-caps-simdna				median_total_ns		1					
