pattern	subject	regime	expected	start	end	nmatches	method	oracle
winpath-near-miss	v-email	search_short	nomatch	-	-	-	libpcre2-differential	10.46 2025-08-27
winpath-near-miss	v-ipv4	search_short	nomatch	-	-	-	libpcre2-differential	10.46 2025-08-27
winpath-near-miss	v-ipv4-oor	search_short	nomatch	-	-	-	libpcre2-differential	10.46 2025-08-27
winpath-near-miss	v-us-zip	search_short	nomatch	-	-	-	libpcre2-differential	10.46 2025-08-27
winpath-near-miss	v-us-zip-plus4	search_short	nomatch	-	-	-	libpcre2-differential	10.46 2025-08-27
winpath-near-miss	v-uuid-valid	search_short	nomatch	-	-	-	libpcre2-differential	10.46 2025-08-27
winpath-near-miss	v-uuid-badnibble	search_short	nomatch	-	-	-	libpcre2-differential	10.46 2025-08-27
winpath-near-miss	lp-num-neg-dec	search_short	nomatch	-	-	-	libpcre2-differential	10.46 2025-08-27
winpath-near-miss	lp-num-leadzero	search_short	nomatch	-	-	-	libpcre2-differential	10.46 2025-08-27
winpath-near-miss	lp-quoted	search_short	nomatch	-	-	-	libpcre2-differential	10.46 2025-08-27
winpath-near-miss	lp-quoted-escaped	search_short	nomatch	-	-	-	libpcre2-differential	10.46 2025-08-27
winpath-near-miss	lp-winpath	search_short	match	0	22	-	libpcre2-differential	10.46 2025-08-27
winpath-near-miss	lp-winpath-reserved	search_short	nomatch	-	-	-	libpcre2-differential	10.46 2025-08-27
winpath-near-miss	lp-syslog	search_short	nomatch	-	-	-	libpcre2-differential	10.46 2025-08-27
winpath-near-miss	lp-atomic-hit	search_short	nomatch	-	-	-	libpcre2-differential	10.46 2025-08-27
winpath-near-miss	lp-atomic-nonmatch	search_short	nomatch	-	-	-	libpcre2-differential	10.46 2025-08-27
winpath-near-miss	waf-dbnames	search_short	nomatch	-	-	-	libpcre2-differential	10.46 2025-08-27
winpath-near-miss	waf-sleep	search_short	nomatch	-	-	-	libpcre2-differential	10.46 2025-08-27
winpath-near-miss	waf-union	search_short	nomatch	-	-	-	libpcre2-differential	10.46 2025-08-27
winpath-near-miss	waf-concat	search_short	nomatch	-	-	-	libpcre2-differential	10.46 2025-08-27
winpath-near-miss	waf-comment-obfuscation	search_short	nomatch	-	-	-	libpcre2-differential	10.46 2025-08-27
winpath-near-miss	waf-benign	search_short	nomatch	-	-	-	libpcre2-differential	10.46 2025-08-27
winpath-near-miss	sec-aws-key	search_short	nomatch	-	-	-	libpcre2-differential	10.46 2025-08-27
winpath-near-miss	sec-github-pat	search_short	nomatch	-	-	-	libpcre2-differential	10.46 2025-08-27
winpath-near-miss	sec-slack-webhook	search_short	nomatch	-	-	-	libpcre2-differential	10.46 2025-08-27
winpath-near-miss	sec-userpass	search_short	nomatch	-	-	-	libpcre2-differential	10.46 2025-08-27
winpath-near-miss	dt-iso8601	search_short	nomatch	-	-	-	libpcre2-differential	10.46 2025-08-27
winpath-near-miss	dt-prose-month	search_short	nomatch	-	-	-	libpcre2-differential	10.46 2025-08-27
winpath-near-miss	cg-array-begin	search_short	nomatch	-	-	-	libpcre2-differential	10.46 2025-08-27
winpath-near-miss	cg-constant	search_short	nomatch	-	-	-	libpcre2-differential	10.46 2025-08-27
winpath-near-miss	cg-object-begin	search_short	nomatch	-	-	-	libpcre2-differential	10.46 2025-08-27
winpath-near-miss	cg-number	search_short	nomatch	-	-	-	libpcre2-differential	10.46 2025-08-27
winpath-near-miss	cg-string-escape	search_short	nomatch	-	-	-	libpcre2-differential	10.46 2025-08-27
winpath-near-miss	cg-key-colon	search_short	nomatch	-	-	-	libpcre2-differential	10.46 2025-08-27
winpath-near-miss	br-doubled-word	search_short	nomatch	-	-	-	libpcre2-differential	10.46 2025-08-27
winpath-near-miss	br-tag-pair	search_short	nomatch	-	-	-	libpcre2-differential	10.46 2025-08-27
winpath-near-miss	br-tag-mismatch	search_short	nomatch	-	-	-	libpcre2-differential	10.46 2025-08-27
winpath-near-miss	br-palindrome	search_short	nomatch	-	-	-	libpcre2-differential	10.46 2025-08-27
winpath-near-miss	br-quoted-delim	search_short	nomatch	-	-	-	libpcre2-differential	10.46 2025-08-27
winpath-near-miss	br-dup-param	search_short	nomatch	-	-	-	libpcre2-differential	10.46 2025-08-27
winpath-near-miss	la-pwd-strong	search_short	nomatch	-	-	-	libpcre2-differential	10.46 2025-08-27
winpath-near-miss	la-pwd-weak	search_short	nomatch	-	-	-	libpcre2-differential	10.46 2025-08-27
winpath-near-miss	la-float-bound	search_short	nomatch	-	-	-	libpcre2-differential	10.46 2025-08-27
winpath-near-miss	la-float-dotted	search_short	nomatch	-	-	-	libpcre2-differential	10.46 2025-08-27
winpath-near-miss	la-email-nodup	search_short	nomatch	-	-	-	libpcre2-differential	10.46 2025-08-27
winpath-near-miss	la-email-dotdot	search_short	nomatch	-	-	-	libpcre2-differential	10.46 2025-08-27
winpath-near-miss	la-currency	search_short	nomatch	-	-	-	libpcre2-differential	10.46 2025-08-27
winpath-near-miss	la-negation-hit	search_short	nomatch	-	-	-	libpcre2-differential	10.46 2025-08-27
winpath-near-miss	la-negation-miss	search_short	nomatch	-	-	-	libpcre2-differential	10.46 2025-08-27
winpath-near-miss	rec-parens-balanced	search_short	nomatch	-	-	-	libpcre2-differential	10.46 2025-08-27
winpath-near-miss	rec-parens-unbalanced	search_short	nomatch	-	-	-	libpcre2-differential	10.46 2025-08-27
winpath-near-miss	rec-array-define	search_short	nomatch	-	-	-	libpcre2-differential	10.46 2025-08-27
winpath-near-miss	rec-comment-nested	search_short	nomatch	-	-	-	libpcre2-differential	10.46 2025-08-27
winpath-near-miss	rec-tag-depth3	search_short	nomatch	-	-	-	libpcre2-differential	10.46 2025-08-27
winpath-near-miss	rd-email-hit	search_short	nomatch	-	-	-	libpcre2-differential	10.46 2025-08-27
winpath-near-miss	rd-email-near-miss	search_short	nomatch	-	-	-	libpcre2-differential	10.46 2025-08-27
winpath-near-miss	rd-trim-hit	search_short	nomatch	-	-	-	libpcre2-differential	10.46 2025-08-27
winpath-near-miss	rd-trim-near-miss	search_short	nomatch	-	-	-	libpcre2-differential	10.46 2025-08-27
winpath-near-miss	rd-evil-alt-hit	search_short	nomatch	-	-	-	libpcre2-differential	10.46 2025-08-27
winpath-near-miss	rd-evil-alt-near-miss	search_short	nomatch	-	-	-	libpcre2-differential	10.46 2025-08-27
winpath-near-miss	rd-numeric-id-hit	search_short	nomatch	-	-	-	libpcre2-differential	10.46 2025-08-27
winpath-near-miss	rd-numeric-id-near-miss	search_short	nomatch	-	-	-	libpcre2-differential	10.46 2025-08-27
winpath-near-miss	rd-phone-list-hit	search_short	nomatch	-	-	-	libpcre2-differential	10.46 2025-08-27
winpath-near-miss	rd-date-hit	search_short	nomatch	-	-	-	libpcre2-differential	10.46 2025-08-27
winpath-near-miss	sd-router-short	search_short	nomatch	-	-	-	libpcre2-differential	10.46 2025-08-27
winpath-near-miss	sd-fileext-short	search_short	nomatch	-	-	-	libpcre2-differential	10.46 2025-08-27
winpath-near-miss	sd-keyword-short	search_short	nomatch	-	-	-	libpcre2-differential	10.46 2025-08-27
winpath-near-miss	sd-empty-alt-hit	search_short	nomatch	-	-	-	libpcre2-differential	10.46 2025-08-27
winpath-near-miss	sd-empty-alt-miss	search_short	nomatch	-	-	-	libpcre2-differential	10.46 2025-08-27
winpath-near-miss	sd-dollar-nl	search_short	nomatch	-	-	-	libpcre2-differential	10.46 2025-08-27
winpath-near-miss	nu-high-byte	search_short	nomatch	-	-	-	libpcre2-differential	10.46 2025-08-27
winpath-near-miss	nu-mojibake	search_short	nomatch	-	-	-	libpcre2-differential	10.46 2025-08-27
winpath-near-miss	nu-lead-no-cont	search_short	nomatch	-	-	-	libpcre2-differential	10.46 2025-08-27
winpath-near-miss	nu-lead-with-cont	search_short	nomatch	-	-	-	libpcre2-differential	10.46 2025-08-27
winpath-near-miss	floor-hit	search_short	nomatch	-	-	-	libpcre2-differential	10.46 2025-08-27
trim-nested-star	v-email	search_short	nomatch	-	-	-	libpcre2-differential	10.46 2025-08-27
trim-nested-star	v-ipv4	search_short	nomatch	-	-	-	libpcre2-differential	10.46 2025-08-27
trim-nested-star	v-ipv4-oor	search_short	nomatch	-	-	-	libpcre2-differential	10.46 2025-08-27
trim-nested-star	v-us-zip	search_short	nomatch	-	-	-	libpcre2-differential	10.46 2025-08-27
trim-nested-star	v-us-zip-plus4	search_short	nomatch	-	-	-	libpcre2-differential	10.46 2025-08-27
trim-nested-star	v-uuid-valid	search_short	nomatch	-	-	-	libpcre2-differential	10.46 2025-08-27
trim-nested-star	v-uuid-badnibble	search_short	nomatch	-	-	-	libpcre2-differential	10.46 2025-08-27
trim-nested-star	lp-num-neg-dec	search_short	nomatch	-	-	-	libpcre2-differential	10.46 2025-08-27
trim-nested-star	lp-num-leadzero	search_short	nomatch	-	-	-	libpcre2-differential	10.46 2025-08-27
trim-nested-star	lp-quoted	search_short	nomatch	-	-	-	libpcre2-differential	10.46 2025-08-27
trim-nested-star	lp-quoted-escaped	search_short	nomatch	-	-	-	libpcre2-differential	10.46 2025-08-27
trim-nested-star	lp-winpath	search_short	nomatch	-	-	-	libpcre2-differential	10.46 2025-08-27
trim-nested-star	lp-winpath-reserved	search_short	nomatch	-	-	-	libpcre2-differential	10.46 2025-08-27
trim-nested-star	lp-syslog	search_short	nomatch	-	-	-	libpcre2-differential	10.46 2025-08-27
trim-nested-star	lp-atomic-hit	search_short	nomatch	-	-	-	libpcre2-differential	10.46 2025-08-27
trim-nested-star	lp-atomic-nonmatch	search_short	nomatch	-	-	-	libpcre2-differential	10.46 2025-08-27
trim-nested-star	waf-dbnames	search_short	nomatch	-	-	-	libpcre2-differential	10.46 2025-08-27
trim-nested-star	waf-sleep	search_short	nomatch	-	-	-	libpcre2-differential	10.46 2025-08-27
trim-nested-star	waf-union	search_short	nomatch	-	-	-	libpcre2-differential	10.46 2025-08-27
trim-nested-star	waf-concat	search_short	nomatch	-	-	-	libpcre2-differential	10.46 2025-08-27
trim-nested-star	waf-comment-obfuscation	search_short	nomatch	-	-	-	libpcre2-differential	10.46 2025-08-27
trim-nested-star	waf-benign	search_short	nomatch	-	-	-	libpcre2-differential	10.46 2025-08-27
trim-nested-star	sec-aws-key	search_short	nomatch	-	-	-	libpcre2-differential	10.46 2025-08-27
trim-nested-star	sec-github-pat	search_short	nomatch	-	-	-	libpcre2-differential	10.46 2025-08-27
trim-nested-star	sec-slack-webhook	search_short	nomatch	-	-	-	libpcre2-differential	10.46 2025-08-27
trim-nested-star	sec-userpass	search_short	nomatch	-	-	-	libpcre2-differential	10.46 2025-08-27
trim-nested-star	dt-iso8601	search_short	nomatch	-	-	-	libpcre2-differential	10.46 2025-08-27
trim-nested-star	dt-prose-month	search_short	nomatch	-	-	-	libpcre2-differential	10.46 2025-08-27
trim-nested-star	cg-array-begin	search_short	nomatch	-	-	-	libpcre2-differential	10.46 2025-08-27
trim-nested-star	cg-constant	search_short	nomatch	-	-	-	libpcre2-differential	10.46 2025-08-27
trim-nested-star	cg-object-begin	search_short	nomatch	-	-	-	libpcre2-differential	10.46 2025-08-27
trim-nested-star	cg-number	search_short	nomatch	-	-	-	libpcre2-differential	10.46 2025-08-27
trim-nested-star	cg-string-escape	search_short	nomatch	-	-	-	libpcre2-differential	10.46 2025-08-27
trim-nested-star	cg-key-colon	search_short	nomatch	-	-	-	libpcre2-differential	10.46 2025-08-27
trim-nested-star	br-doubled-word	search_short	nomatch	-	-	-	libpcre2-differential	10.46 2025-08-27
trim-nested-star	br-tag-pair	search_short	nomatch	-	-	-	libpcre2-differential	10.46 2025-08-27
trim-nested-star	br-tag-mismatch	search_short	nomatch	-	-	-	libpcre2-differential	10.46 2025-08-27
trim-nested-star	br-palindrome	search_short	nomatch	-	-	-	libpcre2-differential	10.46 2025-08-27
trim-nested-star	br-quoted-delim	search_short	nomatch	-	-	-	libpcre2-differential	10.46 2025-08-27
trim-nested-star	br-dup-param	search_short	nomatch	-	-	-	libpcre2-differential	10.46 2025-08-27
trim-nested-star	la-pwd-strong	search_short	nomatch	-	-	-	libpcre2-differential	10.46 2025-08-27
trim-nested-star	la-pwd-weak	search_short	nomatch	-	-	-	libpcre2-differential	10.46 2025-08-27
trim-nested-star	la-float-bound	search_short	nomatch	-	-	-	libpcre2-differential	10.46 2025-08-27
trim-nested-star	la-float-dotted	search_short	nomatch	-	-	-	libpcre2-differential	10.46 2025-08-27
trim-nested-star	la-email-nodup	search_short	nomatch	-	-	-	libpcre2-differential	10.46 2025-08-27
trim-nested-star	la-email-dotdot	search_short	nomatch	-	-	-	libpcre2-differential	10.46 2025-08-27
trim-nested-star	la-currency	search_short	nomatch	-	-	-	libpcre2-differential	10.46 2025-08-27
trim-nested-star	la-negation-hit	search_short	nomatch	-	-	-	libpcre2-differential	10.46 2025-08-27
trim-nested-star	la-negation-miss	search_short	nomatch	-	-	-	libpcre2-differential	10.46 2025-08-27
trim-nested-star	rec-parens-balanced	search_short	nomatch	-	-	-	libpcre2-differential	10.46 2025-08-27
trim-nested-star	rec-parens-unbalanced	search_short	nomatch	-	-	-	libpcre2-differential	10.46 2025-08-27
trim-nested-star	rec-array-define	search_short	nomatch	-	-	-	libpcre2-differential	10.46 2025-08-27
trim-nested-star	rec-comment-nested	search_short	nomatch	-	-	-	libpcre2-differential	10.46 2025-08-27
trim-nested-star	rec-tag-depth3	search_short	nomatch	-	-	-	libpcre2-differential	10.46 2025-08-27
trim-nested-star	rd-email-hit	search_short	nomatch	-	-	-	libpcre2-differential	10.46 2025-08-27
trim-nested-star	rd-email-near-miss	search_short	nomatch	-	-	-	libpcre2-differential	10.46 2025-08-27
trim-nested-star	rd-trim-hit	search_short	match	0	4	-	libpcre2-differential	10.46 2025-08-27
trim-nested-star	rd-trim-near-miss	search_short	nomatch	-	-	-	libpcre2-differential	10.46 2025-08-27
trim-nested-star	rd-evil-alt-hit	search_short	nomatch	-	-	-	libpcre2-differential	10.46 2025-08-27
trim-nested-star	rd-evil-alt-near-miss	search_short	nomatch	-	-	-	libpcre2-differential	10.46 2025-08-27
trim-nested-star	rd-numeric-id-hit	search_short	nomatch	-	-	-	libpcre2-differential	10.46 2025-08-27
trim-nested-star	rd-numeric-id-near-miss	search_short	nomatch	-	-	-	libpcre2-differential	10.46 2025-08-27
trim-nested-star	rd-phone-list-hit	search_short	nomatch	-	-	-	libpcre2-differential	10.46 2025-08-27
trim-nested-star	rd-date-hit	search_short	nomatch	-	-	-	libpcre2-differential	10.46 2025-08-27
trim-nested-star	sd-router-short	search_short	nomatch	-	-	-	libpcre2-differential	10.46 2025-08-27
trim-nested-star	sd-fileext-short	search_short	nomatch	-	-	-	libpcre2-differential	10.46 2025-08-27
trim-nested-star	sd-keyword-short	search_short	nomatch	-	-	-	libpcre2-differential	10.46 2025-08-27
trim-nested-star	sd-empty-alt-hit	search_short	nomatch	-	-	-	libpcre2-differential	10.46 2025-08-27
trim-nested-star	sd-empty-alt-miss	search_short	nomatch	-	-	-	libpcre2-differential	10.46 2025-08-27
trim-nested-star	sd-dollar-nl	search_short	nomatch	-	-	-	libpcre2-differential	10.46 2025-08-27
trim-nested-star	nu-high-byte	search_short	nomatch	-	-	-	libpcre2-differential	10.46 2025-08-27
trim-nested-star	nu-mojibake	search_short	nomatch	-	-	-	libpcre2-differential	10.46 2025-08-27
trim-nested-star	nu-lead-no-cont	search_short	nomatch	-	-	-	libpcre2-differential	10.46 2025-08-27
trim-nested-star	nu-lead-with-cont	search_short	nomatch	-	-	-	libpcre2-differential	10.46 2025-08-27
trim-nested-star	floor-hit	search_short	nomatch	-	-	-	libpcre2-differential	10.46 2025-08-27
numeric-id-nested-plus	v-email	search_short	nomatch	-	-	-	libpcre2-differential	10.46 2025-08-27
numeric-id-nested-plus	v-ipv4	search_short	nomatch	-	-	-	libpcre2-differential	10.46 2025-08-27
numeric-id-nested-plus	v-ipv4-oor	search_short	nomatch	-	-	-	libpcre2-differential	10.46 2025-08-27
numeric-id-nested-plus	v-us-zip	search_short	match	0	5	-	libpcre2-differential	10.46 2025-08-27
numeric-id-nested-plus	v-us-zip-plus4	search_short	nomatch	-	-	-	libpcre2-differential	10.46 2025-08-27
numeric-id-nested-plus	v-uuid-valid	search_short	nomatch	-	-	-	libpcre2-differential	10.46 2025-08-27
numeric-id-nested-plus	v-uuid-badnibble	search_short	nomatch	-	-	-	libpcre2-differential	10.46 2025-08-27
numeric-id-nested-plus	lp-num-neg-dec	search_short	nomatch	-	-	-	libpcre2-differential	10.46 2025-08-27
numeric-id-nested-plus	lp-num-leadzero	search_short	match	0	4	-	libpcre2-differential	10.46 2025-08-27
numeric-id-nested-plus	lp-quoted	search_short	nomatch	-	-	-	libpcre2-differential	10.46 2025-08-27
numeric-id-nested-plus	lp-quoted-escaped	search_short	nomatch	-	-	-	libpcre2-differential	10.46 2025-08-27
numeric-id-nested-plus	lp-winpath	search_short	nomatch	-	-	-	libpcre2-differential	10.46 2025-08-27
numeric-id-nested-plus	lp-winpath-reserved	search_short	nomatch	-	-	-	libpcre2-differential	10.46 2025-08-27
numeric-id-nested-plus	lp-syslog	search_short	nomatch	-	-	-	libpcre2-differential	10.46 2025-08-27
numeric-id-nested-plus	lp-atomic-hit	search_short	nomatch	-	-	-	libpcre2-differential	10.46 2025-08-27
numeric-id-nested-plus	lp-atomic-nonmatch	search_short	nomatch	-	-	-	libpcre2-differential	10.46 2025-08-27
numeric-id-nested-plus	waf-dbnames	search_short	nomatch	-	-	-	libpcre2-differential	10.46 2025-08-27
numeric-id-nested-plus	waf-sleep	search_short	nomatch	-	-	-	libpcre2-differential	10.46 2025-08-27
numeric-id-nested-plus	waf-union	search_short	nomatch	-	-	-	libpcre2-differential	10.46 2025-08-27
numeric-id-nested-plus	waf-concat	search_short	nomatch	-	-	-	libpcre2-differential	10.46 2025-08-27
numeric-id-nested-plus	waf-comment-obfuscation	search_short	nomatch	-	-	-	libpcre2-differential	10.46 2025-08-27
numeric-id-nested-plus	waf-benign	search_short	nomatch	-	-	-	libpcre2-differential	10.46 2025-08-27
numeric-id-nested-plus	sec-aws-key	search_short	nomatch	-	-	-	libpcre2-differential	10.46 2025-08-27
numeric-id-nested-plus	sec-github-pat	search_short	nomatch	-	-	-	libpcre2-differential	10.46 2025-08-27
numeric-id-nested-plus	sec-slack-webhook	search_short	nomatch	-	-	-	libpcre2-differential	10.46 2025-08-27
numeric-id-nested-plus	sec-userpass	search_short	nomatch	-	-	-	libpcre2-differential	10.46 2025-08-27
numeric-id-nested-plus	dt-iso8601	search_short	nomatch	-	-	-	libpcre2-differential	10.46 2025-08-27
numeric-id-nested-plus	dt-prose-month	search_short	nomatch	-	-	-	libpcre2-differential	10.46 2025-08-27
numeric-id-nested-plus	cg-array-begin	search_short	nomatch	-	-	-	libpcre2-differential	10.46 2025-08-27
numeric-id-nested-plus	cg-constant	search_short	nomatch	-	-	-	libpcre2-differential	10.46 2025-08-27
numeric-id-nested-plus	cg-object-begin	search_short	nomatch	-	-	-	libpcre2-differential	10.46 2025-08-27
numeric-id-nested-plus	cg-number	search_short	nomatch	-	-	-	libpcre2-differential	10.46 2025-08-27
numeric-id-nested-plus	cg-string-escape	search_short	nomatch	-	-	-	libpcre2-differential	10.46 2025-08-27
numeric-id-nested-plus	cg-key-colon	search_short	nomatch	-	-	-	libpcre2-differential	10.46 2025-08-27
numeric-id-nested-plus	br-doubled-word	search_short	nomatch	-	-	-	libpcre2-differential	10.46 2025-08-27
numeric-id-nested-plus	br-tag-pair	search_short	nomatch	-	-	-	libpcre2-differential	10.46 2025-08-27
numeric-id-nested-plus	br-tag-mismatch	search_short	nomatch	-	-	-	libpcre2-differential	10.46 2025-08-27
numeric-id-nested-plus	br-palindrome	search_short	match	0	6	-	libpcre2-differential	10.46 2025-08-27
numeric-id-nested-plus	br-quoted-delim	search_short	nomatch	-	-	-	libpcre2-differential	10.46 2025-08-27
numeric-id-nested-plus	br-dup-param	search_short	nomatch	-	-	-	libpcre2-differential	10.46 2025-08-27
numeric-id-nested-plus	la-pwd-strong	search_short	nomatch	-	-	-	libpcre2-differential	10.46 2025-08-27
numeric-id-nested-plus	la-pwd-weak	search_short	nomatch	-	-	-	libpcre2-differential	10.46 2025-08-27
numeric-id-nested-plus	la-float-bound	search_short	nomatch	-	-	-	libpcre2-differential	10.46 2025-08-27
numeric-id-nested-plus	la-float-dotted	search_short	nomatch	-	-	-	libpcre2-differential	10.46 2025-08-27
numeric-id-nested-plus	la-email-nodup	search_short	nomatch	-	-	-	libpcre2-differential	10.46 2025-08-27
numeric-id-nested-plus	la-email-dotdot	search_short	nomatch	-	-	-	libpcre2-differential	10.46 2025-08-27
numeric-id-nested-plus	la-currency	search_short	nomatch	-	-	-	libpcre2-differential	10.46 2025-08-27
numeric-id-nested-plus	la-negation-hit	search_short	nomatch	-	-	-	libpcre2-differential	10.46 2025-08-27
numeric-id-nested-plus	la-negation-miss	search_short	nomatch	-	-	-	libpcre2-differential	10.46 2025-08-27
numeric-id-nested-plus	rec-parens-balanced	search_short	nomatch	-	-	-	libpcre2-differential	10.46 2025-08-27
numeric-id-nested-plus	rec-parens-unbalanced	search_short	nomatch	-	-	-	libpcre2-differential	10.46 2025-08-27
numeric-id-nested-plus	rec-array-define	search_short	nomatch	-	-	-	libpcre2-differential	10.46 2025-08-27
numeric-id-nested-plus	rec-comment-nested	search_short	nomatch	-	-	-	libpcre2-differential	10.46 2025-08-27
numeric-id-nested-plus	rec-tag-depth3	search_short	nomatch	-	-	-	libpcre2-differential	10.46 2025-08-27
numeric-id-nested-plus	rd-email-hit	search_short	nomatch	-	-	-	libpcre2-differential	10.46 2025-08-27
numeric-id-nested-plus	rd-email-near-miss	search_short	nomatch	-	-	-	libpcre2-differential	10.46 2025-08-27
numeric-id-nested-plus	rd-trim-hit	search_short	nomatch	-	-	-	libpcre2-differential	10.46 2025-08-27
numeric-id-nested-plus	rd-trim-near-miss	search_short	nomatch	-	-	-	libpcre2-differential	10.46 2025-08-27
numeric-id-nested-plus	rd-evil-alt-hit	search_short	nomatch	-	-	-	libpcre2-differential	10.46 2025-08-27
numeric-id-nested-plus	rd-evil-alt-near-miss	search_short	nomatch	-	-	-	libpcre2-differential	10.46 2025-08-27
numeric-id-nested-plus	rd-numeric-id-hit	search_short	match	0	4	-	libpcre2-differential	10.46 2025-08-27
numeric-id-nested-plus	rd-numeric-id-near-miss	search_short	nomatch	-	-	-	libpcre2-differential	10.46 2025-08-27
numeric-id-nested-plus	rd-phone-list-hit	search_short	nomatch	-	-	-	libpcre2-differential	10.46 2025-08-27
numeric-id-nested-plus	rd-date-hit	search_short	nomatch	-	-	-	libpcre2-differential	10.46 2025-08-27
numeric-id-nested-plus	sd-router-short	search_short	nomatch	-	-	-	libpcre2-differential	10.46 2025-08-27
numeric-id-nested-plus	sd-fileext-short	search_short	nomatch	-	-	-	libpcre2-differential	10.46 2025-08-27
numeric-id-nested-plus	sd-keyword-short	search_short	nomatch	-	-	-	libpcre2-differential	10.46 2025-08-27
numeric-id-nested-plus	sd-empty-alt-hit	search_short	nomatch	-	-	-	libpcre2-differential	10.46 2025-08-27
numeric-id-nested-plus	sd-empty-alt-miss	search_short	nomatch	-	-	-	libpcre2-differential	10.46 2025-08-27
numeric-id-nested-plus	sd-dollar-nl	search_short	nomatch	-	-	-	libpcre2-differential	10.46 2025-08-27
numeric-id-nested-plus	nu-high-byte	search_short	nomatch	-	-	-	libpcre2-differential	10.46 2025-08-27
numeric-id-nested-plus	nu-mojibake	search_short	nomatch	-	-	-	libpcre2-differential	10.46 2025-08-27
numeric-id-nested-plus	nu-lead-no-cont	search_short	nomatch	-	-	-	libpcre2-differential	10.46 2025-08-27
numeric-id-nested-plus	nu-lead-with-cont	search_short	nomatch	-	-	-	libpcre2-differential	10.46 2025-08-27
numeric-id-nested-plus	floor-hit	search_short	nomatch	-	-	-	libpcre2-differential	10.46 2025-08-27
phone-list-nested-plus	v-email	search_short	nomatch	-	-	-	libpcre2-differential	10.46 2025-08-27
phone-list-nested-plus	v-ipv4	search_short	nomatch	-	-	-	libpcre2-differential	10.46 2025-08-27
phone-list-nested-plus	v-ipv4-oor	search_short	nomatch	-	-	-	libpcre2-differential	10.46 2025-08-27
phone-list-nested-plus	v-us-zip	search_short	match	0	5	-	libpcre2-differential	10.46 2025-08-27
phone-list-nested-plus	v-us-zip-plus4	search_short	nomatch	-	-	-	libpcre2-differential	10.46 2025-08-27
phone-list-nested-plus	v-uuid-valid	search_short	nomatch	-	-	-	libpcre2-differential	10.46 2025-08-27
phone-list-nested-plus	v-uuid-badnibble	search_short	nomatch	-	-	-	libpcre2-differential	10.46 2025-08-27
phone-list-nested-plus	lp-num-neg-dec	search_short	nomatch	-	-	-	libpcre2-differential	10.46 2025-08-27
phone-list-nested-plus	lp-num-leadzero	search_short	match	0	4	-	libpcre2-differential	10.46 2025-08-27
phone-list-nested-plus	lp-quoted	search_short	nomatch	-	-	-	libpcre2-differential	10.46 2025-08-27
phone-list-nested-plus	lp-quoted-escaped	search_short	nomatch	-	-	-	libpcre2-differential	10.46 2025-08-27
phone-list-nested-plus	lp-winpath	search_short	nomatch	-	-	-	libpcre2-differential	10.46 2025-08-27
phone-list-nested-plus	lp-winpath-reserved	search_short	nomatch	-	-	-	libpcre2-differential	10.46 2025-08-27
phone-list-nested-plus	lp-syslog	search_short	nomatch	-	-	-	libpcre2-differential	10.46 2025-08-27
phone-list-nested-plus	lp-atomic-hit	search_short	nomatch	-	-	-	libpcre2-differential	10.46 2025-08-27
phone-list-nested-plus	lp-atomic-nonmatch	search_short	nomatch	-	-	-	libpcre2-differential	10.46 2025-08-27
phone-list-nested-plus	waf-dbnames	search_short	nomatch	-	-	-	libpcre2-differential	10.46 2025-08-27
phone-list-nested-plus	waf-sleep	search_short	nomatch	-	-	-	libpcre2-differential	10.46 2025-08-27
phone-list-nested-plus	waf-union	search_short	nomatch	-	-	-	libpcre2-differential	10.46 2025-08-27
phone-list-nested-plus	waf-concat	search_short	nomatch	-	-	-	libpcre2-differential	10.46 2025-08-27
phone-list-nested-plus	waf-comment-obfuscation	search_short	nomatch	-	-	-	libpcre2-differential	10.46 2025-08-27
phone-list-nested-plus	waf-benign	search_short	nomatch	-	-	-	libpcre2-differential	10.46 2025-08-27
phone-list-nested-plus	sec-aws-key	search_short	nomatch	-	-	-	libpcre2-differential	10.46 2025-08-27
phone-list-nested-plus	sec-github-pat	search_short	nomatch	-	-	-	libpcre2-differential	10.46 2025-08-27
phone-list-nested-plus	sec-slack-webhook	search_short	nomatch	-	-	-	libpcre2-differential	10.46 2025-08-27
phone-list-nested-plus	sec-userpass	search_short	nomatch	-	-	-	libpcre2-differential	10.46 2025-08-27
phone-list-nested-plus	dt-iso8601	search_short	nomatch	-	-	-	libpcre2-differential	10.46 2025-08-27
phone-list-nested-plus	dt-prose-month	search_short	nomatch	-	-	-	libpcre2-differential	10.46 2025-08-27
phone-list-nested-plus	cg-array-begin	search_short	nomatch	-	-	-	libpcre2-differential	10.46 2025-08-27
phone-list-nested-plus	cg-constant	search_short	nomatch	-	-	-	libpcre2-differential	10.46 2025-08-27
phone-list-nested-plus	cg-object-begin	search_short	nomatch	-	-	-	libpcre2-differential	10.46 2025-08-27
phone-list-nested-plus	cg-number	search_short	nomatch	-	-	-	libpcre2-differential	10.46 2025-08-27
phone-list-nested-plus	cg-string-escape	search_short	nomatch	-	-	-	libpcre2-differential	10.46 2025-08-27
phone-list-nested-plus	cg-key-colon	search_short	nomatch	-	-	-	libpcre2-differential	10.46 2025-08-27
phone-list-nested-plus	br-doubled-word	search_short	nomatch	-	-	-	libpcre2-differential	10.46 2025-08-27
phone-list-nested-plus	br-tag-pair	search_short	nomatch	-	-	-	libpcre2-differential	10.46 2025-08-27
phone-list-nested-plus	br-tag-mismatch	search_short	nomatch	-	-	-	libpcre2-differential	10.46 2025-08-27
phone-list-nested-plus	br-palindrome	search_short	match	0	6	-	libpcre2-differential	10.46 2025-08-27
phone-list-nested-plus	br-quoted-delim	search_short	nomatch	-	-	-	libpcre2-differential	10.46 2025-08-27
phone-list-nested-plus	br-dup-param	search_short	nomatch	-	-	-	libpcre2-differential	10.46 2025-08-27
phone-list-nested-plus	la-pwd-strong	search_short	nomatch	-	-	-	libpcre2-differential	10.46 2025-08-27
phone-list-nested-plus	la-pwd-weak	search_short	nomatch	-	-	-	libpcre2-differential	10.46 2025-08-27
phone-list-nested-plus	la-float-bound	search_short	nomatch	-	-	-	libpcre2-differential	10.46 2025-08-27
phone-list-nested-plus	la-float-dotted	search_short	nomatch	-	-	-	libpcre2-differential	10.46 2025-08-27
phone-list-nested-plus	la-email-nodup	search_short	nomatch	-	-	-	libpcre2-differential	10.46 2025-08-27
phone-list-nested-plus	la-email-dotdot	search_short	nomatch	-	-	-	libpcre2-differential	10.46 2025-08-27
phone-list-nested-plus	la-currency	search_short	nomatch	-	-	-	libpcre2-differential	10.46 2025-08-27
phone-list-nested-plus	la-negation-hit	search_short	nomatch	-	-	-	libpcre2-differential	10.46 2025-08-27
phone-list-nested-plus	la-negation-miss	search_short	nomatch	-	-	-	libpcre2-differential	10.46 2025-08-27
phone-list-nested-plus	rec-parens-balanced	search_short	nomatch	-	-	-	libpcre2-differential	10.46 2025-08-27
phone-list-nested-plus	rec-parens-unbalanced	search_short	nomatch	-	-	-	libpcre2-differential	10.46 2025-08-27
phone-list-nested-plus	rec-array-define	search_short	nomatch	-	-	-	libpcre2-differential	10.46 2025-08-27
phone-list-nested-plus	rec-comment-nested	search_short	nomatch	-	-	-	libpcre2-differential	10.46 2025-08-27
phone-list-nested-plus	rec-tag-depth3	search_short	nomatch	-	-	-	libpcre2-differential	10.46 2025-08-27
phone-list-nested-plus	rd-email-hit	search_short	nomatch	-	-	-	libpcre2-differential	10.46 2025-08-27
phone-list-nested-plus	rd-email-near-miss	search_short	nomatch	-	-	-	libpcre2-differential	10.46 2025-08-27
phone-list-nested-plus	rd-trim-hit	search_short	nomatch	-	-	-	libpcre2-differential	10.46 2025-08-27
phone-list-nested-plus	rd-trim-near-miss	search_short	nomatch	-	-	-	libpcre2-differential	10.46 2025-08-27
phone-list-nested-plus	rd-evil-alt-hit	search_short	nomatch	-	-	-	libpcre2-differential	10.46 2025-08-27
phone-list-nested-plus	rd-evil-alt-near-miss	search_short	nomatch	-	-	-	libpcre2-differential	10.46 2025-08-27
phone-list-nested-plus	rd-numeric-id-hit	search_short	match	0	4	-	libpcre2-differential	10.46 2025-08-27
phone-list-nested-plus	rd-numeric-id-near-miss	search_short	nomatch	-	-	-	libpcre2-differential	10.46 2025-08-27
phone-list-nested-plus	rd-phone-list-hit	search_short	match	0	7	-	libpcre2-differential	10.46 2025-08-27
phone-list-nested-plus	rd-date-hit	search_short	nomatch	-	-	-	libpcre2-differential	10.46 2025-08-27
phone-list-nested-plus	sd-router-short	search_short	nomatch	-	-	-	libpcre2-differential	10.46 2025-08-27
phone-list-nested-plus	sd-fileext-short	search_short	nomatch	-	-	-	libpcre2-differential	10.46 2025-08-27
phone-list-nested-plus	sd-keyword-short	search_short	nomatch	-	-	-	libpcre2-differential	10.46 2025-08-27
phone-list-nested-plus	sd-empty-alt-hit	search_short	nomatch	-	-	-	libpcre2-differential	10.46 2025-08-27
phone-list-nested-plus	sd-empty-alt-miss	search_short	nomatch	-	-	-	libpcre2-differential	10.46 2025-08-27
phone-list-nested-plus	sd-dollar-nl	search_short	nomatch	-	-	-	libpcre2-differential	10.46 2025-08-27
phone-list-nested-plus	nu-high-byte	search_short	nomatch	-	-	-	libpcre2-differential	10.46 2025-08-27
phone-list-nested-plus	nu-mojibake	search_short	nomatch	-	-	-	libpcre2-differential	10.46 2025-08-27
phone-list-nested-plus	nu-lead-no-cont	search_short	nomatch	-	-	-	libpcre2-differential	10.46 2025-08-27
phone-list-nested-plus	nu-lead-with-cont	search_short	nomatch	-	-	-	libpcre2-differential	10.46 2025-08-27
phone-list-nested-plus	floor-hit	search_short	nomatch	-	-	-	libpcre2-differential	10.46 2025-08-27
wild-validator-us-zip-owasp	v-email	search_short	nomatch	-	-	-	libpcre2-differential	10.46 2025-08-27
wild-validator-us-zip-owasp	v-ipv4	search_short	nomatch	-	-	-	libpcre2-differential	10.46 2025-08-27
wild-validator-us-zip-owasp	v-ipv4-oor	search_short	nomatch	-	-	-	libpcre2-differential	10.46 2025-08-27
wild-validator-us-zip-owasp	v-us-zip	search_short	match	0	5	-	libpcre2-differential	10.46 2025-08-27
wild-validator-us-zip-owasp	v-us-zip-plus4	search_short	match	0	10	-	libpcre2-differential	10.46 2025-08-27
wild-validator-us-zip-owasp	v-uuid-valid	search_short	nomatch	-	-	-	libpcre2-differential	10.46 2025-08-27
wild-validator-us-zip-owasp	v-uuid-badnibble	search_short	nomatch	-	-	-	libpcre2-differential	10.46 2025-08-27
wild-validator-us-zip-owasp	lp-num-neg-dec	search_short	nomatch	-	-	-	libpcre2-differential	10.46 2025-08-27
wild-validator-us-zip-owasp	lp-num-leadzero	search_short	nomatch	-	-	-	libpcre2-differential	10.46 2025-08-27
wild-validator-us-zip-owasp	lp-quoted	search_short	nomatch	-	-	-	libpcre2-differential	10.46 2025-08-27
wild-validator-us-zip-owasp	lp-quoted-escaped	search_short	nomatch	-	-	-	libpcre2-differential	10.46 2025-08-27
wild-validator-us-zip-owasp	lp-winpath	search_short	nomatch	-	-	-	libpcre2-differential	10.46 2025-08-27
wild-validator-us-zip-owasp	lp-winpath-reserved	search_short	nomatch	-	-	-	libpcre2-differential	10.46 2025-08-27
wild-validator-us-zip-owasp	lp-syslog	search_short	nomatch	-	-	-	libpcre2-differential	10.46 2025-08-27
wild-validator-us-zip-owasp	lp-atomic-hit	search_short	nomatch	-	-	-	libpcre2-differential	10.46 2025-08-27
wild-validator-us-zip-owasp	lp-atomic-nonmatch	search_short	nomatch	-	-	-	libpcre2-differential	10.46 2025-08-27
wild-validator-us-zip-owasp	waf-dbnames	search_short	nomatch	-	-	-	libpcre2-differential	10.46 2025-08-27
wild-validator-us-zip-owasp	waf-sleep	search_short	nomatch	-	-	-	libpcre2-differential	10.46 2025-08-27
wild-validator-us-zip-owasp	waf-union	search_short	nomatch	-	-	-	libpcre2-differential	10.46 2025-08-27
wild-validator-us-zip-owasp	waf-concat	search_short	nomatch	-	-	-	libpcre2-differential	10.46 2025-08-27
wild-validator-us-zip-owasp	waf-comment-obfuscation	search_short	nomatch	-	-	-	libpcre2-differential	10.46 2025-08-27
wild-validator-us-zip-owasp	waf-benign	search_short	nomatch	-	-	-	libpcre2-differential	10.46 2025-08-27
wild-validator-us-zip-owasp	sec-aws-key	search_short	nomatch	-	-	-	libpcre2-differential	10.46 2025-08-27
wild-validator-us-zip-owasp	sec-github-pat	search_short	nomatch	-	-	-	libpcre2-differential	10.46 2025-08-27
wild-validator-us-zip-owasp	sec-slack-webhook	search_short	nomatch	-	-	-	libpcre2-differential	10.46 2025-08-27
wild-validator-us-zip-owasp	sec-userpass	search_short	nomatch	-	-	-	libpcre2-differential	10.46 2025-08-27
wild-validator-us-zip-owasp	dt-iso8601	search_short	nomatch	-	-	-	libpcre2-differential	10.46 2025-08-27
wild-validator-us-zip-owasp	dt-prose-month	search_short	nomatch	-	-	-	libpcre2-differential	10.46 2025-08-27
wild-validator-us-zip-owasp	cg-array-begin	search_short	nomatch	-	-	-	libpcre2-differential	10.46 2025-08-27
wild-validator-us-zip-owasp	cg-constant	search_short	nomatch	-	-	-	libpcre2-differential	10.46 2025-08-27
wild-validator-us-zip-owasp	cg-object-begin	search_short	nomatch	-	-	-	libpcre2-differential	10.46 2025-08-27
wild-validator-us-zip-owasp	cg-number	search_short	nomatch	-	-	-	libpcre2-differential	10.46 2025-08-27
wild-validator-us-zip-owasp	cg-string-escape	search_short	nomatch	-	-	-	libpcre2-differential	10.46 2025-08-27
wild-validator-us-zip-owasp	cg-key-colon	search_short	nomatch	-	-	-	libpcre2-differential	10.46 2025-08-27
wild-validator-us-zip-owasp	br-doubled-word	search_short	nomatch	-	-	-	libpcre2-differential	10.46 2025-08-27
wild-validator-us-zip-owasp	br-tag-pair	search_short	nomatch	-	-	-	libpcre2-differential	10.46 2025-08-27
wild-validator-us-zip-owasp	br-tag-mismatch	search_short	nomatch	-	-	-	libpcre2-differential	10.46 2025-08-27
wild-validator-us-zip-owasp	br-palindrome	search_short	nomatch	-	-	-	libpcre2-differential	10.46 2025-08-27
wild-validator-us-zip-owasp	br-quoted-delim	search_short	nomatch	-	-	-	libpcre2-differential	10.46 2025-08-27
wild-validator-us-zip-owasp	br-dup-param	search_short	nomatch	-	-	-	libpcre2-differential	10.46 2025-08-27
wild-validator-us-zip-owasp	la-pwd-strong	search_short	nomatch	-	-	-	libpcre2-differential	10.46 2025-08-27
wild-validator-us-zip-owasp	la-pwd-weak	search_short	nomatch	-	-	-	libpcre2-differential	10.46 2025-08-27
wild-validator-us-zip-owasp	la-float-bound	search_short	nomatch	-	-	-	libpcre2-differential	10.46 2025-08-27
wild-validator-us-zip-owasp	la-float-dotted	search_short	nomatch	-	-	-	libpcre2-differential	10.46 2025-08-27
wild-validator-us-zip-owasp	la-email-nodup	search_short	nomatch	-	-	-	libpcre2-differential	10.46 2025-08-27
wild-validator-us-zip-owasp	la-email-dotdot	search_short	nomatch	-	-	-	libpcre2-differential	10.46 2025-08-27
wild-validator-us-zip-owasp	la-currency	search_short	nomatch	-	-	-	libpcre2-differential	10.46 2025-08-27
wild-validator-us-zip-owasp	la-negation-hit	search_short	nomatch	-	-	-	libpcre2-differential	10.46 2025-08-27
wild-validator-us-zip-owasp	la-negation-miss	search_short	nomatch	-	-	-	libpcre2-differential	10.46 2025-08-27
wild-validator-us-zip-owasp	rec-parens-balanced	search_short	nomatch	-	-	-	libpcre2-differential	10.46 2025-08-27
wild-validator-us-zip-owasp	rec-parens-unbalanced	search_short	nomatch	-	-	-	libpcre2-differential	10.46 2025-08-27
wild-validator-us-zip-owasp	rec-array-define	search_short	nomatch	-	-	-	libpcre2-differential	10.46 2025-08-27
wild-validator-us-zip-owasp	rec-comment-nested	search_short	nomatch	-	-	-	libpcre2-differential	10.46 2025-08-27
wild-validator-us-zip-owasp	rec-tag-depth3	search_short	nomatch	-	-	-	libpcre2-differential	10.46 2025-08-27
wild-validator-us-zip-owasp	rd-email-hit	search_short	nomatch	-	-	-	libpcre2-differential	10.46 2025-08-27
wild-validator-us-zip-owasp	rd-email-near-miss	search_short	nomatch	-	-	-	libpcre2-differential	10.46 2025-08-27
wild-validator-us-zip-owasp	rd-trim-hit	search_short	nomatch	-	-	-	libpcre2-differential	10.46 2025-08-27
wild-validator-us-zip-owasp	rd-trim-near-miss	search_short	nomatch	-	-	-	libpcre2-differential	10.46 2025-08-27
wild-validator-us-zip-owasp	rd-evil-alt-hit	search_short	nomatch	-	-	-	libpcre2-differential	10.46 2025-08-27
wild-validator-us-zip-owasp	rd-evil-alt-near-miss	search_short	nomatch	-	-	-	libpcre2-differential	10.46 2025-08-27
wild-validator-us-zip-owasp	rd-numeric-id-hit	search_short	nomatch	-	-	-	libpcre2-differential	10.46 2025-08-27
wild-validator-us-zip-owasp	rd-numeric-id-near-miss	search_short	nomatch	-	-	-	libpcre2-differential	10.46 2025-08-27
wild-validator-us-zip-owasp	rd-phone-list-hit	search_short	nomatch	-	-	-	libpcre2-differential	10.46 2025-08-27
wild-validator-us-zip-owasp	rd-date-hit	search_short	nomatch	-	-	-	libpcre2-differential	10.46 2025-08-27
wild-validator-us-zip-owasp	sd-router-short	search_short	nomatch	-	-	-	libpcre2-differential	10.46 2025-08-27
wild-validator-us-zip-owasp	sd-fileext-short	search_short	nomatch	-	-	-	libpcre2-differential	10.46 2025-08-27
wild-validator-us-zip-owasp	sd-keyword-short	search_short	nomatch	-	-	-	libpcre2-differential	10.46 2025-08-27
wild-validator-us-zip-owasp	sd-empty-alt-hit	search_short	nomatch	-	-	-	libpcre2-differential	10.46 2025-08-27
wild-validator-us-zip-owasp	sd-empty-alt-miss	search_short	nomatch	-	-	-	libpcre2-differential	10.46 2025-08-27
wild-validator-us-zip-owasp	sd-dollar-nl	search_short	nomatch	-	-	-	libpcre2-differential	10.46 2025-08-27
wild-validator-us-zip-owasp	nu-high-byte	search_short	nomatch	-	-	-	libpcre2-differential	10.46 2025-08-27
wild-validator-us-zip-owasp	nu-mojibake	search_short	nomatch	-	-	-	libpcre2-differential	10.46 2025-08-27
wild-validator-us-zip-owasp	nu-lead-no-cont	search_short	nomatch	-	-	-	libpcre2-differential	10.46 2025-08-27
wild-validator-us-zip-owasp	nu-lead-with-cont	search_short	nomatch	-	-	-	libpcre2-differential	10.46 2025-08-27
wild-validator-us-zip-owasp	floor-hit	search_short	nomatch	-	-	-	libpcre2-differential	10.46 2025-08-27
base10num-near-miss	v-email	search_short	nomatch	-	-	-	libpcre2-differential	10.46 2025-08-27
base10num-near-miss	v-ipv4	search_short	nomatch	-	-	-	libpcre2-differential	10.46 2025-08-27
base10num-near-miss	v-ipv4-oor	search_short	nomatch	-	-	-	libpcre2-differential	10.46 2025-08-27
base10num-near-miss	v-us-zip	search_short	match	0	5	-	libpcre2-differential	10.46 2025-08-27
base10num-near-miss	v-us-zip-plus4	search_short	nomatch	-	-	-	libpcre2-differential	10.46 2025-08-27
base10num-near-miss	v-uuid-valid	search_short	nomatch	-	-	-	libpcre2-differential	10.46 2025-08-27
base10num-near-miss	v-uuid-badnibble	search_short	nomatch	-	-	-	libpcre2-differential	10.46 2025-08-27
base10num-near-miss	lp-num-neg-dec	search_short	match	0	7	-	libpcre2-differential	10.46 2025-08-27
base10num-near-miss	lp-num-leadzero	search_short	nomatch	-	-	-	libpcre2-differential	10.46 2025-08-27
base10num-near-miss	lp-quoted	search_short	nomatch	-	-	-	libpcre2-differential	10.46 2025-08-27
base10num-near-miss	lp-quoted-escaped	search_short	nomatch	-	-	-	libpcre2-differential	10.46 2025-08-27
base10num-near-miss	lp-winpath	search_short	nomatch	-	-	-	libpcre2-differential	10.46 2025-08-27
base10num-near-miss	lp-winpath-reserved	search_short	nomatch	-	-	-	libpcre2-differential	10.46 2025-08-27
base10num-near-miss	lp-syslog	search_short	nomatch	-	-	-	libpcre2-differential	10.46 2025-08-27
base10num-near-miss	lp-atomic-hit	search_short	nomatch	-	-	-	libpcre2-differential	10.46 2025-08-27
base10num-near-miss	lp-atomic-nonmatch	search_short	nomatch	-	-	-	libpcre2-differential	10.46 2025-08-27
base10num-near-miss	waf-dbnames	search_short	nomatch	-	-	-	libpcre2-differential	10.46 2025-08-27
base10num-near-miss	waf-sleep	search_short	nomatch	-	-	-	libpcre2-differential	10.46 2025-08-27
base10num-near-miss	waf-union	search_short	nomatch	-	-	-	libpcre2-differential	10.46 2025-08-27
base10num-near-miss	waf-concat	search_short	nomatch	-	-	-	libpcre2-differential	10.46 2025-08-27
base10num-near-miss	waf-comment-obfuscation	search_short	nomatch	-	-	-	libpcre2-differential	10.46 2025-08-27
base10num-near-miss	waf-benign	search_short	nomatch	-	-	-	libpcre2-differential	10.46 2025-08-27
base10num-near-miss	sec-aws-key	search_short	nomatch	-	-	-	libpcre2-differential	10.46 2025-08-27
base10num-near-miss	sec-github-pat	search_short	nomatch	-	-	-	libpcre2-differential	10.46 2025-08-27
base10num-near-miss	sec-slack-webhook	search_short	nomatch	-	-	-	libpcre2-differential	10.46 2025-08-27
base10num-near-miss	sec-userpass	search_short	nomatch	-	-	-	libpcre2-differential	10.46 2025-08-27
base10num-near-miss	dt-iso8601	search_short	nomatch	-	-	-	libpcre2-differential	10.46 2025-08-27
base10num-near-miss	dt-prose-month	search_short	nomatch	-	-	-	libpcre2-differential	10.46 2025-08-27
base10num-near-miss	cg-array-begin	search_short	nomatch	-	-	-	libpcre2-differential	10.46 2025-08-27
base10num-near-miss	cg-constant	search_short	nomatch	-	-	-	libpcre2-differential	10.46 2025-08-27
base10num-near-miss	cg-object-begin	search_short	nomatch	-	-	-	libpcre2-differential	10.46 2025-08-27
base10num-near-miss	cg-number	search_short	nomatch	-	-	-	libpcre2-differential	10.46 2025-08-27
base10num-near-miss	cg-string-escape	search_short	nomatch	-	-	-	libpcre2-differential	10.46 2025-08-27
base10num-near-miss	cg-key-colon	search_short	nomatch	-	-	-	libpcre2-differential	10.46 2025-08-27
base10num-near-miss	br-doubled-word	search_short	nomatch	-	-	-	libpcre2-differential	10.46 2025-08-27
base10num-near-miss	br-tag-pair	search_short	nomatch	-	-	-	libpcre2-differential	10.46 2025-08-27
base10num-near-miss	br-tag-mismatch	search_short	nomatch	-	-	-	libpcre2-differential	10.46 2025-08-27
base10num-near-miss	br-palindrome	search_short	match	0	6	-	libpcre2-differential	10.46 2025-08-27
base10num-near-miss	br-quoted-delim	search_short	nomatch	-	-	-	libpcre2-differential	10.46 2025-08-27
base10num-near-miss	br-dup-param	search_short	nomatch	-	-	-	libpcre2-differential	10.46 2025-08-27
base10num-near-miss	la-pwd-strong	search_short	nomatch	-	-	-	libpcre2-differential	10.46 2025-08-27
base10num-near-miss	la-pwd-weak	search_short	nomatch	-	-	-	libpcre2-differential	10.46 2025-08-27
base10num-near-miss	la-float-bound	search_short	nomatch	-	-	-	libpcre2-differential	10.46 2025-08-27
base10num-near-miss	la-float-dotted	search_short	nomatch	-	-	-	libpcre2-differential	10.46 2025-08-27
base10num-near-miss	la-email-nodup	search_short	nomatch	-	-	-	libpcre2-differential	10.46 2025-08-27
base10num-near-miss	la-email-dotdot	search_short	nomatch	-	-	-	libpcre2-differential	10.46 2025-08-27
base10num-near-miss	la-currency	search_short	nomatch	-	-	-	libpcre2-differential	10.46 2025-08-27
base10num-near-miss	la-negation-hit	search_short	nomatch	-	-	-	libpcre2-differential	10.46 2025-08-27
base10num-near-miss	la-negation-miss	search_short	nomatch	-	-	-	libpcre2-differential	10.46 2025-08-27
base10num-near-miss	rec-parens-balanced	search_short	nomatch	-	-	-	libpcre2-differential	10.46 2025-08-27
base10num-near-miss	rec-parens-unbalanced	search_short	nomatch	-	-	-	libpcre2-differential	10.46 2025-08-27
base10num-near-miss	rec-array-define	search_short	nomatch	-	-	-	libpcre2-differential	10.46 2025-08-27
base10num-near-miss	rec-comment-nested	search_short	nomatch	-	-	-	libpcre2-differential	10.46 2025-08-27
base10num-near-miss	rec-tag-depth3	search_short	nomatch	-	-	-	libpcre2-differential	10.46 2025-08-27
base10num-near-miss	rd-email-hit	search_short	nomatch	-	-	-	libpcre2-differential	10.46 2025-08-27
base10num-near-miss	rd-email-near-miss	search_short	nomatch	-	-	-	libpcre2-differential	10.46 2025-08-27
base10num-near-miss	rd-trim-hit	search_short	nomatch	-	-	-	libpcre2-differential	10.46 2025-08-27
base10num-near-miss	rd-trim-near-miss	search_short	nomatch	-	-	-	libpcre2-differential	10.46 2025-08-27
base10num-near-miss	rd-evil-alt-hit	search_short	nomatch	-	-	-	libpcre2-differential	10.46 2025-08-27
base10num-near-miss	rd-evil-alt-near-miss	search_short	nomatch	-	-	-	libpcre2-differential	10.46 2025-08-27
base10num-near-miss	rd-numeric-id-hit	search_short	match	0	4	-	libpcre2-differential	10.46 2025-08-27
base10num-near-miss	rd-numeric-id-near-miss	search_short	nomatch	-	-	-	libpcre2-differential	10.46 2025-08-27
base10num-near-miss	rd-phone-list-hit	search_short	nomatch	-	-	-	libpcre2-differential	10.46 2025-08-27
base10num-near-miss	rd-date-hit	search_short	nomatch	-	-	-	libpcre2-differential	10.46 2025-08-27
base10num-near-miss	sd-router-short	search_short	nomatch	-	-	-	libpcre2-differential	10.46 2025-08-27
base10num-near-miss	sd-fileext-short	search_short	nomatch	-	-	-	libpcre2-differential	10.46 2025-08-27
base10num-near-miss	sd-keyword-short	search_short	nomatch	-	-	-	libpcre2-differential	10.46 2025-08-27
base10num-near-miss	sd-empty-alt-hit	search_short	nomatch	-	-	-	libpcre2-differential	10.46 2025-08-27
base10num-near-miss	sd-empty-alt-miss	search_short	nomatch	-	-	-	libpcre2-differential	10.46 2025-08-27
base10num-near-miss	sd-dollar-nl	search_short	nomatch	-	-	-	libpcre2-differential	10.46 2025-08-27
base10num-near-miss	nu-high-byte	search_short	nomatch	-	-	-	libpcre2-differential	10.46 2025-08-27
base10num-near-miss	nu-mojibake	search_short	nomatch	-	-	-	libpcre2-differential	10.46 2025-08-27
base10num-near-miss	nu-lead-no-cont	search_short	nomatch	-	-	-	libpcre2-differential	10.46 2025-08-27
base10num-near-miss	nu-lead-with-cont	search_short	nomatch	-	-	-	libpcre2-differential	10.46 2025-08-27
base10num-near-miss	floor-hit	search_short	nomatch	-	-	-	libpcre2-differential	10.46 2025-08-27
ipv4-near-miss	v-email	search_short	nomatch	-	-	-	libpcre2-differential	10.46 2025-08-27
ipv4-near-miss	v-ipv4	search_short	match	0	11	-	libpcre2-differential	10.46 2025-08-27
ipv4-near-miss	v-ipv4-oor	search_short	nomatch	-	-	-	libpcre2-differential	10.46 2025-08-27
ipv4-near-miss	v-us-zip	search_short	nomatch	-	-	-	libpcre2-differential	10.46 2025-08-27
ipv4-near-miss	v-us-zip-plus4	search_short	nomatch	-	-	-	libpcre2-differential	10.46 2025-08-27
ipv4-near-miss	v-uuid-valid	search_short	nomatch	-	-	-	libpcre2-differential	10.46 2025-08-27
ipv4-near-miss	v-uuid-badnibble	search_short	nomatch	-	-	-	libpcre2-differential	10.46 2025-08-27
ipv4-near-miss	lp-num-neg-dec	search_short	nomatch	-	-	-	libpcre2-differential	10.46 2025-08-27
ipv4-near-miss	lp-num-leadzero	search_short	nomatch	-	-	-	libpcre2-differential	10.46 2025-08-27
ipv4-near-miss	lp-quoted	search_short	nomatch	-	-	-	libpcre2-differential	10.46 2025-08-27
ipv4-near-miss	lp-quoted-escaped	search_short	nomatch	-	-	-	libpcre2-differential	10.46 2025-08-27
ipv4-near-miss	lp-winpath	search_short	nomatch	-	-	-	libpcre2-differential	10.46 2025-08-27
ipv4-near-miss	lp-winpath-reserved	search_short	nomatch	-	-	-	libpcre2-differential	10.46 2025-08-27
ipv4-near-miss	lp-syslog	search_short	nomatch	-	-	-	libpcre2-differential	10.46 2025-08-27
ipv4-near-miss	lp-atomic-hit	search_short	nomatch	-	-	-	libpcre2-differential	10.46 2025-08-27
ipv4-near-miss	lp-atomic-nonmatch	search_short	nomatch	-	-	-	libpcre2-differential	10.46 2025-08-27
ipv4-near-miss	waf-dbnames	search_short	nomatch	-	-	-	libpcre2-differential	10.46 2025-08-27
ipv4-near-miss	waf-sleep	search_short	nomatch	-	-	-	libpcre2-differential	10.46 2025-08-27
ipv4-near-miss	waf-union	search_short	nomatch	-	-	-	libpcre2-differential	10.46 2025-08-27
ipv4-near-miss	waf-concat	search_short	nomatch	-	-	-	libpcre2-differential	10.46 2025-08-27
ipv4-near-miss	waf-comment-obfuscation	search_short	nomatch	-	-	-	libpcre2-differential	10.46 2025-08-27
ipv4-near-miss	waf-benign	search_short	nomatch	-	-	-	libpcre2-differential	10.46 2025-08-27
ipv4-near-miss	sec-aws-key	search_short	nomatch	-	-	-	libpcre2-differential	10.46 2025-08-27
ipv4-near-miss	sec-github-pat	search_short	nomatch	-	-	-	libpcre2-differential	10.46 2025-08-27
ipv4-near-miss	sec-slack-webhook	search_short	nomatch	-	-	-	libpcre2-differential	10.46 2025-08-27
ipv4-near-miss	sec-userpass	search_short	nomatch	-	-	-	libpcre2-differential	10.46 2025-08-27
ipv4-near-miss	dt-iso8601	search_short	nomatch	-	-	-	libpcre2-differential	10.46 2025-08-27
ipv4-near-miss	dt-prose-month	search_short	nomatch	-	-	-	libpcre2-differential	10.46 2025-08-27
ipv4-near-miss	cg-array-begin	search_short	nomatch	-	-	-	libpcre2-differential	10.46 2025-08-27
ipv4-near-miss	cg-constant	search_short	nomatch	-	-	-	libpcre2-differential	10.46 2025-08-27
ipv4-near-miss	cg-object-begin	search_short	nomatch	-	-	-	libpcre2-differential	10.46 2025-08-27
ipv4-near-miss	cg-number	search_short	nomatch	-	-	-	libpcre2-differential	10.46 2025-08-27
ipv4-near-miss	cg-string-escape	search_short	nomatch	-	-	-	libpcre2-differential	10.46 2025-08-27
ipv4-near-miss	cg-key-colon	search_short	nomatch	-	-	-	libpcre2-differential	10.46 2025-08-27
ipv4-near-miss	br-doubled-word	search_short	nomatch	-	-	-	libpcre2-differential	10.46 2025-08-27
ipv4-near-miss	br-tag-pair	search_short	nomatch	-	-	-	libpcre2-differential	10.46 2025-08-27
ipv4-near-miss	br-tag-mismatch	search_short	nomatch	-	-	-	libpcre2-differential	10.46 2025-08-27
ipv4-near-miss	br-palindrome	search_short	nomatch	-	-	-	libpcre2-differential	10.46 2025-08-27
ipv4-near-miss	br-quoted-delim	search_short	nomatch	-	-	-	libpcre2-differential	10.46 2025-08-27
ipv4-near-miss	br-dup-param	search_short	nomatch	-	-	-	libpcre2-differential	10.46 2025-08-27
ipv4-near-miss	la-pwd-strong	search_short	nomatch	-	-	-	libpcre2-differential	10.46 2025-08-27
ipv4-near-miss	la-pwd-weak	search_short	nomatch	-	-	-	libpcre2-differential	10.46 2025-08-27
ipv4-near-miss	la-float-bound	search_short	nomatch	-	-	-	libpcre2-differential	10.46 2025-08-27
ipv4-near-miss	la-float-dotted	search_short	nomatch	-	-	-	libpcre2-differential	10.46 2025-08-27
ipv4-near-miss	la-email-nodup	search_short	nomatch	-	-	-	libpcre2-differential	10.46 2025-08-27
ipv4-near-miss	la-email-dotdot	search_short	nomatch	-	-	-	libpcre2-differential	10.46 2025-08-27
ipv4-near-miss	la-currency	search_short	nomatch	-	-	-	libpcre2-differential	10.46 2025-08-27
ipv4-near-miss	la-negation-hit	search_short	nomatch	-	-	-	libpcre2-differential	10.46 2025-08-27
ipv4-near-miss	la-negation-miss	search_short	nomatch	-	-	-	libpcre2-differential	10.46 2025-08-27
ipv4-near-miss	rec-parens-balanced	search_short	nomatch	-	-	-	libpcre2-differential	10.46 2025-08-27
ipv4-near-miss	rec-parens-unbalanced	search_short	nomatch	-	-	-	libpcre2-differential	10.46 2025-08-27
ipv4-near-miss	rec-array-define	search_short	nomatch	-	-	-	libpcre2-differential	10.46 2025-08-27
ipv4-near-miss	rec-comment-nested	search_short	nomatch	-	-	-	libpcre2-differential	10.46 2025-08-27
ipv4-near-miss	rec-tag-depth3	search_short	nomatch	-	-	-	libpcre2-differential	10.46 2025-08-27
ipv4-near-miss	rd-email-hit	search_short	nomatch	-	-	-	libpcre2-differential	10.46 2025-08-27
ipv4-near-miss	rd-email-near-miss	search_short	nomatch	-	-	-	libpcre2-differential	10.46 2025-08-27
ipv4-near-miss	rd-trim-hit	search_short	nomatch	-	-	-	libpcre2-differential	10.46 2025-08-27
ipv4-near-miss	rd-trim-near-miss	search_short	nomatch	-	-	-	libpcre2-differential	10.46 2025-08-27
ipv4-near-miss	rd-evil-alt-hit	search_short	nomatch	-	-	-	libpcre2-differential	10.46 2025-08-27
ipv4-near-miss	rd-evil-alt-near-miss	search_short	nomatch	-	-	-	libpcre2-differential	10.46 2025-08-27
ipv4-near-miss	rd-numeric-id-hit	search_short	nomatch	-	-	-	libpcre2-differential	10.46 2025-08-27
ipv4-near-miss	rd-numeric-id-near-miss	search_short	nomatch	-	-	-	libpcre2-differential	10.46 2025-08-27
ipv4-near-miss	rd-phone-list-hit	search_short	nomatch	-	-	-	libpcre2-differential	10.46 2025-08-27
ipv4-near-miss	rd-date-hit	search_short	nomatch	-	-	-	libpcre2-differential	10.46 2025-08-27
ipv4-near-miss	sd-router-short	search_short	nomatch	-	-	-	libpcre2-differential	10.46 2025-08-27
ipv4-near-miss	sd-fileext-short	search_short	nomatch	-	-	-	libpcre2-differential	10.46 2025-08-27
ipv4-near-miss	sd-keyword-short	search_short	nomatch	-	-	-	libpcre2-differential	10.46 2025-08-27
ipv4-near-miss	sd-empty-alt-hit	search_short	nomatch	-	-	-	libpcre2-differential	10.46 2025-08-27
ipv4-near-miss	sd-empty-alt-miss	search_short	nomatch	-	-	-	libpcre2-differential	10.46 2025-08-27
ipv4-near-miss	sd-dollar-nl	search_short	nomatch	-	-	-	libpcre2-differential	10.46 2025-08-27
ipv4-near-miss	nu-high-byte	search_short	nomatch	-	-	-	libpcre2-differential	10.46 2025-08-27
ipv4-near-miss	nu-mojibake	search_short	nomatch	-	-	-	libpcre2-differential	10.46 2025-08-27
ipv4-near-miss	nu-lead-no-cont	search_short	nomatch	-	-	-	libpcre2-differential	10.46 2025-08-27
ipv4-near-miss	nu-lead-with-cont	search_short	nomatch	-	-	-	libpcre2-differential	10.46 2025-08-27
ipv4-near-miss	floor-hit	search_short	nomatch	-	-	-	libpcre2-differential	10.46 2025-08-27
uuid-near-miss	v-email	search_short	nomatch	-	-	-	libpcre2-differential	10.46 2025-08-27
uuid-near-miss	v-ipv4	search_short	nomatch	-	-	-	libpcre2-differential	10.46 2025-08-27
uuid-near-miss	v-ipv4-oor	search_short	nomatch	-	-	-	libpcre2-differential	10.46 2025-08-27
uuid-near-miss	v-us-zip	search_short	nomatch	-	-	-	libpcre2-differential	10.46 2025-08-27
uuid-near-miss	v-us-zip-plus4	search_short	nomatch	-	-	-	libpcre2-differential	10.46 2025-08-27
uuid-near-miss	v-uuid-valid	search_short	match	0	36	-	libpcre2-differential	10.46 2025-08-27
uuid-near-miss	v-uuid-badnibble	search_short	nomatch	-	-	-	libpcre2-differential	10.46 2025-08-27
uuid-near-miss	lp-num-neg-dec	search_short	nomatch	-	-	-	libpcre2-differential	10.46 2025-08-27
uuid-near-miss	lp-num-leadzero	search_short	nomatch	-	-	-	libpcre2-differential	10.46 2025-08-27
uuid-near-miss	lp-quoted	search_short	nomatch	-	-	-	libpcre2-differential	10.46 2025-08-27
uuid-near-miss	lp-quoted-escaped	search_short	nomatch	-	-	-	libpcre2-differential	10.46 2025-08-27
uuid-near-miss	lp-winpath	search_short	nomatch	-	-	-	libpcre2-differential	10.46 2025-08-27
uuid-near-miss	lp-winpath-reserved	search_short	nomatch	-	-	-	libpcre2-differential	10.46 2025-08-27
uuid-near-miss	lp-syslog	search_short	nomatch	-	-	-	libpcre2-differential	10.46 2025-08-27
uuid-near-miss	lp-atomic-hit	search_short	nomatch	-	-	-	libpcre2-differential	10.46 2025-08-27
uuid-near-miss	lp-atomic-nonmatch	search_short	nomatch	-	-	-	libpcre2-differential	10.46 2025-08-27
uuid-near-miss	waf-dbnames	search_short	nomatch	-	-	-	libpcre2-differential	10.46 2025-08-27
uuid-near-miss	waf-sleep	search_short	nomatch	-	-	-	libpcre2-differential	10.46 2025-08-27
uuid-near-miss	waf-union	search_short	nomatch	-	-	-	libpcre2-differential	10.46 2025-08-27
uuid-near-miss	waf-concat	search_short	nomatch	-	-	-	libpcre2-differential	10.46 2025-08-27
uuid-near-miss	waf-comment-obfuscation	search_short	nomatch	-	-	-	libpcre2-differential	10.46 2025-08-27
uuid-near-miss	waf-benign	search_short	nomatch	-	-	-	libpcre2-differential	10.46 2025-08-27
uuid-near-miss	sec-aws-key	search_short	nomatch	-	-	-	libpcre2-differential	10.46 2025-08-27
uuid-near-miss	sec-github-pat	search_short	nomatch	-	-	-	libpcre2-differential	10.46 2025-08-27
uuid-near-miss	sec-slack-webhook	search_short	nomatch	-	-	-	libpcre2-differential	10.46 2025-08-27
uuid-near-miss	sec-userpass	search_short	nomatch	-	-	-	libpcre2-differential	10.46 2025-08-27
uuid-near-miss	dt-iso8601	search_short	nomatch	-	-	-	libpcre2-differential	10.46 2025-08-27
uuid-near-miss	dt-prose-month	search_short	nomatch	-	-	-	libpcre2-differential	10.46 2025-08-27
uuid-near-miss	cg-array-begin	search_short	nomatch	-	-	-	libpcre2-differential	10.46 2025-08-27
uuid-near-miss	cg-constant	search_short	nomatch	-	-	-	libpcre2-differential	10.46 2025-08-27
uuid-near-miss	cg-object-begin	search_short	nomatch	-	-	-	libpcre2-differential	10.46 2025-08-27
uuid-near-miss	cg-number	search_short	nomatch	-	-	-	libpcre2-differential	10.46 2025-08-27
uuid-near-miss	cg-string-escape	search_short	nomatch	-	-	-	libpcre2-differential	10.46 2025-08-27
uuid-near-miss	cg-key-colon	search_short	nomatch	-	-	-	libpcre2-differential	10.46 2025-08-27
uuid-near-miss	br-doubled-word	search_short	nomatch	-	-	-	libpcre2-differential	10.46 2025-08-27
uuid-near-miss	br-tag-pair	search_short	nomatch	-	-	-	libpcre2-differential	10.46 2025-08-27
uuid-near-miss	br-tag-mismatch	search_short	nomatch	-	-	-	libpcre2-differential	10.46 2025-08-27
uuid-near-miss	br-palindrome	search_short	nomatch	-	-	-	libpcre2-differential	10.46 2025-08-27
uuid-near-miss	br-quoted-delim	search_short	nomatch	-	-	-	libpcre2-differential	10.46 2025-08-27
uuid-near-miss	br-dup-param	search_short	nomatch	-	-	-	libpcre2-differential	10.46 2025-08-27
uuid-near-miss	la-pwd-strong	search_short	nomatch	-	-	-	libpcre2-differential	10.46 2025-08-27
uuid-near-miss	la-pwd-weak	search_short	nomatch	-	-	-	libpcre2-differential	10.46 2025-08-27
uuid-near-miss	la-float-bound	search_short	nomatch	-	-	-	libpcre2-differential	10.46 2025-08-27
uuid-near-miss	la-float-dotted	search_short	nomatch	-	-	-	libpcre2-differential	10.46 2025-08-27
uuid-near-miss	la-email-nodup	search_short	nomatch	-	-	-	libpcre2-differential	10.46 2025-08-27
uuid-near-miss	la-email-dotdot	search_short	nomatch	-	-	-	libpcre2-differential	10.46 2025-08-27
uuid-near-miss	la-currency	search_short	nomatch	-	-	-	libpcre2-differential	10.46 2025-08-27
uuid-near-miss	la-negation-hit	search_short	nomatch	-	-	-	libpcre2-differential	10.46 2025-08-27
uuid-near-miss	la-negation-miss	search_short	nomatch	-	-	-	libpcre2-differential	10.46 2025-08-27
uuid-near-miss	rec-parens-balanced	search_short	nomatch	-	-	-	libpcre2-differential	10.46 2025-08-27
uuid-near-miss	rec-parens-unbalanced	search_short	nomatch	-	-	-	libpcre2-differential	10.46 2025-08-27
uuid-near-miss	rec-array-define	search_short	nomatch	-	-	-	libpcre2-differential	10.46 2025-08-27
uuid-near-miss	rec-comment-nested	search_short	nomatch	-	-	-	libpcre2-differential	10.46 2025-08-27
uuid-near-miss	rec-tag-depth3	search_short	nomatch	-	-	-	libpcre2-differential	10.46 2025-08-27
uuid-near-miss	rd-email-hit	search_short	nomatch	-	-	-	libpcre2-differential	10.46 2025-08-27
uuid-near-miss	rd-email-near-miss	search_short	nomatch	-	-	-	libpcre2-differential	10.46 2025-08-27
uuid-near-miss	rd-trim-hit	search_short	nomatch	-	-	-	libpcre2-differential	10.46 2025-08-27
uuid-near-miss	rd-trim-near-miss	search_short	nomatch	-	-	-	libpcre2-differential	10.46 2025-08-27
uuid-near-miss	rd-evil-alt-hit	search_short	nomatch	-	-	-	libpcre2-differential	10.46 2025-08-27
uuid-near-miss	rd-evil-alt-near-miss	search_short	nomatch	-	-	-	libpcre2-differential	10.46 2025-08-27
uuid-near-miss	rd-numeric-id-hit	search_short	nomatch	-	-	-	libpcre2-differential	10.46 2025-08-27
uuid-near-miss	rd-numeric-id-near-miss	search_short	nomatch	-	-	-	libpcre2-differential	10.46 2025-08-27
uuid-near-miss	rd-phone-list-hit	search_short	nomatch	-	-	-	libpcre2-differential	10.46 2025-08-27
uuid-near-miss	rd-date-hit	search_short	nomatch	-	-	-	libpcre2-differential	10.46 2025-08-27
uuid-near-miss	sd-router-short	search_short	nomatch	-	-	-	libpcre2-differential	10.46 2025-08-27
uuid-near-miss	sd-fileext-short	search_short	nomatch	-	-	-	libpcre2-differential	10.46 2025-08-27
uuid-near-miss	sd-keyword-short	search_short	nomatch	-	-	-	libpcre2-differential	10.46 2025-08-27
uuid-near-miss	sd-empty-alt-hit	search_short	nomatch	-	-	-	libpcre2-differential	10.46 2025-08-27
uuid-near-miss	sd-empty-alt-miss	search_short	nomatch	-	-	-	libpcre2-differential	10.46 2025-08-27
uuid-near-miss	sd-dollar-nl	search_short	nomatch	-	-	-	libpcre2-differential	10.46 2025-08-27
uuid-near-miss	nu-high-byte	search_short	nomatch	-	-	-	libpcre2-differential	10.46 2025-08-27
uuid-near-miss	nu-mojibake	search_short	nomatch	-	-	-	libpcre2-differential	10.46 2025-08-27
uuid-near-miss	nu-lead-no-cont	search_short	nomatch	-	-	-	libpcre2-differential	10.46 2025-08-27
uuid-near-miss	nu-lead-with-cont	search_short	nomatch	-	-	-	libpcre2-differential	10.46 2025-08-27
uuid-near-miss	floor-hit	search_short	nomatch	-	-	-	libpcre2-differential	10.46 2025-08-27
wild-semdiv-dollar-trailing-newline-pcre2	v-email	search_short	nomatch	-	-	-	libpcre2-differential	10.46 2025-08-27
wild-semdiv-dollar-trailing-newline-pcre2	v-ipv4	search_short	nomatch	-	-	-	libpcre2-differential	10.46 2025-08-27
wild-semdiv-dollar-trailing-newline-pcre2	v-ipv4-oor	search_short	nomatch	-	-	-	libpcre2-differential	10.46 2025-08-27
wild-semdiv-dollar-trailing-newline-pcre2	v-us-zip	search_short	nomatch	-	-	-	libpcre2-differential	10.46 2025-08-27
wild-semdiv-dollar-trailing-newline-pcre2	v-us-zip-plus4	search_short	nomatch	-	-	-	libpcre2-differential	10.46 2025-08-27
wild-semdiv-dollar-trailing-newline-pcre2	v-uuid-valid	search_short	nomatch	-	-	-	libpcre2-differential	10.46 2025-08-27
wild-semdiv-dollar-trailing-newline-pcre2	v-uuid-badnibble	search_short	nomatch	-	-	-	libpcre2-differential	10.46 2025-08-27
wild-semdiv-dollar-trailing-newline-pcre2	lp-num-neg-dec	search_short	nomatch	-	-	-	libpcre2-differential	10.46 2025-08-27
wild-semdiv-dollar-trailing-newline-pcre2	lp-num-leadzero	search_short	nomatch	-	-	-	libpcre2-differential	10.46 2025-08-27
wild-semdiv-dollar-trailing-newline-pcre2	lp-quoted	search_short	nomatch	-	-	-	libpcre2-differential	10.46 2025-08-27
wild-semdiv-dollar-trailing-newline-pcre2	lp-quoted-escaped	search_short	nomatch	-	-	-	libpcre2-differential	10.46 2025-08-27
wild-semdiv-dollar-trailing-newline-pcre2	lp-winpath	search_short	nomatch	-	-	-	libpcre2-differential	10.46 2025-08-27
wild-semdiv-dollar-trailing-newline-pcre2	lp-winpath-reserved	search_short	nomatch	-	-	-	libpcre2-differential	10.46 2025-08-27
wild-semdiv-dollar-trailing-newline-pcre2	lp-syslog	search_short	nomatch	-	-	-	libpcre2-differential	10.46 2025-08-27
wild-semdiv-dollar-trailing-newline-pcre2	lp-atomic-hit	search_short	nomatch	-	-	-	libpcre2-differential	10.46 2025-08-27
wild-semdiv-dollar-trailing-newline-pcre2	lp-atomic-nonmatch	search_short	nomatch	-	-	-	libpcre2-differential	10.46 2025-08-27
wild-semdiv-dollar-trailing-newline-pcre2	waf-dbnames	search_short	nomatch	-	-	-	libpcre2-differential	10.46 2025-08-27
wild-semdiv-dollar-trailing-newline-pcre2	waf-sleep	search_short	nomatch	-	-	-	libpcre2-differential	10.46 2025-08-27
wild-semdiv-dollar-trailing-newline-pcre2	waf-union	search_short	nomatch	-	-	-	libpcre2-differential	10.46 2025-08-27
wild-semdiv-dollar-trailing-newline-pcre2	waf-concat	search_short	nomatch	-	-	-	libpcre2-differential	10.46 2025-08-27
wild-semdiv-dollar-trailing-newline-pcre2	waf-comment-obfuscation	search_short	nomatch	-	-	-	libpcre2-differential	10.46 2025-08-27
wild-semdiv-dollar-trailing-newline-pcre2	waf-benign	search_short	nomatch	-	-	-	libpcre2-differential	10.46 2025-08-27
wild-semdiv-dollar-trailing-newline-pcre2	sec-aws-key	search_short	nomatch	-	-	-	libpcre2-differential	10.46 2025-08-27
wild-semdiv-dollar-trailing-newline-pcre2	sec-github-pat	search_short	nomatch	-	-	-	libpcre2-differential	10.46 2025-08-27
wild-semdiv-dollar-trailing-newline-pcre2	sec-slack-webhook	search_short	nomatch	-	-	-	libpcre2-differential	10.46 2025-08-27
wild-semdiv-dollar-trailing-newline-pcre2	sec-userpass	search_short	nomatch	-	-	-	libpcre2-differential	10.46 2025-08-27
wild-semdiv-dollar-trailing-newline-pcre2	dt-iso8601	search_short	nomatch	-	-	-	libpcre2-differential	10.46 2025-08-27
wild-semdiv-dollar-trailing-newline-pcre2	dt-prose-month	search_short	nomatch	-	-	-	libpcre2-differential	10.46 2025-08-27
wild-semdiv-dollar-trailing-newline-pcre2	cg-array-begin	search_short	nomatch	-	-	-	libpcre2-differential	10.46 2025-08-27
wild-semdiv-dollar-trailing-newline-pcre2	cg-constant	search_short	nomatch	-	-	-	libpcre2-differential	10.46 2025-08-27
wild-semdiv-dollar-trailing-newline-pcre2	cg-object-begin	search_short	nomatch	-	-	-	libpcre2-differential	10.46 2025-08-27
wild-semdiv-dollar-trailing-newline-pcre2	cg-number	search_short	nomatch	-	-	-	libpcre2-differential	10.46 2025-08-27
wild-semdiv-dollar-trailing-newline-pcre2	cg-string-escape	search_short	nomatch	-	-	-	libpcre2-differential	10.46 2025-08-27
wild-semdiv-dollar-trailing-newline-pcre2	cg-key-colon	search_short	nomatch	-	-	-	libpcre2-differential	10.46 2025-08-27
wild-semdiv-dollar-trailing-newline-pcre2	br-doubled-word	search_short	nomatch	-	-	-	libpcre2-differential	10.46 2025-08-27
wild-semdiv-dollar-trailing-newline-pcre2	br-tag-pair	search_short	nomatch	-	-	-	libpcre2-differential	10.46 2025-08-27
wild-semdiv-dollar-trailing-newline-pcre2	br-tag-mismatch	search_short	nomatch	-	-	-	libpcre2-differential	10.46 2025-08-27
wild-semdiv-dollar-trailing-newline-pcre2	br-palindrome	search_short	nomatch	-	-	-	libpcre2-differential	10.46 2025-08-27
wild-semdiv-dollar-trailing-newline-pcre2	br-quoted-delim	search_short	nomatch	-	-	-	libpcre2-differential	10.46 2025-08-27
wild-semdiv-dollar-trailing-newline-pcre2	br-dup-param	search_short	nomatch	-	-	-	libpcre2-differential	10.46 2025-08-27
wild-semdiv-dollar-trailing-newline-pcre2	la-pwd-strong	search_short	nomatch	-	-	-	libpcre2-differential	10.46 2025-08-27
wild-semdiv-dollar-trailing-newline-pcre2	la-pwd-weak	search_short	nomatch	-	-	-	libpcre2-differential	10.46 2025-08-27
wild-semdiv-dollar-trailing-newline-pcre2	la-float-bound	search_short	nomatch	-	-	-	libpcre2-differential	10.46 2025-08-27
wild-semdiv-dollar-trailing-newline-pcre2	la-float-dotted	search_short	nomatch	-	-	-	libpcre2-differential	10.46 2025-08-27
wild-semdiv-dollar-trailing-newline-pcre2	la-email-nodup	search_short	nomatch	-	-	-	libpcre2-differential	10.46 2025-08-27
wild-semdiv-dollar-trailing-newline-pcre2	la-email-dotdot	search_short	nomatch	-	-	-	libpcre2-differential	10.46 2025-08-27
wild-semdiv-dollar-trailing-newline-pcre2	la-currency	search_short	nomatch	-	-	-	libpcre2-differential	10.46 2025-08-27
wild-semdiv-dollar-trailing-newline-pcre2	la-negation-hit	search_short	nomatch	-	-	-	libpcre2-differential	10.46 2025-08-27
wild-semdiv-dollar-trailing-newline-pcre2	la-negation-miss	search_short	nomatch	-	-	-	libpcre2-differential	10.46 2025-08-27
wild-semdiv-dollar-trailing-newline-pcre2	rec-parens-balanced	search_short	nomatch	-	-	-	libpcre2-differential	10.46 2025-08-27
wild-semdiv-dollar-trailing-newline-pcre2	rec-parens-unbalanced	search_short	nomatch	-	-	-	libpcre2-differential	10.46 2025-08-27
wild-semdiv-dollar-trailing-newline-pcre2	rec-array-define	search_short	nomatch	-	-	-	libpcre2-differential	10.46 2025-08-27
wild-semdiv-dollar-trailing-newline-pcre2	rec-comment-nested	search_short	nomatch	-	-	-	libpcre2-differential	10.46 2025-08-27
wild-semdiv-dollar-trailing-newline-pcre2	rec-tag-depth3	search_short	nomatch	-	-	-	libpcre2-differential	10.46 2025-08-27
wild-semdiv-dollar-trailing-newline-pcre2	rd-email-hit	search_short	nomatch	-	-	-	libpcre2-differential	10.46 2025-08-27
wild-semdiv-dollar-trailing-newline-pcre2	rd-email-near-miss	search_short	nomatch	-	-	-	libpcre2-differential	10.46 2025-08-27
wild-semdiv-dollar-trailing-newline-pcre2	rd-trim-hit	search_short	nomatch	-	-	-	libpcre2-differential	10.46 2025-08-27
wild-semdiv-dollar-trailing-newline-pcre2	rd-trim-near-miss	search_short	nomatch	-	-	-	libpcre2-differential	10.46 2025-08-27
wild-semdiv-dollar-trailing-newline-pcre2	rd-evil-alt-hit	search_short	nomatch	-	-	-	libpcre2-differential	10.46 2025-08-27
wild-semdiv-dollar-trailing-newline-pcre2	rd-evil-alt-near-miss	search_short	nomatch	-	-	-	libpcre2-differential	10.46 2025-08-27
wild-semdiv-dollar-trailing-newline-pcre2	rd-numeric-id-hit	search_short	nomatch	-	-	-	libpcre2-differential	10.46 2025-08-27
wild-semdiv-dollar-trailing-newline-pcre2	rd-numeric-id-near-miss	search_short	nomatch	-	-	-	libpcre2-differential	10.46 2025-08-27
wild-semdiv-dollar-trailing-newline-pcre2	rd-phone-list-hit	search_short	nomatch	-	-	-	libpcre2-differential	10.46 2025-08-27
wild-semdiv-dollar-trailing-newline-pcre2	rd-date-hit	search_short	nomatch	-	-	-	libpcre2-differential	10.46 2025-08-27
wild-semdiv-dollar-trailing-newline-pcre2	sd-router-short	search_short	nomatch	-	-	-	libpcre2-differential	10.46 2025-08-27
wild-semdiv-dollar-trailing-newline-pcre2	sd-fileext-short	search_short	nomatch	-	-	-	libpcre2-differential	10.46 2025-08-27
wild-semdiv-dollar-trailing-newline-pcre2	sd-keyword-short	search_short	nomatch	-	-	-	libpcre2-differential	10.46 2025-08-27
wild-semdiv-dollar-trailing-newline-pcre2	sd-empty-alt-hit	search_short	nomatch	-	-	-	libpcre2-differential	10.46 2025-08-27
wild-semdiv-dollar-trailing-newline-pcre2	sd-empty-alt-miss	search_short	nomatch	-	-	-	libpcre2-differential	10.46 2025-08-27
wild-semdiv-dollar-trailing-newline-pcre2	sd-dollar-nl	search_short	nomatch	-	-	-	libpcre2-differential	10.46 2025-08-27
wild-semdiv-dollar-trailing-newline-pcre2	nu-high-byte	search_short	nomatch	-	-	-	libpcre2-differential	10.46 2025-08-27
wild-semdiv-dollar-trailing-newline-pcre2	nu-mojibake	search_short	nomatch	-	-	-	libpcre2-differential	10.46 2025-08-27
wild-semdiv-dollar-trailing-newline-pcre2	nu-lead-no-cont	search_short	nomatch	-	-	-	libpcre2-differential	10.46 2025-08-27
wild-semdiv-dollar-trailing-newline-pcre2	nu-lead-with-cont	search_short	nomatch	-	-	-	libpcre2-differential	10.46 2025-08-27
wild-semdiv-dollar-trailing-newline-pcre2	floor-hit	search_short	nomatch	-	-	-	libpcre2-differential	10.46 2025-08-27
router-prefix-order	v-email	search_short	nomatch	-	-	-	libpcre2-differential	10.46 2025-08-27
router-prefix-order	v-ipv4	search_short	nomatch	-	-	-	libpcre2-differential	10.46 2025-08-27
router-prefix-order	v-ipv4-oor	search_short	nomatch	-	-	-	libpcre2-differential	10.46 2025-08-27
router-prefix-order	v-us-zip	search_short	nomatch	-	-	-	libpcre2-differential	10.46 2025-08-27
router-prefix-order	v-us-zip-plus4	search_short	nomatch	-	-	-	libpcre2-differential	10.46 2025-08-27
router-prefix-order	v-uuid-valid	search_short	nomatch	-	-	-	libpcre2-differential	10.46 2025-08-27
router-prefix-order	v-uuid-badnibble	search_short	nomatch	-	-	-	libpcre2-differential	10.46 2025-08-27
router-prefix-order	lp-num-neg-dec	search_short	nomatch	-	-	-	libpcre2-differential	10.46 2025-08-27
router-prefix-order	lp-num-leadzero	search_short	nomatch	-	-	-	libpcre2-differential	10.46 2025-08-27
router-prefix-order	lp-quoted	search_short	nomatch	-	-	-	libpcre2-differential	10.46 2025-08-27
router-prefix-order	lp-quoted-escaped	search_short	nomatch	-	-	-	libpcre2-differential	10.46 2025-08-27
router-prefix-order	lp-winpath	search_short	nomatch	-	-	-	libpcre2-differential	10.46 2025-08-27
router-prefix-order	lp-winpath-reserved	search_short	nomatch	-	-	-	libpcre2-differential	10.46 2025-08-27
router-prefix-order	lp-syslog	search_short	nomatch	-	-	-	libpcre2-differential	10.46 2025-08-27
router-prefix-order	lp-atomic-hit	search_short	nomatch	-	-	-	libpcre2-differential	10.46 2025-08-27
router-prefix-order	lp-atomic-nonmatch	search_short	nomatch	-	-	-	libpcre2-differential	10.46 2025-08-27
router-prefix-order	waf-dbnames	search_short	nomatch	-	-	-	libpcre2-differential	10.46 2025-08-27
router-prefix-order	waf-sleep	search_short	nomatch	-	-	-	libpcre2-differential	10.46 2025-08-27
router-prefix-order	waf-union	search_short	nomatch	-	-	-	libpcre2-differential	10.46 2025-08-27
router-prefix-order	waf-concat	search_short	nomatch	-	-	-	libpcre2-differential	10.46 2025-08-27
router-prefix-order	waf-comment-obfuscation	search_short	nomatch	-	-	-	libpcre2-differential	10.46 2025-08-27
router-prefix-order	waf-benign	search_short	nomatch	-	-	-	libpcre2-differential	10.46 2025-08-27
router-prefix-order	sec-aws-key	search_short	nomatch	-	-	-	libpcre2-differential	10.46 2025-08-27
router-prefix-order	sec-github-pat	search_short	nomatch	-	-	-	libpcre2-differential	10.46 2025-08-27
router-prefix-order	sec-slack-webhook	search_short	nomatch	-	-	-	libpcre2-differential	10.46 2025-08-27
router-prefix-order	sec-userpass	search_short	nomatch	-	-	-	libpcre2-differential	10.46 2025-08-27
router-prefix-order	dt-iso8601	search_short	nomatch	-	-	-	libpcre2-differential	10.46 2025-08-27
router-prefix-order	dt-prose-month	search_short	nomatch	-	-	-	libpcre2-differential	10.46 2025-08-27
router-prefix-order	cg-array-begin	search_short	nomatch	-	-	-	libpcre2-differential	10.46 2025-08-27
router-prefix-order	cg-constant	search_short	nomatch	-	-	-	libpcre2-differential	10.46 2025-08-27
router-prefix-order	cg-object-begin	search_short	nomatch	-	-	-	libpcre2-differential	10.46 2025-08-27
router-prefix-order	cg-number	search_short	nomatch	-	-	-	libpcre2-differential	10.46 2025-08-27
router-prefix-order	cg-string-escape	search_short	nomatch	-	-	-	libpcre2-differential	10.46 2025-08-27
router-prefix-order	cg-key-colon	search_short	nomatch	-	-	-	libpcre2-differential	10.46 2025-08-27
router-prefix-order	br-doubled-word	search_short	nomatch	-	-	-	libpcre2-differential	10.46 2025-08-27
router-prefix-order	br-tag-pair	search_short	nomatch	-	-	-	libpcre2-differential	10.46 2025-08-27
router-prefix-order	br-tag-mismatch	search_short	nomatch	-	-	-	libpcre2-differential	10.46 2025-08-27
router-prefix-order	br-palindrome	search_short	nomatch	-	-	-	libpcre2-differential	10.46 2025-08-27
router-prefix-order	br-quoted-delim	search_short	nomatch	-	-	-	libpcre2-differential	10.46 2025-08-27
router-prefix-order	br-dup-param	search_short	nomatch	-	-	-	libpcre2-differential	10.46 2025-08-27
router-prefix-order	la-pwd-strong	search_short	nomatch	-	-	-	libpcre2-differential	10.46 2025-08-27
router-prefix-order	la-pwd-weak	search_short	nomatch	-	-	-	libpcre2-differential	10.46 2025-08-27
router-prefix-order	la-float-bound	search_short	nomatch	-	-	-	libpcre2-differential	10.46 2025-08-27
router-prefix-order	la-float-dotted	search_short	nomatch	-	-	-	libpcre2-differential	10.46 2025-08-27
router-prefix-order	la-email-nodup	search_short	nomatch	-	-	-	libpcre2-differential	10.46 2025-08-27
router-prefix-order	la-email-dotdot	search_short	nomatch	-	-	-	libpcre2-differential	10.46 2025-08-27
router-prefix-order	la-currency	search_short	nomatch	-	-	-	libpcre2-differential	10.46 2025-08-27
router-prefix-order	la-negation-hit	search_short	nomatch	-	-	-	libpcre2-differential	10.46 2025-08-27
router-prefix-order	la-negation-miss	search_short	nomatch	-	-	-	libpcre2-differential	10.46 2025-08-27
router-prefix-order	rec-parens-balanced	search_short	nomatch	-	-	-	libpcre2-differential	10.46 2025-08-27
router-prefix-order	rec-parens-unbalanced	search_short	nomatch	-	-	-	libpcre2-differential	10.46 2025-08-27
router-prefix-order	rec-array-define	search_short	nomatch	-	-	-	libpcre2-differential	10.46 2025-08-27
router-prefix-order	rec-comment-nested	search_short	nomatch	-	-	-	libpcre2-differential	10.46 2025-08-27
router-prefix-order	rec-tag-depth3	search_short	nomatch	-	-	-	libpcre2-differential	10.46 2025-08-27
router-prefix-order	rd-email-hit	search_short	nomatch	-	-	-	libpcre2-differential	10.46 2025-08-27
router-prefix-order	rd-email-near-miss	search_short	nomatch	-	-	-	libpcre2-differential	10.46 2025-08-27
router-prefix-order	rd-trim-hit	search_short	nomatch	-	-	-	libpcre2-differential	10.46 2025-08-27
router-prefix-order	rd-trim-near-miss	search_short	nomatch	-	-	-	libpcre2-differential	10.46 2025-08-27
router-prefix-order	rd-evil-alt-hit	search_short	nomatch	-	-	-	libpcre2-differential	10.46 2025-08-27
router-prefix-order	rd-evil-alt-near-miss	search_short	nomatch	-	-	-	libpcre2-differential	10.46 2025-08-27
router-prefix-order	rd-numeric-id-hit	search_short	nomatch	-	-	-	libpcre2-differential	10.46 2025-08-27
router-prefix-order	rd-numeric-id-near-miss	search_short	nomatch	-	-	-	libpcre2-differential	10.46 2025-08-27
router-prefix-order	rd-phone-list-hit	search_short	nomatch	-	-	-	libpcre2-differential	10.46 2025-08-27
router-prefix-order	rd-date-hit	search_short	nomatch	-	-	-	libpcre2-differential	10.46 2025-08-27
router-prefix-order	sd-router-short	search_short	match	0	5	-	libpcre2-differential	10.46 2025-08-27
router-prefix-order	sd-fileext-short	search_short	nomatch	-	-	-	libpcre2-differential	10.46 2025-08-27
router-prefix-order	sd-keyword-short	search_short	nomatch	-	-	-	libpcre2-differential	10.46 2025-08-27
router-prefix-order	sd-empty-alt-hit	search_short	nomatch	-	-	-	libpcre2-differential	10.46 2025-08-27
router-prefix-order	sd-empty-alt-miss	search_short	nomatch	-	-	-	libpcre2-differential	10.46 2025-08-27
router-prefix-order	sd-dollar-nl	search_short	nomatch	-	-	-	libpcre2-differential	10.46 2025-08-27
router-prefix-order	nu-high-byte	search_short	nomatch	-	-	-	libpcre2-differential	10.46 2025-08-27
router-prefix-order	nu-mojibake	search_short	nomatch	-	-	-	libpcre2-differential	10.46 2025-08-27
router-prefix-order	nu-lead-no-cont	search_short	nomatch	-	-	-	libpcre2-differential	10.46 2025-08-27
router-prefix-order	nu-lead-with-cont	search_short	nomatch	-	-	-	libpcre2-differential	10.46 2025-08-27
router-prefix-order	floor-hit	search_short	nomatch	-	-	-	libpcre2-differential	10.46 2025-08-27
wild-validator-email-owasp	v-email	search_short	match	0	24	-	libpcre2-differential	10.46 2025-08-27
wild-validator-email-owasp	v-ipv4	search_short	nomatch	-	-	-	libpcre2-differential	10.46 2025-08-27
wild-validator-email-owasp	v-ipv4-oor	search_short	nomatch	-	-	-	libpcre2-differential	10.46 2025-08-27
wild-validator-email-owasp	v-us-zip	search_short	nomatch	-	-	-	libpcre2-differential	10.46 2025-08-27
wild-validator-email-owasp	v-us-zip-plus4	search_short	nomatch	-	-	-	libpcre2-differential	10.46 2025-08-27
wild-validator-email-owasp	v-uuid-valid	search_short	nomatch	-	-	-	libpcre2-differential	10.46 2025-08-27
wild-validator-email-owasp	v-uuid-badnibble	search_short	nomatch	-	-	-	libpcre2-differential	10.46 2025-08-27
wild-validator-email-owasp	lp-num-neg-dec	search_short	nomatch	-	-	-	libpcre2-differential	10.46 2025-08-27
wild-validator-email-owasp	lp-num-leadzero	search_short	nomatch	-	-	-	libpcre2-differential	10.46 2025-08-27
wild-validator-email-owasp	lp-quoted	search_short	nomatch	-	-	-	libpcre2-differential	10.46 2025-08-27
wild-validator-email-owasp	lp-quoted-escaped	search_short	nomatch	-	-	-	libpcre2-differential	10.46 2025-08-27
wild-validator-email-owasp	lp-winpath	search_short	nomatch	-	-	-	libpcre2-differential	10.46 2025-08-27
wild-validator-email-owasp	lp-winpath-reserved	search_short	nomatch	-	-	-	libpcre2-differential	10.46 2025-08-27
wild-validator-email-owasp	lp-syslog	search_short	nomatch	-	-	-	libpcre2-differential	10.46 2025-08-27
wild-validator-email-owasp	lp-atomic-hit	search_short	nomatch	-	-	-	libpcre2-differential	10.46 2025-08-27
wild-validator-email-owasp	lp-atomic-nonmatch	search_short	nomatch	-	-	-	libpcre2-differential	10.46 2025-08-27
wild-validator-email-owasp	waf-dbnames	search_short	nomatch	-	-	-	libpcre2-differential	10.46 2025-08-27
wild-validator-email-owasp	waf-sleep	search_short	nomatch	-	-	-	libpcre2-differential	10.46 2025-08-27
wild-validator-email-owasp	waf-union	search_short	nomatch	-	-	-	libpcre2-differential	10.46 2025-08-27
wild-validator-email-owasp	waf-concat	search_short	nomatch	-	-	-	libpcre2-differential	10.46 2025-08-27
wild-validator-email-owasp	waf-comment-obfuscation	search_short	nomatch	-	-	-	libpcre2-differential	10.46 2025-08-27
wild-validator-email-owasp	waf-benign	search_short	nomatch	-	-	-	libpcre2-differential	10.46 2025-08-27
wild-validator-email-owasp	sec-aws-key	search_short	nomatch	-	-	-	libpcre2-differential	10.46 2025-08-27
wild-validator-email-owasp	sec-github-pat	search_short	nomatch	-	-	-	libpcre2-differential	10.46 2025-08-27
wild-validator-email-owasp	sec-slack-webhook	search_short	nomatch	-	-	-	libpcre2-differential	10.46 2025-08-27
wild-validator-email-owasp	sec-userpass	search_short	nomatch	-	-	-	libpcre2-differential	10.46 2025-08-27
wild-validator-email-owasp	dt-iso8601	search_short	nomatch	-	-	-	libpcre2-differential	10.46 2025-08-27
wild-validator-email-owasp	dt-prose-month	search_short	nomatch	-	-	-	libpcre2-differential	10.46 2025-08-27
wild-validator-email-owasp	cg-array-begin	search_short	nomatch	-	-	-	libpcre2-differential	10.46 2025-08-27
wild-validator-email-owasp	cg-constant	search_short	nomatch	-	-	-	libpcre2-differential	10.46 2025-08-27
wild-validator-email-owasp	cg-object-begin	search_short	nomatch	-	-	-	libpcre2-differential	10.46 2025-08-27
wild-validator-email-owasp	cg-number	search_short	nomatch	-	-	-	libpcre2-differential	10.46 2025-08-27
wild-validator-email-owasp	cg-string-escape	search_short	nomatch	-	-	-	libpcre2-differential	10.46 2025-08-27
wild-validator-email-owasp	cg-key-colon	search_short	nomatch	-	-	-	libpcre2-differential	10.46 2025-08-27
wild-validator-email-owasp	br-doubled-word	search_short	nomatch	-	-	-	libpcre2-differential	10.46 2025-08-27
wild-validator-email-owasp	br-tag-pair	search_short	nomatch	-	-	-	libpcre2-differential	10.46 2025-08-27
wild-validator-email-owasp	br-tag-mismatch	search_short	nomatch	-	-	-	libpcre2-differential	10.46 2025-08-27
wild-validator-email-owasp	br-palindrome	search_short	nomatch	-	-	-	libpcre2-differential	10.46 2025-08-27
wild-validator-email-owasp	br-quoted-delim	search_short	nomatch	-	-	-	libpcre2-differential	10.46 2025-08-27
wild-validator-email-owasp	br-dup-param	search_short	nomatch	-	-	-	libpcre2-differential	10.46 2025-08-27
wild-validator-email-owasp	la-pwd-strong	search_short	nomatch	-	-	-	libpcre2-differential	10.46 2025-08-27
wild-validator-email-owasp	la-pwd-weak	search_short	nomatch	-	-	-	libpcre2-differential	10.46 2025-08-27
wild-validator-email-owasp	la-float-bound	search_short	nomatch	-	-	-	libpcre2-differential	10.46 2025-08-27
wild-validator-email-owasp	la-float-dotted	search_short	nomatch	-	-	-	libpcre2-differential	10.46 2025-08-27
wild-validator-email-owasp	la-email-nodup	search_short	nomatch	-	-	-	libpcre2-differential	10.46 2025-08-27
wild-validator-email-owasp	la-email-dotdot	search_short	nomatch	-	-	-	libpcre2-differential	10.46 2025-08-27
wild-validator-email-owasp	la-currency	search_short	nomatch	-	-	-	libpcre2-differential	10.46 2025-08-27
wild-validator-email-owasp	la-negation-hit	search_short	nomatch	-	-	-	libpcre2-differential	10.46 2025-08-27
wild-validator-email-owasp	la-negation-miss	search_short	nomatch	-	-	-	libpcre2-differential	10.46 2025-08-27
wild-validator-email-owasp	rec-parens-balanced	search_short	nomatch	-	-	-	libpcre2-differential	10.46 2025-08-27
wild-validator-email-owasp	rec-parens-unbalanced	search_short	nomatch	-	-	-	libpcre2-differential	10.46 2025-08-27
wild-validator-email-owasp	rec-array-define	search_short	nomatch	-	-	-	libpcre2-differential	10.46 2025-08-27
wild-validator-email-owasp	rec-comment-nested	search_short	nomatch	-	-	-	libpcre2-differential	10.46 2025-08-27
wild-validator-email-owasp	rec-tag-depth3	search_short	nomatch	-	-	-	libpcre2-differential	10.46 2025-08-27
wild-validator-email-owasp	rd-email-hit	search_short	nomatch	-	-	-	libpcre2-differential	10.46 2025-08-27
wild-validator-email-owasp	rd-email-near-miss	search_short	nomatch	-	-	-	libpcre2-differential	10.46 2025-08-27
wild-validator-email-owasp	rd-trim-hit	search_short	nomatch	-	-	-	libpcre2-differential	10.46 2025-08-27
wild-validator-email-owasp	rd-trim-near-miss	search_short	nomatch	-	-	-	libpcre2-differential	10.46 2025-08-27
wild-validator-email-owasp	rd-evil-alt-hit	search_short	nomatch	-	-	-	libpcre2-differential	10.46 2025-08-27
wild-validator-email-owasp	rd-evil-alt-near-miss	search_short	nomatch	-	-	-	libpcre2-differential	10.46 2025-08-27
wild-validator-email-owasp	rd-numeric-id-hit	search_short	nomatch	-	-	-	libpcre2-differential	10.46 2025-08-27
wild-validator-email-owasp	rd-numeric-id-near-miss	search_short	nomatch	-	-	-	libpcre2-differential	10.46 2025-08-27
wild-validator-email-owasp	rd-phone-list-hit	search_short	nomatch	-	-	-	libpcre2-differential	10.46 2025-08-27
wild-validator-email-owasp	rd-date-hit	search_short	nomatch	-	-	-	libpcre2-differential	10.46 2025-08-27
wild-validator-email-owasp	sd-router-short	search_short	nomatch	-	-	-	libpcre2-differential	10.46 2025-08-27
wild-validator-email-owasp	sd-fileext-short	search_short	nomatch	-	-	-	libpcre2-differential	10.46 2025-08-27
wild-validator-email-owasp	sd-keyword-short	search_short	nomatch	-	-	-	libpcre2-differential	10.46 2025-08-27
wild-validator-email-owasp	sd-empty-alt-hit	search_short	nomatch	-	-	-	libpcre2-differential	10.46 2025-08-27
wild-validator-email-owasp	sd-empty-alt-miss	search_short	nomatch	-	-	-	libpcre2-differential	10.46 2025-08-27
wild-validator-email-owasp	sd-dollar-nl	search_short	nomatch	-	-	-	libpcre2-differential	10.46 2025-08-27
wild-validator-email-owasp	nu-high-byte	search_short	nomatch	-	-	-	libpcre2-differential	10.46 2025-08-27
wild-validator-email-owasp	nu-mojibake	search_short	nomatch	-	-	-	libpcre2-differential	10.46 2025-08-27
wild-validator-email-owasp	nu-lead-no-cont	search_short	nomatch	-	-	-	libpcre2-differential	10.46 2025-08-27
wild-validator-email-owasp	nu-lead-with-cont	search_short	nomatch	-	-	-	libpcre2-differential	10.46 2025-08-27
wild-validator-email-owasp	floor-hit	search_short	nomatch	-	-	-	libpcre2-differential	10.46 2025-08-27
wild-waf-crs-942360-concat-sqli	v-email	search_short	nomatch	-	-	-	libpcre2-differential	10.46 2025-08-27
wild-waf-crs-942360-concat-sqli	v-ipv4	search_short	nomatch	-	-	-	libpcre2-differential	10.46 2025-08-27
wild-waf-crs-942360-concat-sqli	v-ipv4-oor	search_short	nomatch	-	-	-	libpcre2-differential	10.46 2025-08-27
wild-waf-crs-942360-concat-sqli	v-us-zip	search_short	nomatch	-	-	-	libpcre2-differential	10.46 2025-08-27
wild-waf-crs-942360-concat-sqli	v-us-zip-plus4	search_short	nomatch	-	-	-	libpcre2-differential	10.46 2025-08-27
wild-waf-crs-942360-concat-sqli	v-uuid-valid	search_short	nomatch	-	-	-	libpcre2-differential	10.46 2025-08-27
wild-waf-crs-942360-concat-sqli	v-uuid-badnibble	search_short	nomatch	-	-	-	libpcre2-differential	10.46 2025-08-27
wild-waf-crs-942360-concat-sqli	lp-num-neg-dec	search_short	nomatch	-	-	-	libpcre2-differential	10.46 2025-08-27
wild-waf-crs-942360-concat-sqli	lp-num-leadzero	search_short	nomatch	-	-	-	libpcre2-differential	10.46 2025-08-27
wild-waf-crs-942360-concat-sqli	lp-quoted	search_short	nomatch	-	-	-	libpcre2-differential	10.46 2025-08-27
wild-waf-crs-942360-concat-sqli	lp-quoted-escaped	search_short	nomatch	-	-	-	libpcre2-differential	10.46 2025-08-27
wild-waf-crs-942360-concat-sqli	lp-winpath	search_short	nomatch	-	-	-	libpcre2-differential	10.46 2025-08-27
wild-waf-crs-942360-concat-sqli	lp-winpath-reserved	search_short	nomatch	-	-	-	libpcre2-differential	10.46 2025-08-27
wild-waf-crs-942360-concat-sqli	lp-syslog	search_short	nomatch	-	-	-	libpcre2-differential	10.46 2025-08-27
wild-waf-crs-942360-concat-sqli	lp-atomic-hit	search_short	nomatch	-	-	-	libpcre2-differential	10.46 2025-08-27
wild-waf-crs-942360-concat-sqli	lp-atomic-nonmatch	search_short	nomatch	-	-	-	libpcre2-differential	10.46 2025-08-27
wild-waf-crs-942360-concat-sqli	waf-dbnames	search_short	nomatch	-	-	-	libpcre2-differential	10.46 2025-08-27
wild-waf-crs-942360-concat-sqli	waf-sleep	search_short	nomatch	-	-	-	libpcre2-differential	10.46 2025-08-27
wild-waf-crs-942360-concat-sqli	waf-union	search_short	match	0	14	-	libpcre2-differential	10.46 2025-08-27
wild-waf-crs-942360-concat-sqli	waf-concat	search_short	nomatch	-	-	-	libpcre2-differential	10.46 2025-08-27
wild-waf-crs-942360-concat-sqli	waf-comment-obfuscation	search_short	nomatch	-	-	-	libpcre2-differential	10.46 2025-08-27
wild-waf-crs-942360-concat-sqli	waf-benign	search_short	nomatch	-	-	-	libpcre2-differential	10.46 2025-08-27
wild-waf-crs-942360-concat-sqli	sec-aws-key	search_short	nomatch	-	-	-	libpcre2-differential	10.46 2025-08-27
wild-waf-crs-942360-concat-sqli	sec-github-pat	search_short	nomatch	-	-	-	libpcre2-differential	10.46 2025-08-27
wild-waf-crs-942360-concat-sqli	sec-slack-webhook	search_short	nomatch	-	-	-	libpcre2-differential	10.46 2025-08-27
wild-waf-crs-942360-concat-sqli	sec-userpass	search_short	nomatch	-	-	-	libpcre2-differential	10.46 2025-08-27
wild-waf-crs-942360-concat-sqli	dt-iso8601	search_short	nomatch	-	-	-	libpcre2-differential	10.46 2025-08-27
wild-waf-crs-942360-concat-sqli	dt-prose-month	search_short	nomatch	-	-	-	libpcre2-differential	10.46 2025-08-27
wild-waf-crs-942360-concat-sqli	cg-array-begin	search_short	nomatch	-	-	-	libpcre2-differential	10.46 2025-08-27
wild-waf-crs-942360-concat-sqli	cg-constant	search_short	nomatch	-	-	-	libpcre2-differential	10.46 2025-08-27
wild-waf-crs-942360-concat-sqli	cg-object-begin	search_short	nomatch	-	-	-	libpcre2-differential	10.46 2025-08-27
wild-waf-crs-942360-concat-sqli	cg-number	search_short	nomatch	-	-	-	libpcre2-differential	10.46 2025-08-27
wild-waf-crs-942360-concat-sqli	cg-string-escape	search_short	nomatch	-	-	-	libpcre2-differential	10.46 2025-08-27
wild-waf-crs-942360-concat-sqli	cg-key-colon	search_short	nomatch	-	-	-	libpcre2-differential	10.46 2025-08-27
wild-waf-crs-942360-concat-sqli	br-doubled-word	search_short	nomatch	-	-	-	libpcre2-differential	10.46 2025-08-27
wild-waf-crs-942360-concat-sqli	br-tag-pair	search_short	nomatch	-	-	-	libpcre2-differential	10.46 2025-08-27
wild-waf-crs-942360-concat-sqli	br-tag-mismatch	search_short	nomatch	-	-	-	libpcre2-differential	10.46 2025-08-27
wild-waf-crs-942360-concat-sqli	br-palindrome	search_short	nomatch	-	-	-	libpcre2-differential	10.46 2025-08-27
wild-waf-crs-942360-concat-sqli	br-quoted-delim	search_short	nomatch	-	-	-	libpcre2-differential	10.46 2025-08-27
wild-waf-crs-942360-concat-sqli	br-dup-param	search_short	nomatch	-	-	-	libpcre2-differential	10.46 2025-08-27
wild-waf-crs-942360-concat-sqli	la-pwd-strong	search_short	nomatch	-	-	-	libpcre2-differential	10.46 2025-08-27
wild-waf-crs-942360-concat-sqli	la-pwd-weak	search_short	nomatch	-	-	-	libpcre2-differential	10.46 2025-08-27
wild-waf-crs-942360-concat-sqli	la-float-bound	search_short	nomatch	-	-	-	libpcre2-differential	10.46 2025-08-27
wild-waf-crs-942360-concat-sqli	la-float-dotted	search_short	nomatch	-	-	-	libpcre2-differential	10.46 2025-08-27
wild-waf-crs-942360-concat-sqli	la-email-nodup	search_short	nomatch	-	-	-	libpcre2-differential	10.46 2025-08-27
wild-waf-crs-942360-concat-sqli	la-email-dotdot	search_short	nomatch	-	-	-	libpcre2-differential	10.46 2025-08-27
wild-waf-crs-942360-concat-sqli	la-currency	search_short	nomatch	-	-	-	libpcre2-differential	10.46 2025-08-27
wild-waf-crs-942360-concat-sqli	la-negation-hit	search_short	nomatch	-	-	-	libpcre2-differential	10.46 2025-08-27
wild-waf-crs-942360-concat-sqli	la-negation-miss	search_short	nomatch	-	-	-	libpcre2-differential	10.46 2025-08-27
wild-waf-crs-942360-concat-sqli	rec-parens-balanced	search_short	nomatch	-	-	-	libpcre2-differential	10.46 2025-08-27
wild-waf-crs-942360-concat-sqli	rec-parens-unbalanced	search_short	nomatch	-	-	-	libpcre2-differential	10.46 2025-08-27
wild-waf-crs-942360-concat-sqli	rec-array-define	search_short	nomatch	-	-	-	libpcre2-differential	10.46 2025-08-27
wild-waf-crs-942360-concat-sqli	rec-comment-nested	search_short	nomatch	-	-	-	libpcre2-differential	10.46 2025-08-27
wild-waf-crs-942360-concat-sqli	rec-tag-depth3	search_short	nomatch	-	-	-	libpcre2-differential	10.46 2025-08-27
wild-waf-crs-942360-concat-sqli	rd-email-hit	search_short	nomatch	-	-	-	libpcre2-differential	10.46 2025-08-27
wild-waf-crs-942360-concat-sqli	rd-email-near-miss	search_short	nomatch	-	-	-	libpcre2-differential	10.46 2025-08-27
wild-waf-crs-942360-concat-sqli	rd-trim-hit	search_short	nomatch	-	-	-	libpcre2-differential	10.46 2025-08-27
wild-waf-crs-942360-concat-sqli	rd-trim-near-miss	search_short	nomatch	-	-	-	libpcre2-differential	10.46 2025-08-27
wild-waf-crs-942360-concat-sqli	rd-evil-alt-hit	search_short	nomatch	-	-	-	libpcre2-differential	10.46 2025-08-27
wild-waf-crs-942360-concat-sqli	rd-evil-alt-near-miss	search_short	nomatch	-	-	-	libpcre2-differential	10.46 2025-08-27
wild-waf-crs-942360-concat-sqli	rd-numeric-id-hit	search_short	nomatch	-	-	-	libpcre2-differential	10.46 2025-08-27
wild-waf-crs-942360-concat-sqli	rd-numeric-id-near-miss	search_short	nomatch	-	-	-	libpcre2-differential	10.46 2025-08-27
wild-waf-crs-942360-concat-sqli	rd-phone-list-hit	search_short	nomatch	-	-	-	libpcre2-differential	10.46 2025-08-27
wild-waf-crs-942360-concat-sqli	rd-date-hit	search_short	nomatch	-	-	-	libpcre2-differential	10.46 2025-08-27
wild-waf-crs-942360-concat-sqli	sd-router-short	search_short	nomatch	-	-	-	libpcre2-differential	10.46 2025-08-27
wild-waf-crs-942360-concat-sqli	sd-fileext-short	search_short	nomatch	-	-	-	libpcre2-differential	10.46 2025-08-27
wild-waf-crs-942360-concat-sqli	sd-keyword-short	search_short	nomatch	-	-	-	libpcre2-differential	10.46 2025-08-27
wild-waf-crs-942360-concat-sqli	sd-empty-alt-hit	search_short	nomatch	-	-	-	libpcre2-differential	10.46 2025-08-27
wild-waf-crs-942360-concat-sqli	sd-empty-alt-miss	search_short	nomatch	-	-	-	libpcre2-differential	10.46 2025-08-27
wild-waf-crs-942360-concat-sqli	sd-dollar-nl	search_short	nomatch	-	-	-	libpcre2-differential	10.46 2025-08-27
wild-waf-crs-942360-concat-sqli	nu-high-byte	search_short	nomatch	-	-	-	libpcre2-differential	10.46 2025-08-27
wild-waf-crs-942360-concat-sqli	nu-mojibake	search_short	nomatch	-	-	-	libpcre2-differential	10.46 2025-08-27
wild-waf-crs-942360-concat-sqli	nu-lead-no-cont	search_short	nomatch	-	-	-	libpcre2-differential	10.46 2025-08-27
wild-waf-crs-942360-concat-sqli	nu-lead-with-cont	search_short	nomatch	-	-	-	libpcre2-differential	10.46 2025-08-27
wild-waf-crs-942360-concat-sqli	floor-hit	search_short	nomatch	-	-	-	libpcre2-differential	10.46 2025-08-27
keyword-prefix-order	v-email	search_short	nomatch	-	-	-	libpcre2-differential	10.46 2025-08-27
keyword-prefix-order	v-ipv4	search_short	nomatch	-	-	-	libpcre2-differential	10.46 2025-08-27
keyword-prefix-order	v-ipv4-oor	search_short	nomatch	-	-	-	libpcre2-differential	10.46 2025-08-27
keyword-prefix-order	v-us-zip	search_short	nomatch	-	-	-	libpcre2-differential	10.46 2025-08-27
keyword-prefix-order	v-us-zip-plus4	search_short	nomatch	-	-	-	libpcre2-differential	10.46 2025-08-27
keyword-prefix-order	v-uuid-valid	search_short	nomatch	-	-	-	libpcre2-differential	10.46 2025-08-27
keyword-prefix-order	v-uuid-badnibble	search_short	nomatch	-	-	-	libpcre2-differential	10.46 2025-08-27
keyword-prefix-order	lp-num-neg-dec	search_short	nomatch	-	-	-	libpcre2-differential	10.46 2025-08-27
keyword-prefix-order	lp-num-leadzero	search_short	nomatch	-	-	-	libpcre2-differential	10.46 2025-08-27
keyword-prefix-order	lp-quoted	search_short	nomatch	-	-	-	libpcre2-differential	10.46 2025-08-27
keyword-prefix-order	lp-quoted-escaped	search_short	nomatch	-	-	-	libpcre2-differential	10.46 2025-08-27
keyword-prefix-order	lp-winpath	search_short	nomatch	-	-	-	libpcre2-differential	10.46 2025-08-27
keyword-prefix-order	lp-winpath-reserved	search_short	nomatch	-	-	-	libpcre2-differential	10.46 2025-08-27
keyword-prefix-order	lp-syslog	search_short	nomatch	-	-	-	libpcre2-differential	10.46 2025-08-27
keyword-prefix-order	lp-atomic-hit	search_short	nomatch	-	-	-	libpcre2-differential	10.46 2025-08-27
keyword-prefix-order	lp-atomic-nonmatch	search_short	nomatch	-	-	-	libpcre2-differential	10.46 2025-08-27
keyword-prefix-order	waf-dbnames	search_short	match	14	16	-	libpcre2-differential	10.46 2025-08-27
keyword-prefix-order	waf-sleep	search_short	nomatch	-	-	-	libpcre2-differential	10.46 2025-08-27
keyword-prefix-order	waf-union	search_short	nomatch	-	-	-	libpcre2-differential	10.46 2025-08-27
keyword-prefix-order	waf-concat	search_short	nomatch	-	-	-	libpcre2-differential	10.46 2025-08-27
keyword-prefix-order	waf-comment-obfuscation	search_short	nomatch	-	-	-	libpcre2-differential	10.46 2025-08-27
keyword-prefix-order	waf-benign	search_short	nomatch	-	-	-	libpcre2-differential	10.46 2025-08-27
keyword-prefix-order	sec-aws-key	search_short	nomatch	-	-	-	libpcre2-differential	10.46 2025-08-27
keyword-prefix-order	sec-github-pat	search_short	nomatch	-	-	-	libpcre2-differential	10.46 2025-08-27
keyword-prefix-order	sec-slack-webhook	search_short	nomatch	-	-	-	libpcre2-differential	10.46 2025-08-27
keyword-prefix-order	sec-userpass	search_short	nomatch	-	-	-	libpcre2-differential	10.46 2025-08-27
keyword-prefix-order	dt-iso8601	search_short	nomatch	-	-	-	libpcre2-differential	10.46 2025-08-27
keyword-prefix-order	dt-prose-month	search_short	nomatch	-	-	-	libpcre2-differential	10.46 2025-08-27
keyword-prefix-order	cg-array-begin	search_short	nomatch	-	-	-	libpcre2-differential	10.46 2025-08-27
keyword-prefix-order	cg-constant	search_short	nomatch	-	-	-	libpcre2-differential	10.46 2025-08-27
keyword-prefix-order	cg-object-begin	search_short	nomatch	-	-	-	libpcre2-differential	10.46 2025-08-27
keyword-prefix-order	cg-number	search_short	nomatch	-	-	-	libpcre2-differential	10.46 2025-08-27
keyword-prefix-order	cg-string-escape	search_short	nomatch	-	-	-	libpcre2-differential	10.46 2025-08-27
keyword-prefix-order	cg-key-colon	search_short	nomatch	-	-	-	libpcre2-differential	10.46 2025-08-27
keyword-prefix-order	br-doubled-word	search_short	nomatch	-	-	-	libpcre2-differential	10.46 2025-08-27
keyword-prefix-order	br-tag-pair	search_short	nomatch	-	-	-	libpcre2-differential	10.46 2025-08-27
keyword-prefix-order	br-tag-mismatch	search_short	nomatch	-	-	-	libpcre2-differential	10.46 2025-08-27
keyword-prefix-order	br-palindrome	search_short	nomatch	-	-	-	libpcre2-differential	10.46 2025-08-27
keyword-prefix-order	br-quoted-delim	search_short	match	2	4	-	libpcre2-differential	10.46 2025-08-27
keyword-prefix-order	br-dup-param	search_short	nomatch	-	-	-	libpcre2-differential	10.46 2025-08-27
keyword-prefix-order	la-pwd-strong	search_short	nomatch	-	-	-	libpcre2-differential	10.46 2025-08-27
keyword-prefix-order	la-pwd-weak	search_short	nomatch	-	-	-	libpcre2-differential	10.46 2025-08-27
keyword-prefix-order	la-float-bound	search_short	nomatch	-	-	-	libpcre2-differential	10.46 2025-08-27
keyword-prefix-order	la-float-dotted	search_short	nomatch	-	-	-	libpcre2-differential	10.46 2025-08-27
keyword-prefix-order	la-email-nodup	search_short	nomatch	-	-	-	libpcre2-differential	10.46 2025-08-27
keyword-prefix-order	la-email-dotdot	search_short	nomatch	-	-	-	libpcre2-differential	10.46 2025-08-27
keyword-prefix-order	la-currency	search_short	nomatch	-	-	-	libpcre2-differential	10.46 2025-08-27
keyword-prefix-order	la-negation-hit	search_short	nomatch	-	-	-	libpcre2-differential	10.46 2025-08-27
keyword-prefix-order	la-negation-miss	search_short	nomatch	-	-	-	libpcre2-differential	10.46 2025-08-27
keyword-prefix-order	rec-parens-balanced	search_short	nomatch	-	-	-	libpcre2-differential	10.46 2025-08-27
keyword-prefix-order	rec-parens-unbalanced	search_short	nomatch	-	-	-	libpcre2-differential	10.46 2025-08-27
keyword-prefix-order	rec-array-define	search_short	nomatch	-	-	-	libpcre2-differential	10.46 2025-08-27
keyword-prefix-order	rec-comment-nested	search_short	match	12	14	-	libpcre2-differential	10.46 2025-08-27
keyword-prefix-order	rec-tag-depth3	search_short	nomatch	-	-	-	libpcre2-differential	10.46 2025-08-27
keyword-prefix-order	rd-email-hit	search_short	nomatch	-	-	-	libpcre2-differential	10.46 2025-08-27
keyword-prefix-order	rd-email-near-miss	search_short	nomatch	-	-	-	libpcre2-differential	10.46 2025-08-27
keyword-prefix-order	rd-trim-hit	search_short	nomatch	-	-	-	libpcre2-differential	10.46 2025-08-27
keyword-prefix-order	rd-trim-near-miss	search_short	nomatch	-	-	-	libpcre2-differential	10.46 2025-08-27
keyword-prefix-order	rd-evil-alt-hit	search_short	nomatch	-	-	-	libpcre2-differential	10.46 2025-08-27
keyword-prefix-order	rd-evil-alt-near-miss	search_short	nomatch	-	-	-	libpcre2-differential	10.46 2025-08-27
keyword-prefix-order	rd-numeric-id-hit	search_short	nomatch	-	-	-	libpcre2-differential	10.46 2025-08-27
keyword-prefix-order	rd-numeric-id-near-miss	search_short	nomatch	-	-	-	libpcre2-differential	10.46 2025-08-27
keyword-prefix-order	rd-phone-list-hit	search_short	nomatch	-	-	-	libpcre2-differential	10.46 2025-08-27
keyword-prefix-order	rd-date-hit	search_short	nomatch	-	-	-	libpcre2-differential	10.46 2025-08-27
keyword-prefix-order	sd-router-short	search_short	nomatch	-	-	-	libpcre2-differential	10.46 2025-08-27
keyword-prefix-order	sd-fileext-short	search_short	nomatch	-	-	-	libpcre2-differential	10.46 2025-08-27
keyword-prefix-order	sd-keyword-short	search_short	match	0	2	-	libpcre2-differential	10.46 2025-08-27
keyword-prefix-order	sd-empty-alt-hit	search_short	nomatch	-	-	-	libpcre2-differential	10.46 2025-08-27
keyword-prefix-order	sd-empty-alt-miss	search_short	nomatch	-	-	-	libpcre2-differential	10.46 2025-08-27
keyword-prefix-order	sd-dollar-nl	search_short	nomatch	-	-	-	libpcre2-differential	10.46 2025-08-27
keyword-prefix-order	nu-high-byte	search_short	nomatch	-	-	-	libpcre2-differential	10.46 2025-08-27
keyword-prefix-order	nu-mojibake	search_short	nomatch	-	-	-	libpcre2-differential	10.46 2025-08-27
keyword-prefix-order	nu-lead-no-cont	search_short	nomatch	-	-	-	libpcre2-differential	10.46 2025-08-27
keyword-prefix-order	nu-lead-with-cont	search_short	nomatch	-	-	-	libpcre2-differential	10.46 2025-08-27
keyword-prefix-order	floor-hit	search_short	nomatch	-	-	-	libpcre2-differential	10.46 2025-08-27
file-ext-order	v-email	search_short	nomatch	-	-	-	libpcre2-differential	10.46 2025-08-27
file-ext-order	v-ipv4	search_short	nomatch	-	-	-	libpcre2-differential	10.46 2025-08-27
file-ext-order	v-ipv4-oor	search_short	nomatch	-	-	-	libpcre2-differential	10.46 2025-08-27
file-ext-order	v-us-zip	search_short	nomatch	-	-	-	libpcre2-differential	10.46 2025-08-27
file-ext-order	v-us-zip-plus4	search_short	nomatch	-	-	-	libpcre2-differential	10.46 2025-08-27
file-ext-order	v-uuid-valid	search_short	nomatch	-	-	-	libpcre2-differential	10.46 2025-08-27
file-ext-order	v-uuid-badnibble	search_short	nomatch	-	-	-	libpcre2-differential	10.46 2025-08-27
file-ext-order	lp-num-neg-dec	search_short	nomatch	-	-	-	libpcre2-differential	10.46 2025-08-27
file-ext-order	lp-num-leadzero	search_short	nomatch	-	-	-	libpcre2-differential	10.46 2025-08-27
file-ext-order	lp-quoted	search_short	nomatch	-	-	-	libpcre2-differential	10.46 2025-08-27
file-ext-order	lp-quoted-escaped	search_short	nomatch	-	-	-	libpcre2-differential	10.46 2025-08-27
file-ext-order	lp-winpath	search_short	nomatch	-	-	-	libpcre2-differential	10.46 2025-08-27
file-ext-order	lp-winpath-reserved	search_short	nomatch	-	-	-	libpcre2-differential	10.46 2025-08-27
file-ext-order	lp-syslog	search_short	nomatch	-	-	-	libpcre2-differential	10.46 2025-08-27
file-ext-order	lp-atomic-hit	search_short	nomatch	-	-	-	libpcre2-differential	10.46 2025-08-27
file-ext-order	lp-atomic-nonmatch	search_short	nomatch	-	-	-	libpcre2-differential	10.46 2025-08-27
file-ext-order	waf-dbnames	search_short	nomatch	-	-	-	libpcre2-differential	10.46 2025-08-27
file-ext-order	waf-sleep	search_short	nomatch	-	-	-	libpcre2-differential	10.46 2025-08-27
file-ext-order	waf-union	search_short	nomatch	-	-	-	libpcre2-differential	10.46 2025-08-27
file-ext-order	waf-concat	search_short	nomatch	-	-	-	libpcre2-differential	10.46 2025-08-27
file-ext-order	waf-comment-obfuscation	search_short	nomatch	-	-	-	libpcre2-differential	10.46 2025-08-27
file-ext-order	waf-benign	search_short	nomatch	-	-	-	libpcre2-differential	10.46 2025-08-27
file-ext-order	sec-aws-key	search_short	nomatch	-	-	-	libpcre2-differential	10.46 2025-08-27
file-ext-order	sec-github-pat	search_short	nomatch	-	-	-	libpcre2-differential	10.46 2025-08-27
file-ext-order	sec-slack-webhook	search_short	nomatch	-	-	-	libpcre2-differential	10.46 2025-08-27
file-ext-order	sec-userpass	search_short	nomatch	-	-	-	libpcre2-differential	10.46 2025-08-27
file-ext-order	dt-iso8601	search_short	nomatch	-	-	-	libpcre2-differential	10.46 2025-08-27
file-ext-order	dt-prose-month	search_short	nomatch	-	-	-	libpcre2-differential	10.46 2025-08-27
file-ext-order	cg-array-begin	search_short	nomatch	-	-	-	libpcre2-differential	10.46 2025-08-27
file-ext-order	cg-constant	search_short	nomatch	-	-	-	libpcre2-differential	10.46 2025-08-27
file-ext-order	cg-object-begin	search_short	nomatch	-	-	-	libpcre2-differential	10.46 2025-08-27
file-ext-order	cg-number	search_short	nomatch	-	-	-	libpcre2-differential	10.46 2025-08-27
file-ext-order	cg-string-escape	search_short	nomatch	-	-	-	libpcre2-differential	10.46 2025-08-27
file-ext-order	cg-key-colon	search_short	nomatch	-	-	-	libpcre2-differential	10.46 2025-08-27
file-ext-order	br-doubled-word	search_short	nomatch	-	-	-	libpcre2-differential	10.46 2025-08-27
file-ext-order	br-tag-pair	search_short	nomatch	-	-	-	libpcre2-differential	10.46 2025-08-27
file-ext-order	br-tag-mismatch	search_short	nomatch	-	-	-	libpcre2-differential	10.46 2025-08-27
file-ext-order	br-palindrome	search_short	nomatch	-	-	-	libpcre2-differential	10.46 2025-08-27
file-ext-order	br-quoted-delim	search_short	nomatch	-	-	-	libpcre2-differential	10.46 2025-08-27
file-ext-order	br-dup-param	search_short	nomatch	-	-	-	libpcre2-differential	10.46 2025-08-27
file-ext-order	la-pwd-strong	search_short	nomatch	-	-	-	libpcre2-differential	10.46 2025-08-27
file-ext-order	la-pwd-weak	search_short	nomatch	-	-	-	libpcre2-differential	10.46 2025-08-27
file-ext-order	la-float-bound	search_short	nomatch	-	-	-	libpcre2-differential	10.46 2025-08-27
file-ext-order	la-float-dotted	search_short	nomatch	-	-	-	libpcre2-differential	10.46 2025-08-27
file-ext-order	la-email-nodup	search_short	nomatch	-	-	-	libpcre2-differential	10.46 2025-08-27
file-ext-order	la-email-dotdot	search_short	nomatch	-	-	-	libpcre2-differential	10.46 2025-08-27
file-ext-order	la-currency	search_short	nomatch	-	-	-	libpcre2-differential	10.46 2025-08-27
file-ext-order	la-negation-hit	search_short	nomatch	-	-	-	libpcre2-differential	10.46 2025-08-27
file-ext-order	la-negation-miss	search_short	nomatch	-	-	-	libpcre2-differential	10.46 2025-08-27
file-ext-order	rec-parens-balanced	search_short	nomatch	-	-	-	libpcre2-differential	10.46 2025-08-27
file-ext-order	rec-parens-unbalanced	search_short	nomatch	-	-	-	libpcre2-differential	10.46 2025-08-27
file-ext-order	rec-array-define	search_short	nomatch	-	-	-	libpcre2-differential	10.46 2025-08-27
file-ext-order	rec-comment-nested	search_short	nomatch	-	-	-	libpcre2-differential	10.46 2025-08-27
file-ext-order	rec-tag-depth3	search_short	nomatch	-	-	-	libpcre2-differential	10.46 2025-08-27
file-ext-order	rd-email-hit	search_short	nomatch	-	-	-	libpcre2-differential	10.46 2025-08-27
file-ext-order	rd-email-near-miss	search_short	nomatch	-	-	-	libpcre2-differential	10.46 2025-08-27
file-ext-order	rd-trim-hit	search_short	nomatch	-	-	-	libpcre2-differential	10.46 2025-08-27
file-ext-order	rd-trim-near-miss	search_short	nomatch	-	-	-	libpcre2-differential	10.46 2025-08-27
file-ext-order	rd-evil-alt-hit	search_short	nomatch	-	-	-	libpcre2-differential	10.46 2025-08-27
file-ext-order	rd-evil-alt-near-miss	search_short	nomatch	-	-	-	libpcre2-differential	10.46 2025-08-27
file-ext-order	rd-numeric-id-hit	search_short	nomatch	-	-	-	libpcre2-differential	10.46 2025-08-27
file-ext-order	rd-numeric-id-near-miss	search_short	nomatch	-	-	-	libpcre2-differential	10.46 2025-08-27
file-ext-order	rd-phone-list-hit	search_short	nomatch	-	-	-	libpcre2-differential	10.46 2025-08-27
file-ext-order	rd-date-hit	search_short	nomatch	-	-	-	libpcre2-differential	10.46 2025-08-27
file-ext-order	sd-router-short	search_short	nomatch	-	-	-	libpcre2-differential	10.46 2025-08-27
file-ext-order	sd-fileext-short	search_short	match	7	11	-	libpcre2-differential	10.46 2025-08-27
file-ext-order	sd-keyword-short	search_short	nomatch	-	-	-	libpcre2-differential	10.46 2025-08-27
file-ext-order	sd-empty-alt-hit	search_short	nomatch	-	-	-	libpcre2-differential	10.46 2025-08-27
file-ext-order	sd-empty-alt-miss	search_short	nomatch	-	-	-	libpcre2-differential	10.46 2025-08-27
file-ext-order	sd-dollar-nl	search_short	nomatch	-	-	-	libpcre2-differential	10.46 2025-08-27
file-ext-order	nu-high-byte	search_short	nomatch	-	-	-	libpcre2-differential	10.46 2025-08-27
file-ext-order	nu-mojibake	search_short	nomatch	-	-	-	libpcre2-differential	10.46 2025-08-27
file-ext-order	nu-lead-no-cont	search_short	nomatch	-	-	-	libpcre2-differential	10.46 2025-08-27
file-ext-order	nu-lead-with-cont	search_short	nomatch	-	-	-	libpcre2-differential	10.46 2025-08-27
file-ext-order	floor-hit	search_short	nomatch	-	-	-	libpcre2-differential	10.46 2025-08-27
floor-byte	v-email	search_short	nomatch	-	-	-	libpcre2-differential	10.46 2025-08-27
floor-byte	v-ipv4	search_short	nomatch	-	-	-	libpcre2-differential	10.46 2025-08-27
floor-byte	v-ipv4-oor	search_short	nomatch	-	-	-	libpcre2-differential	10.46 2025-08-27
floor-byte	v-us-zip	search_short	nomatch	-	-	-	libpcre2-differential	10.46 2025-08-27
floor-byte	v-us-zip-plus4	search_short	nomatch	-	-	-	libpcre2-differential	10.46 2025-08-27
floor-byte	v-uuid-valid	search_short	nomatch	-	-	-	libpcre2-differential	10.46 2025-08-27
floor-byte	v-uuid-badnibble	search_short	nomatch	-	-	-	libpcre2-differential	10.46 2025-08-27
floor-byte	lp-num-neg-dec	search_short	nomatch	-	-	-	libpcre2-differential	10.46 2025-08-27
floor-byte	lp-num-leadzero	search_short	nomatch	-	-	-	libpcre2-differential	10.46 2025-08-27
floor-byte	lp-quoted	search_short	nomatch	-	-	-	libpcre2-differential	10.46 2025-08-27
floor-byte	lp-quoted-escaped	search_short	nomatch	-	-	-	libpcre2-differential	10.46 2025-08-27
floor-byte	lp-winpath	search_short	nomatch	-	-	-	libpcre2-differential	10.46 2025-08-27
floor-byte	lp-winpath-reserved	search_short	nomatch	-	-	-	libpcre2-differential	10.46 2025-08-27
floor-byte	lp-syslog	search_short	nomatch	-	-	-	libpcre2-differential	10.46 2025-08-27
floor-byte	lp-atomic-hit	search_short	nomatch	-	-	-	libpcre2-differential	10.46 2025-08-27
floor-byte	lp-atomic-nonmatch	search_short	nomatch	-	-	-	libpcre2-differential	10.46 2025-08-27
floor-byte	waf-dbnames	search_short	nomatch	-	-	-	libpcre2-differential	10.46 2025-08-27
floor-byte	waf-sleep	search_short	nomatch	-	-	-	libpcre2-differential	10.46 2025-08-27
floor-byte	waf-union	search_short	nomatch	-	-	-	libpcre2-differential	10.46 2025-08-27
floor-byte	waf-concat	search_short	nomatch	-	-	-	libpcre2-differential	10.46 2025-08-27
floor-byte	waf-comment-obfuscation	search_short	nomatch	-	-	-	libpcre2-differential	10.46 2025-08-27
floor-byte	waf-benign	search_short	nomatch	-	-	-	libpcre2-differential	10.46 2025-08-27
floor-byte	sec-aws-key	search_short	nomatch	-	-	-	libpcre2-differential	10.46 2025-08-27
floor-byte	sec-github-pat	search_short	nomatch	-	-	-	libpcre2-differential	10.46 2025-08-27
floor-byte	sec-slack-webhook	search_short	nomatch	-	-	-	libpcre2-differential	10.46 2025-08-27
floor-byte	sec-userpass	search_short	nomatch	-	-	-	libpcre2-differential	10.46 2025-08-27
floor-byte	dt-iso8601	search_short	nomatch	-	-	-	libpcre2-differential	10.46 2025-08-27
floor-byte	dt-prose-month	search_short	nomatch	-	-	-	libpcre2-differential	10.46 2025-08-27
floor-byte	cg-array-begin	search_short	nomatch	-	-	-	libpcre2-differential	10.46 2025-08-27
floor-byte	cg-constant	search_short	nomatch	-	-	-	libpcre2-differential	10.46 2025-08-27
floor-byte	cg-object-begin	search_short	nomatch	-	-	-	libpcre2-differential	10.46 2025-08-27
floor-byte	cg-number	search_short	nomatch	-	-	-	libpcre2-differential	10.46 2025-08-27
floor-byte	cg-string-escape	search_short	nomatch	-	-	-	libpcre2-differential	10.46 2025-08-27
floor-byte	cg-key-colon	search_short	nomatch	-	-	-	libpcre2-differential	10.46 2025-08-27
floor-byte	br-doubled-word	search_short	nomatch	-	-	-	libpcre2-differential	10.46 2025-08-27
floor-byte	br-tag-pair	search_short	nomatch	-	-	-	libpcre2-differential	10.46 2025-08-27
floor-byte	br-tag-mismatch	search_short	nomatch	-	-	-	libpcre2-differential	10.46 2025-08-27
floor-byte	br-palindrome	search_short	nomatch	-	-	-	libpcre2-differential	10.46 2025-08-27
floor-byte	br-quoted-delim	search_short	nomatch	-	-	-	libpcre2-differential	10.46 2025-08-27
floor-byte	br-dup-param	search_short	nomatch	-	-	-	libpcre2-differential	10.46 2025-08-27
floor-byte	la-pwd-strong	search_short	nomatch	-	-	-	libpcre2-differential	10.46 2025-08-27
floor-byte	la-pwd-weak	search_short	nomatch	-	-	-	libpcre2-differential	10.46 2025-08-27
floor-byte	la-float-bound	search_short	nomatch	-	-	-	libpcre2-differential	10.46 2025-08-27
floor-byte	la-float-dotted	search_short	nomatch	-	-	-	libpcre2-differential	10.46 2025-08-27
floor-byte	la-email-nodup	search_short	nomatch	-	-	-	libpcre2-differential	10.46 2025-08-27
floor-byte	la-email-dotdot	search_short	nomatch	-	-	-	libpcre2-differential	10.46 2025-08-27
floor-byte	la-currency	search_short	nomatch	-	-	-	libpcre2-differential	10.46 2025-08-27
floor-byte	la-negation-hit	search_short	nomatch	-	-	-	libpcre2-differential	10.46 2025-08-27
floor-byte	la-negation-miss	search_short	nomatch	-	-	-	libpcre2-differential	10.46 2025-08-27
floor-byte	rec-parens-balanced	search_short	nomatch	-	-	-	libpcre2-differential	10.46 2025-08-27
floor-byte	rec-parens-unbalanced	search_short	nomatch	-	-	-	libpcre2-differential	10.46 2025-08-27
floor-byte	rec-array-define	search_short	nomatch	-	-	-	libpcre2-differential	10.46 2025-08-27
floor-byte	rec-comment-nested	search_short	nomatch	-	-	-	libpcre2-differential	10.46 2025-08-27
floor-byte	rec-tag-depth3	search_short	nomatch	-	-	-	libpcre2-differential	10.46 2025-08-27
floor-byte	rd-email-hit	search_short	nomatch	-	-	-	libpcre2-differential	10.46 2025-08-27
floor-byte	rd-email-near-miss	search_short	nomatch	-	-	-	libpcre2-differential	10.46 2025-08-27
floor-byte	rd-trim-hit	search_short	nomatch	-	-	-	libpcre2-differential	10.46 2025-08-27
floor-byte	rd-trim-near-miss	search_short	nomatch	-	-	-	libpcre2-differential	10.46 2025-08-27
floor-byte	rd-evil-alt-hit	search_short	nomatch	-	-	-	libpcre2-differential	10.46 2025-08-27
floor-byte	rd-evil-alt-near-miss	search_short	nomatch	-	-	-	libpcre2-differential	10.46 2025-08-27
floor-byte	rd-numeric-id-hit	search_short	nomatch	-	-	-	libpcre2-differential	10.46 2025-08-27
floor-byte	rd-numeric-id-near-miss	search_short	nomatch	-	-	-	libpcre2-differential	10.46 2025-08-27
floor-byte	rd-phone-list-hit	search_short	nomatch	-	-	-	libpcre2-differential	10.46 2025-08-27
floor-byte	rd-date-hit	search_short	nomatch	-	-	-	libpcre2-differential	10.46 2025-08-27
floor-byte	sd-router-short	search_short	nomatch	-	-	-	libpcre2-differential	10.46 2025-08-27
floor-byte	sd-fileext-short	search_short	nomatch	-	-	-	libpcre2-differential	10.46 2025-08-27
floor-byte	sd-keyword-short	search_short	nomatch	-	-	-	libpcre2-differential	10.46 2025-08-27
floor-byte	sd-empty-alt-hit	search_short	nomatch	-	-	-	libpcre2-differential	10.46 2025-08-27
floor-byte	sd-empty-alt-miss	search_short	nomatch	-	-	-	libpcre2-differential	10.46 2025-08-27
floor-byte	sd-dollar-nl	search_short	nomatch	-	-	-	libpcre2-differential	10.46 2025-08-27
floor-byte	nu-high-byte	search_short	nomatch	-	-	-	libpcre2-differential	10.46 2025-08-27
floor-byte	nu-mojibake	search_short	nomatch	-	-	-	libpcre2-differential	10.46 2025-08-27
floor-byte	nu-lead-no-cont	search_short	nomatch	-	-	-	libpcre2-differential	10.46 2025-08-27
floor-byte	nu-lead-with-cont	search_short	nomatch	-	-	-	libpcre2-differential	10.46 2025-08-27
floor-byte	floor-hit	search_short	match	0	1	-	libpcre2-differential	10.46 2025-08-27
