# program_identity v1; subbench=capability@0.1; engine=pcrec; old=8d716693; new=b1885a83
# binaries: 8d716693=340f9013c5b2b2354dffb5aa95442bc3ad3c91802de5e13c25e18eb811fc1856; b1885a83=da3440949ec124bc9c91d0519078b017831437f83cb26c7dbc7f93601487f3f3
# normalization: dropped = the `/* Generated by pcrec` line, the `.abi = N,` initializer, and every `#define` whose name is defined on ONE side only; everything else compared verbatim (.c + .h, emitted WITHOUT -fcomments)
# generated by: tools/program_identity.py (docs/design/null_band_v1.md)
# config auto-caps-simdna: flags `--features all`; records capability@0.1__pcrec_8d716693_auto-caps-simdna__budu-ryzen1600__20260923T031941Z.jsonl / capability@0.1__pcrec_b1885a83_auto-caps-simdna__budu-ryzen1600__20260923T114747Z.jsonl
# config auto-nocaps-simdna: flags `--features all --no-captures`; records capability@0.1__pcrec_8d716693_auto-nocaps-simdna__budu-ryzen1600__20260923T035507Z.jsonl / capability@0.1__pcrec_b1885a83_auto-nocaps-simdna__budu-ryzen1600__20260923T122232Z.jsonl
# config vm-caps-simdna: flags `--features all --engine=vm`; records capability@0.1__pcrec_8d716693_vm-caps-simdna__budu-ryzen1600__20260923T042632Z.jsonl / capability@0.1__pcrec_b1885a83_vm-caps-simdna__budu-ryzen1600__20260923T125206Z.jsonl
# config vm-in-caps-simdna: flags `--features all --engine=vm`; records capability@0.1__pcrec_8d716693_vm-in-caps-simdna__budu-ryzen1600__20260923T050923Z.jsonl / capability@0.1__pcrec_b1885a83_vm-in-caps-simdna__budu-ryzen1600__20260923T133317Z.jsonl
# verdicts: changed=148, identical=349, refused-both=15
# cross-check vs pcrec nullctl.json (sha256 dea55095ae82148ec9117d27443b08f8b701bd24132aa4adbf0b5dc5ad2d8a80): 192/192 agree
config	pattern_id	form	verdict	old_sha256	new_sha256	ignored_one_sided_macros
auto-caps-simdna	balanced-parens-rec	plain	identical	03586afdd90610be078dea3173dba98cf4dff273a73ad9b51afc1318aa73b164	03586afdd90610be078dea3173dba98cf4dff273a73ad9b51afc1318aa73b164	RX_REQ_RUN
auto-caps-simdna	balanced-parens-rec	whole-subject	identical	c7309ca11219e65b4d3d8241f32a3285ecfdd7697cadb85e9d01ddabb16325d0	c7309ca11219e65b4d3d8241f32a3285ecfdd7697cadb85e9d01ddabb16325d0	RX_REQ_RUN
auto-caps-simdna	base10num-near-miss	plain	identical	2be938433b4317f3e4b88905470ab9e9818a23725f79162e9e6ae402a3eee66f	2be938433b4317f3e4b88905470ab9e9818a23725f79162e9e6ae402a3eee66f	RX_REQ_RUN
auto-caps-simdna	base10num-near-miss	whole-subject	identical	38ea797db7d092d483b437ad795867e03e2e82a995fff5e6b10b7a2caa74aae0	38ea797db7d092d483b437ad795867e03e2e82a995fff5e6b10b7a2caa74aae0	RX_REQ_RUN
auto-caps-simdna	bracket-array-define	plain	identical	0873cd7cfaf70ce65d815ffc28d2c1b4adb976a63361a07cbaedcd78b612ed3a	0873cd7cfaf70ce65d815ffc28d2c1b4adb976a63361a07cbaedcd78b612ed3a	RX_REQ_RUN
auto-caps-simdna	bracket-array-define	whole-subject	identical	8d867d1b05d946b835908ff4a2deed93d99e2af494f683a46f832e29480a262f	8d867d1b05d946b835908ff4a2deed93d99e2af494f683a46f832e29480a262f	RX_REQ_RUN
auto-caps-simdna	codegrammar-flat	plain	changed	23e692fb1017e26032a5c466dcabf24d25da522c3739a9726332fc46904ea338	bd358fcab192076c142854963459af7eb29a11f225c5b5d6ade5fa2ae779803c	RX_REQ_RUN
auto-caps-simdna	codegrammar-flat	whole-subject	changed	88f433e0abb7309473b749dfcefd3e7879b0d76d36aebb78831aa7ecde0cd267	b3a9430b7d285f16476998a238f82720dcaab76a3d2d9686a1544a245ddd0cf3	RX_REQ_RUN
auto-caps-simdna	codegrammar-xflag	plain	changed	4b915ea1c08a7021a6ad70b7f8e1e3ac795ac9734788ef442a1c38b97e72928f	618c527ab59d063612619a3b297d5dd6bfde8aef77dfa262a3d7a6e623317835	RX_REQ_RUN
auto-caps-simdna	codegrammar-xflag	whole-subject	changed	6b43eae24b6df273656e64b4ec89c7ade2104ab23195747926528551e11d43ea	1c0bb5268deada6f421bf42f78f109645cb5d023da976ce98c08d9da24d5d955	RX_REQ_RUN
auto-caps-simdna	currency-lookbehind-fixed	plain	identical	08ae322582ab650e3f1026dc589616263524965c6a8d7b0a916d5b8e2e4c25f7	08ae322582ab650e3f1026dc589616263524965c6a8d7b0a916d5b8e2e4c25f7	RX_REQ_RUN
auto-caps-simdna	currency-lookbehind-fixed	whole-subject	identical	9004bb13f65652a92309ab3da0ef8acfdf0c2a752db57e8f5de3365380eaf558	9004bb13f65652a92309ab3da0ef8acfdf0c2a752db57e8f5de3365380eaf558	RX_REQ_RUN
auto-caps-simdna	date-nested-plus	plain	identical	4d10bcf37a2378d55fa60c3ecf34cc63a12423076d40bc81479407a3a5bb02ae	4d10bcf37a2378d55fa60c3ecf34cc63a12423076d40bc81479407a3a5bb02ae	RX_REQ_RUN
auto-caps-simdna	date-nested-plus	whole-subject	identical	f216726ea47d4d8c3fb0776af8778bb7057b70c03693247d29907f4c29b877df	f216726ea47d4d8c3fb0776af8778bb7057b70c03693247d29907f4c29b877df	RX_REQ_RUN
auto-caps-simdna	doubled-word	plain	identical	b905ee89d9b00ba453e1968ad2f2ddd8f094c79fc6be4a143d7d14aa02709de7	b905ee89d9b00ba453e1968ad2f2ddd8f094c79fc6be4a143d7d14aa02709de7	RX_REQ_RUN
auto-caps-simdna	doubled-word	whole-subject	identical	cdc6db44791d8cb4c429e608afaadd252aae1ce1e3835852004db7d06a4e0203	cdc6db44791d8cb4c429e608afaadd252aae1ce1e3835852004db7d06a4e0203	RX_REQ_RUN
auto-caps-simdna	dup-param-detect	plain	changed	baeddb59cff5eedd4598340bf6f204bacd66970653101dba129cd76648f6c033	b3490171217edefa06789d7c1d381e1208225e439a525ed3f5aff3f62b28b84a	RX_REQ_RUN
auto-caps-simdna	dup-param-detect	whole-subject	changed	cdd5729c5aa6e6d680c96938d5eab613abd5fe5c1d7998887b7835e2832f0d60	49d2510278da8752e33e07c39cdd2f77c692c1e712e3d3356cecec175ebd08ae	RX_REQ_RUN
auto-caps-simdna	email-local-nodup	plain	identical	94b765ca56e8f4ff807fce4c1ca69f8175262674dd568c12c628657f3b5aec0a	94b765ca56e8f4ff807fce4c1ca69f8175262674dd568c12c628657f3b5aec0a	RX_REQ_RUN
auto-caps-simdna	email-local-nodup	whole-subject	identical	6b2e20b2ad568703b6078f50841febcafdf180404f9d5b7f30ec5c6d9df806a2	6b2e20b2ad568703b6078f50841febcafdf180404f9d5b7f30ec5c6d9df806a2	RX_REQ_RUN
auto-caps-simdna	email-nested-plus	plain	identical	d96a1f77e94edceed316127c27a5fddfdf6727ecfc3a9440c29e14880f7e25bb	d96a1f77e94edceed316127c27a5fddfdf6727ecfc3a9440c29e14880f7e25bb	RX_REQ_RUN
auto-caps-simdna	email-nested-plus	whole-subject	identical	c42af2f35a8580c6cbe5af8d8658e4dc8384c3ee96bb8baadaa498532e576459	c42af2f35a8580c6cbe5af8d8658e4dc8384c3ee96bb8baadaa498532e576459	RX_REQ_RUN
auto-caps-simdna	evil-alt-nested	plain	identical	c6b6194b475d537dcd4839f9c1736b5b9fd0cdd37b277de1eca9d0fcbaaf8933	c6b6194b475d537dcd4839f9c1736b5b9fd0cdd37b277de1eca9d0fcbaaf8933	RX_REQ_RUN
auto-caps-simdna	evil-alt-nested	whole-subject	identical	a673fd2c414f5907fde0dade18c9a2ece9bc5c03c9144bc91cb730a04d123f2c	a673fd2c414f5907fde0dade18c9a2ece9bc5c03c9144bc91cb730a04d123f2c	RX_REQ_RUN
auto-caps-simdna	file-ext-order	plain	changed	eb736eed834317a6d52201557cbfe5110d2b2ce2432d63663190d7883b620cce	d4eef7e45c2bfdfdf131438362557271e03978b5ec73290fe2509e9c79154cbf	RX_REQ_RUN
auto-caps-simdna	file-ext-order	whole-subject	changed	a600ca605743a41a39d385406d1cea1c95eb93d572b13da7716d48f46fc023d8	e23e5b6b1e104656311b2838b697a74550cb3b8b36145dd7d98c5654f39a67c5	RX_REQ_RUN
auto-caps-simdna	float-literal-bound	plain	identical	6b4074b72cd044b1e1af28fdb9f352bcb1e61047f4a9ac6222ee4097480be5bb	6b4074b72cd044b1e1af28fdb9f352bcb1e61047f4a9ac6222ee4097480be5bb	RX_REQ_RUN
auto-caps-simdna	float-literal-bound	whole-subject	identical	1c626b8fa90a33fe64899d7cb6940db9d76ebc867a64768db3de767c7355cec0	1c626b8fa90a33fe64899d7cb6940db9d76ebc867a64768db3de767c7355cec0	RX_REQ_RUN
auto-caps-simdna	floor-byte	plain	identical	fcea82bfef3e19e692b88652a476a3927560320eac12fccb3d615de979b5d763	fcea82bfef3e19e692b88652a476a3927560320eac12fccb3d615de979b5d763	RX_REQ_RUN
auto-caps-simdna	floor-byte	whole-subject	identical	755f503d8b68eec92568a8db94aaa41ec4fa3c51bde4f526ac6f360e017520b4	755f503d8b68eec92568a8db94aaa41ec4fa3c51bde4f526ac6f360e017520b4	RX_REQ_RUN
auto-caps-simdna	high-byte-run	plain	identical	7c9d075e596c760e79a37eee6a3c559d2ab10e185e18209c651e85c5c6fe3170	7c9d075e596c760e79a37eee6a3c559d2ab10e185e18209c651e85c5c6fe3170	RX_REQ_RUN
auto-caps-simdna	high-byte-run	whole-subject	identical	aa17ade21d61b5d5e853de81d3fa59b3f7aa74723bf3a47d21cd74907c6c618c	aa17ade21d61b5d5e853de81d3fa59b3f7aa74723bf3a47d21cd74907c6c618c	RX_REQ_RUN
auto-caps-simdna	ipv4-near-miss	plain	identical	e2438c5edbce332652cf95d796838dc9e28088995401301262b4b472d34ed727	e2438c5edbce332652cf95d796838dc9e28088995401301262b4b472d34ed727	RX_REQ_RUN
auto-caps-simdna	ipv4-near-miss	whole-subject	identical	a596e2818e7ac9be27ff7fbdeecc32ee02299480b74ecfc5fb9492b52a30efe0	a596e2818e7ac9be27ff7fbdeecc32ee02299480b74ecfc5fb9492b52a30efe0	RX_REQ_RUN
auto-caps-simdna	keyword-prefix-order	plain	changed	67a93dd46274a839b16759942017e47ce365a66f392141b404b98edeb52cc555	c7a1545ffa89fa2780920418dd04c7a99b0d833f1ccd77b7b9b929571b50b839	RX_REQ_RUN
auto-caps-simdna	keyword-prefix-order	whole-subject	changed	8b692b9f326ddf4fad9f459f9696943019cbf140355c97768b070910b38ed6af	4b2a99a3314dadc7d0aa2237c9710eeea0934b6350b02a58ad4fbf240e12ace7	RX_REQ_RUN
auto-caps-simdna	logparse-atomic	plain	changed	f4cea2dd12e6cc7668794c07f671d81c345670c150e9d9ca798660ad485d76f8	b26dccebbee1bc6cbf62ac1f7b4625c416ac4ebb7b53b9b2e512c33bf5bcab10	RX_REQ_RUN
auto-caps-simdna	logparse-atomic	whole-subject	changed	feb36daf342ede65104f2aaae224a225611d8c205315b66fe039f5ee8ae857f2	1ab976b98189ed7defd487775ce6eef6c055dfa3883d8d211f77e5ce8f4e2262	RX_REQ_RUN
auto-caps-simdna	logparse-atomic-removed	plain	changed	a7041fa3576f11b838431abb0b3f90945cde4c23a5ab706294335d07fe5c28d5	4f3332f30df97a70f5fa7406855a0ffd1ae9dc5b5a3ac40c2bb0993ea4a3db11	RX_REQ_RUN
auto-caps-simdna	logparse-atomic-removed	whole-subject	changed	cb36e83364808d30a849d010a0787ec51c4f38d41a3dc3669037c09e7ae5b530	25a640d87b8e35effaf622d2b6f347dba82a62d825339527d3c3b06ce9b32f24	RX_REQ_RUN
auto-caps-simdna	mojibake-curly-quote	plain	identical	8a1ad80b1eba7399079c6dbc8f99b9379f16aadc6e42900150f7dc28d8ad4ae4	8a1ad80b1eba7399079c6dbc8f99b9379f16aadc6e42900150f7dc28d8ad4ae4	RX_REQ_RUN
auto-caps-simdna	mojibake-curly-quote	whole-subject	identical	4fbb3fb2910eb378bb886f55e9a3e3e849e1304f2b69c4c91256e460238bd7a0	4fbb3fb2910eb378bb886f55e9a3e3e849e1304f2b69c4c91256e460238bd7a0	RX_REQ_RUN
auto-caps-simdna	negation-scope-lookbehind-var	plain	refused-both	-	-	-
auto-caps-simdna	negation-scope-lookbehind-var	whole-subject	refused-both	-	-	-
auto-caps-simdna	nested-comment-rec	plain	changed	8533a725c84915392c973c8653aae7eb0cf41dc158955de2d89e98b5e7be2b21	9109328812f427327803176005a8c6a294fbee2fd1d0c3834484b9184ae5763d	RX_REQ_RUN
auto-caps-simdna	nested-comment-rec	whole-subject	changed	20b853ca6cacf4d4919ad42cd595c21b70bddfba4a1060aaee515b188eb08580	7c8ef3d596aba8c8b9c508aca93ec9ecf805c06ec4afeeb002871b0766fa4202	RX_REQ_RUN
auto-caps-simdna	numeric-id-nested-plus	plain	identical	0929a8738df3b4d80b56a17b77a56fa0ee1b91393f166e4efb446de7f7b0d0d4	0929a8738df3b4d80b56a17b77a56fa0ee1b91393f166e4efb446de7f7b0d0d4	RX_REQ_RUN
auto-caps-simdna	numeric-id-nested-plus	whole-subject	identical	148500641416b4db4a738c3fb9a2355d87e22ca3f2b44c3b4d1b3691a2cfd22e	148500641416b4db4a738c3fb9a2355d87e22ca3f2b44c3b4d1b3691a2cfd22e	RX_REQ_RUN
auto-caps-simdna	phone-list-nested-plus	plain	identical	e9cad7e7bacd6655f9513913c21652977557b5c0d6aaa2d86b97e8ba4630d42f	e9cad7e7bacd6655f9513913c21652977557b5c0d6aaa2d86b97e8ba4630d42f	RX_REQ_RUN
auto-caps-simdna	phone-list-nested-plus	whole-subject	identical	2f18629d77b744756be4102c58888414174595160ec2ea85960dd70897dddb5e	2f18629d77b744756be4102c58888414174595160ec2ea85960dd70897dddb5e	RX_REQ_RUN
auto-caps-simdna	phone-palindrome-6	plain	identical	680301604d08b3125d67dcc444e2e02bfdf8aa7ee06e40adc4359404069ef630	680301604d08b3125d67dcc444e2e02bfdf8aa7ee06e40adc4359404069ef630	RX_REQ_RUN
auto-caps-simdna	phone-palindrome-6	whole-subject	identical	fd4ea449878f9123695fa01c7024bbe13317b63613c892ace3f756bd9338e38f	fd4ea449878f9123695fa01c7024bbe13317b63613c892ace3f756bd9338e38f	RX_REQ_RUN
auto-caps-simdna	pwd-strength-chain	plain	identical	673b772a861892656605a0706ef3b673ab03d3b47719132fa4862fb3e275918d	673b772a861892656605a0706ef3b673ab03d3b47719132fa4862fb3e275918d	RX_REQ_RUN
auto-caps-simdna	pwd-strength-chain	whole-subject	identical	07c7472d81577bbdcc004917b771333fede734f3a8148a7079afef741db35960	07c7472d81577bbdcc004917b771333fede734f3a8148a7079afef741db35960	RX_REQ_RUN
auto-caps-simdna	quoted-delim-match	plain	identical	88511a85031187dbd654ffa69b689626c578a2220305f904eef96dba01f4f779	88511a85031187dbd654ffa69b689626c578a2220305f904eef96dba01f4f779	RX_REQ_RUN
auto-caps-simdna	quoted-delim-match	whole-subject	identical	bdab83e5fe7258853b25b87510952c1c25c6a6aaa2e998401f0efb94c340b132	bdab83e5fe7258853b25b87510952c1c25c6a6aaa2e998401f0efb94c340b132	RX_REQ_RUN
auto-caps-simdna	router-prefix-order	plain	changed	a503798f2036a69bb81a301943638c881aaba61eef77d0bd46e9f5cfbc694823	fd51cd2befe6e30a8aba33586c836e39efb282a2f1608a61e850ff800f1a294d	RX_REQ_RUN
auto-caps-simdna	router-prefix-order	whole-subject	changed	2b05b7890aefc790a2eb113459d1c34a9923c45c10e2b61878b3caa011949f04	04b34e3ec992bd69fc33e0b8b5ba03de3bb24f311166eac093ba314d2a304cfc	RX_REQ_RUN
auto-caps-simdna	tag-depth3-bound	plain	changed	9bdf2d8fd9e131661d8491a649c181b811f51d0f6ad133672ec909389b1ceceb	3779ea37670469c861ae036f475a36d2ed071647ec92b17c109ee8382a4e6a5a	RX_REQ_RUN
auto-caps-simdna	tag-depth3-bound	whole-subject	changed	ce9ab6946a0243459ef3e78e785383f4c0374abebdcef096a168232749688e4a	a1bcc16881ee66cfb6a4e7bd0757fd47080b6aae4c40317a9c2447bbbcd6bcdb	RX_REQ_RUN
auto-caps-simdna	tag-pair-match	plain	changed	8b3907f14ac418e6ebb7e1d72ca155211362c296434072c8904f4824d4f7623f	739061820a20bc8d7b899eb0fee49e7a0dd714ac26de134a012d151efd964503	RX_REQ_RUN
auto-caps-simdna	tag-pair-match	whole-subject	changed	4636b5732167536197b3826efaaf750a1aac5bef59e84ece75fa2a2a81e0186d	7a7aa6acc1382130186e6668f31ed6ff17b06f3c78e96ed1e37f467a8999ee0c	RX_REQ_RUN
auto-caps-simdna	trim-nested-star	plain	identical	ccd832da1d925db1f5ee2f86eb3890f2a1d3baecb64410c2b913a2fd4d476a69	ccd832da1d925db1f5ee2f86eb3890f2a1d3baecb64410c2b913a2fd4d476a69	RX_REQ_RUN
auto-caps-simdna	trim-nested-star	whole-subject	identical	a614c7e6a4145a8be86597d8bd26414817f5d57dc1d77942c180c0bbdec7ba08	a614c7e6a4145a8be86597d8bd26414817f5d57dc1d77942c180c0bbdec7ba08	RX_REQ_RUN
auto-caps-simdna	utf8-lead-no-cont	plain	identical	16af4184dcc4833d020c858166b3eb0c744e8aa0d076cbf0abf6d3c71fcf29de	16af4184dcc4833d020c858166b3eb0c744e8aa0d076cbf0abf6d3c71fcf29de	RX_REQ_RUN
auto-caps-simdna	utf8-lead-no-cont	whole-subject	identical	0475d3fb073e81b3cbbaec8375355704fa757a2d98d55bfca05d5d3e69c60c64	0475d3fb073e81b3cbbaec8375355704fa757a2d98d55bfca05d5d3e69c60c64	RX_REQ_RUN
auto-caps-simdna	uuid-near-miss	plain	identical	d369ba40144e5bd4e69909e21cf94fa600ba9cf46e8b17ad899350c8dcde07cf	d369ba40144e5bd4e69909e21cf94fa600ba9cf46e8b17ad899350c8dcde07cf	RX_REQ_RUN
auto-caps-simdna	uuid-near-miss	whole-subject	identical	79103e93847c8af9a13382b1599e05b800b6e2898e463be2ba8fd407ed5a6780	79103e93847c8af9a13382b1599e05b800b6e2898e463be2ba8fd407ed5a6780	RX_REQ_RUN
auto-caps-simdna	wild-codegrammar-json-array-begin	plain	identical	55ac0c916e67b9f13c3ad4240e4558adfeccc683c7ede9001065c39b97719822	55ac0c916e67b9f13c3ad4240e4558adfeccc683c7ede9001065c39b97719822	RX_REQ_RUN
auto-caps-simdna	wild-codegrammar-json-array-begin	whole-subject	identical	b8cbece4b50f6b4f7254b33d2623178653e646ae26ae529f228a1aafdd6e5dd3	b8cbece4b50f6b4f7254b33d2623178653e646ae26ae529f228a1aafdd6e5dd3	RX_REQ_RUN
auto-caps-simdna	wild-codegrammar-json-constant	plain	identical	e39cba8341574c1028e708bdc17d109271b4fe790178646b6f4103d0773e4b02	e39cba8341574c1028e708bdc17d109271b4fe790178646b6f4103d0773e4b02	RX_REQ_RUN
auto-caps-simdna	wild-codegrammar-json-constant	whole-subject	identical	89415841feb34594a5ecfd52752a0ede069e6ea1e2251482158ede64fed6b913	89415841feb34594a5ecfd52752a0ede069e6ea1e2251482158ede64fed6b913	RX_REQ_RUN
auto-caps-simdna	wild-codegrammar-json-number-extended	plain	identical	2941ba59910955692078c9a03bb840b54ea3534c4910fb36816732d82c73d3a8	2941ba59910955692078c9a03bb840b54ea3534c4910fb36816732d82c73d3a8	RX_REQ_RUN
auto-caps-simdna	wild-codegrammar-json-number-extended	whole-subject	identical	e15abd3114ff00c8638f323e27e52ee0dfb95468a4dc67e9ee0f0ec891351122	e15abd3114ff00c8638f323e27e52ee0dfb95468a4dc67e9ee0f0ec891351122	RX_REQ_RUN
auto-caps-simdna	wild-codegrammar-json-object-begin	plain	identical	fad9a30dec0a3c743c51c876d2158e62ec82dbd8c9c3113f9d2f6b101257e0dd	fad9a30dec0a3c743c51c876d2158e62ec82dbd8c9c3113f9d2f6b101257e0dd	RX_REQ_RUN
auto-caps-simdna	wild-codegrammar-json-object-begin	whole-subject	identical	343869447f1ef9ff409ad50e878ee14feda3759441576418f23f959542e5d602	343869447f1ef9ff409ad50e878ee14feda3759441576418f23f959542e5d602	RX_REQ_RUN
auto-caps-simdna	wild-codegrammar-json-stringcontent-escape	plain	identical	56b158e3861ea04b2b12c452911c2a854d2f49c01f6ed7f5e0960d6765e96eb5	56b158e3861ea04b2b12c452911c2a854d2f49c01f6ed7f5e0960d6765e96eb5	RX_REQ_RUN
auto-caps-simdna	wild-codegrammar-json-stringcontent-escape	whole-subject	identical	49861405469c0f5db6e92281e9afbb0854aa3efdaf5b4897d356f81b6d35b7f0	49861405469c0f5db6e92281e9afbb0854aa3efdaf5b4897d356f81b6d35b7f0	RX_REQ_RUN
auto-caps-simdna	wild-datetime-datefinder-alternation	plain	refused-both	-	-	-
auto-caps-simdna	wild-datetime-datefinder-alternation	whole-subject	refused-both	-	-	-
auto-caps-simdna	wild-datetime-moment-iso8601	plain	identical	cc0362da7a218b60c135087a1cea442608da11828ac41c5e7c76fef3bae6de77	cc0362da7a218b60c135087a1cea442608da11828ac41c5e7c76fef3bae6de77	RX_REQ_RUN
auto-caps-simdna	wild-datetime-moment-iso8601	whole-subject	identical	a9455bc0b8504df240ea00b1ecc4d1dbf26009d033de242bf04e16fcf8ab3d25	a9455bc0b8504df240ea00b1ecc4d1dbf26009d033de242bf04e16fcf8ab3d25	RX_REQ_RUN
auto-caps-simdna	wild-logparse-base10num-grok	plain	identical	4dd8b4b998a274d5eaf54c0a4a688d8684356e805e32078fd00d3891a255d4c0	4dd8b4b998a274d5eaf54c0a4a688d8684356e805e32078fd00d3891a255d4c0	RX_REQ_RUN
auto-caps-simdna	wild-logparse-base10num-grok	whole-subject	identical	4022d92f3026b5efb1ebb5eb3d38b10ccbd5dd9dfbe49bd4ad2765f55f64d792	4022d92f3026b5efb1ebb5eb3d38b10ccbd5dd9dfbe49bd4ad2765f55f64d792	RX_REQ_RUN
auto-caps-simdna	wild-logparse-base10num-noatomic	plain	identical	53c76dbce2c3491f11b403f4005949cc1eaf071410096d849ea859cd2328a8de	53c76dbce2c3491f11b403f4005949cc1eaf071410096d849ea859cd2328a8de	RX_REQ_RUN
auto-caps-simdna	wild-logparse-base10num-noatomic	whole-subject	identical	cf606ee3f1a926b46b6409056912948d39454980f4f2b9f60a6bd2b66ad5c574	cf606ee3f1a926b46b6409056912948d39454980f4f2b9f60a6bd2b66ad5c574	RX_REQ_RUN
auto-caps-simdna	wild-logparse-quotedstring-grok	plain	identical	4c05231b296cc51b874c631a759975867bbc9d197353cd1c61023e4ba518a7b8	4c05231b296cc51b874c631a759975867bbc9d197353cd1c61023e4ba518a7b8	RX_REQ_RUN
auto-caps-simdna	wild-logparse-quotedstring-grok	whole-subject	identical	5cfe5ea610236c84d9199d0e864f27c6b5f1baa21d98b1b808823f3b33e3c2f8	5cfe5ea610236c84d9199d0e864f27c6b5f1baa21d98b1b808823f3b33e3c2f8	RX_REQ_RUN
auto-caps-simdna	wild-logparse-quotedstring-noatomic	plain	identical	9875add28f893eb724f2056a869c8a1cb9de18eae48292434713dbe01b4d6853	9875add28f893eb724f2056a869c8a1cb9de18eae48292434713dbe01b4d6853	RX_REQ_RUN
auto-caps-simdna	wild-logparse-quotedstring-noatomic	whole-subject	identical	61f5f617f89e756562b2ce42f8895b96c28569498817981cce5eaea015243951	61f5f617f89e756562b2ce42f8895b96c28569498817981cce5eaea015243951	RX_REQ_RUN
auto-caps-simdna	wild-logparse-syslogbase-expanded	plain	changed	58462e37a770123837603409fc8dcbc2ae485826268b094997fd28bb5342490f	90430586101e65c09ad367f1e176c142c57c8c3ff439da24e393f9e8ad15a89e	RX_REQ_RUN
auto-caps-simdna	wild-logparse-syslogbase-expanded	whole-subject	changed	4882885b962a139771ba0ec7989c4cadfa9cb252c954a079114e90b492d7b864	cbd5fab4d8cf56f9dfd7b106c71ffcade4d4fa52e7ea465c090e2147d6e1d9ce	RX_REQ_RUN
auto-caps-simdna	wild-logparse-winpath-grok	plain	identical	4bfe46099533ea697cf64a809f3040fa3bb2c5d6b43cdb92217612bde9774382	4bfe46099533ea697cf64a809f3040fa3bb2c5d6b43cdb92217612bde9774382	RX_REQ_RUN
auto-caps-simdna	wild-logparse-winpath-grok	whole-subject	identical	a9833caac6b45e99d7fbb2fa7630182f2a13740439fc1ea424364b5aaf7075de	a9833caac6b45e99d7fbb2fa7630182f2a13740439fc1ea424364b5aaf7075de	RX_REQ_RUN
auto-caps-simdna	wild-secrets-aws-access-key-id	plain	identical	e186046375e20313266a571799b975252ed1967e1cebd835009beffea754c772	e186046375e20313266a571799b975252ed1967e1cebd835009beffea754c772	RX_REQ_RUN
auto-caps-simdna	wild-secrets-aws-access-key-id	whole-subject	identical	8ac597cf285f04f83a7088e76c64256ea2f1fe80d6df4251c57f076d008fa35d	8ac597cf285f04f83a7088e76c64256ea2f1fe80d6df4251c57f076d008fa35d	RX_REQ_RUN
auto-caps-simdna	wild-secrets-github-pat	plain	changed	866938ff5e328c397a4e867c5a12ac9380a0c7149b28c88d5967666ff2c7fe4f	7a07fe09d9f4c4c212de98413a8ebc0971cff7301185392070dcb82aab8d5957	RX_REQ_RUN
auto-caps-simdna	wild-secrets-github-pat	whole-subject	changed	bd086a04e8cb8157067b9ff2aa621908b3363e241e87763247e7886b3ebe4ed1	5fb5867fafaa6d2f2434996ae9b4869f229ae303db9b7f30e174a8880fae6147	RX_REQ_RUN
auto-caps-simdna	wild-secrets-slack-webhook-url	plain	changed	2d108380402d4edb04a84e5cbdce8846667a0baee82377f315e5f79a0f3d4bd1	dadd2ea975a81fc9ac9cdc6cfbab937be2d68c046eb6c2c2b0848b6680054ca2	RX_REQ_RUN
auto-caps-simdna	wild-secrets-slack-webhook-url	whole-subject	changed	28130e29c557955bd7181f240f0faf6a41b3e45c90e98664e73958c4e48741b3	7fcfb9ab87112929376d2876b7811973b5d8f74348382393b6922caf8fcd236a	RX_REQ_RUN
auto-caps-simdna	wild-secrets-username-password-pair	plain	identical	9ae910d0a74ff9540bec6b9ff4932323bd8d357d52bae975d8755849cf325da6	9ae910d0a74ff9540bec6b9ff4932323bd8d357d52bae975d8755849cf325da6	RX_REQ_RUN
auto-caps-simdna	wild-secrets-username-password-pair	whole-subject	identical	b142dd4dd26aead52c078f949c7d03d8c42a33f990998c52838a3eb1c0260e82	b142dd4dd26aead52c078f949c7d03d8c42a33f990998c52838a3eb1c0260e82	RX_REQ_RUN
auto-caps-simdna	wild-semdiv-altorder-foo-foobar-rustregex	plain	changed	2ec5406fc757d2da55684673803ed16afc1457ddce414df34c1ba503135baebb	d40f4896461b71e6591496a5be67be11d948d77b5d0956a0bb111f813f5ea75b	RX_REQ_RUN
auto-caps-simdna	wild-semdiv-altorder-foo-foobar-rustregex	whole-subject	changed	4564b046af9fab014ca3800b6bb0ac9e2c03aa149c3b94bfd94596915a919eab	4d945a0feaa1448dcf2a0f190a9447404e1213807fd66beae5795cc3672fb072	RX_REQ_RUN
auto-caps-simdna	wild-semdiv-dollar-trailing-newline-pcre2	plain	changed	6235c83e564430bbb6e51d36cd085a122f2fb18d114930fe7c436f68397279f6	339e3bc87e2d726e9cb3027bc42cd371ece03e62803ee08d473be51654156f7d	RX_REQ_RUN
auto-caps-simdna	wild-semdiv-dollar-trailing-newline-pcre2	whole-subject	changed	e50de2570676dd32847d22e360abcd9e32432218d5860b2587d72c33d1e1b182	259709fc747d5313e9c71ababfbb9c8207202334761fbbeb1e76d8a5da56a69a	RX_REQ_RUN
auto-caps-simdna	wild-semdiv-empty-alt-repeat-pcre2	plain	identical	7fd7b521f5bbaf4c7a7e9bb2e679de98802a7140c98e7f3c7e8b33a4684b2d63	7fd7b521f5bbaf4c7a7e9bb2e679de98802a7140c98e7f3c7e8b33a4684b2d63	RX_REQ_RUN
auto-caps-simdna	wild-semdiv-empty-alt-repeat-pcre2	whole-subject	identical	7bf178b1badc3057b48e9d2785fd563f7329d7ff67c2cc66ce9c29b3c100a7a4	7bf178b1badc3057b48e9d2785fd563f7329d7ff67c2cc66ce9c29b3c100a7a4	RX_REQ_RUN
auto-caps-simdna	wild-validator-email-owasp	plain	changed	e50cbdc4d6d21ad5a7dcd040215d3d3548e4686314eeff5d8a4aeca5b3d80cb6	517e038b5d95a0daf34d1578c22b7b5343f974d9a2df769fa1a08a705e46f987	RX_REQ_RUN
auto-caps-simdna	wild-validator-email-owasp	whole-subject	changed	c430c9561e57c6dcc3ae0cd39a2606e19e81f482090b728b47b487b575cbc9ad	0a39f43c05b4e1cc119f17ef5d6c4c83951f80788fb23ce1249aa9c57c02a02c	RX_REQ_RUN
auto-caps-simdna	wild-validator-ipv4-owasp	plain	identical	6da43cb00c609f3606118bfbf8fa3c6ae8db1b488d541f20131b488ddcfd77cd	6da43cb00c609f3606118bfbf8fa3c6ae8db1b488d541f20131b488ddcfd77cd	RX_REQ_RUN
auto-caps-simdna	wild-validator-ipv4-owasp	whole-subject	identical	84746874ec0132bfe792bfae8d39459205dc5bfe685a08c2affa79451846a97b	84746874ec0132bfe792bfae8d39459205dc5bfe685a08c2affa79451846a97b	RX_REQ_RUN
auto-caps-simdna	wild-validator-us-zip-owasp	plain	identical	312bda1763f8f24e9e0bb642c0fab1aeab5f5a97e055d8eac082da411d6a4b6e	312bda1763f8f24e9e0bb642c0fab1aeab5f5a97e055d8eac082da411d6a4b6e	RX_REQ_RUN
auto-caps-simdna	wild-validator-us-zip-owasp	whole-subject	identical	0db77e56efe069526d2fc6d5b2c7943e48e47a4b8bdc45e4c86a95cf2d9a1a02	0db77e56efe069526d2fc6d5b2c7943e48e47a4b8bdc45e4c86a95cf2d9a1a02	RX_REQ_RUN
auto-caps-simdna	wild-validator-uuid-grok	plain	identical	f8328b792f3c8ef444485bd7f30eab7af5a47bf41e94729c5f7b4d8f99d530e8	f8328b792f3c8ef444485bd7f30eab7af5a47bf41e94729c5f7b4d8f99d530e8	RX_REQ_RUN
auto-caps-simdna	wild-validator-uuid-grok	whole-subject	identical	567579b0a2fa4cb3db8e87c4eaf461c86262e81b53b7be5f3888b549ec12a652	567579b0a2fa4cb3db8e87c4eaf461c86262e81b53b7be5f3888b549ec12a652	RX_REQ_RUN
auto-caps-simdna	wild-waf-crs-942140-dbnames	plain	identical	bb2d398146e1cdc720ca80e2fddce48f46064c49e534f86d44f5e51cb85b9cbe	bb2d398146e1cdc720ca80e2fddce48f46064c49e534f86d44f5e51cb85b9cbe	RX_REQ_RUN
auto-caps-simdna	wild-waf-crs-942140-dbnames	whole-subject	identical	dbc80b3ae36cbaa3de18ddd16b82ea55661d134736409906655c25ec95c80407	dbc80b3ae36cbaa3de18ddd16b82ea55661d134736409906655c25ec95c80407	RX_REQ_RUN
auto-caps-simdna	wild-waf-crs-942160-sleep-benchmark	plain	identical	78a8fef691362a7d298f77d0d7e5fc748b44fcb89e17ea743efeb78812d93ee7	78a8fef691362a7d298f77d0d7e5fc748b44fcb89e17ea743efeb78812d93ee7	RX_REQ_RUN
auto-caps-simdna	wild-waf-crs-942160-sleep-benchmark	whole-subject	identical	8b5cb53118cd768f4b852f790e789f24f605be19ae28e491f3c423b0ab1a2b43	8b5cb53118cd768f4b852f790e789f24f605be19ae28e491f3c423b0ab1a2b43	RX_REQ_RUN
auto-caps-simdna	wild-waf-crs-942270-union-select	plain	identical	a28fc5830e1140290da1bd1c496498df851468dc1a1c10af364ce01f52ec9ea6	a28fc5830e1140290da1bd1c496498df851468dc1a1c10af364ce01f52ec9ea6	RX_REQ_RUN
auto-caps-simdna	wild-waf-crs-942270-union-select	whole-subject	identical	661672904ffe4a21fe9c25d4fba22f812012c928f03712825fb0e6b92dc3cb29	661672904ffe4a21fe9c25d4fba22f812012c928f03712825fb0e6b92dc3cb29	RX_REQ_RUN
auto-caps-simdna	wild-waf-crs-942360-concat-sqli	plain	identical	848c10ac7ace55880233cba97aa556fac90e27641f4adce31822659300689bbc	848c10ac7ace55880233cba97aa556fac90e27641f4adce31822659300689bbc	RX_REQ_RUN
auto-caps-simdna	wild-waf-crs-942360-concat-sqli	whole-subject	identical	d9227d0329e8f405c19d4b1ef405b834eb3d39497fa6c24b7d78e45259e6b16a	d9227d0329e8f405c19d4b1ef405b834eb3d39497fa6c24b7d78e45259e6b16a	RX_REQ_RUN
auto-caps-simdna	wild-waf-crs-942500-comment-obfuscation	plain	changed	0b6206c67ea1ce7642c84b2fda28106b6e631873b0a61004d6f256d407258aec	a9069466e361c0fd03677b891ded4e7edb0bdcb031d3b4e5ce12c48aa1f1b614	RX_REQ_RUN
auto-caps-simdna	wild-waf-crs-942500-comment-obfuscation	whole-subject	changed	c4a6e183ac0894e2e8a32d852cb883aa49b0234256f07af2704d046bd8ae713e	1025623e078646e13d215b0f8b6077f880456abb2d75892aea25ae8d96da522c	RX_REQ_RUN
auto-caps-simdna	winpath-near-miss	plain	changed	565eab0a8351a646d311f69545811dc726e4a2f41ac1941c1dece8c57df06864	a6ca4607f777d6bdcfd7b241286505370e9f20acb90a8023c3b0d78483ba2d71	RX_REQ_RUN
auto-caps-simdna	winpath-near-miss	whole-subject	changed	20767480bff8f4e5b19913b1d5d28a4c11134969ff2d3aaffd2f57607297e8ef	b9761e3543557b74705e2dece770573238b9a4a68cf7abe18b3b10e81dd22ae1	RX_REQ_RUN
auto-nocaps-simdna	balanced-parens-rec	plain	identical	06f4d3f5153b8e41d9f3c657bda0bc9e254488c322a79f80f18cdd908c03a40f	06f4d3f5153b8e41d9f3c657bda0bc9e254488c322a79f80f18cdd908c03a40f	RX_REQ_RUN
auto-nocaps-simdna	balanced-parens-rec	whole-subject	identical	305442d34c2121d2c3cb5b7bbc9e4075cbdef5609744820510824c403ba37953	305442d34c2121d2c3cb5b7bbc9e4075cbdef5609744820510824c403ba37953	RX_REQ_RUN
auto-nocaps-simdna	base10num-near-miss	plain	identical	2be9c91245cca1787c99050bf2d6a05d3325383d6c3d09ab5de593457137e727	2be9c91245cca1787c99050bf2d6a05d3325383d6c3d09ab5de593457137e727	RX_REQ_RUN
auto-nocaps-simdna	base10num-near-miss	whole-subject	identical	51e715a427dfcf17ff2ff7eda3b88a2d94c07809d8ab6ace25d2eb213e5e1a27	51e715a427dfcf17ff2ff7eda3b88a2d94c07809d8ab6ace25d2eb213e5e1a27	RX_REQ_RUN
auto-nocaps-simdna	bracket-array-define	plain	identical	aca7a0aaaa0b733ea74aaf14e4d42fdabf50ac98faca066b31fd1cb54ed7ab3b	aca7a0aaaa0b733ea74aaf14e4d42fdabf50ac98faca066b31fd1cb54ed7ab3b	RX_REQ_RUN
auto-nocaps-simdna	bracket-array-define	whole-subject	identical	871f3ae549f250195e0864581e98f8a8802d1ff66190e8f6f317f791b7f114c6	871f3ae549f250195e0864581e98f8a8802d1ff66190e8f6f317f791b7f114c6	RX_REQ_RUN
auto-nocaps-simdna	codegrammar-flat	plain	changed	92b7526f199b7c08795fed39411a93ad342d446a789e0c7c8fde25a9d55ec66d	6c6c565232349f150dd8f647e01d58514a82ccb3d100e0cdda78a8b822026455	RX_REQ_RUN
auto-nocaps-simdna	codegrammar-flat	whole-subject	changed	6492aa26b9ddacf328b0cc83ead4d8e46e90da42f6d69d62f076db8d4b2379c7	aca535d55ace382dae295e9bac67958eddcd593ebe30c5b618dfc0d9501a4cb5	RX_REQ_RUN
auto-nocaps-simdna	codegrammar-xflag	plain	changed	716200f6c66949e5a2200d712c813bc830b9343ba90f42c8767da3f3914795c3	20bd891f882e17e78afcc9ce46d07270b62a46e10771f5d5c0f741321bc33e63	RX_REQ_RUN
auto-nocaps-simdna	codegrammar-xflag	whole-subject	changed	891c90472081f65b75260157b486eec01bf13bc1b4595aae48ef1902fa65d8cd	cdae5b6b3ff49246b299ead6e7fd8e80a872fc237c0a22271278ef4323d5cc00	RX_REQ_RUN
auto-nocaps-simdna	currency-lookbehind-fixed	plain	identical	8b444772698a2a879644f024ff0220b90844f6cc243b4e5a48ef564bec723cf2	8b444772698a2a879644f024ff0220b90844f6cc243b4e5a48ef564bec723cf2	RX_REQ_RUN
auto-nocaps-simdna	currency-lookbehind-fixed	whole-subject	identical	ce5f88cb5abed56292153527ba4328e2949798fa53c60557f26994a26cba346f	ce5f88cb5abed56292153527ba4328e2949798fa53c60557f26994a26cba346f	RX_REQ_RUN
auto-nocaps-simdna	date-nested-plus	plain	identical	aa8536577dc7270f63a0d3c0b3ded0d671c20540fd5dcd1e8f56b18d3ce82561	aa8536577dc7270f63a0d3c0b3ded0d671c20540fd5dcd1e8f56b18d3ce82561	RX_REQ_RUN
auto-nocaps-simdna	date-nested-plus	whole-subject	identical	290aef386ac76f8cd6cc894d67d522fa7878a51d2cbdc3581d4cff92be03da96	290aef386ac76f8cd6cc894d67d522fa7878a51d2cbdc3581d4cff92be03da96	RX_REQ_RUN
auto-nocaps-simdna	doubled-word	plain	identical	e66e3c1f0bcd991cbd042759837c5328fd2c68add2f00c6deb9759625e3215f5	e66e3c1f0bcd991cbd042759837c5328fd2c68add2f00c6deb9759625e3215f5	RX_REQ_RUN
auto-nocaps-simdna	doubled-word	whole-subject	identical	711978f60cc83d9cedc526e7c4fbce6fa3f3aeb2c89382af9d3fc765fd6ca329	711978f60cc83d9cedc526e7c4fbce6fa3f3aeb2c89382af9d3fc765fd6ca329	RX_REQ_RUN
auto-nocaps-simdna	dup-param-detect	plain	changed	eab4f496be01d6d19a9b96d3be9198918f47b4967cafbab358f8f357af6c39ba	1b85a90e059cc7cc67240e2f9d1504c5b3b54a7c3bcc45c26dc7277d92c2cd5b	RX_REQ_RUN
auto-nocaps-simdna	dup-param-detect	whole-subject	changed	50db45d5a97b38416a4d162bb446cf6c9fa9c8f14ba2ac3795b0e70a85aac2e5	70a2fed97d499578841fa1d637e1e3f0c4f6fb0cc2617680a5b6fc5adc396dbe	RX_REQ_RUN
auto-nocaps-simdna	email-local-nodup	plain	identical	2ed4dde2f3e9fa3b27939bd41b34cc9321d65164fb22bef92c9f69ca48028d82	2ed4dde2f3e9fa3b27939bd41b34cc9321d65164fb22bef92c9f69ca48028d82	RX_REQ_RUN
auto-nocaps-simdna	email-local-nodup	whole-subject	identical	9085c0cfc9f53038ce4a28f24ee0076eb009d41fc9aa70ffc546038e5eb29edd	9085c0cfc9f53038ce4a28f24ee0076eb009d41fc9aa70ffc546038e5eb29edd	RX_REQ_RUN
auto-nocaps-simdna	email-nested-plus	plain	identical	395d56ef07fe02b420640510ff2711d16d1810d185c2ab23c1389ac37572fd45	395d56ef07fe02b420640510ff2711d16d1810d185c2ab23c1389ac37572fd45	RX_REQ_RUN
auto-nocaps-simdna	email-nested-plus	whole-subject	identical	94c0d09c1fb79b114698bb2eaee9f0c0bd3bf5cb65acc351dd262df3cee50319	94c0d09c1fb79b114698bb2eaee9f0c0bd3bf5cb65acc351dd262df3cee50319	RX_REQ_RUN
auto-nocaps-simdna	evil-alt-nested	plain	identical	ec4f20c1058a42c3e79cd911a06a67d89c59e2f26770b24e6981ab29b1a95fa0	ec4f20c1058a42c3e79cd911a06a67d89c59e2f26770b24e6981ab29b1a95fa0	RX_REQ_RUN
auto-nocaps-simdna	evil-alt-nested	whole-subject	identical	f530e3e1598e74e1e6368dcacf831cd0dcdf303fcb15716ead08ec372ed2dca1	f530e3e1598e74e1e6368dcacf831cd0dcdf303fcb15716ead08ec372ed2dca1	RX_REQ_RUN
auto-nocaps-simdna	file-ext-order	plain	changed	59fd49b713018b5b4dc9cb61f3301f92939c49d75e183069a775db0ad6c0c437	de56ba1d218248b104604243daf4e86475a53a6d51903bd2485bc3f5407ed647	RX_REQ_RUN
auto-nocaps-simdna	file-ext-order	whole-subject	changed	2859b052a8ca69f734b2c581522f5da228f746c8724b9f3759006266edc5d51d	c797bc3326fb059e4b12408f1deec84932b822d7a7eea0d6086c4c317a48e7d4	RX_REQ_RUN
auto-nocaps-simdna	float-literal-bound	plain	identical	6be56d57a2440192085a9c63a31d767fcd50d11ce8842fb12455ac65f0bb7132	6be56d57a2440192085a9c63a31d767fcd50d11ce8842fb12455ac65f0bb7132	RX_REQ_RUN
auto-nocaps-simdna	float-literal-bound	whole-subject	identical	8c9e9e98b8ab04291cc46f0fe9ab2d3d10365e2e76fbb9ab361c9a2a31552fd3	8c9e9e98b8ab04291cc46f0fe9ab2d3d10365e2e76fbb9ab361c9a2a31552fd3	RX_REQ_RUN
auto-nocaps-simdna	floor-byte	plain	identical	84addfbca40b44c1f4ed7338528d414e6ac371961972744effe7415764999700	84addfbca40b44c1f4ed7338528d414e6ac371961972744effe7415764999700	RX_REQ_RUN
auto-nocaps-simdna	floor-byte	whole-subject	identical	84e56cf6a8afa96d783b0d2ed41542eca57bef77f7207704ea43d1f5123b8fd4	84e56cf6a8afa96d783b0d2ed41542eca57bef77f7207704ea43d1f5123b8fd4	RX_REQ_RUN
auto-nocaps-simdna	high-byte-run	plain	identical	3e5b4e2add4d7ba7159740d29384906080b10cf7bdb0f885eabbd52e5818399e	3e5b4e2add4d7ba7159740d29384906080b10cf7bdb0f885eabbd52e5818399e	RX_REQ_RUN
auto-nocaps-simdna	high-byte-run	whole-subject	identical	16435318d50cfb3b5807933f2ea1a3eebb8548414bac07373894d4db45e74b5a	16435318d50cfb3b5807933f2ea1a3eebb8548414bac07373894d4db45e74b5a	RX_REQ_RUN
auto-nocaps-simdna	ipv4-near-miss	plain	identical	b7dff09892f4d3c9a5db6e917beea0f74b2841cdb328bd669c0d92f6459b423d	b7dff09892f4d3c9a5db6e917beea0f74b2841cdb328bd669c0d92f6459b423d	RX_REQ_RUN
auto-nocaps-simdna	ipv4-near-miss	whole-subject	identical	82e3c6b24948da36d67130fbd183d5b11a4a3d5344898190304cde4119ebea71	82e3c6b24948da36d67130fbd183d5b11a4a3d5344898190304cde4119ebea71	RX_REQ_RUN
auto-nocaps-simdna	keyword-prefix-order	plain	changed	5d09249641a93075045af273888ba57fc61d673733aba920c2b3e08d511b36a1	4d34a7829d8d92fbfdeaf43c9730f7f2eaf34e1bb9b3d6ded78e39764e1073cb	RX_REQ_RUN
auto-nocaps-simdna	keyword-prefix-order	whole-subject	changed	41cbb7ba37e0bae6c882062621aa8a484c7b26a07077fecdfe4cde01031ebded	507b1fd2ec9031cba44161c1e992d67f21edd58d5e046552ef1a78e1af704dea	RX_REQ_RUN
auto-nocaps-simdna	logparse-atomic	plain	changed	6c58f2f58546eefcd7d38e067bce3f47def216f11c866dbd7b28b985a13dc022	9402f6d0469647f82bc56401466dd4b0bd423b76439ab6b77c821c1cd8dc5a12	RX_REQ_RUN
auto-nocaps-simdna	logparse-atomic	whole-subject	changed	7fe9a60604f82b9be54ce2c797620520c8670b08582794c00af4113f431c594f	67636c30c6165dfa537a94ee00ee72fb2c13dc2ff8a65f98d3dd26e72f929da4	RX_REQ_RUN
auto-nocaps-simdna	logparse-atomic-removed	plain	changed	cc091effbb6d743d382d1839bef2eb8521b54aad361eabeb9819354b73ac55b1	32472ed9bef43ced90e35321037077045808c3eb11be9803868ab94ce4bb09ea	RX_REQ_RUN
auto-nocaps-simdna	logparse-atomic-removed	whole-subject	changed	8fe77726d28eec86b8a174008e194063b0d8b71876481cce262d635e25f35f26	009ed1cfa77d54878b27380d45c700c8ee9ed9c309b93e54ab51039d1de24c67	RX_REQ_RUN
auto-nocaps-simdna	mojibake-curly-quote	plain	identical	f1dade302dbe103c50ee69c036b37e73be7e5c924198645d87c118c80abae1cb	f1dade302dbe103c50ee69c036b37e73be7e5c924198645d87c118c80abae1cb	RX_REQ_RUN
auto-nocaps-simdna	mojibake-curly-quote	whole-subject	identical	953367ab796a57a0c980b4e3fddf618c8c3e5b75dc70b845791ee68835a4d8bb	953367ab796a57a0c980b4e3fddf618c8c3e5b75dc70b845791ee68835a4d8bb	RX_REQ_RUN
auto-nocaps-simdna	negation-scope-lookbehind-var	plain	refused-both	-	-	-
auto-nocaps-simdna	negation-scope-lookbehind-var	whole-subject	refused-both	-	-	-
auto-nocaps-simdna	nested-comment-rec	plain	changed	9861c0ff519832b392ba10c0000a641972daa9450ae5a03e0579361afde103c5	fdcf0e64206f10cecee9211ddb2ac692a651769d6d3d8893f2dbbc35adb33415	RX_REQ_RUN
auto-nocaps-simdna	nested-comment-rec	whole-subject	changed	f258b35f93477238ec051cae3c60d634e54447ca5338018df0188db732c1d169	b2dc304d83ac9118125cd77221761e507ae8f4fce91497d2bf4ff8cacfcd87cc	RX_REQ_RUN
auto-nocaps-simdna	numeric-id-nested-plus	plain	identical	d819bf835fc8a5c5cfa70b54b47ab1e80ce5b3f1f97e19b8702691bbd18ecd62	d819bf835fc8a5c5cfa70b54b47ab1e80ce5b3f1f97e19b8702691bbd18ecd62	RX_REQ_RUN
auto-nocaps-simdna	numeric-id-nested-plus	whole-subject	identical	f159553afc66d263b1df32c7f5c5666c3763dad3bf909484fd1429fd579f6e8e	f159553afc66d263b1df32c7f5c5666c3763dad3bf909484fd1429fd579f6e8e	RX_REQ_RUN
auto-nocaps-simdna	phone-list-nested-plus	plain	identical	4a2f6b1476cb08221ef54a8c8d2f759ec3c9ed8018476cb64fec3097e9a73041	4a2f6b1476cb08221ef54a8c8d2f759ec3c9ed8018476cb64fec3097e9a73041	RX_REQ_RUN
auto-nocaps-simdna	phone-list-nested-plus	whole-subject	identical	09a5ed3e7b844d07be270ca19def8a243aa3d5fe70a3b1efe37692e9187049c5	09a5ed3e7b844d07be270ca19def8a243aa3d5fe70a3b1efe37692e9187049c5	RX_REQ_RUN
auto-nocaps-simdna	phone-palindrome-6	plain	identical	5e4c61fa19828f9f7109625b08bb78ca34b1529b411f37abfd4556cac1b6efa2	5e4c61fa19828f9f7109625b08bb78ca34b1529b411f37abfd4556cac1b6efa2	RX_REQ_RUN
auto-nocaps-simdna	phone-palindrome-6	whole-subject	identical	7377547dda72ee51346824cc2044ebbef1f723628d3432124b85b50147a21e9e	7377547dda72ee51346824cc2044ebbef1f723628d3432124b85b50147a21e9e	RX_REQ_RUN
auto-nocaps-simdna	pwd-strength-chain	plain	identical	88b6d4e1fb88fbde9a281c43bd867df953d4dbce1750ca1b8ea4eee55ca6b013	88b6d4e1fb88fbde9a281c43bd867df953d4dbce1750ca1b8ea4eee55ca6b013	RX_REQ_RUN
auto-nocaps-simdna	pwd-strength-chain	whole-subject	identical	c48f64b900c111d72f45e367ef73d6df7cfb6dd8877f2d42159f1610128332eb	c48f64b900c111d72f45e367ef73d6df7cfb6dd8877f2d42159f1610128332eb	RX_REQ_RUN
auto-nocaps-simdna	quoted-delim-match	plain	identical	231ca1abc31df5d18bef3fc4fe1c67403787a5df5d5d35b4da21f0ed5b529c99	231ca1abc31df5d18bef3fc4fe1c67403787a5df5d5d35b4da21f0ed5b529c99	RX_REQ_RUN
auto-nocaps-simdna	quoted-delim-match	whole-subject	identical	0880f3c277416e15e1b869f64abc2f2a2d2a0ac2a319381ad383b09330817c0a	0880f3c277416e15e1b869f64abc2f2a2d2a0ac2a319381ad383b09330817c0a	RX_REQ_RUN
auto-nocaps-simdna	router-prefix-order	plain	changed	9ea8b80689b11ffe1544012f8dfbfbb21585ba806ce4133848223ec029914cde	747185dbb9a48f535a52ae5c2fde7b28d88ec868aca4f6d6ff6581c730f71664	RX_REQ_RUN
auto-nocaps-simdna	router-prefix-order	whole-subject	changed	4b1c96c6654efe4fa3fb1f06577db6f65ed307dd4a9e265fb87e48f001f19b6b	52408d21e65103dc922bb08c34a8f4bfb88cc9e27516735dbbc25a529e684331	RX_REQ_RUN
auto-nocaps-simdna	tag-depth3-bound	plain	changed	944256224d5a02807c71453114990251bba5be0704e7c0b11df8298026ab05b5	3aec48cbe4b5d753dc733a4ed4ea7b7d0bba477fe1a1d3900f7b1f5443351f57	RX_REQ_RUN
auto-nocaps-simdna	tag-depth3-bound	whole-subject	changed	c0a402818fb48d56acf595dc33a6affe0f3279222b74002f8a111af5e60e32b6	f6935f86058e5ddee356f8753f062a9725797b8058b89edf5c2a221d686163d3	RX_REQ_RUN
auto-nocaps-simdna	tag-pair-match	plain	changed	2103ebc288cb6edd69e05aecd3898a2e4444055b58d93ed310071f6bd7fc27bc	f0ea2448c4a15a3a427259a9c304f3b7bed3c3086863fda7221a4ae6920d081f	RX_REQ_RUN
auto-nocaps-simdna	tag-pair-match	whole-subject	changed	3abf47b8699e3d1fd588b24504f42007d7277b29f5a7cd21412f8a8adc764c6c	478b6ec869ddf760d6f9d6a5fdbbd27dbb329a82098f2449c156ebd6b9e21880	RX_REQ_RUN
auto-nocaps-simdna	trim-nested-star	plain	identical	a02380dd4def4f2a56f4d90c9c7ced0258d10bec6b8a1c51e0e0fa43917c21d2	a02380dd4def4f2a56f4d90c9c7ced0258d10bec6b8a1c51e0e0fa43917c21d2	RX_REQ_RUN
auto-nocaps-simdna	trim-nested-star	whole-subject	identical	a8a3f6748900313bc5444da7ad6a0a5c31f6f00a87ad78a595cfa4666f4ab57e	a8a3f6748900313bc5444da7ad6a0a5c31f6f00a87ad78a595cfa4666f4ab57e	RX_REQ_RUN
auto-nocaps-simdna	utf8-lead-no-cont	plain	identical	afac45762d24dc1ee1fab325cb1c6e9025856bbb95803488600a9592220334a7	afac45762d24dc1ee1fab325cb1c6e9025856bbb95803488600a9592220334a7	RX_REQ_RUN
auto-nocaps-simdna	utf8-lead-no-cont	whole-subject	identical	a55b19dad6cca14bb77b0e8011855f9d3c5b232a2fbcc7065b0db3c581e3fd4d	a55b19dad6cca14bb77b0e8011855f9d3c5b232a2fbcc7065b0db3c581e3fd4d	RX_REQ_RUN
auto-nocaps-simdna	uuid-near-miss	plain	identical	825a4daec56b01e4219fcdba7c2013f5b2e49d29dc8c109fb579ce7fa0953ed5	825a4daec56b01e4219fcdba7c2013f5b2e49d29dc8c109fb579ce7fa0953ed5	RX_REQ_RUN
auto-nocaps-simdna	uuid-near-miss	whole-subject	identical	6272e8155c80278be2412b55b87bff22d5a2165b500844b9670a413f5ba8a98c	6272e8155c80278be2412b55b87bff22d5a2165b500844b9670a413f5ba8a98c	RX_REQ_RUN
auto-nocaps-simdna	wild-codegrammar-json-array-begin	plain	identical	19e76dc30272655cfe4ffc2cfa850cc86d2ff1951b4ff3119f863a5c12098643	19e76dc30272655cfe4ffc2cfa850cc86d2ff1951b4ff3119f863a5c12098643	RX_REQ_RUN
auto-nocaps-simdna	wild-codegrammar-json-array-begin	whole-subject	identical	796f2b1d019bd18f9dfa55126fc5abaa205f580cee0818b22b4c517a907ddaf4	796f2b1d019bd18f9dfa55126fc5abaa205f580cee0818b22b4c517a907ddaf4	RX_REQ_RUN
auto-nocaps-simdna	wild-codegrammar-json-constant	plain	identical	bee9f3f67f267343ba382a763535555e5e0fe9c0f1ec7f25204070e50cbfd911	bee9f3f67f267343ba382a763535555e5e0fe9c0f1ec7f25204070e50cbfd911	RX_REQ_RUN
auto-nocaps-simdna	wild-codegrammar-json-constant	whole-subject	identical	7bf5d894502178c6f6f65c50e7b19b185efc6dfbf1f0280ae50628cc3d4f4993	7bf5d894502178c6f6f65c50e7b19b185efc6dfbf1f0280ae50628cc3d4f4993	RX_REQ_RUN
auto-nocaps-simdna	wild-codegrammar-json-number-extended	plain	identical	a6656a100ff0b5f5aa8356a7ace7b6b1a84d806bdb34e638159b2c35f046cc89	a6656a100ff0b5f5aa8356a7ace7b6b1a84d806bdb34e638159b2c35f046cc89	RX_REQ_RUN
auto-nocaps-simdna	wild-codegrammar-json-number-extended	whole-subject	identical	7c0be918d0d6c3f7226a6576e00fc6a1baec3f71ca0ae3eb990fb563357d7b97	7c0be918d0d6c3f7226a6576e00fc6a1baec3f71ca0ae3eb990fb563357d7b97	RX_REQ_RUN
auto-nocaps-simdna	wild-codegrammar-json-object-begin	plain	identical	cc7323e2b83336653a75b567ec30685f8c7afcb50f77f2fe209b497095bb19cb	cc7323e2b83336653a75b567ec30685f8c7afcb50f77f2fe209b497095bb19cb	RX_REQ_RUN
auto-nocaps-simdna	wild-codegrammar-json-object-begin	whole-subject	identical	b668310a2f9ad9bc69d7a7b393009ec316bf37b90aa562e75cb4efc650645424	b668310a2f9ad9bc69d7a7b393009ec316bf37b90aa562e75cb4efc650645424	RX_REQ_RUN
auto-nocaps-simdna	wild-codegrammar-json-stringcontent-escape	plain	identical	a89abcc9a1ac1fe04d47ad487324f35f379a07334b3d732e6ba28f2b4f2a15eb	a89abcc9a1ac1fe04d47ad487324f35f379a07334b3d732e6ba28f2b4f2a15eb	RX_REQ_RUN
auto-nocaps-simdna	wild-codegrammar-json-stringcontent-escape	whole-subject	identical	70b4f1075b68556f59cf233fbe09c8bfa4d16b4b6ae6c003758f82f595aed146	70b4f1075b68556f59cf233fbe09c8bfa4d16b4b6ae6c003758f82f595aed146	RX_REQ_RUN
auto-nocaps-simdna	wild-datetime-datefinder-alternation	plain	identical	454f96c2d78113cee25903b1bfe9852e7d72a212cf98c3799ae4556891ba371e	454f96c2d78113cee25903b1bfe9852e7d72a212cf98c3799ae4556891ba371e	RX_REQ_RUN
auto-nocaps-simdna	wild-datetime-datefinder-alternation	whole-subject	refused-both	-	-	-
auto-nocaps-simdna	wild-datetime-moment-iso8601	plain	identical	2c5193d13dd4cc0a682a7c23194bdf6973a316cea1bd810a094b9661a2110cf5	2c5193d13dd4cc0a682a7c23194bdf6973a316cea1bd810a094b9661a2110cf5	RX_REQ_RUN
auto-nocaps-simdna	wild-datetime-moment-iso8601	whole-subject	identical	888810f564b34e464240be49d8c8e83e6e4b8e6106bb2176b28f2dfb7959aff9	888810f564b34e464240be49d8c8e83e6e4b8e6106bb2176b28f2dfb7959aff9	RX_REQ_RUN
auto-nocaps-simdna	wild-logparse-base10num-grok	plain	identical	5d3dbd4bed8e63a5a9915233a7e490f22aa90df167bf63af1d58268f351390e5	5d3dbd4bed8e63a5a9915233a7e490f22aa90df167bf63af1d58268f351390e5	RX_REQ_RUN
auto-nocaps-simdna	wild-logparse-base10num-grok	whole-subject	identical	b8d5d40bf020712e56c3e7ab57acec8282d18b5d430f34c0d490c66ce0a2319c	b8d5d40bf020712e56c3e7ab57acec8282d18b5d430f34c0d490c66ce0a2319c	RX_REQ_RUN
auto-nocaps-simdna	wild-logparse-base10num-noatomic	plain	identical	279a0fba96ced3a4ddbd3a49730a9fbf4d622f16d1c424aefed5e89af4a6b40b	279a0fba96ced3a4ddbd3a49730a9fbf4d622f16d1c424aefed5e89af4a6b40b	RX_REQ_RUN
auto-nocaps-simdna	wild-logparse-base10num-noatomic	whole-subject	identical	79ecc9741477547ba5ff306ca437d1c34e3cf519260528aa97b0dcbf349a5370	79ecc9741477547ba5ff306ca437d1c34e3cf519260528aa97b0dcbf349a5370	RX_REQ_RUN
auto-nocaps-simdna	wild-logparse-quotedstring-grok	plain	identical	9e87bc736b768ec2c0811c7a2e55c6bb14f133627a70ddb4fcc2b503962372e9	9e87bc736b768ec2c0811c7a2e55c6bb14f133627a70ddb4fcc2b503962372e9	RX_REQ_RUN
auto-nocaps-simdna	wild-logparse-quotedstring-grok	whole-subject	identical	c0c64e8d78abce22604cac4dca41fc165f81fabc0a8bfb8341c2b66834e2db4d	c0c64e8d78abce22604cac4dca41fc165f81fabc0a8bfb8341c2b66834e2db4d	RX_REQ_RUN
auto-nocaps-simdna	wild-logparse-quotedstring-noatomic	plain	identical	e484af18afc9f90b0a3f4b828d45a172edb47ed9da476c23d29df81ce937ca0c	e484af18afc9f90b0a3f4b828d45a172edb47ed9da476c23d29df81ce937ca0c	RX_REQ_RUN
auto-nocaps-simdna	wild-logparse-quotedstring-noatomic	whole-subject	identical	7a03dadd8585b271aede6f25baae4ac219b6a0f4ccb916518bc3ce3efce7c100	7a03dadd8585b271aede6f25baae4ac219b6a0f4ccb916518bc3ce3efce7c100	RX_REQ_RUN
auto-nocaps-simdna	wild-logparse-syslogbase-expanded	plain	changed	2ee43e8f155d4cd542ab9a001168127b844e9a79a7bf5333e576ef8ee7828995	5e69b7e013ce49e3d3ca596da15ea76ff4468bbbda23eedc23305afec5842e7e	RX_REQ_RUN
auto-nocaps-simdna	wild-logparse-syslogbase-expanded	whole-subject	changed	fc59aa03adf216d44af93c3fdab444e3bef7c0df03993fcdad26cbf70fd37d51	a268741fe290f33558bda7bbe76e2ef5cd97f5ffbe2c6008f3a5de15353926ea	RX_REQ_RUN
auto-nocaps-simdna	wild-logparse-winpath-grok	plain	identical	39deb55e01765bd1eaeab29bae3045ce3fd59b0f1dd8db04b94d2b0c24ea3efe	39deb55e01765bd1eaeab29bae3045ce3fd59b0f1dd8db04b94d2b0c24ea3efe	RX_REQ_RUN
auto-nocaps-simdna	wild-logparse-winpath-grok	whole-subject	identical	084a9cda8444fd0cf7824db0db27da9ac997f5b4393186ec1e375f028fbc0a4a	084a9cda8444fd0cf7824db0db27da9ac997f5b4393186ec1e375f028fbc0a4a	RX_REQ_RUN
auto-nocaps-simdna	wild-secrets-aws-access-key-id	plain	identical	5915e19cbec546218a98c940a16cf22b2f6f8662fd7c7e65fa20cc826ce67906	5915e19cbec546218a98c940a16cf22b2f6f8662fd7c7e65fa20cc826ce67906	RX_REQ_RUN
auto-nocaps-simdna	wild-secrets-aws-access-key-id	whole-subject	identical	458f3c0a4a8f7137fbe4e64ad46a7fd9597050450bfb34658f62e7eee5b05703	458f3c0a4a8f7137fbe4e64ad46a7fd9597050450bfb34658f62e7eee5b05703	RX_REQ_RUN
auto-nocaps-simdna	wild-secrets-github-pat	plain	changed	3cab00ac3ab645c225b41abcb59f9992576db7a0b7e3244752532e98cf5a57e0	1a679a7f08729af7ea14ea5e7bece40a0065f8d3efb35de8bf139c10442ba6ee	RX_REQ_RUN
auto-nocaps-simdna	wild-secrets-github-pat	whole-subject	changed	8eb2077f98626ca1a49bfa954fe30fac56a719ed5ac2c5b62ca45ae2098c1a0d	cf463afe121487d1d626ef5c1d685e2817eb59a4d86c1bcb85e388a0e9fde31c	RX_REQ_RUN
auto-nocaps-simdna	wild-secrets-slack-webhook-url	plain	changed	97001cf2395e9ec584e04f419b5239be863d4369f95156c424f77564727d92a0	389dd99af7c57c8354a5a0c393ee30c8063798e1623b39ee7a3438d6f42a286c	RX_REQ_RUN
auto-nocaps-simdna	wild-secrets-slack-webhook-url	whole-subject	changed	61f80a2ab8703e5235f2f18ce3bfe1c87b49a1d6a8397cbea91e7f75b6e674fe	ea1e1df4a3c2c55443911d9cf4e5ec0e5e4e29b01ac94d0bd7d53aec79718658	RX_REQ_RUN
auto-nocaps-simdna	wild-secrets-username-password-pair	plain	identical	40708557aa199ce1acfa723116b7d626d37861dfad89b147dd5b293b1d17cf47	40708557aa199ce1acfa723116b7d626d37861dfad89b147dd5b293b1d17cf47	RX_REQ_RUN
auto-nocaps-simdna	wild-secrets-username-password-pair	whole-subject	identical	c8b963876ae5c4099101caa74f0fbaef5bbef8374068bd1eba43f7efbbb2023d	c8b963876ae5c4099101caa74f0fbaef5bbef8374068bd1eba43f7efbbb2023d	RX_REQ_RUN
auto-nocaps-simdna	wild-semdiv-altorder-foo-foobar-rustregex	plain	changed	53930bae55a40535d576e55f6d926644557b8894631509c6051379da89176d21	d14910d7a8b97ab5ccad51740ab0e950385afe0f95885783bb3b3365beb78b9d	RX_REQ_RUN
auto-nocaps-simdna	wild-semdiv-altorder-foo-foobar-rustregex	whole-subject	changed	033ef9d23ac2db70704d742090db6221031f1d8e1e3cab5b173cfa91332bf41a	2294f9cc5a2a478b58077f0c7a9d68d5ebbd98374b6aae0f56601cb75d2ce3f8	RX_REQ_RUN
auto-nocaps-simdna	wild-semdiv-dollar-trailing-newline-pcre2	plain	changed	b5c9ff443df0650cca872f011ce16efc06c6eb75f592187461f3fc87d2469d44	231ec6c48f61f47ad559da85bbceeee30b242fd32e4bf8c982c5e20dd653b358	RX_REQ_RUN
auto-nocaps-simdna	wild-semdiv-dollar-trailing-newline-pcre2	whole-subject	changed	1751370a217c76d62b40fdfb5c06b8903c8b707e24dff35eaab95a8a28d1bd14	e0576f90305a15c0cc03d7a71e84807173a02606c6dfe82f51107f665e1e24f6	RX_REQ_RUN
auto-nocaps-simdna	wild-semdiv-empty-alt-repeat-pcre2	plain	identical	faa70a8968c768d46dc2a8b86b03988a74d9f68142f369e195cdf7631c528f38	faa70a8968c768d46dc2a8b86b03988a74d9f68142f369e195cdf7631c528f38	RX_REQ_RUN
auto-nocaps-simdna	wild-semdiv-empty-alt-repeat-pcre2	whole-subject	identical	5e528a23d6e7819a0f567bd1c8329e66021be3f01c38ec12656ed86e4ad5342f	5e528a23d6e7819a0f567bd1c8329e66021be3f01c38ec12656ed86e4ad5342f	RX_REQ_RUN
auto-nocaps-simdna	wild-validator-email-owasp	plain	changed	110d965a7b2ce0b6b2206066c50717e5118e8e520cd427552a705d143f418568	6b12a6cf66c0dd4ab230538854a93015508b87708527c26d5878cae103a9eec1	RX_REQ_RUN
auto-nocaps-simdna	wild-validator-email-owasp	whole-subject	changed	2468606159890ebf8d8d7c9ec04db30e4cfd6d2583ae2ed94777276296c4664b	666b1d5d05d345bad16ee5bad5737fd4b165bf21b5c9be36ea8212e85fee8299	RX_REQ_RUN
auto-nocaps-simdna	wild-validator-ipv4-owasp	plain	identical	71855318ff8ef7e0002f07b7d0f060f2083e70098179bc701b5c89b980aae05d	71855318ff8ef7e0002f07b7d0f060f2083e70098179bc701b5c89b980aae05d	RX_REQ_RUN
auto-nocaps-simdna	wild-validator-ipv4-owasp	whole-subject	identical	5db18f7725d0187567c952b64f1b53792bd2d7510dda2db07a4f54c9a00ad2cd	5db18f7725d0187567c952b64f1b53792bd2d7510dda2db07a4f54c9a00ad2cd	RX_REQ_RUN
auto-nocaps-simdna	wild-validator-us-zip-owasp	plain	identical	bf28c09b6b5144b87498505e5a39829585b089114d78924b4f4b7fffe7d8b701	bf28c09b6b5144b87498505e5a39829585b089114d78924b4f4b7fffe7d8b701	RX_REQ_RUN
auto-nocaps-simdna	wild-validator-us-zip-owasp	whole-subject	identical	f6d6ca20dcea8799213e7754c19ed7616084f4a78b130651209e5d26518de102	f6d6ca20dcea8799213e7754c19ed7616084f4a78b130651209e5d26518de102	RX_REQ_RUN
auto-nocaps-simdna	wild-validator-uuid-grok	plain	identical	aa968f22c27499725e39a3f7a55fc1f94c460cdc3171da43de1dd6528d3829b0	aa968f22c27499725e39a3f7a55fc1f94c460cdc3171da43de1dd6528d3829b0	RX_REQ_RUN
auto-nocaps-simdna	wild-validator-uuid-grok	whole-subject	identical	46deefd2ef938d488130bea7814bcfec2543284bae67bfc7d7287c779edafcce	46deefd2ef938d488130bea7814bcfec2543284bae67bfc7d7287c779edafcce	RX_REQ_RUN
auto-nocaps-simdna	wild-waf-crs-942140-dbnames	plain	identical	984137da22e136d4461ca6e1d23921a1319ec2ccdab151776a97a9536149d914	984137da22e136d4461ca6e1d23921a1319ec2ccdab151776a97a9536149d914	RX_REQ_RUN
auto-nocaps-simdna	wild-waf-crs-942140-dbnames	whole-subject	identical	174956ce20c6afbbc59dab2773513f1808f9d2844e28737faa32c8ef7b7971fb	174956ce20c6afbbc59dab2773513f1808f9d2844e28737faa32c8ef7b7971fb	RX_REQ_RUN
auto-nocaps-simdna	wild-waf-crs-942160-sleep-benchmark	plain	identical	836d1d0ff30cf5f3772d14679e66ddfa4003b6d078467c4774525706cb6f93bc	836d1d0ff30cf5f3772d14679e66ddfa4003b6d078467c4774525706cb6f93bc	RX_REQ_RUN
auto-nocaps-simdna	wild-waf-crs-942160-sleep-benchmark	whole-subject	identical	1c89cb61a081f5b0ce0df47693f88b0817c0fad0d0999ce257d9da3e4a9b8ab7	1c89cb61a081f5b0ce0df47693f88b0817c0fad0d0999ce257d9da3e4a9b8ab7	RX_REQ_RUN
auto-nocaps-simdna	wild-waf-crs-942270-union-select	plain	identical	4c4f6855defadaedf7af14a3d16c9d16e30ff0dc0ba423e305f81c95dc6411ba	4c4f6855defadaedf7af14a3d16c9d16e30ff0dc0ba423e305f81c95dc6411ba	RX_REQ_RUN
auto-nocaps-simdna	wild-waf-crs-942270-union-select	whole-subject	identical	dcf6a11e7e84390d0a4dc3cc83ef1b2a653641851a9c6d6611c6d7e4d0d1903c	dcf6a11e7e84390d0a4dc3cc83ef1b2a653641851a9c6d6611c6d7e4d0d1903c	RX_REQ_RUN
auto-nocaps-simdna	wild-waf-crs-942360-concat-sqli	plain	identical	ded4bc2aaf23a429aba45cf91e78b32c20af2956fa9c99b1c633fa0bfde4b228	ded4bc2aaf23a429aba45cf91e78b32c20af2956fa9c99b1c633fa0bfde4b228	RX_REQ_RUN
auto-nocaps-simdna	wild-waf-crs-942360-concat-sqli	whole-subject	identical	444d62ad921093a751e95ba2e2908f7c26a930dd68a40360e1c2b09ab1938d42	444d62ad921093a751e95ba2e2908f7c26a930dd68a40360e1c2b09ab1938d42	RX_REQ_RUN
auto-nocaps-simdna	wild-waf-crs-942500-comment-obfuscation	plain	changed	fa0409898413919e4a736019f03c4207cc3cff7cca8c001059db1f70394e0a01	37ec05f6d9ab5f185d9e9b35f9e80c92aad8c2833ecc702084010895cbacbb90	RX_REQ_RUN
auto-nocaps-simdna	wild-waf-crs-942500-comment-obfuscation	whole-subject	changed	4327a54eab1b3b9233cc4671e6adcd258aa59797c65a8c4f667504293b82ee3c	fd882936b126cf50125fa300fa3f8c6cae0719f1ce0d1e808145b71e840811e0	RX_REQ_RUN
auto-nocaps-simdna	winpath-near-miss	plain	changed	76fdafdf6832488ecc5ebe21b47e43b7970f45aa935469135d1e8dc9cde9ad26	af698c9928b198ad4018bb55b423707b46a37eb1d2d6112d89a67ce07c14b4b9	RX_REQ_RUN
auto-nocaps-simdna	winpath-near-miss	whole-subject	changed	597fa1d8932a5b1215e7fdec96134a58196e7587ab7b035d3a153e8e84c047d2	3f2dc229f997df4c6a15bc69e37cad0c08a7a4dc18d33c7b232eaf34170acb2b	RX_REQ_RUN
vm-caps-simdna	balanced-parens-rec	plain	identical	738954a65305564cf3f0131b0944cb8d4430baf95a198a9ce41ec304fc69033a	738954a65305564cf3f0131b0944cb8d4430baf95a198a9ce41ec304fc69033a	RX_REQ_RUN
vm-caps-simdna	balanced-parens-rec	whole-subject	identical	c958b03e25d05f6a6b53bf863f65824335d5f07f4984961704ca95409c0bd284	c958b03e25d05f6a6b53bf863f65824335d5f07f4984961704ca95409c0bd284	RX_REQ_RUN
vm-caps-simdna	base10num-near-miss	plain	identical	3caefcfc92a4393cdd7d599e992f9a5387d72221e26de789b79f34bccda710a0	3caefcfc92a4393cdd7d599e992f9a5387d72221e26de789b79f34bccda710a0	RX_REQ_RUN
vm-caps-simdna	base10num-near-miss	whole-subject	identical	8b9238882b1a443d8187e2daa4feb3602e2d2ee90b59abe1055c2e3d74039bbb	8b9238882b1a443d8187e2daa4feb3602e2d2ee90b59abe1055c2e3d74039bbb	RX_REQ_RUN
vm-caps-simdna	bracket-array-define	plain	identical	5fac202eb69f599f5d850d90100c44668d3651c772e305a616d20dfa662e2da1	5fac202eb69f599f5d850d90100c44668d3651c772e305a616d20dfa662e2da1	RX_REQ_RUN
vm-caps-simdna	bracket-array-define	whole-subject	identical	702d8a8550b8f0978bd27b0d1494568f9f3aabb46f909f9002a466c93f4a4554	702d8a8550b8f0978bd27b0d1494568f9f3aabb46f909f9002a466c93f4a4554	RX_REQ_RUN
vm-caps-simdna	codegrammar-flat	plain	changed	739560800e6f1709913ce8e4a37bba03b40dc5a0ab331c22bb7e66e968bb92ef	ed4479f592765fad4a5576d986741f6317d2415bb40452e15ba65713bc4edeb5	RX_REQ_RUN
vm-caps-simdna	codegrammar-flat	whole-subject	changed	6ac0dc80c8d13213dc6e922cbf4d06f09c5dd957a0be606c94e608c6f1420d37	2865b608718c682af9f141254a2375bf21806f68f999f47e5921f05b19e6352e	RX_REQ_RUN
vm-caps-simdna	codegrammar-xflag	plain	changed	466aca94cab5924be1684fcea4ec54ea229a179603f5ad599e231ab1c393abb7	351bf8a9c79de7d42494bd30d7389a834466a0133c706efcc568bb0220600a87	RX_REQ_RUN
vm-caps-simdna	codegrammar-xflag	whole-subject	changed	2515ec0767b8296f1fe500fc9bf84bdc8106d74590f75fe425ba9fd28eaa1476	a8357accb84ed63f1370eee03ff1e38bf074fc7f844b9e5ac20a07a20c9f3717	RX_REQ_RUN
vm-caps-simdna	currency-lookbehind-fixed	plain	identical	078d3aa57b3c29b0fcbdf94f300b3f927cf6aa0d3dce1d609939ff224aa580c4	078d3aa57b3c29b0fcbdf94f300b3f927cf6aa0d3dce1d609939ff224aa580c4	RX_REQ_RUN
vm-caps-simdna	currency-lookbehind-fixed	whole-subject	identical	cc155b2ee6f8d392fed93530c0c084a1983ba80c4e55aebee33636b433ce05ca	cc155b2ee6f8d392fed93530c0c084a1983ba80c4e55aebee33636b433ce05ca	RX_REQ_RUN
vm-caps-simdna	date-nested-plus	plain	identical	a80394d32c6ec1f12e4c218d1ccd855bdb2cad95a4d5664c7c7379b3e6986283	a80394d32c6ec1f12e4c218d1ccd855bdb2cad95a4d5664c7c7379b3e6986283	RX_REQ_RUN
vm-caps-simdna	date-nested-plus	whole-subject	identical	2df14c6bc58f191c4a5e96ec3d82ca86c35cd9930aac02fd67e4a86fd4a0734f	2df14c6bc58f191c4a5e96ec3d82ca86c35cd9930aac02fd67e4a86fd4a0734f	RX_REQ_RUN
vm-caps-simdna	doubled-word	plain	identical	5ab54d7383b3a547f5535dea264de8209223ebffb019ebc4f6e9da4d877dcb02	5ab54d7383b3a547f5535dea264de8209223ebffb019ebc4f6e9da4d877dcb02	RX_REQ_RUN
vm-caps-simdna	doubled-word	whole-subject	identical	781a4418cca969a6db25450a1817b069ecd1e880eded2d2fcdc4010dc10b22be	781a4418cca969a6db25450a1817b069ecd1e880eded2d2fcdc4010dc10b22be	RX_REQ_RUN
vm-caps-simdna	dup-param-detect	plain	changed	5693ea79d0cbb6cc5f3d95556edcfc717cb056a88112043b71a646572aa127ee	c494b4478184881079e8d04e1db09f3ae990b79b3634e72f9fed2aad419e43eb	RX_REQ_RUN
vm-caps-simdna	dup-param-detect	whole-subject	changed	f52fa019066eed78c983a3cb1ae96dfa61c450c59238b831235bd5be45e99e47	cfd5c418dd5ca997c4afa753060cb96be56c74ee85c0e5fc1df5b00f7a8fe095	RX_REQ_RUN
vm-caps-simdna	email-local-nodup	plain	identical	69e1701291b47595ca0afcd92f1f38b33c2b45fc8f11e4153ba32243e60f405f	69e1701291b47595ca0afcd92f1f38b33c2b45fc8f11e4153ba32243e60f405f	RX_REQ_RUN
vm-caps-simdna	email-local-nodup	whole-subject	identical	b2ffb850b2499ca90a73c39decf645ce55881e2884c4969363a827b00ef2cec8	b2ffb850b2499ca90a73c39decf645ce55881e2884c4969363a827b00ef2cec8	RX_REQ_RUN
vm-caps-simdna	email-nested-plus	plain	identical	94cb9a62ae7dcd750bf7af9e9a55a13702b3a6773bb403da3852a88db00e9695	94cb9a62ae7dcd750bf7af9e9a55a13702b3a6773bb403da3852a88db00e9695	RX_REQ_RUN
vm-caps-simdna	email-nested-plus	whole-subject	identical	9ef62791fb78daf13def506d230de38f7ffa7757f399807e74cb2166780f915a	9ef62791fb78daf13def506d230de38f7ffa7757f399807e74cb2166780f915a	RX_REQ_RUN
vm-caps-simdna	evil-alt-nested	plain	identical	2b8800d07b6cbef5907ee1b480dd354438108651079a666ca27dedcb84a61e04	2b8800d07b6cbef5907ee1b480dd354438108651079a666ca27dedcb84a61e04	RX_REQ_RUN
vm-caps-simdna	evil-alt-nested	whole-subject	identical	a36aa6a1375cbfcd5caee0795271be811749c63869b1473a2742ba5122215717	a36aa6a1375cbfcd5caee0795271be811749c63869b1473a2742ba5122215717	RX_REQ_RUN
vm-caps-simdna	file-ext-order	plain	changed	af9ca0a35b57bae6095e47bf79ee7e553bf3153c94a4e1948cfb6966d86d92fa	f2551597ac753113f803ef0b00ab999e8bd732c851ac7fb38863ac2e9ae608dd	RX_REQ_RUN
vm-caps-simdna	file-ext-order	whole-subject	changed	989fc5e7a71d2854af59d3ba3ff5d41c66cc889770370452cc1340ee90cc8aab	713750ed2a2785c1e750d3cc49c63c724877f3ed7a11e2fde31f48265d4651ce	RX_REQ_RUN
vm-caps-simdna	float-literal-bound	plain	identical	65b7162fef3deb12fd80e429b8e7b71a45bb8343d8599c9b71ce7d649337a2cb	65b7162fef3deb12fd80e429b8e7b71a45bb8343d8599c9b71ce7d649337a2cb	RX_REQ_RUN
vm-caps-simdna	float-literal-bound	whole-subject	identical	2385e6c2bd8675b1b6d9ee0691bb712bc8099749d8620df69434fc7ed154900e	2385e6c2bd8675b1b6d9ee0691bb712bc8099749d8620df69434fc7ed154900e	RX_REQ_RUN
vm-caps-simdna	floor-byte	plain	identical	bc8803a8cb7dacbe75e4c3815a65da2f48ab0ed14818475c2501c12a430bab72	bc8803a8cb7dacbe75e4c3815a65da2f48ab0ed14818475c2501c12a430bab72	RX_REQ_RUN
vm-caps-simdna	floor-byte	whole-subject	identical	6134035a30acbe7736b321ec6d78e5ca7544e36ea7d9f1722bf891b7617db9bc	6134035a30acbe7736b321ec6d78e5ca7544e36ea7d9f1722bf891b7617db9bc	RX_REQ_RUN
vm-caps-simdna	high-byte-run	plain	identical	157c729b8bb2074fbf07e5d3a343ed35b59b44bc496669bc6b8833bb17ee4e41	157c729b8bb2074fbf07e5d3a343ed35b59b44bc496669bc6b8833bb17ee4e41	RX_REQ_RUN
vm-caps-simdna	high-byte-run	whole-subject	identical	d1315d01f4a51d18599ace16cd293d13058f5f0925c8fb194785558dba3c9b59	d1315d01f4a51d18599ace16cd293d13058f5f0925c8fb194785558dba3c9b59	RX_REQ_RUN
vm-caps-simdna	ipv4-near-miss	plain	identical	4b62d73c9a27f63bf274f4eda84d680b32ca36ec26e0be6a94a50ded777ca63c	4b62d73c9a27f63bf274f4eda84d680b32ca36ec26e0be6a94a50ded777ca63c	RX_REQ_RUN
vm-caps-simdna	ipv4-near-miss	whole-subject	identical	807b6e7ab868d722e9f3312ce705a046aeceb79d5b4caa382cea78672db50a90	807b6e7ab868d722e9f3312ce705a046aeceb79d5b4caa382cea78672db50a90	RX_REQ_RUN
vm-caps-simdna	keyword-prefix-order	plain	changed	34d32e0d2747b2e6edc4f352abea162182e3fe99eff4e0608c9b6efa739cb0a3	5f8365a6a6d6cad51ce8d44df4c56fec23ea42214a64a22c75498e7732fceaeb	RX_REQ_RUN
vm-caps-simdna	keyword-prefix-order	whole-subject	changed	b394b420f8fed42efead856f30c1dcaf853866d1c1a622a844f8a2d097a1c836	21d24a2ff8fe5fbceab5f6da0ad0a6a59dd401f7d6813f9622a5a7dc9f8db39d	RX_REQ_RUN
vm-caps-simdna	logparse-atomic	plain	changed	589dcaaee7fbae82ee5ee75d319911f839c62741b264a5a717ff242622ea8185	31996a025ddd4246b2a9eb9c00827708a74ff92c954b2974971af9d57cde216b	RX_REQ_RUN
vm-caps-simdna	logparse-atomic	whole-subject	changed	82754089c7b4688ddaf5b0da22ffbbcb460a5318d2aad07a6c07281cb77dce2d	18ef942af1465ff85c0a243f1a60285ee3ca3c8540bd9274f02ab054f12921f5	RX_REQ_RUN
vm-caps-simdna	logparse-atomic-removed	plain	changed	9b15992415240c48a583e1f19493e0d04422b7ca4890eb266c93242cba5ca816	bad5e066b659a17094a4f5688e82208d3685d8875cb84b3dceca56adb8a2295f	RX_REQ_RUN
vm-caps-simdna	logparse-atomic-removed	whole-subject	changed	8a0b229501e0c7992277169263858a9b2b3e2a56ae12ed5d75747f7e199687f0	a4b86f8fc5e2319b9f3e015e753846b5abdc35c1cfec2abd20bba7d899d289dd	RX_REQ_RUN
vm-caps-simdna	mojibake-curly-quote	plain	identical	09e8a294eb01046c2cf22abc66bc92be1768558167e15f8668b9059970c98f1c	09e8a294eb01046c2cf22abc66bc92be1768558167e15f8668b9059970c98f1c	RX_REQ_RUN
vm-caps-simdna	mojibake-curly-quote	whole-subject	identical	9890fb0f37a35a4baf7ff761b30b16ac04d611070bfb91f385a2892bb2fd933e	9890fb0f37a35a4baf7ff761b30b16ac04d611070bfb91f385a2892bb2fd933e	RX_REQ_RUN
vm-caps-simdna	negation-scope-lookbehind-var	plain	refused-both	-	-	-
vm-caps-simdna	negation-scope-lookbehind-var	whole-subject	refused-both	-	-	-
vm-caps-simdna	nested-comment-rec	plain	changed	20e21c8c0e83a60c50f17bb2bd31961e83cf99cf6fc9069a6b8932a648c77e88	826780a15ef8aa35eb03b1fcc651c4afd3dfdaee24e4dc746dcbc4314ac1870a	RX_REQ_RUN
vm-caps-simdna	nested-comment-rec	whole-subject	changed	9c335e59e2b8556707d31ba0b2a4f12b2152f8b5489eb852fcfc017e0ebdaf36	71be07fc8b82bab7917de85147945338b1f8fd49d03ef8656a3349e7c5c308c7	RX_REQ_RUN
vm-caps-simdna	numeric-id-nested-plus	plain	identical	180660d59a7100634e69a88c16c8577cc5f4108c0b2d3ac8385a6d30c39438cd	180660d59a7100634e69a88c16c8577cc5f4108c0b2d3ac8385a6d30c39438cd	RX_REQ_RUN
vm-caps-simdna	numeric-id-nested-plus	whole-subject	identical	92c4ab6c63e7ca43d6e82907ae2107f92c6f6faf24b943778371e2b0eb96bc18	92c4ab6c63e7ca43d6e82907ae2107f92c6f6faf24b943778371e2b0eb96bc18	RX_REQ_RUN
vm-caps-simdna	phone-list-nested-plus	plain	identical	9acea7f3123c84d5bbcb3b7ef1ed61058a3b3d711f3b3a66b52b90abe21ef0d0	9acea7f3123c84d5bbcb3b7ef1ed61058a3b3d711f3b3a66b52b90abe21ef0d0	RX_REQ_RUN
vm-caps-simdna	phone-list-nested-plus	whole-subject	identical	fe239a29ab8b333e4fe7b19e331d223d6ca1c456b04c9d0b4f96cf9b9cf8d6a9	fe239a29ab8b333e4fe7b19e331d223d6ca1c456b04c9d0b4f96cf9b9cf8d6a9	RX_REQ_RUN
vm-caps-simdna	phone-palindrome-6	plain	identical	b5d66321291574737cb7a1d349e00723a0bdbd6e7fb1a53c6af5fe90cea5b973	b5d66321291574737cb7a1d349e00723a0bdbd6e7fb1a53c6af5fe90cea5b973	RX_REQ_RUN
vm-caps-simdna	phone-palindrome-6	whole-subject	identical	8d88d5a3a977c61de93036fd72a7b493e1fc7f369d7e0e69482a45e4d97f13dc	8d88d5a3a977c61de93036fd72a7b493e1fc7f369d7e0e69482a45e4d97f13dc	RX_REQ_RUN
vm-caps-simdna	pwd-strength-chain	plain	identical	45213bb603fb997f322cd755f0489d933e1cdb37835df54cf50045006e32f1e4	45213bb603fb997f322cd755f0489d933e1cdb37835df54cf50045006e32f1e4	RX_REQ_RUN
vm-caps-simdna	pwd-strength-chain	whole-subject	identical	77cd21eb7ed2c9ba23bb9a6e3c93d6b56e733fc7995490319e8621941d3f51c1	77cd21eb7ed2c9ba23bb9a6e3c93d6b56e733fc7995490319e8621941d3f51c1	RX_REQ_RUN
vm-caps-simdna	quoted-delim-match	plain	identical	6ebe03ad5c0764ae9d32d5a0fb5a2bac017c96a1184a8aa65f3118f11e0d8e1d	6ebe03ad5c0764ae9d32d5a0fb5a2bac017c96a1184a8aa65f3118f11e0d8e1d	RX_REQ_RUN
vm-caps-simdna	quoted-delim-match	whole-subject	identical	faa33e7d9bbc84ef7be73901f2d951e15b4d4321b6ceec040d3ff8f3bce99cc8	faa33e7d9bbc84ef7be73901f2d951e15b4d4321b6ceec040d3ff8f3bce99cc8	RX_REQ_RUN
vm-caps-simdna	router-prefix-order	plain	changed	a8b6f6895d25c286ff71a52700dcb962fe591450cf153a583a613c57190ab7b8	5600e5fcb5cefc4ada13db03176948dc7d0a6e03d8fd85265d633b0174f13dc0	RX_REQ_RUN
vm-caps-simdna	router-prefix-order	whole-subject	changed	6b2f2030a5538b13a1fbdc2e44ae048cff03662020d5a2df5568e1a1a970d3db	76c12fa2af11f9c9006a32edea46f5666352bcfe5bf757e3fbbc1ca686485a02	RX_REQ_RUN
vm-caps-simdna	tag-depth3-bound	plain	changed	cc8541fe763606c769971763112a32bc26678fe73b1340bbb6262d5beba19193	68cdeef7f82f5f97c27c811131f7081b8ebc18a5dc4e2849a5cd0e929c8a6003	RX_REQ_RUN
vm-caps-simdna	tag-depth3-bound	whole-subject	changed	d0cda3b1cf875c83b29e21ed71eec6ceb9cffd17287cb9799ea050bc2829f8f1	ad1f7088fe6b1840f6220ff733881a8162520a540bd1479d9b9081b855babd2a	RX_REQ_RUN
vm-caps-simdna	tag-pair-match	plain	changed	4633a32a6a45094d07688c64e3d19b951af96e8cb40698db91012bbbab87acaf	e209f28ec54ae0248fb465a6a207a998a05d54f985153730eb4b2697da9a7a84	RX_REQ_RUN
vm-caps-simdna	tag-pair-match	whole-subject	changed	89e7903f4202e3ca5935b4220030e03e7ad99fe5784c5cbadd4866f17c6f3180	218433fb0f6bcff2247718b4bff6a6b5fb10cba13f0a57b3501b882a5047548a	RX_REQ_RUN
vm-caps-simdna	trim-nested-star	plain	identical	709e16cce010c19bf850605abcfa855e7c01e4b8c6f0caec1407c9277a981c0d	709e16cce010c19bf850605abcfa855e7c01e4b8c6f0caec1407c9277a981c0d	RX_REQ_RUN
vm-caps-simdna	trim-nested-star	whole-subject	identical	dad7d2d48d956f5a98864cbe2582b398949c944037e218894935a62cbbeeb74c	dad7d2d48d956f5a98864cbe2582b398949c944037e218894935a62cbbeeb74c	RX_REQ_RUN
vm-caps-simdna	utf8-lead-no-cont	plain	identical	695f0302f83a56126c28ad82efa75c5b206effac51e920753280ee151dfbe8f8	695f0302f83a56126c28ad82efa75c5b206effac51e920753280ee151dfbe8f8	RX_REQ_RUN
vm-caps-simdna	utf8-lead-no-cont	whole-subject	identical	a7240e553e2685628f3a96ec9170bb61893c05397cd18092fc1699b54fc9d6e5	a7240e553e2685628f3a96ec9170bb61893c05397cd18092fc1699b54fc9d6e5	RX_REQ_RUN
vm-caps-simdna	uuid-near-miss	plain	identical	f679f4b6f97110bdd35558a02003189cf4062e9b62d00d6802ff2e0aadc31ff1	f679f4b6f97110bdd35558a02003189cf4062e9b62d00d6802ff2e0aadc31ff1	RX_REQ_RUN
vm-caps-simdna	uuid-near-miss	whole-subject	identical	1dfe2de91d5445e6cb3b65c9cb982eaa28efed0e4621fb2354983a72f23c129c	1dfe2de91d5445e6cb3b65c9cb982eaa28efed0e4621fb2354983a72f23c129c	RX_REQ_RUN
vm-caps-simdna	wild-codegrammar-json-array-begin	plain	identical	3d04bafc437705ab4f1f564226d0aeb0d255414a5d2e44402e4cd385019b78d2	3d04bafc437705ab4f1f564226d0aeb0d255414a5d2e44402e4cd385019b78d2	RX_REQ_RUN
vm-caps-simdna	wild-codegrammar-json-array-begin	whole-subject	identical	d26396947cdee36273621f3a63582c871165c0de6dc94dd427a622410fbb3edd	d26396947cdee36273621f3a63582c871165c0de6dc94dd427a622410fbb3edd	RX_REQ_RUN
vm-caps-simdna	wild-codegrammar-json-constant	plain	identical	fa553254c1fbc3e272dad8fb33c653cbe464a69e29d1cb040297a4a92ac8b93b	fa553254c1fbc3e272dad8fb33c653cbe464a69e29d1cb040297a4a92ac8b93b	RX_REQ_RUN
vm-caps-simdna	wild-codegrammar-json-constant	whole-subject	identical	b42cc5325026a748256bc060ce5a9c93f004ff9c8b388deb6de75cf612d4eb47	b42cc5325026a748256bc060ce5a9c93f004ff9c8b388deb6de75cf612d4eb47	RX_REQ_RUN
vm-caps-simdna	wild-codegrammar-json-number-extended	plain	identical	6ab2b30414aa23ad1de96977b11df5dd09d6ccff8ae2cd0b2c2f66f749504931	6ab2b30414aa23ad1de96977b11df5dd09d6ccff8ae2cd0b2c2f66f749504931	RX_REQ_RUN
vm-caps-simdna	wild-codegrammar-json-number-extended	whole-subject	identical	c5a6f89e38de921ebdcb6ff7c1877253f312f36361634b5879efe430abe04f7e	c5a6f89e38de921ebdcb6ff7c1877253f312f36361634b5879efe430abe04f7e	RX_REQ_RUN
vm-caps-simdna	wild-codegrammar-json-object-begin	plain	identical	498e4237b4bad9c6ca55d4384a5318616ff5a3bc5177eef4ba5d2c2c59990e0c	498e4237b4bad9c6ca55d4384a5318616ff5a3bc5177eef4ba5d2c2c59990e0c	RX_REQ_RUN
vm-caps-simdna	wild-codegrammar-json-object-begin	whole-subject	identical	ce54fcf6e81d165b61b8582ad7e30b11db83d2d8a92f31a2475c52d6cfa7a732	ce54fcf6e81d165b61b8582ad7e30b11db83d2d8a92f31a2475c52d6cfa7a732	RX_REQ_RUN
vm-caps-simdna	wild-codegrammar-json-stringcontent-escape	plain	identical	be46dbf896c6ab67811a599fc5baeee5765ff8c486ebddba4449835adc70863e	be46dbf896c6ab67811a599fc5baeee5765ff8c486ebddba4449835adc70863e	RX_REQ_RUN
vm-caps-simdna	wild-codegrammar-json-stringcontent-escape	whole-subject	identical	9cbfcc5fd18314c1c219376eff19a66364e6f2e3a453784ae99b600c0f6c8e31	9cbfcc5fd18314c1c219376eff19a66364e6f2e3a453784ae99b600c0f6c8e31	RX_REQ_RUN
vm-caps-simdna	wild-datetime-datefinder-alternation	plain	refused-both	-	-	-
vm-caps-simdna	wild-datetime-datefinder-alternation	whole-subject	refused-both	-	-	-
vm-caps-simdna	wild-datetime-moment-iso8601	plain	identical	5980f9143859ff8a8e951cfd88f4f3d3158b00b43003408bbdd27e99d3d19e90	5980f9143859ff8a8e951cfd88f4f3d3158b00b43003408bbdd27e99d3d19e90	RX_REQ_RUN
vm-caps-simdna	wild-datetime-moment-iso8601	whole-subject	identical	2532165d1d768ba39572de604518ef12d02746106a9b67a7cc100ba2d97afe08	2532165d1d768ba39572de604518ef12d02746106a9b67a7cc100ba2d97afe08	RX_REQ_RUN
vm-caps-simdna	wild-logparse-base10num-grok	plain	identical	8c26ca6c4a82f7757a30bc059cd196ac57655fc951bfd5f2a22279b45ad7b39e	8c26ca6c4a82f7757a30bc059cd196ac57655fc951bfd5f2a22279b45ad7b39e	RX_REQ_RUN
vm-caps-simdna	wild-logparse-base10num-grok	whole-subject	identical	9e74adf8878821888bf70bf741ba5d70c3625dda47ec83fc521c5e1cacfc58fc	9e74adf8878821888bf70bf741ba5d70c3625dda47ec83fc521c5e1cacfc58fc	RX_REQ_RUN
vm-caps-simdna	wild-logparse-base10num-noatomic	plain	identical	66a466af9d64096154295188f229685793b77705b9bed7045a1bc19f7228141a	66a466af9d64096154295188f229685793b77705b9bed7045a1bc19f7228141a	RX_REQ_RUN
vm-caps-simdna	wild-logparse-base10num-noatomic	whole-subject	identical	cbedcae46bfa768a973451522d498a6cb550652917bb8c5da4bb0a5976f3efc8	cbedcae46bfa768a973451522d498a6cb550652917bb8c5da4bb0a5976f3efc8	RX_REQ_RUN
vm-caps-simdna	wild-logparse-quotedstring-grok	plain	identical	1f1d8a165bb6b131f194b11afa24a036d875b9430654c00507ca5a775f51415c	1f1d8a165bb6b131f194b11afa24a036d875b9430654c00507ca5a775f51415c	RX_REQ_RUN
vm-caps-simdna	wild-logparse-quotedstring-grok	whole-subject	identical	00965e0698691ebb0d4f3a1c1dd45cb8c6422513012df04320c6780334079b2b	00965e0698691ebb0d4f3a1c1dd45cb8c6422513012df04320c6780334079b2b	RX_REQ_RUN
vm-caps-simdna	wild-logparse-quotedstring-noatomic	plain	identical	eeaee43affab57f1e795fba89a2d0ad4e76be130dac5f0452036a14d0400a525	eeaee43affab57f1e795fba89a2d0ad4e76be130dac5f0452036a14d0400a525	RX_REQ_RUN
vm-caps-simdna	wild-logparse-quotedstring-noatomic	whole-subject	identical	031f6acbb860f323b5e3093a33574e4f9edfcaef212884b979df47d4ceb45369	031f6acbb860f323b5e3093a33574e4f9edfcaef212884b979df47d4ceb45369	RX_REQ_RUN
vm-caps-simdna	wild-logparse-syslogbase-expanded	plain	identical	d45c0bdc84f06316d74308b29d8fc93b69424e2cd8f3c166e1fdf533fccb6f3f	d45c0bdc84f06316d74308b29d8fc93b69424e2cd8f3c166e1fdf533fccb6f3f	RX_REQ_RUN
vm-caps-simdna	wild-logparse-syslogbase-expanded	whole-subject	identical	3dffee55f4860faddf80dcfb88392a060ddf6b2a44ed9696623d9fb290e4e463	3dffee55f4860faddf80dcfb88392a060ddf6b2a44ed9696623d9fb290e4e463	RX_REQ_RUN
vm-caps-simdna	wild-logparse-winpath-grok	plain	identical	022c9cced7b37399a5baae8b3f76a22592f17c64bc1b50e0aa068dff83257720	022c9cced7b37399a5baae8b3f76a22592f17c64bc1b50e0aa068dff83257720	RX_REQ_RUN
vm-caps-simdna	wild-logparse-winpath-grok	whole-subject	identical	d5476252499d5bfdc2640468268b38f6612d0e6b0f3745f57a7c9b09b06f809b	d5476252499d5bfdc2640468268b38f6612d0e6b0f3745f57a7c9b09b06f809b	RX_REQ_RUN
vm-caps-simdna	wild-secrets-aws-access-key-id	plain	identical	7511b7b06670c644c3e0e4c5500891012bfa1a82307210e2d633de50d9a4d96a	7511b7b06670c644c3e0e4c5500891012bfa1a82307210e2d633de50d9a4d96a	RX_REQ_RUN
vm-caps-simdna	wild-secrets-aws-access-key-id	whole-subject	identical	e05485231f87350949e2952b79fc859edcd9dc76f78deafe062e5a77db83a668	e05485231f87350949e2952b79fc859edcd9dc76f78deafe062e5a77db83a668	RX_REQ_RUN
vm-caps-simdna	wild-secrets-github-pat	plain	changed	2cf2213031f2d904fafd0c773f48e1d9dd23467ea1b37e6aa826fbc6a32c2542	a9c7d484438e191c4387a6655c3d5a1ccb359953b13080dad0d54ef6435a3fa1	RX_REQ_RUN
vm-caps-simdna	wild-secrets-github-pat	whole-subject	changed	bf45733610eefe9e0661c8bdbc11f44f90b9138331526b15aa9fdc4f622c9a38	da325b523bba5a16a34946b80e21893bf8eecf70d72222201e0eb3e17cf147e0	RX_REQ_RUN
vm-caps-simdna	wild-secrets-slack-webhook-url	plain	changed	fde38175da8c60e09cf20c8be500f5bb47b9e8560e4716ce29a487d1121b974c	acbb44dd53734d1dae61f676ecbf0681476f1af7083b36fea9fd5d3528a22181	RX_REQ_RUN
vm-caps-simdna	wild-secrets-slack-webhook-url	whole-subject	changed	9fe68a5a99973ad98cf1c99939d159b295b93b6a7e33ee7e59d2eab737211b2d	2ed088d37e8e3ce5037c9c70eb0849a5f3bd3aeb270c62cfa642db2bfd819677	RX_REQ_RUN
vm-caps-simdna	wild-secrets-username-password-pair	plain	identical	28fdba5b321ff3dcf36a4d9b6d00dbd42667c592893713fa8d242ac6c742224a	28fdba5b321ff3dcf36a4d9b6d00dbd42667c592893713fa8d242ac6c742224a	RX_REQ_RUN
vm-caps-simdna	wild-secrets-username-password-pair	whole-subject	identical	91de2ee219f6a45285bfa8a30aa3eac5c6bb88d4151558a49bcd830ee69e88bd	91de2ee219f6a45285bfa8a30aa3eac5c6bb88d4151558a49bcd830ee69e88bd	RX_REQ_RUN
vm-caps-simdna	wild-semdiv-altorder-foo-foobar-rustregex	plain	changed	eecb0e7f838f6586d7ec1302c3d0ac75dadc1989e8f28547800bbc867797992f	8a12b6a4ec05fba0d9f99ff1d92b5cda824ecf29fb0ac27380c5f521738cd1d9	RX_REQ_RUN
vm-caps-simdna	wild-semdiv-altorder-foo-foobar-rustregex	whole-subject	changed	815db2230901a23397f606a32f54887a760f12117e786948506f05ccd5be9f05	391b6695b1c5fa38d53d7fef63d000f43dcf7cecfe585fa698485c8e2729ccbe	RX_REQ_RUN
vm-caps-simdna	wild-semdiv-dollar-trailing-newline-pcre2	plain	changed	a0b02b396175c9e9a1ab6190ccd61516c1eca6b152ddb7a571f04e169a0aa3cf	a7b6edac8d48e1d4a600528db1611a8dea9617fbab6d089eaa19b17c7b542b44	RX_REQ_RUN
vm-caps-simdna	wild-semdiv-dollar-trailing-newline-pcre2	whole-subject	changed	cea65e577449e8ea4108f1e216d4294d9faa9c9ea9817ff24875d57618d6a7f9	61574e8820c028aa3049ff055b1084773e9bf3a8ce3437b5ab4c12885eaff1a1	RX_REQ_RUN
vm-caps-simdna	wild-semdiv-empty-alt-repeat-pcre2	plain	identical	aa44e33fe1a44560208a6db2317a1a22e28c21b08c555f93d33eea8207dce77d	aa44e33fe1a44560208a6db2317a1a22e28c21b08c555f93d33eea8207dce77d	RX_REQ_RUN
vm-caps-simdna	wild-semdiv-empty-alt-repeat-pcre2	whole-subject	identical	3e52789c55c566ce42cb6e681c7832109c3a95531bdc28869936edbc71c32086	3e52789c55c566ce42cb6e681c7832109c3a95531bdc28869936edbc71c32086	RX_REQ_RUN
vm-caps-simdna	wild-validator-email-owasp	plain	changed	3128109643519ee7a6be5cfebcf94b9fd7705ddfdc846593249ab1b5c36f74fc	3c3223cd9de00c1840fd36bfcf548413fc8b6131f66bc6c2bc3c38476fa11bf2	RX_REQ_RUN
vm-caps-simdna	wild-validator-email-owasp	whole-subject	changed	5bf5ed000faba9b0276e125dce0c9768ace7885324cd3ca23f8fa5750c732c97	2764a3e098488f3bd06132b24fed5340082ec8fea6173659c7b2dbebf7eaca7a	RX_REQ_RUN
vm-caps-simdna	wild-validator-ipv4-owasp	plain	identical	3a7889b675d2a21bf9d49fffaffdb066be1f76476364bba6197ae3bef48282bf	3a7889b675d2a21bf9d49fffaffdb066be1f76476364bba6197ae3bef48282bf	RX_REQ_RUN
vm-caps-simdna	wild-validator-ipv4-owasp	whole-subject	identical	715a07eee1a70c4aae14155f0d8964737b8f6c15010702f456ea5769d8289a37	715a07eee1a70c4aae14155f0d8964737b8f6c15010702f456ea5769d8289a37	RX_REQ_RUN
vm-caps-simdna	wild-validator-us-zip-owasp	plain	identical	9f335588645829f6ec3453db398f04f5d362526bede4100f787dd76a037e676a	9f335588645829f6ec3453db398f04f5d362526bede4100f787dd76a037e676a	RX_REQ_RUN
vm-caps-simdna	wild-validator-us-zip-owasp	whole-subject	identical	f63e2b22fc77eab028298f6d7bb2b880ab4936192208df397cf3735e81f95b9c	f63e2b22fc77eab028298f6d7bb2b880ab4936192208df397cf3735e81f95b9c	RX_REQ_RUN
vm-caps-simdna	wild-validator-uuid-grok	plain	identical	4afb781adbc003d765c253bcbb297e5901692e75087c531d968af5a825251db6	4afb781adbc003d765c253bcbb297e5901692e75087c531d968af5a825251db6	RX_REQ_RUN
vm-caps-simdna	wild-validator-uuid-grok	whole-subject	identical	59c288aee78b413bc270e7468f18fc255fe54774d599ae91ed936f4303ff2d4e	59c288aee78b413bc270e7468f18fc255fe54774d599ae91ed936f4303ff2d4e	RX_REQ_RUN
vm-caps-simdna	wild-waf-crs-942140-dbnames	plain	identical	0b8587fa271472c59e1a4e826e31c4c259aaeed3dcc66d40ff8acfbf7b4998b2	0b8587fa271472c59e1a4e826e31c4c259aaeed3dcc66d40ff8acfbf7b4998b2	RX_REQ_RUN
vm-caps-simdna	wild-waf-crs-942140-dbnames	whole-subject	identical	be49ad6a9c19025640163d75b031e018d62c778f9b8c558f3925d68ab57ee20f	be49ad6a9c19025640163d75b031e018d62c778f9b8c558f3925d68ab57ee20f	RX_REQ_RUN
vm-caps-simdna	wild-waf-crs-942160-sleep-benchmark	plain	identical	c3e10de440520a573814747ccb02fcb77cfe49b35c885889476ee2708f6b347c	c3e10de440520a573814747ccb02fcb77cfe49b35c885889476ee2708f6b347c	RX_REQ_RUN
vm-caps-simdna	wild-waf-crs-942160-sleep-benchmark	whole-subject	identical	dc7678d33342af98b671bcc3269276f5ee04db7c4607d33c77d9bb3a49af4051	dc7678d33342af98b671bcc3269276f5ee04db7c4607d33c77d9bb3a49af4051	RX_REQ_RUN
vm-caps-simdna	wild-waf-crs-942270-union-select	plain	identical	37a34ee8f3170fc82fe673c8eaba73c1a74e2719b3ef6c104757809914593c6c	37a34ee8f3170fc82fe673c8eaba73c1a74e2719b3ef6c104757809914593c6c	RX_REQ_RUN
vm-caps-simdna	wild-waf-crs-942270-union-select	whole-subject	identical	a4294b86d447ab3ddab59312de1b4a38f0094716f7f12c834f2ed8039f83fc18	a4294b86d447ab3ddab59312de1b4a38f0094716f7f12c834f2ed8039f83fc18	RX_REQ_RUN
vm-caps-simdna	wild-waf-crs-942360-concat-sqli	plain	identical	2715afd890c7f314f7af687140b2b8b45e69e05ffcdbd23279934cd0018e4faf	2715afd890c7f314f7af687140b2b8b45e69e05ffcdbd23279934cd0018e4faf	RX_REQ_RUN
vm-caps-simdna	wild-waf-crs-942360-concat-sqli	whole-subject	identical	3c64e7ed7ffec1ae98a86b655b8d7d7e89506809dcd1d8fa4db73580dd56c3bf	3c64e7ed7ffec1ae98a86b655b8d7d7e89506809dcd1d8fa4db73580dd56c3bf	RX_REQ_RUN
vm-caps-simdna	wild-waf-crs-942500-comment-obfuscation	plain	changed	a530a5433f663d5e4acd871f47ead92466b9c8e811a43cfe0fcd83766dbf4fa2	18a3836cc94e30224ef086dffeb2dd58e2cfe84320209dbd8f634eabf86239b6	RX_REQ_RUN
vm-caps-simdna	wild-waf-crs-942500-comment-obfuscation	whole-subject	changed	5b76ae963253ca8340fbc017ef497b7fc30c6a32ccb255c400d4698f0f3575ae	5dce2489d190c57ceec5292a4b5a48290ee9bc3733257efd1637a84777790aaa	RX_REQ_RUN
vm-caps-simdna	winpath-near-miss	plain	changed	2717a6f15fadb45c10fe325c0cc496afd6099131f32236ab59b99f5211641d29	6f2596846072fb5099509432fc590d581c6262255b01228565a35ca5e3ca38d1	RX_REQ_RUN
vm-caps-simdna	winpath-near-miss	whole-subject	changed	0c8a1ab4fa735a40b04edd760a91057c30fdb8736c06b5d43c530d62a16cd0c4	0db9b82952199704151047d9afbf512e8bdb362a3d941c92a9327344a02aa552	RX_REQ_RUN
vm-in-caps-simdna	balanced-parens-rec	plain	identical	738954a65305564cf3f0131b0944cb8d4430baf95a198a9ce41ec304fc69033a	738954a65305564cf3f0131b0944cb8d4430baf95a198a9ce41ec304fc69033a	RX_REQ_RUN
vm-in-caps-simdna	balanced-parens-rec	whole-subject	identical	c958b03e25d05f6a6b53bf863f65824335d5f07f4984961704ca95409c0bd284	c958b03e25d05f6a6b53bf863f65824335d5f07f4984961704ca95409c0bd284	RX_REQ_RUN
vm-in-caps-simdna	base10num-near-miss	plain	identical	3caefcfc92a4393cdd7d599e992f9a5387d72221e26de789b79f34bccda710a0	3caefcfc92a4393cdd7d599e992f9a5387d72221e26de789b79f34bccda710a0	RX_REQ_RUN
vm-in-caps-simdna	base10num-near-miss	whole-subject	identical	8b9238882b1a443d8187e2daa4feb3602e2d2ee90b59abe1055c2e3d74039bbb	8b9238882b1a443d8187e2daa4feb3602e2d2ee90b59abe1055c2e3d74039bbb	RX_REQ_RUN
vm-in-caps-simdna	bracket-array-define	plain	identical	5fac202eb69f599f5d850d90100c44668d3651c772e305a616d20dfa662e2da1	5fac202eb69f599f5d850d90100c44668d3651c772e305a616d20dfa662e2da1	RX_REQ_RUN
vm-in-caps-simdna	bracket-array-define	whole-subject	identical	702d8a8550b8f0978bd27b0d1494568f9f3aabb46f909f9002a466c93f4a4554	702d8a8550b8f0978bd27b0d1494568f9f3aabb46f909f9002a466c93f4a4554	RX_REQ_RUN
vm-in-caps-simdna	codegrammar-flat	plain	changed	739560800e6f1709913ce8e4a37bba03b40dc5a0ab331c22bb7e66e968bb92ef	ed4479f592765fad4a5576d986741f6317d2415bb40452e15ba65713bc4edeb5	RX_REQ_RUN
vm-in-caps-simdna	codegrammar-flat	whole-subject	changed	6ac0dc80c8d13213dc6e922cbf4d06f09c5dd957a0be606c94e608c6f1420d37	2865b608718c682af9f141254a2375bf21806f68f999f47e5921f05b19e6352e	RX_REQ_RUN
vm-in-caps-simdna	codegrammar-xflag	plain	changed	466aca94cab5924be1684fcea4ec54ea229a179603f5ad599e231ab1c393abb7	351bf8a9c79de7d42494bd30d7389a834466a0133c706efcc568bb0220600a87	RX_REQ_RUN
vm-in-caps-simdna	codegrammar-xflag	whole-subject	changed	2515ec0767b8296f1fe500fc9bf84bdc8106d74590f75fe425ba9fd28eaa1476	a8357accb84ed63f1370eee03ff1e38bf074fc7f844b9e5ac20a07a20c9f3717	RX_REQ_RUN
vm-in-caps-simdna	currency-lookbehind-fixed	plain	identical	078d3aa57b3c29b0fcbdf94f300b3f927cf6aa0d3dce1d609939ff224aa580c4	078d3aa57b3c29b0fcbdf94f300b3f927cf6aa0d3dce1d609939ff224aa580c4	RX_REQ_RUN
vm-in-caps-simdna	currency-lookbehind-fixed	whole-subject	identical	cc155b2ee6f8d392fed93530c0c084a1983ba80c4e55aebee33636b433ce05ca	cc155b2ee6f8d392fed93530c0c084a1983ba80c4e55aebee33636b433ce05ca	RX_REQ_RUN
vm-in-caps-simdna	date-nested-plus	plain	identical	a80394d32c6ec1f12e4c218d1ccd855bdb2cad95a4d5664c7c7379b3e6986283	a80394d32c6ec1f12e4c218d1ccd855bdb2cad95a4d5664c7c7379b3e6986283	RX_REQ_RUN
vm-in-caps-simdna	date-nested-plus	whole-subject	identical	2df14c6bc58f191c4a5e96ec3d82ca86c35cd9930aac02fd67e4a86fd4a0734f	2df14c6bc58f191c4a5e96ec3d82ca86c35cd9930aac02fd67e4a86fd4a0734f	RX_REQ_RUN
vm-in-caps-simdna	doubled-word	plain	identical	5ab54d7383b3a547f5535dea264de8209223ebffb019ebc4f6e9da4d877dcb02	5ab54d7383b3a547f5535dea264de8209223ebffb019ebc4f6e9da4d877dcb02	RX_REQ_RUN
vm-in-caps-simdna	doubled-word	whole-subject	identical	781a4418cca969a6db25450a1817b069ecd1e880eded2d2fcdc4010dc10b22be	781a4418cca969a6db25450a1817b069ecd1e880eded2d2fcdc4010dc10b22be	RX_REQ_RUN
vm-in-caps-simdna	dup-param-detect	plain	changed	5693ea79d0cbb6cc5f3d95556edcfc717cb056a88112043b71a646572aa127ee	c494b4478184881079e8d04e1db09f3ae990b79b3634e72f9fed2aad419e43eb	RX_REQ_RUN
vm-in-caps-simdna	dup-param-detect	whole-subject	changed	f52fa019066eed78c983a3cb1ae96dfa61c450c59238b831235bd5be45e99e47	cfd5c418dd5ca997c4afa753060cb96be56c74ee85c0e5fc1df5b00f7a8fe095	RX_REQ_RUN
vm-in-caps-simdna	email-local-nodup	plain	identical	69e1701291b47595ca0afcd92f1f38b33c2b45fc8f11e4153ba32243e60f405f	69e1701291b47595ca0afcd92f1f38b33c2b45fc8f11e4153ba32243e60f405f	RX_REQ_RUN
vm-in-caps-simdna	email-local-nodup	whole-subject	identical	b2ffb850b2499ca90a73c39decf645ce55881e2884c4969363a827b00ef2cec8	b2ffb850b2499ca90a73c39decf645ce55881e2884c4969363a827b00ef2cec8	RX_REQ_RUN
vm-in-caps-simdna	email-nested-plus	plain	identical	94cb9a62ae7dcd750bf7af9e9a55a13702b3a6773bb403da3852a88db00e9695	94cb9a62ae7dcd750bf7af9e9a55a13702b3a6773bb403da3852a88db00e9695	RX_REQ_RUN
vm-in-caps-simdna	email-nested-plus	whole-subject	identical	9ef62791fb78daf13def506d230de38f7ffa7757f399807e74cb2166780f915a	9ef62791fb78daf13def506d230de38f7ffa7757f399807e74cb2166780f915a	RX_REQ_RUN
vm-in-caps-simdna	evil-alt-nested	plain	identical	2b8800d07b6cbef5907ee1b480dd354438108651079a666ca27dedcb84a61e04	2b8800d07b6cbef5907ee1b480dd354438108651079a666ca27dedcb84a61e04	RX_REQ_RUN
vm-in-caps-simdna	evil-alt-nested	whole-subject	identical	a36aa6a1375cbfcd5caee0795271be811749c63869b1473a2742ba5122215717	a36aa6a1375cbfcd5caee0795271be811749c63869b1473a2742ba5122215717	RX_REQ_RUN
vm-in-caps-simdna	file-ext-order	plain	changed	af9ca0a35b57bae6095e47bf79ee7e553bf3153c94a4e1948cfb6966d86d92fa	f2551597ac753113f803ef0b00ab999e8bd732c851ac7fb38863ac2e9ae608dd	RX_REQ_RUN
vm-in-caps-simdna	file-ext-order	whole-subject	changed	989fc5e7a71d2854af59d3ba3ff5d41c66cc889770370452cc1340ee90cc8aab	713750ed2a2785c1e750d3cc49c63c724877f3ed7a11e2fde31f48265d4651ce	RX_REQ_RUN
vm-in-caps-simdna	float-literal-bound	plain	identical	65b7162fef3deb12fd80e429b8e7b71a45bb8343d8599c9b71ce7d649337a2cb	65b7162fef3deb12fd80e429b8e7b71a45bb8343d8599c9b71ce7d649337a2cb	RX_REQ_RUN
vm-in-caps-simdna	float-literal-bound	whole-subject	identical	2385e6c2bd8675b1b6d9ee0691bb712bc8099749d8620df69434fc7ed154900e	2385e6c2bd8675b1b6d9ee0691bb712bc8099749d8620df69434fc7ed154900e	RX_REQ_RUN
vm-in-caps-simdna	floor-byte	plain	identical	bc8803a8cb7dacbe75e4c3815a65da2f48ab0ed14818475c2501c12a430bab72	bc8803a8cb7dacbe75e4c3815a65da2f48ab0ed14818475c2501c12a430bab72	RX_REQ_RUN
vm-in-caps-simdna	floor-byte	whole-subject	identical	6134035a30acbe7736b321ec6d78e5ca7544e36ea7d9f1722bf891b7617db9bc	6134035a30acbe7736b321ec6d78e5ca7544e36ea7d9f1722bf891b7617db9bc	RX_REQ_RUN
vm-in-caps-simdna	high-byte-run	plain	identical	157c729b8bb2074fbf07e5d3a343ed35b59b44bc496669bc6b8833bb17ee4e41	157c729b8bb2074fbf07e5d3a343ed35b59b44bc496669bc6b8833bb17ee4e41	RX_REQ_RUN
vm-in-caps-simdna	high-byte-run	whole-subject	identical	d1315d01f4a51d18599ace16cd293d13058f5f0925c8fb194785558dba3c9b59	d1315d01f4a51d18599ace16cd293d13058f5f0925c8fb194785558dba3c9b59	RX_REQ_RUN
vm-in-caps-simdna	ipv4-near-miss	plain	identical	4b62d73c9a27f63bf274f4eda84d680b32ca36ec26e0be6a94a50ded777ca63c	4b62d73c9a27f63bf274f4eda84d680b32ca36ec26e0be6a94a50ded777ca63c	RX_REQ_RUN
vm-in-caps-simdna	ipv4-near-miss	whole-subject	identical	807b6e7ab868d722e9f3312ce705a046aeceb79d5b4caa382cea78672db50a90	807b6e7ab868d722e9f3312ce705a046aeceb79d5b4caa382cea78672db50a90	RX_REQ_RUN
vm-in-caps-simdna	keyword-prefix-order	plain	changed	34d32e0d2747b2e6edc4f352abea162182e3fe99eff4e0608c9b6efa739cb0a3	5f8365a6a6d6cad51ce8d44df4c56fec23ea42214a64a22c75498e7732fceaeb	RX_REQ_RUN
vm-in-caps-simdna	keyword-prefix-order	whole-subject	changed	b394b420f8fed42efead856f30c1dcaf853866d1c1a622a844f8a2d097a1c836	21d24a2ff8fe5fbceab5f6da0ad0a6a59dd401f7d6813f9622a5a7dc9f8db39d	RX_REQ_RUN
vm-in-caps-simdna	logparse-atomic	plain	changed	589dcaaee7fbae82ee5ee75d319911f839c62741b264a5a717ff242622ea8185	31996a025ddd4246b2a9eb9c00827708a74ff92c954b2974971af9d57cde216b	RX_REQ_RUN
vm-in-caps-simdna	logparse-atomic	whole-subject	changed	82754089c7b4688ddaf5b0da22ffbbcb460a5318d2aad07a6c07281cb77dce2d	18ef942af1465ff85c0a243f1a60285ee3ca3c8540bd9274f02ab054f12921f5	RX_REQ_RUN
vm-in-caps-simdna	logparse-atomic-removed	plain	changed	9b15992415240c48a583e1f19493e0d04422b7ca4890eb266c93242cba5ca816	bad5e066b659a17094a4f5688e82208d3685d8875cb84b3dceca56adb8a2295f	RX_REQ_RUN
vm-in-caps-simdna	logparse-atomic-removed	whole-subject	changed	8a0b229501e0c7992277169263858a9b2b3e2a56ae12ed5d75747f7e199687f0	a4b86f8fc5e2319b9f3e015e753846b5abdc35c1cfec2abd20bba7d899d289dd	RX_REQ_RUN
vm-in-caps-simdna	mojibake-curly-quote	plain	identical	09e8a294eb01046c2cf22abc66bc92be1768558167e15f8668b9059970c98f1c	09e8a294eb01046c2cf22abc66bc92be1768558167e15f8668b9059970c98f1c	RX_REQ_RUN
vm-in-caps-simdna	mojibake-curly-quote	whole-subject	identical	9890fb0f37a35a4baf7ff761b30b16ac04d611070bfb91f385a2892bb2fd933e	9890fb0f37a35a4baf7ff761b30b16ac04d611070bfb91f385a2892bb2fd933e	RX_REQ_RUN
vm-in-caps-simdna	negation-scope-lookbehind-var	plain	refused-both	-	-	-
vm-in-caps-simdna	negation-scope-lookbehind-var	whole-subject	refused-both	-	-	-
vm-in-caps-simdna	nested-comment-rec	plain	changed	20e21c8c0e83a60c50f17bb2bd31961e83cf99cf6fc9069a6b8932a648c77e88	826780a15ef8aa35eb03b1fcc651c4afd3dfdaee24e4dc746dcbc4314ac1870a	RX_REQ_RUN
vm-in-caps-simdna	nested-comment-rec	whole-subject	changed	9c335e59e2b8556707d31ba0b2a4f12b2152f8b5489eb852fcfc017e0ebdaf36	71be07fc8b82bab7917de85147945338b1f8fd49d03ef8656a3349e7c5c308c7	RX_REQ_RUN
vm-in-caps-simdna	numeric-id-nested-plus	plain	identical	180660d59a7100634e69a88c16c8577cc5f4108c0b2d3ac8385a6d30c39438cd	180660d59a7100634e69a88c16c8577cc5f4108c0b2d3ac8385a6d30c39438cd	RX_REQ_RUN
vm-in-caps-simdna	numeric-id-nested-plus	whole-subject	identical	92c4ab6c63e7ca43d6e82907ae2107f92c6f6faf24b943778371e2b0eb96bc18	92c4ab6c63e7ca43d6e82907ae2107f92c6f6faf24b943778371e2b0eb96bc18	RX_REQ_RUN
vm-in-caps-simdna	phone-list-nested-plus	plain	identical	9acea7f3123c84d5bbcb3b7ef1ed61058a3b3d711f3b3a66b52b90abe21ef0d0	9acea7f3123c84d5bbcb3b7ef1ed61058a3b3d711f3b3a66b52b90abe21ef0d0	RX_REQ_RUN
vm-in-caps-simdna	phone-list-nested-plus	whole-subject	identical	fe239a29ab8b333e4fe7b19e331d223d6ca1c456b04c9d0b4f96cf9b9cf8d6a9	fe239a29ab8b333e4fe7b19e331d223d6ca1c456b04c9d0b4f96cf9b9cf8d6a9	RX_REQ_RUN
vm-in-caps-simdna	phone-palindrome-6	plain	identical	b5d66321291574737cb7a1d349e00723a0bdbd6e7fb1a53c6af5fe90cea5b973	b5d66321291574737cb7a1d349e00723a0bdbd6e7fb1a53c6af5fe90cea5b973	RX_REQ_RUN
vm-in-caps-simdna	phone-palindrome-6	whole-subject	identical	8d88d5a3a977c61de93036fd72a7b493e1fc7f369d7e0e69482a45e4d97f13dc	8d88d5a3a977c61de93036fd72a7b493e1fc7f369d7e0e69482a45e4d97f13dc	RX_REQ_RUN
vm-in-caps-simdna	pwd-strength-chain	plain	identical	45213bb603fb997f322cd755f0489d933e1cdb37835df54cf50045006e32f1e4	45213bb603fb997f322cd755f0489d933e1cdb37835df54cf50045006e32f1e4	RX_REQ_RUN
vm-in-caps-simdna	pwd-strength-chain	whole-subject	identical	77cd21eb7ed2c9ba23bb9a6e3c93d6b56e733fc7995490319e8621941d3f51c1	77cd21eb7ed2c9ba23bb9a6e3c93d6b56e733fc7995490319e8621941d3f51c1	RX_REQ_RUN
vm-in-caps-simdna	quoted-delim-match	plain	identical	6ebe03ad5c0764ae9d32d5a0fb5a2bac017c96a1184a8aa65f3118f11e0d8e1d	6ebe03ad5c0764ae9d32d5a0fb5a2bac017c96a1184a8aa65f3118f11e0d8e1d	RX_REQ_RUN
vm-in-caps-simdna	quoted-delim-match	whole-subject	identical	faa33e7d9bbc84ef7be73901f2d951e15b4d4321b6ceec040d3ff8f3bce99cc8	faa33e7d9bbc84ef7be73901f2d951e15b4d4321b6ceec040d3ff8f3bce99cc8	RX_REQ_RUN
vm-in-caps-simdna	router-prefix-order	plain	changed	a8b6f6895d25c286ff71a52700dcb962fe591450cf153a583a613c57190ab7b8	5600e5fcb5cefc4ada13db03176948dc7d0a6e03d8fd85265d633b0174f13dc0	RX_REQ_RUN
vm-in-caps-simdna	router-prefix-order	whole-subject	changed	6b2f2030a5538b13a1fbdc2e44ae048cff03662020d5a2df5568e1a1a970d3db	76c12fa2af11f9c9006a32edea46f5666352bcfe5bf757e3fbbc1ca686485a02	RX_REQ_RUN
vm-in-caps-simdna	tag-depth3-bound	plain	changed	cc8541fe763606c769971763112a32bc26678fe73b1340bbb6262d5beba19193	68cdeef7f82f5f97c27c811131f7081b8ebc18a5dc4e2849a5cd0e929c8a6003	RX_REQ_RUN
vm-in-caps-simdna	tag-depth3-bound	whole-subject	changed	d0cda3b1cf875c83b29e21ed71eec6ceb9cffd17287cb9799ea050bc2829f8f1	ad1f7088fe6b1840f6220ff733881a8162520a540bd1479d9b9081b855babd2a	RX_REQ_RUN
vm-in-caps-simdna	tag-pair-match	plain	changed	4633a32a6a45094d07688c64e3d19b951af96e8cb40698db91012bbbab87acaf	e209f28ec54ae0248fb465a6a207a998a05d54f985153730eb4b2697da9a7a84	RX_REQ_RUN
vm-in-caps-simdna	tag-pair-match	whole-subject	changed	89e7903f4202e3ca5935b4220030e03e7ad99fe5784c5cbadd4866f17c6f3180	218433fb0f6bcff2247718b4bff6a6b5fb10cba13f0a57b3501b882a5047548a	RX_REQ_RUN
vm-in-caps-simdna	trim-nested-star	plain	identical	709e16cce010c19bf850605abcfa855e7c01e4b8c6f0caec1407c9277a981c0d	709e16cce010c19bf850605abcfa855e7c01e4b8c6f0caec1407c9277a981c0d	RX_REQ_RUN
vm-in-caps-simdna	trim-nested-star	whole-subject	identical	dad7d2d48d956f5a98864cbe2582b398949c944037e218894935a62cbbeeb74c	dad7d2d48d956f5a98864cbe2582b398949c944037e218894935a62cbbeeb74c	RX_REQ_RUN
vm-in-caps-simdna	utf8-lead-no-cont	plain	identical	695f0302f83a56126c28ad82efa75c5b206effac51e920753280ee151dfbe8f8	695f0302f83a56126c28ad82efa75c5b206effac51e920753280ee151dfbe8f8	RX_REQ_RUN
vm-in-caps-simdna	utf8-lead-no-cont	whole-subject	identical	a7240e553e2685628f3a96ec9170bb61893c05397cd18092fc1699b54fc9d6e5	a7240e553e2685628f3a96ec9170bb61893c05397cd18092fc1699b54fc9d6e5	RX_REQ_RUN
vm-in-caps-simdna	uuid-near-miss	plain	identical	f679f4b6f97110bdd35558a02003189cf4062e9b62d00d6802ff2e0aadc31ff1	f679f4b6f97110bdd35558a02003189cf4062e9b62d00d6802ff2e0aadc31ff1	RX_REQ_RUN
vm-in-caps-simdna	uuid-near-miss	whole-subject	identical	1dfe2de91d5445e6cb3b65c9cb982eaa28efed0e4621fb2354983a72f23c129c	1dfe2de91d5445e6cb3b65c9cb982eaa28efed0e4621fb2354983a72f23c129c	RX_REQ_RUN
vm-in-caps-simdna	wild-codegrammar-json-array-begin	plain	identical	3d04bafc437705ab4f1f564226d0aeb0d255414a5d2e44402e4cd385019b78d2	3d04bafc437705ab4f1f564226d0aeb0d255414a5d2e44402e4cd385019b78d2	RX_REQ_RUN
vm-in-caps-simdna	wild-codegrammar-json-array-begin	whole-subject	identical	d26396947cdee36273621f3a63582c871165c0de6dc94dd427a622410fbb3edd	d26396947cdee36273621f3a63582c871165c0de6dc94dd427a622410fbb3edd	RX_REQ_RUN
vm-in-caps-simdna	wild-codegrammar-json-constant	plain	identical	fa553254c1fbc3e272dad8fb33c653cbe464a69e29d1cb040297a4a92ac8b93b	fa553254c1fbc3e272dad8fb33c653cbe464a69e29d1cb040297a4a92ac8b93b	RX_REQ_RUN
vm-in-caps-simdna	wild-codegrammar-json-constant	whole-subject	identical	b42cc5325026a748256bc060ce5a9c93f004ff9c8b388deb6de75cf612d4eb47	b42cc5325026a748256bc060ce5a9c93f004ff9c8b388deb6de75cf612d4eb47	RX_REQ_RUN
vm-in-caps-simdna	wild-codegrammar-json-number-extended	plain	identical	6ab2b30414aa23ad1de96977b11df5dd09d6ccff8ae2cd0b2c2f66f749504931	6ab2b30414aa23ad1de96977b11df5dd09d6ccff8ae2cd0b2c2f66f749504931	RX_REQ_RUN
vm-in-caps-simdna	wild-codegrammar-json-number-extended	whole-subject	identical	c5a6f89e38de921ebdcb6ff7c1877253f312f36361634b5879efe430abe04f7e	c5a6f89e38de921ebdcb6ff7c1877253f312f36361634b5879efe430abe04f7e	RX_REQ_RUN
vm-in-caps-simdna	wild-codegrammar-json-object-begin	plain	identical	498e4237b4bad9c6ca55d4384a5318616ff5a3bc5177eef4ba5d2c2c59990e0c	498e4237b4bad9c6ca55d4384a5318616ff5a3bc5177eef4ba5d2c2c59990e0c	RX_REQ_RUN
vm-in-caps-simdna	wild-codegrammar-json-object-begin	whole-subject	identical	ce54fcf6e81d165b61b8582ad7e30b11db83d2d8a92f31a2475c52d6cfa7a732	ce54fcf6e81d165b61b8582ad7e30b11db83d2d8a92f31a2475c52d6cfa7a732	RX_REQ_RUN
vm-in-caps-simdna	wild-codegrammar-json-stringcontent-escape	plain	identical	be46dbf896c6ab67811a599fc5baeee5765ff8c486ebddba4449835adc70863e	be46dbf896c6ab67811a599fc5baeee5765ff8c486ebddba4449835adc70863e	RX_REQ_RUN
vm-in-caps-simdna	wild-codegrammar-json-stringcontent-escape	whole-subject	identical	9cbfcc5fd18314c1c219376eff19a66364e6f2e3a453784ae99b600c0f6c8e31	9cbfcc5fd18314c1c219376eff19a66364e6f2e3a453784ae99b600c0f6c8e31	RX_REQ_RUN
vm-in-caps-simdna	wild-datetime-datefinder-alternation	plain	refused-both	-	-	-
vm-in-caps-simdna	wild-datetime-datefinder-alternation	whole-subject	refused-both	-	-	-
vm-in-caps-simdna	wild-datetime-moment-iso8601	plain	identical	5980f9143859ff8a8e951cfd88f4f3d3158b00b43003408bbdd27e99d3d19e90	5980f9143859ff8a8e951cfd88f4f3d3158b00b43003408bbdd27e99d3d19e90	RX_REQ_RUN
vm-in-caps-simdna	wild-datetime-moment-iso8601	whole-subject	identical	2532165d1d768ba39572de604518ef12d02746106a9b67a7cc100ba2d97afe08	2532165d1d768ba39572de604518ef12d02746106a9b67a7cc100ba2d97afe08	RX_REQ_RUN
vm-in-caps-simdna	wild-logparse-base10num-grok	plain	identical	8c26ca6c4a82f7757a30bc059cd196ac57655fc951bfd5f2a22279b45ad7b39e	8c26ca6c4a82f7757a30bc059cd196ac57655fc951bfd5f2a22279b45ad7b39e	RX_REQ_RUN
vm-in-caps-simdna	wild-logparse-base10num-grok	whole-subject	identical	9e74adf8878821888bf70bf741ba5d70c3625dda47ec83fc521c5e1cacfc58fc	9e74adf8878821888bf70bf741ba5d70c3625dda47ec83fc521c5e1cacfc58fc	RX_REQ_RUN
vm-in-caps-simdna	wild-logparse-base10num-noatomic	plain	identical	66a466af9d64096154295188f229685793b77705b9bed7045a1bc19f7228141a	66a466af9d64096154295188f229685793b77705b9bed7045a1bc19f7228141a	RX_REQ_RUN
vm-in-caps-simdna	wild-logparse-base10num-noatomic	whole-subject	identical	cbedcae46bfa768a973451522d498a6cb550652917bb8c5da4bb0a5976f3efc8	cbedcae46bfa768a973451522d498a6cb550652917bb8c5da4bb0a5976f3efc8	RX_REQ_RUN
vm-in-caps-simdna	wild-logparse-quotedstring-grok	plain	identical	1f1d8a165bb6b131f194b11afa24a036d875b9430654c00507ca5a775f51415c	1f1d8a165bb6b131f194b11afa24a036d875b9430654c00507ca5a775f51415c	RX_REQ_RUN
vm-in-caps-simdna	wild-logparse-quotedstring-grok	whole-subject	identical	00965e0698691ebb0d4f3a1c1dd45cb8c6422513012df04320c6780334079b2b	00965e0698691ebb0d4f3a1c1dd45cb8c6422513012df04320c6780334079b2b	RX_REQ_RUN
vm-in-caps-simdna	wild-logparse-quotedstring-noatomic	plain	identical	eeaee43affab57f1e795fba89a2d0ad4e76be130dac5f0452036a14d0400a525	eeaee43affab57f1e795fba89a2d0ad4e76be130dac5f0452036a14d0400a525	RX_REQ_RUN
vm-in-caps-simdna	wild-logparse-quotedstring-noatomic	whole-subject	identical	031f6acbb860f323b5e3093a33574e4f9edfcaef212884b979df47d4ceb45369	031f6acbb860f323b5e3093a33574e4f9edfcaef212884b979df47d4ceb45369	RX_REQ_RUN
vm-in-caps-simdna	wild-logparse-syslogbase-expanded	plain	identical	d45c0bdc84f06316d74308b29d8fc93b69424e2cd8f3c166e1fdf533fccb6f3f	d45c0bdc84f06316d74308b29d8fc93b69424e2cd8f3c166e1fdf533fccb6f3f	RX_REQ_RUN
vm-in-caps-simdna	wild-logparse-syslogbase-expanded	whole-subject	identical	3dffee55f4860faddf80dcfb88392a060ddf6b2a44ed9696623d9fb290e4e463	3dffee55f4860faddf80dcfb88392a060ddf6b2a44ed9696623d9fb290e4e463	RX_REQ_RUN
vm-in-caps-simdna	wild-logparse-winpath-grok	plain	identical	022c9cced7b37399a5baae8b3f76a22592f17c64bc1b50e0aa068dff83257720	022c9cced7b37399a5baae8b3f76a22592f17c64bc1b50e0aa068dff83257720	RX_REQ_RUN
vm-in-caps-simdna	wild-logparse-winpath-grok	whole-subject	identical	d5476252499d5bfdc2640468268b38f6612d0e6b0f3745f57a7c9b09b06f809b	d5476252499d5bfdc2640468268b38f6612d0e6b0f3745f57a7c9b09b06f809b	RX_REQ_RUN
vm-in-caps-simdna	wild-secrets-aws-access-key-id	plain	identical	7511b7b06670c644c3e0e4c5500891012bfa1a82307210e2d633de50d9a4d96a	7511b7b06670c644c3e0e4c5500891012bfa1a82307210e2d633de50d9a4d96a	RX_REQ_RUN
vm-in-caps-simdna	wild-secrets-aws-access-key-id	whole-subject	identical	e05485231f87350949e2952b79fc859edcd9dc76f78deafe062e5a77db83a668	e05485231f87350949e2952b79fc859edcd9dc76f78deafe062e5a77db83a668	RX_REQ_RUN
vm-in-caps-simdna	wild-secrets-github-pat	plain	changed	2cf2213031f2d904fafd0c773f48e1d9dd23467ea1b37e6aa826fbc6a32c2542	a9c7d484438e191c4387a6655c3d5a1ccb359953b13080dad0d54ef6435a3fa1	RX_REQ_RUN
vm-in-caps-simdna	wild-secrets-github-pat	whole-subject	changed	bf45733610eefe9e0661c8bdbc11f44f90b9138331526b15aa9fdc4f622c9a38	da325b523bba5a16a34946b80e21893bf8eecf70d72222201e0eb3e17cf147e0	RX_REQ_RUN
vm-in-caps-simdna	wild-secrets-slack-webhook-url	plain	changed	fde38175da8c60e09cf20c8be500f5bb47b9e8560e4716ce29a487d1121b974c	acbb44dd53734d1dae61f676ecbf0681476f1af7083b36fea9fd5d3528a22181	RX_REQ_RUN
vm-in-caps-simdna	wild-secrets-slack-webhook-url	whole-subject	changed	9fe68a5a99973ad98cf1c99939d159b295b93b6a7e33ee7e59d2eab737211b2d	2ed088d37e8e3ce5037c9c70eb0849a5f3bd3aeb270c62cfa642db2bfd819677	RX_REQ_RUN
vm-in-caps-simdna	wild-secrets-username-password-pair	plain	identical	28fdba5b321ff3dcf36a4d9b6d00dbd42667c592893713fa8d242ac6c742224a	28fdba5b321ff3dcf36a4d9b6d00dbd42667c592893713fa8d242ac6c742224a	RX_REQ_RUN
vm-in-caps-simdna	wild-secrets-username-password-pair	whole-subject	identical	91de2ee219f6a45285bfa8a30aa3eac5c6bb88d4151558a49bcd830ee69e88bd	91de2ee219f6a45285bfa8a30aa3eac5c6bb88d4151558a49bcd830ee69e88bd	RX_REQ_RUN
vm-in-caps-simdna	wild-semdiv-altorder-foo-foobar-rustregex	plain	changed	eecb0e7f838f6586d7ec1302c3d0ac75dadc1989e8f28547800bbc867797992f	8a12b6a4ec05fba0d9f99ff1d92b5cda824ecf29fb0ac27380c5f521738cd1d9	RX_REQ_RUN
vm-in-caps-simdna	wild-semdiv-altorder-foo-foobar-rustregex	whole-subject	changed	815db2230901a23397f606a32f54887a760f12117e786948506f05ccd5be9f05	391b6695b1c5fa38d53d7fef63d000f43dcf7cecfe585fa698485c8e2729ccbe	RX_REQ_RUN
vm-in-caps-simdna	wild-semdiv-dollar-trailing-newline-pcre2	plain	changed	a0b02b396175c9e9a1ab6190ccd61516c1eca6b152ddb7a571f04e169a0aa3cf	a7b6edac8d48e1d4a600528db1611a8dea9617fbab6d089eaa19b17c7b542b44	RX_REQ_RUN
vm-in-caps-simdna	wild-semdiv-dollar-trailing-newline-pcre2	whole-subject	changed	cea65e577449e8ea4108f1e216d4294d9faa9c9ea9817ff24875d57618d6a7f9	61574e8820c028aa3049ff055b1084773e9bf3a8ce3437b5ab4c12885eaff1a1	RX_REQ_RUN
vm-in-caps-simdna	wild-semdiv-empty-alt-repeat-pcre2	plain	identical	aa44e33fe1a44560208a6db2317a1a22e28c21b08c555f93d33eea8207dce77d	aa44e33fe1a44560208a6db2317a1a22e28c21b08c555f93d33eea8207dce77d	RX_REQ_RUN
vm-in-caps-simdna	wild-semdiv-empty-alt-repeat-pcre2	whole-subject	identical	3e52789c55c566ce42cb6e681c7832109c3a95531bdc28869936edbc71c32086	3e52789c55c566ce42cb6e681c7832109c3a95531bdc28869936edbc71c32086	RX_REQ_RUN
vm-in-caps-simdna	wild-validator-email-owasp	plain	changed	3128109643519ee7a6be5cfebcf94b9fd7705ddfdc846593249ab1b5c36f74fc	3c3223cd9de00c1840fd36bfcf548413fc8b6131f66bc6c2bc3c38476fa11bf2	RX_REQ_RUN
vm-in-caps-simdna	wild-validator-email-owasp	whole-subject	changed	5bf5ed000faba9b0276e125dce0c9768ace7885324cd3ca23f8fa5750c732c97	2764a3e098488f3bd06132b24fed5340082ec8fea6173659c7b2dbebf7eaca7a	RX_REQ_RUN
vm-in-caps-simdna	wild-validator-ipv4-owasp	plain	identical	3a7889b675d2a21bf9d49fffaffdb066be1f76476364bba6197ae3bef48282bf	3a7889b675d2a21bf9d49fffaffdb066be1f76476364bba6197ae3bef48282bf	RX_REQ_RUN
vm-in-caps-simdna	wild-validator-ipv4-owasp	whole-subject	identical	715a07eee1a70c4aae14155f0d8964737b8f6c15010702f456ea5769d8289a37	715a07eee1a70c4aae14155f0d8964737b8f6c15010702f456ea5769d8289a37	RX_REQ_RUN
vm-in-caps-simdna	wild-validator-us-zip-owasp	plain	identical	9f335588645829f6ec3453db398f04f5d362526bede4100f787dd76a037e676a	9f335588645829f6ec3453db398f04f5d362526bede4100f787dd76a037e676a	RX_REQ_RUN
vm-in-caps-simdna	wild-validator-us-zip-owasp	whole-subject	identical	f63e2b22fc77eab028298f6d7bb2b880ab4936192208df397cf3735e81f95b9c	f63e2b22fc77eab028298f6d7bb2b880ab4936192208df397cf3735e81f95b9c	RX_REQ_RUN
vm-in-caps-simdna	wild-validator-uuid-grok	plain	identical	4afb781adbc003d765c253bcbb297e5901692e75087c531d968af5a825251db6	4afb781adbc003d765c253bcbb297e5901692e75087c531d968af5a825251db6	RX_REQ_RUN
vm-in-caps-simdna	wild-validator-uuid-grok	whole-subject	identical	59c288aee78b413bc270e7468f18fc255fe54774d599ae91ed936f4303ff2d4e	59c288aee78b413bc270e7468f18fc255fe54774d599ae91ed936f4303ff2d4e	RX_REQ_RUN
vm-in-caps-simdna	wild-waf-crs-942140-dbnames	plain	identical	0b8587fa271472c59e1a4e826e31c4c259aaeed3dcc66d40ff8acfbf7b4998b2	0b8587fa271472c59e1a4e826e31c4c259aaeed3dcc66d40ff8acfbf7b4998b2	RX_REQ_RUN
vm-in-caps-simdna	wild-waf-crs-942140-dbnames	whole-subject	identical	be49ad6a9c19025640163d75b031e018d62c778f9b8c558f3925d68ab57ee20f	be49ad6a9c19025640163d75b031e018d62c778f9b8c558f3925d68ab57ee20f	RX_REQ_RUN
vm-in-caps-simdna	wild-waf-crs-942160-sleep-benchmark	plain	identical	c3e10de440520a573814747ccb02fcb77cfe49b35c885889476ee2708f6b347c	c3e10de440520a573814747ccb02fcb77cfe49b35c885889476ee2708f6b347c	RX_REQ_RUN
vm-in-caps-simdna	wild-waf-crs-942160-sleep-benchmark	whole-subject	identical	dc7678d33342af98b671bcc3269276f5ee04db7c4607d33c77d9bb3a49af4051	dc7678d33342af98b671bcc3269276f5ee04db7c4607d33c77d9bb3a49af4051	RX_REQ_RUN
vm-in-caps-simdna	wild-waf-crs-942270-union-select	plain	identical	37a34ee8f3170fc82fe673c8eaba73c1a74e2719b3ef6c104757809914593c6c	37a34ee8f3170fc82fe673c8eaba73c1a74e2719b3ef6c104757809914593c6c	RX_REQ_RUN
vm-in-caps-simdna	wild-waf-crs-942270-union-select	whole-subject	identical	a4294b86d447ab3ddab59312de1b4a38f0094716f7f12c834f2ed8039f83fc18	a4294b86d447ab3ddab59312de1b4a38f0094716f7f12c834f2ed8039f83fc18	RX_REQ_RUN
vm-in-caps-simdna	wild-waf-crs-942360-concat-sqli	plain	identical	2715afd890c7f314f7af687140b2b8b45e69e05ffcdbd23279934cd0018e4faf	2715afd890c7f314f7af687140b2b8b45e69e05ffcdbd23279934cd0018e4faf	RX_REQ_RUN
vm-in-caps-simdna	wild-waf-crs-942360-concat-sqli	whole-subject	identical	3c64e7ed7ffec1ae98a86b655b8d7d7e89506809dcd1d8fa4db73580dd56c3bf	3c64e7ed7ffec1ae98a86b655b8d7d7e89506809dcd1d8fa4db73580dd56c3bf	RX_REQ_RUN
vm-in-caps-simdna	wild-waf-crs-942500-comment-obfuscation	plain	changed	a530a5433f663d5e4acd871f47ead92466b9c8e811a43cfe0fcd83766dbf4fa2	18a3836cc94e30224ef086dffeb2dd58e2cfe84320209dbd8f634eabf86239b6	RX_REQ_RUN
vm-in-caps-simdna	wild-waf-crs-942500-comment-obfuscation	whole-subject	changed	5b76ae963253ca8340fbc017ef497b7fc30c6a32ccb255c400d4698f0f3575ae	5dce2489d190c57ceec5292a4b5a48290ee9bc3733257efd1637a84777790aaa	RX_REQ_RUN
vm-in-caps-simdna	winpath-near-miss	plain	changed	2717a6f15fadb45c10fe325c0cc496afd6099131f32236ab59b99f5211641d29	6f2596846072fb5099509432fc590d581c6262255b01228565a35ca5e3ca38d1	RX_REQ_RUN
vm-in-caps-simdna	winpath-near-miss	whole-subject	changed	0c8a1ab4fa735a40b04edd760a91057c30fdb8736c06b5d43c530d62a16cd0c4	0db9b82952199704151047d9afbf512e8bdb362a3d941c92a9327344a02aa552	RX_REQ_RUN
